"","deviance"
"LOC107992807",46805.9530783305
"LOC107992805",52756.0470569275
"LOC107992806",14051.4956681673
"LOC107992868",59669.0241810773
"LOC107992792",41756.7002056747
"LOC107992788",51728.2802476949
"LOC107992790",32129.379258679
"LOC133667054",42703.4795102779
"LOC107992756",99150.5662145228
"LOC133667061",10076.1679696126
"LOC133667059",62421.4598079202
"LOC107992759",7046.51471228653
"LOC107992757",23761.9560655632
"LOC107992724",40049.733119397
"LOC108004355",46875.9501221324
"LOC114576779",3975.87493866311
"LOC107992713",31027.8608986712
"LOC114576852",13825.0484627055
"LOC107992804",92434.4770750031
"LOC107992875",22613.7232254989
"LOC107992715",87034.8970310609
"LOC107992717",69071.0118194391
"LOC133667068",8081.44629679744
"LOC107992716",70982.3020696307
"LOC107992718",29725.7281078321
"LOC133667075",4180.47860757729
"LOC107992719",596.360455561205
"LOC107992711",93725.1894518867
"LOC133667076",10710.1409855394
"LOC107992786",49762.46452275
"LOC133667080",14280.3506447836
"LOC107992753",14884.2983541892
"LOC107992750",56494.9140030254
"LOC114576853",1023.49907040653
"LOC107992749",67441.6108564237
"LOC107992752",61023.4581854162
"LOC107992751",51720.1680340624
"LOC107992815",67774.7003833547
"LOC107992814",56471.8167821458
"LOC114576842",60675.6387114546
"LOC107992710",59458.3008960763
"LOC107992845",50823.170880459
"LOC107992861",68328.4505206531
"LOC107992862",9611.88658087057
"LOC107992782",54363.3485369675
"LOC107992784",20347.4896919982
"LOC108003952",26591.3005659771
"LOC108001131",7703.4972533293
"LOC133665651",1217.08561309012
"LOC107992785",2053.77953308545
"LOC107992867",12787.8192561828
"LOC107992869",4697.71904625226
"LOC133667154",3927.3800960317
"LOC107992818",103823.444433517
"LOC107992801",760.088358184962
"LOC107992802",15347.4616564034
"LOC107992736",5504.2467002833
"LOC107992821",1956.98895249637
"LOC107992819",8466.04201425249
"LOC133667151",2223.70043390238
"LOC107992872",58068.2813282945
"LOC107992731",17860.7367727399
"LOC107992841",47932.714191652
"LOC107992843",28549.7217224062
"LOC107992708",4054.32807162069
"LOC107992824",4866.31125017017
"LOC107992826",14752.8856584729
"LOC107992729",42384.0747760284
"LOC107992825",430.432635832088
"LOC133667167",35665.6202166759
"LOC107992813",33228.1088261548
"LOC107992812",47415.4017723424
"LOC107992726",45653.1848716167
"LOC114578270",179910.503512932
"LOC133667169",12080.472161023
"LOC107992852",11599.8479374597
"LOC107992851",104180.135083115
"LOC114576860",3697.5214014517
"LOC107992810",42576.9007700561
"LOC107992811",13429.5141585227
"LOC107992809",30980.8214161739
"LOC107992866",55497.6463410445
"LOC133667191",1733.60861856518
"LOC107992767",46320.005433928
"LOC107992707",32209.2288538159
"LOC107992766",43096.3393586054
"LOC107992764",45508.3604331875
"LOC107992735",92274.4648838984
"LOC107992857",68896.7471773553
"LOC114576858",2505.18889145207
"LOC107992741",91659.2288632216
"LOC133667204",33590.8043498157
"LOC114576846",7073.41445016314
"LOC114576848",681.603251482125
"LOC133667194",528.331731501573
"LOC107992746",1254.93385673786
"LOC107992743",53210.3885984371
"LOC133667207",639.902003644409
"LOC133667196",3328.28193996362
"LOC133667193",9705.0917402123
"LOC133667195",10254.929654398
"LOC107992742",1816.28564102808
"LOC107992744",520.591955776446
"LOC107992734",34778.5851099236
"LOC107992773",2035.46133480824
"LOC107992775",1233.43180909872
"LOC107992774",58020.9407477991
"LOC133667239",60060.0518683153
"LOC107992828",55889.1199393279
"LOC107992732",7989.79325514863
"LOC107992860",44521.4650377153
"LOC107992859",56269.9388978174
"LOC107992730",75452.9102394418
"LOC107992856",52654.9246427068
"LOC107992720",61281.0437204801
"LOC107992781",44417.5476198878
"LOC107992778",44774.6048705892
"LOC107992780",26733.8886266061
"LOC107992777",30720.7884998212
"LOC107992779",51181.3254624242
"LOC107992776",38328.4637012004
"LOC107992706",3894.4871611526
"LOC133667248",10568.8297919767
"LOC107992874",59258.2684786372
"LOC107992705",78125.9129269938
"LOC107992832",40447.5085952011
"LOC107992831",36398.2009864381
"LOC107992847",53426.0151956849
"LOC107992848",42889.9081290053
"LOC107992846",12947.5343358835
"LOC107992770",99025.368832849
"LOC107992771",37547.4918429832
"LOC107992772",43335.4071262247
"LOC107992768",49713.2556500799
"LOC107992721",47959.3689366186
"LOC107992725",39899.3138739853
"LOC107992728",76488.6061939225
"LOC107992803",63190.7087998744
"LOC107992835",36703.0954062099
"LOC107992833",47464.766178139
"LOC107992763",73100.4671244742
"LOC107992760",129031.867608878
"LOC107992762",3684.77407050163
"LOC114576864",1029.82031655808
"LOC107992704",1294.10301301555
"LOC107992873",42137.5139067916
"LOC114576857",10918.0766982389
"LOC107992858",54293.7287782088
"LOC107992854",35063.7380809734
"LOC107992853",64686.377334728
"LOC107992727",28178.4601642396
"LOC107992703",44237.7367359861
"LOC107992794",46411.1349814078
"LOC107992793",48616.3996112838
"LOC107992795",36750.5207962142
"LOC107992796",80828.923882009
"LOC107992844",52691.5049474399
"LOC107992865",29092.1485470565
"LOC107992864",38417.1379525673
"LOC107992723",67787.3426394495
"LOC107992850",35190.6286461296
"LOC107992836",166905.904394186
"LOC133667286",9560.67733477123
"LOC107992738",5336.06280312904
"LOC107992740",792.816274507252
"LOC133667288",473.029588138431
"LOC107992733",53313.6180797471
"LOC107992839",493681.293144346
"LOC133665649",598.819883962038
"LOC114576850",6690.02378400986
"LOC133667336",13481.2854130958
"LOC133667335",5678.40547876701
"LOC133667337",19131.9792738156
"LOC107994898",33460.2907715079
"LOC107994899",2528.35772915603
"LOC107994900",2201.95934022662
"LOC107994689",1062.15416801635
"LOC107994816",38907.4440496191
"LOC107994820",15460.2202654647
"LOC107994819",107191.887665947
"LOC114577095",4034.13091385496
"LOC107994817",981.710227563918
"LOC133667374",3822.46879524258
"LOC114577094",680.655253224241
"LOC133667371",14421.8781288557
"LOC133667369",52141.3364131266
"LOC107994687",1291.30993285948
"LOC107994757",4287.31331824309
"LOC108003091",42902.2075383718
"LOC108003090",1168.11673636127
"LOC133667378",15778.5192426679
"LOC107994704",17135.6274432549
"LOC107994712",32661.9443902793
"LOC107994778",240852.666708628
"LOC133667394",11227.4180522426
"LOC107994780",2931.49031166829
"LOC107994779",8994.63202143719
"LOC114577097",1375.37124399153
"LOC133667396",1241.17550523915
"LOC133667393",17034.0469487866
"LOC107994685",495.407666654144
"LOC107994951",126274.13896534
"LOC133666455",307.264616598632
"LOC133666440",12832.3030242178
"LOC114577130",15443.6351837734
"LOC133666442",18433.3467114098
"LOC133666462",1144.16886893562
"LOC107994906",3240.69501570016
"LOC133666461",9536.81233522963
"LOC114577132",4893.86312139796
"LOC107994904",3255.59052102723
"LOC133666445",1006.46651396613
"LOC114577129",5459.41359777522
"LOC114577133",7260.41950934585
"LOC133666443",4260.32033707031
"LOC133666449",11064.6145508338
"LOC133666459",685.023256984085
"LOC107994753",2251.07740700497
"LOC133666446",1369.73856057126
"LOC107994716",63845.4879860568
"LOC107994965",60156.0711424099
"LOC133666490",14654.8352059124
"LOC107994996",47687.3860193008
"LOC107994997",19381.9258519628
"LOC107994711",55954.2897130388
"LOC107994990",18294.7325908594
"LOC107994991",21586.7520071926
"LOC107994839",62758.094561313
"LOC107994840",13293.7789918797
"LOC133666488",57771.9076242847
"LOC107994842",2170.80172230322
"LOC107994718",51838.7954676757
"LOC107994721",56772.0056273302
"LOC107994739",51708.4324940848
"LOC107994682",37414.1474879502
"LOC107994681",16907.6354044844
"LOC107994693",42790.654826441
"LOC107994695",59119.2939177941
"LOC107994968",48898.8488056401
"LOC107994738",435.659326513187
"LOC107994698",49646.5164432647
"LOC107994697",31062.7923601946
"LOC107994694",29845.0947514887
"LOC107994700",13691.9194357167
"LOC107995008",50344.3779027077
"LOC107995007",45374.5899233093
"LOC107994709",62087.6971336827
"LOC107994777",37445.43185042
"LOC107994776",53743.7191212666
"LOC107994774",49333.6200417681
"LOC107994771",53505.1285421794
"LOC107994773",43126.2813193944
"LOC107994772",53522.7935675272
"LOC107994770",37794.3038769844
"LOC107994769",45570.4854778983
"LOC107994768",57412.8884545502
"LOC107994680",47934.0180836596
"LOC107994764",42158.140563922
"LOC107994763",58845.711633768
"LOC107994765",52891.6711825765
"LOC133666527",362.195784872203
"LOC133666526",3474.81920352267
"LOC107994761",41239.8578308451
"LOC107994766",3409.41040265199
"LOC107994977",29599.1360810397
"LOC107994975",41562.3913659719
"LOC107994976",29268.6454256339
"LOC107994719",51139.5717324959
"LOC107993083",40177.1513390017
"LOC107994760",1598.32482534842
"LOC133666438",889.850741340601
"LOC107994742",39335.1135437241
"LOC107994713",55733.0298887386
"LOC114577116",319.155303346656
"LOC107994751",1972.68747525654
"LOC107994942",44463.5682827915
"LOC107994941",42090.2989236534
"LOC107994971",17998.4117917112
"LOC107994970",3713.38595876406
"LOC133666550",760.09666465329
"LOC107994746",320.997719062913
"LOC107994677",39200.8875252854
"LOC133666554",6310.19182412065
"LOC107994983",16592.0406864217
"LOC107994699",32747.8651656014
"LOC107994914",20297.6896749208
"LOC107994913",33931.288973991
"LOC107994912",1670.37644605246
"LOC107994676",4422.55808205519
"LOC107994723",7202.57647936761
"LOC107994744",52073.715064762
"LOC107994995",23439.0556722818
"LOC107994969",57293.4065054939
"LOC107994691",31947.5072215439
"LOC107994675",86783.017305101
"LOC107994815",532.667627816003
"LOC133666593",4782.86032146026
"LOC107994813",5646.16474053914
"LOC133666592",765.019360778221
"LOC114577112",4219.18689347327
"LOC107994808",3683.97672951848
"LOC114577114",2418.82023409971
"LOC107994810",72213.35321288
"LOC107994980",54644.2648675061
"LOC107994710",33505.5337013133
"LOC107994748",36455.2713072588
"LOC107994754",15204.4810891473
"LOC107994946",32488.9240532523
"LOC133666591",17272.6776814257
"LOC107994947",32398.1830432082
"LOC107995001",38867.8350780451
"LOC107995002",16783.0103442723
"LOC107994707",92469.166803454
"LOC107995015",56508.3140218812
"LOC107994928",98280.9163798804
"LOC133666594",5098.02873529606
"LOC107994927",132685.502239928
"LOC107994944",120822.839805882
"LOC114577088",1351.1072899466
"LOC107994945",2924.13389431094
"LOC107994752",7730.0461973873
"LOC107995006",38977.3524482849
"LOC107994907",52551.2313652418
"LOC133666608",1303.12211146166
"LOC114577079",8221.75137691953
"LOC114577105",865.345750735609
"LOC107994741",4269.38055185447
"LOC133666631",1980.06336253923
"LOC133666634",12867.2351876287
"LOC107994827",34551.3705374149
"LOC133666628",67922.466730094
"LOC107994826",50569.4067257345
"LOC133666632",2985.32233109919
"LOC107994824",43259.1488218127
"LOC107994830",23379.592286013
"LOC107994989",29230.3225981477
"LOC107994988",18442.5204450838
"LOC107994916",55043.3431108311
"LOC107994915",45865.2394137143
"LOC107994910",28170.240239182
"LOC114577140",788.382244464211
"LOC107994911",56620.8704075324
"LOC107994859",311707.364296557
"LOC107994860",47536.0787670682
"LOC133665647",5381.72923206609
"LOC107994715",2191.04206309948
"LOC107994823",72242.8845851477
"LOC114577101",17201.4407013879
"LOC133666664",7882.07577234578
"LOC133666665",5505.17164208466
"LOC114577102",4082.13004173259
"LOC114577099",1408.94022337264
"LOC107994822",19467.107259521
"LOC107994821",2382.72988864799
"LOC107994745",42920.6545545706
"LOC107994837",54281.8720815406
"LOC107994836",18935.1445406364
"LOC107994835",52930.5469506396
"LOC107994834",1261.49854799356
"LOC107994674",17433.4367187758
"LOC107994833",51544.5687793015
"LOC107994832",51392.2341483352
"LOC107994831",47328.814990265
"LOC107994800",45524.8699915333
"LOC107994799",52140.0844971477
"LOC107994797",107566.794629402
"LOC133666693",6742.1814824502
"LOC133666689",2123.70098040478
"LOC133666690",1338.72938225176
"LOC107994802",1615.81183424526
"LOC133666688",917.168932877793
"LOC133666679",6196.6255039184
"LOC133666687",832.387520042184
"LOC107994798",668.648863680931
"LOC133666692",464.139115702684
"LOC107994722",12921.7830170879
"LOC107994901",69531.7299080249
"LOC107994903",55722.6503390169
"LOC107994701",45113.4210816054
"LOC107994936",2018.25100843487
"LOC107994935",2997.93473541597
"LOC114577092",422.156632204135
"LOC107995014",1660.47752041135
"LOC107994999",403.69391417182
"LOC107994755",480.127098526252
"LOC107994963",1914.45829852193
"LOC133666718",19569.0788243974
"LOC114577122",12719.1246363308
"LOC107994978",40697.9146637061
"LOC107994979",3224.54436999532
"LOC107994673",7546.95390916129
"LOC107994967",26530.3252781535
"LOC107994966",78136.2674316422
"LOC107994714",309867.02393634
"LOC133666724",1589.3832855655
"LOC107994885",306853.548622645
"LOC107994890",7593.51190611819
"LOC107994887",305487.975856581
"LOC107994889",17997.4240309537
"LOC114577150",1672.16761531693
"LOC114577151",2590.11517065239
"LOC107994877",38395.9306979458
"LOC107994873",3741.26896498872
"LOC107994872",35169.4973896955
"LOC107994875",86239.9986331796
"LOC107994876",1082.579943508
"LOC133666719",1151.4939677837
"LOC107994981",45516.4838133877
"LOC107994986",56054.5814480461
"LOC133666730",14795.8127508305
"LOC107994934",40434.119733412
"LOC107994933",57202.5791734543
"LOC107994671",36925.1988149067
"LOC107994670",17443.760184139
"LOC107994758",427.912389895063
"LOC107994919",60118.5351993795
"LOC107994964",114281.485091567
"LOC114577124",606.974627945315
"LOC133666757",5843.98853235994
"LOC107994863",52930.0720436248
"LOC108000617",5834.46451162163
"LOC107994864",3035.22382834174
"LOC107994866",3177.49438251881
"LOC133666751",1646.64473550772
"LOC107994862",12107.7949550463
"LOC107994884",15794.5399016403
"LOC133666745",15958.1031190941
"LOC133666744",407.556305226132
"LOC107994926",42122.8935438108
"LOC107994924",54889.2151508499
"LOC133666758",318.416316365115
"LOC107994850",175401.462747285
"LOC107994853",49659.0374938999
"LOC133666772",6022.70215734258
"LOC133666770",4005.22561538833
"LOC107994854",6106.91019661783
"LOC107994856",63320.7595222368
"LOC107994858",55970.725824323
"LOC107994855",63587.1085602746
"LOC107994705",52462.3094569534
"LOC107994929",65314.0421826134
"LOC114577103",569.555041304307
"LOC107994930",7819.25636296157
"LOC107994931",1885.7941114747
"LOC107995017",682.702093664695
"LOC107995018",2915.54343727459
"LOC107994861",57493.26694738
"LOC107994954",46007.0473221857
"LOC107994955",49002.6452457441
"LOC107994961",17292.5422079141
"LOC107994962",24533.7366881881
"LOC107994669",45479.2476579054
"LOC107994938",45164.2193590051
"LOC107994937",47010.9129983848
"LOC114577098",12671.7172336444
"LOC133666791",1567.3620275409
"LOC107994690",53263.5986498469
"LOC107994973",58584.7288699177
"LOC107994974",50439.3113514505
"LOC107994708",27721.3417580906
"LOC107994667",54556.5055012488
"LOC107994948",43539.8780811453
"LOC107994750",46025.6152631998
"LOC107994740",21227.5196333474
"LOC107995011",38601.7063480764
"LOC107994703",43547.2916527221
"LOC107994696",37211.8685314361
"LOC107994849",64051.8803031503
"LOC107994666",43387.8911826191
"LOC107994848",38263.8109068237
"LOC107994847",50611.3356216468
"LOC107994665",77800.3727736194
"LOC107994846",53159.572525311
"LOC107994908",93548.100550388
"LOC107995004",39759.1969621064
"LOC107994869",28306.5959024462
"LOC107994867",529841.480065882
"LOC133666822",2526.91637931305
"LOC114577137",2855.12289675505
"LOC107994892",10063.3086219597
"LOC133666835",360.457189888694
"LOC133666834",2884.07785909276
"LOC107994895",541.539204906583
"LOC114577135",386.065737753525
"LOC107994724",35769.3974981162
"LOC107994734",72662.5822256065
"LOC133666846",341.155240785271
"LOC107994735",15790.604718031
"LOC107994731",4846.66034470371
"LOC107994733",3871.25865701636
"LOC107994728",3056.28772373067
"LOC107994725",10065.454730437
"LOC107994729",14170.9877095014
"LOC133666857",690.85302034668
"LOC107994730",7433.19761170117
"LOC107994726",68044.7027305844
"LOC107994806",46128.389984304
"LOC107994805",46329.1019572438
"LOC133666858",9843.1814896035
"LOC107994803",49549.5415858158
"LOC133666862",790.897268382828
"LOC107994804",3114.17515682131
"LOC107995010",47188.1182249975
"LOC107994960",50688.550013877
"LOC107994959",71418.6415234706
"LOC107994662",24439.3826856488
"LOC107994661",18926.9857389431
"LOC107994923",1713.00862684133
"LOC107994922",2211.84993388435
"LOC107994921",37017.6827160004
"LOC107994660",796.26319522596
"LOC107994920",3466.51549950057
"LOC107994998",42487.6013881704
"LOC107994917",140101.013302854
"LOC107994940",41066.7341850388
"LOC107994843",364724.73646832
"LOC133666900",6623.07855006022
"LOC114577146",14898.3638986766
"LOC107994845",3416.0686445498
"LOC107993134",853.225055358421
"LOC114577149",776.876754862458
"LOC107995020",500.934351770516
"LOC107995019",3932.94495619501
"LOC107994943",3551.56561654645
"LOC133666928",547.170504359878
"LOC133666926",1830.78226108454
"LOC107994953",1841.95555143568
"LOC107994957",37334.3932173123
"LOC107994958",688.081997944275
"LOC107995016",1053.70614640855
"LOC114577121",848.97994061104
"LOC107994702",26654.9042826259
"LOC107994717",11760.3788608758
"LOC107995009",39755.6218897236
"LOC107994985",180111.146325285
"LOC133666941",7045.39092331117
"LOC107994692",42211.1445188662
"LOC107994878",37887.4865057117
"LOC107994883",40762.5866105654
"LOC107994879",19887.9669871199
"LOC107994881",16810.8261083816
"LOC107994880",34429.9887196059
"LOC133666979",4378.80067424473
"LOC108004114",53289.1714376303
"LOC133666980",1858.99532318533
"LOC107995005",60957.2736584331
"LOC107994781",70810.0073799433
"LOC107994783",1342.60852648743
"LOC107994782",978.082479280601
"LOC107993950",1260.02661706377
"LOC107994785",18747.1491135449
"LOC107994788",653.817695749688
"LOC107994706",56374.9481683942
"LOC107994871",169197.903880778
"LOC107995021",8727.87493362163
"LOC107994794",7728.94481813325
"LOC114577083",17465.6341705308
"LOC107994795",37841.8644395104
"LOC114577087",21660.6083780675
"LOC114577086",14786.0144306945
"LOC107994791",5423.20454172402
"LOC107994790",509.382623726299
"LOC133666786",480.063757730261
"LOC133666704",8950.27024625447
"LOC108002574",47798.7010566692
"LOC108002575",32254.9587607457
"LOC108003270",60658.1930176711
"LOC133665639",12532.0665214968
"LOC108003272",65526.3295281634
"LOC108002547",54026.3123871274
"LOC108002537",21733.9651801378
"LOC108001965",57094.1819125216
"LOC108002544",43576.6711554994
"LOC108002546",43742.3733379177
"LOC108002567",109479.811980951
"LOC108002568",52415.6914667591
"LOC108002573",47701.0420353775
"LOC114578120",39388.3869165404
"LOC108002545",40156.5902134047
"LOC108002538",43814.0476975488
"LOC108002564",32347.4269261039
"LOC108002539",4283.94706891147
"LOC108002566",51187.0133938582
"LOC108002576",9681.35964160689
"LOC108002569",67781.1072089716
"LOC108002556",9039.14754628409
"LOC108002555",78136.6764790996
"LOC108002572",27064.7894025595
"LOC108002571",48195.6174017182
"LOC108002570",41112.7908741507
"LOC108002559",54282.7196694522
"LOC108002557",5665.81638580704
"LOC108002560",61737.0518370008
"LOC108002558",13095.5578795826
"LOC133667011",751.812286187196
"LOC108002550",41314.9983260793
"LOC108002552",56974.9388262508
"LOC108002553",41453.5978762278
"LOC108002540",44484.5740268407
"LOC108002565",54631.2442594825
"LOC133667017",14285.9369324926
"LOC108002561",182179.541250663
"LOC108002562",12385.6773266122
"LOC114578121",3404.77801891733
"LOC108002563",11206.1615590259
"LOC108002541",719.884386361068
"LOC108002543",366.454138956759
"LOC133666850",496.442279449918
"LOC108002577",149989.642485027
"LOC108002966",276506.56917132
"LOC133665689",410.731238712963
"LOC108002975",11383.3167204501
"LOC133667282",927.984031849345
"LOC108002965",60519.8516924218
"LOC107993719",228932.254912816
"LOC133667279",21593.5995075088
"LOC133667284",476.309575845944
"LOC108002968",60369.3150104121
"LOC108002955",19078.4037912816
"LOC108002958",4593.64924117417
"LOC108002957",18790.9767572583
"LOC108002956",2199.77864780468
"LOC108002960",5799.61474854746
"LOC108002948",29374.335544564
"LOC108002969",56955.2092526846
"LOC108002953",299.351302842538
"LOC108002963",10128.1674725879
"LOC114578151",6561.61604756621
"LOC108002964",208080.306139742
"LOC114578153",31144.3164362153
"LOC108002949",389.285673133933
"LOC108002970",5040.62439233972
"LOC108002973",4409.61261910275
"LOC108002972",40053.8055120847
"LOC108002951",367.472120062332
"LOC107997986",2815.08812277922
"LOC114577437",995.008646323617
"LOC107997977",54432.037129613
"LOC133667791",12245.9892278491
"LOC107997955",42918.7901144447
"LOC107997416",15783.574665769
"LOC107998045",48541.447113306
"LOC107997796",55094.3843419596
"LOC107997816",63997.0727598818
"LOC107997765",32957.3725852695
"LOC107998084",1615.32011797731
"LOC107998056",4102.66152021196
"LOC107997349",7165.52013144902
"LOC107997402",34429.6477946016
"LOC107997438",29674.6502801187
"LOC107997406",8373.90543563347
"LOC107997600",24865.9927732868
"LOC107997603",52397.6434348875
"LOC107997580",35785.0084992373
"LOC107997616",52732.8450838811
"LOC107997645",45620.8508800821
"LOC107997638",30683.7683468695
"LOC107997624",36884.6250420565
"LOC107997398",42053.7311429351
"LOC107997369",22055.0058913261
"LOC107997998",54333.725445691
"LOC107998033",29412.865865462
"LOC107998019",7909.10486401207
"LOC107997664",53228.364319001
"LOC108001968",50912.2923562874
"LOC108001966",53221.2387144445
"LOC107997422",42069.7729416857
"LOC107997887",45496.2220461903
"LOC107997828",57866.9249420522
"LOC107997844",58560.9921875219
"LOC107997554",43688.8725771671
"LOC107997506",62068.811175714
"LOC107997456",53347.6498079243
"LOC107997540",48552.1503950754
"LOC107997531",19352.321685907
"LOC108002579",45415.6865671689
"LOC107997856",41244.4161519321
"LOC107997871",29001.1646749377
"LOC107997900",13071.5541680947
"LOC107997914",52581.3762583284
"LOC107997572",50866.8335327442
"LOC107997561",65419.9153118017
"LOC107997926",48765.2628471379
"LOC107997934",43648.4918631074
"LOC107997946",61073.093945011
"LOC107997721",2769.47790974165
"LOC107997677",1311.85661282909
"LOC114577481",665.695152133269
"LOC133665668",1704.90790067401
"LOC133665669",429.771148184997
"LOC108001828",105801.679314202
"LOC108001829",4993.4152708139
"LOC108001769",20045.6909964355
"LOC108001755",24607.9703075964
"LOC108001810",50670.6612209335
"LOC108001776",33072.7761299222
"LOC108001816",60275.9406411643
"LOC108001761",45063.4406929088
"LOC108001777",13845.9732788334
"LOC108001760",31182.1891415887
"LOC108001774",11585.9715747763
"LOC108001834",61300.6182424959
"LOC108001849",66192.6361059684
"LOC108001854",44731.5728629187
"LOC108001853",20581.1395200523
"LOC108001784",64634.2240762701
"LOC133665685",1200.39425557004
"LOC108001785",8240.44828210494
"LOC133665693",870.921039404348
"LOC133665691",2513.29407183241
"LOC108001804",13994.0452472714
"LOC114578048",757.53092497161
"LOC108001808",21043.4828637091
"LOC133665690",3640.43716848472
"LOC133665692",5777.86351766658
"LOC108001806",2549.00451418566
"LOC108001807",475.010612060509
"LOC133665688",2294.61470060154
"LOC108001825",39616.063149391
"LOC108001824",52963.7455480379
"LOC108001789",56947.6319566204
"LOC108001786",56052.09063843
"LOC108001793",11697.597774452
"LOC133665705",4737.51497664498
"LOC108001790",12633.5807240971
"LOC108001788",30814.6198743928
"LOC108001852",50333.0236268915
"LOC108001794",76358.0443120328
"LOC108001797",4910.03959496547
"LOC108001795",4453.80283693434
"LOC108001798",4590.734578689
"LOC133665646",939.634128429648
"LOC108001765",46340.0630754871
"LOC108001833",82345.2657968524
"LOC108001843",36388.5177791307
"LOC133665597",25372.1879552207
"LOC108001778",21825.3453112391
"LOC108001767",34802.1715722823
"LOC108001756",38565.5085227223
"LOC108001847",43266.8056726683
"LOC107998052",51320.1682281238
"LOC108001842",13792.858157891
"LOC107998051",50837.5902845005
"LOC133665721",3057.1920345958
"LOC108001841",25386.2941414678
"LOC108001839",7886.62240630588
"LOC108001850",61793.3418479958
"LOC108001757",1400.73827520792
"LOC108001860",30812.7246468897
"LOC108001770",36012.9514063858
"LOC108001775",9002.1400545229
"LOC108001826",56523.4356165316
"LOC108001827",82387.455806979
"LOC108001851",7041.10432016389
"LOC108001763",3905.27261983713
"LOC108001802",14479.1405162088
"LOC108001800",53984.8397653159
"LOC108001803",48527.4670568499
"LOC108001773",33247.9908263669
"LOC108001758",48264.0059519857
"LOC108001836",33977.8300073759
"LOC108001837",47334.3952462945
"LOC108001848",47839.2754598554
"LOC108001856",30506.7889079202
"LOC108001844",27350.9709696265
"LOC108001772",37569.7702206086
"LOC108001768",69783.2011095455
"LOC108001855",75586.6218328278
"LOC108001766",33026.0724616795
"LOC108001838",48444.2095107612
"LOC108001820",59370.4936162862
"LOC108001823",27954.0890264977
"LOC108001822",34532.4248022333
"LOC108001858",22208.0912443454
"LOC108001859",61130.6309742003
"LOC108001812",22892.4996228002
"LOC108001813",47053.1482704794
"LOC108001814",39152.7824160522
"LOC114578052",3191.69129533599
"LOC108001764",5383.64345495969
"LOC108001845",58793.1357968026
"LOC114578051",318.703614899452
"LOC114578053",9046.50814473566
"LOC108001861",22563.7926372593
"LOC107999832",383.358156769413
"LOC108001780",20023.9734440756
"LOC107994297",40988.3284209027
"LOC108001759",36702.7119801668
"LOC108001831",51234.2953540474
"LOC108001832",58022.6720937432
"LOC108001819",41942.953350262
"LOC108001818",33851.4677510753
"LOC108001817",46225.5310383029
"LOC133665797",2114.75776943518
"LOC133665800",48137.3893166693
"LOC108001648",56500.6147299747
"LOC114578026",4929.84026742143
"LOC108001593",5852.10767137343
"LOC108001649",55139.3049680062
"LOC108001620",21523.1679730603
"LOC108001630",10407.7407572562
"LOC108001628",123314.429800172
"LOC133665853",24039.2982657639
"LOC133665847",54897.1925062952
"LOC108001629",6224.65348422457
"LOC133665849",63406.9688552208
"LOC108001596",1595.46258718953
"LOC108001636",51557.3787381591
"LOC108001637",59134.9857172247
"LOC108001656",56277.8776375882
"LOC133665850",19938.4513466651
"LOC108001654",51504.0669265675
"LOC108001651",7508.15612138698
"LOC108001594",30466.6168880408
"LOC108001603",53004.1505455447
"LOC114578021",28945.840836075
"LOC108001655",7536.05997461285
"LOC107993136",44519.5241978828
"LOC108001643",92300.3541223609
"LOC133666801",20446.065375123
"LOC114578023",8698.21215676488
"LOC108001600",39883.0707642795
"LOC108001639",26592.5686675834
"LOC114578029",3487.9911604484
"LOC108001638",47222.6145528251
"LOC108001599",21776.9347156072
"LOC108001632",2206.90901954021
"LOC108001634",17926.2742215642
"LOC108001633",502.3421697925
"LOC108001635",9597.59831246078
"LOC108001595",47913.3805486032
"LOC108001621",21803.0677867738
"LOC108001597",24569.7648283394
"LOC108001619",355407.187409305
"LOC108001618",51659.3176767809
"LOC108001617",56189.351543886
"LOC108001616",9813.5189347032
"LOC133665950",7464.73376609742
"LOC108001612",419.864517933357
"LOC108001614",2853.54135123179
"LOC133665955",4647.97968808996
"LOC108001610",38394.9530728316
"LOC108001615",21885.4511880648
"LOC108001607",56216.0104596359
"LOC133665954",2043.39772744846
"LOC108001609",44989.0744230927
"LOC108001606",45243.5640521974
"LOC108001605",45602.5075226646
"LOC108001591",56194.9664166544
"LOC108001604",59360.7844853998
"LOC108001631",764814.479825502
"LOC108001659",10254.2493701624
"LOC108001650",7797.66848596301
"LOC133665970",4404.16752458354
"LOC108001598",49141.2013798779
"LOC108001622",5358.85190292478
"LOC108001590",8953.09132689867
"LOC108001624",972.229142814102
"LOC108001589",845.246439904884
"LOC108001623",3473.75663942215
"LOC108001647",5282.44860957612
"LOC108001645",26267.8841968962
"LOC108001644",44643.9444006665
"LOC108001642",36485.6886432281
"LOC114578024",4942.89973162643
"LOC108001641",58733.6135906726
"LOC107999813",85303.5011350536
"LOC133666032",1679.88228168365
"LOC133666038",4121.47753760047
"LOC133666037",13498.9191550588
"LOC133666039",8116.88042034797
"LOC133666034",786.306217806972
"LOC107999821",637.930455679048
"LOC133666028",13789.09908121
"LOC133665990",46641.3171340192
"LOC133665996",29615.624081652
"LOC133666041",4026.86710151307
"LOC107999815",695.886089393912
"LOC107999820",6412.0834329101
"LOC133666036",1355.3959911511
"LOC107999816",4950.30514517835
"LOC107999823",189631.441372694
"LOC133666031",940.265168240412
"LOC114577795",7672.95141947193
"LOC107994051",57515.7624019869
"LOC107994040",51964.0052228618
"LOC107994039",23534.2665937738
"LOC107994038",1615.34037698602
"LOC107994035",8987.65904922631
"LOC107994037",351107.595463108
"LOC107994034",17039.6540956843
"LOC107994033",46706.1997035636
"LOC107994058",41436.8774349369
"LOC107994031",56739.7920705911
"LOC107994054",10404.0355915329
"LOC114577005",31301.2536409869
"LOC107994052",65640.3776152411
"LOC107994044",47071.0868540202
"LOC107994042",182751.973650833
"LOC133666060",2077.09468103874
"LOC107994045",57035.3418202271
"LOC107994041",54444.2543609585
"LOC107994032",1977.26381022059
"LOC107994030",29284.704232371
"LOC107994048",229148.332918752
"LOC107994046",52168.8460126314
"LOC107994047",1499.02324149228
"LOC107994055",4327.1519282834
"LOC108000160",5018.90402883398
"LOC107998094",170756.037968402
"LOC108003661",96225.985331323
"LOC108003488",44695.8687402591
"LOC114578225",15898.1017011823
"LOC108003548",56006.8003881482
"LOC108003549",16073.4115865386
"LOC108003081",29139.7839348795
"LOC108003083",11826.4936140945
"LOC108003082",50395.1566438451
"LOC133666105",47606.9858832836
"LOC108003546",15492.4462209032
"LOC108003675",37327.6796804503
"LOC108003486",4052.48832622307
"LOC108003663",32059.3452667298
"LOC108003516",45188.1401284483
"LOC133666111",805.021880859719
"LOC108003650",76000.3038445392
"LOC108003647",37697.9959934516
"LOC108003648",46015.6271576157
"LOC108003494",37102.8912089521
"LOC108003518",14831.627016753
"LOC108003651",53812.7438136989
"LOC108003654",55419.3637425556
"LOC108003652",41385.3097059819
"LOC108003484",64872.6053049131
"LOC133666108",12784.4258572047
"LOC133666110",2328.1653520159
"LOC108003530",67630.5661164699
"LOC108003528",68099.6613295532
"LOC108003523",658.004071278274
"LOC108003597",198042.519997573
"LOC133666142",33637.428688623
"LOC133666146",9421.23153127002
"LOC133666145",6264.01961316233
"LOC133666143",13845.950708004
"LOC108003558",40373.7028361005
"LOC108003559",44990.6533635076
"LOC108003556",31934.7320977382
"LOC108003557",60919.7597520023
"LOC108003626",37925.6456667015
"LOC108003625",33817.3824551754
"LOC108003536",73834.1993941981
"LOC108003534",51013.7922737851
"LOC133666138",23267.446096631
"LOC108003622",33142.2135031875
"LOC108003619",45867.6980410444
"LOC133665634",51671.2749658378
"LOC108003659",60629.3360928535
"LOC108003503",24180.6873973589
"LOC108003673",49485.6871501412
"LOC108003646",56673.2302163844
"LOC108003631",16779.2004245559
"LOC108003630",40355.6044466563
"LOC108003632",44329.1054292388
"LOC108003634",54874.8164758243
"LOC108003500",52037.202357515
"LOC108003491",43989.6594171769
"LOC107994629",73172.0277485927
"LOC133666161",32555.2245021463
"LOC108003489",44759.866673188
"LOC108003483",2663.12999347753
"LOC108003667",9683.80402752142
"LOC108003655",57802.1112360248
"LOC108001134",41071.6328904498
"LOC108001137",15476.3471389447
"LOC108001135",48387.084460769
"LOC108003568",241264.124288553
"LOC108003611",57050.1981969571
"LOC108003674",49057.2625806467
"LOC108003593",50555.2638573612
"LOC108003598",58780.4883150129
"LOC133666221",9935.67144002438
"LOC108003599",48108.3242276366
"LOC108003507",21516.0641725684
"LOC108003479",19340.2350146923
"LOC108003526",417.105371079636
"LOC108003585",41012.1901166058
"LOC108003584",94880.8431047136
"LOC133666230",10794.0173140097
"LOC108003586",56848.2322321843
"LOC108003614",47615.1160435679
"LOC108003615",15111.0339096224
"LOC108003645",54334.3714780801
"LOC108003644",1979.28235761348
"LOC108003677",28585.5965716761
"LOC108003553",46026.6386112674
"LOC108003555",47511.6626087943
"LOC107993720",56249.1179870596
"LOC108003552",58160.1061766088
"LOC108003660",50907.8376850683
"LOC108003505",35092.7646071716
"LOC108003493",42704.5284043931
"LOC108003496",159258.019325626
"LOC108003510",84570.145005038
"LOC108003514",42008.2304210846
"LOC114578213",63941.2114846839
"LOC108003590",858.20099650518
"LOC108003478",11012.2128068308
"LOC108003589",66424.9113240176
"LOC133666285",47540.343139171
"LOC108003477",41348.3081229868
"LOC108003595",54369.6740150276
"LOC108003594",27737.9241260846
"LOC108003639",685.736037873671
"LOC108003515",407.796223377299
"LOC108003580",7145.71222512223
"LOC108003475",7645.25833216159
"LOC114578218",1482.71946659875
"LOC108003577",12207.653713042
"LOC108003578",64788.1434027017
"LOC108003474",49706.6194287132
"LOC108003592",66615.4434983989
"LOC133666310",4251.72870776051
"LOC108003607",6775.17998693659
"LOC133666309",3141.71450811088
"LOC108003608",10625.1726185715
"LOC108003605",45361.6319922385
"LOC108003617",3078.47321834156
"LOC108003618",33679.8589153401
"LOC108003544",207759.395020648
"LOC108003543",16708.8758067731
"LOC108003545",74500.2815992087
"LOC108003473",20264.6891979002
"LOC108003657",52768.2639674924
"LOC108003638",62718.3348033244
"LOC107993323",346305.666648381
"LOC108003658",253038.94361747
"LOC108003566",5808.82247021873
"LOC108003565",48250.143849083
"LOC108003624",78268.8789068565
"LOC108003623",35168.9883894446
"LOC108003508",92633.1385359409
"LOC108003504",43690.3673955636
"LOC108003495",170952.339885396
"LOC114578220",49807.2047467309
"LOC108003513",67532.668829304
"LOC133666346",2784.12765963663
"LOC108003561",109423.799594183
"LOC108003560",14285.5700543543
"LOC108003569",119914.788489871
"LOC133666378",46334.3965796587
"LOC133666362",3145.03109830947
"LOC108003520",36131.0832827585
"LOC108003678",7622.23155016259
"LOC108003540",194433.886493071
"LOC108003539",67274.8724571355
"LOC108003541",95973.097713205
"LOC108003538",61787.784336607
"LOC108003471",348315.237763465
"LOC108003602",27339.7068482653
"LOC107994259",82221.1843517573
"LOC107994266",16945.3659415012
"LOC107994263",4393.24411194521
"LOC107994262",22184.1532950192
"LOC107994260",158184.202870009
"LOC107994264",1443.36219514135
"LOC107994258",96707.9915345474
"LOC107994257",4179.06392538325
"LOC108001579",63284.6160385101
"LOC108001578",40347.8444608556
"LOC108001569",92393.0206544148
"LOC108001577",11590.0535543002
"LOC108001576",773.904723756013
"LOC108001573",9303.58871587501
"LOC108001574",57260.8924533364
"LOC114578015",3144.02442658377
"LOC107994239",234789.358289948
"LOC107994241",511296.015965766
"LOC107993544",103996.975152147
"LOC114576934",3464.9097010771
"LOC133665948",800.986130488365
"LOC107993542",68649.0891057865
"LOC107993545",518.770232227542
"LOC107993541",1727.13675840932
"LOC107993547",3451.96468925286
"LOC114577807",1379.39420776432
"LOC107993450",51224.2114282215
"LOC107993440",49486.6689392908
"LOC107993444",6007.80414561278
"LOC107993441",47863.4775306504
"LOC133665595",37229.5498673622
"LOC107993445",8366.93657919086
"LOC107993446",1255.01496181175
"LOC114576927",1233.01289890637
"LOC107993447",307663.162235583
"LOC133667815",413.429794710726
"LOC133665650",569.454857927462
"LOC107994003",4663.47455124605
"LOC133667818",20610.9786942533
"LOC107994002",273020.225308735
"LOC133667819",21972.0762687289
"LOC133667817",120746.152752678
"LOC107994020",24062.6416105905
"LOC107994018",6708.92583281843
"LOC107994016",42089.8987054508
"LOC107994017",47321.9822031226
"LOC107994006",31575.9710530599
"LOC107994021",145742.91991667
"LOC107994008",35345.9179789168
"LOC107994011",48496.5901704082
"LOC107994015",40636.8818900004
"LOC107994013",51481.9209525823
"LOC107994010",30640.9585188621
"LOC107994009",34790.8294735379
"LOC107994014",29012.7513495347
"LOC107994005",56091.922215357
"LOC107994303",50770.9884722476
"LOC107994302",7362.89967360039
"LOC107994301",10766.0071906683
"LOC107994300",233876.544874436
"LOC107993602",63984.6557460655
"LOC107993605",30320.0991213798
"LOC107993600",90300.4385797828
"LOC114576949",13778.3618392187
"LOC107993599",208789.973811097
"LOC108004322",518328.149992965
"LOC108004323",33434.0551210544
"LOC108004321",56602.6607294527
"LOC108004353",49378.8763161941
"LOC107992995",52529.874698184
"LOC133667820",3652.47342932434
"LOC108004348",76702.1981690471
"LOC108004349",1282.87448255089
"LOC108004326",36200.9452586756
"LOC108004325",27996.5154341974
"LOC108004331",29748.2047586103
"LOC108004335",37653.874943131
"LOC108004327",16531.4018357107
"LOC108004332",1127.39063954971
"LOC108004333",62100.05310996
"LOC108004328",42172.9574379947
"LOC108004334",228971.200961204
"LOC108004329",8770.00327810074
"LOC108004345",50879.2147355281
"LOC108004346",48080.7617077073
"LOC108004336",47555.0011976685
"LOC108004338",42088.9688291043
"LOC108004340",4403.74084414394
"LOC108004337",682.509531464856
"LOC108004343",28533.0424079172
"LOC108001050",80832.3128662468
"LOC108004354",47373.8830668643
"LOC133667821",9160.55256760476
"LOC108004351",41368.3026643476
"LOC108004352",55344.8386021217
"LOC108004342",6552.12419783536
"LOC108004341",176438.148773566
"LOC107993076",1403.01051944174
"LOC107993075",4149.78418452194
"LOC107993074",6181.53703458934
"LOC107993080",4413.2650580876
"LOC107993077",59175.0413495069
"LOC107993066",322.71703494811
"LOC107993067",36979.3836700832
"LOC107993069",29820.8026332729
"LOC107993070",22262.7491129004
"LOC107993071",39628.8884524318
"LOC107993068",27353.0738053104
"LOC107993072",53610.2319206556
"LOC107993064",101272.969108635
"LOC107993065",43910.7172078633
"LOC107992956",32445.5643728031
"LOC108003791",15820.9267601053
"LOC107992947",11269.6308594466
"LOC107992946",33151.6623792436
"LOC107992935",27247.3862994165
"LOC107992950",60148.1271085006
"LOC107992939",51480.5468389967
"LOC107992942",51911.52076081
"LOC114576884",13094.2039948199
"LOC107992954",11657.4828938101
"LOC107992953",21474.8541405682
"LOC107992938",47634.2509453262
"LOC107992952",32572.2070150136
"LOC107992951",57991.0592049061
"LOC107992941",109398.274990178
"LOC114576881",10237.5906378844
"LOC107992944",38890.4259746975
"LOC107992943",24269.7505211475
"LOC107992945",33460.8056277953
"LOC107992948",42882.0274377806
"LOC107992936",676926.847059585
"LOC107992940",72902.884186294
"LOC108004261",64834.0479595148
"LOC108004262",28773.225353049
"LOC108004260",47950.3547606349
"LOC108004290",1851.49180741862
"LOC133667823",1124.05575274398
"LOC108004285",47787.6964773913
"LOC133667822",3088.71809976367
"LOC108004289",115650.83578458
"LOC108004248",31447.9033526971
"LOC108004249",51717.5179154895
"LOC108004257",24307.6451852518
"LOC114578313",6553.46629716535
"LOC108004280",50259.8878863861
"LOC133667824",44337.1271831233
"LOC108004282",13469.447532893
"LOC108004281",48969.2836974059
"LOC108004250",46081.19946458
"LOC108004283",60341.9763263806
"LOC108004267",41725.8366519598
"LOC108004265",39721.3481762328
"LOC108004268",38459.8952537241
"LOC108004264",49845.9558201015
"LOC108004263",40682.7476878731
"LOC108003273",58713.5574083021
"LOC108004271",30444.1981156104
"LOC108004270",56813.0377653216
"LOC108004274",58590.2948307693
"LOC108004269",56506.8763873321
"LOC108004247",26851.2098142999
"LOC108004254",24166.7859630195
"LOC108004258",57315.0206238534
"LOC108004255",31337.3949784939
"LOC108004256",19054.4548387519
"LOC108004251",32478.3812702241
"LOC108004277",54016.184638798
"LOC108004276",29725.0190920769
"LOC108004278",18859.1772700032
"LOC108004275",21628.5406270255
"LOC108004288",43081.6231822277
"LOC108004287",60381.2527075582
"LOC108004286",3688.32624960559
"LOC108004244",218479.243415605
"LOC133667825",13033.9601744178
"LOC108003199",47942.4904526769
"LOC108003204",48922.122359465
"LOC108003207",32091.4828535895
"LOC108003206",40699.5121077248
"LOC108003205",41833.4147125052
"LOC108003208",33882.4160562631
"LOC108003202",51208.6896637863
"LOC108003218",54753.634421222
"LOC108003217",30491.4439787791
"LOC108003216",39350.4295207212
"LOC108003200",27820.6792600687
"LOC108003197",214108.137191636
"LOC133665643",752.839102053796
"LOC108003211",100056.217081103
"LOC108003212",52528.3614477242
"LOC108003210",34358.5056847926
"LOC108003223",57693.1695427456
"LOC108003221",51345.1115802549
"LOC108003209",66560.5917514928
"LOC108003220",46569.3984194469
"LOC108003219",28882.7716941229
"LOC108002432",187510.374519005
"LOC133665644",327.511581862849
"LOC108002431",30890.3865263859
"LOC133665642",5902.61766657243
"LOC108002433",3889.69714922723
"LOC108002434",51026.7877835353
"LOC108002428",24621.6663655052
"LOC108002429",1899.43281289362
"LOC108002437",49300.8172573518
"LOC108002439",50988.1736790121
"LOC108002435",13423.6478989565
"LOC108002438",5567.43571410285
"LOC108004320",208061.246363142
"LOC108002425",35988.958221072
"LOC108002426",38198.5181864638
"LOC108002427",42767.1604494731
"LOC108002424",15333.0150483746
"LOC108002421",64694.2449960031
"LOC108002419",240907.919566441
"LOC108002423",50189.5750794619
"LOC108002442",11358.9943360272
"LOC133667020",902.950818635851
"LOC133666433",3947.44087372615
"LOC133666460",13820.1191070016
"LOC114578069",2622.3369589515
"LOC108001998",39288.8600244667
"LOC108001997",28945.1269722577
"LOC108002019",45383.1742579983
"LOC108002035",38126.7131903382
"LOC108002014",34556.4069219111
"LOC108002150",27002.4311028605
"LOC108002149",58129.5531638351
"LOC108002148",47158.5025504607
"LOC108002029",55781.1771142274
"LOC108001996",12442.2807505267
"LOC108002036",5702.6707911401
"LOC108002175",54653.6608576508
"LOC108002021",58311.2604625151
"LOC108002020",36110.1185667096
"LOC107995468",27024.9141290095
"LOC133667413",26477.3750611996
"LOC108002027",17744.1494525519
"LOC108002032",35252.4677359645
"LOC108002009",48856.6439873447
"LOC108002179",43095.8117273478
"LOC108002159",24002.4743654789
"LOC108001999",36192.3493267367
"LOC108002000",35450.311844703
"LOC108002157",67109.1596693647
"LOC114578082",4093.60003754388
"LOC108001994",47699.965567535
"LOC108002144",48459.8042403462
"LOC108002145",42406.3810286742
"LOC108002059",354637.660727783
"LOC133667427",326.686325834096
"LOC108002060",2739.48610531096
"LOC108002185",963.911178619147
"LOC108002041",332532.886921734
"LOC108002038",63888.5586627311
"LOC108002040",31018.3171968204
"LOC108002043",8369.54920312044
"LOC108002039",1587.24839996113
"LOC108002042",5228.05586011157
"LOC107995258",36231.2494171992
"LOC108001992",21587.7147037567
"LOC108002158",27255.2050003784
"LOC108002058",242876.783804827
"LOC108002057",50725.1845635792
"LOC108002056",5909.14290057432
"LOC108002055",90337.5343945944
"LOC108002048",20496.2959870458
"LOC114578070",25152.1900189893
"LOC108002049",20265.5613836777
"LOC108002047",21065.577096444
"LOC108002046",219485.366087033
"LOC108002045",19722.9383008136
"LOC108002181",2628.52717021832
"LOC108002169",2092.88902542317
"LOC108002062",32392.3291327155
"LOC108002061",119716.466498557
"LOC133667456",36761.3157458527
"LOC108002154",45310.470150518
"LOC108002153",35293.0280072574
"LOC108002132",66124.9377298462
"LOC108002155",49145.3214604845
"LOC108002172",57458.9651346414
"LOC108002143",50610.993114639
"LOC107992645",48928.5380337895
"LOC108001991",55403.8151553699
"LOC108002110",49855.5096569849
"LOC108002007",52973.5402828853
"LOC108002184",50108.9817263396
"LOC108002183",42385.2113915993
"LOC108002167",46838.5149204075
"LOC108001863",42795.226394977
"LOC108001864",49377.5891252576
"LOC108002002",45547.8755603026
"LOC108001990",27345.5914618028
"LOC108001989",53611.7281698494
"LOC108002095",19519.083714826
"LOC108002098",2918.87931207151
"LOC108002096",5072.10150513743
"LOC108002097",16029.6835277248
"LOC108002089",8267.88577960259
"LOC133667520",5950.88109576008
"LOC108002086",42858.5139938435
"LOC108002083",54434.5752059637
"LOC108002087",28788.9854987747
"LOC108002085",61705.7324782949
"LOC108002006",42232.9557197375
"LOC108003792",40877.9340303259
"LOC108002121",33901.5767939474
"LOC108002124",48593.737620319
"LOC108002123",51378.5273511937
"LOC108002013",92248.4741540747
"LOC114577421",4590.0172445615
"LOC108002081",109928.928443076
"LOC133667788",11856.4483045711
"LOC108002023",346.48534000472
"LOC108002151",4656.48157303257
"LOC108002152",1915.35552194891
"LOC108002142",38932.6935979213
"LOC133667789",369.155843309682
"LOC108002092",119417.69159516
"LOC114578083",746.955873337836
"LOC108002094",60081.738702777
"LOC107993421",55709.6861871018
"LOC108002163",46650.9956689414
"LOC108002077",48172.2911698
"LOC108002076",49687.57439989
"LOC108001987",16075.8180007163
"LOC108002073",53571.1241180629
"LOC108002138",58452.8868068317
"LOC108002127",89403.5457679471
"LOC108002126",42188.5576449491
"LOC133667790",1717.93544463866
"LOC108002078",19770.6278532612
"LOC108002079",61947.2264855574
"LOC108002125",275005.670269801
"LOC108002037",3688.89392615355
"LOC108002176",11185.1718516058
"LOC108002099",31809.6845372109
"LOC108002103",34489.8470095599
"LOC133667796",8763.52083948341
"LOC108002102",7984.94378947041
"LOC108002101",74943.2734776298
"LOC108002136",65512.0175969133
"LOC108001986",58767.4780910009
"LOC108002031",6628.34712462336
"LOC108002135",39538.8565584542
"LOC108002134",40364.1778699336
"LOC108002133",63852.3599221716
"LOC108002012",35796.8689506426
"LOC108002003",49106.3062672517
"LOC108002146",54932.948963121
"LOC133667794",7095.38908569006
"LOC108002034",29680.3265076457
"LOC108002015",49457.5575091655
"LOC108002016",37223.3991547631
"LOC108001982",49955.2534177705
"LOC108002024",55536.0354984868
"LOC108002010",38224.9346978701
"LOC108002005",38622.8972743709
"LOC108002018",54934.3737988184
"LOC108002001",40730.553199944
"LOC108001981",43424.1700235807
"LOC108002139",37108.7398609731
"LOC108002140",11096.2222379132
"LOC108002186",53703.3735609724
"LOC108002022",44678.9982694472
"LOC108002033",28880.1767530042
"LOC108000252",55114.3637516464
"LOC108001980",53826.8803005038
"LOC114578079",9919.18729010644
"LOC133667793",52514.9609848815
"LOC108002025",56161.8819757164
"LOC133667797",91601.4440359687
"LOC108002178",50929.9152867344
"LOC108002117",56721.0708693201
"LOC108002116",21931.8852067902
"LOC108002115",30189.991156508
"LOC108001979",32812.4409890154
"LOC133667798",3143.88561007843
"LOC133665645",693.668923347824
"LOC108001977",1768.96668174044
"LOC108002164",51209.0545061057
"LOC108002107",40654.5285940412
"LOC108002106",51909.1550233107
"LOC108001976",54349.1486168057
"LOC108002105",41567.0648737459
"LOC107992640",72197.8765670508
"LOC133667799",638.798266614315
"LOC108002189",45518.5391794896
"LOC133667800",30849.6383690484
"LOC108002028",35260.8757149779
"LOC108002177",40870.4541462919
"LOC108002165",4981.6290051091
"LOC108002166",50928.6625835116
"LOC108002188",55906.751571391
"LOC108002160",40254.824588023
"LOC108002120",57707.4139880434
"LOC108001975",11645.5752021548
"LOC108002108",61861.6672845162
"LOC108002109",4959.50277724587
"LOC108002067",57062.5659486774
"LOC108002068",686.460872807266
"LOC108002113",111862.678135717
"LOC108002114",1970.07415538586
"LOC108002182",7339.40071069147
"LOC133667801",27629.7160289649
"LOC108002063",37421.2912480847
"LOC114578084",7104.94731323618
"LOC108002065",114967.91327215
"LOC133667803",8539.45044638775
"LOC108002071",24753.0838555329
"LOC108002072",49462.895351809
"LOC108002069",43524.4170886001
"LOC108001973",45555.2185352186
"LOC133667802",29158.8013232416
"LOC108002129",42543.9912919159
"LOC108002130",37692.1532797025
"LOC108002053",54304.3115845212
"LOC108002054",33898.5913679585
"LOC133667804",43847.2051338605
"LOC108002050",640532.141538041
"LOC114578078",54715.164980492
"LOC133667805",5162.15402816334
"LOC108002173",149656.299587785
"LOC114578076",795.444375131091
"LOC108002017",970.930430310763
"LOC108002011",52167.0205256137
"LOC108002128",56527.0015179736
"LOC108002090",48111.6709339711
"LOC133667807",14162.3414737119
"LOC133667808",1255.3663066832
"LOC133667806",9786.28608395212
"LOC133666777",729.433228918192
"LOC107993953",569168.586017095
"LOC107992416",42275.708646903
"LOC107992414",14389.2791226709
"LOC107992413",59680.7717736624
"LOC107992405",35378.1344404904
"LOC107992410",686462.207147253
"LOC114576810",1425.50182949073
"LOC133667810",333.397620894644
"LOC133667809",2986.81733625061
"LOC107992404",8846.09649197484
"LOC107992409",5942.42082460626
"LOC107992411",1000.18519084757
"LOC107992407",17376.9326484789
"LOC107992403",908.183406350443
"LOC108004296",72738.8947942765
"LOC133667811",3617.04689167208
"LOC108004314",119968.342991953
"LOC114576775",1210.87272437206
"LOC108004307",2408.16747423178
"LOC108004306",42460.1755210497
"LOC108004297",28764.7542075719
"LOC108004299",49306.9838098527
"LOC108004301",37530.4412695133
"LOC133667812",10389.1169199048
"LOC108004302",161106.017842386
"LOC108004298",2296.37223263872
"LOC133667814",9085.23278473663
"LOC133667813",650.987164066805
"LOC108004310",1313.13700302639
"LOC108004313",8463.00220558643
"LOC108004305",25103.1236933196
"LOC108004303",83627.5525185227
"LOC108004304",29259.1637628483
"LOC108001264",136031.75333318
"LOC108004294",37106.5531498295
"LOC108004309",50792.5237786366
"LOC114576774",3035.76090767505
"LOC108004308",54929.4758235732
"LOC108004312",59113.8865218994
"LOC108004295",31210.7744432161
"LOC107999580",30981.7478258622
"LOC107999579",3530.69568945524
"LOC107999567",18853.1188219912
"LOC107999575",41150.4426013369
"LOC107999597",3294.1407207104
"LOC107999598",44254.9635052524
"LOC133665753",16120.6076754957
"LOC107999612",49919.0849807498
"LOC107999568",29771.0357894284
"LOC107999576",32384.3873762855
"LOC107999569",53600.8593827845
"LOC133665732",16978.1600115597
"LOC107999613",56250.2319483408
"LOC107999611",7933.39359563543
"LOC107999610",36166.3523072891
"LOC107999599",51374.4722004812
"LOC133665733",10006.3982746772
"LOC107999601",54941.5727398862
"LOC107999602",4517.27739332485
"LOC133665734",3961.85242528877
"LOC107999593",56774.2949288399
"LOC107999594",1227.66306475549
"LOC107999592",44955.4861878369
"LOC114577752",3397.27280160244
"LOC107999595",62427.4056455134
"LOC133665736",38058.6714577263
"LOC107999570",49663.8468984953
"LOC107999590",44375.370329971
"LOC107999591",52705.6012026548
"LOC107999588",22362.6242797971
"LOC107999607",59580.3229149739
"LOC107999609",49502.0798646357
"LOC107999578",35066.5007353852
"LOC114577759",3144.97723707328
"LOC107999587",21099.0331217331
"LOC133665725",2405.17790394007
"LOC107999586",147588.854526802
"LOC107999585",30225.8207724365
"LOC133665737",22064.1358519102
"LOC107999571",77553.9307607086
"LOC107999573",32696.2818689312
"LOC107999605",3990.98160849556
"LOC107999604",411.077241416753
"LOC107999606",977.822702275167
"LOC107999583",2237.69959549028
"LOC133665740",1176.41386431127
"LOC107992923",76855.8510513395
"LOC107992922",30376.9656120717
"LOC107992918",48035.6816280715
"LOC107992919",34166.9675811052
"LOC133665741",14951.8645315452
"LOC107992932",48642.1171371849
"LOC107992920",16736.5543645832
"LOC107999736",49410.7379601272
"LOC133665742",47947.7245510435
"LOC107995712",51627.3742317199
"LOC107995713",56912.1039836535
"LOC107995734",14858.2350885644
"LOC133665743",1626.91846910277
"LOC107995733",52542.8638850047
"LOC107992904",47674.9420648228
"LOC107992903",31648.3167393664
"LOC107992910",41469.8270022168
"LOC107992900",46185.0025727375
"LOC107992899",55864.7280999388
"LOC107992909",56856.5692428018
"LOC133665745",25743.6974650874
"LOC107992902",42555.9396656805
"LOC133665744",2349.74911090369
"LOC107992901",53439.6106878517
"LOC107992907",50916.0438558318
"LOC107992908",58421.7896923022
"LOC133665661",39476.8650391226
"LOC107992898",62314.3559654651
"LOC133665747",21074.7647935821
"LOC133665746",357.786617106672
"LOC107992905",26977.7915279557
"LOC107999565",59960.5828288884
"LOC133665748",756.70853548408
"LOC108004504",18191.8877604082
"LOC133665726",32006.0274417103
"LOC108004505",77959.8399326643
"LOC108004506",65037.3899941528
"LOC108004502",2723.16182882106
"LOC108004492",56457.1204760681
"LOC108004497",11040.023613365
"LOC108004514",55570.2449641284
"LOC108004508",47151.988785611
"LOC108004488",46822.2977253161
"LOC108004511",49984.3815240937
"LOC108004491",45499.0175547194
"LOC108004513",5400.60084797167
"LOC108004490",7347.67592848263
"LOC108004516",124997.192433641
"LOC108004500",22540.8706453435
"LOC133665749",3805.62472106844
"LOC133665750",12515.535712501
"LOC107996243",6420.44782035796
"LOC133665751",303.032827971957
"LOC107996244",31117.3152571
"LOC107996242",50679.2202452011
"LOC107999202",2693.17635958906
"LOC107995199",936.721151297456
"LOC107995207",1765.41538478258
"LOC107995202",1976.09240932422
"LOC107995210",2314.80349204162
"LOC107995209",1938.25655676232
"LOC107995211",32052.203030508
"LOC107995201",67129.7727745543
"LOC107992647",198807.539053704
"LOC107997516",1531044.88350368
"LOC133665703",22940.2991344407
"LOC133665704",2680.80853525731
"LOC107997530",51182.719608058
"LOC107997473",32411.8138845905
"LOC107997532",70764.2749776412
"LOC107997562",26540.2017399468
"LOC107997542",41857.3570100432
"LOC107997539",91607.7331650923
"LOC107997538",30075.2147521829
"LOC107997541",22695.8530051917
"LOC107997544",49170.3363426817
"LOC107997483",32157.3582897801
"LOC107997482",48139.6624370797
"LOC107997558",53950.9350352858
"LOC107997486",35105.3459439469
"LOC107997534",39256.6438278208
"LOC107997499",209799.25390462
"LOC114577506",1147.02571083141
"LOC133665706",10751.216676696
"LOC107997502",32622.4842856928
"LOC107997500",49189.203862557
"LOC107997536",56668.3081186197
"LOC107997535",43871.9110476092
"LOC133665708",3686.56182329034
"LOC107997548",1248517.7967092
"LOC107994252",198790.387343117
"LOC133665707",65861.4300391508
"LOC107997485",32812.2922978245
"LOC107997556",46418.6115112792
"LOC107997555",40791.6702401449
"LOC107998603",59097.4541529783
"LOC107997521",45040.9142525209
"LOC107997523",36499.3448803332
"LOC107997524",25178.22190434
"LOC107997520",56202.7914607234
"LOC107999829",51260.6564775533
"LOC107997478",32689.6968497011
"LOC107997552",44222.9865320576
"LOC107997481",53600.1542237588
"LOC107997543",79357.9864851669
"LOC133665730",4085.99299130511
"LOC107996370",122617.399211535
"LOC133665623",15661.4375459461
"LOC107995379",53269.4117932643
"LOC107995384",64792.971651047
"LOC107995377",9638.2986037105
"LOC107995378",48112.5894948427
"LOC107995383",47011.7734468816
"LOC107995387",45792.6503494481
"LOC107995386",37317.0583530917
"LOC107995388",2515.4060255452
"LOC107994023",17750.5694518584
"LOC107994022",56790.8518868193
"LOC107996026",142556.758354327
"LOC107996023",95276.900784629
"LOC107996022",135433.85389047
"LOC107996028",266944.159410942
"LOC107996025",57652.0449144032
"LOC107996024",56504.4975950753
"LOC107996027",71607.2448318956
"LOC133665709",1612.46277095811
"LOC107997758",243756.175893177
"LOC133665711",23224.8365627845
"LOC107994066",1201.20648849866
"LOC133665653",2218.52632489543
"LOC107994064",37569.6863227981
"LOC107994065",52507.2001248901
"LOC107994062",8798.0990682893
"LOC133665712",741.96943043593
"LOC107994063",13093.472783277
"LOC107994060",77499.9781656131
"LOC107993254",15703.8822015754
"LOC107993249",5760.24833966506
"LOC107993251",43117.2382154627
"LOC107993252",23892.7423817852
"LOC107993255",6732.17649675213
"LOC107993243",65939.3272230669
"LOC107993248",1216597.16748528
"LOC133665714",15731.8755344402
"LOC133665715",78192.9665639116
"LOC107993245",36623.3653602607
"LOC107993246",71860.6520644918
"LOC133665713",38678.6977021584
"LOC107993253",352.816512186486
"LOC107994245",292401.596160812
"LOC133665717",2281.64692066418
"LOC133665719",778.801240504742
"LOC107994247",58647.2796803734
"LOC133665716",2258.16436071162
"LOC107994249",29145.7856323404
"LOC107994248",11588.1472265863
"LOC107994244",120753.845889292
"LOC107996648",156431.477748548
"LOC133665718",6510.80059558408
"LOC107996846",54509.6461478111
"LOC107996697",41636.4568486753
"LOC107996914",25371.3796040594
"LOC107996798",59391.8908152194
"LOC107996647",27081.9852028792
"LOC107996797",4089.48950242434
"LOC133665720",23883.1947138992
"LOC107996801",11452.0804900344
"LOC107996800",41948.1497173134
"LOC107996646",36436.5794880386
"LOC107996896",7997.47532854581
"LOC107996688",53582.6507923061
"LOC107996790",31520.3710256748
"LOC107996789",46293.7185680378
"LOC107996792",28358.4519236424
"LOC107996645",27017.0985667295
"LOC107996788",55734.4903904916
"LOC107996704",44212.5525158751
"LOC107996705",45288.2516240836
"LOC107996644",32039.6139665884
"LOC107996875",61289.6839178013
"LOC107996776",70521.1612269781
"LOC107996775",40686.7346105129
"LOC107996774",69572.696250841
"LOC107996886",463198.44332978
"LOC107996919",5553.48278025125
"LOC107996876",54308.9272714107
"LOC107996809",343044.87866631
"LOC107996907",109950.164233036
"LOC107996921",9187.11632823525
"LOC107996920",2658.39006528574
"LOC107996642",55971.5205027348
"LOC107996892",8094.41188482281
"LOC107996690",37163.0561786227
"LOC107996854",49186.3639282336
"LOC107996855",49553.4365187573
"LOC107996853",33634.6383557079
"LOC107996851",32881.0304686424
"LOC133665723",364.823665508477
"LOC114577411",642.884191061082
"LOC107996815",34331.146288959
"LOC107996870",69406.5640907774
"LOC107996878",53132.506831311
"LOC133665722",7944.05273118667
"LOC107996910",39703.8733929583
"LOC107996701",34970.8331761577
"LOC107996786",46012.9442094467
"LOC107996782",71419.69666386
"LOC107996783",47332.615510334
"LOC107996784",264974.134695807
"LOC133665724",7399.16387657066
"LOC107996781",132849.301543839
"LOC107996699",40001.5922532382
"LOC107996879",48142.4651010324
"LOC107996880",39399.4152179665
"LOC133665654",23531.9164963054
"LOC107996641",43056.2098595097
"LOC107996695",52521.8546245911
"LOC107996696",41589.4591664689
"LOC107996693",27367.9411451477
"LOC107996825",23536.4391064888
"LOC107996827",38035.0239375309
"LOC107996834",50587.9056702316
"LOC107996860",55658.7036983632
"LOC107996706",62248.6693180262
"LOC107996828",51585.5116443856
"LOC107996843",60675.5184903559
"LOC107996844",5501.21042435236
"LOC107996734",1298959.75314449
"LOC133665656",21909.4806557737
"LOC133665658",5890.85626030428
"LOC133665657",1408.75199700272
"LOC114577375",2978.89266996761
"LOC107996736",12120.3011541551
"LOC107996735",9934.65433370743
"LOC107996737",3713.01217819717
"LOC114577376",41103.5777303642
"LOC107996707",39955.3784680122
"LOC133665662",14519.5587040754
"LOC107996811",11283.0630970483
"LOC107996810",293387.115976719
"LOC107996868",37432.7923604759
"LOC107996867",27054.985034368
"LOC107996869",39896.1179387457
"LOC107996713",27497.19251298
"LOC107996702",59576.0732066397
"LOC107996906",45369.6589108753
"LOC107996891",3198.69643197305
"LOC107996887",12803.3419877423
"LOC107996888",50350.1951653521
"LOC107996638",43033.9908613565
"LOC107996738",82541.9218386259
"LOC133665664",156436.71979185
"LOC107996741",52754.6400821516
"LOC133665663",280514.092335628
"LOC107996733",1131.99595604889
"LOC114577396",14171.8694037697
"LOC114577387",15208.8855052291
"LOC107996694",35496.1914333629
"LOC107996692",40268.0026933828
"LOC107996725",3775.96588879186
"LOC107996637",175114.506458563
"LOC114577391",18116.3660217087
"LOC107996814",466270.75425077
"LOC107996862",100969.018176036
"LOC133665665",2951.21679842541
"LOC107996915",21267.9187635355
"LOC107996796",47962.9168722634
"LOC107996793",3691.9669746008
"LOC107996795",27546.8644838036
"LOC107996794",7149.36851648484
"LOC107996823",101579.252446391
"LOC107996824",45396.7113586853
"LOC133665666",2211.33194021968
"LOC107996885",47387.0976470621
"LOC107996893",59030.6808171966
"LOC107996908",42407.5049752598
"LOC107996714",36628.5767120705
"LOC107996835",72148.7190494421
"LOC107996730",909.318846394271
"LOC107996708",826.399009545126
"LOC107996922",70854.277957198
"LOC107996898",20284.2151913979
"LOC107999086",67733.4908425054
"LOC107996636",59923.4786177604
"LOC107996685",34807.8090237341
"LOC107996865",41733.0302285858
"LOC107996635",9242.07454801232
"LOC107996703",30025.2823891032
"LOC107996863",54199.9261661584
"LOC107996864",45262.046858434
"LOC107996905",44525.627586954
"LOC107996904",43972.1481847708
"LOC107996687",50099.9049823083
"LOC107996842",45190.5276091205
"LOC107996634",20300.1878313857
"LOC107996841",18462.3975058544
"LOC107996715",511.125444887509
"LOC107996812",185794.318818338
"LOC107996813",36880.7287613233
"LOC107996845",146137.572681126
"LOC107996681",391839.922898644
"LOC107996665",70312.9292555194
"LOC107996660",423.550102678342
"LOC107996651",385.456841935923
"LOC107994628",14821.5457193356
"LOC107996662",664.431362250224
"LOC107996654",1829.04806164369
"LOC107996649",1543.5512128747
"LOC107996656",736.868242107191
"LOC107996652",2272.20560226159
"LOC107996653",7017.4093622673
"LOC107996667",1251.77578411685
"LOC133665630",1697.49140245652
"LOC107996765",575.604290367878
"LOC107996747",751.771318033833
"LOC107996746",5026.36396566713
"LOC107996763",4185.36699040699
"LOC107996764",2544.26122352497
"LOC107996760",717.779441031172
"LOC107996771",12860.3801792454
"LOC107996766",9004.66573847358
"LOC114577383",8313.53219729891
"LOC107996768",1053.12980689869
"LOC114577389",2643.55441046065
"LOC107996633",25611.8386828865
"LOC107996744",8561.09504459935
"LOC107996745",3007.61981230266
"LOC133665667",1237.26888239842
"LOC107996632",3187.05791677755
"LOC107996761",2200.41184092909
"LOC133665670",1716.28518378682
"LOC114577384",2337.13723777847
"LOC107996758",2223.5169169571
"LOC107996748",722.07915712091
"LOC133665673",661.61080753514
"LOC133665671",1443.33259283466
"LOC107996759",2092.5871640538
"LOC107996752",615.643103829611
"LOC107995455",3018.07710935531
"LOC107995454",1713.12676810235
"LOC133665672",478.470284505875
"LOC107996756",2415.21045101283
"LOC107996743",8625.83109113789
"LOC107996754",741.510644362371
"LOC107996749",66623.2476192433
"LOC107996750",31252.1104141668
"LOC107996720",1330.08273605211
"LOC107996630",37481.8702690582
"LOC114577400",15073.6348651221
"LOC107996856",43185.7878868807
"LOC107996857",42759.2588547265
"LOC107996858",35150.6212026907
"LOC107996840",53613.7446561342
"LOC107996895",46437.2315728361
"LOC107996691",40107.1326968743
"LOC107996912",47702.2751260956
"LOC107996729",20511.6191028937
"LOC107996779",63534.1661981349
"LOC107996778",105285.147727724
"LOC133665674",4349.40419196803
"LOC114577404",42840.28942297
"LOC107996727",72642.9754876904
"LOC107996836",61807.0931827282
"LOC107996847",68763.7523548641
"LOC107996629",2517.29984466952
"LOC107996698",2970.83264646601
"LOC107996918",1644.38356973735
"LOC107996913",1799.84403486787
"LOC107996837",35367.9491238645
"LOC107996838",40958.0995148546
"LOC107996903",2012.13539860375
"LOC107996808",37471.1203869067
"LOC107996884",47821.3657860909
"LOC107996883",26340.5245856706
"LOC107996882",9426.06156020049
"LOC133665675",8079.28813468247
"LOC114577406",1407.40611056086
"LOC107996732",27408.8741321211
"LOC107994292",51385.708312696
"LOC107996626",43655.3930393541
"LOC133665676",6130.73784981091
"LOC107996780",56167.2338899088
"LOC107996625",19876.0488158795
"LOC107996803",620840.508787818
"LOC107996623",48587.4761743014
"LOC107996804",40495.3638749825
"LOC107996807",46174.6462817823
"LOC107996806",63108.608688721
"LOC107996902",63746.0128963008
"LOC107996897",29659.6094987971
"LOC114577409",3622.5023087333
"LOC107996850",13775.4919404521
"LOC133665702",1070.00147024754
"LOC107996848",254610.250522115
"LOC108000104",3226.78641348374
"LOC107996719",1055.42889608081
"LOC107996830",3971.17153587044
"LOC107996831",2346.35567205171
"LOC107996829",12538.9012801094
"LOC107996622",38499.1079693643
"LOC107996832",2028.9186560582
"LOC107996689",44470.5881169072
"LOC107996866",4719.98781158845
"LOC107996894",18731.8902132692
"LOC107996709",7862.95143184196
"LOC107999025",15553.7511919885
"LOC107996873",56566.7225035578
"LOC107996872",39242.029354308
"LOC107996871",24905.9778796442
"LOC107996787",8007.85861572908
"LOC107996621",125963.717471364
"LOC107996620",97712.6610276951
"LOC107996712",9951.94273606478
"LOC107996822",71688.9847505138
"LOC107996821",30670.9796270875
"LOC107996820",124809.136719466
"LOC107996816",107335.098482008
"LOC107996901",125812.03039257
"LOC107992968",51135.1419950413
"LOC107992971",52408.4604479721
"LOC107992969",48989.2186671742
"LOC107992972",934.30668615207
"LOC107992973",579.368739703995
"LOC107992981",2675.77640448188
"LOC107992967",5740.48482827351
"LOC133665678",507.979416179721
"LOC107992960",412127.485560841
"LOC107992990",87411.596518174
"LOC107992985",20463.3991118089
"LOC107992964",30154.5240198293
"LOC107992965",19797.6317069709
"LOC133665679",4329.69091663179
"LOC114576754",1669.65369027627
"LOC107992988",23133.6067282132
"LOC107992987",9832.4231479842
"LOC107992976",33009.7146638262
"LOC107992980",1612.441512061
"LOC107992977",4758.45062737556
"LOC107992963",60423.4182488848
"LOC107992961",296186.459245344
"LOC107992962",4449067.69579726
"LOC107992982",37956.6734453121
"LOC107992983",41270.7116987553
"LOC107992984",50603.5738541434
"LOC108002811",144675.849550941
"LOC133665680",11463.2158424784
"LOC108002813",43375.5291632789
"LOC108002812",49499.3179442236
"LOC108002814",49391.4990035918
"LOC108002734",3851.31169424227
"LOC108002775",15341.7294094086
"LOC108002772",33033.4284876421
"LOC108002773",34052.35315991
"LOC108002582",133410.141280971
"LOC108002709",167602.882932369
"LOC108002715",6437.12178167493
"LOC108002713",48123.7378004265
"LOC108002717",34792.844814155
"LOC108002718",31393.0879666764
"LOC108002712",46717.5234165858
"LOC108002708",45988.5738337025
"LOC108002711",4070.58004084905
"LOC108002714",29334.2722572849
"LOC108002720",37348.1677483854
"LOC107996247",36671.3890474978
"LOC108002721",39324.0042993258
"LOC108002719",24453.544847641
"LOC108002938",39432.9992354035
"LOC108002922",53161.277284822
"LOC108002928",18085.3486037532
"LOC108002907",47834.1564996429
"LOC108002833",57829.9881680547
"LOC108002939",5419.83278990814
"LOC133665681",5449.52602359582
"LOC108002879",45966.9146798119
"LOC108002881",33916.2996402115
"LOC108002897",88231.3809308425
"LOC108002899",40760.0386717083
"LOC133665682",10032.1731244045
"LOC108002732",40618.5505630999
"LOC108002766",129668.01397687
"LOC108002768",27918.7967339723
"LOC108002836",213212.647825315
"LOC108002837",56858.5753387998
"LOC108002686",207626.577895439
"LOC108002827",68904.9862792898
"LOC108002826",65827.531503147
"LOC108002847",36489.0322202797
"LOC108002687",51182.051370464
"LOC108002846",56555.5214811923
"LOC108002688",56443.5084283024
"LOC108002905",70497.7020343684
"LOC108002906",9705.60382102019
"LOC108002884",48527.5841972992
"LOC108002887",85853.9434840255
"LOC108002886",36262.6895039722
"LOC108002935",4137.44193093375
"LOC108002856",42522.4369124586
"LOC108002858",56266.2091269323
"LOC108002728",39487.7129572105
"LOC108002893",27621.4831825496
"LOC108002894",51117.0442015519
"LOC108002895",60542.0226395873
"LOC108002918",1361.2227832858
"LOC108002917",563.428871247454
"LOC108002803",1227.09167291555
"LOC108002801",86304.3156898629
"LOC108002915",63245.7154795263
"LOC108002925",124813.984003191
"LOC108002882",55459.09058557
"LOC133665684",25491.4363653151
"LOC108002883",16393.1403600604
"LOC108002738",2726.36200335904
"LOC108002927",18019.6558775463
"LOC108002873",8778.83429906326
"LOC108002869",29191.8380327745
"LOC108002871",34211.1822502847
"LOC108002872",35885.1967663408
"LOC108002937",56748.6227925725
"LOC108002794",56506.0959923589
"LOC108002793",67605.3151704161
"LOC133665686",3429.37840409376
"LOC108002792",100090.930691768
"LOC108002823",27825.1525714753
"LOC108002825",8847.92537937484
"LOC108002824",11934.6054198218
"LOC108002821",54840.3209926343
"LOC108002820",7621.76043264387
"LOC108001544",82275.7998446813
"LOC108002776",50019.8609847827
"LOC108002781",66124.5194753287
"LOC108002783",24581.6277400308
"LOC108002778",43646.3350523498
"LOC108002782",1319.51868903824
"LOC108002784",2184.48801983067
"LOC108002777",4390.67096008766
"LOC108002914",2003.45799658636
"LOC108002913",1966.10712467747
"LOC108002752",4236.40067392304
"LOC108002748",35485.8263028666
"LOC108002754",7172.97006617754
"LOC108002751",40214.6459506927
"LOC108002755",37625.0194251323
"LOC108002749",72645.4659004594
"LOC108002747",177028.780877579
"LOC108002694",1145.02979315291
"LOC108002853",23156.7368082379
"LOC108002854",3294.64801600189
"LOC114578133",22614.0512956925
"LOC108002888",52651.6660593429
"LOC133665687",12009.0085327841
"LOC108002926",63212.0176209123
"LOC108002731",4827.35616181913
"LOC108002695",7076.35748574739
"LOC108002696",87710.1619967385
"LOC107992455",69970.598449179
"LOC107992454",50609.1492507383
"LOC108002863",21150.1286189715
"LOC108002865",78580.4707058675
"LOC108002697",5876.47794475924
"LOC108002509",74722.6527340878
"LOC108002866",57273.5902880223
"LOC108002868",40016.5566840366
"LOC108002867",2361.88748564284
"LOC108002730",51199.4457161488
"LOC108002737",21995.1519664222
"LOC108002943",11538.3899136641
"LOC108002861",43982.6549864595
"LOC108002860",9194.98144265435
"LOC108002859",93263.5488164509
"LOC108002829",25349.7653283759
"LOC108002831",61257.6399825835
"LOC108002832",41007.7964089151
"LOC108002830",7378.99926406257
"LOC108002839",68523.4469455883
"LOC108002840",7277.4243544187
"LOC108002699",11518.4904309111
"LOC108002701",16230.2179807951
"LOC133665655",5080.17815114783
"LOC114578138",8778.55167335828
"LOC108002764",36168.2791903988
"LOC108002762",63069.9760421251
"LOC108002759",27643.8764238806
"LOC108002874",29518.9375060051
"LOC108002875",45363.5572274287
"LOC108002841",87726.2816318232
"LOC108002702",36036.5606175032
"LOC114578304",29790.263532681
"LOC108002843",54505.9186457971
"LOC108002844",14110.8440948937
"LOC107994028",62163.757531008
"LOC108002923",49311.3353789502
"LOC108003706",80369.0800628806
"LOC133665697",13899.0468637374
"LOC133665696",7856.74167692172
"LOC108002845",78226.5156459936
"LOC133665695",13406.43353869
"LOC108002891",68433.6893461403
"LOC108002797",60396.1038452458
"LOC108002798",64587.4409367284
"LOC108002704",34038.7081426971
"LOC108002799",64064.6618069687
"LOC108002800",65536.8069497682
"LOC133665694",48540.8869254843
"LOC108002933",35740.9005414758
"LOC108002910",56819.749108359
"LOC108002727",39679.6976412193
"LOC108002920",39297.0999148235
"LOC108002924",58662.2142632804
"LOC108002889",77473.3126138961
"LOC108002890",30856.7861809906
"LOC108002725",60638.7191020577
"LOC108002912",78695.8590520537
"LOC108002530",44668.5149799813
"LOC108002931",45066.5341436156
"LOC108002852",63061.2151240003
"LOC108002851",36136.4552726285
"LOC108002745",1731.56330581059
"LOC108002723",36429.1658297446
"LOC108002743",2421.37737621964
"LOC108002758",739.729824371063
"LOC108002940",1715.18257964771
"LOC108002787",53728.8083760156
"LOC108002789",29269.0208938617
"LOC108002706",58320.6038328215
"LOC108002790",62450.4237486552
"LOC108002788",55858.3921413365
"LOC108002791",47173.5917877965
"LOC108002785",50030.955472364
"LOC114578240",37500.2412153396
"LOC108003744",46841.8281230069
"LOC107992994",50682.8720929752
"LOC108002876",57867.9825778261
"LOC108002877",19747.7846533438
"LOC108002942",32411.0085124006
"LOC108002909",57945.5202471013
"LOC108002908",37905.2777933122
"LOC108002739",26275.2519735414
"LOC108002903",52403.8332638419
"LOC108002904",41154.0299942591
"LOC108002729",41193.4507791074
"LOC108002742",5411.41479890989
"LOC108002944",9204.23169614341
"LOC133665698",769.233859775026
"LOC108002741",4106.32627177489
"LOC108004221",206567.381004789
"LOC114578149",4283.62710541357
"LOC108000922",54876.1817172831
"LOC108002911",49769.512552527
"LOC108002810",51044.7530741867
"LOC108002806",23391.3397916741
"LOC108002805",41214.341331579
"LOC108002809",50417.7596478512
"LOC108002804",8178.61610368919
"LOC108002807",3280.9735646964
"LOC108002724",36293.1173966603
"LOC108002936",32178.1986515695
"LOC108002733",40891.5613526721
"LOC108002929",46801.4842596104
"LOC108002930",39617.2332732827
"LOC108002901",43629.3501992506
"LOC108002900",52748.7696687577
"LOC108002916",54019.4596452658
"LOC108002817",34343.9985317029
"LOC108002818",51992.6840338783
"LOC108002819",59560.1520262873
"LOC108002848",23352.9788833243
"LOC108002850",49348.7921328428
"LOC108002896",52092.4211459168
"LOC107992486",92225.8356865183
"LOC107992504",45759.8741280723
"LOC133665699",9998.85285276081
"LOC107992502",48589.855044674
"LOC107992496",54277.6562483584
"LOC107992456",16723.7593605503
"LOC133665701",825.261158229025
"LOC107992463",39185.5706723066
"LOC107992499",49057.7447687725
"LOC107992500",49822.8182475789
"LOC107992461",48524.1535463785
"LOC107992495",57699.0768664554
"LOC107992468",26577.8255987524
"LOC107992467",32030.4530219083
"LOC107992465",55846.8977962795
"LOC133665700",873.045435064695
"LOC107992464",55283.8845869389
"LOC107992501",57601.9636186243
"LOC107992458",14249.4478015224
"LOC107993571",35369.8366866642
"LOC107992492",52744.906256386
"LOC107992491",43633.9298151137
"LOC107992459",58163.8903596664
"LOC107992462",43251.4380420597
"LOC107992498",34550.020249423
"LOC107992497",41299.8519807427
"LOC107992470",28904.9281983388
"LOC107992471",33207.1218017577
"LOC107992473",5941.65124662747
"LOC107992469",59275.9125548576
"LOC107992472",55602.9719143963
"LOC107992474",77481.2928013266
"LOC107992477",51006.8434505162
"LOC107992476",49459.3000646062
"LOC107992505",2115.54832565257
"LOC107992484",3987.35386880507
"LOC107992460",9339.00013497689
"LOC107992482",2099.01319556288
"LOC107992483",15911.9416823493
"LOC107992481",24135.8509836137
"LOC107992480",46840.8129122061
"LOC107992478",50562.3272600606
"LOC107992489",38153.4667838059
"LOC107992490",50123.9697480663
"LOC107992487",8121.90181835253
"LOC107992494",75865.7079274452
"LOC133665865",4382.32563726873
"LOC108004077",46638.4476687427
"LOC108004111",77784.6207355135
"LOC108004112",43122.1479132168
"LOC108004081",41455.0832996965
"LOC108004078",66302.4621511446
"LOC108004095",58841.3984130527
"LOC108004092",30478.4521209254
"LOC108004096",37115.2223087038
"LOC108004093",38497.0802538352
"LOC108004073",53234.3679426945
"LOC108004071",52721.3162317704
"LOC114578295",13691.0826212554
"LOC108004088",32828.0862348591
"LOC108004066",47640.5032672922
"LOC108004086",10029.7372216105
"LOC108004085",45581.2422284898
"LOC108004082",59703.0733450898
"LOC108004070",47861.3366360816
"LOC108002707",56766.2587546967
"LOC108004084",49840.5614677337
"LOC133665866",2858.97830779893
"LOC108004074",60210.4381887168
"LOC108004068",53288.8376502338
"LOC108004100",62022.6494089271
"LOC133665867",34632.9667890218
"LOC108004102",52970.4748367141
"LOC108004101",52234.6174997189
"LOC108004110",48774.1397644508
"LOC108004090",68677.891600139
"LOC114578292",15645.6328205684
"LOC108004089",70522.8690811973
"LOC108004067",70154.9628948756
"LOC133665868",10597.1897181859
"LOC108004091",56717.7782816812
"LOC108004104",58030.0581970643
"LOC108004103",58136.7728818853
"LOC108004109",49216.2419605782
"LOC108004072",36213.5848637239
"LOC108004105",55668.5739717239
"LOC108004107",57293.3816834411
"LOC108004113",10350.5005671261
"LOC108004080",42365.3524715317
"LOC108004098",56216.1702941195
"LOC108000901",35917.1177102062
"LOC108000902",3929.04080428618
"LOC108000900",1549.33861248238
"LOC107994293",2195.88990995199
"LOC107994294",133980.506840266
"LOC133665869",49283.4222182955
"LOC108001742",2105.08098872282
"LOC114578045",25178.9096480372
"LOC108001746",1391.56348413837
"LOC133665859",1358.44762184355
"LOC133665858",5279.89869795312
"LOC108001744",2549.16431892511
"LOC108003834",5077.96194289036
"LOC108001743",3296.54218955699
"LOC107993576",48779.5899936914
"LOC107993574",80098.5213410115
"LOC107993572",20402.9411020309
"LOC107993575",1940.37144195551
"LOC107996034",212390.864253082
"LOC133665870",1492.5813943466
"LOC133665871",3538.55890912184
"LOC114577281",767.262938086538
"LOC107996035",45269.7372037367
"LOC133665873",6132.94067698906
"LOC107998634",43333.7764351847
"LOC107992514",63020.638616658
"LOC107992519",27940.4506128112
"LOC107992512",16690.1963091216
"LOC107997013",94490.2716005296
"LOC133665874",885.55045057359
"LOC107992513",653.821767248444
"LOC107992511",83714.7853429778
"LOC133665875",6677.66179241647
"LOC107992523",15042.5766666361
"LOC107992518",149692.343614902
"LOC133665876",1923.49278980756
"LOC133665877",25667.1025588525
"LOC107992521",69240.8284885451
"LOC107992517",49795.0153711071
"LOC107992516",74423.2263177761
"LOC107997131",46736.1234321313
"LOC107997132",2394.62619065325
"LOC107997140",48803.4011023429
"LOC107997120",32672.8235487038
"LOC107997119",37081.5731049331
"LOC107997026",57053.9416790655
"LOC107997042",30488.1886794826
"LOC107997117",29968.2037267565
"LOC107997118",44930.3948435533
"LOC107997116",41478.7170720664
"LOC107997115",50789.2177915028
"LOC107997113",35832.4983088759
"LOC107997112",49353.9141637511
"LOC107997036",4365.33999364519
"LOC114577433",1277.19908323986
"LOC133665756",628.171598097359
"LOC107997128",17985.144618099
"LOC107997127",234820.210462485
"LOC114577426",3879.03740962734
"LOC133665878",2778.63720145028
"LOC133665759",1543.59173679248
"LOC133665879",2390.83478616068
"LOC107997021",40707.3523835069
"LOC107997022",13231.7404034545
"LOC107997027",50346.0966257291
"LOC107997028",52800.1063529463
"LOC114577427",52416.9125856375
"LOC107997138",137347.251593194
"LOC133665880",2140.56632858295
"LOC108002334",321.710198928456
"LOC107997030",8008.41782094806
"LOC107997041",10437.2489812284
"LOC107997038",25468.3319189929
"LOC107997089",55364.8810447713
"LOC107997029",44061.2910741599
"LOC107997015",32775.1201867739
"LOC107997025",50617.3941765933
"LOC107997016",116360.190091645
"LOC107997143",10747.0191366185
"LOC107997111",517.05726080651
"LOC107997110",39121.7394874673
"LOC107997109",36327.3843539494
"LOC107997136",56276.6797269216
"LOC107997070",615934.834728878
"LOC107997072",107902.264600957
"LOC107997074",1588.10461831907
"LOC107997039",31513.6119673304
"LOC107997035",66995.4174899588
"LOC107997086",85794.3100025232
"LOC114577435",29696.947058291
"LOC107997083",4494.72049240217
"LOC107997085",8800.67703439817
"LOC133665881",3235.42553737702
"LOC107997084",13333.6456848348
"LOC107997092",73938.8968526354
"LOC107997095",19922.8650180861
"LOC107997094",25310.3646707852
"LOC133665769",6755.48614452297
"LOC107997031",1288.7437511743
"LOC107997142",2059.63894361404
"LOC107997139",35268.0781687999
"LOC107997098",3083.27939771471
"LOC107997096",30622.4207897696
"LOC107997099",2180.28980911698
"LOC107997077",55718.8553792082
"LOC107997078",27132.4395380871
"LOC107997076",69978.9889186048
"LOC114577432",3938.89534093382
"LOC107997080",1677.82871488451
"LOC133665770",2512.86813524725
"LOC107997064",230976.272367125
"LOC107997066",21188.8854144293
"LOC107997102",39623.2684958386
"LOC107997103",51442.139748669
"LOC107997090",80538.2271688585
"LOC107997043",21096.4996081376
"LOC107997125",4348.75661179758
"LOC107997126",30286.8797693366
"LOC107997108",162863.201420223
"LOC133665771",2509.14430354074
"LOC107997133",42830.3208132677
"LOC107997020",43037.1196508352
"LOC107997017",37751.2336310172
"LOC107997129",10281.6217699095
"LOC107997130",34521.1501319823
"LOC107997048",64314.8502883792
"LOC107997049",67022.7610272395
"LOC107997050",35664.7782124401
"LOC107997055",50424.08070612
"LOC107997056",31984.3018935444
"LOC107997051",44722.0352439882
"LOC107997052",40085.0158172311
"LOC107997057",38257.0801908032
"LOC107997053",52712.6982640412
"LOC107997105",41934.7741138677
"LOC107997104",53015.4590769636
"LOC107997060",62054.3804527335
"LOC114577429",1475.30767199972
"LOC107997063",6282.21839708142
"LOC107997061",36559.6616402937
"LOC107997059",53659.4579551958
"LOC107997106",31786.9578207649
"LOC107997107",52360.1124202973
"LOC107997023",35815.6834750282
"LOC107997082",60013.8662970169
"LOC107997067",146188.105366834
"LOC133665772",17656.4298231213
"LOC107997069",12852.6092169638
"LOC107997068",22593.7239316874
"LOC107997032",35414.3702238504
"LOC107997123",20980.6100197876
"LOC107997122",37648.929844522
"LOC107997134",39390.976297043
"LOC107997135",21532.8666865733
"LOC107997018",55252.0837124967
"LOC107997019",86324.7509755231
"LOC107995718",51733.2223591475
"LOC107992549",57479.400521855
"LOC107992551",32121.0420894626
"LOC108003360",59245.2378615765
"LOC107992528",61461.5880880747
"LOC107992543",52448.8553882313
"LOC133665773",2299.27650076065
"LOC133665864",506.296317641361
"LOC107992527",44610.5047994881
"LOC107992547",817.008585159569
"LOC133665862",2671.31943842427
"LOC107992539",6195.59564814765
"LOC133665861",653.967450880128
"LOC114576820",48074.2026209979
"LOC107992533",12418.4844230637
"LOC107992538",1919.37286138311
"LOC107992536",18152.2346908507
"LOC107992534",31671.9009034779
"LOC107992531",40265.5967106167
"LOC107992535",23806.5924303056
"LOC107992530",9707.66573475442
"LOC107992553",8157.40277574248
"LOC133665774",4893.37274965547
"LOC107995213",159068.073513682
"LOC114576819",2897.7596643083
"LOC133665758",8824.61411813341
"LOC114577175",2005.33392012291
"LOC114577176",1375.35321951114
"LOC107993844",38911.8591574694
"LOC107993843",27561.2214493645
"LOC107993896",52037.6807223761
"LOC107993880",47457.6429092044
"LOC107993881",49213.4130449079
"LOC107993879",36301.0679570007
"LOC107993898",50720.999238632
"LOC107993846",15916.1678784416
"LOC107993895",53121.6105281449
"LOC107993865",87145.3943723761
"LOC107993867",19916.7767194982
"LOC133665776",40736.5420723857
"LOC107993868",49808.8831859047
"LOC107993866",66995.6286608151
"LOC133665778",1320.03239543918
"LOC107993877",116069.275803007
"LOC133665775",50285.3135551309
"LOC107993878",51614.254630394
"LOC107993875",81088.4046170767
"LOC107992915",79860.123115093
"LOC133665777",13880.7256999213
"LOC107993891",44925.1130301573
"LOC107993892",40573.8166464689
"LOC107993893",31671.1694971513
"LOC107993894",41923.1629645752
"LOC107993871",34064.350446026
"LOC107993873",26560.2553496941
"LOC107993869",34641.0751527323
"LOC107993870",89408.91295118
"LOC133665779",19290.621877106
"LOC107993872",34114.3882624235
"LOC107993845",49823.8001720357
"LOC114576994",20665.717358809
"LOC107993888",47507.3835029542
"LOC107993883",26370.7217667676
"LOC107993884",45386.7825661796
"LOC107993885",49264.8480637211
"LOC107993842",19654.9613424135
"LOC107993862",28957.215052449
"LOC107993855",44415.9058175023
"LOC114576993",4036.02669231048
"LOC107993854",54727.1134035338
"LOC107993857",61910.5034341731
"LOC133665763",39268.5078688309
"LOC107993856",41979.3206716249
"LOC107993861",17119.0379351023
"LOC107993859",43487.6006193166
"LOC107993858",5495.43610473427
"LOC107993864",23220.003524805
"LOC107993889",47641.2704719906
"LOC107993847",47369.7640299767
"LOC133665785",604.32927152936
"LOC107993848",8226.47351820733
"LOC107993851",1939.43755906273
"LOC107993850",19149.6401929047
"LOC107993841",8056.93114157451
"LOC107993852",39669.0727909206
"LOC133665781",1491.80664696296
"LOC133665784",42541.900452207
"LOC133665782",2427.63653151989
"LOC133665780",8132.76794600722
"LOC133665787",1134.20942592795
"LOC133665632",925.425957142873
"LOC133665788",1720.62273605857
"LOC107992507",10237.6073568285
"LOC107992506",40688.3897314487
"LOC107997264",38296.3211923776
"LOC107997289",45494.9606439068
"LOC107997286",46143.716549766
"LOC108000919",6797.3213154061
"LOC107997287",62716.3124768559
"LOC107997360",25154.6562276609
"LOC107997361",1206.83936926947
"LOC107997325",52060.1919571541
"LOC107997326",53531.1647020152
"LOC133665789",5660.46651143665
"LOC133665790",1110.58523591924
"LOC107997357",54385.3111612883
"LOC107997306",31609.8331701602
"LOC107997308",1050.67888667419
"LOC133665791",920.122787497704
"LOC107997307",2230.30096627637
"LOC107997259",39257.0763377325
"LOC107997352",53274.2966865604
"LOC107997339",854.306973407505
"LOC107997321",53861.9788228538
"LOC107997319",62559.4655276113
"LOC107997347",33771.205327462
"LOC107997350",47258.8236449686
"LOC108002416",25051.2641263065
"LOC108002415",53573.9816662446
"LOC107997331",43978.2973308046
"LOC107997332",62808.1646041279
"LOC107997314",57421.1957299742
"LOC107997312",58555.5241738453
"LOC107997261",45967.4067839211
"LOC107997263",29759.2702975659
"LOC107997290",98188.1950152265
"LOC107997291",10069.3858116376
"LOC107997294",344.705369415828
"LOC107997293",3620.05936959598
"LOC107997257",124808.091881229
"LOC114577470",9055.45339487958
"LOC107997285",17408.9784218458
"LOC107997346",44236.3093896234
"LOC107997260",34066.287365378
"LOC107997358",49820.9889711008
"LOC107997256",1998.6006585955
"LOC107997302",17730.6583516087
"LOC107997305",56320.0005491762
"LOC107997301",59996.2513650907
"LOC133665792",23807.0365089764
"LOC107997338",59917.472567478
"LOC107997310",7459.98637779291
"LOC107997309",11403.6152825865
"LOC107997311",7323.7299289093
"LOC107997317",37996.0344403711
"LOC107997316",63963.0891690301
"LOC107997277",31850.7056183723
"LOC107997276",55411.4003768752
"LOC107997273",84094.205729207
"LOC133665793",2954.34249132509
"LOC133665794",4134.96654253981
"LOC107997266",44924.6062515055
"LOC107997341",42506.3747000271
"LOC107997279",61321.4718447072
"LOC107997281",60772.1503814291
"LOC107997278",75632.1929914588
"LOC107997282",36704.9357038646
"LOC114577467",9502.23696532199
"LOC114577466",5822.44130726087
"LOC114577465",1849.7275282283
"LOC107997268",6563.08593564172
"LOC107997270",56598.4202001375
"LOC107997269",325553.504376128
"LOC133665795",1610.7365962967
"LOC107997322",19474.4652835031
"LOC107997324",2282.47119986108
"LOC107997323",2804.81772250484
"LOC107997265",623.206576689349
"LOC107997300",35922.2548158124
"LOC107997297",15568.3213121297
"LOC107997298",26779.8161936238
"LOC107997296",146844.289985226
"LOC107997295",9630.03827452725
"LOC107997355",45833.3153339102
"LOC107997356",71048.8353606306
"LOC107997330",43862.293045287
"LOC107997328",38511.635128924
"LOC107997327",22437.3033737381
"LOC107997345",15729.1625618649
"LOC107997343",55508.2078134945
"LOC107997344",46989.1481859178
"LOC107997334",87249.1616326517
"LOC107997333",49180.191542
"LOC107997335",40932.9634514392
"LOC107997336",55010.9210154088
"LOC107997354",40477.8596036965
"LOC107997353",47944.9905192308
"LOC107996153",13107.1619940934
"LOC133665796",2463.84870830595
"LOC107999015",35102.1965837519
"LOC107999017",53737.5442972556
"LOC107999016",12494.8895153947
"LOC133665798",3165.51686185093
"LOC107998053",13990.2211496535
"LOC107998166",22754.6517797424
"LOC107998164",113660.696149776
"LOC114577586",657.496797359365
"LOC114577587",4633.32912157605
"LOC107998082",28519.1358572923
"LOC107998218",124373.9894479
"LOC107998219",631.19672965527
"LOC107998261",64018.496102005
"LOC107998178",45351.5850021191
"LOC107998179",208245.756189366
"LOC133665799",491.519673818083
"LOC114577592",22654.3769615139
"LOC107998256",36045.2798639462
"LOC107998118",57242.141854065
"LOC107998054",8608.77342268663
"LOC107998071",56373.8093687459
"LOC107998187",58649.2287069273
"LOC107998070",37145.0570026041
"LOC107998055",347.515053469496
"LOC133665801",32144.8470297267
"LOC107998098",1652.68689536609
"LOC107998096",87787.1765395063
"LOC133665802",15221.8857703564
"LOC107998095",65918.4488170617
"LOC107998097",61156.1708926879
"LOC107998088",15393.252296279
"LOC107998155",153362.590872455
"LOC107998092",60844.4583907505
"LOC107998190",139210.71337929
"LOC114577577",15165.8405605421
"LOC114577578",7861.9842533857
"LOC107998058",42129.9845445859
"LOC107998217",1479.21540068806
"LOC107998216",35187.3378957028
"LOC107998185",30981.0229637227
"LOC107998186",45214.6771974729
"LOC107998151",175960.637630725
"LOC133665803",26774.8117348939
"LOC107998153",57919.9640215245
"LOC107998203",38827.4115837933
"LOC107998204",14702.7501132236
"LOC107998240",47349.4273780147
"LOC107998235",25905.9183377944
"LOC107998227",43863.8403639303
"LOC114577585",6287.65202847204
"LOC107998080",57109.3688523897
"LOC107998075",53794.3474367311
"LOC107998245",47090.2283235579
"LOC107998228",210581.452623666
"LOC133665804",19910.0240266274
"LOC107998089",43235.7144284261
"LOC107998143",61817.2729756003
"LOC107998145",100977.762500883
"LOC107998144",117472.417006687
"LOC133665806",11463.5194878111
"LOC107998223",65127.1874320125
"LOC107998128",50051.7134476854
"LOC107998125",50045.2274824692
"LOC107998129",49889.830355688
"LOC107998131",43406.4261944491
"LOC107998127",43410.3756027326
"LOC107998130",32991.2240136158
"LOC107998197",52412.587930409
"LOC107998196",6758.09377068796
"LOC107998198",19964.3149719952
"LOC107998229",54448.5557605997
"LOC107998169",6105.05104910472
"LOC107998170",24569.2984778436
"LOC107998171",48911.7055426327
"LOC107998173",42643.6501004476
"LOC133665805",48269.6114069588
"LOC107998072",54787.2293046123
"LOC107998241",4900.68508334699
"LOC107998242",47326.4595704672
"LOC107998243",28650.7668943343
"LOC107998060",31529.0546275846
"LOC107998109",35666.8219032715
"LOC107998110",6491.09252348525
"LOC107998108",72923.1340840207
"LOC107998111",38352.7286045616
"LOC107998233",78499.8309228159
"LOC107998137",58934.5415678571
"LOC107998138",42570.0481276049
"LOC107998140",41452.4348378389
"LOC107998139",37115.3624044743
"LOC107998214",16517.2807259765
"LOC133665807",5831.67425499668
"LOC114577574",21900.1800513498
"LOC107998167",62431.2769596558
"LOC107998168",50531.0036679285
"LOC107998074",31583.3348263702
"LOC107998077",56888.2630752736
"LOC107998212",13254.6463814596
"LOC107998211",46737.8302444927
"LOC107998213",47926.8568752841
"LOC133665764",1319.97346883714
"LOC107998160",36096.2201721521
"LOC107998159",44705.9525498616
"LOC107998161",23823.2211454128
"LOC107998087",9839.31216440117
"LOC107998225",2158.46282298155
"LOC107998062",36683.1640178879
"LOC107998226",3464.34872338672
"LOC108002413",71651.9370206515
"LOC107998103",237789.59070827
"LOC133665810",33772.1352221271
"LOC133665811",13166.1551995239
"LOC107998210",36825.4992725335
"LOC107998101",464778.851111136
"LOC107998100",104613.377392045
"LOC107998112",285714.196797516
"LOC107998114",22718.4177019413
"LOC107998115",15777.064882779
"LOC133665812",9664.32251406753
"LOC133665809",81987.4777916621
"LOC107998117",39052.8294965405
"LOC133665813",1424.41337133633
"LOC133665808",5284.64470511996
"LOC107998116",12275.5208961947
"LOC107998085",150682.744438935
"LOC107998257",1077.83920212394
"LOC107998253",45648.640708037
"LOC107998079",30531.6747181721
"LOC107998234",44221.7688053751
"LOC133665765",5048.5427348072
"LOC107998091",3054.67699330233
"LOC107998255",95160.9153737687
"LOC107998064",47266.5305127911
"LOC107994233",1468.48122130638
"LOC107998239",999.697409685933
"LOC107998154",99711.0207980365
"LOC107998076",909.425033491392
"LOC107998182",66061.4749325225
"LOC133665814",5589.82793172137
"LOC107998222",31493.701501632
"LOC107998221",49352.8062226662
"LOC107998090",37627.6087138157
"LOC107998231",50904.3003571857
"LOC107998232",41656.4099973613
"LOC107998086",43053.6800136034
"LOC107998065",33629.9898872935
"LOC107998238",44917.6087175983
"LOC107998236",51781.725577931
"LOC107998073",45536.2450256009
"LOC107998202",101927.286223138
"LOC107998162",53381.1334967169
"LOC107998163",23640.1178988948
"LOC107998206",41360.8132649763
"LOC107998208",32739.860500842
"LOC107998207",28875.4535858901
"LOC107998122",41606.488386871
"LOC107998121",149146.760668631
"LOC133665816",4569.28198932549
"LOC133665815",3043.96711026267
"LOC133665817",27330.7484466657
"LOC107998123",17932.7581806434
"LOC107998189",53945.1954960086
"LOC107998066",36980.5495952814
"LOC107998175",1647.78716882358
"LOC107998174",48611.6836029622
"LOC107998254",59288.0511932846
"LOC107998156",49930.4946763283
"LOC107998157",55850.9412345469
"LOC107998081",63685.829864528
"LOC107998201",34342.8751416729
"LOC107998135",46548.4847017908
"LOC107998132",57454.0248220654
"LOC107998134",14307.3299807582
"LOC107998067",47407.5639471221
"LOC107998246",7164.2469620389
"LOC107998247",46276.849590401
"LOC107998252",54977.3004335838
"LOC107998251",49257.0020337333
"LOC107998078",26428.6662802891
"LOC107998191",37790.6278632906
"LOC107998194",18045.3854802811
"LOC107998192",37378.4610396181
"LOC107998195",841.676358791417
"LOC107998083",662.177079633063
"LOC114576766",154028.778160514
"LOC107998068",18000.5133030323
"LOC107998176",93566.0272740035
"LOC107998147",51503.4768155357
"LOC107998148",12035.5188012328
"LOC107998149",1491.39689092149
"LOC107998199",67973.3561347967
"LOC114577582",607.691821418499
"LOC133665818",1630.08684466275
"LOC107998141",100794.552812876
"LOC133665819",19474.2063068509
"LOC107998142",16176.3119874152
"LOC107998209",46821.9264490189
"LOC107998104",6006.44014203482
"LOC107998105",2106.19387227522
"LOC107998107",39872.3292195747
"LOC107998106",57645.8408652379
"LOC107998184",15557.7484365884
"LOC107998183",84263.4582843115
"LOC107998119",258510.187495893
"LOC133665820",8708.60825035537
"LOC114577572",61373.7330126067
"LOC108001868",65158.8018876783
"LOC108001929",41215.3440671071
"LOC108001896",200326.227434777
"LOC108001898",12731.640920276
"LOC108001897",9438.00895714945
"LOC108001876",18140.0373734183
"LOC108001885",10789.7659689886
"LOC133665824",1591.57745491334
"LOC133665827",5063.14256251082
"LOC108000164",9092.12557113144
"LOC108001879",46920.589836755
"LOC108001883",10328.409080602
"LOC108001884",140023.130341105
"LOC133665833",6888.87869568782
"LOC133665828",7434.32074891415
"LOC133665830",602.720854765501
"LOC108001887",4634.98970929345
"LOC108001882",54072.7836742902
"LOC133665766",7910.2463666185
"LOC133665767",5756.67221978534
"LOC108001881",40283.2298094475
"LOC133665823",114594.726358592
"LOC133665821",54052.6300298468
"LOC133665822",48559.3297411559
"LOC108001899",59470.698839251
"LOC133665825",663.968423919376
"LOC133665832",3592.0999226628
"LOC133665826",4199.57052239784
"LOC108001901",20837.2492914356
"LOC108001900",37844.8878180339
"LOC108001878",34640.2425110849
"LOC108001890",1869.97740400777
"LOC108001888",149043.544572654
"LOC133665829",17555.9144951737
"LOC133665831",48648.611032479
"LOC108001891",18698.4830291055
"LOC108001908",52870.5428454559
"LOC133665837",9943.6740243347
"LOC108001910",25990.8859509757
"LOC108001874",29657.920866163
"LOC108001875",3760.85568254307
"LOC108001930",35042.1484340853
"LOC108001931",40483.7951396302
"LOC107994550",82920.151358759
"LOC133665834",60900.4502454712
"LOC114578060",1580.41124838652
"LOC108001894",34906.1420604279
"LOC108001895",52639.1177974559
"LOC108001871",73337.844752389
"LOC133665836",2453.75075719254
"LOC133665835",55609.0655495459
"LOC114578061",76150.8301477226
"LOC114578059",5486.7804495005
"LOC133665838",4751.07686912668
"LOC107999831",18466.8344774339
"LOC108001934",43284.2347397088
"LOC108001933",71612.3020608686
"LOC108001928",40667.4654505787
"LOC108001902",2566.78415757807
"LOC108001904",9377.17868067412
"LOC108001903",4611.50735678282
"LOC108001922",4942.83521641957
"LOC108001920",10276.7349068139
"LOC108001938",30083.2534974573
"LOC108001937",21354.637052591
"LOC108001917",41434.7858558327
"LOC108001919",44284.0851203721
"LOC108001918",40429.7615105964
"LOC108001916",20407.3679161667
"LOC108001926",40623.6225236704
"LOC108001927",61599.2771151981
"LOC133665839",5920.10840250512
"LOC108001873",9867.88166560169
"LOC108001872",35260.9805263303
"LOC108001932",35135.2779359469
"LOC108001912",41880.1664232053
"LOC108001913",57607.3331367433
"LOC108001915",59386.2378442112
"LOC108001914",52874.7167675536
"LOC108001924",37086.1706577122
"LOC108001925",22107.8761317776
"LOC108001923",54745.8651321268
"LOC107994501",155102.534025609
"LOC133665840",3085.70771970269
"LOC108001122",31766.8852522602
"LOC108001749",66347.9223477335
"LOC133665843",3144.53259753889
"LOC133665846",666.377775993566
"LOC108001748",59216.199002496
"LOC108001103",60783.6125731061
"LOC108001057",71549.8994947581
"LOC133665842",16798.564054524
"LOC108001118",5542.46394250255
"LOC108001097",44578.7726175788
"LOC108001096",41170.0628283994
"LOC133665841",11811.7352092763
"LOC108001113",58183.1816458213
"LOC108001114",18898.2646393426
"LOC108001127",1515.45954287797
"LOC108001077",17653.129428391
"LOC133665845",540.512896634425
"LOC133665844",766.359428636096
"LOC108001076",1585.40743840759
"LOC108001074",53213.9341928585
"LOC108001106",583.020932886152
"LOC108001107",43737.2218889515
"LOC108001108",3308.22724064326
"LOC108001112",1100.14008003509
"LOC133665848",446.529184527515
"LOC114577946",957.066878760027
"LOC133665852",2797.68055521743
"LOC108001085",274354.825433479
"LOC108001088",419.795077882661
"LOC114577951",948.165239827409
"LOC108001087",9843.29760581297
"LOC133665851",10705.7931703462
"LOC108001116",49909.4508169458
"LOC108001115",46393.2462575985
"LOC108001059",5188.86871518481
"LOC108001090",12976.4032227092
"LOC108001060",60478.5651629365
"LOC108001093",53363.7128534686
"LOC108001094",44365.2522029696
"LOC108001070",84935.3209846728
"LOC108001072",14946.0210756533
"LOC108001073",6547.75731325661
"LOC108001071",47024.1246404212
"LOC108001083",20020.7945084456
"LOC108001084",2649.58009950309
"LOC133665854",6591.21775705566
"LOC108001068",32533.6084454129
"LOC108001062",37522.8006514613
"LOC108001063",38338.6541171081
"LOC108001124",12525.5497332469
"LOC108001123",48542.0483147254
"LOC108001100",51769.8422848984
"LOC108001066",48914.8940455941
"LOC108001099",56866.0338875091
"LOC114577955",43449.5863643169
"LOC108001082",560847.532523576
"LOC108001104",17270.0314976657
"LOC108001110",18284.3270491377
"LOC108001080",42345.3413189719
"LOC108001079",60351.3982275983
"LOC133665855",29753.8680154121
"LOC108001064",36812.4169314283
"LOC108001125",34458.7315703621
"LOC108001102",33753.493512275
"LOC108001065",46983.4377015223
"LOC108001128",124691.489954288
"LOC107995393",46031.7943737879
"LOC133665768",12038.0905753584
"LOC107995396",103301.918654162
"LOC107995397",164930.138082244
"LOC107995398",544629.708356548
"LOC107995395",48202.7474969717
"LOC107995391",36691.7006861444
"LOC107995402",46399.117309319
"LOC107995401",58836.5596144891
"LOC107998338",54882.5881690145
"LOC133665856",5682.87517691472
"LOC107998133",46166.6415804425
"LOC107995390",40244.8870687915
"LOC107995392",1360.61592041339
"LOC107995218",610.997157583095
"LOC107995217",3560.93401298173
"LOC107994236",32940.9279672737
"LOC107995226",60695.8500497278
"LOC107995225",34514.6804901872
"LOC107995224",41358.0158262225
"LOC133665603",11023.3069090473
"LOC107995223",21144.0198876759
"LOC107995222",25627.2342305607
"LOC107995230",120334.783798872
"LOC107995231",3200.48138326436
"LOC107995220",14456.6501814895
"LOC107995229",50443.5186077832
"LOC107995227",36981.7265053482
"LOC107995228",28252.5394199086
"LOC107995219",4577.54284073577
"LOC107995232",125981.79421297
"LOC133665927",571.490281467437
"LOC107998641",47838.328805467
"LOC107998642",35929.6898670088
"LOC107998640",3260.26669885002
"LOC107998611",54864.5172329515
"LOC107998625",50244.0108213854
"LOC107998623",34019.8321747531
"LOC107998624",30290.217197365
"LOC114577649",2941.59297848528
"LOC107998619",170231.510228965
"LOC133665930",871.168356310395
"LOC133665929",2613.7888488934
"LOC107998626",504.135599784243
"LOC107998616",34933.0925976922
"LOC107998609",1881.23438010052
"LOC107998613",726.267306986373
"LOC133665936",2889.54869731336
"LOC133665937",30488.4431466169
"LOC133665938",9255.81974886976
"LOC133665943",2295.97847032184
"LOC133665934",975.043259740397
"LOC133665933",20802.8685065214
"LOC133665935",621.8565301294
"LOC107998612",17413.713376571
"LOC107998618",103065.969559385
"LOC107998622",26031.3972459603
"LOC107998621",27944.6173920429
"LOC107998629",43869.9950062971
"LOC107998628",28006.3140556213
"LOC133665931",325.047742783696
"LOC107998630",62791.3727734286
"LOC107998631",110145.996708837
"LOC107995432",1220.34073722348
"LOC107995433",233920.056228832
"LOC107995430",71544.9932062626
"LOC107995431",9251.55570018702
"LOC108000092",7491.37566738582
"LOC108000093",30713.5406016305
"LOC108000079",60981.9581162396
"LOC108000082",834.103323985856
"LOC108000062",1281.57285435542
"LOC108000080",97083.8307872028
"LOC108000081",2007.43122924414
"LOC108000071",45847.6424827972
"LOC108000099",2376.4536314423
"LOC107999088",1055.61719261549
"LOC133665951",993.727973903923
"LOC108000095",81444.0113275774
"LOC108000090",16643.3025512213
"LOC108000089",138665.608741011
"LOC133665953",517.635754616432
"LOC108000077",77058.6399334089
"LOC108000075",3509.11488588613
"LOC108000074",68411.7995275301
"LOC108000068",54470.5912037482
"LOC108000100",60389.5596158042
"LOC108000096",49192.6996833808
"LOC108002507",42168.4527234217
"LOC108002508",42877.3623769043
"LOC108000097",30373.9117321408
"LOC108000098",41074.0337621309
"LOC108000073",42636.4540347192
"LOC108000070",33113.3545626752
"LOC108000086",63608.5851677591
"LOC133665957",2216.87341049661
"LOC108000085",38908.5449625273
"LOC108004115",76763.2848442798
"LOC133665961",4390.15352126166
"LOC107995708",135399.532101059
"LOC133665959",54391.8034325872
"LOC114577253",11391.5802675757
"LOC108003468",6128.38366150012
"LOC133665958",15201.857731188
"LOC108003668",3124.86902752525
"LOC114578216",2886.4091412671
"LOC108003502",23227.8595786119
"LOC108003635",52883.8902352087
"LOC108003636",29304.998612514
"LOC108003499",12890.0042545927
"LOC133665960",11583.3411203428
"LOC108003525",5565.54346749665
"LOC108003509",33509.2473014644
"LOC108003524",4790.11006998852
"LOC108003564",61021.4099661935
"LOC133665963",2754.8347132101
"LOC133665965",4431.41503202858
"LOC108003519",26812.2975504592
"LOC108003664",20202.6407337183
"LOC108003497",23637.454721647
"LOC108003656",51943.4818720722
"LOC108003676",30923.3548836756
"LOC108003671",48783.1353787576
"LOC108003576",58008.7083323593
"LOC133665962",3496.83263673023
"LOC108003669",37311.8331840449
"LOC108003662",9274.0833200891
"LOC108003613",18130.7892656591
"LOC133665969",773.296478460787
"LOC108003469",45857.2346423857
"LOC108003612",29339.5025194966
"LOC108003562",26998.4668106912
"LOC108003563",245303.692648001
"LOC133665966",36143.2146190701
"LOC133665968",17293.852250422
"LOC114578221",12056.9471320301
"LOC133665967",30603.294235482
"LOC108003490",42292.2096929458
"LOC108003610",7747.90067412852
"LOC108003609",22401.0328365479
"LOC108003583",52596.712011289
"LOC108003603",52448.5373087574
"LOC108003616",46842.4759634524
"LOC108003637",47320.6896556217
"LOC107993909",53556.7845108674
"LOC107993908",23905.7824406448
"LOC107993907",40715.8575378534
"LOC108003498",18473.4357736845
"LOC108003642",47858.1395447486
"LOC108003643",38083.737788395
"LOC107997362",37150.777474466
"LOC107998639",8560.10403106979
"LOC108003628",1250.78988442787
"LOC114578227",925.003214937107
"LOC108003627",1869.75428245279
"LOC133665971",406.205835746843
"LOC108003573",31172.9413644366
"LOC108003572",100506.924055476
"LOC108003574",9993.59560508874
"LOC133665973",2300.82964630097
"LOC114578223",4888.8018263947
"LOC108003581",4060.69474905864
"LOC108003582",18839.9816380699
"LOC108003604",46286.086129522
"LOC108003522",3807.45328474142
"LOC108003470",382518.176774606
"LOC133665974",3868.81665678102
"LOC107993584",551693.110354458
"LOC133665976",4340.72650637743
"LOC107999718",88318.0989087743
"LOC133665975",11151.7850566378
"LOC133665979",14132.0018816792
"LOC107999741",23353.6087789794
"LOC107999784",30474.2822826631
"LOC133665977",4406.73641627562
"LOC107999767",47389.1905463537
"LOC107999819",44538.8922583461
"LOC107999867",36249.8628197567
"LOC107999774",98474.8717871432
"LOC107999841",39095.75544977
"LOC107999751",24223.7745141597
"LOC107999876",50772.1375705177
"LOC108000174",52104.9330072084
"LOC107999912",13952.6071034871
"LOC107999898",37886.0231678775
"LOC107999939",55164.5507305472
"LOC107999921",51020.7141974666
"LOC107999907",264214.658136006
"LOC107999964",4624.25027986493
"LOC108000191",1092.57566819599
"LOC108000181",665.941614604827
"LOC108000076",765.154691309505
"LOC108000069",3311.48636507016
"LOC108000000",50092.2986582632
"LOC133665984",2556.19178038743
"LOC133665980",22373.093333676
"LOC107999980",80008.2132512631
"LOC133665982",8463.9745448031
"LOC133665981",11712.1716900013
"LOC133665983",1245.62281730972
"LOC107999701",37073.2151853899
"LOC108000156",64754.7652761755
"LOC108000167",46610.4661458714
"LOC108000128",50589.1916898882
"LOC108000136",58229.2168422255
"LOC108000094",49393.5349500346
"LOC108000113",51243.139855764
"LOC108000035",101365.159388369
"LOC108000027",40607.2876995821
"LOC108000144",45324.885163345
"LOC108000149",35403.4344614543
"LOC107993317",54761.2036507818
"LOC108003363",1441672.9292145
"LOC108003407",2362.32153756951
"LOC114578205",31699.6596960419
"LOC114578204",46557.2394046113
"LOC133665985",18250.2731900831
"LOC108003420",40308.0379374109
"LOC108003425",34784.3143772526
"LOC108003428",55995.1305092019
"LOC108003377",58679.2545967377
"LOC133665987",13974.7906126022
"LOC108003379",49065.7141394546
"LOC108003380",51416.4133358173
"LOC108003378",45042.8894122585
"LOC108003375",41653.0822529456
"LOC108003382",55967.4660835504
"LOC108003376",37790.6766501726
"LOC108003374",49924.7855785767
"LOC114578206",28612.6333368855
"LOC108003406",36242.6589311132
"LOC133665986",26751.2896461079
"LOC108003396",28485.0646436521
"LOC108003397",35628.5610329076
"LOC108003399",11012.1699989464
"LOC107996032",45087.7477182439
"LOC108003400",18197.5440279764
"LOC108003401",31474.0928394488
"LOC108003402",44477.1536763419
"LOC108003403",45827.9938714085
"LOC133665989",66327.2889494577
"LOC108003365",30441.1107722024
"LOC108003404",62325.5804914432
"LOC108003426",44910.5594793105
"LOC108003412",54739.1268997125
"LOC108003413",27719.3898338048
"LOC108003366",40099.8493643393
"LOC108003415",21724.6350767253
"LOC133665991",53199.626918185
"LOC133665992",40406.6151958645
"LOC108003414",31993.903710949
"LOC108003416",69483.6321282557
"LOC108003371",39528.6118198493
"LOC108003372",44772.4811106602
"LOC108003427",52010.3034118669
"LOC108003408",49782.0496196133
"LOC133665994",14612.6996803681
"LOC133665995",4609.07233493505
"LOC108003410",33359.0146688849
"LOC108003411",27243.74356493
"LOC108003419",73015.0266889292
"LOC108003409",59790.6545537058
"LOC108003418",52370.2393317297
"LOC108003422",30088.4503011522
"LOC108003423",36838.391616992
"LOC108003370",71003.9491965827
"LOC108003421",45272.0872344182
"LOC133665997",4289.69086016597
"LOC108003369",45080.0310570405
"LOC108003393",54830.4910689883
"LOC108003368",66940.0689058849
"LOC108003394",4986.16195286095
"LOC114578203",2164.07189832815
"LOC108003395",44656.7691206338
"LOC108003384",38478.4016286856
"LOC108003383",63418.2277740936
"LOC133665998",3057.91656744579
"LOC108003388",41278.8706887887
"LOC133665999",37436.5649982205
"LOC108003389",44858.1262246126
"LOC133666001",2551.3565146689
"LOC108003386",44880.8829906483
"LOC108003385",54998.3849425805
"LOC108003391",37749.0340553767
"LOC108003392",65988.4251499351
"LOC108003373",45961.5788973554
"LOC107999207",43933.2102251099
"LOC107994640",50959.2882820187
"LOC107994639",51841.2632154777
"LOC107994641",43606.216983571
"LOC107994638",47205.6838749545
"LOC107994642",45288.6198204957
"LOC133666004",35492.6267952956
"LOC107994634",38932.2910773519
"LOC107994635",563.468778766496
"LOC107994632",124978.518671911
"LOC107994636",2569.01457438444
"LOC133666008",329.268526375173
"LOC133666006",3288.65369146627
"LOC133666007",2090.52322544131
"LOC133666003",582.698282259129
"LOC133666005",1495.4999844006
"LOC107995670",16108.2767501409
"LOC133666011",1529.77393440382
"LOC107995666",9168.92534168724
"LOC133666009",10229.1578916889
"LOC107995669",915.809033530687
"LOC133666010",907.988856790556
"LOC107995673",2546.42394401914
"LOC107995662",43398.3197641853
"LOC107995681",2669.94215615957
"LOC108003194",49041.7663344755
"LOC108003193",29350.5929156158
"LOC107995640",208814.065630896
"LOC107995633",68347.4065714059
"LOC114577249",32845.7598249432
"LOC133666013",31976.7274590341
"LOC108003704",2210.85186584868
"LOC133665932",12258.4230825383
"LOC108003705",15069.6062536945
"LOC107995655",4449.53470804532
"LOC107995654",53042.3710063092
"LOC107995652",78627.9352097834
"LOC107995676",43597.2225062309
"LOC107995615",24946.4342942902
"LOC107995623",172176.42557256
"LOC133666018",5498.84022478997
"LOC107995625",104999.622354918
"LOC107995627",37682.3506223504
"LOC133666017",2351.14306906542
"LOC107995622",250231.238138339
"LOC114577244",7511.3047236753
"LOC107995620",5157.43293120235
"LOC107995621",2797.3143990444
"LOC107995630",29804.7940812681
"LOC107995645",57804.5284742509
"LOC107995648",865.39250614829
"LOC107995649",617.876890944454
"LOC114577240",16684.9878598015
"LOC114577241",617.748989768447
"LOC107995647",86733.9895015306
"LOC107995644",121143.70086322
"LOC107995678",43852.8079076847
"LOC107995679",33702.7422123797
"LOC107995677",48450.4318632229
"LOC107995664",11898.4790241353
"LOC107995665",52148.9516578058
"LOC107995656",91912.7419756633
"LOC133666016",1176.07662615373
"LOC133666014",14923.8037599376
"LOC107995657",15074.0409383828
"LOC107995629",2854.59344453514
"LOC107995631",45170.8567728883
"LOC107995672",75881.5948485313
"LOC107995651",128225.1760954
"LOC107995661",58208.7975207274
"LOC107995659",19981.5633479323
"LOC107995658",46771.1292280125
"LOC107995674",44592.8186046276
"LOC114577239",1866.63461683757
"LOC107995680",2135.78736852803
"LOC107995632",1406.23644256672
"LOC107995663",55282.2003844141
"LOC133666019",7868.34925144655
"LOC107999073",343.650754088976
"LOC107999070",53891.4360473971
"LOC107999028",670497.455100868
"LOC107999029",47794.4589598976
"LOC107999077",27587.3257901848
"LOC107999036",22504.0587114049
"LOC133666021",1027.99464502805
"LOC107999030",4525.32482897924
"LOC133666020",1054.86486667471
"LOC107999060",52577.4006746134
"LOC107999064",59534.0306427446
"LOC107999063",1601.03320832918
"LOC107999051",68550.9097732361
"LOC107999054",7161.62467973372
"LOC133666022",8446.14692751309
"LOC107999053",33121.8502723371
"LOC133666023",966.518674652121
"LOC107999052",8869.59023930748
"LOC107999038",951.783156975653
"LOC107999076",42905.7635753417
"LOC133666024",17882.0060727928
"LOC107999079",3940.72378932624
"LOC107999055",41789.5366970892
"LOC107999059",6866.91726203409
"LOC133666025",3487.12081931041
"LOC133665941",1003.8807854869
"LOC133665940",5404.53074032753
"LOC107999058",1335.81465977603
"LOC107999057",4860.95031192986
"LOC107999056",2251.73715051439
"LOC107999072",5014.86000338315
"LOC107999041",42811.5195761307
"LOC107999074",18050.6003557563
"LOC107999075",43185.896226241
"LOC107999037",1318.00572234909
"LOC107999068",38603.8119104923
"LOC133666027",1260.76226336844
"LOC107999067",53376.27575225
"LOC107999065",135798.981292643
"LOC107999048",3931334.01287322
"LOC107999050",8495.09238908496
"LOC133666030",58550.3782071805
"LOC107999049",20018.0336678282
"LOC107999034",27345.800913425
"LOC107999078",58466.4005871624
"LOC107999035",26099.0501620111
"LOC107999044",196736.075112105
"LOC107999043",3689.20100635703
"LOC114577696",10478.4072351129
"LOC107996069",51736.1311852169
"LOC107997564",125907.38771258
"LOC133665944",7225.13007343428
"LOC107996144",3063.54201338793
"LOC107996065",1773.62217097608
"LOC107996075",155576.474525839
"LOC114577302",4297.17609615726
"LOC107996078",5720.33403007679
"LOC107996076",65265.2412870037
"LOC107996077",68099.9294823003
"LOC114577301",6638.6712679543
"LOC107996064",42368.4597967222
"LOC107996073",146916.897533035
"LOC107996074",58814.315735341
"LOC107996114",165494.543252232
"LOC114577298",52624.3491613454
"LOC107996148",2111.95639372404
"LOC107996136",1913.98605557793
"LOC107996137",64470.017387978
"LOC107996146",51598.7023994826
"LOC114577295",13919.8711251913
"LOC107996127",3733.80025632136
"LOC114577304",1147.11036372814
"LOC107996128",3000.07410795265
"LOC107996126",4707.99472115691
"LOC107996108",1070.6228586697
"LOC107996109",8707.84311817761
"LOC107996067",27511.4259884526
"LOC107996068",8706.92604415993
"LOC107996060",81068.978487479
"LOC107996088",26755.3266444157
"LOC133666040",34631.5214446921
"LOC133666035",30810.2153976588
"LOC107996087",49342.652562608
"LOC107996086",49892.3708409976
"LOC107996085",76103.9714074841
"LOC107996142",36841.8955538021
"LOC108004189",83705.322952648
"LOC133666042",11909.0268215201
"LOC107996106",74921.0806900661
"LOC107999807",31437.6137912627
"LOC107996066",22106.1760949964
"LOC107996141",15029.3003912944
"LOC107999806",15208.0080409523
"LOC107999805",49259.0289609726
"LOC107996070",1213.71217547167
"LOC107996125",42540.7272222009
"LOC107996124",25532.5300949809
"LOC107996123",60649.280748023
"LOC107996096",47699.6732185301
"LOC107996098",51082.4593798034
"LOC107996095",76852.6231063799
"LOC107996145",32607.6356826626
"LOC107996090",297975.432801305
"LOC107996093",18928.4734897669
"LOC107996092",40329.9450859126
"LOC107996091",44129.8562261532
"LOC133666043",9787.49334152349
"LOC107996089",11615.7413353759
"LOC107996135",48490.1884296445
"LOC107996129",4854.57586671043
"LOC107996057",62280.375038003
"LOC114577297",446.389209553873
"LOC107996122",4949.42915607233
"LOC107996119",33804.1843710922
"LOC107996120",48111.2673408374
"LOC107996143",45133.5457107266
"LOC107996079",176509.37446333
"LOC107996082",1845.00550542214
"LOC107996081",10508.8990624439
"LOC107996080",59079.351711203
"LOC107996113",117108.022589461
"LOC107996134",59680.7425723642
"LOC107996132",45045.8443986957
"LOC107996131",39391.965000812
"LOC133666045",42634.4352342002
"LOC107996117",53672.1216266305
"LOC107996115",64995.1942143964
"LOC107996056",97031.3617702667
"LOC133666044",7106.31813091538
"LOC107996104",47281.309603964
"LOC107993983",49937.5154418077
"LOC107996105",39228.1077031847
"LOC107996100",53041.7209933465
"LOC107996101",48864.3943581278
"LOC107996102",59826.3671429527
"LOC107996103",1860.38468211918
"LOC107996140",66953.5644507953
"LOC133666046",1445.32329802076
"LOC107996147",27309.8993365165
"LOC114577294",11333.0503701076
"LOC107996055",70725.418964457
"LOC107996054",272630.588130806
"LOC108002008",3433.78505218458
"LOC108001978",179945.007916521
"LOC108001835",58070.4508455371
"LOC108001821",45297.8648684152
"LOC108002399",36290.9690647942
"LOC108002205",34179.147359341
"LOC108002187",53333.3377258668
"LOC108002337",49703.2583309468
"LOC107993581",4855.37024235323
"LOC107993583",1329.82572289652
"LOC108001792",2068.36647523572
"LOC108002147",4159.72123396617
"LOC108002156",23503.6287951953
"LOC133666048",9611.51886740433
"LOC108001762",50867.2145939452
"LOC108001846",54209.8417591421
"LOC107993991",38094.4868392636
"LOC107993989",46486.8548216672
"LOC107993990",18609.5943642653
"LOC108002391",43229.6538774861
"LOC108001952",58404.7799612139
"LOC108001967",6556.59074395794
"LOC133666047",5942.15051558142
"LOC108002168",110661.166520672
"LOC108002180",45417.7637883115
"LOC108001865",139342.708524723
"LOC108001830",51388.5555500004
"LOC108002026",62209.5192343188
"LOC108002044",26705.0063206442
"LOC108002052",13052.5828410124
"LOC108002070",44255.4184122072
"LOC108001779",47086.2665190331
"LOC108001787",98494.3935428364
"LOC108002362",49461.7679068852
"LOC108001801",51696.4610790925
"LOC108002100",25685.5265498712
"LOC108002093",56607.4765948658
"LOC108002088",46808.2208196041
"LOC108002082",64398.3999091852
"LOC108002080",58900.1304066547
"LOC108002074",7996.63870312753
"LOC108002417",4141.42965695977
"LOC108001857",418.493672115662
"LOC108002230",54940.7672476987
"LOC108002240",20947.5418913616
"LOC108002279",41365.3886931604
"LOC108002268",42224.6062139666
"LOC108002246",43671.2614089424
"LOC108001771",51367.2597770377
"LOC108002112",4912.02667405139
"LOC108002122",56447.8606585251
"LOC108002327",60959.5413894581
"LOC108002286",41302.2646397258
"LOC107998050",80676.2763535525
"LOC107993927",53285.6247842861
"LOC107993921",9681.20551549754
"LOC107993922",2780.93552496098
"LOC107993923",46292.0147481593
"LOC107993924",214425.405425018
"LOC108000161",21574.0904820759
"LOC108000163",37756.350127211
"LOC108000162",50140.6330564158
"LOC107993938",31113.8990778929
"LOC107993937",48860.7343737943
"LOC107993939",56978.7398787379
"LOC114576997",13248.5725474037
"LOC133665609",26259.8998340339
"LOC107993942",55580.8211047513
"LOC107993940",31930.2044024018
"LOC107993920",37975.9192161529
"LOC107993919",64212.7803560661
"LOC107999082",41040.1932086647
"LOC107999081",48564.1072682054
"LOC107999083",36542.108126609
"LOC107993945",63250.6141089126
"LOC107993943",37035.5587216555
"LOC107993944",47324.5273338335
"LOC107993935",54954.2342387968
"LOC107993934",23406.6861011579
"LOC107993930",120060.279532337
"LOC107993936",5917.04652989655
"LOC107993933",36507.0089326115
"LOC107993931",39122.8706797674
"LOC107993914",87188.362073672
"LOC133666049",1979.78195959673
"LOC114576996",20775.2456215412
"LOC107993915",60066.5222326301
"LOC107993910",44295.0342406401
"LOC133666051",10791.1001383475
"LOC133666050",1760.52016169428
"LOC107996159",1403.50430160552
"LOC108000868",11822.6533850825
"LOC108000863",40592.4758066661
"LOC108000867",37697.6870733379
"LOC108000864",45434.6238648698
"LOC108000861",37549.8975973401
"LOC108000865",43996.8465512854
"LOC108000866",11223.6329249919
"LOC108000860",54214.4797592012
"LOC108000833",16208.7585986445
"LOC108000834",3974.56969741915
"LOC108000835",127089.390161966
"LOC108000831",79390.9220737764
"LOC108000884",55085.5794488533
"LOC108000885",21712.9357730733
"LOC108000882",32650.3568633941
"LOC108000883",47778.1220460655
"LOC108000809",99840.3479491556
"LOC108000854",88751.6175852726
"LOC133666053",394.229184372983
"LOC114577926",5844.34865142186
"LOC108000855",8638.71707873271
"LOC133666052",9424.8225278029
"LOC107994229",69912.2748713088
"LOC108000808",155494.745178727
"LOC108000817",53334.4210421543
"LOC133665633",21921.0715744636
"LOC108000874",48228.0138276828
"LOC108000872",135171.538476534
"LOC108000875",60438.942009999
"LOC108000892",46890.7955090161
"LOC108000896",47568.9652892498
"LOC108000836",56218.4718720658
"LOC133666054",10005.0597583
"LOC108000838",71572.2612514412
"LOC108000895",37164.0683523836
"LOC108000819",57531.6153351499
"LOC108000889",42532.5438750882
"LOC108000893",43871.7636650354
"LOC108000894",9697.91922011826
"LOC108000853",20336.6395778214
"LOC108000852",44017.6029220041
"LOC107994299",54549.1226266264
"LOC108000803",61032.4694007509
"LOC108000891",47424.394541654
"LOC108000890",42023.7624138924
"LOC108000851",55659.1990072932
"LOC114577925",63284.1240522405
"LOC108000850",53974.7579741424
"LOC108000801",54789.7457313866
"LOC108000815",72693.2971430137
"LOC108000887",46611.0471540093
"LOC108000886",33762.1330795302
"LOC108000888",47077.1630097308
"LOC108001943",6836.0939549621
"LOC108000810",38397.6494414273
"LOC108000818",15605.1354358597
"LOC133666056",726.966305609562
"LOC108000879",24952.8324964509
"LOC133666055",6364.59983752083
"LOC133666057",1602.85043204903
"LOC114577923",9331.79541988535
"LOC108000830",58804.328924163
"LOC108000826",42098.1403651238
"LOC108000829",48025.3059055244
"LOC108000828",29428.4585949091
"LOC108000827",35824.1472063963
"LOC108000825",5844.99386113598
"LOC133666058",1848.54896982085
"LOC108000846",50704.1435513025
"LOC108000847",2652.71455995557
"LOC108000848",38993.4149206688
"LOC108000845",39167.5238620716
"LOC108000841",22788.918336913
"LOC108000840",4121.94211183718
"LOC108000844",15733.8914414271
"LOC108000839",52365.6572643903
"LOC108000843",42061.6378932628
"LOC108000800",58956.0723930228
"LOC133666059",103677.310314536
"LOC108000859",18038.8285575311
"LOC108000858",25787.8816709363
"LOC108000823",445371.73596726
"LOC108000824",63836.0418931257
"LOC108000821",56983.8187951712
"LOC108000820",94208.0398110077
"LOC108000881",47531.9230901997
"LOC108000878",286923.239314859
"LOC108000857",221836.120639994
"LOC108000798",57753.7866995138
"LOC108000812",40190.4330975232
"LOC108000811",39342.2283178451
"LOC108001421",34940.5172322729
"LOC108001422",48334.919160481
"LOC108001366",68607.7502728691
"LOC108001367",38832.5235171709
"LOC108001267",41577.2246460376
"LOC108001357",43156.4498356543
"LOC108001359",34282.6814740803
"LOC108001360",50374.5403599355
"LOC108001361",41059.8152203567
"LOC133666159",58156.8592350985
"LOC108001362",60159.0413667476
"LOC108001292",36808.9283452205
"LOC108001312",25953.3347055392
"LOC108001290",28454.8937152372
"LOC108001289",23928.9535336701
"LOC108001402",54270.8349319526
"LOC108001298",37065.8073463961
"LOC108001309",37967.8983457361
"LOC108001305",60332.114175918
"LOC108001405",44816.9072310527
"LOC108001297",40300.4573451346
"LOC108001299",44160.6818726629
"LOC108001341",59308.1864554442
"LOC108001344",59469.447635395
"LOC108001342",60656.2303893671
"LOC114577976",38450.3001256349
"LOC133666160",21084.0666228305
"LOC108001343",100623.949067669
"LOC107996021",40262.2502731569
"LOC108001382",97520.9270708868
"LOC108001385",66733.326661963
"LOC108001381",39822.5425494313
"LOC108001383",45801.8378822052
"LOC108001271",2820.28236516866
"LOC108001417",59778.2430293314
"LOC108001400",30546.1903644904
"LOC108001398",24929.8146052382
"LOC108001396",39191.1189887344
"LOC108001399",68871.5561052673
"LOC108001272",52097.5021133712
"LOC108001404",10407.7337232128
"LOC108001311",165836.399740469
"LOC108001401",49872.7577347285
"LOC108001368",18519.2128735823
"LOC108001369",39282.1085077709
"LOC108001370",59689.944743366
"LOC108001296",53274.4661914405
"LOC108001274",53566.1108001649
"LOC108001415",53658.9937276492
"LOC108001418",64728.0651332033
"LOC108001391",60439.3642674277
"LOC108001389",57520.5485772805
"LOC108001392",2149.34665621076
"LOC107996029",2097.94338379215
"LOC108001295",48780.0653778279
"LOC114577986",65869.2794107363
"LOC108001394",44751.2588112628
"LOC108001276",67924.4752159663
"LOC108001395",30673.9454976427
"LOC108001278",68464.5856788959
"LOC108001294",3181.41273380212
"LOC108001307",47493.0621102234
"LOC108001279",36193.4343260985
"LOC108001314",5671.64651693427
"LOC108001410",31762.1243216083
"LOC108001409",40820.4447039721
"LOC108001371",10317.4139779899
"LOC108001308",39457.836363831
"LOC108001303",25669.9813289855
"LOC133666163",2539.37676026726
"LOC108001280",47430.5352850083
"LOC108001348",53555.9481772627
"LOC108001347",490940.606173893
"LOC114577974",47808.8635418935
"LOC133666164",13332.0282447526
"LOC108001319",608.207622839181
"LOC108001300",29658.5305088127
"LOC108001419",55750.2370089775
"LOC133666171",2125.88458857901
"LOC107995389",48138.0159871698
"LOC108001386",45779.0220730806
"LOC133666167",1130.94941655921
"LOC108001424",48463.1038804624
"LOC108001420",17105.1251193851
"LOC108001363",112018.892353943
"LOC133666165",3208.71136592769
"LOC133666174",3868.37166451279
"LOC133666175",5205.35946188809
"LOC108001365",3337.34263835797
"LOC133666166",1266.28907786908
"LOC133666168",1279.9008003492
"LOC133666172",11028.1013445462
"LOC133666156",2242.59552157819
"LOC133666063",1518.73701133905
"LOC114577987",13873.353129644
"LOC133666169",11197.62091529
"LOC133666170",1459.15147926245
"LOC108001281",62689.9733498063
"LOC108001304",34084.9259152175
"LOC108001291",37772.2670021501
"LOC108001282",30104.8165311415
"LOC108001708",47968.0597284113
"LOC108001331",66741.4570556204
"LOC108001293",20661.0004579358
"LOC108001332",237940.682216728
"LOC133666177",6601.00773435684
"LOC108001335",513.739716438339
"LOC133666176",1236.33045683654
"LOC114577971",604.197443445728
"LOC108001333",2782.60543898161
"LOC108001388",18182.5122225045
"LOC108001285",25279.6062750182
"LOC114577984",5170.27957730167
"LOC108001338",56539.1781249053
"LOC108001339",7842.01012579792
"LOC108001337",5310.80479202571
"LOC108001340",1499.67964947226
"LOC133666178",2254.79793717325
"LOC108001413",20063.3897543569
"LOC108001350",62527.9233562259
"LOC108001349",122486.187417889
"LOC108001376",43201.4297236415
"LOC108001377",7861.63141615791
"LOC108001379",20196.2926300853
"LOC108001380",31495.2351667759
"LOC108001302",29601.4260770078
"LOC108001374",59122.2465237761
"LOC108001373",19453.6777400525
"LOC108001375",54631.670113917
"LOC108001353",57218.6427011497
"LOC108001356",11866.9989381317
"LOC108001355",36050.5013591749
"LOC108001354",11829.8774772401
"LOC133666180",24151.4602335221
"LOC114577972",50653.4318949703
"LOC114577979",2059.99477235834
"LOC108001286",9045.00254555102
"LOC108001330",2179.36994391075
"LOC108001328",1518240.36596896
"LOC133666181",459.092218319465
"LOC133666184",1680.49638914134
"LOC108001352",9945.85048340135
"LOC108001407",42751.3464956669
"LOC108001387",286989.039013505
"LOC114577982",25006.8330994234
"LOC114577983",362.628022800851
"LOC108001326",11559.3331003092
"LOC108001403",332624.009566092
"LOC114577966",36763.7403708828
"LOC108001411",1220.61798727623
"LOC108003943",449.383331825185
"LOC107996518",327894.346095125
"LOC114577367",33062.558422946
"LOC107996568",25988.5210686148
"LOC133666064",2953.39374484141
"LOC133666065",327.795824196037
"LOC107996562",51586.1847356961
"LOC107996561",48876.6400103101
"LOC107996560",35585.7182781615
"LOC107996532",5207.8119635673
"LOC107996604",50429.0269371612
"LOC107996598",44178.1445358582
"LOC107996519",40194.8922410412
"LOC107996592",142073.247330151
"LOC107996574",2161.9449013308
"LOC107996575",69506.3733530083
"LOC107996520",70144.6963903616
"LOC107996577",3807.1349603584
"LOC107996573",8665.61034234459
"LOC107996576",42654.0439258807
"LOC114577363",51811.7726695245
"LOC107996579",48688.1410728599
"LOC107996534",35739.272667873
"LOC107996527",32050.9155245141
"LOC107998336",42654.2273099192
"LOC107998335",55299.8641689988
"LOC107996526",49694.2701683218
"LOC107996605",153159.099231075
"LOC133666068",315.133821427636
"LOC133666066",3532.71834350037
"LOC133666067",11927.1229034889
"LOC107996533",45764.7849749915
"LOC107996523",2734.202746401
"LOC107996569",120933.214315859
"LOC114577357",35505.3846945959
"LOC114577358",1094.48790747118
"LOC107996570",45652.1710836037
"LOC114577356",1292.88384215272
"LOC107996602",42587.2206378052
"LOC107996603",43362.0591174967
"LOC133666069",3554.68709967282
"LOC107996529",31350.2102146022
"LOC107996531",1334.04394792523
"LOC107996600",8871.23160495045
"LOC108002534",932.338719761988
"LOC108002535",57187.7141748583
"LOC107996535",45373.6623771071
"LOC107996536",39805.8442461411
"LOC107996537",49965.470078619
"LOC107996541",39240.7114527298
"LOC107996546",1713.16910141597
"LOC107996538",71027.1626678398
"LOC107996539",63478.2448050725
"LOC107996543",67960.8621119747
"LOC107996545",34382.4028253033
"LOC107996544",23888.0730092969
"LOC107996607",64328.2941120523
"LOC108003093",56205.6300934728
"LOC107996606",37298.3609300204
"LOC107996589",52049.7303377525
"LOC107996591",17921.2971601514
"LOC107996590",74585.9698600143
"LOC107996528",39102.4034689255
"LOC107996524",20467.9322098177
"LOC107996601",36227.0928878366
"LOC107996585",28916.2775825406
"LOC107996583",157784.045345469
"LOC107996582",80233.5298210818
"LOC114577362",671.157576544998
"LOC107996549",4483.44907602546
"LOC107996593",18998.7809132057
"LOC107996552",118970.756549767
"LOC107996558",44028.7375828168
"LOC107996550",32897.1556786304
"LOC107996553",22781.639060948
"LOC107996556",6313.15058179286
"LOC107996557",18224.226368522
"LOC107996554",54100.4416034835
"LOC107994544",937.123700717395
"LOC107996580",53788.3667256876
"LOC107996581",39045.0991635652
"LOC114577034",9979.89841177137
"LOC107994291",30279.2809053428
"LOC107996595",2402.57394537121
"LOC107996594",50738.364721543
"LOC107996596",5833.94360226211
"LOC107992579",45714.1610048776
"LOC107996586",64823.986234914
"LOC107996587",47294.5776700859
"LOC107996530",30602.6444848243
"LOC114577355",34108.350439624
"LOC107996525",223839.305796985
"LOC133666153",1687.21489146642
"LOC114577516",12284.1364996486
"LOC107997636",62733.180351276
"LOC107997469",91635.093737857
"LOC107997643",45021.8344586838
"LOC107997665",42946.5296738768
"LOC107997674",35742.8729450486
"LOC107997673",38310.3366013983
"LOC107997669",93792.7527181548
"LOC107997250",57085.409737152
"LOC107997667",11979.6201613579
"LOC107997598",38970.393776874
"LOC107997668",887.926810784657
"LOC107997249",14840.5442783844
"LOC107997635",34904.7043053182
"LOC107997634",20810.750024051
"LOC107997633",59357.4486763705
"LOC107997632",61678.4807906272
"LOC107997631",32570.9680009273
"LOC107997593",19901.8746489564
"LOC107997599",1172.4656918509
"LOC107997595",37269.4931519914
"LOC107997592",42453.5369791738
"LOC107997660",45102.5870074903
"LOC107997608",58337.526941265
"LOC107997611",27235.5522312955
"LOC107997612",6222.38639325709
"LOC107997602",411799.539356817
"LOC133666073",50357.8167031576
"LOC133666075",8513.48428969533
"LOC133666074",2164.42051995163
"LOC133666076",13533.4510577564
"LOC133666072",12917.0358270162
"LOC107997607",37935.3673378839
"LOC107997605",2418.71608990967
"LOC107997604",38857.3267956238
"LOC107997681",60715.8781203846
"LOC107997622",117768.008126265
"LOC114577520",22376.8585809892
"LOC133666078",16807.3379776589
"LOC107997620",49216.1524120696
"LOC107997621",12462.9648053851
"LOC107997575",41222.3097172577
"LOC107997584",36679.3403465495
"LOC114577512",23399.1207986046
"LOC107997583",2225.187677043
"LOC107997586",753.87727892106
"LOC107997582",916386.328008026
"LOC133666152",1150.09653832197
"LOC133666081",85968.365329064
"LOC107997578",50628.6201688322
"LOC107997579",186874.651955523
"LOC133666079",15880.8547240577
"LOC133666080",80682.3129575581
"LOC133666077",6701.3318408017
"LOC107997588",42964.4476580103
"LOC107997590",17869.2384797367
"LOC107997662",44251.782674726
"LOC107997663",36857.6275001444
"LOC107997657",158524.534996082
"LOC133666082",5521.06580284809
"LOC107997615",39349.5798335966
"LOC107997685",79449.2857174827
"LOC107997646",63374.4106201344
"LOC107997647",14197.4079748065
"LOC107997614",45510.5478690546
"LOC107997613",52279.1995362989
"LOC107997651",10648.9054492201
"LOC107997653",2431.11131970117
"LOC107997574",1070.29182109014
"LOC107997682",35275.1405288089
"LOC114577515",8556.7645467916
"LOC107997589",42333.3248875341
"LOC107997639",418.357318677517
"LOC107997640",46246.3832155544
"LOC133666084",899.246065891261
"LOC107997637",47707.0586054684
"LOC107997684",51066.4335654789
"LOC108004210",49917.749869793
"LOC107997618",57090.3694133069
"LOC107997619",36134.7081282407
"LOC107997617",57026.289657667
"LOC107997678",54351.2105843907
"LOC107997686",39172.4440870633
"LOC107997656",58508.2503239382
"LOC107997655",55910.6860823035
"LOC107997654",50339.58198328
"LOC107997672",52786.0062275757
"LOC107997671",36181.7649390917
"LOC107997630",51718.4449114418
"LOC107997627",43663.529912742
"LOC107997629",8492.36508082198
"LOC107997628",21810.4738385638
"LOC107997625",49055.368768397
"LOC107997626",24755.096225781
"LOC107997623",20641.7686732157
"LOC107997594",55902.0419548986
"LOC107997642",43696.8785520231
"LOC107997641",52718.353567927
"LOC133666083",3826.84024075394
"LOC107997688",42057.161462792
"LOC107997689",4273.94244551127
"LOC107997571",34365.8949699366
"LOC107997661",41819.9803523884
"LOC108004319",46467.9253651967
"LOC107997591",39107.0571886364
"LOC107997675",44317.0407617856
"LOC107997570",30852.9966234564
"LOC107997676",3942.64795118473
"LOC114577513",1060.79793714048
"LOC107997670",17047.5656726274
"LOC107997690",317.629581114537
"LOC107997601",751.591982892764
"LOC107997680",43255.5996237582
"LOC107997679",43106.1082688997
"LOC107994307",214120.806675022
"LOC107994497",891.190629365886
"LOC107994380",16672.9776135583
"LOC107994448",1232.79304263556
"LOC114577054",4363.75523758102
"LOC107994450",54656.3726193901
"LOC107994467",31232.629178479
"LOC107994466",91970.1647117955
"LOC107994358",51690.8202322854
"LOC107994359",26813.5487066515
"LOC107994455",53505.9561543193
"LOC107994309",7161.43894238487
"LOC133666087",9833.07992427895
"LOC133666088",1659.4692681685
"LOC107994407",607589.39333506
"LOC107994367",14325.7470515486
"LOC107994310",51397.6477259988
"LOC107994366",35883.8277586017
"LOC107994451",53640.594917853
"LOC133666092",1489.1672092648
"LOC133666091",18078.4191600001
"LOC114577035",32620.6015324789
"LOC107994355",13533.6217577556
"LOC107994400",46842.8383761239
"LOC107994399",120954.323124986
"LOC107994356",49450.3869569341
"LOC107994443",65995.5718971117
"LOC107994445",10689.2828017565
"LOC107994444",44923.0344581095
"LOC107994384",36095.1425830859
"LOC107994385",48708.2401044701
"LOC107994386",18845.7502083325
"LOC114577049",19853.6436812174
"LOC107994387",38181.132024288
"LOC107994391",1985.09362187346
"LOC107994392",2824.70865070619
"LOC107994390",55193.7611217122
"LOC107994394",4072.95191724577
"LOC107994396",26625.5363522684
"LOC107994395",106944.541262334
"LOC107994489",38430.0574636154
"LOC107994469",56627.7165579302
"LOC107994470",49065.6340900884
"LOC107994471",54323.706163725
"LOC107994313",225282.766707286
"LOC133666093",22227.433290739
"LOC107994434",197729.836719574
"LOC114577043",13479.0404546798
"LOC133666089",1525.82229370115
"LOC107994408",117833.197712201
"LOC133666090",19849.5735376109
"LOC107994353",24170.6606578822
"LOC107994314",59372.4696883943
"LOC107994433",23090.4448968111
"LOC107994432",46384.728021584
"LOC107994474",27904.7045671229
"LOC107994475",19965.0330008473
"LOC107994472",51828.8228094266
"LOC107994490",27121.7714968035
"LOC107994315",233841.335087154
"LOC133666094",20578.1266485862
"LOC107994440",318.108029135095
"LOC107994441",410.748984022844
"LOC107994424",15110.2384987231
"LOC107994426",683.691266907401
"LOC107994425",26603.921511103
"LOC107994363",25002.5443413075
"LOC107993387",68354.5614487769
"LOC107994438",55265.9782091178
"LOC107994375",46028.1812660853
"LOC107994238",51370.2377731235
"LOC107994237",37216.059371389
"LOC107994421",55239.8496652127
"LOC107994422",42744.7105450149
"LOC107994423",19326.3949625045
"LOC107994360",27590.5878371203
"LOC107994317",26042.3444034314
"LOC107994468",58466.680836727
"LOC114577040",2212.20952892836
"LOC107994381",52454.0172487454
"LOC107992895",41807.8042779286
"LOC107992894",37062.3242051349
"LOC107994487",69541.4204605806
"LOC107994486",46639.2018475055
"LOC108004187",76124.5808285868
"LOC107994488",30786.4279851836
"LOC107998872",25777.7170057807
"LOC107998874",50940.8962959457
"LOC107998873",44997.5525978552
"LOC107994476",180251.637751588
"LOC107994481",39115.537272902
"LOC107994482",19499.4299168486
"LOC107994372",12132.4306361189
"LOC108003358",12507.1446315746
"LOC107994461",57268.7170780981
"LOC107994485",39615.1083213419
"LOC107994494",48211.0838557669
"LOC108001737",55554.7135849006
"LOC108001731",53865.0263435721
"LOC107994365",65075.08183055
"LOC114577051",49625.7028590616
"LOC107994446",49156.6053473767
"LOC107994447",15139.1146551492
"LOC107994430",91997.5906762872
"LOC107994369",53315.6168755784
"LOC108003961",45598.7583806599
"LOC108003963",28881.9101321745
"LOC107994370",29814.7689006017
"LOC107994458",49375.5728976035
"LOC107994460",99778.3338470561
"LOC107994404",49811.2458141005
"LOC107994401",63544.9391890871
"LOC107994402",44010.9823750627
"LOC107994403",43988.458888173
"LOC107994405",47045.1831320731
"LOC107994406",56751.4715573068
"LOC107994462",55598.83447967
"LOC107994479",32618.7298972752
"LOC114577041",5295.28030389651
"LOC107994379",27221.6346544841
"LOC107994354",34381.5352540701
"LOC107994457",52265.5572637855
"LOC107994456",58047.3019278946
"LOC114577053",374.639432657367
"LOC133666097",4661.81583821323
"LOC114577052",8332.63397301712
"LOC133666096",1980.07680043105
"LOC107994483",237572.654249389
"LOC107994452",2447.39997490542
"LOC107994320",38705.0704787794
"LOC107994377",39880.4669416985
"LOC107994378",6127.58997552836
"LOC107994413",61163.8993741012
"LOC107994414",34314.6070007077
"LOC107994412",48558.211372267
"LOC107994411",52850.9002741078
"LOC107994417",14028.7556294277
"LOC133666099",1078.58943354032
"LOC107994416",7913.05256408234
"LOC114577038",19244.6249510553
"LOC107994321",221982.566193783
"LOC114577037",3778.35367626036
"LOC133666098",7964.31380403344
"LOC107994362",42592.0535318415
"LOC107994374",25330.2002743937
"LOC107994491",45725.4491389203
"LOC107994492",580.811083140488
"LOC107994371",1540.54989901095
"LOC107994420",2874.68156233225
"LOC107994418",70981.8077491387
"LOC107994419",19699.9701967623
"LOC107994330",16479.2643991626
"LOC107994328",18861.0718957165
"LOC107994342",41154.6769179799
"LOC107994349",68627.9083501294
"LOC107994337",29751.6110356615
"LOC107994352",20945.6693916279
"LOC107994351",19542.4188198856
"LOC107994345",34788.8933853673
"LOC107994347",105804.765864102
"LOC107994338",54802.365633365
"LOC107994346",60350.2961383443
"LOC107994343",14431.2985893462
"LOC107994350",10320.8459938925
"LOC107994331",59167.161178957
"LOC107994336",47020.2962346646
"LOC107994339",47019.0477274471
"LOC107994333",59871.407797358
"LOC107994332",2479.06198119143
"LOC107994344",33083.558516185
"LOC107994334",41913.6255676784
"LOC107994323",1454.35941301445
"LOC133666100",2194.0199750057
"LOC107994480",62082.3760841824
"LOC107994361",40181.2346481713
"LOC107994435",35854.2280995655
"LOC107994436",32093.6149658558
"LOC107993362",334378.169450192
"LOC107994325",1645.15252125831
"LOC107994326",20799.2803892082
"LOC114577046",330.867002649715
"LOC133666102",3067.94452466163
"LOC107994398",56088.716846908
"LOC107994397",330291.635792732
"LOC133666101",20443.0495139883
"LOC133666103",438.302737092564
"LOC107994477",53365.481385474
"LOC107994327",366556.274266228
"LOC107994410",20763.9893894367
"LOC107994427",75823.2561909463
"LOC107994429",39172.7164221689
"LOC107994464",35361.6334833478
"LOC107995596",126075.011461181
"LOC133666106",8405.0932161044
"LOC133666107",497.761399458561
"LOC107997888",4433.56803507245
"LOC107997886",21156.976502309
"LOC107994560",72606.3867418291
"LOC133666104",7455.75418046769
"LOC107997870",46667.0884946689
"LOC107997873",20716.8692991485
"LOC107997872",47468.8219221142
"LOC107997902",29298.8002096762
"LOC107997901",5695.46670264473
"LOC107997858",3952.44013197688
"LOC107997859",39452.2499139459
"LOC108004240",12746.0895933921
"LOC133666109",1122.3433048968
"LOC107997861",3550.55930325465
"LOC107997916",50749.3594660666
"LOC107997876",54781.0286749129
"LOC107997875",21409.6324737082
"LOC107997874",52482.7047818069
"LOC107997799",2771.90641587082
"LOC107997823",52159.9305234763
"LOC107997849",379950.920787687
"LOC107997848",63989.5971060412
"LOC107997846",24898.2453729145
"LOC107997847",64673.6984031792
"LOC107997845",34250.5873565447
"LOC107997889",33837.3397149972
"LOC107997890",30866.2282375592
"LOC107997791",43005.7090474433
"LOC107992897",13583.2664429894
"LOC107997807",60624.9839685948
"LOC107997792",38659.825676173
"LOC107997917",42734.3911252755
"LOC133666112",1296.83646737512
"LOC107997912",11372.2047001079
"LOC114577542",1349.78916800828
"LOC107997829",31746.1780273088
"LOC107997827",57738.3977217004
"LOC107997903",59359.102993676
"LOC107997904",28732.5608109179
"LOC107997790",30322.892322885
"LOC133666113",29200.0671901324
"LOC107997927",42407.921025825
"LOC107997802",28544.7695430008
"LOC107997929",42993.1109130378
"LOC107997922",53026.154625807
"LOC107997921",41545.0076027842
"LOC107997801",58037.6746217983
"LOC107997797",24169.8216826127
"LOC107993566",45911.0560991364
"LOC133666114",66785.0307858412
"LOC107997913",50595.5205691288
"LOC107997864",49376.0720900728
"LOC107997794",52168.5699116392
"LOC107997863",56368.9209620998
"LOC107997905",359606.843470895
"LOC133666115",4074.29149378976
"LOC107997826",55834.1673174535
"LOC107997804",53043.6885587703
"LOC107997795",45666.1139880293
"LOC107997882",30654.9317272361
"LOC107997919",56719.332908641
"LOC107997866",78048.2843106766
"LOC108003796",18237.3543974046
"LOC108003797",50764.8884652073
"LOC107997811",67462.9921586127
"LOC133666117",29050.0594432415
"LOC133666116",41737.4688018176
"LOC107997812",405582.654759746
"LOC107997817",50185.374832254
"LOC107997815",57475.481298876
"LOC107997814",49032.4066501784
"LOC107997813",34851.7490638234
"LOC107997925",34811.6161312051
"LOC114577548",25445.4714917751
"LOC107997879",42899.0798217907
"LOC107997880",1010.74432596446
"LOC107997881",22899.1464574002
"LOC107997851",337799.455453952
"LOC133666118",8399.75236288414
"LOC107997850",51351.5187282967
"LOC107997803",50481.1813560337
"LOC107997915",27087.9990514947
"LOC107997920",49739.9471702182
"LOC108002609",33429.2303353368
"LOC108002610",49576.5822564345
"LOC107997788",35736.1519580722
"LOC107997787",47084.768144349
"LOC107997786",20028.1176496801
"LOC107997883",57379.9566117439
"LOC107997884",13007.212885042
"LOC107997841",39346.4354206332
"LOC107997842",21360.6251515762
"LOC107997843",77165.8318554291
"LOC107997898",31991.2816664153
"LOC107997810",4869.88992571973
"LOC107997785",134031.869289888
"LOC107997821",1111.94628503318
"LOC107997822",893.856915015771
"LOC107997896",42085.4587107288
"LOC107997877",47720.271344731
"LOC107997878",7817.41055309192
"LOC133666119",20626.0501593402
"LOC107997565",156510.318025193
"LOC133666151",7735.36351548995
"LOC107997838",1708.17722887982
"LOC107997836",761048.357364971
"LOC107997834",53061.0031600173
"LOC107997839",37271.4329173838
"LOC107997835",56897.4904179017
"LOC107997781",41105.6955843079
"LOC107997782",47686.683812773
"LOC107997793",41719.8396926682
"LOC107997906",56950.5758140957
"LOC107997780",44504.9952715571
"LOC133666120",49606.5885396195
"LOC107997832",37399.3277895618
"LOC107997830",64668.7555801377
"LOC107997831",63831.6413156493
"LOC107997924",55219.2624974145
"LOC107997779",47134.0149919661
"LOC107997910",62185.6269856915
"LOC107997909",43946.7097749438
"LOC107997911",8785.20473291516
"LOC133666122",1096.89403274347
"LOC133666121",309.691376731914
"LOC107997894",3885.32993326003
"LOC107997893",46888.9010391865
"LOC107997895",1927.87129251171
"LOC107997892",45205.3436738912
"LOC107997891",36436.2897811324
"LOC107997854",40866.986699885
"LOC107997857",26566.3982158609
"LOC107997855",39963.114251837
"LOC107997853",34559.9165207751
"LOC107997852",47309.8766841462
"LOC107997805",7050.21646294205
"LOC107997818",79699.4604480611
"LOC133666123",8253.30818079438
"LOC133666124",1789.64397903868
"LOC107997798",54817.9521136546
"LOC107997897",53901.1572878351
"LOC107997867",44913.2914511228
"LOC107997869",48532.8061098127
"LOC107997868",43165.7999586843
"LOC107997928",56293.0868892945
"LOC107997918",18933.2200595256
"LOC133666125",9848.51967801321
"LOC108003281",141867.230272977
"LOC108003437",4119.4409824121
"LOC133666128",33979.8465889574
"LOC133666127",20150.8623108815
"LOC133666126",16858.4927310329
"LOC133666129",6509.3466772249
"LOC107997002",40240.2068140469
"LOC107997000",10613.3568265772
"LOC108003280",594740.8768206
"LOC108003318",52126.1416032197
"LOC108003320",6236.67708833461
"LOC108003286",3188.18698404287
"LOC133666130",10730.0912991377
"LOC108003285",21724.6580389391
"LOC108003322",53296.7029646537
"LOC108003323",1181.65546590413
"LOC108003350",33607.5399794627
"LOC107993424",231887.606347373
"LOC108003292",16953.784168513
"LOC108003349",36112.7623644502
"LOC108003345",70919.0705712889
"LOC108003330",87787.7847871806
"LOC133666132",10040.1329587118
"LOC133666131",2803.50522039838
"LOC108003290",4461.06204995926
"LOC108003351",54539.2211517576
"LOC108003296",56223.8360317597
"LOC108003284",47595.5340833705
"LOC133666133",1682.65540635813
"LOC108003310",51223.9869790499
"LOC108003311",19072.3108042669
"LOC108003309",58561.4664310643
"LOC108003294",47205.1846755411
"LOC108003332",41285.7949089314
"LOC108003331",49239.4871983911
"LOC108003333",37583.8884834815
"LOC108000245",30062.7834312131
"LOC133666134",3103.13240634755
"LOC108003279",166493.225100147
"LOC108003337",12429.7214008727
"LOC114578197",2956.62312393029
"LOC108003288",23370.0151392859
"LOC108003303",70033.5981716022
"LOC108003308",70264.0246747632
"LOC108003278",190731.387516399
"LOC107993551",33416.1152346845
"LOC133666135",5117.45422676224
"LOC108003325",31955.3891778408
"LOC133666136",1799.31013533501
"LOC108003334",57365.263518611
"LOC108003277",56258.149613553
"LOC108003321",38676.7208068533
"LOC108003317",109097.786877695
"LOC133666137",872.501979793692
"LOC108003289",40461.2363850908
"LOC108003287",21418.0003936421
"LOC108003344",45746.3425255244
"LOC108003343",28381.7595985537
"LOC108003276",41507.9449782262
"LOC108003329",1463.59769849299
"LOC108003327",2713.26006611466
"LOC108003328",976.275599880835
"LOC108003326",2535.0629605889
"LOC108003304",31154.2887285008
"LOC108003293",30490.8361484529
"LOC108003316",34490.4329981342
"LOC108003314",30916.7750786202
"LOC108003315",7151.06590862481
"LOC108003312",42934.3460075514
"LOC108003313",51264.8041600208
"LOC108003297",6262.33820891385
"LOC133665608",708.536768249768
"LOC108003298",8523.26615050587
"LOC108003300",4108.93834285138
"LOC108003341",52728.3241072602
"LOC108003342",40778.2761631448
"LOC108003282",47958.6976548873
"LOC108003336",57014.5890602027
"LOC108003346",17512.0638217684
"LOC107995471",1109.13582502409
"LOC108003335",4296.56134532063
"LOC108003355",717.329913783391
"LOC108003307",567.019394112377
"LOC108003295",2911.12582656368
"LOC133666139",367.80554972231
"LOC107998288",9459.11620087942
"LOC107998244",38720.3452801209
"LOC107998200",28013.0893779433
"LOC107998272",31064.0013945661
"LOC107998870",57252.0792726588
"LOC133666140",31358.1294145655
"LOC107999139",49060.6568866362
"LOC107999045",44438.0557886381
"LOC107998193",34124.6827199741
"LOC107998675",31930.2996033674
"LOC107998670",130846.755939275
"LOC133666141",1979.49754200137
"LOC114577549",15083.9463861089
"LOC107998662",20461.0171570833
"LOC107998813",27359.3569397609
"LOC133666149",2837.85990497667
"LOC107998796",19966.1389375844
"LOC107998803",50740.5828965319
"LOC107998823",92617.67376999
"LOC133666148",3463.9871695947
"LOC107999080",52930.8295673922
"LOC107999066",46441.5668108399
"LOC133666147",1391.67762359722
"LOC107998893",68166.6933567972
"LOC107998849",52554.7576108087
"LOC107998841",48163.8811518167
"LOC107998713",78905.3625159716
"LOC114577626",29306.6377106294
"LOC107998696",34802.9267582181
"LOC107998688",48324.980898014
"LOC107998706",37729.8641434998
"LOC107998724",37563.9854757626
"LOC107998188",34144.4676796889
"LOC107998205",50056.148093724
"LOC114577674",401.074295803742
"LOC107998942",44057.0452745099
"LOC107998921",9090.22231697372
"LOC107998931",748767.111359615
"LOC107998437",53706.2503817763
"LOC107998376",35861.1031102374
"LOC107998389",65353.7416441909
"LOC107998442",56050.0690092182
"LOC107999040",34674.04085986
"LOC107999023",34411.8269848347
"LOC107998181",4229.36468816857
"LOC107999178",4584.77616707074
"LOC107998177",2614.98606858595
"LOC107999129",43194.0327294581
"LOC107998592",39927.9903511856
"LOC107998585",51904.549249912
"LOC107998578",13668.1971821671
"LOC107998764",23387.6006787237
"LOC107998733",45734.2031448385
"LOC107998751",15382.6463781017
"LOC107998237",52463.5697864499
"LOC107998230",58496.9194692528
"LOC107998568",26319.7213306077
"LOC107998165",16956.6914805373
"LOC114577564",350.020147418827
"LOC107998545",2723.69415085696
"LOC107999099",52386.1852271919
"LOC107999109",44426.7888695727
"LOC107998280",39932.4475929213
"LOC107998367",29575.5130587519
"LOC107998334",32352.4451003995
"LOC133665620",50473.991931356
"LOC107998298",23721.8523502949
"LOC107998324",65147.4252460217
"LOC107998344",72012.858975057
"LOC107998357",129373.99325615
"LOC107998306",14418.3182953983
"LOC107998152",660.143641503542
"LOC107998949",59784.6707767546
"LOC107998989",32700.9194705029
"LOC107998259",208629.282288685
"LOC107999089",87839.629218617
"LOC133666150",27808.7714373348
"LOC107999008",1594.87833916771
"LOC107998998",50464.9113152368
"LOC107998627",35099.8610572527
"LOC107998598",53956.6247988869
"LOC107998637",51083.9007021408
"LOC107998983",58129.2202364341
"LOC107998967",37962.1661608734
"LOC107998961",14634.3363367309
"LOC107998977",42458.8593148704
"LOC107998403",48947.3574160044
"LOC107998405",3593.65020577094
"LOC107999146",19502.9880678933
"LOC107999160",1111.64345130751
"LOC107998509",65321.6465464373
"LOC107998525",63697.345800137
"LOC107998468",25746.4324080145
"LOC107998493",8155.31143935416
"LOC107998452",105656.691890239
"LOC107998482",57474.8146769044
"LOC107998458",51443.1983892431
"LOC107998224",53317.3869439849
"LOC133666193",587.165503139701
"LOC133666359",445.259521236834
"LOC133666364",11617.4107269213
"LOC107995582",48592.8999616676
"LOC107995581",152884.628877777
"LOC107993531",103270.586425102
"LOC107993460",75588.5402883464
"LOC107993467",44783.80816455
"LOC107993528",44753.8292765764
"LOC107993536",36863.369840758
"LOC133666194",1695.47391864356
"LOC107993466",32096.1451293177
"LOC107993529",56059.7161784992
"LOC133666195",392.887364437448
"LOC107993453",171118.809249457
"LOC107993454",4517.46034411329
"LOC107993465",11860.8362308608
"LOC107993494",224172.904099408
"LOC133666197",6208.55842634959
"LOC107993473",2072.2636799356
"LOC107993455",44349.6078723778
"LOC107992556",47495.40941185
"LOC107993516",1315.84167647883
"LOC133666198",335.346292638143
"LOC107993456",1432.91239902753
"LOC107993527",46757.4408530102
"LOC107993470",19803.5556262687
"LOC107993475",2635.83913604586
"LOC107993483",44833.8540325642
"LOC107993484",53196.4395533829
"LOC107993486",22040.2384033041
"LOC107993485",69322.4289749349
"LOC107993521",48918.6366525485
"LOC107993519",2572.64361154185
"LOC114576932",68524.2846517612
"LOC107993508",46515.7416062814
"LOC133666199",2151.77359997673
"LOC107993533",31420.431745182
"LOC107993532",22986.5795288278
"LOC107993505",265045.076385201
"LOC107993509",58390.0282810376
"LOC107993469",3353.3533084896
"LOC107993478",306108.223309801
"LOC107993480",105173.514491543
"LOC107993482",22747.5080188091
"LOC133666200",4455.74916351237
"LOC107993479",7288.32456555918
"LOC107993487",146284.17181184
"LOC107993526",4455.36941261146
"LOC107993471",1026.87902107975
"LOC107993468",3189.69110676327
"LOC107993504",338212.124758292
"LOC107993501",50871.478220813
"LOC107993502",12250.3204134385
"LOC107993489",34106.4748360968
"LOC107993491",24905.4522066974
"LOC107993492",2224.39095739795
"LOC107993493",35281.910029801
"LOC107993461",33465.3880351422
"LOC107993499",52026.4167169913
"LOC133666201",850.295421704195
"LOC107993500",4334.94450621204
"LOC107993530",2568.81112168357
"LOC133666203",21285.8553240596
"LOC107993497",333682.90064907
"LOC133666202",550.800643106306
"LOC107993496",786.967928001412
"LOC107993463",26203.6921941846
"LOC107993524",45415.1488022251
"LOC133666204",42448.4437925399
"LOC107993522",49327.5963259543
"LOC107993523",42879.0981543005
"LOC107993458",53546.3408777736
"LOC107993474",17080.6688869909
"LOC107993459",18122.8920871903
"LOC133666205",8730.76854116046
"LOC107993511",40443.609428529
"LOC107993512",1399.37723594094
"LOC107993538",1813.86361962512
"LOC107993514",4248.75850392017
"LOC107993513",7188.78603203954
"LOC108004362",679.867597548592
"LOC108004363",1836.98586001748
"LOC107995255",388626.907494102
"LOC114577186",1499.31896614847
"LOC133665625",1617.05081088121
"LOC107995453",3711.0006075035
"LOC107995450",2246.2223079005
"LOC107995452",297.610399280456
"LOC107995449",349.743279008939
"LOC107995443",1235.67983566156
"LOC107999810",49019.9399678242
"LOC107993436",36884.727700475
"LOC107993435",4177.34686650653
"LOC133666207",433.031239754541
"LOC133666209",879.68630517558
"LOC107993430",222953.667243863
"LOC133666208",8469.78739513096
"LOC133666210",458.453490844775
"LOC107993434",1547.40612775304
"LOC107993432",25854.1792164943
"LOC107993426",31897.3310714339
"LOC107993425",8869.03945643888
"LOC107993429",70878.6492803243
"LOC114576924",1607.11175188159
"LOC114576926",463.315417389876
"LOC133666211",31896.4407108067
"LOC107993428",307872.614058712
"LOC133666186",1615.85079043879
"LOC107995467",44978.8412123901
"LOC133666212",15172.911112592
"LOC133666213",886.135285753053
"LOC107993995",87190.3584139133
"LOC107993994",21781.3511636105
"LOC107993996",2723.05793597792
"LOC107993997",567.448484923083
"LOC107998875",57904.8505820874
"LOC107993632",27772.6332143241
"LOC107993631",45092.4655134043
"LOC107993629",52770.0551118584
"LOC133666214",12971.1782054758
"LOC107993630",45067.4098627313
"LOC107993635",55949.5117737801
"LOC107993636",39308.5880607252
"LOC107993619",33235.7677191538
"LOC107993637",24311.3129732418
"LOC107993638",109656.929153692
"LOC107993633",53756.07253944
"LOC107993628",42854.1430293305
"LOC107993641",24951.0233744899
"LOC107993639",42792.688024763
"LOC107993640",50386.7937416147
"LOC107993620",21842.4045787347
"LOC107993625",69455.492045077
"LOC107993618",1102766.28930772
"LOC107993621",6355.11492977441
"LOC133666220",6299.55861375918
"LOC107993622",31695.3356291109
"LOC107993623",77515.7038141869
"LOC107995736",1232.96952205416
"LOC107998283",166022.198811013
"LOC133666219",444.297050245102
"LOC107998282",24122.4028733898
"LOC114577606",1192.42179889109
"LOC133666217",1496.99409293969
"LOC107998285",66143.1989139547
"LOC133666218",4414.03767671892
"LOC107998284",84148.2777192937
"LOC107998297",53241.2948452767
"LOC107998299",28964.928529725
"LOC107998300",67346.8788452232
"LOC133666216",4967.39586084686
"LOC107998315",35997.3325555181
"LOC107998314",36322.9570288845
"LOC107998316",36977.9577529895
"LOC107998317",38657.1379778144
"LOC107998329",47512.6913169894
"LOC107998308",101823.093266793
"LOC107998309",2342.98305119694
"LOC107998311",19076.437956002
"LOC133666222",1801.49909000825
"LOC107998273",112825.078881276
"LOC107998310",20407.2323431036
"LOC107998274",23509.2554040251
"LOC107998279",1174.54898604861
"LOC133666223",547.309810484629
"LOC107998332",1396.53771696124
"LOC114577614",12195.3024972906
"LOC107998275",42054.4874083101
"LOC107998330",48323.9388539551
"LOC107998277",28282.2160886004
"LOC107998318",46134.8236881985
"LOC114577612",2628.36282666483
"LOC133666225",11763.2316883864
"LOC108000710",3265.56612794285
"LOC107998276",42652.6995680571
"LOC107998281",3626.6549338182
"LOC133666224",303.345931731588
"LOC107998328",46396.0717604848
"LOC107998269",25003.8943170989
"LOC133666226",34607.8476132309
"LOC107998290",33777.1269214764
"LOC107998287",56599.7123504886
"LOC107998289",34561.4034880088
"LOC107998312",45966.6389440842
"LOC107998302",610310.063011651
"LOC107998305",2141.06621625242
"LOC107998304",654.188993822575
"LOC107998307",3474.33149628168
"LOC107998268",9309.24169071055
"LOC107998303",1376.00691808811
"LOC107998326",5640.63778007146
"LOC107998325",21265.2092750076
"LOC107998322",397.713910716773
"LOC107998319",233482.125569503
"LOC107998321",1579.68146375276
"LOC107998320",16349.6043246891
"LOC133666366",6963.33186094344
"LOC114577615",14679.5920176873
"LOC107994357",21839.2142626404
"LOC107994071",495.730465180485
"LOC107994061",1392.08038393786
"LOC108001546",10551.650598085
"LOC107996384",44593.9546577381
"LOC107996308",31393.2649858817
"LOC107994117",52981.9899866343
"LOC107996038",52196.4104626762
"LOC107995206",51863.4444935732
"LOC133666228",10326.933188242
"LOC107995235",32738.2265261392
"LOC114577263",5793.67833140907
"LOC107996097",42627.6743240363
"LOC107995143",63055.4919325251
"LOC107995175",76539.8455594101
"LOC107995136",41177.2808090729
"LOC107996207",36226.462601052
"LOC107996197",1344.80638891678
"LOC107995874",8548.22720858812
"LOC107995908",490.318480307177
"LOC107995898",51390.6347177709
"LOC107995893",39459.055254704
"LOC107994295",50038.7466836182
"LOC107994053",3587.29482352256
"LOC107994547",32918.4706818138
"LOC107994602",1298.91508546181
"LOC133666234",16538.417953763
"LOC107994637",10477.0572190138
"LOC133666229",19876.1168319415
"LOC133666232",9578.94525600642
"LOC107992577",102708.529914276
"LOC133666233",1686.35304587075
"LOC107994650",28622.8519779921
"LOC107994646",23126.8749766489
"LOC133666231",24053.9913359039
"LOC107994656",12456.5363782088
"LOC107994625",3055.2172925341
"LOC107994261",50185.8195749877
"LOC107996139",11036.4833480134
"LOC114577045",1641.77889214061
"LOC107996150",615.523921137155
"LOC107996155",467.416975077572
"LOC114577136",1169.68384880889
"LOC108001692",13886.3521773627
"LOC108001358",24249.435365083
"LOC108001384",38477.2454068024
"LOC108001664",61693.7833725247
"LOC108001653",46540.8405393023
"LOC108001608",5476.23754795469
"LOC108001646",43573.3397487536
"LOC108001627",39562.5584205335
"LOC108001613",48757.8754588434
"LOC108001640",31550.0689818639
"LOC108001493",56463.2795717614
"LOC108001484",51885.6615606889
"LOC108001477",22358.8312818652
"LOC108001460",51009.9081903528
"LOC108001444",63891.4172067523
"LOC108001378",53197.9280679283
"LOC108001703",81631.3420772048
"LOC133666235",15008.8044945477
"LOC108001696",59728.8938024424
"LOC108001587",50796.2253553659
"LOC108001572",68458.2767299851
"LOC133666236",3410.10105054265
"LOC108001345",100175.473885
"LOC133666239",3240.73332963678
"LOC108001563",44227.916589381
"LOC133666238",42864.2231713451
"LOC108001674",62525.9037066777
"LOC108001539",110674.96279043
"LOC133666240",4791.57924542007
"LOC133666237",26005.5950680922
"LOC108001547",38900.7008455499
"LOC133666242",4202.71830043992
"LOC108001554",5471.75838157425
"LOC133666241",11545.5832454085
"LOC114577953",58847.9784755851
"LOC108001507",498120.507554779
"LOC133666246",50930.6987705923
"LOC133666245",6874.46801635481
"LOC107995194",147481.676370258
"LOC133666244",7462.29075589948
"LOC133666243",35689.5465468451
"LOC107995193",57856.6552417886
"LOC133666355",2079.22741289622
"LOC133666357",705.745046098603
"LOC107995558",5038.036621145
"LOC107995559",203049.945787972
"LOC107995557",27492.9575287446
"LOC107993804",107419.435141184
"LOC133666248",13181.5858947914
"LOC107993805",1919.4274563128
"LOC133666250",4591.02159827448
"LOC107993740",42872.83145973
"LOC107993806",71107.852114287
"LOC133666360",1688.45299229743
"LOC107993830",2104.49058405236
"LOC108003186",11266.9804746514
"LOC107993786",74481.6703772953
"LOC133666249",2391.73346164053
"LOC107993811",54747.6466380311
"LOC107993807",54496.1732685437
"LOC107993776",99651.9395904166
"LOC107993808",9313.0770461431
"LOC107993818",4128.78029968729
"LOC107993819",35968.1674630858
"LOC107993820",33428.4148212847
"LOC107993782",3553.1835231618
"LOC107993779",15122.4401798437
"LOC114576973",836.282743758988
"LOC107993780",11863.4068529353
"LOC107993781",3397.92442658137
"LOC114576975",5644.44388044693
"LOC114576974",9633.25620130909
"LOC107993774",37902.506781285
"LOC107993773",39384.4239618877
"LOC107993772",51343.9292648822
"LOC107993771",54954.7908771033
"LOC107993802",27694.4784368113
"LOC107993803",1496.52497941403
"LOC114576970",1370.36035349055
"LOC114576971",1027.21766077181
"LOC107993750",72369.8349261007
"LOC107993756",2891.26781922942
"LOC107993755",11438.8644210582
"LOC133666251",6369.61615620184
"LOC107993751",37022.3340269808
"LOC107993752",187742.006935486
"LOC114576982",4751.91212218847
"LOC114576986",8389.31940196205
"LOC107993749",860.050702621816
"LOC133666252",19452.5594896484
"LOC107993763",35636.7384336617
"LOC107993764",15365.8597058147
"LOC107993759",12038.2861029125
"LOC107993758",34823.9171216529
"LOC107993762",97421.6657411251
"LOC133666254",22575.5819506114
"LOC107993766",91622.5009798387
"LOC133666253",61146.8249943277
"LOC107993765",1870.45396304561
"LOC107993785",55840.0857460755
"LOC107993784",9903.33689979167
"LOC133666255",690.805298007644
"LOC107993783",12784.5703623319
"LOC107993747",57160.2981083584
"LOC107993793",48139.9636915275
"LOC107993794",55277.375231575
"LOC107993795",29485.8683862094
"LOC107993738",70316.3986673509
"LOC107993739",36773.6516006356
"LOC107993792",47392.1286492511
"LOC107993790",43227.2845112138
"LOC107993791",55890.8656889289
"LOC107993736",24902.8316886192
"LOC107993722",50877.0169510748
"LOC107993743",44061.7730715257
"LOC107993723",49103.5022507552
"LOC107993796",36460.6571183334
"LOC107993724",33271.3281664707
"LOC107993742",31247.9626667631
"LOC107993744",47644.6241699565
"LOC107993797",54708.017595676
"LOC107993735",46391.7662577563
"LOC107993746",153780.054905635
"LOC133666256",10483.1081898126
"LOC107993835",1120.62416693535
"LOC107993814",1951.50657991958
"LOC107993812",1968.10898862467
"LOC107993726",135935.837445943
"LOC107993824",47096.3425185787
"LOC107993768",56610.9496286233
"LOC107993767",13985.202380213
"LOC107993770",40418.3753370906
"LOC107993729",42442.1013301255
"LOC133666260",2399.07049757891
"LOC107993730",46475.860096879
"LOC107993727",401930.904922226
"LOC107993734",2546.52733656944
"LOC133666351",17588.9341716086
"LOC114576978",46817.7726544872
"LOC133666261",1540.2241562777
"LOC133666259",4844.16760778735
"LOC107993732",18976.8090552454
"LOC107993731",20833.4074555802
"LOC107993833",301990.627049589
"LOC107993832",8800.96718356277
"LOC107993821",4610.60773956613
"LOC107993801",3610.20981254208
"LOC107993799",66354.9603182977
"LOC133666367",2886.92968252191
"LOC107993816",101849.491450829
"LOC107993834",230206.882126253
"LOC133666263",11132.4476968154
"LOC107993815",33387.312407803
"LOC107993825",9122.0519872583
"LOC107993826",39936.2563237181
"LOC107995237",2873.89694514804
"LOC133666264",1236.70600181039
"LOC107994173",31690.881840471
"LOC107994067",217390.234405043
"LOC133666266",1203.89395193253
"LOC133666267",47400.5906824506
"LOC107994132",12147.0647747071
"LOC133666269",13953.3127121916
"LOC107994133",6294.15698157826
"LOC133666268",2049.18966590905
"LOC133666265",4192.35199221319
"LOC107994135",36420.9390277141
"LOC107994091",5523.60662119523
"LOC133666270",1607.68021449672
"LOC107994089",41777.947932863
"LOC107994179",148405.783340496
"LOC133666272",632.330055057766
"LOC107994189",26506.0289521892
"LOC133666271",1890.32217143249
"LOC133666273",711.676182791577
"LOC114577021",6285.20827081241
"LOC107994098",3875.74099661757
"LOC114577020",3840.26733185181
"LOC107994110",68572.1240966201
"LOC107994103",57099.505196078
"LOC107994108",46531.5460809224
"LOC107994111",33105.2949723224
"LOC107994106",35907.6151674684
"LOC107994105",15675.1554987455
"LOC107994104",7907.57106580813
"LOC107994107",40003.8909174514
"LOC107994068",12260.8191446038
"LOC107994183",2988.01786290274
"LOC114577014",41834.0318297255
"LOC107994090",34490.5129404087
"LOC108003865",54915.4752717441
"LOC107994180",31849.2260050931
"LOC133666276",6819.42711267766
"LOC133666274",54512.0367165161
"LOC107994069",54528.6870721645
"LOC133666275",3124.1628812004
"LOC107994085",43788.8460822258
"LOC107993946",457237.244480014
"LOC133666277",885.087661003205
"LOC133666361",23924.0217386303
"LOC133666354",1945.74980713293
"LOC133666284",2995.94853542441
"LOC133666262",6889.07828853648
"LOC133666279",31211.9476661726
"LOC133666278",4499.84779101134
"LOC133666280",9064.43031867321
"LOC133666281",7841.13850752043
"LOC133666282",15229.5257824526
"LOC107994122",355.217859797072
"LOC114577019",18799.4387981599
"LOC133666283",9851.54481158837
"LOC114577018",28464.6633823932
"LOC107994119",11041.2951642605
"LOC107994169",31462.3973446932
"LOC107994170",39459.6035112573
"LOC107994167",29922.0688342092
"LOC133666286",8592.51265657342
"LOC107994168",3081.00689813264
"LOC107994096",41886.2823170172
"LOC107993598",54164.4944406534
"LOC107994136",122359.77274078
"LOC107994073",42405.8298963635
"LOC107994093",1294.49344020253
"LOC133666287",30415.0117794611
"LOC107994125",47892.9718210861
"LOC107994124",55309.7223190335
"LOC107994126",33518.510132232
"LOC107994074",71654.1599482499
"LOC107994128",47860.6387118598
"LOC107994131",34953.9131869149
"LOC107994130",45329.1814199631
"LOC108003742",37541.2061417272
"LOC107994129",45543.1295103576
"LOC107994097",25308.3387875299
"LOC107994155",60282.5345071907
"LOC107994156",7105.58495350045
"LOC107994157",29417.5059191659
"LOC107994159",57501.7466395603
"LOC107994087",50011.9081786041
"LOC107994094",39225.257120768
"LOC107994165",42220.8658148425
"LOC114577942",31480.0683484327
"LOC108001047",35912.4209386502
"LOC108001048",60813.308826327
"LOC107994166",1651.0240749684
"LOC107994114",7175.01698594732
"LOC107994116",1441.20258609176
"LOC133666288",656.940976107436
"LOC107994112",66779.0997188645
"LOC107994113",19372.192509402
"LOC107994076",35641.7099122776
"LOC107994115",1857.61822761408
"LOC107994077",41808.9130684817
"LOC107994164",46967.9210767067
"LOC107994177",2717.14431480569
"LOC107994078",2970.04496830791
"LOC107994161",1014.47307400854
"LOC107994079",57935.5963876408
"LOC107994160",51244.2433924992
"LOC107999622",56359.6497184907
"LOC107994086",35806.7596082768
"LOC107994172",3974.17046389384
"LOC107994080",33681.3701930234
"LOC107994171",1668.8769832468
"LOC107994137",48728.0835459237
"LOC107994139",38710.3105133558
"LOC107994138",36203.8304497354
"LOC133666289",26622.374716114
"LOC107994140",51551.2125605448
"LOC107994162",50944.5443802801
"LOC114577011",9600.98520177335
"LOC107994163",14352.1796551039
"LOC108001329",35134.6095142552
"LOC108001336",16241.6328041027
"LOC114577017",3808.09424250091
"LOC114577016",9469.90779319704
"LOC107994175",58457.4272866693
"LOC107994088",20757.2224325496
"LOC108002677",49422.0482860367
"LOC107994142",11533.3174979426
"LOC107994184",1952.7789125196
"LOC107994151",662.9183887407
"LOC133666293",333.728747732402
"LOC133666292",466.000374398669
"LOC114577022",309.127728891874
"LOC107994100",56307.5765254912
"LOC107994178",39504.2743806879
"LOC108003801",9647.02567394541
"LOC108003832",23069.2022074845
"LOC108003815",20020.7323753728
"LOC108003814",121466.239279538
"LOC133666295",17548.2794551648
"LOC133666353",1845.98350143167
"LOC108003828",59721.0826132141
"LOC133666297",13773.2547034553
"LOC108003825",57859.7414480699
"LOC108003802",30373.4081066246
"LOC108003817",89939.7711597733
"LOC133666296",15955.5335545095
"LOC114577956",7741.17331669392
"LOC108003833",31455.0110642048
"LOC133666298",602.887065226099
"LOC108000905",117758.319309733
"LOC108003808",996.963140495919
"LOC133666300",3358.92916106972
"LOC108003806",22169.1917356099
"LOC108003810",5309.12331590837
"LOC108003256",50094.8699228606
"LOC108003240",29744.2086391074
"LOC133666301",13971.2616528318
"LOC108003269",32884.9969408279
"LOC108003252",11307.1751145499
"LOC108003254",3203.00263470771
"LOC108003253",14326.5662376438
"LOC133666302",866.495834130281
"LOC108003236",5163.24520240694
"LOC108003235",9940.16584331192
"LOC114578191",29486.0446740701
"LOC133666303",704.312274879231
"LOC108003246",2978.5064817542
"LOC133666304",6540.21373797223
"LOC108003260",66286.972587289
"LOC114578186",2681.55663719977
"LOC108003261",2405.79355419327
"LOC108003266",5832.07941165091
"LOC108003264",2276.61274787824
"LOC133666306",1462.76792073984
"LOC108003265",4500.59953077854
"LOC108003259",70625.6636438128
"LOC108003234",10862.7419433077
"LOC108003248",35620.154284399
"LOC108003250",2490.40165305551
"LOC108003239",8329.76005870266
"LOC108003237",50144.1125603992
"LOC108003263",45210.1138280793
"LOC108003262",113814.032511645
"LOC108003268",5922.7716280711
"LOC108003267",4445.288234019
"LOC108003242",32004.1921480439
"LOC108003243",2342.18932304369
"LOC108003232",44145.4610457262
"LOC108003247",112401.231430981
"LOC108003229",31312.6417761057
"LOC133666308",580.491305824851
"LOC133666307",443.185674428434
"LOC114578167",1783.56894465288
"LOC114577776",1906.69969366735
"LOC133666311",1756.33721969081
"LOC107999724",10777.5045673034
"LOC107999639",41010.800111316
"LOC107999727",52110.3736642767
"LOC107999720",24716.6316440434
"LOC107999719",57341.6594673186
"LOC107999729",49223.7452010207
"LOC107999640",40557.4648234913
"LOC107999730",101451.886388332
"LOC107999700",54965.3887645426
"LOC114577778",28183.7754096523
"LOC107999702",20972.3888824762
"LOC107999712",53452.891105777
"LOC107999709",50577.45667289
"LOC107999713",32431.5444531221
"LOC107999711",44216.7246148533
"LOC107999703",60490.1427901047
"LOC107999697",67471.1129856554
"LOC133666312",9033.77868160094
"LOC107999636",119170.485796853
"LOC107999698",70613.0217965511
"LOC107999732",12246.6508947172
"LOC107999635",2001.85099974486
"LOC107999721",24621.3164816558
"LOC133666192",783.279915308751
"LOC133666314",1130.91466091007
"LOC114577768",21962.593736066
"LOC133665598",33218.8392386929
"LOC107999637",22523.5694713407
"LOC107999686",46705.6366155209
"LOC133666318",18289.0091521608
"LOC133666316",4785.67143087099
"LOC107999689",1021.76983947327
"LOC133666317",11990.9163480623
"LOC107999687",3833.99381307147
"LOC133666313",22204.8257915346
"LOC107999633",47990.7093145833
"LOC107999684",22778.6489144861
"LOC107999683",51999.9808382354
"LOC107999680",28456.0875302793
"LOC107999681",24541.8561037222
"LOC107999679",17693.4791012292
"LOC107999652",42370.7773797617
"LOC107999651",8601.07079327526
"LOC107999650",9594.58774001877
"LOC107999653",72945.537438384
"LOC107999649",71996.385852628
"LOC107999655",16501.8143443491
"LOC107999647",276152.058369657
"LOC114577765",507.273829140067
"LOC107999663",1222.32129654528
"LOC133666365",856.253080640465
"LOC107999659",632.006802339232
"LOC133666320",6906.54791594416
"LOC133666319",1339.10274644659
"LOC133666321",9527.61970436106
"LOC107999656",20714.3633244367
"LOC107999645",15559.0394367038
"LOC133666324",2420.53500123353
"LOC107999704",66612.9197361688
"LOC107999708",515.851480483225
"LOC107999707",437.860442155076
"LOC107999706",4561.29666286548
"LOC133666323",991.055833833567
"LOC107999664",5140.16469078805
"LOC133666326",565.541212220662
"LOC107999668",1974.90106298985
"LOC133666327",616.141239428752
"LOC107999693",107828.740544092
"LOC107999695",26267.4607794364
"LOC107999728",42239.0246891166
"LOC107999723",55183.0066198269
"LOC107999722",42682.2295884713
"LOC107999717",407553.281272208
"LOC133666328",5733.46921391528
"LOC107999691",40725.248885933
"LOC107999690",96353.1614064318
"LOC133666336",782.728436739154
"LOC133666332",21212.6858008318
"LOC133666329",27303.7663195886
"LOC133666330",62090.2431616093
"LOC133666331",3430.74680197133
"LOC133666337",5829.74836648181
"LOC133666334",9110.95289743917
"LOC133666333",6749.18124939252
"LOC133666335",3053.24275215348
"LOC107999638",35712.8799090602
"LOC107999641",37765.7316411328
"LOC107999716",39219.6734202997
"LOC107999715",36581.4749644648
"LOC107999631",29457.4938158977
"LOC107999714",47149.2577889681
"LOC107999725",50697.7240841843
"LOC107999644",42908.1524160278
"LOC107999670",59820.237027036
"LOC107999677",10855.1533769309
"LOC107999630",14875.771402292
"LOC107999674",50861.5236837647
"LOC107999676",4079.4018228038
"LOC107999678",24720.7600466541
"LOC107999673",52416.44611757
"LOC107999675",43140.5187780315
"LOC107999672",67092.7427451399
"LOC133666338",7606.55251430677
"LOC107999629",8056.15572590905
"LOC107999643",40589.6358329634
"LOC107999646",37364.7305890355
"LOC107999628",15834.2944769186
"LOC114577770",8117.34126656612
"LOC107999731",34236.2013383049
"LOC133666341",502.582477443332
"LOC108000713",70631.0706611357
"LOC108000712",52296.2044135751
"LOC108001867",18303.131853904
"LOC108001866",42062.1271508915
"LOC133666340",72700.1339234184
"LOC107999156",52961.6292934149
"LOC107999090",45642.5333833721
"LOC107999158",42186.9854579172
"LOC107999157",25822.275275167
"LOC107999159",46049.3156251893
"LOC107999108",9062.50665695027
"LOC133666187",499.247398136455
"LOC107999183",25744.1961693302
"LOC107999170",51272.5367528965
"LOC107999113",50381.3118566591
"LOC107999174",40887.466742223
"LOC133666342",1227.18794846618
"LOC107999091",37093.0023047089
"LOC107999150",27774.3307909062
"LOC107999149",28774.6687289685
"LOC107999092",44423.731427221
"LOC107999151",12428.5464900064
"LOC133666343",7038.84739269892
"LOC107999103",6109.60050493536
"LOC107999188",48734.7811061887
"LOC133666344",1607.03175975118
"LOC107999093",38108.5636407203
"LOC107999094",46909.0892645099
"LOC107999192",53010.3042466326
"LOC107999114",59811.1490142766
"LOC107999182",54762.2923861835
"LOC107999095",14443.5989374481
"LOC107999102",36480.4488520719
"LOC107999180",64412.8242320775
"LOC107999181",50176.7724179821
"LOC107999175",28962.7780634543
"LOC107999104",43324.1144130426
"LOC107999166",30287.6891383587
"LOC107999167",60950.4861763762
"LOC107999163",27134.324192795
"LOC107999164",61708.1290821948
"LOC107999155",332647.238559286
"LOC133666345",735.721208816597
"LOC107999154",21350.9794782419
"LOC114577702",3633.5933961422
"LOC107999184",4657.82945563623
"LOC107999185",320.525634456652
"LOC107999176",17700.980391649
"LOC107999191",924.693270660025
"LOC107999144",5686.93241015979
"LOC107999145",18067.8278108552
"LOC107999148",51234.2455588315
"LOC107999165",54000.382521048
"LOC107999106",76770.455929589
"LOC114577703",34318.5713616723
"LOC107999107",14292.1163298178
"LOC107999112",46304.6951798237
"LOC107999110",23246.0307034451
"LOC107999123",21606.5139561333
"LOC107999140",56887.4265360869
"LOC107999138",60327.0271913004
"LOC107999141",3190.98961613186
"LOC107999119",42091.1487725633
"LOC107999172",41060.651116274
"LOC107999173",4609.57233312261
"LOC107999177",65032.5613658128
"LOC107999179",1960.85493331997
"LOC107999193",37854.0499441664
"LOC114577708",5024.81064231696
"LOC107993840",49909.2178237264
"LOC107999121",38334.4266712126
"LOC107999161",21518.8098854298
"LOC107999162",52165.0288811502
"LOC107999143",98367.37648887
"LOC133666348",1178.51801576379
"LOC133666347",2925.39108852461
"LOC107999111",42029.9322607417
"LOC114577710",31050.6666916928
"LOC133666352",476.050903217998
"LOC107999124",1498.59149776108
"LOC107999194",24294.0378443485
"LOC107999116",51687.865700564
"LOC107999187",40213.3329903809
"LOC107999117",40742.9236540142
"LOC107999120",3820.42787540954
"LOC107999115",16654.011178625
"LOC114577706",1752.5201438693
"LOC107999189",34247.126075554
"LOC107999133",37880.607880707
"LOC107999134",7296.85214973535
"LOC107999136",17811.5759791459
"LOC107999137",10514.2140514198
"LOC107999135",64465.0481941593
"LOC107999169",372100.647746884
"LOC114577714",19564.6285819982
"LOC107997152",723.203836370092
"LOC107997468",38817.7798463596
"LOC133666349",2866.68523018109
"LOC107997467",29936.4266589945
"LOC107996236",51173.4235802916
"LOC107996239",66667.6924546123
"LOC107996237",35240.0777337382
"LOC107997003",46852.0569410822
"LOC107997006",47182.5770710426
"LOC133666463",12930.9698443887
"LOC107997004",59517.2937553975
"LOC107999200",123432.086206438
"LOC108003822",82129.7879174096
"LOC133666465",801.695794101612
"LOC108003819",21357.6269906927
"LOC108003818",7695.37431964108
"LOC108003820",13928.0648500145
"LOC108003187",47261.3271025947
"LOC108003800",2848.61224618948
"LOC108003829",1020.32780956449
"LOC114578245",6459.19045513551
"LOC108003830",26739.3276181139
"LOC108003826",54628.2212198264
"LOC108003827",10542.6283577352
"LOC108003813",32586.2228445101
"LOC108003812",55064.8614448027
"LOC108003811",54255.7349892972
"LOC108003821",237369.093521531
"LOC107994566",1829.67940357615
"LOC107994567",673.148666965655
"LOC107994568",5274.51410153906
"LOC133666466",797.56493164841
"LOC107994563",28373.4182267184
"LOC107994569",53147.8346504058
"LOC107994565",150938.677291579
"LOC114577067",1435.18750816783
"LOC133666467",16979.4062032405
"LOC133666468",20026.7452236782
"LOC107995243",241999.082913644
"LOC133666469",6990.85723175716
"LOC107995242",4963.74058317553
"LOC107995241",34839.1756723215
"LOC107999084",50846.8822667871
"LOC133666470",9237.50891541324
"LOC108002496",34394.1847663047
"LOC108002498",2786.08763244751
"LOC108002451",19280.2818395589
"LOC108002470",49153.3126523111
"LOC108002471",39062.9147124662
"LOC108002472",986133.596334745
"LOC114578108",25038.7498031698
"LOC108002463",32423.5956088509
"LOC108002461",7377.60904688588
"LOC133666471",382.787362037088
"LOC108002460",73764.8432421694
"LOC108002484",794.135473372365
"LOC108002485",31626.250005535
"LOC108002483",34604.2249606418
"LOC108002492",263407.55779735
"LOC108002453",2150.68594642323
"LOC114578111",458.026031028201
"LOC108002452",2614.66884632901
"LOC108002491",45322.338909339
"LOC108002478",68527.6205726538
"LOC114578112",2249.76556520467
"LOC108002479",57794.3841123831
"LOC108002477",5950.31669935238
"LOC108002476",10512.9652215875
"LOC108002475",61455.5255743107
"LOC108002495",41841.9356595843
"LOC108002501",36548.6585177163
"LOC108002500",46884.4570338592
"LOC108002469",47956.1048108413
"LOC108002467",54754.808017225
"LOC108002465",48800.1686321164
"LOC108002466",35270.1783171508
"LOC108002480",35470.1074966389
"LOC108002482",67631.954201316
"LOC108002488",25109.5879107339
"LOC108002487",32673.2531608075
"LOC108002489",42848.6522198084
"LOC108002503",49525.0672801511
"LOC108002457",54723.0809869631
"LOC108002458",35187.6210859858
"LOC108002454",52409.1747584338
"LOC108002455",30046.7950761088
"LOC108002448",56623.498152551
"LOC108002459",71984.244742339
"LOC108002499",55057.5363828307
"LOC108002450",32616.6187244183
"LOC108002449",48456.911110796
"LOC108002473",82187.668443772
"LOC133666473",23588.9177312987
"LOC108002493",49761.508862679
"LOC108002494",25447.394728452
"LOC107997692",80245.1220850865
"LOC114578110",3604.98517867177
"LOC107993699",13345.2423770299
"LOC107993710",25769.6243321726
"LOC107993715",5398.94897677879
"LOC107993716",6065.60635472601
"LOC133666474",5210.37040295273
"LOC107993712",48996.674239587
"LOC107993701",3784.05485503654
"LOC107993704",53153.1405858995
"LOC133666476",1719.31853384921
"LOC133666475",6459.01079197777
"LOC107993708",41395.1114841133
"LOC107993707",42006.4206758399
"LOC107993706",53020.3848766063
"LOC107993718",58832.4602145574
"LOC107993700",7279.73001391669
"LOC107993717",74870.4477326015
"LOC133666477",15099.578142206
"LOC107993668",773.496275583455
"LOC107993650",40246.1990454518
"LOC107993647",42969.1070191027
"LOC107993654",493.596957093394
"LOC107993669",5380.10154571633
"LOC133666478",1101.39247551112
"LOC107993653",1132.38059269256
"LOC107993656",254792.478745823
"LOC133666479",11468.2989088747
"LOC107993657",5022.19896586987
"LOC107993658",40529.8691603075
"LOC107993659",2907.07770186449
"LOC107993655",150521.474047806
"LOC133666481",21577.5518118916
"LOC107993661",7128.88959915707
"LOC107993660",5497.11816649656
"LOC133666480",2468.43626481369
"LOC108003439",33429.2968764866
"LOC107993648",61414.563239435
"LOC107993649",12301.7403193288
"LOC107993664",7595.420666685
"LOC107993662",24842.2784274865
"LOC107993663",162028.225620555
"LOC107993667",1261.87875428767
"LOC133666482",11927.7095229642
"LOC107994288",950.949722273227
"LOC107994287",46719.9568303045
"LOC107994283",56548.1651938246
"LOC107994285",142268.068614304
"LOC107993646",21246.6117119749
"LOC107994286",60390.5486016136
"LOC107994272",41790.6828342692
"LOC107994277",4905.72001609462
"LOC107994276",46925.6140243149
"LOC107994274",59954.4130726561
"LOC107994278",11746.3121293699
"LOC107994275",137888.951497291
"LOC114576963",18152.902902361
"LOC114577033",7596.6658324848
"LOC133666484",1087.62148343684
"LOC133666485",1350.1416743779
"LOC107998462",48738.0843984017
"LOC114576758",23313.0981117794
"LOC107998463",31438.000969328
"LOC107998457",69823.203851802
"LOC107998431",125195.871280818
"LOC114577624",748.716278012077
"LOC133666487",12279.2823539567
"LOC107998460",58866.3863381407
"LOC107998461",56519.5002084399
"LOC133666486",3888.93179240461
"LOC107998433",10400.1184387839
"LOC107998438",1770.13334506272
"LOC107998436",4008.34005660981
"LOC107998435",18229.4823121623
"LOC107998432",49390.3062907686
"LOC107998434",52807.1374350757
"LOC107998423",53303.635143115
"LOC108002332",28863.0033521506
"LOC108002331",1849.54868373563
"LOC108002333",2283.65590091158
"LOC107998415",2805.63651965735
"LOC107998473",1361.61325479744
"LOC107998422",1834.92663178217
"LOC107998425",45071.389469537
"LOC107998451",293693.384685194
"LOC107998455",9770.69993036746
"LOC107998454",9575.24221497178
"LOC133666489",2028.52529149335
"LOC133666396",16769.564209322
"LOC107998453",9112.11522627867
"LOC107998450",79065.2985337379
"LOC107998474",42059.6335992496
"LOC107998475",29512.290038166
"LOC107998419",1349.50553336476
"LOC107998478",4168.45477466577
"LOC107998441",36428.7015113879
"LOC107998440",10864.1623239993
"LOC107998439",223551.758933162
"LOC107998445",2086.04209322497
"LOC133666495",7633.75282789781
"LOC133666494",3420.24255611053
"LOC133666492",7303.26610144117
"LOC133666491",3905.17899780029
"LOC107998471",35850.8974115711
"LOC107998472",19608.9441857811
"LOC107998476",42201.8662535593
"LOC107998477",59800.7201346172
"LOC107998447",118811.147477271
"LOC133666498",2154.29667955288
"LOC133666496",26213.8746807041
"LOC133666497",2899.44651580137
"LOC107998449",54028.6669937494
"LOC107998446",22478.1415997754
"LOC107998448",33083.4593113145
"LOC107998469",77487.805410889
"LOC107998466",66067.3772655812
"LOC133666499",1585.98561059221
"LOC107998467",54215.3424599589
"LOC107998479",454577.208077133
"LOC108001056",86472.7611133088
"LOC107998428",8493.50989085732
"LOC107998421",638495.701497056
"LOC107998426",57523.5660332118
"LOC108000951",50100.1060267508
"LOC108000952",68889.3251837757
"LOC107998429",700.149174583725
"LOC107998427",27744.6420647668
"LOC107998470",197994.969787095
"LOC108002523",89746.7465447425
"LOC133666501",1097.5245784858
"LOC133666500",12812.114969183
"LOC133666502",3186.67962358425
"LOC108002519",51731.981260129
"LOC108002514",58748.8676932089
"LOC108002521",31927.0111202126
"LOC114578114",9547.19512147214
"LOC108002520",16091.4440765655
"LOC107998126",37263.3029247045
"LOC108002517",62206.841950382
"LOC108002515",60513.7487592146
"LOC108002522",10770.2682765269
"LOC108002516",53631.9734165051
"LOC133666503",59244.7259498205
"LOC108002526",47048.6141586853
"LOC107994214",54043.9943682314
"LOC107994226",38926.0528416456
"LOC107994222",52231.0363257258
"LOC107994223",58687.2787425823
"LOC107994213",45496.423221396
"LOC107994215",39294.4510567791
"LOC107994227",3476.75993206058
"LOC107994221",61311.7697193075
"LOC107994220",2145.96252228253
"LOC107994219",43479.1170110911
"LOC107994218",62804.9513745063
"LOC108003087",145990.009671228
"LOC108003088",137395.80085265
"LOC107993191",56166.8945112997
"LOC107993189",55922.8527314146
"LOC133666374",3433.75466925467
"LOC107993137",239435.753642112
"LOC107993155",53510.5010204355
"LOC107993192",86628.1051621098
"LOC114576905",424.362198678687
"LOC133666372",364.75919604154
"LOC133666450",2104.78188879398
"LOC133666399",4790.02997221676
"LOC107993215",59634.4954137896
"LOC107993159",53080.3553295158
"LOC107993216",28358.5192392803
"LOC107993166",6775.55066768923
"LOC107993170",88217.8532324985
"LOC114576900",2497.52347679081
"LOC133666404",5647.09542590935
"LOC107993172",1092.76108521957
"LOC107993173",773.218555039016
"LOC133666402",763.520688433766
"LOC107993169",62499.5443995096
"LOC133666377",486.091008960881
"LOC114576898",653.931564266126
"LOC133666401",486.100881429134
"LOC133666403",2565.16551127384
"LOC107993209",51261.5753210341
"LOC107995198",28766.0396842582
"LOC107993186",282901.504315767
"LOC107993188",20150.9989153456
"LOC133666405",11631.5797064091
"LOC107993193",2867.23783001567
"LOC107993198",7675.0769382261
"LOC107993218",42277.1229230358
"LOC107993200",65075.3827200667
"LOC107993203",71756.4325109099
"LOC133666406",354.093691754826
"LOC107993162",6871.96551965172
"LOC108002978",84567.9066801099
"LOC107993197",103775.894454607
"LOC107993219",3568.16647854346
"LOC133666407",3071.74208582947
"LOC107993220",5469.26348985532
"LOC107993180",249198.306735178
"LOC133666409",2712.08179708743
"LOC133666408",2179.66584377525
"LOC107993161",16663.9510700577
"LOC107993204",55335.5703603297
"LOC107993205",22758.6973085552
"LOC107993139",34864.1643705238
"LOC107993181",236666.060207065
"LOC114576902",6003.25709240943
"LOC107993184",3036.33158906441
"LOC107993183",13756.7444542781
"LOC133666411",15427.8607773682
"LOC133666410",2092.33749333037
"LOC133666384",594.181013705503
"LOC107993211",50871.4677735516
"LOC107993174",27562.920877448
"LOC107993175",7288.0452285769
"LOC107993176",52398.2464693434
"LOC107993185",94238.5796348895
"LOC107993157",9054.33124676656
"LOC133666414",25243.1507986646
"LOC107993196",414625.394301719
"LOC107993156",7296.58816037557
"LOC133666412",21572.7991905771
"LOC107993179",235706.894268817
"LOC133666413",6749.60019614553
"LOC107993140",117065.825771206
"LOC107993210",47330.9413370881
"LOC108004242",70891.4658288432
"LOC133666415",6205.11923270156
"LOC107993177",51122.6148880374
"LOC107993178",22642.2052691017
"LOC107993154",36210.4650566544
"LOC107993201",59236.4185922768
"LOC107993225",39446.2315640444
"LOC107993224",3743.67591928737
"LOC133666416",1246.7457665268
"LOC107993227",5867.73220004396
"LOC107993163",677.519000111773
"LOC107993164",889.04512273235
"LOC107993226",3529.60765238697
"LOC107993158",1269.81442606801
"LOC107993206",36711.6438065462
"LOC107993207",28912.0131090916
"LOC107993143",52976.532603316
"LOC107993221",2186.52913023614
"LOC107993222",1674.63446284267
"LOC107993208",39954.1420553633
"LOC107993213",32405.4111578085
"LOC107993168",2683.93895566428
"LOC107993144",53017.867840503
"LOC107993199",723.676762380354
"LOC107993146",133194.007267877
"LOC133666419",2197.28764667554
"LOC133666418",491.021537976326
"LOC133666417",11623.6604873948
"LOC114576903",11711.0224763183
"LOC114577732",162983.874131333
"LOC107999422",99323.9764859336
"LOC107999269",7233.41727745633
"LOC107999430",23960.7715913912
"LOC107999429",26367.6468970971
"LOC107999292",612145.78735378
"LOC133666421",1667.1547674122
"LOC107999293",42300.3073279156
"LOC107999294",358219.126287194
"LOC107999366",336354.123466836
"LOC107999343",54810.5877192048
"LOC107999344",23882.3229882405
"LOC107999345",61454.6142056123
"LOC107999331",114394.739899897
"LOC107999255",32127.4217543921
"LOC107999417",47029.3838682967
"LOC107999416",37425.764483472
"LOC107999397",8437.62004249446
"LOC107999231",53753.5929293644
"LOC108003156",5886.53515388603
"LOC108003157",58304.6564046226
"LOC107999412",52917.7030458363
"LOC107999411",36685.9233842212
"LOC107999230",20393.4131553912
"LOC107999229",95548.7947540912
"LOC114577722",5611.27695907315
"LOC107999296",1570.95267490955
"LOC133666458",1907.97708133616
"LOC107999301",16366.7832387001
"LOC133666393",346.011486649359
"LOC107999300",3542.91791376681
"LOC133666423",9603.59376190418
"LOC133666424",1120.36776946428
"LOC133666422",3913.09416546639
"LOC114577723",265156.39990276
"LOC114577724",93147.3647327493
"LOC133666457",8379.87358339854
"LOC133666380",4421.30787589119
"LOC107999456",9732.78961653374
"LOC107999454",44360.5128529599
"LOC107999406",84061.5994716664
"LOC107999254",2838.96980739763
"LOC107999248",1830.21399367848
"LOC107999468",10386.3037451535
"LOC107999419",3475.72840891794
"LOC107999420",5141.29543808417
"LOC107999389",12984.7970999156
"LOC114577735",1058.36016038057
"LOC107999261",37118.8456943096
"LOC107999444",56624.9684793297
"LOC107999451",52429.7198862793
"LOC107999259",14827.5341247912
"LOC107999291",55984.6766296104
"LOC107999287",44055.686707921
"LOC107999288",47976.7939506441
"LOC107999289",23952.687706296
"LOC107999286",32425.024442978
"LOC133666426",796.26781483565
"LOC107999285",6687.63038239841
"LOC107999228",82365.4023142488
"LOC107999283",4014.81811153461
"LOC133666425",2143.91574466015
"LOC107999358",654.658380212169
"LOC107999359",2314.54298993992
"LOC107999471",1428.42619966096
"LOC107999383",41665.3559134119
"LOC133666427",766.974545520988
"LOC107999437",20106.3865042245
"LOC107999305",32486.9644732055
"LOC107999303",179821.057939723
"LOC107999302",53866.5135299102
"LOC107999387",13728.0231206422
"LOC107999385",16689.7680936512
"LOC107999457",4551.73066142006
"LOC107999241",52638.9491797531
"LOC107999449",41215.4406392345
"LOC107999450",51675.4566165077
"LOC107999333",49377.7048701392
"LOC107999334",23185.8414518908
"LOC107999262",28165.0531264892
"LOC107999227",57368.6426514743
"LOC107999433",28082.4187755217
"LOC107999434",43200.4387115634
"LOC107999435",24299.6727833078
"LOC107999446",58094.3407905579
"LOC107999253",28472.907250437
"LOC107999442",40361.0419249548
"LOC107999367",42420.9754399
"LOC107999225",60977.0797253701
"LOC107999404",12151.0064097808
"LOC107999418",181674.468645285
"LOC107999224",231217.092479007
"LOC107999465",270424.180357708
"LOC107999222",230147.10863939
"LOC107999263",28585.8027760711
"LOC107999247",51841.0254015661
"LOC108003868",49941.9784092804
"LOC107999235",41292.4261125664
"LOC107999388",58500.6069056992
"LOC107999240",46893.0927673043
"LOC107999453",60705.3992793155
"LOC107999368",54476.1905828066
"LOC107999369",51920.1365796864
"LOC107999421",51045.2035542289
"LOC107999338",37943.1985977988
"LOC107999337",30828.6183553446
"LOC107999336",45072.151357605
"LOC107999335",47513.0707606954
"LOC107999391",88975.2025352784
"LOC107999392",11124.4068861418
"LOC107999395",208595.438270661
"LOC107999396",50312.5054769878
"LOC108003440",13428.8366778427
"LOC107999316",59638.8678762051
"LOC107999315",83411.9129465693
"LOC133666428",2703.33876494598
"LOC107994644",47522.1250086529
"LOC107999425",50683.3887540546
"LOC107999426",29979.3083119573
"LOC107999373",30510.6942367559
"LOC107999219",49522.374668722
"LOC107999372",36870.6089984763
"LOC107999371",46321.0736530972
"LOC107999237",52849.092277915
"LOC107999381",41485.8366874695
"LOC107999380",46772.6901355773
"LOC107999382",18293.3155941796
"LOC107999271",10159.0530683993
"LOC107999244",45715.2251250221
"LOC107999428",53460.8433496794
"LOC107999458",28285.296824492
"LOC107999423",54109.8994633139
"LOC107999245",47272.2424795412
"LOC107999427",62666.5886754014
"LOC114577726",1460.83363322713
"LOC107999354",40187.2395524873
"LOC108001225",57171.8437973713
"LOC108001226",36934.655477111
"LOC133666429",2127.38656745368
"LOC107999351",8061.08438357582
"LOC107999330",130988.74009756
"LOC107999364",51256.6125000584
"LOC107999360",51388.9912391922
"LOC107999362",21727.9622340966
"LOC107999365",30475.1333062535
"LOC107999370",69634.5772201633
"LOC133666431",1802.21772627016
"LOC107999432",15350.2993052846
"LOC107999431",25984.7687087435
"LOC107999472",14358.6954007644
"LOC107999249",41735.5486885565
"LOC107999403",884.777270368502
"LOC107999402",55222.7240628883
"LOC107999246",50063.9665495451
"LOC107999256",32813.5278588633
"LOC107999464",58443.3062914932
"LOC107999281",42231.1308931988
"LOC107999280",36165.5663321728
"LOC107999215",51434.7698985946
"LOC107999216",27459.5105999793
"LOC107999277",266222.342414083
"LOC114577319",4448.21218418582
"LOC107999279",16164.1807678695
"LOC114577738",6822.85027903616
"LOC107999242",40107.9267365555
"LOC107999214",54140.1488066412
"LOC133666432",630.818548316646
"LOC107999460",16846.2827441045
"LOC107999409",25811.9518091964
"LOC107999390",56731.6679790777
"LOC133666435",2417.1994185534
"LOC107999405",110482.117372621
"LOC133666436",3063.74063595644
"LOC107999265",32238.1711401492
"LOC107999339",440409.844988762
"LOC107999341",61445.0730112877
"LOC107999340",5180.60856399747
"LOC107999443",266740.545427494
"LOC133666437",1883.0069308764
"LOC107999266",2019.10648533505
"LOC107999252",3910.2715553274
"LOC107999275",587.92800390317
"LOC107999213",749.584652436541
"LOC107999436",39324.9209546436
"LOC107999400",50521.2733426712
"LOC107999232",52789.8072942846
"LOC107999264",53006.6117441331
"LOC107999238",3428.86054577571
"LOC107999439",55729.817033743
"LOC107999441",53524.8139017269
"LOC107999408",55779.035200058
"LOC107999234",12274.9603136518
"LOC114577719",669.712878070917
"LOC107999469",3593.6895417648
"LOC107999322",6421.65410997282
"LOC107999321",41584.8166934254
"LOC107999323",46851.118978816
"LOC107999324",58139.5286949673
"LOC107999320",25093.9650260562
"LOC107999319",42280.2128001281
"LOC107999318",55367.6034441151
"LOC107999399",35787.6553794363
"LOC107999398",43720.7415609983
"LOC107999374",50929.2330204854
"LOC107999357",28501.3768865703
"LOC107999356",93670.9933339015
"LOC133666441",5612.2773414705
"LOC107999375",72846.3458671181
"LOC107999377",5383.65956956413
"LOC107999463",232466.402414688
"LOC114577717",1686.94901888514
"LOC107999378",28164.7453866367
"LOC107999379",67334.8323637861
"LOC107999210",210812.385948959
"LOC107999307",65060.3027021186
"LOC107999306",23339.5691419122
"LOC107999414",92193.7504346194
"LOC114577733",29042.4678684611
"LOC107999393",37326.2727500846
"LOC107999394",43114.1141751204
"LOC107999308",37838.8464878796
"LOC107999309",55152.309691752
"LOC107999311",38881.1000327677
"LOC107999313",48455.3311665162
"LOC107999310",17017.8569010299
"LOC107999314",38766.8449572842
"LOC107999312",97503.0135971336
"LOC107999348",44285.9888031893
"LOC107999349",30483.6393230264
"LOC107999346",93604.1220499552
"LOC133666444",12664.2187594423
"LOC107999347",57222.7376546744
"LOC107999272",842.405456185598
"LOC107999462",363.277890061545
"LOC107999461",4334.52144221696
"LOC107999209",8166.64301087367
"LOC107999326",56900.2685572563
"LOC107999328",28775.8788538881
"LOC107999327",34386.412549054
"LOC108001543",47722.1111152458
"LOC107999329",2366.65487457111
"LOC107999802",13969.3705953968
"LOC108001530",337.310739001288
"LOC108001538",2741.8388171929
"LOC133666447",542.461985637917
"LOC108001537",84505.9420384319
"LOC114578008",1106.80614689184
"LOC133666514",11381.9467423654
"LOC108000938",122968.871878197
"LOC133666513",13298.3113314803
"LOC133666515",1334.25499233599
"LOC108000940",20465.5311173472
"LOC108000930",5409.06138565725
"LOC108000949",51411.2686601658
"LOC108000934",7032.48285800039
"LOC108000941",50589.4315849626
"LOC108000937",367588.7664587
"LOC108000948",254635.529637833
"LOC108000947",31883.6004038014
"LOC108000943",48687.4640659164
"LOC108000942",75796.2350545058
"LOC108000927",66155.1655520611
"LOC108000929",44270.0172552464
"LOC108000928",6475.8474948175
"LOC108000946",51109.5584301063
"LOC108000944",65377.9993369533
"LOC108000950",173950.148248962
"LOC133666516",839.41368574946
"LOC108000936",99898.3483910267
"LOC133666518",2105.52785499462
"LOC108000926",24623.9863072562
"LOC133666519",4882.97696488621
"LOC108000932",18169.6156527287
"LOC108000925",125812.529059074
"LOC107997691",21007.2504363976
"LOC107993558",3382.33433264788
"LOC133666520",6501.58386459033
"LOC107993562",82394.5626785767
"LOC133666517",3240.55620243717
"LOC114576943",4020.53970619675
"LOC114576941",2796.07316764311
"LOC107993552",52584.3217977136
"LOC133666521",1693.96228119962
"LOC107993560",9686.71691424233
"LOC107993565",20619.2278559651
"LOC107993554",105181.162720662
"LOC114576939",3480.82527349861
"LOC114576940",5030.93858811377
"LOC114576938",22245.3824315631
"LOC107993556",48761.8094069906
"LOC107993553",27582.8441286338
"LOC107993564",51582.6814848979
"LOC108000220",34274.7483929024
"LOC107993563",9986.02597212556
"LOC133666626",996.659451056459
"LOC108000365",51250.6813751435
"LOC108000366",50231.6299868498
"LOC133666511",757.126052647007
"LOC107996433",21955.7770920974
"LOC107997320",16842.491511655
"LOC107997303",32031.1682032982
"LOC107997342",41371.97629804
"LOC107997337",3357.7593715158
"LOC107996578",28330.3140674826
"LOC107996542",36839.4303253957
"LOC107996791",57726.8989011147
"LOC133666522",16071.8665762142
"LOC107997280",46289.8986963115
"LOC107997299",1054.7413626619
"LOC114577399",7731.78260507383
"LOC107996684",5608.94537981502
"LOC107997252",30553.4185510598
"LOC107996650",461.676103382239
"LOC107996441",1109.08820379785
"LOC107997114",32224.2817219058
"LOC107997124",45740.5692208417
"LOC107996955",54725.6693749436
"LOC114577317",31895.7958996049
"LOC107996628",52033.0578399841
"LOC107996551",9188.99981695183
"LOC133666523",18979.0498920308
"LOC107996447",45101.2486066623
"LOC107996456",57099.3185475762
"LOC107997087",22166.1163839754
"LOC107996597",69182.5849094165
"LOC107996571",41731.7452941669
"LOC107996617",54048.9072262511
"LOC133666507",2182.81142739485
"LOC107996721",274983.131714258
"LOC107996716",8016.90489944284
"LOC107996762",39314.6206655609
"LOC107996753",45383.2760645574
"LOC114577378",50546.1489075327
"LOC108004359",29944.5433826891
"LOC107996772",61722.6587891909
"LOC107996675",16660.102481258
"LOC107997009",18239.7535196049
"LOC107997034",8487.18178958887
"LOC107997024",15222.934144205
"LOC107996463",43530.9391382021
"LOC107997219",49766.6997874661
"LOC107996509",33001.7310713877
"LOC107996977",40542.27233997
"LOC107996992",41721.5562410036
"LOC107996986",33952.0404712151
"LOC107996948",15937.3213623547
"LOC107996900",65639.5737045382
"LOC107996909",3129.53798008035
"LOC107996477",51931.7050482569
"LOC133666524",51214.0296696295
"LOC107996859",34793.4993077851
"LOC107996877",60305.2684549786
"LOC107996889",42908.356413043
"LOC107996852",61258.0520617282
"LOC107997274",59274.3585951057
"LOC107996485",49463.4958058273
"LOC107997091",31133.2299033296
"LOC107996640",12944.5797073517
"LOC107996839",14444.7185219545
"LOC107996826",42324.6492344802
"LOC107996802",244677.255452178
"LOC114577801",32091.8674511331
"LOC107997073",71356.3515617661
"LOC107997071",49072.0381223283
"LOC107997081",47795.7942133484
"LOC107997184",39073.4557385288
"LOC107996540",58970.3475235212
"LOC107996521",41553.6711704641
"LOC107996584",41271.8866060089
"LOC107997329",52575.6012539489
"LOC107996496",61184.7647699458
"LOC107997097",57323.2811070308
"LOC107997137",44501.6357122938
"LOC107997156",52289.1614929166
"LOC114577333",26876.5558499969
"LOC107997176",35754.2402578174
"LOC107996563",5807.95621269455
"LOC107996503",92723.8938786201
"LOC107996700",39814.1443710423
"LOC107997234",70345.9888341837
"LOC107997243",14651.5660089503
"LOC107997214",56337.4093201819
"LOC107997204",24169.0909660682
"LOC107996664",40610.422458323
"LOC107997044",47081.6927895964
"LOC107997054",56576.110538921
"LOC107997065",63076.6424475543
"LOC107997262",145699.428435916
"LOC108002997",971.911778111153
"LOC108002822",53809.13219254
"LOC108003398",61173.8034429576
"LOC108003381",4640.53759669016
"LOC108003387",35487.2129188533
"LOC133666525",4058.52047324012
"LOC108003352",57189.574678805
"LOC108003417",29223.2208557717
"LOC108002834",49523.7874633038
"LOC108003424",15324.5418747294
"LOC108002950",143354.226591203
"LOC108003019",2076.65966744279
"LOC108002880",46635.8097335527
"LOC108003441",49011.9594523943
"LOC108003431",56399.9048038977
"LOC108003747",41007.4818604415
"LOC108003748",30766.3508796792
"LOC108003444",39750.5692806467
"LOC108003447",57303.8603021447
"LOC108002870",50697.3250858079
"LOC108003450",59819.9252250952
"LOC108003462",25558.9130742513
"LOC108003463",32984.9212240147
"LOC108003448",52295.6422893824
"LOC108002838",42646.8243342938
"LOC108003449",64028.2870738506
"LOC133666529",1493.01545631259
"LOC108003058",31048.4406020001
"LOC108003097",56122.088402316
"LOC108003067",53081.4715110016
"LOC108003138",47009.0209029425
"LOC108003123",53830.1587609525
"LOC108003114",96608.9442245681
"LOC133666530",1678.48742223475
"LOC133666528",18463.6250633402
"LOC108003461",43276.6004081444
"LOC108003459",30071.87300593
"LOC108003458",50155.6272916831
"LOC108003464",666.573390583818
"LOC108002974",1174.13724657592
"LOC108003025",681.835694093185
"LOC108003465",24306.7033419761
"LOC108003453",25023.4707409348
"LOC108003454",51162.6665698342
"LOC108003222",339395.911931362
"LOC108003291",3364.64541582094
"LOC108003195",61032.814882841
"LOC108003203",11062.8995166826
"LOC108003154",34895.3992960616
"LOC108003283",7921.3704012358
"LOC108002842",56714.3552864041
"LOC108002932",5593.87909084771
"LOC108002941",2102.62416546963
"LOC108002959",20205.0612510579
"LOC108002892",32908.0572749037
"LOC108003324",124492.745837532
"LOC133666531",782.530513668505
"LOC108003347",6788.3214876936
"LOC108003442",56886.1427195645
"LOC108003443",64575.7657447697
"LOC108002902",46766.5363401416
"LOC108002921",63272.2758605296
"LOC108003457",53859.1738010532
"LOC108003456",21975.5990799913
"LOC108003455",46868.4301034018
"LOC133666532",47916.9598092529
"LOC108002885",19882.9779358161
"LOC108003033",46172.7338778879
"LOC108002857",55591.0824019781
"LOC108002864",27807.4951257229
"LOC133666533",8619.74909245492
"LOC108003452",14716.0447403155
"LOC108003451",48068.3947915183
"LOC108003306",54581.5666924667
"LOC108004153",7666.54538074061
"LOC108004178",52585.2897756811
"LOC108004176",7145.08222515305
"LOC108004175",1656.14189356144
"LOC133666621",4795.65290958304
"LOC108004180",11574.4255701545
"LOC108004181",47462.3498704886
"LOC133666534",6190.8283389
"LOC108004170",70016.3286873577
"LOC108004174",8782.88832430715
"LOC133666536",2903.75078129479
"LOC108004173",80129.7895678165
"LOC108004166",37196.9586554373
"LOC108004167",46096.0823534884
"LOC108004165",38595.7731305267
"LOC108004168",36047.5484949441
"LOC108004169",52457.9774591244
"LOC108004163",4701.93852218263
"LOC108004157",50579.7342926279
"LOC133666535",26497.0947698814
"LOC108004161",45110.9054066364
"LOC108004159",40593.40865993
"LOC108004156",47574.2519124195
"LOC108004158",9392.27894733991
"LOC108004160",51432.4876994938
"LOC108004162",6814.86015031652
"LOC108004182",60974.7206370106
"LOC133666537",16181.8652230175
"LOC133666538",4531.10654010375
"LOC108004179",88902.7265022991
"LOC108004154",163074.793350538
"LOC108004152",110268.336337303
"LOC133666542",23100.1549098466
"LOC133666541",6683.80229688145
"LOC107995341",115918.203479227
"LOC114578307",26810.4469158874
"LOC107995278",7789.76898730737
"LOC114577201",3341.50096256835
"LOC107995371",1369.75997973379
"LOC114577205",3737.62170260268
"LOC107995297",2951.40628895002
"LOC133666540",5833.38704775594
"LOC107995293",39848.3654785944
"LOC107995294",20637.6344302587
"LOC107995292",10882.9970529511
"LOC133666539",5333.78054240481
"LOC107995290",38506.2267912904
"LOC107995291",32327.3494217881
"LOC107995263",43722.4842675093
"LOC107995289",46442.0884651018
"LOC107995280",7857.72802695857
"LOC133666544",1370.81376712901
"LOC107995357",16742.3911030338
"LOC107995358",40097.5343403668
"LOC107995333",36837.2501147271
"LOC107995331",39307.1631543917
"LOC107995332",51851.9057721278
"LOC107995330",31278.3725125211
"LOC107995342",41929.9419640509
"LOC107995375",75759.0040351335
"LOC107995264",38528.3251652112
"LOC107995365",52400.5580741215
"LOC107992452",20766.3898551724
"LOC107995270",55147.0893682514
"LOC107995347",38445.2446161589
"LOC107995350",52343.9003642475
"LOC107995349",41687.1531121004
"LOC133666545",769.259290068785
"LOC107995367",1304.74911300336
"LOC107995368",42946.151536214
"LOC108000954",55156.9365852077
"LOC114577203",49896.1372510783
"LOC107995276",31308.1878717192
"LOC107995343",67167.9399705364
"LOC133666546",2928.17828327834
"LOC107995346",52887.290469448
"LOC107995268",45436.2518189145
"LOC107995355",40604.3939794336
"LOC107995356",26560.0068518739
"LOC107995316",88011.3485966446
"LOC107995317",4134.92108897008
"LOC133666547",352.449849422443
"LOC107995267",42161.8853756728
"LOC107995271",40970.2042720171
"LOC107995275",7123.04828561413
"LOC107995308",59757.1891818983
"LOC133666548",1309.9661778425
"LOC107995309",30984.3817416992
"LOC107995307",54464.2914346682
"LOC107995306",42049.3959720714
"LOC107995266",48084.6170797539
"LOC107995265",27430.4492114229
"LOC107995262",33493.0172839772
"LOC107995339",51232.5083068646
"LOC107995303",59833.8049591803
"LOC133666549",1571.54186218101
"LOC107995304",16963.3201239552
"LOC107995302",68565.8222428726
"LOC107995305",10837.0205150465
"LOC107995277",26998.5358420529
"LOC107995369",5198.84789588765
"LOC107995370",1273.85725592802
"LOC107995285",49422.0494715834
"LOC107995288",2607.77189711029
"LOC107995261",5257.15316647368
"LOC107995284",1124.52105211003
"LOC107995286",117586.000190934
"LOC107995287",34245.6538482636
"LOC107995272",4932.8664320345
"LOC107995363",64377.9902819496
"LOC133666551",2449.23866057704
"LOC133666552",331.89534710306
"LOC107995260",550.467572003994
"LOC107995281",2369.01838830602
"LOC107995353",856.891505736988
"LOC107995340",42840.9561417066
"LOC107995274",2159.7913912202
"LOC107995269",5249.19780559576
"LOC107995352",149461.197620859
"LOC107995351",38607.7756477509
"LOC107995273",50279.2138125142
"LOC107995361",45939.2193234164
"LOC107995359",176484.393432252
"LOC133666555",2935.19937355327
"LOC107995348",33147.6238843971
"LOC107995282",3064.94401457899
"LOC107995283",1494.01905901222
"LOC107995324",34735.4006984583
"LOC107995326",656.260968227729
"LOC107995325",11010.4605720627
"LOC107995313",443650.296950434
"LOC133666557",26484.3883769844
"LOC107995310",65723.2414466906
"LOC133666556",947.700718707268
"LOC107995314",38932.4475219765
"LOC107995360",49647.3694217161
"LOC107995323",84317.2887393152
"LOC107995322",28077.6283309565
"LOC107995319",53918.2575715054
"LOC107995318",46791.7196137622
"LOC107995320",6225.23476234559
"LOC107995298",5794.75989857013
"LOC107995299",221781.845484715
"LOC114577194",574.816023346479
"LOC107995366",4189.20043383582
"LOC107995374",49927.2283931503
"LOC107995336",29444.0428366993
"LOC107995334",14553.3025967979
"LOC107995335",23805.370940093
"LOC107995338",41089.3330751551
"LOC107995327",532668.295369272
"LOC107995328",1284.48077846525
"LOC107993373",137537.903486231
"LOC107993372",43086.4305305385
"LOC107993378",12582.4837526057
"LOC107993380",7489.41552907337
"LOC107993381",2237.53877834852
"LOC107993377",36704.0644331845
"LOC107993376",36292.0402213128
"LOC107993370",47934.7877237481
"LOC107993367",265579.63578498
"LOC133666560",4144.01436895912
"LOC107993369",57844.0827141199
"LOC107993374",46821.9304609821
"LOC133666510",604.364803870127
"LOC133666508",1260.74271877207
"LOC133666644",606.546456397448
"LOC107992608",1028.01859672418
"LOC107992611",867.406276576877
"LOC133666566",959.305182043855
"LOC107992610",52074.1327078301
"LOC133666563",8639.95393667752
"LOC107992609",61262.6841471606
"LOC107992588",1523.03460552878
"LOC107992587",37973.6626482587
"LOC107992592",5859.64234660266
"LOC107992593",14731.1203130399
"LOC107992628",38462.4772563872
"LOC107992612",58583.478514304
"LOC107992613",70304.2314405926
"LOC114578131",1448.35466420287
"LOC133666564",955.614389254334
"LOC107992618",30269.4250182571
"LOC107992619",32852.1343747647
"LOC107992581",21573.4612037308
"LOC133666561",20803.742572893
"LOC107992603",45597.9131690562
"LOC107992605",36706.1018272904
"LOC107992602",8319.06421995594
"LOC107992600",33204.4231986368
"LOC107992601",45182.5323229944
"LOC107992595",194331.511614298
"LOC114576828",21099.7927459241
"LOC133666562",35216.4100437639
"LOC107992596",100693.024270273
"LOC133666565",381.335994309466
"LOC107992633",60355.7579570755
"LOC107992632",37985.3173214791
"LOC107992583",3921.14826335768
"LOC107992617",45508.3965877181
"LOC107992615",54230.432205973
"LOC107992630",103256.584512005
"LOC107992626",57045.8419865834
"LOC107992625",32574.7629915755
"LOC107992631",41288.4959638591
"LOC107992590",32038.3387863488
"LOC107992591",38757.9208098088
"LOC107992606",64083.0898908367
"LOC133666567",9131.9914144815
"LOC107992634",30100.4790447621
"LOC107992614",59574.5213441537
"LOC107992584",48141.8790552078
"LOC107992627",42326.4192929886
"LOC114576827",6958.92478066126
"LOC107992620",102506.205705258
"LOC107992594",17639.7744021475
"LOC107992621",2671.72233468849
"LOC108003438",38400.4076730069
"LOC108002326",34654.1639445307
"LOC108002328",30218.7956364852
"LOC108002329",59884.1325512426
"LOC133666569",7208.24398051158
"LOC133666568",42259.2003691054
"LOC107992599",21377.1298476196
"LOC107992622",10132.8472261306
"LOC107992623",51640.2206397892
"LOC107992624",27440.5711321211
"LOC107992585",38126.8886748421
"LOC107998864",56829.6639843819
"LOC107998863",47835.0502664315
"LOC107998862",102472.650041648
"LOC108001724",10650.1019467377
"LOC108001722",35988.9950210915
"LOC108001726",49850.6669692266
"LOC108001725",26364.7614130084
"LOC108001709",58587.374454923
"LOC108001707",73814.3286798194
"LOC133666574",2711.66833312357
"LOC133666572",3104.20533423882
"LOC133666573",10127.880361004
"LOC133666575",701.675525254811
"LOC133666571",715.008679988111
"LOC108001706",9285.56348304482
"LOC108001711",57177.6933204525
"LOC108001710",45540.5446710735
"LOC108001718",72799.9327970996
"LOC114578038",438.388991582325
"LOC133666579",2419.95385936825
"LOC133666580",5429.77659877731
"LOC114578039",1635.63431289654
"LOC133666577",20363.8903970559
"LOC108001719",2535.2062884217
"LOC108001732",9087.94133455962
"LOC133666576",581.39342231485
"LOC108001700",47534.8306907093
"LOC114578030",1002.08568136679
"LOC108001702",1653.42368399664
"LOC108001705",4019.86762433308
"LOC108001701",38507.1350295049
"LOC108001704",55470.4486740212
"LOC108001713",26612.0276101601
"LOC108001717",50843.432391546
"LOC108001712",49938.0085040723
"LOC108001716",15781.694729212
"LOC108001714",53551.4304094012
"LOC108001720",29671.2894920421
"LOC108001721",39619.5550097411
"LOC108001668",54847.5904801524
"LOC108001672",43778.3591421702
"LOC108001671",360457.079206133
"LOC108001680",5262.22849318144
"LOC108001679",5059.54628473889
"LOC108001677",16085.3064324262
"LOC108001673",45164.2797420683
"LOC108001675",52884.5726464505
"LOC108001666",10516.593625105
"LOC108001670",42026.0843527511
"LOC108001733",50949.0535573005
"LOC133666582",10509.5410031681
"LOC114578034",14228.7203458737
"LOC108001694",46359.6864462707
"LOC108001689",57588.6920570438
"LOC133666581",5028.40484174943
"LOC108001688",45608.3978958515
"LOC108001693",41421.1886354399
"LOC114578035",16539.0347727674
"LOC108001687",49327.9014324632
"LOC108001690",44978.4473944397
"LOC108001740",33810.9943530191
"LOC108001739",32382.8265360195
"LOC108001729",41397.9506728709
"LOC108001728",789.519372328513
"LOC108001727",1426.16546160998
"LOC108001686",100573.221556743
"LOC108001684",36838.4491350921
"LOC108001685",30775.5104111155
"LOC108001683",57227.3782653549
"LOC108004209",34597.3653385917
"LOC108001682",52231.6238397154
"LOC108001681",11344.6211767106
"LOC108001735",62077.9940295052
"LOC108001669",25088.2884392238
"LOC108001695",56823.8540381811
"LOC108001698",61025.8756109807
"LOC108001699",933.473299238184
"LOC108001697",17315.8694063974
"LOC108003899",813335.403971272
"LOC133666583",5040.20005701573
"LOC108003898",65992.3627987928
"LOC108002258",63142.4554431606
"LOC108003922",43562.0346354616
"LOC108003881",54678.0219773934
"LOC108003883",8184.14415274162
"LOC108003879",21180.6477955605
"LOC108003882",31539.9187042789
"LOC108003874",31602.3315298496
"LOC108003924",29359.0820152492
"LOC133666584",32855.5459529866
"LOC133666585",1004.90145387957
"LOC108003900",67319.9533954766
"LOC108003904",53897.4220455686
"LOC108003906",28820.4680198562
"LOC108003903",45384.9026223996
"LOC108003902",32874.0256160953
"LOC108003910",50689.5018413816
"LOC108003870",64769.4448035327
"LOC108003915",49613.7643098639
"LOC108003908",53931.7403557897
"LOC108003907",71367.5230959612
"LOC108003914",59535.6288124193
"LOC108003912",51299.0546916936
"LOC108003913",49501.8290141356
"LOC108003923",50093.7977608613
"LOC108003916",44708.2056085482
"LOC108003920",38134.1050587506
"LOC108003897",33902.6197851542
"LOC108003896",62974.2140005906
"LOC108003890",47575.4848322254
"LOC108003893",34258.1178420305
"LOC108003889",23169.533244798
"LOC108003894",52835.4003702995
"LOC108003891",39044.7400053563
"LOC133666586",6508.02624408443
"LOC107993902",49776.2353519689
"LOC108003918",53124.6952024476
"LOC108003917",1793.62759692437
"LOC108003919",1058.39659752132
"LOC108003876",36907.2130892842
"LOC133666617",1183.95127920373
"LOC133666618",1110.19437245608
"LOC114578259",560.501988816154
"LOC108003869",78327.7796513625
"LOC133666587",4840.09599412104
"LOC133666588",654.010365502957
"LOC107996459",17878.9800078318
"LOC107996458",42540.7972251782
"LOC107996455",20069.8324649331
"LOC107996457",40883.0777791572
"LOC107996451",40631.278086576
"LOC107996450",49328.8056591693
"LOC107996453",8330.30275256825
"LOC107996452",6868.23731842059
"LOC107996372",37148.0425228699
"LOC107996464",28260.2575908629
"LOC107996462",36694.9712850336
"LOC107996398",54211.8779919208
"LOC107996373",63097.8162118429
"LOC133666589",3397.79501963296
"LOC107993607",46049.8186579297
"LOC107996500",77077.4331200754
"LOC133666590",7920.65720452214
"LOC108001132",2419.88570897723
"LOC107996515",1242.59645370147
"LOC107996375",100912.528370201
"LOC133666600",621.325215300931
"LOC133666596",701.195020635922
"LOC107996405",11455.8964673971
"LOC107996406",4679.56459284403
"LOC133666595",12385.2049215775
"LOC133666597",30437.3162083311
"LOC107996407",43554.5587811021
"LOC107996408",18235.1936739686
"LOC107996404",19901.4095172647
"LOC107996499",31921.8971450193
"LOC107996498",4990.91474096418
"LOC107996481",126097.951222974
"LOC133666598",3345.15900873695
"LOC107996428",112112.973358735
"LOC107996429",7253.73689448829
"LOC107996431",20606.8764096466
"LOC107996479",44132.1118686002
"LOC107996480",42114.244578286
"LOC107996469",45625.4620740465
"LOC107996465",40541.0057194893
"LOC107996468",22207.6284416745
"LOC107996467",593.908459749875
"LOC107996466",4778.35151018758
"LOC107996391",35151.3238261183
"LOC107996396",50988.2803713315
"LOC107996478",53109.1671282167
"LOC107996472",45616.5937835678
"LOC107996470",43213.89043054
"LOC107996473",10089.9166124856
"LOC114577353",8147.69084692841
"LOC107996437",44954.8929046097
"LOC107996443",5804.14032930503
"LOC107996439",31210.0697662098
"LOC107996440",4795.1176980422
"LOC107996438",39495.6112780918
"LOC133666599",881.202195909091
"LOC107996395",3689.39914525576
"LOC107996492",57394.9818849831
"LOC107996389",14101.2394274394
"LOC107996495",2303.71797658769
"LOC107996494",7191.76121512792
"LOC107996417",60188.4162965569
"LOC133666601",331.72111913922
"LOC107996416",93686.7576015566
"LOC107996424",25660.1693475604
"LOC107996423",5970.23979980228
"LOC107996419",65533.5950467559
"LOC107996421",8681.40629932277
"LOC107996386",16993.4231570205
"LOC107996385",14877.8270303138
"LOC133666602",6209.10630523896
"LOC107996387",417.475775640101
"LOC107996393",1912.48236084221
"LOC107996490",1952.56193939446
"LOC107996491",33378.3798471055
"LOC107996475",34192.6234284866
"LOC107996474",52047.128697251
"LOC107996427",105553.349678507
"LOC107996476",52366.2360693993
"LOC107996411",54345.8938101163
"LOC107996410",86748.6512392196
"LOC133666604",40124.7196533771
"LOC114577340",15722.3448457731
"LOC107996412",89312.0593481464
"LOC107996512",620.816065990905
"LOC107996511",1824.81019844805
"LOC107996397",915.279801510428
"LOC107996402",1291.57346384759
"LOC107996486",95588.7528409928
"LOC107996487",1818.30329394733
"LOC107996488",1761.8636113098
"LOC133666625",303.8214627069
"LOC107996444",47536.1761154695
"LOC107996446",44119.403645938
"LOC107996445",8127.08544839801
"LOC107996377",5366.52947196529
"LOC107996448",48673.4718084637
"LOC107996449",56563.4156790298
"LOC133666607",11117.3846555051
"LOC107996501",55346.159044283
"LOC107996400",47109.801976061
"LOC107996506",56022.1492408592
"LOC107996378",25046.6526888071
"LOC107996379",56465.6903737184
"LOC107992958",64847.714010855
"LOC107992957",57763.3200627977
"LOC107996502",43883.6042360041
"LOC107996505",851.952912918458
"LOC107996434",2279.97796135646
"LOC107996436",4352.59403847496
"LOC107996390",1796.1613958149
"LOC107996454",226628.951136364
"LOC133666612",26285.4870569595
"LOC133666611",5479.45663528588
"LOC107996484",117374.771846279
"LOC107996460",48903.0339117172
"LOC114577338",6690.71020063321
"LOC107996461",6859.53333250006
"LOC107996380",9199.57035884655
"LOC107996507",48978.7344785208
"LOC107993044",121465.336561317
"LOC107996482",60820.0069698321
"LOC107996381",43191.3349578848
"LOC107996394",16381.1288818672
"LOC107996382",40717.0447937977
"LOC107996504",19312.3374910061
"LOC108002604",230199.375058111
"LOC108002590",1877.72098529753
"LOC133666616",2739.10491453418
"LOC133666615",991.667996746809
"LOC108002600",989.046021696393
"LOC108002597",2319.42715708232
"LOC133666613",2454.53462337256
"LOC108002598",3034.09837457475
"LOC108002602",1597.61497867301
"LOC108002591",1985.02686147903
"LOC108002589",26213.8344125997
"LOC108002592",75497.9648003687
"LOC108002593",35800.3451683548
"LOC108002596",242320.920009701
"LOC108002594",47280.2244887016
"LOC108002595",35746.5375990172
"LOC108001532",237689.563288508
"LOC133666614",13197.1476352572
"LOC108001534",594.976768321263
"LOC108001533",1115.27829650911
"LOC133666619",2330.63025559617
"LOC114578007",12623.0696623436
"LOC133666624",109021.869763169
"LOC108001526",17604.7216484616
"LOC108001525",60719.5968736501
"LOC114578003",74083.7216002161
"LOC108000051",4240.0194808945
"LOC107999966",49052.7635607102
"LOC108000042",29999.0732986874
"LOC107999953",54888.837173896
"LOC114577814",998.177454818646
"LOC108000028",39626.3187937075
"LOC108000029",54327.750863509
"LOC108000025",53217.8408122022
"LOC107999971",29631.5427978421
"LOC108000054",39673.0703705191
"LOC108000055",35605.5127475083
"LOC133666509",417.349258407805
"LOC107999961",23920.3236421556
"LOC107999945",43703.1390284047
"LOC107999959",33873.0243449543
"LOC107999944",39210.5883012951
"LOC107999989",49343.9390996899
"LOC107999987",53517.7995216005
"LOC107999990",41535.6620534319
"LOC107999954",25241.325633822
"LOC107999955",31468.6172233668
"LOC108000026",64464.6490956647
"LOC108000053",53119.5181717394
"LOC107999952",54593.4698454314
"LOC108000008",56952.4999248674
"LOC108000007",57312.2350460759
"LOC108000012",25689.3559370366
"LOC133666627",327.173268217556
"LOC107999947",55136.3255214646
"LOC108000041",45980.8451625481
"LOC108000043",47585.631194779
"LOC107999963",58947.8111421952
"LOC107999969",28031.4504871406
"LOC107999956",39649.2743381531
"LOC108000048",34722.9060759073
"LOC107999943",24093.1965005871
"LOC107999924",325.091121226227
"LOC108000004",49936.8013506723
"LOC108000005",45634.050055293
"LOC107999942",37883.9072301879
"LOC108000033",47301.8910656151
"LOC108000052",48474.2383842501
"LOC107999960",9433.79231170797
"LOC108000037",42356.8297014241
"LOC107999962",40966.7333940895
"LOC107999949",4167.73405001121
"LOC107999950",52058.600595423
"LOC107999948",57229.3720423522
"LOC108000040",17164.0098332859
"LOC108000039",22412.1337880246
"LOC107999941",42111.0044037998
"LOC107999991",399651.914670687
"LOC133666629",3348.96396361396
"LOC133666630",34117.9230977296
"LOC107999940",53838.7865007564
"LOC107999938",60183.3326532873
"LOC108000020",78680.2959220285
"LOC108000019",40137.5962444053
"LOC107999967",115489.212511296
"LOC108000045",431.764652359464
"LOC114577813",841.520003340138
"LOC114577812",2118.38142284679
"LOC107999999",462.786573748048
"LOC107999922",588.976246246074
"LOC107999936",686.21153824345
"LOC107999968",39393.2178715215
"LOC107999997",61674.2303923531
"LOC133666635",1321.00843623819
"LOC107999972",35300.1386109358
"LOC107999970",36691.8231813176
"LOC107999984",11209.625640021
"LOC107999983",18352.985397568
"LOC107999935",39285.8320400594
"LOC108000013",154696.786269324
"LOC133666636",17691.302977051
"LOC108000014",18103.4146169372
"LOC108000016",5273.63853959775
"LOC107999985",104676.517325521
"LOC133666633",9521.35965638658
"LOC107999995",68450.7352223098
"LOC108000024",56055.6299032441
"LOC108000022",37984.5415195335
"LOC107999957",74319.8463510345
"LOC108000050",42500.0287406695
"LOC133666637",40426.597584317
"LOC107999934",49550.81726035
"LOC108000003",42530.218456088
"LOC108000002",45370.6652612637
"LOC107999933",47878.4046238219
"LOC108000038",66419.2727831373
"LOC108000047",46786.2434509925
"LOC108000032",63318.5969519578
"LOC107999965",60426.0611572291
"LOC107999958",50521.7225428642
"LOC107996611",73190.2747842052
"LOC133666639",309.993006002022
"LOC107992508",100218.25783596
"LOC108000031",5879.16040519408
"LOC108000030",9674.0165976658
"LOC108000036",37546.6857977752
"LOC108000034",69423.8984786072
"LOC133666622",9863.78868762705
"LOC108000049",46493.1255582413
"LOC107999946",53625.7530563222
"LOC107999981",34135.3889171439
"LOC107999979",58852.7557316085
"LOC107999978",29508.6052307223
"LOC107993980",3844.85893895187
"LOC107999930",14953.2886983793
"LOC133666641",406.934082502437
"LOC107999974",20851.0148429302
"LOC108000017",21218.7166471333
"LOC108000018",24838.6855264449
"LOC107999928",38683.8307397311
"LOC107999951",51515.4726908135
"LOC114577817",14371.8732325274
"LOC108000009",31096.507827109
"LOC108000010",49383.1355960181
"LOC108000011",7193.66787698249
"LOC107999982",125875.452681095
"LOC107999927",49996.2672116302
"LOC107995240",50176.5756170752
"LOC107995239",6027.31613888589
"LOC107995458",36879.6955467722
"LOC107995459",54399.4911114438
"LOC107995460",34773.3479832556
"LOC107995461",746.431729135832
"LOC107995462",41072.1483837334
"LOC107995464",29457.6658286059
"LOC133665636",58673.6228410313
"LOC133666713",6915.74659295893
"LOC114577647",7304.01779875679
"LOC108001962",54869.1852756878
"LOC108001957",96390.5902103307
"LOC108001963",70437.0358235403
"LOC108001946",40809.0318284894
"LOC108001956",57927.2234150537
"LOC108001958",52730.464162047
"LOC108001961",38664.0837371604
"LOC108001960",23202.1667343235
"LOC133666649",3110.04247399858
"LOC133666715",54977.4690758553
"LOC108001953",47001.2222297227
"LOC108001950",54357.0223280375
"LOC133666716",7705.92399834908
"LOC133666717",50486.4360498069
"LOC108001954",32540.760811247
"LOC108001951",41552.8282448934
"LOC108001945",907.990871638033
"LOC114578067",18493.0187784459
"LOC108001964",4479.47235130002
"LOC107995792",488.919741935291
"LOC107993905",25147.3817713668
"LOC107995803",73050.13834396
"LOC107995815",42921.7766504537
"LOC107996338",30929.5126602474
"LOC107994148",51552.5171508961
"LOC107996130",92040.6437164349
"LOC107994290",52718.181132937
"LOC107994174",46378.0003182564
"LOC107994348",47883.6402152873
"LOC107993925",34621.5003585196
"LOC107994273",51249.115490561
"LOC107993932",27093.951796322
"LOC107995555",74538.9584504601
"LOC107993949",100987.505661602
"LOC107993958",30428.5665655911
"LOC107995545",90949.2612408992
"LOC114577269",3689.70303168838
"LOC133666720",15331.4163978202
"LOC107996169",54456.2143510571
"LOC107993967",8714.05446791087
"LOC107994224",21906.0298315094
"LOC107995329",45726.3104446502
"LOC107995321",55799.5214516446
"LOC107995345",54396.8490820995
"LOC133666723",6479.36733067093
"LOC107993974",9897.12248155744
"LOC107995354",27658.5023991369
"LOC133666722",1113.41623207841
"LOC107996351",43412.308559126
"LOC107995080",51252.9052143696
"LOC107995043",38669.0939474206
"LOC107995073",42984.0078486534
"LOC107995059",12653.993805023
"LOC107995052",55310.3955578825
"LOC107995088",62311.3585536475
"LOC107995066",33642.155322786
"LOC133666725",16957.9493540939
"LOC107994206",30347.0147772096
"LOC107993999",53027.9771604899
"LOC107996017",53631.1896723261
"LOC107996008",25033.2587007267
"LOC107994329",60877.2278322855
"LOC107994012",28751.1201662896
"LOC107996317",35234.1222297972
"LOC107996331",48411.3270103558
"LOC107994341",52328.2133670888
"LOC107994319",56455.7656256679
"LOC107995425",210703.034828474
"LOC107996118",46369.9740452231
"LOC107996294",43969.6778935412
"LOC107994158",54557.8673704463
"LOC107995568",61976.1846934019
"LOC107995598",23482.6765062925
"LOC107994373",70842.9848566875
"LOC107994019",54200.0901079988
"LOC107995394",43824.1357475992
"LOC107995413",46555.257088215
"LOC107995399",33550.1143606799
"LOC107994388",2756.27786819601
"LOC107994250",41549.6237829182
"LOC107996366",32034.2830130996
"LOC107996181",44842.7756606964
"LOC107995937",59327.6249781938
"LOC107994188",57034.7893549679
"LOC107994246",3688.49914056079
"LOC107994029",10308.15411442
"LOC107994364",6017.5198519471
"LOC107995988",237646.977608675
"LOC114577227",9521.521997956
"LOC107994308",18084.1676545916
"LOC107996276",48297.3832804077
"LOC133666729",1568.17495848371
"LOC107996259",3781.12100416266
"LOC107996374",2098.66862050819
"LOC108001053",1112.38394277575
"LOC107995100",122561.086750424
"LOC114576998",478.97103310558
"LOC114577131",4642.61608084905
"LOC107994127",29583.3595044118
"LOC107994141",23019.3018554171
"LOC107995915",571874.202305738
"LOC133666731",12600.903128692
"LOC107994036",64604.3661002195
"LOC107995660",57713.8910792754
"LOC133666732",21729.9470597512
"LOC107995634",78827.6606958434
"LOC107995646",11063.2120221891
"LOC107995653",21069.2074608777
"LOC107994335",33431.9427786274
"LOC107995971",37600.7077497851
"LOC107995981",62810.1308377944
"LOC107995975",2655.56181652516
"LOC133666712",654.953497643179
"LOC133666733",3369.33405364496
"LOC107996409",137362.283070165
"LOC107994217",43113.6799833234
"LOC107995512",1509.97570718044
"LOC107994043",665.158900775674
"LOC107995495",14103.7095359113
"LOC107995509",2817.70639705158
"LOC107995475",67042.3580142143
"LOC107994049",151902.37530394
"LOC107999024",49154.9813423499
"LOC107999022",187665.079290206
"LOC108003939",102919.222408608
"LOC133666735",424.293325507767
"LOC108003938",34148.2082779767
"LOC133666686",1114.81787802585
"LOC108000913",262311.373641583
"LOC133666684",3216.47858549596
"LOC133666685",82198.8860067872
"LOC108000916",13045.3628901417
"LOC108000917",27008.568319522
"LOC108000909",180729.284985074
"LOC108000911",308.229455696849
"LOC133666648",1381.85324396525
"LOC114577931",1534.19720187479
"LOC133666653",801.103100829704
"LOC108000915",214373.400694704
"LOC108000910",554.149579672007
"LOC133666651",596.834771631576
"LOC133666659",36530.4490918241
"LOC108004004",319830.921712345
"LOC108004034",32828.8083324659
"LOC108004075",20793.4083738732
"LOC108004083",24920.966520143
"LOC133666658",2043.57967929244
"LOC108002673",94148.8870690665
"LOC133666655",2010.8841435621
"LOC133666656",5115.54478149003
"LOC133666657",6721.72483743518
"LOC108003238",43420.3170130968
"LOC107993887",20503.4544065067
"LOC107997942",161522.589335778
"LOC107994459",1727.02120206796
"LOC108004218",59046.4794659656
"LOC108004229",9332.40127822776
"LOC108004266",575.657580799343
"LOC108004253",39626.9025068927
"LOC108004234",22238.0261470549
"LOC107993741",26556.9482587064
"LOC107993360",46403.4733692321
"LOC108003793",44391.03345313
"LOC107995942",37345.5388163367
"LOC107993141",51832.4934843216
"LOC107993617",65552.085940267
"LOC107994289",52433.7780766753
"LOC107996061",52203.9470371704
"LOC107994216",44115.3532154838
"LOC133666660",62768.9066801113
"LOC107995802",30365.0245838571
"LOC133666680",421.077335321358
"LOC107992396",46983.9858068969
"LOC107993148",45759.3650619216
"LOC108002201",50852.0533815273
"LOC108002524",49310.3017606561
"LOC108002397",55966.2776208343
"LOC108002320",45679.0719866986
"LOC108002084",86478.9763958711
"LOC133666661",858.065221968039
"LOC108003909",37895.1755315719
"LOC108003921",45393.9259513887
"LOC107994683",19703.867786621
"LOC108003895",60228.028441115
"LOC107993350",355144.949215953
"LOC107993448",36407.0559348609
"LOC133666662",10046.2219041312
"LOC107995107",37240.0851643539
"LOC107997587",1880.0906905242
"LOC107993761",408.839329763906
"LOC108003743",104555.359492354
"LOC108003867",18810.5661351872
"LOC108003884",92375.8133814073
"LOC108003844",17640.9736954531
"LOC133666663",7185.31882193863
"LOC108003877",217822.045532616
"LOC107992566",57719.8214530475
"LOC107992896",56879.4780676435
"LOC114577499",37620.9175839435
"LOC108001020",148625.188332003
"LOC108001397",50674.5295107795
"LOC108001241",90346.5791769382
"LOC107995873",1361.45171843529
"LOC107993603",43264.0589405294
"LOC107993582",35581.5757398398
"LOC107993800",49190.7495775503
"LOC108004183",54143.8035568246
"LOC108004172",40903.9280550178
"LOC108004177",30990.6931730622
"LOC108004200",57303.3288427868
"LOC108004192",42550.7742647786
"LOC107993379",47418.7530969098
"LOC107996861",46181.5336651085
"LOC107992906",54165.108475604
"LOC107992629",39708.1251933367
"LOC107992652",53824.6810120575
"LOC107992644",53810.5359886237
"LOC107992926",40387.9646222446
"LOC107992937",36763.8946766524
"LOC133666666",4675.81939222077
"LOC107993126",49248.2672575254
"LOC107993214",43036.6414764251
"LOC114578229",3596.14562764978
"LOC107993202",41730.5570178202
"LOC133666667",1931.9724375289
"LOC107992415",61691.5305421969
"LOC107993282",57242.1574881865
"LOC114576831",36527.5543040542
"LOC108000325",103015.498933084
"LOC133665600",52840.4129904448
"LOC107993389",30005.0192288576
"LOC108000813",57795.7207094792
"LOC108000487",9755.27141071583
"LOC107993624",6011.1577009821
"LOC108003460",5394.65925296508
"LOC108003338",75140.5835088254
"LOC108003446",25948.4120139126
"LOC108002611",52401.4336789508
"LOC107994762",15713.7985873663
"LOC114576882",1419.40234455537
"LOC108004385",1525.61763394817
"LOC108004371",568.090713357477
"LOC108004344",3197.44058116433
"LOC108004366",2052.14884894868
"LOC108001691",32750.6809080566
"LOC108002030",407.79078501547
"LOC108001815",892.042290955799
"LOC108001480",2816.91039554854
"LOC108001939",48386.0834877387
"LOC107993194",33741.2622969326
"LOC107993555",47038.0248479177
"LOC107993561",53607.878862075
"LOC108003092",234426.437374966
"LOC133666669",9046.84034151571
"LOC133666652",1608.48083187026
"LOC133666668",49395.6047545611
"LOC108004501",48440.0705110154
"LOC107993769",41775.7813506016
"LOC108003823",80970.0624833191
"LOC108003778",91751.8853124422
"LOC108003831",23383.7490925819
"LOC107993689",32350.062538314
"LOC107993705",64609.8884099142
"LOC108004106",22290.9883368137
"LOC108004116",41197.5043795964
"LOC108004099",45983.0972935575
"LOC108004133",24289.4082841593
"LOC108004148",64343.8850054119
"LOC108004141",3863.57218598207
"LOC133666671",2533.97255579467
"LOC107999854",3488.99670262888
"LOC107993481",2396.27503869518
"LOC107992488",46574.7930220819
"LOC107992479",50724.015107086
"LOC107992493",42054.0642808621
"LOC107995642",11620.9534526917
"LOC107993060",38187.043148374
"LOC107992789",44726.2419475531
"LOC107992769",51877.4062084998
"LOC107993817",68843.5477362201
"LOC107993684",46486.0748987809
"LOC107993651",9132.03029589791
"LOC107993728",53764.4020755737
"LOC107995311",30184.9536707607
"LOC107996728",52029.389037623
"LOC107993788",12525.1423723258
"LOC107992970",7129.25816381888
"LOC114577452",1476.60878100229
"LOC107992978",53960.2308466091
"LOC108002338",646.537863880734
"LOC108002335",593.527188105455
"LOC107993079",1049.06200554697
"LOC107993073",51793.4183491558
"LOC107993094",8785.40856555297
"LOC108003653",192989.988191698
"LOC108003665",27636.2515835087
"LOC108003672",49984.5720619211
"LOC108003680",64065.9379153263
"LOC108003695",39873.4774847486
"LOC108003703",34106.5638558793
"LOC108003712",25320.725740725
"LOC107993302",69982.6451248357
"LOC107992589",88603.2440530248
"LOC107993062",55629.5180021754
"LOC107994825",31953.0708125445
"LOC108003537",23335.4958546854
"LOC108003542",51226.6544846066
"LOC107993406",118428.735096835
"LOC107992722",55280.2258436595
"LOC107992714",52991.6870623967
"LOC107993535",1208.13683654533
"LOC114576778",769.784592515657
"LOC107992433",66889.2265270909
"LOC107992466",77427.058582079
"LOC107993775",72082.489789044
"LOC107994684",34086.7231725225
"LOC107993296",35240.3966777835
"LOC107994134",87793.8699653789
"LOC107999632",34080.4899219096
"LOC107999452",57138.8107538605
"LOC107999818",31591.3874326978
"LOC107999988",64031.240582726
"LOC107999906",49040.9196376069
"LOC108000241",47886.7460974492
"LOC108000057",47950.6983296643
"LOC108001324",32069.3186716937
"LOC107992747",58952.3404388693
"LOC107992754",34465.0598263436
"LOC107993368",44578.2374146112
"LOC108002051",51523.1964897281
"LOC107993258",2727.97601524795
"LOC133666672",1110.81107191082
"LOC107996367",2096.49499601332
"LOC107993269",48675.8310044052
"LOC133665635",50761.5895618787
"LOC107992607",59544.3119955858
"LOC107992698",279740.836481025
"LOC107994562",2598.18895315083
"LOC108003445",1321.20487394236
"LOC107993033",2098.95584513993
"LOC107993045",596.867005424947
"LOC107993015",4359.35134480956
"LOC107992690",1172.29929747734
"LOC107992670",19313.0189757298
"LOC107992661",52749.1663663478
"LOC108003533",536.194942206202
"LOC108003506",37602.2315674073
"LOC108003554",57275.7563028778
"LOC108003571",7935.66686999906
"LOC108003567",32308.7744694158
"LOC108003547",46884.6462823044
"LOC108003596",445.869024999583
"LOC107992419",202250.829589865
"LOC133666675",4735.41553629526
"LOC114576795",57131.1228273789
"LOC108003579",35717.0058485343
"LOC108003588",40391.019368143
"LOC108003967",63013.1665354865
"LOC108003998",59765.6914604825
"LOC133666673",16717.0217450975
"LOC108003935",123558.02213357
"LOC107993427",6980.93922950525
"LOC133666674",40259.8555355724
"LOC107993433",3106.82328608916
"LOC107993418",453.25113010179
"LOC107995447",392.704581149408
"LOC108003953",664.60100229283
"LOC108003649",2780.68030480034
"LOC107995483",417.350372726962
"LOC108003723",1800.60766273602
"LOC107993711",1195.56196724363
"LOC133666681",988.880268093528
"LOC108004023",791.17710052088
"LOC107992888",2696.17674944535
"LOC107992878",7542.29932973225
"LOC108004465",197142.769481398
"LOC107993361",220954.017129347
"LOC107996493",36768.6655576527
"LOC107993167",38454.1771925982
"LOC107993147",31624.0992315586
"LOC107993813",26923.8942440113
"LOC107992515",54712.1031032454
"LOC107992532",47537.8876602163
"LOC107993054",55843.767790525
"LOC107993849",1953.84490183451
"LOC107993860",6144.21716056165
"LOC107995518",43263.2199487626
"LOC107998723",88742.8721838058
"LOC107999410",3105.02566577691
"LOC107999153",27066.7405234598
"LOC107999298",2929.87734088795
"LOC107998542",49860.4482443371
"LOC108004420",62913.4206072737
"LOC133666677",8201.64297454668
"LOC107994598",42323.0420362586
"LOC108003718",92945.5700155883
"LOC108004171",327854.453176158
"LOC114577871",43516.9572993923
"LOC107993311",4851.06014619337
"LOC107993573",215076.11621991
"LOC107996418",5475.87647327994
"LOC107993665",16826.4078808805
"LOC107993674",24749.3407851063
"LOC107996298",512.931495658972
"LOC107993231",747.767674299454
"LOC107993863",472.997327434349
"LOC107994956",424.560864176283
"LOC107994514",6025.67427617368
"LOC107995381",47544.359666793
"LOC107993517",383.497998060483
"LOC108004300",1379.78970512969
"LOC108004272",59107.0674830752
"LOC108004330",195209.56409238
"LOC108003433",71449.0906860239
"LOC107992842",7578.22394265647
"LOC107992855",44820.9069864113
"LOC107992837",4843.17610816662
"LOC107996799",3742.89567568579
"LOC107992849",3248.63244415327
"LOC107993634",492.81340707753
"LOC133666678",3899.97349557037
"LOC108001752",214566.709685677
"LOC107997437",329.841988016974
"LOC107992834",1053.18973909221
"LOC107992797",4400.27642882012
"LOC107992817",25120.8262682218
"LOC107995724",87794.5592291801
"LOC107997075",3578.44919740285
"LOC107996911",356.93239791973
"LOC107995234",570.128579664172
"LOC107996639",325.322279896783
"LOC107992604",1116.96344024354
"LOC107999808",3887.53067575619
"LOC107997368",636.262379467157
"LOC107997649",1726.90435624134
"LOC107997147",3738.85619491623
"LOC107997731",1038.92768333992
"LOC114578242",346.089435431687
"LOC108002373",74618.6045089586
"LOC107997800",687.456316157133
"LOC108001555",215026.959956588
"LOC108003606",154004.254658032
"LOC108003620",124991.703771492
"LOC107993525",122611.51084764
"LOC107993498",31109.9047947148
"LOC107993490",3434.08958977543
"LOC107993503",28552.82961972
"LOC114578246",18860.1681170575
"LOC133666682",21928.6685533712
"LOC107993839",9795.97729366241
"LOC114577190",63905.2047771722
"LOC107992921",87975.7455777815
"LOC107993078",20623.1144029499
"LOC108003492",63221.9649056039
"LOC107993149",12048.4032354091
"LOC108003482",27392.3236825702
"LOC107997489",126951.070041971
"LOC107993823",18985.1131892193
"LOC133665631",688.449488892071
"LOC107992863",6352.62330934412
"LOC133666694",18605.6095181977
"LOC107997492",71471.4210844067
"LOC107997494",23540.4953294641
"LOC107997493",6670.63724328409
"LOC107997495",42212.2131255221
"LOC107997496",39634.1238927841
"LOC107997498",63015.8168694442
"LOC107997476",67279.3617662736
"LOC107997497",41483.0742651158
"LOC107997560",53540.2824532426
"LOC133666697",4308.93355778156
"LOC107997557",9149.27440722545
"LOC107997484",35107.4199357161
"LOC107997487",783.565187671759
"LOC107997479",48337.8808581836
"LOC107997525",53986.842183268
"LOC133666695",7784.13369957701
"LOC107997514",37413.0520439726
"LOC107997513",37561.8562609595
"LOC107997512",488273.068306491
"LOC107997528",20709.3656756901
"LOC133666698",933.612364075475
"LOC107997537",47937.1978838767
"LOC107997527",68226.946600253
"LOC133666696",4385.08214791588
"LOC107997551",38194.7754711222
"LOC107997550",9594.03216532936
"LOC107997509",1495.91099954785
"LOC107997507",8008.28981916853
"LOC107997510",34330.8719141573
"LOC107997508",41914.3026173758
"LOC107997505",60783.8430641665
"LOC107997480",54465.1832472687
"LOC107997547",23777.4653166528
"LOC107997546",43652.9773185646
"LOC107997545",244529.545351282
"LOC133666700",26246.0046530766
"LOC133666701",9842.06991841107
"LOC133666699",930.103283007598
"LOC107997549",3360.7029514224
"LOC114577502",787.75514138763
"LOC107997477",4843.0202988731
"LOC107997519",9939.2632655604
"LOC107997518",50610.9645868371
"LOC108000591",138399.209773809
"LOC108000592",55753.7951318624
"LOC107997776",66135.5586938156
"LOC108000570",54692.0182279531
"LOC114577535",2686.68607532592
"LOC108000572",1654.23468689111
"LOC133666702",1841.39043123703
"LOC108000611",986.422558658159
"LOC108000612",950.195219857475
"LOC108000610",36933.404136326
"LOC108000613",5169.53060228704
"LOC108000530",1324.86436998369
"LOC108000538",1698.5581901501
"LOC108000534",39947.4032012339
"LOC133666703",59039.7288199775
"LOC108000577",71110.8645049641
"LOC108000579",47313.8652356934
"LOC108000578",31141.4007630936
"LOC108000542",12017.8722224209
"LOC108000601",56004.4706437015
"LOC108000600",61643.2832693113
"LOC108000606",32583.0106385342
"LOC108000541",37550.2278053327
"LOC108000565",61437.6996433344
"LOC108000529",4422.0765483816
"LOC107997364",43008.836914468
"LOC108000568",45955.459160072
"LOC107997365",46290.1798938429
"LOC108000573",74364.2232886874
"LOC108000575",59507.5772063152
"LOC108000528",16539.0644242632
"LOC133666709",6164.91986446056
"LOC108000585",6976.91673230483
"LOC133666705",3479.10522721413
"LOC108000609",1968.79951240516
"LOC108000540",383.841823401639
"LOC108000616",452.099783461938
"LOC108000539",513.508007050781
"LOC108000537",44888.923202965
"LOC108000614",24776.3611777474
"LOC108000527",9105.01537789658
"LOC133666706",9442.95306350665
"LOC108000589",76134.0592727941
"LOC108000561",1360.11162545049
"LOC108000526",557.205646432918
"LOC108000562",36119.1718497124
"LOC114577907",2147.31607747715
"LOC108000525",46568.6198242639
"LOC133666708",894.536587095016
"LOC133666707",12229.4280543848
"LOC108000560",38655.0897793198
"LOC108000598",40123.0082954123
"LOC108000599",47117.5188486225
"LOC108000588",87735.8982299198
"LOC108000587",90055.4980447674
"LOC108000532",38408.7503867801
"LOC108000533",62877.7820188561
"LOC108000535",66687.2362666419
"LOC108000536",54817.8077734498
"LOC108000576",45657.0716546919
"LOC133665592",47414.276631556
"LOC107999021",71615.5514492393
"LOC108000547",251642.186516386
"LOC133666710",26554.9188444352
"LOC108000551",1196.08034942525
"LOC107997462",1459.47313314346
"LOC107997463",906.371023904636
"LOC107997464",1096.59543044933
"LOC108000549",524.884387214074
"LOC108000604",45209.4832499104
"LOC108000605",48012.1758003378
"LOC108000569",99697.677442031
"LOC108000555",180955.046676008
"LOC108000558",33238.8603787948
"LOC108000557",7321.48291600686
"LOC108000554",50462.9358208053
"LOC108000583",54174.5705082731
"LOC108000584",42415.502136357
"LOC108000524",301135.060513599
"LOC108000581",72988.9758721332
"LOC108000603",78487.6508642742
"LOC108000607",37459.9607001367
"LOC108000596",44883.2415567401
"LOC108000595",14187.7759426108
"LOC108000597",53337.4502442862
"LOC108000593",50036.4511050385
"LOC107996020",119224.607994629
"LOC133666752",2994.54692482233
"LOC133666737",491.050131106433
"LOC108003789",50760.8132774297
"LOC108003762",3264.62824979177
"LOC108003774",53360.1843845402
"LOC108003775",57395.7390206379
"LOC108003752",34030.7473461121
"LOC108003776",42814.1434183242
"LOC108003763",64697.1081626629
"LOC108003764",57075.9991671821
"LOC108003786",60402.7794983489
"LOC108003787",60110.2443826122
"LOC108003753",32970.1821258549
"LOC108003758",23923.6810398154
"LOC108003785",50919.8835334954
"LOC133666879",300.94488641786
"LOC114578244",29503.2413298585
"LOC108003779",776.10572326943
"LOC108003777",46095.2353572435
"LOC108003757",56331.4052927347
"LOC108003765",95091.3402251247
"LOC107999615",39134.379730796
"LOC108003783",53221.0322525483
"LOC108003756",24223.5342669097
"LOC108003754",59485.377632017
"LOC108003788",50576.7402589978
"LOC108003751",9371.92008761521
"LOC133666738",28042.389740036
"LOC108003780",56549.264271254
"LOC108003781",34330.1750283747
"LOC133665604",39726.5110240147
"LOC108003760",42040.4124145771
"LOC108003772",23123.9280301941
"LOC108003773",50207.3532795522
"LOC108003769",38297.2844187431
"LOC108003771",34003.602511023
"LOC108003768",78097.7664510431
"LOC108003784",45947.0717523393
"LOC108003755",58302.5722889773
"LOC108003767",11166.4870424331
"LOC108003761",1470.26272939113
"LOC108003750",248583.989142331
"LOC133666740",10814.7773575022
"LOC133666742",15268.3011418384
"LOC107992986",8075.77913629679
"LOC133666739",1194.02097379453
"LOC107993009",29210.2148576576
"LOC108004434",3850.19009193299
"LOC108004445",57879.5931689285
"LOC108004453",39307.4447043854
"LOC133666743",36646.2741429831
"LOC107993683",1677.70301778762
"LOC107993546",113106.047987979
"LOC107996036",71994.9466005898
"LOC107996037",117752.79244599
"LOC133666812",1264.82430956311
"LOC114577075",1489.32013976542
"LOC107994651",2051.24186518126
"LOC107994649",344.43435329758
"LOC133666870",19504.0457202041
"LOC107994195",27654.5131294989
"LOC107994194",16811.5561535729
"LOC107993055",27818.5930085358
"LOC107993051",745.576804999062
"LOC107993056",45721.0174629855
"LOC133666818",16547.2132181995
"LOC107993047",738.070509183977
"LOC133666875",69455.9820524753
"LOC107993327",54664.3766689315
"LOC114576917",607.702215987826
"LOC107993049",101819.317747895
"LOC107993050",1258.19045606695
"LOC107993048",60686.037869647
"LOC114576891",1047.92363038319
"LOC107993057",41433.1868403214
"LOC107995727",160410.240530869
"LOC114576916",1160.69482200513
"LOC107995723",89051.3196105766
"LOC107995725",14378.5657141324
"LOC107995726",35402.7898979844
"LOC133666819",346.322026778114
"LOC133666820",318.057840930155
"LOC133666821",2618.83348456857
"LOC133666873",848.521571738783
"LOC133666872",367.259568332208
"LOC107998293",59688.69858268
"LOC107998291",55586.1263299806
"LOC107998294",25580.39687586
"LOC107998295",32158.5282818488
"LOC114577610",2605.79659035353
"LOC114577608",139796.487730074
"LOC133666824",10196.1654110182
"LOC114577609",7101.66942212328
"LOC114577256",2783.99132999888
"LOC133666825",12277.0434070011
"LOC133666826",7568.08768391671
"LOC108002583",45089.3095064663
"LOC108004380",107254.20514856
"LOC108004379",62552.2708061514
"LOC108004378",74734.5773049665
"LOC108004370",55686.2832768909
"LOC108004373",5211.54813090432
"LOC108004372",24097.2124058643
"LOC133666827",2110.65011167582
"LOC108004375",221289.565767874
"LOC108004364",13869.3296109649
"LOC108004365",105432.0116389
"LOC133666877",607.79303198734
"LOC108004368",51469.8823599214
"LOC108004367",277075.349798649
"LOC133666755",27517.9368180509
"LOC107994603",28145.6472920764
"LOC107994607",53520.9426642831
"LOC107994601",894.456556853754
"LOC107994604",40362.9496917707
"LOC133666828",3783.68568391693
"LOC107994608",1840.52542957906
"LOC107994609",394.187727197642
"LOC133666750",577.051836471301
"LOC133666829",1116.05853017199
"LOC133666811",3295.51549343314
"LOC107994204",140214.346842907
"LOC107994207",9562.2195716466
"LOC107994201",17686.4089933229
"LOC107994208",37866.2092635735
"LOC107995439",465134.535499196
"LOC107995508",2531.19602586441
"LOC107995540",131389.230408693
"LOC107995499",45379.2327557913
"LOC107995500",33441.8598232032
"LOC107995493",42612.4491491513
"LOC107995501",57866.4468688751
"LOC133666830",3353.0575702045
"LOC107993295",37524.6079834602
"LOC107993310",17946.4091558251
"LOC133666832",53148.796853772
"LOC107993301",227863.482740768
"LOC107993303",40334.2001425818
"LOC133666833",3136.28550493532
"LOC107993297",39678.3661100232
"LOC107993298",47683.8704569949
"LOC107993308",73224.2875585805
"LOC107998865",145636.3038522
"LOC133666836",682.087535286735
"LOC107993305",199520.373439785
"LOC107993307",19869.1091108754
"LOC107993306",67033.5230034823
"LOC133666837",35776.4529867601
"LOC107995696",28180.8553295487
"LOC133666843",1458.55686432844
"LOC107995702",1494.67770412618
"LOC107995705",14435.8115929126
"LOC107995704",556.70456251149
"LOC107995697",16653.7690598319
"LOC107995699",1484.80655724365
"LOC107995700",2661.71422137218
"LOC107995698",4707.49619354104
"LOC133666840",6959.71826855864
"LOC133666842",10002.8048868647
"LOC107993016",57290.3158079034
"LOC107993017",57539.9862907362
"LOC107993039",65368.7603371693
"LOC107993027",40118.2497404396
"LOC133665612",15794.4252109405
"LOC107993025",47816.4957739587
"LOC107993002",21251.8417541277
"LOC107993037",17217.3010534959
"LOC107993038",55557.5226619617
"LOC107993000",131990.913862924
"LOC114576890",1965.77485066899
"LOC107993030",352876.76999999
"LOC107992999",52586.5056097107
"LOC107993024",56385.4355199691
"LOC133666844",66095.339483045
"LOC107993032",62256.9855261692
"LOC107993031",35926.9476242502
"LOC107993013",41563.8010176002
"LOC114576888",45486.3630287682
"LOC107993012",38170.1689183014
"LOC107993014",38371.0662987611
"LOC107993040",51402.7988284664
"LOC107993001",40418.2344582771
"LOC107992996",31972.5535646531
"LOC107993034",29892.1407133785
"LOC107993011",39767.5917401054
"LOC107993008",23368.9230805296
"LOC107993007",50963.3103585886
"LOC107993010",23821.8371535703
"LOC107993006",25531.7928351992
"LOC107993005",41276.4543597893
"LOC107993004",47259.649979772
"LOC107993020",38407.996842331
"LOC107992998",49375.3699875401
"LOC107993019",59841.6813839087
"LOC107993036",48189.9704365514
"LOC107993035",30576.9914263021
"LOC133666847",887.986168651105
"LOC107993022",5882.91660907722
"LOC107993041",4181.06695148036
"LOC133666848",71279.0444132197
"LOC107992891",55413.3965470535
"LOC107992887",122146.906732811
"LOC107992893",77314.9120347234
"LOC107992881",3800.10226089496
"LOC107992880",32680.121750249
"LOC107992883",53905.5722096232
"LOC107992885",1146.85198034794
"LOC107992884",97141.5842866252
"LOC133666849",8516.38303941459
"LOC107992886",348.461220721797
"LOC133666874",377.280142477188
"LOC133666754",15739.5641296253
"LOC133666871",9971.55230069184
"LOC133666747",1136.31876393242
"LOC107995457",829.022787854482
"LOC107994510",18978.9210064967
"LOC107994521",71917.7273152332
"LOC114577058",2762.25292043011
"LOC107994506",6786.02577857264
"LOC107994230",41893.7078355034
"LOC107994509",32936.4478111282
"LOC107994522",29619.0738807245
"LOC107994513",398213.654369669
"LOC133666851",10642.5680596699
"LOC107994515",25092.1797502567
"LOC107994512",32785.6191546389
"LOC107994518",67189.4088722921
"LOC107994516",58180.1516903669
"LOC133666852",1188.52677545554
"LOC107994519",49491.4217900506
"LOC107994507",61406.7354623247
"LOC107994520",55037.7787482486
"LOC107994504",39262.0739706279
"LOC107994503",29967.3327738015
"LOC108001145",68152.461039987
"LOC108001206",183157.48969077
"LOC133666853",30174.4944605588
"LOC133666854",5837.09038374679
"LOC108001170",33877.4564387612
"LOC108001196",42638.938297197
"LOC108001194",46217.563860031
"LOC108001197",3053.96676193449
"LOC108001191",56234.7026472189
"LOC108001189",14802.6125340001
"LOC108001193",39596.5561896448
"LOC108001192",5929.64156981685
"LOC108001223",3396.23921573513
"LOC108001168",1006.75048323596
"LOC108001224",495.297175320819
"LOC108001144",6931.62954025767
"LOC108001209",24597.3190137935
"LOC108001208",43499.2468896724
"LOC108001212",40105.8013237258
"LOC108001211",28770.969706398
"LOC133666856",40993.1898142671
"LOC108001207",34068.121691407
"LOC108001219",53754.3571527284
"LOC108001180",17579.2195939207
"LOC108001177",30873.0835816157
"LOC108001176",50787.9187414735
"LOC108001174",32558.9528329213
"LOC108001175",46858.2157939612
"LOC108001178",45259.6718352581
"LOC108001218",102802.996654005
"LOC108001172",18471.7435747226
"LOC108001142",4012.47886952407
"LOC108001188",57069.3949992785
"LOC108001187",33155.8176918583
"LOC108001186",11180.9738122389
"LOC108001184",41980.8577059138
"LOC108001183",39051.4297157223
"LOC108001182",39931.9883005194
"LOC108001181",52023.8838315906
"LOC108001215",2748.97230121697
"LOC108001222",6626.19498182345
"LOC108001217",65270.2325878614
"LOC108001146",46206.9567516767
"LOC108001198",59083.469875464
"LOC108001199",54219.2590872021
"LOC108001202",33646.8397748533
"LOC108001204",42763.310211188
"LOC108001200",25654.6014265184
"LOC108001140",57754.5397599707
"LOC108001148",51349.5271992765
"LOC108001139",6944.11154910846
"LOC108001169",32460.132583987
"LOC133666859",28672.0314654963
"LOC108001165",36451.465818595
"LOC108001167",47136.9057537378
"LOC108001164",54765.9855161469
"LOC108001161",30711.2909730845
"LOC108001163",5060.11847681921
"LOC108001160",43292.405480676
"LOC108001159",65695.7409508503
"LOC108001156",27577.9664935417
"LOC108001138",47628.6906359076
"LOC108001150",42587.7941379586
"LOC108001153",237125.966028077
"LOC108001149",12549.2441229608
"LOC133666860",10777.211678619
"LOC108001152",1395.94444081575
"LOC133666861",4742.68932480084
"LOC108001220",103435.94524371
"LOC108001559",11382.8202391408
"LOC133666864",13614.7189843351
"LOC108001580",20438.5886345891
"LOC108001570",58891.2903610417
"LOC108004318",4097.67488199308
"LOC108001571",29023.6399695223
"LOC108001562",52918.3903370434
"LOC108001561",98464.4269305456
"LOC108001565",34421.5718457699
"LOC133666865",4485.67271465947
"LOC108001568",8934.06619333877
"LOC108001566",52518.052640555
"LOC108001564",34979.6813191173
"LOC133666863",86178.8404257598
"LOC108001556",283748.169570491
"LOC107992450",37773.9044218085
"LOC107997470",4174.72168911623
"LOC107992447",86640.4918368798
"LOC107992446",18139.476578608
"LOC107992445",55966.9944439617
"LOC107992425",37435.3148769352
"LOC107992424",35705.9145062028
"LOC107992438",18291.4379820683
"LOC107992439",532705.271790726
"LOC107992434",21032.0634897879
"LOC107992426",39141.8051255103
"LOC107992436",65616.4670792539
"LOC107992422",156536.883528794
"LOC107992429",23729.9330596991
"LOC107992435",56024.9951363145
"LOC108003191",34982.6428507069
"LOC133666759",53972.7277409211
"LOC107992442",56825.9831896981
"LOC107992432",3428.77871499253
"LOC107992427",48058.1246785501
"LOC107992449",1196.16636942202
"LOC107992441",78765.7440897033
"LOC107992448",46353.1004296995
"LOC107992444",2632.04002916659
"LOC107992443",41638.0945812695
"LOC107992431",22978.2504128694
"LOC107992428",56098.9315018139
"LOC107992440",1112.8997754541
"LOC107993614",139153.700667824
"LOC133666760",13728.7722236414
"LOC107993608",9780.42979825774
"LOC107993611",43537.8502234065
"LOC107993610",52130.4464608378
"LOC107993615",55729.5298917345
"LOC107993613",20026.9608242714
"LOC107993612",53128.0511145137
"LOC107999204",54300.739147677
"LOC133666761",13653.605909503
"LOC107999203",56563.455859967
"LOC107999563",87914.4147149757
"LOC107993109",31324.7998514835
"LOC107993110",53938.9109788799
"LOC108003745",48271.1408416659
"LOC107993095",46087.6629838383
"LOC107993093",40150.4796915668
"LOC107993099",31831.9151810753
"LOC107993098",26828.127178185
"LOC107993097",27596.8365125232
"LOC107993096",91949.2851283515
"LOC107993088",20307.5081009833
"LOC107993112",54961.5809206605
"LOC107993113",2795.98568416289
"LOC107993114",520.245588154952
"LOC107993131",2980.73668004729
"LOC107993089",68145.055321868
"LOC107993120",72035.4139737407
"LOC107993085",46420.7733792223
"LOC107993108",57397.5155201684
"LOC107993106",57745.5270081063
"LOC114576896",26498.7636241215
"LOC107993105",24880.5518141756
"LOC107993104",22658.6558430549
"LOC107993102",57351.3170073093
"LOC107993086",55579.4928427503
"LOC107993103",47164.4832865805
"LOC133666762",30868.7060574087
"LOC107993132",16009.5922927758
"LOC107993115",38554.3364885944
"LOC107993116",926.434246154783
"LOC107993111",118706.785127921
"LOC133666763",491.246251968255
"LOC107993122",63087.3922976861
"LOC107993121",28345.6852984514
"LOC107993117",51697.7877565369
"LOC107993119",2200.6151619623
"LOC107993129",40078.1989920157
"LOC107993128",47050.0128031689
"LOC107993101",140569.789781259
"LOC133666764",729.811028784808
"LOC107993125",43214.7942257302
"LOC107993127",25549.3992341016
"LOC107993130",44685.3058090618
"LOC107992509",51804.8371528421
"LOC107993124",46829.8086999033
"LOC107993123",58765.1770256388
"LOC107999619",38177.9614635286
"LOC107999490",47055.2648573754
"LOC107999520",150582.59234332
"LOC114577744",27349.8333345898
"LOC107999525",77344.0665325767
"LOC107999493",38977.485952959
"LOC107999534",44229.2458117172
"LOC107999533",40023.7122358499
"LOC107999535",8339.82576485364
"LOC107999536",60809.7646938849
"LOC107999540",75435.6587232128
"LOC114577745",1872.6914675052
"LOC107999552",7278.8948302373
"LOC107999485",54013.9590632743
"LOC107999553",30172.4872903439
"LOC107999505",284650.319640451
"LOC114577746",39147.477994213
"LOC107999529",40144.8630697337
"LOC107999530",56523.9377191676
"LOC107999547",52242.1439100819
"LOC107999551",39126.7200323768
"LOC107999550",132117.531671055
"LOC107999504",1878.07605841948
"LOC107999483",163036.181379945
"LOC107999518",22246.2999212712
"LOC107999515",56534.419982441
"LOC114577742",2756.67460082718
"LOC107999516",10603.8827237442
"LOC108004243",55012.506877033
"LOC107999489",42820.4854390906
"LOC107999499",72229.6409996225
"LOC107999502",866.979399185113
"LOC107999521",52181.8989569793
"LOC107999482",66821.9669447315
"LOC107999513",50878.6667740135
"LOC107999512",38023.3863855924
"LOC107999496",4551.1475189269
"LOC107999480",721.034130226787
"LOC107999481",2700.70361563892
"LOC107999549",58187.033363546
"LOC107999544",54563.7461112933
"LOC107999546",41368.8309344426
"LOC107999554",57361.3260664123
"LOC107999555",46052.3816688866
"LOC107999491",10642.5362479481
"LOC107999492",16177.4492844551
"LOC107999486",62570.1242751968
"LOC107999532",55099.2451738877
"LOC107999531",12932.1297722541
"LOC107999494",30378.8964933903
"LOC107999495",19292.7606361861
"LOC107999556",40623.5347539661
"LOC107999557",10265.9713648882
"LOC107999528",66715.5459255851
"LOC107999527",33437.8390337915
"LOC107999479",33941.5555157775
"LOC133666765",1725.12461401748
"LOC107999511",14107.6419006493
"LOC133666766",775.683736434794
"LOC107999507",28096.9282148769
"LOC107999508",29012.3141670016
"LOC107999506",13915.95231673
"LOC107999478",1003.66749208703
"LOC107999558",33581.7020446259
"LOC107999524",56729.2094997419
"LOC107999488",29761.3247823018
"LOC107999487",46054.5093057016
"LOC107999539",26483.2870119859
"LOC107999476",29648.9592150555
"LOC107999538",44176.6398264354
"LOC107999537",26580.3460112804
"LOC107999543",24740.5642091764
"LOC107999542",43298.5024385891
"LOC107999541",42602.2728763028
"LOC107999548",46483.3409678226
"LOC133666767",7063.04895159605
"LOC108003062",105303.785931418
"LOC108003016",375.503407481671
"LOC108003012",20908.0385986733
"LOC108003015",4685.09587089632
"LOC108003009",67253.2600418858
"LOC108003065",36558.0488067459
"LOC108003060",35193.5491453925
"LOC108003059",37380.9366685006
"LOC108003011",13406.6994816993
"LOC108003021",39032.1154006752
"LOC108003022",64831.2634158283
"LOC108002980",62849.910924874
"LOC108003047",67287.5124620423
"LOC133666769",15666.7675369031
"LOC108003056",52661.2856339711
"LOC108003066",40170.5062173646
"LOC108003030",48638.2628073178
"LOC108003023",284715.051597013
"LOC108003024",9664.52887828005
"LOC108003037",46235.4735461397
"LOC114578159",13001.2696357803
"LOC108003036",19427.3092755281
"LOC133666768",43832.5004672735
"LOC108003055",40583.3874499837
"LOC108003054",48649.5207317602
"LOC108003027",13857.9349333651
"LOC133666771",2482.95007003648
"LOC108003029",52424.2463190645
"LOC108003073",2912.24337864751
"LOC108003074",46158.194435029
"LOC108003063",59227.9847828669
"LOC108003005",61434.4263237301
"LOC108003046",83767.208764038
"LOC108002990",127134.28459502
"LOC108002992",43029.1906245822
"LOC108002993",65545.4487015675
"LOC108002995",1304.39028905425
"LOC108002994",59509.5344580392
"LOC108003000",23738.7720687653
"LOC108002996",71707.2899388929
"LOC108003001",42705.7098481291
"LOC108003002",122623.637823397
"LOC108002998",48822.8412391568
"LOC108002999",28456.8855371728
"LOC108003039",43343.451667305
"LOC108003040",3858.69781283154
"LOC108003041",48204.4048531755
"LOC108003042",21981.8395288055
"LOC108003043",664.315645880398
"LOC108003045",1072.02999506963
"LOC108003017",2112.03942619065
"LOC108003018",12667.2829308587
"LOC108003064",43770.301340246
"LOC108003007",37097.686831955
"LOC108003006",45643.8510349913
"LOC108003068",52684.8918794843
"LOC108003010",32364.0055041277
"LOC108002983",34333.8482003715
"LOC108002984",19464.6623657244
"LOC108003051",63822.2996776968
"LOC108003053",43641.7613112991
"LOC108003052",31081.5052878691
"LOC108003013",36136.9290890149
"LOC108002985",48377.532786607
"LOC108002987",55805.2896381426
"LOC114578157",5292.49680106634
"LOC108003032",62759.7596970857
"LOC114578155",1023.68908155906
"LOC108003035",933.068879041008
"LOC108003034",1895.8521380357
"LOC133666775",6719.52560173717
"LOC108003014",21521.3836849979
"LOC108003008",48369.4708769327
"LOC108003061",48180.7078370717
"LOC108003071",62456.2696475654
"LOC108003069",33883.7565009097
"LOC108003070",70539.2251719085
"LOC108003004",84975.0199135849
"LOC108003057",55225.2186719074
"LOC108003038",60699.7061865705
"LOC133666776",2637.04027083741
"LOC133666781",25318.2023296385
"LOC108002988",4286.65706973041
"LOC133666782",1916.68803302899
"LOC133666778",6276.02336994453
"LOC114578164",389.318597023505
"LOC108003048",52932.754946133
"LOC108002989",74347.7684404904
"LOC133666780",3071.31691882314
"LOC108003049",8018.57142328551
"LOC114578162",8003.09751267489
"LOC108001502",48234.5306393036
"LOC108001503",52262.9457403489
"LOC108001465",79826.6397949283
"LOC133666779",7941.13232563339
"LOC108001464",2761.31958702975
"LOC108001458",27757.8913141182
"LOC108001462",356.499653383684
"LOC108001506",48744.6891547525
"LOC133665637",381.392018554394
"LOC108001499",4777.32968800584
"LOC108001508",20228.5059559555
"LOC107992642",402176.070612007
"LOC108001445",2248.23890021021
"LOC108001443",6257.92857836825
"LOC108001514",391237.582257923
"LOC133666785",41679.430942759
"LOC108001437",22433.1364947658
"LOC108001436",44683.0689815318
"LOC108001468",116655.386472939
"LOC108001467",20588.3176929262
"LOC108001487",16321.3214073528
"LOC133666787",18752.2357530639
"LOC108001486",1826.55951261418
"LOC108001485",2520.93621762683
"LOC108001489",3136.46067521236
"LOC108001435",18342.719030007
"LOC108001512",27760.6136016461
"LOC108001513",660.40719116383
"LOC133666789",833.530636921711
"LOC108001470",362.50823364321
"LOC108001471",3916.52507279963
"LOC133666793",1026.76317742894
"LOC133665617",26427.7846052096
"LOC108001452",953.348034398761
"LOC108001451",956.087591109369
"LOC108001474",29705.519631579
"LOC114577990",1370.33640651269
"LOC108001475",13207.3542561527
"LOC108001476",20103.2336350509
"LOC108001473",1863.35014701105
"LOC133666794",492.946486859311
"LOC108001441",16659.7682686988
"LOC108001440",17976.7236317139
"LOC108001446",6998.89510385858
"LOC108001495",297906.846604866
"LOC108001453",29924.459293937
"LOC108001456",12194.9389465873
"LOC108001455",3260.54639864332
"LOC108001454",41776.7617864621
"LOC108001457",16414.2194326577
"LOC107997012",126839.808494652
"LOC133666796",8212.97665006506
"LOC108001505",29743.9351680947
"LOC108001504",54251.6651693387
"LOC108001494",9660.34043144273
"LOC108001492",39152.5166604659
"LOC108001498",33223.4466481346
"LOC108001497",58166.3172709136
"LOC108001439",69093.9793597786
"LOC108001511",15858.8607294113
"LOC108001510",17550.8989454317
"LOC108001483",70463.3298991843
"LOC133666798",930.350945144573
"LOC108001449",21539.2543566921
"LOC108001428",2451.38813348341
"LOC108001518",14755.4253678063
"LOC114577995",13060.9894539339
"LOC107993326",11513.7882499025
"LOC107993325",48669.0607481233
"LOC108001482",53293.9652707225
"LOC108001481",54387.4038214209
"LOC108001479",34437.6662738282
"LOC108001517",42980.137553123
"LOC114577996",3117.4003247882
"LOC133666816",8462.09984228406
"LOC108001447",26273.4410955811
"LOC133666799",3005.06968957893
"LOC107994231",63080.1226013852
"LOC107999026",47380.2907722411
"LOC114578086",64529.6783805781
"LOC108002227",20321.9334499182
"LOC108002211",3134.41377513946
"LOC133666800",23737.0692217638
"LOC108002250",50998.2388878274
"LOC108002247",1056.02940864163
"LOC108002245",8402.60329203667
"LOC108002256",7950.67949597905
"LOC108002254",1877.84500950265
"LOC108002210",22778.7927375091
"LOC108002220",248212.987156733
"LOC133666804",2797.98696835743
"LOC114578087",74939.9029531854
"LOC133666805",7814.70678491428
"LOC133666802",4604.14529148545
"LOC133666803",49597.0335584052
"LOC108002222",134989.011891669
"LOC108002234",19382.0377664753
"LOC108002236",20405.7307474896
"LOC108002235",24012.4787700846
"LOC108002233",48283.8360831017
"LOC108002237",52189.783461826
"LOC108002203",49158.3452778769
"LOC108002253",38145.784526585
"LOC108002252",47241.0366702314
"LOC108002215",37460.763300673
"LOC108002194",57815.3173214465
"LOC108002231",63873.7130614005
"LOC133665593",44255.5369163759
"LOC108002195",7702.98125037696
"LOC108002232",44516.5042773276
"LOC108002196",56227.6773190151
"LOC108002197",31666.9956847079
"LOC108002224",35832.7804383093
"LOC108002198",25291.1239879542
"LOC108002225",58803.393430633
"LOC108002216",15679.7789388683
"LOC108002213",10876.7524749107
"LOC108002238",54835.7928624568
"LOC108002239",39369.3303509808
"LOC108002214",46550.4925755308
"LOC108002251",32875.4255910912
"LOC108002199",35522.9093502234
"LOC108002248",44466.7401627796
"LOC108002243",66317.7591190466
"LOC108002244",31751.8686894863
"LOC108002208",42303.6719469306
"LOC108002249",86347.1312520932
"LOC108002200",48810.8728953283
"LOC108002242",17779.2609303089
"LOC108002241",22648.3613166048
"LOC108002255",19874.1438380304
"LOC108002209",14013.0443496499
"LOC108002229",55975.7426739899
"LOC133666807",8585.40526726321
"LOC108002207",43586.5184376512
"LOC108002204",27664.0866493594
"LOC133666806",43383.7810987135
"LOC108002221",88380.286822401
"LOC108002202",74553.7462177955
"LOC108002217",47861.8256620825
"LOC108002219",15847.6976719016
"LOC107993988",84213.3764031263
"LOC133666809",610.216260334504
"LOC133666810",899.058003289224
"LOC107996048",1687.96341089859
"LOC107996050",1435.56042150043
"LOC107996052",1798.95483532744
"LOC107996053",51102.2892182353
"LOC108003153",49194.5935308761
"LOC107994234",47934.9655070201
"LOC108003155",13213.0741020314
"LOC107998589",13657.9579963358
"LOC133666886",612.693487414565
"LOC107998593",76941.2232140875
"LOC107998490",42669.2434973405
"LOC107998572",48032.8526547735
"LOC107998524",23322.4698715904
"LOC107998571",30988.4245899119
"LOC107998570",3500.79586402399
"LOC107998481",45951.8206822608
"LOC107998573",40114.3429654237
"LOC107998554",54981.8067930347
"LOC107998556",74194.8804690875
"LOC107998555",40809.2268692838
"LOC107998599",28750.492116178
"LOC107998586",59936.2348468448
"LOC133666887",4942.74817072348
"LOC107998580",45722.1574768711
"LOC107998484",56634.4374721108
"LOC107998540",78866.6505399062
"LOC107998526",42071.250989128
"LOC107998506",45998.2147175834
"LOC107998591",40625.7380417776
"LOC107998590",39889.3896380939
"LOC107998530",34031.4300038445
"LOC107994267",37464.0166843366
"LOC107998485",38313.6523060581
"LOC107998581",39629.8803950685
"LOC107998582",38179.0401765361
"LOC107998595",45858.4927508346
"LOC114577635",42283.1216576709
"LOC107998594",36874.0709504005
"LOC107998531",8683.67223593662
"LOC107998488",39426.5158085599
"LOC107998489",43258.1649330338
"LOC107998583",45465.0937272523
"LOC107998584",7349.59764974722
"LOC107998541",58848.5516554234
"LOC107998547",39798.7205613525
"LOC107998546",42847.6587643073
"LOC107998543",16886.9632557604
"LOC107998544",2503.70393482176
"LOC107998565",60342.7338796023
"LOC107998566",7271.75510144406
"LOC107998528",37741.4239346329
"LOC107998560",16643.8460568107
"LOC133666888",1230.55203507892
"LOC107998561",53120.2782985138
"LOC107998536",569801.987311841
"LOC107998537",3412.05828288535
"LOC107998534",41008.5730043829
"LOC107998596",8265.44241953134
"LOC107998597",15240.2344997842
"LOC107998577",40291.228736674
"LOC107998579",35787.8104473772
"LOC107998574",24431.1782995971
"LOC107998575",1420.55471784821
"LOC107998576",52110.5948359689
"LOC107998495",52488.3001745895
"LOC107998494",63789.178150001
"LOC107998492",114090.113021793
"LOC107998497",86491.8887254713
"LOC107998503",2179.77960529204
"LOC107998504",45147.1950002644
"LOC133665622",109119.104981758
"LOC107998498",47073.1664481565
"LOC107998496",18651.6078912181
"LOC107998505",31719.3429996752
"LOC107998491",49423.7725644138
"LOC107998507",51649.1989590155
"LOC114577630",175155.502280379
"LOC133666892",25180.654624099
"LOC133666890",35436.8435912848
"LOC107998564",19345.7676375794
"LOC133666891",857.256072860024
"LOC114577632",7958.93960379011
"LOC107998508",33645.1708832433
"LOC107998567",15195.7977388414
"LOC133666893",1905.52099486795
"LOC133666894",1031.87679576432
"LOC114577633",3615.06020699957
"LOC114577629",2025.70836382013
"LOC133666898",15593.2506012319
"LOC107998527",37579.6849033221
"LOC107998515",36942.1406862456
"LOC107998510",68717.3194359794
"LOC133666897",27943.7865981882
"LOC107998521",33335.1203117672
"LOC107998518",19084.6726896243
"LOC133666895",1179.6825074207
"LOC133666896",8844.48780229077
"LOC107998514",52704.706161816
"LOC107998516",466798.241020949
"LOC107998517",1306.9726909043
"LOC107998523",3385.58019345221
"LOC107998511",29081.7024295226
"LOC114577639",6454.55710643895
"LOC133666882",1612.04339774168
"LOC107998512",20970.7950736389
"LOC107998513",33978.5135704748
"LOC107998487",4574.38269295514
"LOC107998551",28409.3818171629
"LOC107998550",30548.111123612
"LOC133666899",3264.16451295987
"LOC107998548",57628.6746960967
"LOC107998553",1541.93413050933
"LOC107998549",47787.5692039999
"LOC107998552",55853.4701411059
"LOC107998559",18712.8476619713
"LOC114577640",2620.20877323529
"LOC114577641",874.702799789956
"LOC107997154",31566.7870152387
"LOC133666901",1014.60375383203
"LOC114577440",416.004741900088
"LOC107997247",474.539348793351
"LOC114577460",337.289369786642
"LOC107997155",26963.7357290019
"LOC114577459",824.19338541021
"LOC107997157",2052.79714819205
"LOC133666905",771.930548379417
"LOC114577443",808.938659207663
"LOC107997173",858.528704673081
"LOC133666909",2121.78555281036
"LOC133666907",1256.67198731046
"LOC107997203",1269.81950481798
"LOC133666910",797.768619066924
"LOC107997205",2921.18348744622
"LOC114577442",3060.50228751339
"LOC133666908",41973.6731372767
"LOC107997208",10388.9939527969
"LOC107997209",67373.7497541248
"LOC107997224",48120.5325326038
"LOC133666916",301.280117030211
"LOC107997160",34607.06833151
"LOC107997226",43168.5762161755
"LOC133666914",30495.4903455498
"LOC114577441",5462.47778415077
"LOC107997228",45047.9557447246
"LOC107997229",51422.1473673646
"LOC107997227",52729.3626928778
"LOC107997161",45825.8266996635
"LOC107997236",10822.115502363
"LOC107997189",47762.1827341153
"LOC107997185",42991.5747729057
"LOC107997233",1880.68671712301
"LOC107997232",29963.3281645515
"LOC107997239",2482.05906484323
"LOC114577455",480.134371593132
"LOC107997164",47944.7063297582
"LOC107997212",86272.6009428445
"LOC107997216",7936.61328011045
"LOC133666917",74082.8148677277
"LOC107997213",24474.9955803067
"LOC107997211",51421.3269859951
"LOC107997217",122364.195453076
"LOC107997195",46546.7563437678
"LOC107997194",47541.7323180318
"LOC133666918",44120.5994775924
"LOC107997193",59790.5326387426
"LOC107997197",32632.9950630192
"LOC107997198",39288.0553571738
"LOC107997201",14198.5308050988
"LOC107997200",55273.2623672519
"LOC107997192",46218.5310887687
"LOC108001862",75056.2319438769
"LOC133666920",24935.2290650217
"LOC107997220",19396.3930012803
"LOC107997218",68034.9260714856
"LOC107997221",4245.61645281609
"LOC107997222",41842.4479184275
"LOC108003866",38116.283689632
"LOC133666919",7920.85271276732
"LOC107997182",1063.14388786092
"LOC107997165",69177.490584841
"LOC107997223",60246.9888590365
"LOC114577439",797.905529955089
"LOC107997235",80731.1512629284
"LOC133666921",13147.0372611108
"LOC107997191",18198.6046340618
"LOC133667023",4333.92959119447
"LOC107997230",60277.261867732
"LOC133666922",68774.7395579414
"LOC107997163",508924.854970546
"LOC133666923",25766.1829694331
"LOC107997248",53105.2477092022
"LOC133666924",37412.9572641469
"LOC133666925",12714.7051529727
"LOC107997240",42498.8218807463
"LOC107997188",1835.66083173403
"LOC114577462",2498.3665776677
"LOC133665599",23820.2998757082
"LOC108003189",398639.419806673
"LOC133667026",3655.15830133338
"LOC133666927",8316.54026581177
"LOC108001254",69612.290296318
"LOC114576748",17594.1827772473
"LOC108001256",44372.4854357993
"LOC108001246",35352.6399099902
"LOC108001247",41952.9392369742
"LOC108001230",5655.33469979457
"LOC108001236",25633.7255467432
"LOC108001231",1723.46329316569
"LOC108002979",62233.9411146799
"LOC108001248",44787.0665488432
"LOC108001251",44887.6780624045
"LOC108001250",5753.84202447987
"LOC108001232",48140.8725768449
"LOC108001235",20596.6371867016
"LOC108001234",50446.1013224018
"LOC108001245",48418.2460094439
"LOC108001238",34415.1901709996
"LOC108001233",44387.4618025948
"LOC108001243",3618.57284179549
"LOC108001242",58225.0575035664
"LOC108001252",70632.5847732488
"LOC114577963",1817.7473023907
"LOC114577962",7487.55900522707
"LOC133666931",10035.7013480025
"LOC108001257",80863.9860361759
"LOC108001244",1531.22648411169
"LOC108001262",26772.2626853065
"LOC133666930",4166.04003220561
"LOC133666932",13365.772576287
"LOC107994554",41754.6583665504
"LOC107994558",47797.2161019974
"LOC107994556",19041.8442517746
"LOC107994555",46851.6177774296
"LOC107994553",39467.8157369438
"LOC107994552",42076.3436274804
"LOC107994559",82355.111981031
"LOC108001549",133736.014197072
"LOC114578010",86622.5888475727
"LOC133666934",25874.8873001656
"LOC108002375",28116.2338359861
"LOC108002376",59763.2062197746
"LOC108002378",189047.703809713
"LOC108002401",47766.2091345867
"LOC108002403",40882.5648270386
"LOC108002402",60238.5858259862
"LOC133666936",40139.6117848982
"LOC133666938",21370.1620804676
"LOC133666935",36557.9045566231
"LOC133666939",26498.3471057408
"LOC108002408",21612.5574287797
"LOC133666937",8715.70472054203
"LOC108002390",70674.1960361719
"LOC108002388",57187.8095279983
"LOC108002389",59038.4636866731
"LOC108002386",36941.4886049182
"LOC108002387",2400.86283397322
"LOC108002405",55559.5630434203
"LOC108002404",12546.339007707
"LOC108002385",34081.653099006
"LOC108002384",11708.3481489795
"LOC108002383",626.206897817313
"LOC133666940",969.88488749021
"LOC108002406",739.683489318135
"LOC108002407",35467.916436414
"LOC114578103",48806.5325316916
"LOC108002379",49766.6914006205
"LOC108002395",45107.8989547786
"LOC108002392",55360.247485704
"LOC108002394",31667.063871392
"LOC108002400",65205.5726434477
"LOC108002382",44122.5066768682
"LOC108002396",35263.5554357052
"LOC108002380",46411.7488966676
"LOC108002398",42384.7684861277
"LOC108002381",54888.4064156511
"LOC108002410",96268.5912650842
"LOC108000124",26130.5628203428
"LOC108000126",39421.2852408177
"LOC108000125",26870.2088577793
"LOC108000123",42667.6170538046
"LOC108000114",21370.8583268918
"LOC108000105",41371.0594775
"LOC108000106",9806.91654180424
"LOC108000154",44475.0845919669
"LOC108000157",602.580181872455
"LOC108000146",53057.2705159681
"LOC108000151",4233.34423310747
"LOC108000150",38143.9668034472
"LOC108000116",48864.2136974672
"LOC108000155",57091.1927195287
"LOC108000145",51322.3125072686
"LOC108000107",43445.5140350957
"LOC108000108",24268.392605097
"LOC133666942",15862.248342088
"LOC108000142",32656.777037313
"LOC108000109",47185.6373779914
"LOC107993335",55624.3134243754
"LOC133666943",32887.7161294838
"LOC108000132",30941.1971458437
"LOC108000135",54151.6883157808
"LOC108000110",30363.90444909
"LOC108000137",36830.0766716547
"LOC108000138",37859.3940971098
"LOC108000139",46278.8405128008
"LOC108000121",17441.8339866449
"LOC108000115",43062.6104513489
"LOC108000148",28506.6563850902
"LOC108000147",48705.3690647129
"LOC108000153",62099.3829096379
"LOC108000117",52154.050121312
"LOC108000118",43590.8610941632
"LOC108000130",58176.2996222985
"LOC108000152",30331.20301832
"LOC133666945",9767.98708534577
"LOC108000143",55274.5184360771
"LOC108000129",55624.0658337923
"LOC108000127",56081.2640855054
"LOC108000111",24813.3301136529
"LOC108000112",45854.5130257185
"LOC108000140",59660.2257119329
"LOC108000131",90126.4753915822
"LOC133667025",411.79212603632
"LOC114577065",715.637799612747
"LOC107994534",36782.8091353027
"LOC133666881",788.83570942964
"LOC107994536",24015.7055646713
"LOC107994535",47510.5280858208
"LOC107994537",65495.6375217794
"LOC107994533",4273.54791224091
"LOC107994542",33767.6754350122
"LOC107994526",21139.5381300484
"LOC107994531",34243.894102853
"LOC107994528",32665.5009258514
"LOC107994541",48622.7857470128
"LOC107994529",10819.5024655315
"LOC107994540",42951.1008051814
"LOC107994543",5722.32268688201
"LOC107994538",4056.6157145794
"LOC107994527",386.207840162901
"LOC108002342",32881.4930347145
"LOC108002368",411.110399941179
"LOC108002366",1014.01229487947
"LOC108002367",3529.20105535863
"LOC108002365",53488.0331913137
"LOC108002351",22712.4970610907
"LOC108002355",40950.1639275352
"LOC108002352",34747.8378703959
"LOC108002354",33672.9058098447
"LOC108002353",7150.20295172211
"LOC133666951",18196.5405612872
"LOC108002359",36512.8295401636
"LOC108002356",47553.3753951467
"LOC108002358",38606.3017063856
"LOC108002346",1989.50941405466
"LOC108002345",8678.53343984365
"LOC108002344",285962.269110012
"LOC108002347",27239.1758819045
"LOC133666952",1284.24473259176
"LOC114578099",841.476164499046
"LOC108002360",87188.5780196327
"LOC108002361",66123.240412635
"LOC108002348",80268.269526014
"LOC133666953",11137.9620218905
"LOC108002350",361882.724995216
"LOC107997743",366750.575470128
"LOC107997774",35577.6187747855
"LOC107997770",40339.3112536552
"LOC107997713",527.796806369622
"LOC107997700",38102.9244805119
"LOC107997762",46728.5208740631
"LOC107997703",45051.4285822535
"LOC107997710",1198.9541400115
"LOC107997749",189985.365546052
"LOC107997750",54286.0181717667
"LOC133666954",38235.2211650349
"LOC107997751",5570.75381391476
"LOC107997757",43789.284899759
"LOC107997709",47549.5167367752
"LOC107997708",58329.5982975501
"LOC107997707",38077.8093509137
"LOC133666955",1962.6795201308
"LOC107997706",11776.7196018889
"LOC107997739",51401.4786135004
"LOC107997705",39722.8480004956
"LOC107997704",43403.9412700058
"LOC107997699",57716.9632521569
"LOC107997761",57625.9435131557
"LOC107997760",32364.2763380333
"LOC107997769",459.066757591545
"LOC107997752",46359.1831496984
"LOC107997728",33393.2885106124
"LOC107997732",26928.5426119483
"LOC107997727",40856.5144976473
"LOC107997730",10220.3316958972
"LOC107997729",30311.9800499377
"LOC133666956",991.547691785781
"LOC107997773",67174.3844338821
"LOC107997756",60277.5240615716
"LOC114577529",1828.84022742051
"LOC107997771",10548.6193933938
"LOC107997701",1523.39683670505
"LOC107997702",53332.189647376
"LOC107997759",49913.5658555507
"LOC107997741",64961.9120009528
"LOC107997747",16014.0599646834
"LOC107997745",20023.9922034309
"LOC107997746",46574.8013266246
"LOC107997772",42263.3811897677
"LOC107997742",14149.4348796073
"LOC133666958",1297.90433728993
"LOC133666957",8640.24427550288
"LOC107993672",14503.3108513578
"LOC107997697",226819.554608212
"LOC133666959",456.391744675225
"LOC107997755",657.579652518895
"LOC107997753",57226.5200423872
"LOC107997711",33406.4447332958
"LOC107997720",60599.6987629069
"LOC107997723",11380.2627315505
"LOC107997716",5442.93850934789
"LOC107997715",26496.3994668844
"LOC107997718",5679.74569898645
"LOC107997719",2278.05979190992
"LOC107997717",2283.10944584389
"LOC107999625",59831.6623531969
"LOC107999627",6814.61377346101
"LOC107997763",51481.8808268519
"LOC107997764",46524.7303764978
"LOC107997766",19788.0348229601
"LOC107997696",43510.835623581
"LOC107993568",4643.66171917744
"LOC107997726",40845.4814549769
"LOC107997724",74724.6401776089
"LOC107997725",69055.6541973494
"LOC107997737",5017.52570251637
"LOC107997733",44679.0736255819
"LOC107997738",61935.4126048344
"LOC107997734",40676.4015493487
"LOC107997736",39778.4852219908
"LOC107997768",65190.007843121
"LOC107997744",69848.4155205302
"LOC107997712",35196.3602257381
"LOC107997694",44910.3614115698
"LOC133666962",6431.18539907477
"LOC133666961",5744.59016512767
"LOC133666965",6811.92482877828
"LOC133666966",948.942443961622
"LOC133666967",456.37112767763
"LOC133666963",8775.68865378023
"LOC107999455",84471.2485781452
"LOC107999596",233717.588617128
"LOC133666968",65424.2397336221
"LOC107999671",25905.1638729816
"LOC107999466",66280.6433789434
"LOC107999500",45903.508547539
"LOC114577991",55332.9518769908
"LOC133666969",37579.5829526664
"LOC107999503",26761.0766858726
"LOC107999477",46305.8727946802
"LOC107999352",72304.1531771058
"LOC107999361",90174.4572348688
"LOC107999572",41705.9607095849
"LOC107999325",38579.1192507063
"LOC107999290",33697.5994636852
"LOC107999517",52232.4738001877
"LOC107999545",445.021742526096
"LOC107999523",538.637841527523
"LOC107999562",497.477853506924
"LOC107999440",57808.558777431
"LOC107999415",43943.1636281532
"LOC107999424",45684.0542095016
"LOC107999401",10348.9319006718
"LOC107999582",2274.23395027669
"LOC107999589",1054.44469165864
"LOC108001754",172414.454081577
"LOC107995569",54663.1098454709
"LOC107995566",9216.72203317362
"LOC107995570",7544.31936841574
"LOC107995567",42436.5381221482
"LOC107995565",49593.3473762189
"LOC107995571",1023444.25431233
"LOC133666971",1396.36254281348
"LOC107995034",1980.81463388435
"LOC133666972",36772.0552841709
"LOC107995150",113877.276310308
"LOC107995149",172775.307078066
"LOC133666978",924.677263748073
"LOC107995081",2573.67129156822
"LOC107995078",52513.6796390628
"LOC107995079",41199.710742421
"LOC107995076",34858.8239012499
"LOC107995077",230402.907084781
"LOC133666975",36485.1449094521
"LOC107995072",252714.075457928
"LOC107995075",83659.2504385898
"LOC133666977",3224.30429147583
"LOC107995074",104090.534186746
"LOC107995132",142710.514894179
"LOC107995187",10935.8875355598
"LOC133666976",29236.8432273722
"LOC107995174",10853.6117053738
"LOC107995152",46572.9796892989
"LOC107995151",23213.3787456216
"LOC107995153",48622.1118459519
"LOC107995164",17990.4051318363
"LOC107995166",66119.4536886713
"LOC107995165",54551.3688757197
"LOC107995169",27940.748724057
"LOC107995168",54739.3656077409
"LOC107995108",60985.5329007087
"LOC107995105",45791.2622671373
"LOC107995106",55097.5256733362
"LOC107995104",37402.0771156347
"LOC107995042",42232.1686604655
"LOC107995032",49676.0146225968
"LOC107995172",95371.2604094687
"LOC107995119",33531.8419563661
"LOC133666983",1031.98723657797
"LOC133666982",809.982902132731
"LOC107995121",35352.1616407474
"LOC107995120",30565.5052526871
"LOC107995123",7109.9561759101
"LOC107995124",38066.4908861186
"LOC107995122",50906.9690158138
"LOC107995148",73779.755844404
"LOC107995031",58851.7473680367
"LOC133666981",8744.38658380666
"LOC114577162",1774.73269676441
"LOC114578317",4650.84155591221
"LOC107995137",58257.3684322697
"LOC107995142",54242.5697623087
"LOC107995158",105751.752233574
"LOC107995054",53261.1857142945
"LOC107995134",196058.172690011
"LOC107995051",65409.1109607676
"LOC107995053",89760.3796141173
"LOC107995050",80847.9001956251
"LOC107995179",6877.16705031151
"LOC107995180",16138.2166006462
"LOC107995118",193265.724805315
"LOC107995082",1753.32487125513
"LOC107995083",54981.3857295944
"LOC107995087",28712.2755550829
"LOC107995085",27692.2965246943
"LOC107995086",60224.0865822339
"LOC107995084",30258.500678939
"LOC107995157",49014.8954279276
"LOC107995156",1258.34354704544
"LOC107995183",1175.42466936704
"LOC107995069",11966.7933677467
"LOC107995068",7992.39216709956
"LOC107995067",168606.266966332
"LOC107995070",84016.845569585
"LOC107995161",8031.52001827903
"LOC107995141",8655.21961684043
"LOC133666984",817.942958513442
"LOC107995097",58727.2000359793
"LOC107995098",40676.0021015562
"LOC107995096",88276.373607715
"LOC133666985",376.458749842924
"LOC107995115",29771.3046879335
"LOC107995117",52543.911208217
"LOC107995113",19176.6085190876
"LOC107995114",44749.569308883
"LOC107995116",43223.4656550561
"LOC107995112",45164.7107738369
"LOC107995037",23783.4855156522
"LOC107995029",4961.04990434257
"LOC107995171",167909.214760731
"LOC107995028",1135.03315035396
"LOC114577156",6781.15408052746
"LOC107995145",45768.1937122802
"LOC107995147",45104.595556462
"LOC107995146",39267.8587634933
"LOC107995173",2622.93356293854
"LOC107995177",25853.5929844017
"LOC133666986",1029.15496871633
"LOC107995163",101864.184051255
"LOC133666987",869.511181958052
"LOC114577780",397.847710084899
"LOC107995186",837.944308787831
"LOC133666988",531.135855435532
"LOC107995048",1464.92069369638
"LOC107995046",7650.875996871
"LOC107995138",48393.3775754102
"LOC107995139",2161.3309653218
"LOC107995111",76976.292834851
"LOC107995110",4846.22829673773
"LOC107995109",9709.63899921194
"LOC107995062",64615.5357203514
"LOC107995057",14924.7850502336
"LOC133666989",3502.12420048419
"LOC133666990",2374.08504096277
"LOC114577173",512.931035174381
"LOC107995055",57125.4604222167
"LOC107995064",2253.41135130215
"LOC107995060",48904.9066951655
"LOC107995058",37418.1546985293
"LOC107995063",13249.5743076365
"LOC107995056",31950.8069534923
"LOC107995091",42004.2190158079
"LOC107995094",23826.0086029626
"LOC107995093",310549.278305179
"LOC107995090",70469.9303368368
"LOC114577159",18823.826190873
"LOC107995092",44782.9561388394
"LOC107995182",9560.68337031039
"LOC107995181",43772.1379842936
"LOC107995160",62704.6679133389
"LOC107995162",59100.026728089
"LOC107995041",41508.6038794252
"LOC107995025",17077.9685071437
"LOC107995155",237076.273142061
"LOC133666991",49304.4268674508
"LOC107995126",49320.9029289631
"LOC107995127",12050.4473960886
"LOC107995125",24890.0542233555
"LOC107995128",40719.0185990728
"LOC107995170",45247.0699627608
"LOC107995039",55721.2926676404
"LOC107995038",8068.5707378429
"LOC107995040",32306.949261865
"LOC107995101",44771.395729429
"LOC107995099",1161.11853641765
"LOC107995023",666.076852974418
"LOC107995102",4292.42433951937
"LOC107995130",7682.89083423871
"LOC107995022",48311.3510332033
"LOC107995129",49283.4692002074
"LOC107995131",10775.3870394958
"LOC107995144",93127.1183538244
"LOC133666994",26781.2830435183
"LOC133666996",1217.1786530946
"LOC107995768",20763.5954342348
"LOC114577276",4122.36516115218
"LOC133666995",5143.45965854072
"LOC114577277",8725.58944835066
"LOC133666993",2146.86085256779
"LOC107995932",2964.59090468043
"LOC107995931",13893.7575023924
"LOC107995933",129093.970114905
"LOC107995707",44093.4809675558
"LOC107995857",59677.0623624302
"LOC107995858",22589.6827013585
"LOC133666997",16462.554968141
"LOC107995997",35398.7268408834
"LOC107995996",37533.0444312015
"LOC107995992",48155.5073151719
"LOC107996009",46636.8907928537
"LOC107995817",8855.41055007775
"LOC107995816",50321.2264707937
"LOC107995814",100189.955323394
"LOC107995813",25211.6160438597
"LOC107995812",53379.665251424
"LOC107995756",36819.8289940385
"LOC107995902",92997.388559791
"LOC133666998",58788.4867142307
"LOC133666999",10941.1402894646
"LOC133667004",17798.0508107375
"LOC107995749",117834.986964538
"LOC107995765",10559.8080006601
"LOC133667001",32026.693095713
"LOC107995969",42760.8397335256
"LOC107995895",52280.4070969635
"LOC107995968",34713.8378612638
"LOC133667000",1568.87529201394
"LOC107995767",1501.47918313315
"LOC107996000",58866.2666642696
"LOC107995840",39859.8931676414
"LOC107995839",51112.5154510399
"LOC107995837",44804.0020834519
"LOC107995841",33704.7198792699
"LOC107995842",28049.622476642
"LOC133667005",1810.8847670527
"LOC107995760",14853.8636508916
"LOC107995870",49865.6837407072
"LOC114577259",10931.1266507722
"LOC107995871",27272.6068820252
"LOC107995869",65493.8034347889
"LOC107995945",42719.7931895627
"LOC133667006",3805.09552638884
"LOC107995946",19814.1809453239
"LOC107996018",1673.25105407376
"LOC107995967",50900.659101843
"LOC107996011",29555.8136843813
"LOC107995964",49047.6868367863
"LOC107995910",46370.6176345858
"LOC107995911",87699.06878517
"LOC107995821",24757.7320925334
"LOC107995818",60161.5078786947
"LOC108001130",18988.969395066
"LOC107995820",70483.0913623681
"LOC107995974",40656.3208544191
"LOC107995976",37462.1451002567
"LOC108003228",37608.4342305716
"LOC107995855",64878.3163780635
"LOC107995854",46175.9309872559
"LOC107995856",7176.30492415916
"LOC107995853",52650.5069820021
"LOC107995852",44506.6024710906
"LOC107995954",41249.1047154822
"LOC107995956",52939.4726637023
"LOC107995955",9799.23518931623
"LOC107995762",44448.9684300303
"LOC107995750",28359.0013810876
"LOC107995991",48591.9487285184
"LOC107995990",36994.5743323855
"LOC107995758",80458.8942607245
"LOC107996010",49222.3977794041
"LOC107995914",27744.610563036
"LOC107995913",52633.7355729484
"LOC107995745",38115.7519518976
"LOC107995916",23295.2002683336
"LOC107995887",24555.8959404251
"LOC107995886",126542.795889536
"LOC107995753",38688.6243385498
"LOC107995824",259224.643492659
"LOC107995827",11954.4501117269
"LOC114577264",7456.03458758264
"LOC107995825",3806.30214626171
"LOC107995830",2788.47524473307
"LOC107995828",15765.0862845103
"LOC107995834",21265.1924190229
"LOC108003956",7864.09571104566
"LOC114577262",5296.44008522129
"LOC107995832",6831.57272370844
"LOC114577267",480.354867460812
"LOC114577266",9634.04879968709
"LOC107995836",17557.2120321617
"LOC107995872",29241.1233087132
"LOC107995876",22989.6189269156
"LOC107995877",1598.1378307549
"LOC107995878",585.230198582113
"LOC107995879",8250.7100868039
"LOC107995980",44069.525572109
"LOC107995897",49417.3178606508
"LOC107995896",50347.594168606
"LOC107995900",20145.5769518827
"LOC107995899",60457.3692996578
"LOC107995890",42098.9524394788
"LOC107995891",58659.2035538373
"LOC107995889",51564.9833259955
"LOC107995888",48661.6851192861
"LOC107995755",58421.0637382669
"LOC107995751",26935.3591994327
"LOC107995864",42849.3991066612
"LOC107995863",52074.5348470149
"LOC107995866",52580.7697660202
"LOC107995862",44852.2529758768
"LOC107995924",55430.6389877482
"LOC107995925",41327.764097989
"LOC107995923",89874.6703709881
"LOC107995940",8136.48922406269
"LOC107995938",45210.8732510741
"LOC107995939",49559.9511883943
"LOC107995936",58008.8874109837
"LOC107995935",55622.7630350348
"LOC107995934",52580.7523854515
"LOC107996004",52439.3883884604
"LOC107995963",49340.0828692582
"LOC107995743",62854.6510587865
"LOC107995742",59340.8906432074
"LOC133667007",18266.9236144629
"LOC107995800",43304.5662040287
"LOC107995799",33676.4288102183
"LOC107995949",43350.2469352033
"LOC107995950",56525.6202024978
"LOC107995808",51803.0032083445
"LOC107995811",107251.357658105
"LOC107995810",47338.0916497931
"LOC107995809",46235.0936360598
"LOC107995741",37912.7827404375
"LOC107995806",19293.5609128399
"LOC107995805",185859.552216032
"LOC107995882",55066.4839948966
"LOC107995884",49527.5569081791
"LOC107995885",46217.1793282069
"LOC107995883",46574.3411215732
"LOC107995912",54175.4366569709
"LOC107995993",10371.2903729132
"LOC133667008",2147.18829454983
"LOC107995994",1790.33030864514
"LOC107995998",24884.3277753342
"LOC107995740",3822.30863311402
"LOC107995973",10801.6368538754
"LOC107995761",1718.57344234946
"LOC107998636",61769.3195927185
"LOC107998635",26363.2818062332
"LOC107995947",44377.3879916545
"LOC133667009",11247.0785377914
"LOC107995966",8255.25715182484
"LOC107996007",54461.9819169228
"LOC107995959",43395.0334715386
"LOC108003085",24635.2362689851
"LOC108003084",42215.3061061766
"LOC107995867",53519.2689158398
"LOC107995868",39429.4623472429
"LOC107995986",42615.6860167593
"LOC107995985",6951.6885444613
"LOC107995978",1944.63415341449
"LOC107995977",54974.9004780604
"LOC107996013",57020.2251884865
"LOC107995798",42199.8008024359
"LOC107995795",36923.809861548
"LOC107995794",26654.4298162607
"LOC107995796",53568.9992578427
"LOC107995793",61797.1185547444
"LOC107995797",50061.0767010617
"LOC107995791",59987.654015434
"LOC107994610",134309.046298983
"LOC107995957",11439.7141074625
"LOC107995764",45738.8236970931
"LOC107995776",188471.850162961
"LOC107995778",4545.55278529923
"LOC133667013",3695.93171372218
"LOC114577272",20840.4054237131
"LOC133667012",17073.2785628511
"LOC107995780",12058.8412158804
"LOC107995777",52166.4346279389
"LOC107995953",5794.39716220263
"LOC107995984",71435.9776098775
"LOC107995752",23994.5117470421
"LOC107995773",18172.9874848819
"LOC107995920",21146.784312634
"LOC107995921",4710.36217827846
"LOC107995919",44537.4782101586
"LOC107995918",41751.711379013
"LOC107996014",57091.1678178057
"LOC107996005",41575.6269160008
"LOC107996015",61325.4252675653
"LOC107995960",43139.8236369738
"LOC114577275",61257.2931953855
"LOC107997255",75609.841903471
"LOC133667014",1837.12279655873
"LOC107995849",57235.0238031335
"LOC107995961",14959.2473819238
"LOC107995962",60512.4891574795
"LOC107995951",53806.3200495562
"LOC107995952",24637.8235910042
"LOC107995930",22312.5558061355
"LOC107995929",52317.1082199031
"LOC107996006",16307.7766844205
"LOC108002605",48883.2452350397
"LOC107996001",46585.4362295608
"LOC114577261",2496.19279728506
"LOC107995941",4928.42123937531
"LOC107995970",20432.1251317929
"LOC107995972",23556.1172536782
"LOC107995927",36634.57282471
"LOC107995926",45340.3119274523
"LOC107995928",55828.2649363547
"LOC107995987",33219.362469662
"LOC107995989",47991.3423349176
"LOC107995905",52844.0241779307
"LOC107995904",44719.3786972993
"LOC107996012",32538.1145677673
"LOC107995983",52340.1523510475
"LOC107995982",50790.6917612801
"LOC107995979",29099.6422051017
"LOC133667015",60490.6993870384
"LOC107995256",21206.1151109262
"LOC107995892",97674.0401758859
"LOC133667016",9467.5435738692
"LOC107995901",76941.9375291935
"LOC107995804",43014.9689693585
"LOC107995739",96330.7065225057
"LOC107995801",93259.226660368
"LOC107995944",58273.336894476
"LOC107995943",49760.363233436
"LOC107996003",40978.8929947413
"LOC107995906",37544.3997801031
"LOC107995907",48745.1432019637
"LOC107995909",3167.76692003369
"LOC107995754",17528.0868177701
"LOC107995784",41082.4311814922
"LOC107995788",31134.8375370268
"LOC107995787",67969.5989869491
"LOC107995785",52221.9207283957
"LOC107995786",37651.1901680385
"LOC107995738",5909.14015653265
"LOC107994210",134201.314200294
"LOC133667018",3258.94672090169
"LOC107997010",34008.6401069224
"LOC107997008",28919.7506002506
"LOC107997011",42359.5985663694
"LOC114576956",53012.142548266
"LOC107994749",53064.9343320901
"LOC107994784",39107.9750647615
"LOC107994727",51518.2426032496
"LOC107994775",78990.2962362608
"LOC107994767",35015.0695481831
"LOC107994688",56245.3516154373
"LOC133667019",2829.53176951707
"LOC107994792",26574.4263048804
"LOC107994838",28876.6507435396
"LOC107994809",46310.3372495112
"LOC107994818",52220.3988134252
"LOC107994829",26770.2340376505
"LOC107994851",59894.5053181845
"LOC107995312",702643.813242207
"LOC107995253",25508.3741257328
"LOC107995300",21316.2371326428
"LOC107996188",49492.4031043316
"LOC107996195",45486.0265895679
"LOC107994431",57152.1404135382
"LOC107994473",8536.8018907583
"LOC107994437",19019.9883905058
"LOC107994478",43422.1907103419
"LOC107994449",54139.4092602783
"LOC107994415",38982.5144111178
"LOC107994393",48902.8601588791
"LOC107995819",38138.7259212537
"LOC107994109",35632.4679085042
"LOC108001942",110907.152032293
"LOC107995185",31578.63385368
"LOC107995948",37698.2561241699
"LOC107995965",45573.2580312242
"LOC107996107",40228.154490548
"LOC107998645",42761.2493115919
"LOC133667021",10838.6458071354
"LOC107994902",22053.8945481111
"LOC107994874",44808.8232411487
"LOC107994888",45415.2363229403
"LOC107994857",56187.3834451616
"LOC107994232",31069.1476396232
"LOC107995822",48425.2591093073
"LOC107995826",31836.6570899844
"LOC107995759",51209.7152704828
"LOC107995783",47512.15508083
"LOC107996051",52255.8811524349
"LOC107996071",63361.0803819899
"LOC107996238",58385.9350047939
"LOC107995922",56260.5938267489
"LOC107995838",57123.445967342
"LOC107995848",60489.0647065581
"LOC107995382",442667.497580157
"LOC107994530",16708.0110495585
"LOC107994496",16953.0351709632
"LOC107995191",76379.5268903574
"LOC107994508",7430.05474850038
"LOC107995519",54297.3130687631
"LOC107995526",31656.5229732046
"LOC107995533",67022.3109465557
"LOC107994196",57356.3470870382
"LOC107995000",114946.484768089
"LOC107995624",58736.1380426947
"LOC107995617",57008.6833569051
"LOC107996345",29920.3272964246
"LOC107993675",53706.3003167844
"LOC107994905",14480.7501104353
"LOC107994932",40562.9571529281
"LOC107994925",46878.3421835072
"LOC107994918",79976.6119424247
"LOC107994092",115536.660309065
"LOC108001586",44894.0194741318
"LOC108001585",54637.780725698
"LOC107994987",57893.5522381052
"LOC107994992",7963.67192206051
"LOC107994952",55589.4303528656
"LOC107994082",58528.728323807
"LOC107995372",48966.345528097
"LOC107995362",39046.8396117252
"LOC107995717",58184.7901482047
"LOC107995675",75296.2432071967
"LOC108003954",1846864.49885807
"LOC108003955",9269.56786783942
"LOC133667055",35266.9800706404
"LOC133667043",341.308437086693
"LOC107992695",10146.3816737244
"LOC107992660",127099.932608908
"LOC133667089",1283.60440253807
"LOC107992678",8845.14573569996
"LOC133667088",3079.43973757998
"LOC133667045",930.55340183551
"LOC107992650",3116.68584706512
"LOC107992679",2782.51912958804
"LOC107992669",2868.24726797487
"LOC107992676",813.375184437446
"LOC107992651",530.630921324929
"LOC133667087",1045.21122960828
"LOC107992672",1080.64449805961
"LOC107992674",1170.03682150228
"LOC107992665",705.755790491394
"LOC107992663",527.175548721819
"LOC107992675",620.790665618221
"LOC107992683",1679.89026646073
"LOC107992653",4239.23330041672
"LOC133667090",17345.2284635994
"LOC107992692",37234.4325123829
"LOC107992693",20904.4059229119
"LOC107992686",40339.9590233804
"LOC107992688",22003.188528293
"LOC107992689",32559.4274199554
"LOC107992691",56909.0968362987
"LOC107992697",51857.406122408
"LOC107992657",40406.1418766423
"LOC114576840",16174.8595631758
"LOC108001584",6321.45566684313
"LOC107992694",7776.46536478574
"LOC107992655",2195.02005840428
"LOC107992656",90078.6708734485
"LOC107992658",38746.1927080017
"LOC107992684",358492.408686141
"LOC107992685",5877.9932945989
"LOC133667091",814.272701527694
"LOC107993294",8124.48044972288
"LOC108003684",7953.51827847805
"LOC133667084",3072.71953735916
"LOC133667108",574.568904044491
"LOC108003682",5775.02732126884
"LOC108003698",835.956282726854
"LOC133667047",672.082338055452
"LOC108003697",18474.5514076111
"LOC108003683",2750.50394465774
"LOC108003700",587882.182515549
"LOC108003687",1244.8792330843
"LOC108003681",65961.4601312645
"LOC108003688",30486.9309494332
"LOC108003690",77529.3146652021
"LOC108003696",19211.5757287759
"LOC108003693",2098.40412140203
"LOC108003692",7643.96473185615
"LOC108003694",84854.3263972439
"LOC133667094",3420.18973590505
"LOC133667092",2577.23466417607
"LOC108003701",1388.74339038391
"LOC108003686",517.857770430856
"LOC108003685",582.905975302757
"LOC133667096",5449.7318049868
"LOC108002506",2381561.35101468
"LOC114578231",7618.73830949023
"LOC133667048",2777.29962679107
"LOC133667097",7158.26686238713
"LOC133667095",40909.9907595119
"LOC108002689",35868.8612748357
"LOC108002726",31239.137276112
"LOC108002710",36880.3724071646
"LOC108002716",15376.6052290118
"LOC108002700",38941.421428724
"LOC108002735",1966.57666063046
"LOC108002670",25864.6058706419
"LOC108002637",134220.012284873
"LOC108002682",958.691199141329
"LOC108002663",741.074565255533
"LOC108002746",2002.04167003998
"LOC133667098",6829.84889181967
"LOC108002490",27913.2916436559
"LOC133667051",5461.65142540371
"LOC108002474",54108.9430884706
"LOC108002624",5722.822465423
"LOC108002608",54528.9873164099
"LOC108002549",78101.2948512929
"LOC107992959",56412.0110270618
"LOC108002753",55006.7354085381
"LOC133667099",3984.97887002315
"LOC107995579",18815.4328849373
"LOC114576763",674.355089332634
"LOC107995576",55960.171386603
"LOC107995577",36286.4416330033
"LOC107995578",41680.1902524906
"LOC108003945",359.73729664869
"LOC108003950",15971.5470610741
"LOC107993643",562.460000680511
"LOC108003949",39682.5068531844
"LOC133665594",3404.64458501592
"LOC108003946",57135.7192921217
"LOC108003948",42474.739624734
"LOC108003947",47090.3166988316
"LOC107993283",63833.6521082101
"LOC107993281",15719.5111262597
"LOC133667101",54071.0127902697
"LOC107993267",47087.5033205405
"LOC107993284",44180.0936254268
"LOC107993266",35795.3693352194
"LOC107993279",57125.3000139447
"LOC107993280",11469.2703238855
"LOC107993289",58425.7380388043
"LOC107993265",61520.8943259034
"LOC107993263",11771.56704157
"LOC107993278",20205.4868806442
"LOC107993262",2480.65475537259
"LOC107993286",60031.1895613
"LOC107993288",46626.8851733304
"LOC107993272",45797.0847443098
"LOC107993271",56870.6567300891
"LOC107993264",26639.0393289203
"LOC107993290",49218.1658007468
"LOC107993359",57049.2696636277
"LOC107993273",18703.44123669
"LOC107993276",37980.8237216317
"LOC107993277",57330.5198565878
"LOC107993261",33711.9382705295
"LOC107993260",38319.6125864076
"LOC108004198",192192.695533413
"LOC114578308",1789.67364172814
"LOC108004190",8359.90762220448
"LOC133667102",20886.8536378441
"LOC108004199",47361.7197775389
"LOC108004202",64588.3039164869
"LOC108004201",54795.6643038753
"LOC108004203",38289.5159426194
"LOC108004207",44606.8457499645
"LOC108004195",40402.0106104353
"LOC108004205",53491.7353740135
"LOC108004191",13945.8464621285
"LOC108004206",9964.07883636903
"LOC108004193",433.748742529182
"LOC108004194",969.38263864133
"LOC108004197",2629.42898753117
"LOC108004196",57489.6809356352
"LOC107998869",40104.7455616206
"LOC107995541",42584.6685281586
"LOC107995542",35675.3790176826
"LOC107995497",44425.8841522621
"LOC133667103",14977.5104893644
"LOC107995492",30054.1303831552
"LOC107995496",58013.7540521435
"LOC107995525",39083.950888127
"LOC107995528",47188.5141059177
"LOC107995527",29859.8870034081
"LOC107995543",50822.0949416343
"LOC107995537",43958.5745893904
"LOC133667104",2766.19702564993
"LOC107995546",45297.3293692337
"LOC107995534",306281.89617318
"LOC133667105",1924.55235865869
"LOC107995531",3090.87367785698
"LOC107995529",43724.49434735
"LOC107995532",11143.007406776
"LOC107995530",9612.46311844466
"LOC107995538",458563.341657549
"LOC107995504",2329.10950698764
"LOC133667052",1492.95408904258
"LOC108001582",827.694127911559
"LOC133667109",7425.60915946231
"LOC107995507",603.987152142717
"LOC107995552",3673.28477825368
"LOC107995547",606.215472809091
"LOC107995548",573.935179047672
"LOC107995539",99300.3409196422
"LOC107995521",108744.882269478
"LOC107995523",3782.67153919499
"LOC107995522",3520.67533235494
"LOC114577228",2454.78490594231
"LOC107995517",37722.2018548656
"LOC107995520",40497.3899079867
"LOC107995524",37202.7704945629
"LOC107995502",34491.7353738902
"LOC107995490",49799.8275833749
"LOC107995494",43684.6675148854
"LOC107995556",56261.4171433197
"LOC107995486",37696.3349087922
"LOC107995535",40946.1288172274
"LOC133667032",1626.62385927465
"LOC107995536",22803.2504140827
"LOC133667034",9639.17893590885
"LOC107995488",294151.20848853
"LOC133667038",3489.23357532588
"LOC107995510",244440.759017786
"LOC133667039",3977.65760959308
"LOC133667035",13746.4033403943
"LOC133667036",6831.51314494626
"LOC114577939",23220.2535228194
"LOC133667037",10829.3222220593
"LOC114577221",8074.09252525866
"LOC107995515",52208.1563057309
"LOC107995511",1343.92442317043
"LOC133667033",101461.841029398
"LOC107995489",3825.43192373907
"LOC107995249",30907.0196048147
"LOC107995247",30986.5595504861
"LOC107995252",28182.1899284217
"LOC107995246",199635.297882313
"LOC107995250",479.076828782922
"LOC107995254",39267.1462752215
"LOC107995251",37415.6304312614
"LOC107995248",37338.5605198547
"LOC114577184",1222.20723313425
"LOC114576991",4986.68971287693
"LOC114576988",1496.38671637551
"LOC107993836",609.676028636481
"LOC114576987",500.764573552445
"LOC133667050",673.055278426594
"LOC107993838",246230.115224374
"LOC108003863",4035.14801209618
"LOC108003854",796.72402969034
"LOC133667030",2333.95211020391
"LOC108003849",75794.543040992
"LOC108003851",30096.503133087
"LOC108003853",14801.953596991
"LOC108003850",16750.1059159678
"LOC108003852",20044.485285221
"LOC108003860",5857.14990352258
"LOC108003859",23910.8601389768
"LOC108003837",32344.7998937307
"LOC114578253",654.02951756824
"LOC108003857",46437.6970916971
"LOC107992993",776567.037841978
"LOC108003847",104597.784651934
"LOC108003846",3390.74906621103
"LOC108003845",85866.8017920298
"LOC107999737",2891.31547284025
"LOC108003835",77861.1539885077
"LOC133667031",1463.33076459093
"LOC108004235",87662.1818870061
"LOC108004231",35398.3397126131
"LOC108004233",56894.0713158436
"LOC108004232",42184.9611061313
"LOC108004224",50677.82334298
"LOC108004236",28459.1687452174
"LOC108004226",31604.6782177606
"LOC108004238",35146.3118932719
"LOC108004227",43699.4084471265
"LOC108003430",3304.73946241126
"LOC108004225",8696.60950345173
"LOC108004228",163748.800545095
"LOC108004239",5559.30392932694
"LOC133667056",4969.89614395311
"LOC133667057",2862.79495714677
"LOC107998985",53975.813526942
"LOC107999007",37491.1146642458
"LOC133667058",14760.0598451398
"LOC107998992",55050.0313858927
"LOC107998905",50553.984402597
"LOC107998991",42055.3583807453
"LOC107998990",13841.8937118464
"LOC107998886",23790.8527554052
"LOC107998903",40190.4323083076
"LOC107998895",40061.7577072589
"LOC107998892",18319.3739589056
"LOC107998901",34910.2284151554
"LOC133667083",445.611636332803
"LOC107998912",495.365417160672
"LOC107998885",4704.00722095544
"LOC107998968",2909.30543485311
"LOC107998965",52567.6360075481
"LOC107998966",3090.66938978213
"LOC108001969",50434.6361772498
"LOC108001970",47478.6116258581
"LOC108001971",41311.0474913254
"LOC107998910",67387.7181153418
"LOC107999004",56771.3049917774
"LOC107998995",55471.6390211877
"LOC107999011",9746.60053713695
"LOC107999012",6608.21358648355
"LOC107998900",26352.893573885
"LOC107998894",26724.0875027713
"LOC133665640",32764.6548893024
"LOC107998984",31084.7110321736
"LOC107998980",31438.6117843632
"LOC107998982",46782.7524171661
"LOC107998981",46944.0129513029
"LOC107998890",36032.8718480206
"LOC107998996",50389.3884778039
"LOC107998916",22723.9460778519
"LOC107998917",128852.725347863
"LOC107998918",4834.05557090395
"LOC107999009",48877.3543805541
"LOC107999010",1870.40853544464
"LOC107998975",53614.6296829286
"LOC133667060",3467.01153036517
"LOC107999006",19465.0228246559
"LOC107999001",15148.5904340928
"LOC107998889",46246.1414828671
"LOC107998964",69306.7445801115
"LOC107998960",4176.95069420366
"LOC133667062",4078.56245680282
"LOC107998963",54266.4184389985
"LOC107998962",57064.7060930684
"LOC107998959",69780.8366251732
"LOC107998945",64798.4710574648
"LOC114577686",6642.45990790205
"LOC107998946",55805.9617973103
"LOC107998944",49860.2278225875
"LOC107998943",22636.6564020217
"LOC107998891",12948.0640590449
"LOC107998911",5736.5376600245
"LOC107998913",917.703363528749
"LOC107998969",56044.2487067343
"LOC107998970",3778.27159000595
"LOC108001551",34641.7974488817
"LOC108001552",21825.092507071
"LOC107998988",109656.323205426
"LOC107998941",19965.6951994218
"LOC107998940",2454.51428287822
"LOC107998939",2302.01230380235
"LOC107998938",204375.46395646
"LOC133667065",47240.414497208
"LOC133667063",1819.40592755875
"LOC107998922",48989.281049125
"LOC107998920",27295.4800193275
"LOC107998924",403.492953781343
"LOC107998919",83965.9528496296
"LOC107998923",281598.034169611
"LOC107998956",54828.1116119741
"LOC107998953",38519.3709254916
"LOC107998954",38768.7812151642
"LOC107998955",63759.3885158303
"LOC107998888",9032.98173603078
"LOC107998906",7584.18563953703
"LOC107998902",43388.6049297801
"LOC107999005",36903.8744069324
"LOC107998887",3853.84869870846
"LOC107998978",38091.183246707
"LOC107998979",18343.1574552596
"LOC107999002",25902.7462785921
"LOC107998948",107478.664747005
"LOC133667067",1659.23745326257
"LOC107998997",47000.312229884
"LOC107998972",51026.1562715316
"LOC107998973",24693.1868938891
"LOC107998971",47466.761940304
"LOC107998974",561758.853903897
"LOC107998899",50751.0833471995
"LOC107998904",23293.2126292361
"LOC107999003",74849.0682602697
"LOC107998908",42560.0500845304
"LOC107999000",27900.2681217977
"LOC107998999",37813.8745324445
"LOC107998882",47690.7914937967
"LOC107998957",39355.299203088
"LOC107998958",32930.3437939448
"LOC107998881",51834.756558583
"LOC107998896",53145.2903060665
"LOC107998897",43678.1322975228
"LOC107998880",39171.4986675892
"LOC107998952",42114.8423379649
"LOC107998951",52545.9488145788
"LOC107998879",1551.81211833143
"LOC107998909",41744.8742172745
"LOC107998907",26737.2947258606
"LOC107998929",33226.3777452438
"LOC107998877",71084.6633318467
"LOC107998928",32392.6014197525
"LOC107998927",59223.816864057
"LOC107998926",30474.6963138755
"LOC107998898",50474.1613829522
"LOC107998915",642.706427116142
"LOC107998986",8356.77657979406
"LOC114577691",3922.12337625072
"LOC107998987",56114.2648904371
"LOC133667070",628.314667263683
"LOC107998994",47704.0022532925
"LOC107998993",32983.6297190472
"LOC107998933",8429.4395951344
"LOC133667071",6515.70099033512
"LOC107998930",104061.198193897
"LOC107998936",588.589837929008
"LOC107998937",17529.8869002003
"LOC133667073",6576.22552818582
"LOC133667072",8093.69556387469
"LOC107998372",159795.906394237
"LOC107998373",6768.00022532612
"LOC107998371",109776.184446242
"LOC107998390",51368.7938723582
"LOC107998385",1002.2444847566
"LOC107998386",873.503447724529
"LOC107998396",50402.460065954
"LOC107998397",71758.6368660992
"LOC133667074",8255.19597621677
"LOC107998395",25444.9723748686
"LOC107998398",18527.0344604066
"LOC107998402",9323.8450247931
"LOC107998347",999.060078448537
"LOC107998365",50603.2346059468
"LOC107998364",61687.1401887671
"LOC107998346",39930.0777254193
"LOC107998401",3772.64507535234
"LOC107998359",608.829643626106
"LOC107998374",1810.99406244545
"LOC107998375",266488.818842809
"LOC114577623",1734.95690657027
"LOC107998377",2282.68729082617
"LOC114577622",2650.58281106385
"LOC107998400",40432.809279948
"LOC114577616",10884.6837036103
"LOC107998379",169626.873912283
"LOC107998380",347.866170819843
"LOC107998355",6521.37654944039
"LOC107998383",55445.687397812
"LOC107998384",45331.521970937
"LOC107998352",26513.7285706112
"LOC107998353",45451.3859129266
"LOC107998381",111658.081414287
"LOC133667078",2880.42890628162
"LOC107998354",36731.1872636938
"LOC107998392",39220.5050910963
"LOC107998394",63991.1835125571
"LOC107998393",12431.5550622383
"LOC107998360",25149.5091309348
"LOC133667077",1148.22552653484
"LOC107998362",43719.0118610149
"LOC107998382",25307.788594604
"LOC107998351",32323.0788196173
"LOC107998391",84630.3412704729
"LOC107998358",23703.4859259149
"LOC107998349",29667.2724954907
"LOC107998350",34905.7975102683
"LOC107998368",57317.7836238106
"LOC107998369",42700.629893574
"LOC107998370",4458.24417250653
"LOC107998399",230334.842327037
"LOC107995720",294962.161897138
"LOC107995721",10872.9050708035
"LOC107993259",11149.2183696323
"LOC133667079",630.004805175953
"LOC107993957",43316.8316749422
"LOC107993955",39432.3015417164
"LOC107993971",28407.1224426576
"LOC107993972",43504.5490818591
"LOC107993969",31755.3851731151
"LOC107993970",52069.9249631722
"LOC107993968",33558.7969531469
"LOC107993976",55875.6775439711
"LOC107993977",61021.4015063311
"LOC107993975",58260.8416719072
"LOC107993973",26853.0934657498
"LOC107993978",2145.38442186688
"LOC107993961",25933.3235077094
"LOC107993964",72351.7370286456
"LOC133667081",342.98928442682
"LOC107993966",9661.15387148096
"LOC108003717",84039.6730876302
"LOC133667082",13903.8041251952
"LOC108003708",14168.3004892212
"LOC107998413",214460.438461669
"LOC108003715",1510.06430875064
"LOC108003707",94783.8594243029
"LOC108003709",30764.183499747
"LOC108003716",31447.0947494472
"LOC108003724",23876.0813489409
"LOC108003710",1070.707661003
"LOC108003721",73633.5010352575
"LOC108003725",36106.2310258596
"LOC108003711",76031.3562759114
"LOC108003713",91515.3437910446
"LOC133667042",5614.49863996768
"LOC108003719",43466.9555256801
"LOC108003720",50074.4640207205
"LOC108003722",15985.7506888117
"LOC107996149",51298.112419472
"LOC107996151",75333.8224986393
"LOC133667180",2142.03131161017
"LOC133667186",167547.03882832
"LOC133667187",8617.08836729774
"LOC133667184",23825.0165394661
"LOC107993987",839.435976197177
"LOC107993985",56066.4961174274
"LOC107993986",44187.6482935831
"LOC133667182",1767.6898264113
"LOC133667183",2921.89150759258
"LOC133667185",399.881632062999
"LOC107996046",26601.9292728434
"LOC108004383",12139.9527880879
"LOC107996954",49801.5278291721
"LOC107996958",19618.4957328935
"LOC114577414",19563.3235726779
"LOC107996951",55033.3074538044
"LOC133667188",26513.6110396236
"LOC133667189",6015.73606737109
"LOC133667190",7357.89610587151
"LOC107996985",39755.6086906851
"LOC114577415",31129.3550069529
"LOC107996983",3609.44080740456
"LOC107996950",6105.01940127732
"LOC107996987",50030.5484750104
"LOC107996946",1000.68927763021
"LOC114577416",19837.7488804723
"LOC107996991",4208.99749867408
"LOC107996965",1058.09183929774
"LOC107996989",84459.8180930731
"LOC133667139",2739.06073838588
"LOC107996972",49222.8712663281
"LOC114577413",9908.8780988077
"LOC133667138",10072.1570420688
"LOC107996971",59562.3030533809
"LOC107996995",16984.264753683
"LOC107996996",28184.3444663559
"LOC107996988",25601.9608624717
"LOC107996982",60352.0350193135
"LOC107996959",41939.604254141
"LOC107996994",1425.34783477877
"LOC107996993",56747.8241480127
"LOC107996970",66499.1428336115
"LOC107996968",30009.2796427958
"LOC107996957",16608.614945591
"LOC107996960",39621.0091119894
"LOC107996943",31455.5518997459
"LOC107996942",2282.08171903318
"LOC114578127",429.520422574025
"LOC108002669",2102.73032127716
"LOC108002642",97000.5440801051
"LOC108002620",42196.2837286728
"LOC108002671",50571.0149633648
"LOC114578129",1027.77894588637
"LOC108002614",57685.0850635269
"LOC133667142",65056.0837622504
"LOC108002651",40555.0956279427
"LOC108002660",8984.68353206054
"LOC108002661",43903.7092245723
"LOC108002662",10913.9644139236
"LOC108002625",588.894242758195
"LOC108002676",4913.21030148935
"LOC108002646",47388.359024508
"LOC108002647",58090.8356253521
"LOC108002648",49326.5787612003
"LOC108002650",38340.05186027
"LOC108002649",25479.6157279999
"LOC108002675",40674.5571600976
"LOC133667222",715.058353787228
"LOC108002653",709.433029381153
"LOC108002654",17316.749738683
"LOC108002655",10278.0379859603
"LOC108002652",25109.3824657249
"LOC108002617",44746.1358863958
"LOC107997153",39514.4511741909
"LOC133667149",10050.4839410933
"LOC133667147",699.532704118697
"LOC133667144",7336.54809359841
"LOC114578124",70402.8850572042
"LOC108002665",50088.7431069972
"LOC108002664",38067.996595204
"LOC108002612",16450.9003997245
"LOC108002626",14472.2915767636
"LOC108002627",2249.61098110443
"LOC108002628",1318.21870374682
"LOC108002622",899.532295277128
"LOC108002619",26641.2359590888
"LOC108002659",7145.48959505125
"LOC108002658",11462.3219153492
"LOC108002616",56471.3124080435
"LOC108002667",41900.1071635972
"LOC108002615",37067.3733168211
"LOC108002656",62024.6234459357
"LOC108002657",4694.62712570295
"LOC108002635",34639.4408044278
"LOC108002634",71303.6750090735
"LOC108002633",54255.4927947646
"LOC108002631",18251.9915099885
"LOC108002638",45690.958795671
"LOC108002639",3087.85649101455
"LOC108002674",7793.23451586782
"LOC108002672",4207.04235939191
"LOC108002621",1417.18742953137
"LOC108002630",745.238238591208
"LOC108002644",47449.3687129434
"LOC108002643",38059.2625226325
"LOC108002645",35759.1675134831
"LOC133667152",32239.6481656019
"LOC108002666",110796.975501777
"LOC108002668",39519.156624106
"LOC108002623",8233.21509657364
"LOC107997151",46392.2689979593
"LOC133667153",5288.36390077025
"LOC107998831",1623.06542296552
"LOC107998830",42170.1091846587
"LOC107998832",574581.214616529
"LOC107998833",4016.12002207152
"LOC107998782",339979.786291227
"LOC114576750",120117.100972488
"LOC133667155",17685.5275900143
"LOC107998829",12635.4799109824
"LOC107998828",11777.1817271416
"LOC107998789",44807.2710442998
"LOC107998859",38076.066812209
"LOC107998858",60662.0840098937
"LOC107998785",35018.3664432731
"LOC107999682",44086.4136595058
"LOC107999688",39965.9368845174
"LOC107998848",55800.8254698635
"LOC107998854",29843.3396539477
"LOC107998855",13313.0759781262
"LOC107998853",27412.6802119786
"LOC107998842",42238.820428309
"LOC107998781",55486.8476980067
"LOC107998812",24131.7506798501
"LOC107999186",54011.8588364428
"LOC107998779",66265.8287307047
"LOC114577671",18522.7139774854
"LOC107998818",316.938964249665
"LOC107998816",5772.5848303019
"LOC107998817",50855.1824198766
"LOC107998820",2709.76664382905
"LOC107998814",46787.5028218934
"LOC107998819",61724.4092451337
"LOC133665626",2319.13756198021
"LOC107998792",3912.77533347834
"LOC107998777",322.491605024239
"LOC133667178",792.520268687069
"LOC107998860",33683.2906989692
"LOC107998809",2510.8736349053
"LOC107998808",1353.69453270004
"LOC107998806",51923.071107701
"LOC107998776",24962.7894634225
"LOC107998807",39626.2413125368
"LOC107998810",10798.4224391463
"LOC107998804",685258.830804912
"LOC107998805",38880.2731390771
"LOC107998802",16392.1377875473
"LOC133667156",3044.07552682106
"LOC107998846",12666.5978115843
"LOC107998847",61906.4314295021
"LOC133667157",8514.39610536918
"LOC107998790",42047.0463225456
"LOC107998839",82153.0570540775
"LOC107998838",61314.5560003344
"LOC133667159",1445.57757564948
"LOC107998836",54724.3554585329
"LOC107998837",51379.2935048342
"LOC133667158",2643.72387606583
"LOC133667160",3612.71440622002
"LOC107998845",12135.4656147851
"LOC107998799",84698.4711588442
"LOC107998800",27985.3381216201
"LOC107998795",86689.3568664077
"LOC107998798",57656.177132058
"LOC107998797",12287.2964088365
"LOC107998822",8415.05657436939
"LOC107998825",39716.4894214225
"LOC107998821",59391.4152443605
"LOC114577681",202758.624009386
"LOC107998826",1749.62217335743
"LOC107998775",361595.612889529
"LOC107998784",43333.2672153848
"LOC107998857",3256.65133189893
"LOC107998791",31865.6532300555
"LOC107998843",45752.4993726651
"LOC107998844",3811.32177873335
"LOC107998851",1776.30491148795
"LOC107998850",8280.23079375428
"LOC107998852",16403.8381463172
"LOC107998794",21533.7220490133
"LOC133667161",720.622932305063
"LOC107998774",514.925490623048
"LOC133667221",698.654580751411
"LOC107998834",100152.83765039
"LOC107998835",53122.7503979078
"LOC107998856",450314.568142239
"LOC114577673",13554.8926632317
"LOC107998773",7158.89004419964
"LOC107993413",586.500682705316
"LOC107993414",3696.2213647809
"LOC107993412",71207.482782298
"LOC107993390",22435.7545424839
"LOC107993408",2676.8690588717
"LOC107993415",49458.8971191139
"LOC107993416",53587.5533207934
"LOC107993404",29878.6748642237
"LOC107993419",9021.07870573028
"LOC107993417",1576.92682521318
"LOC107993395",34030.9282015614
"LOC107993394",25572.4042816103
"LOC107993398",38361.2511612639
"LOC107993396",42706.4864387738
"LOC107993402",64679.6702129813
"LOC107993399",383386.935027093
"LOC107993401",40259.7144507035
"LOC107993400",25271.3051269998
"LOC107997472",244736.400458446
"LOC107997471",26628.3441044659
"LOC108000190",5477.61419221479
"LOC108000212",37447.9154198621
"LOC108000184",26736.5227338822
"LOC108000183",170282.025290402
"LOC108000185",42369.9593593027
"LOC114577831",14981.2522494489
"LOC108000177",4553.43438784906
"LOC108000170",7393.87319958808
"LOC108000168",92582.4604045982
"LOC108000172",331447.752489523
"LOC108000171",6305.32269204474
"LOC133667165",3848.65797481781
"LOC108000176",154645.195650541
"LOC108000173",3400.37366615799
"LOC108000175",46805.5566320427
"LOC114577832",29315.5180978014
"LOC108000204",39961.5418451644
"LOC108000166",17950.6895452922
"LOC108000215",2537.84202553425
"LOC108000201",136018.05385653
"LOC108000210",35939.146436399
"LOC108000209",19387.5117223422
"LOC108000196",65258.4897694998
"LOC108000197",1838.57827050632
"LOC133667168",933.330520918601
"LOC108000200",4229.35627267299
"LOC108000214",65645.7793018973
"LOC107995470",17184.0693201465
"LOC108000186",36540.654055362
"LOC108000208",48131.9442120437
"LOC108000206",28951.4785887586
"LOC108000207",51948.0910786708
"LOC108000193",777964.227869496
"LOC108000192",151384.905317809
"LOC108000194",29701.8793888367
"LOC108000195",60832.1282308172
"LOC108000203",12351.7572893805
"LOC107996214",208264.434694136
"LOC107996233",1764.85147614921
"LOC107996175",21005.3015825532
"LOC107996172",48018.0713013943
"LOC107996173",58112.7515473925
"LOC107996171",85742.1617106409
"LOC107996174",1301.56526259304
"LOC107996170",1576.40116194219
"LOC107996165",1715.87517929092
"LOC114577315",6757.1334302615
"LOC107996167",19333.7396298611
"LOC107996164",148800.314476527
"LOC107996166",11892.1536490868
"LOC133667170",14621.5814635411
"LOC107996185",144617.144461662
"LOC133667171",8368.93244033294
"LOC107996186",653668.84267804
"LOC107996187",95607.533220089
"LOC133667172",335.090724070332
"LOC107996208",2537.32850812557
"LOC107996203",25058.3139055478
"LOC107996206",38615.115046734
"LOC107996204",3275.55944586003
"LOC133667173",2552.87765461838
"LOC107996179",566.754235334133
"LOC107996177",8556.97941371487
"LOC107996176",4037.28171057716
"LOC107996223",991895.611800805
"LOC133667174",2430.9482045208
"LOC107996228",60354.3756975348
"LOC114577308",855.402054538898
"LOC107996218",85300.5206072022
"LOC107996182",11870.5646131824
"LOC133667148",2541.90073469194
"LOC107996231",39039.54666011
"LOC107996230",5506.37339754452
"LOC107996201",44190.0583598505
"LOC107996232",56976.9431429463
"LOC107993948",34533.5378391886
"LOC107996200",5424.42398737155
"LOC107996202",24596.2621264872
"LOC107996162",131739.71827917
"LOC107996211",48335.5799100322
"LOC107996212",32844.6890712532
"LOC107996217",54825.6233410431
"LOC107996221",16233.1299659364
"LOC107996220",25586.1279590265
"LOC107996219",13988.375133867
"LOC107996161",458.152716818002
"LOC107996183",17099.4943671034
"LOC107996178",5909.15977039033
"LOC114577309",15555.9375824645
"LOC107996213",91973.8557090332
"LOC114577311",652.321799177054
"LOC107996226",4611.03387330848
"LOC107996225",37041.7766325695
"LOC107996224",19793.797390942
"LOC107996199",5648.65929333977
"LOC133667175",7020.4839700831
"LOC107996198",57395.0144427014
"LOC107996196",20201.7742192101
"LOC107996190",53055.5142497473
"LOC107996189",53727.2085316541
"LOC107996191",2756.7141144315
"LOC107996193",43090.8742574605
"LOC107996194",83431.2154464009
"LOC107996192",391200.795621151
"LOC133667176",3121.96699900482
"LOC108004041",839.226271691989
"LOC108004040",2018.55677835586
"LOC107997150",301824.689155977
"LOC108003984",1716.70796441229
"LOC108003986",493.779547905051
"LOC108004029",124231.140340891
"LOC108004018",18536.5537601709
"LOC108004017",78747.0018019051
"LOC133667216",1094.6321236802
"LOC108004019",321.689321917826
"LOC133667219",606.7950643203
"LOC114578275",1188.87610437852
"LOC133667217",935.502820865834
"LOC108004052",37994.9924965357
"LOC133667197",34173.7763130268
"LOC108004053",41241.2191427783
"LOC108004051",38872.5822691755
"LOC108004045",1903.87844446004
"LOC108004046",1234.35869782966
"LOC108004033",6507.38673347514
"LOC114576757",4847.2279826961
"LOC108004035",21642.5137396577
"LOC108003978",39441.4453103059
"LOC108004025",57105.7598514834
"LOC108004026",38839.6094413174
"LOC108004003",187938.51015236
"LOC108004005",273375.911439449
"LOC114578286",959.54673887291
"LOC133667199",1400.57889345511
"LOC133667198",4190.96021037085
"LOC133667200",8556.16632850031
"LOC108004031",253425.741067662
"LOC133667201",1976.41138726106
"LOC108004030",1326.0413422733
"LOC108004028",5382.03470024511
"LOC108003973",194125.219933867
"LOC133667202",2538.57133740213
"LOC133667203",19871.0146378585
"LOC108003979",141428.766800979
"LOC108004039",47468.0460053713
"LOC108004014",61926.2385253126
"LOC108003982",17040.5623693652
"LOC108001133",55519.5749609118
"LOC108004032",138943.679301615
"LOC133667206",61294.7336420874
"LOC108003983",11687.5730891326
"LOC133667205",87307.5978475281
"LOC108003987",38761.3200325036
"LOC108003977",42924.8853603673
"LOC114578274",468.332290014536
"LOC108004044",454.703387406342
"LOC108004061",3767.9257109486
"LOC133667146",7722.45901599967
"LOC107999616",50715.0454889474
"LOC108004056",32687.56563187
"LOC108004055",13955.2149471757
"LOC108004011",67801.8230340659
"LOC108004013",1436.24650894623
"LOC133667145",15742.5704765484
"LOC108003971",248377.97912346
"LOC108004037",46138.3955905703
"LOC108004036",7240.99965076074
"LOC108004007",7202.95701443684
"LOC108004010",48375.2221312711
"LOC108004008",51318.1402085978
"LOC114578279",723.914109263009
"LOC108004002",80709.3828360632
"LOC114578280",5359.86283394818
"LOC114578281",2791.34141262492
"LOC108004058",3750.25729012562
"LOC108004043",15102.1175703065
"LOC108003997",681697.799188822
"LOC108004001",29551.3689957632
"LOC108004060",5036.53090558771
"LOC108003989",43201.1529229144
"LOC108004024",132452.308582135
"LOC114578273",623.462576015514
"LOC108004020",53216.8700291018
"LOC108004021",57211.4959294556
"LOC108003981",17697.2530879833
"LOC108003966",47971.7759857197
"LOC108003965",1246.88346874744
"LOC108003964",558.454698827003
"LOC108003976",23886.3732952604
"LOC108004054",3263.31494576047
"LOC133667209",479.683199666199
"LOC108004022",123386.46656093
"LOC108004016",59002.9785955225
"LOC108004048",104620.308578516
"LOC108004057",24671.2669869427
"LOC133667211",403.342955213636
"LOC133667212",1582.81715866411
"LOC108004042",63943.8756581356
"LOC114578283",414.39958593593
"LOC108003980",412.006264796991
"LOC108004027",67482.119787153
"LOC108004050",1042.10169693325
"LOC108004049",15439.3228275777
"LOC133667214",870.452898672045
"LOC108003985",262335.179986768
"LOC133667306",15424.8471817679
"LOC133667310",2253.08172213432
"LOC133667299",12443.2242619575
"LOC133667322",59669.6884883345
"LOC133667321",1643.60326237877
"LOC133667317",5788.88191884871
"LOC107992564",1269.82871901104
"LOC107992575",44737.6735974579
"LOC107992557",26725.6793621185
"LOC107993081",67165.0859910231
"LOC107992574",41630.2781305776
"LOC107992570",49602.4570820389
"LOC107992571",54990.2784901396
"LOC107992573",47348.2521944936
"LOC107992572",50950.8474378992
"LOC107992565",61240.5595695502
"LOC107992567",2041.12902869641
"LOC133667324",1631.17750423871
"LOC107992576",584.489244343269
"LOC107992560",2999.19972473478
"LOC107992561",49572.4207757022
"LOC107992569",42554.7813762993
"LOC107992568",39491.445992263
"LOC107992562",54882.9215917188
"LOC133667323",1504.68234146109
"LOC107992563",2862.64343377986
"LOC108001239",33871.4969208722
"LOC108001261",1142.32921395419
"LOC108001260",1116.17479942283
"LOC133667231",1079.96242306696
"LOC133667232",13889.3307966003
"LOC108004409",39626.217437276
"LOC114576790",3306.67476873818
"LOC108004399",54191.8824266412
"LOC133667227",28082.691303409
"LOC108004402",5255.43545843493
"LOC133667326",2169.77525363944
"LOC133667325",42988.5234799043
"LOC108004480",9862.69544531896
"LOC108004479",91760.7914418067
"LOC108004398",42987.159318113
"LOC108004469",45128.8392846045
"LOC108004457",47164.9728950143
"LOC108004458",11664.5387408231
"LOC108004456",48665.7288931792
"LOC108004401",45729.2145242368
"LOC108004397",173490.829502104
"LOC133667327",6331.20475538709
"LOC133667318",1585.48826079101
"LOC108004447",4523.01622760868
"LOC133667328",1586.88962938397
"LOC114576785",1212.79367659723
"LOC108004448",27168.6281091656
"LOC108004443",35619.9632575084
"LOC108004446",19471.022988762
"LOC108004417",1455.2526034201
"LOC108004435",65981.0194709508
"LOC108004436",25603.6874810442
"LOC108004437",70141.4398780093
"LOC108004433",43361.1837203464
"LOC108004429",55365.8502577045
"LOC108004427",62476.3295769086
"LOC108004428",40143.593051032
"LOC108004430",47323.1905415476
"LOC108004419",1011.70266459453
"LOC108004415",1213.63196279592
"LOC108004463",66327.0514109344
"LOC108004462",54430.7572209098
"LOC108004455",39640.828119747
"LOC108004454",46061.1480470657
"LOC108002462",19026.4275603943
"LOC108004431",157708.780296583
"LOC133667331",6972.75013204828
"LOC108004432",2979.47061164227
"LOC108004408",25722.2205544196
"LOC108004413",61022.3989183255
"LOC108004473",56906.7077722645
"LOC108004471",63965.2627173604
"LOC133667329",47567.2709899265
"LOC108004441",203069.059891915
"LOC133667330",59651.8727914335
"LOC108004449",51754.3412242752
"LOC108004424",180347.425008477
"LOC108004423",9362.9140056253
"LOC133665613",35561.9985699728
"LOC108004395",32080.5244800104
"LOC108004482",35205.4235526368
"LOC108004460",13095.0783470034
"LOC108004461",2381.77585544976
"LOC108004440",80654.8973699473
"LOC108004439",31745.3564977065
"LOC114576782",4512.84186278127
"LOC114576783",44916.8777591121
"LOC108004438",28810.4453398928
"LOC133667334",1431.34666412295
"LOC108004474",1185.95483725695
"LOC108004403",32614.4913335548
"LOC108004404",44544.1539006238
"LOC108004470",31879.2253062142
"LOC108004468",45828.0666541969
"LOC108004467",59646.1166723551
"LOC108004464",73444.6912760597
"LOC108004466",11038.3497729525
"LOC114576802",12917.5064928273
"LOC108004481",83324.6440998717
"LOC108004412",38188.2697518734
"LOC108004450",57402.7528071774
"LOC108004407",40259.3068155064
"LOC108004477",3608.52817680788
"LOC108004483",2559.99690023268
"LOC108004451",35262.4681339407
"LOC108004418",360.72312307976
"LOC108004405",712.921090390926
"LOC108004390",3758.9631593618
"LOC108004386",603.064676862752
"LOC114576789",1690.7525259013
"LOC108004476",38202.458942171
"LOC107994654",136575.19799359
"LOC108004475",30217.091097873
"LOC133667338",42971.0665013929
"LOC114576791",2711.77548815695
"LOC133667312",1537.50916940791
"LOC107995466",641.247193372475
"LOC108003176",429805.944907431
"LOC108003164",124808.097558535
"LOC108003179",74189.957455691
"LOC108003163",7753.04763166986
"LOC133667339",507.988817535693
"LOC108003177",51108.7657631127
"LOC108003161",40805.3844245666
"LOC108003165",37310.0511476469
"LOC108003181",21148.0404518632
"LOC108003182",18688.5493286184
"LOC133667344",2846.68928594804
"LOC108003180",64054.6386065977
"LOC108003162",39112.1821546307
"LOC108003178",58701.0007057891
"LOC108003167",51590.3351707145
"LOC108003170",60809.3773973107
"LOC108003168",826.761227284884
"LOC108003173",3978.98324106465
"LOC133665624",775.43145673185
"LOC108003169",854.645014723529
"LOC133667342",832.505370052544
"LOC133667345",1098.04010484543
"LOC133667346",1131.23883352216
"LOC108003171",368289.982546256
"LOC133667348",1627.22779661191
"LOC108003175",12634.8426482822
"LOC133667349",5880.30801777042
"LOC133667341",526.957705257662
"LOC133667340",1431.68540571923
"LOC107992930",1503.11102471595
"LOC108000921",207121.104479067
"LOC114576878",17917.6550978065
"LOC114576877",60996.6819679661
"LOC107992927",209232.971067169
"LOC133667228",3069.82639766496
"LOC108003143",1392.79211744125
"LOC108003135",78285.7226514593
"LOC108003125",36927.1592015487
"LOC108001045",19872.9712383894
"LOC108003126",821.172120618679
"LOC108003101",11047.3704827302
"LOC108003117",26402.949024809
"LOC108003124",4281.35477455375
"LOC108003118",22190.8041808371
"LOC108003120",9679.07781035624
"LOC108003100",50274.916773883
"LOC108003113",73489.5299863759
"LOC108003098",12502.7309054927
"LOC108003141",22756.7094593903
"LOC108003146",128384.17649005
"LOC108003112",116873.49007458
"LOC108003152",156079.664754151
"LOC108003932",5403.66720148433
"LOC133667237",69973.6124241501
"LOC108003139",56768.468417635
"LOC108003137",24420.0734073765
"LOC108003136",53131.4799916277
"LOC108003107",62596.7162023109
"LOC108003149",50304.62295355
"LOC108003148",22777.7134648817
"LOC108003108",5951.05591449453
"LOC108003134",47400.3340339916
"LOC108003132",31256.0319944383
"LOC108003133",41974.5550494168
"LOC133667313",8326.93558530281
"LOC108003104",37053.2946072236
"LOC108003103",32187.8459431723
"LOC108003130",68235.1934295818
"LOC108003131",50183.4149880082
"LOC108003129",34523.7088479883
"LOC133667238",3165.25583218194
"LOC108003128",73368.8146258486
"LOC108003145",45925.9409132712
"LOC108003105",64829.0276751062
"LOC108003102",33123.7672049401
"LOC108003140",59167.9704402874
"LOC108003094",8178.1953834603
"LOC108003151",69568.1131004337
"LOC108003150",37022.0257269667
"LOC108002260",34250.3755213046
"LOC108002261",49923.9824061808
"LOC107999233",39250.811816197
"LOC107999223",13768.1377365294
"LOC107999206",24173.716879387
"LOC107995610",53137.0541150706
"LOC107995612",74754.0981723033
"LOC107995607",54775.7101386567
"LOC107995608",1243.42079020259
"LOC107995605",41994.5436906216
"LOC107995604",23762.7742439027
"LOC107995600",79537.2669114703
"LOC133667240",12887.1596937443
"LOC107995603",14115.1093351985
"LOC107995601",63699.3895755508
"LOC107995602",41412.2850836611
"LOC107995609",279102.527963027
"LOC107995472",58776.626120968
"LOC107995474",47884.8628491304
"LOC107995473",18851.3238473548
"LOC107995476",56239.9200801676
"LOC107995478",35297.3575537958
"LOC107995482",35285.4408303673
"LOC107995479",99215.6371175598
"LOC107995481",1585.19290248312
"LOC133667245",10446.516650457
"LOC133667243",4076.85571705436
"LOC133667244",681.10672279656
"LOC133667241",4147.40901633393
"LOC133667316",6754.47522867813
"LOC133667302",6740.5096672684
"LOC107995410",66261.2389300354
"LOC107995424",51031.2200352863
"LOC107995426",62559.924697371
"LOC107995418",44893.0250207447
"LOC107995417",54992.4429137921
"LOC107995423",39149.9133282658
"LOC107995408",3427.97611749181
"LOC133667246",712.226706955727
"LOC107995422",86121.240719391
"LOC133665629",4289.73057569741
"LOC107995411",13475.2310360336
"LOC107995409",30851.0678346692
"LOC133667320",528.993245264019
"LOC107995420",191274.661062445
"LOC107995421",40309.3522006995
"LOC107995414",37577.8308109776
"LOC107995415",29531.4523128924
"LOC107995416",35392.5313688648
"LOC107995407",17514.3055536515
"LOC107995412",66724.9445230849
"LOC133667247",3155.0364322334
"LOC107995427",57408.280915473
"LOC133667314",4030.90436396359
"LOC133667250",2924.12611060906
"LOC108004147",72613.8058797152
"LOC133667251",1220.17534940556
"LOC108004132",92335.4941680522
"LOC108004134",2517.95429567081
"LOC133667252",2969.60672179453
"LOC108004131",1873.67111759321
"LOC114578299",3657.4984425723
"LOC108004120",30318.329052091
"LOC133667253",821.082518590547
"LOC108004127",1817.51590031095
"LOC108004123",672.733265245971
"LOC133667249",15992.8329557881
"LOC108004124",1880.23853312009
"LOC108004121",56135.4319351388
"LOC108003159",832.4302043526
"LOC108004129",25161.3046727342
"LOC108004149",42766.9013203208
"LOC108004139",73384.0349406064
"LOC108004138",64675.4538643332
"LOC108004128",11026.7564906859
"LOC108004144",41944.127876119
"LOC107993316",49239.7853727859
"LOC108004146",5955.3412572288
"LOC108004145",45323.0588298395
"LOC108004140",29659.2202491437
"LOC108004142",654.74055229338
"LOC108004137",575.067677943835
"LOC108004136",4051.65321376101
"LOC108004135",56635.3382875796
"LOC133667300",9079.10730118601
"LOC108004150",4357.72727822099
"LOC108000705",539514.105369851
"LOC108000647",49896.2661740045
"LOC108000643",48941.2898963572
"LOC133667254",13311.5717466323
"LOC108000641",49780.4431214125
"LOC108000648",7566.24889713587
"LOC108000645",36499.9987320016
"LOC108000634",60870.8240764809
"LOC108000639",1470.56094123384
"LOC108000632",6289.70591694669
"LOC108000687",5831.09645028825
"LOC108000624",33713.9405786548
"LOC108000665",864.030301886063
"LOC108000664",94011.8055997748
"LOC108000671",458.277857518513
"LOC108000672",28445.674243916
"LOC108000670",54463.4165257512
"LOC108000690",51758.6027383991
"LOC108000625",30769.2559261321
"LOC108000668",84610.3022837602
"LOC108000688",61621.3142834671
"LOC108000660",56769.3285770316
"LOC108000659",85589.073741029
"LOC108000703",46938.5872962785
"LOC108000633",53405.8501028059
"LOC108000663",78251.1856707959
"LOC133667256",4666.04881729725
"LOC108000637",18010.4576435989
"LOC108000700",41851.1534881382
"LOC108000627",27012.7452020964
"LOC108000656",60787.9269883859
"LOC108000658",34116.5018774149
"LOC133667257",11023.458703329
"LOC108000657",41388.6943371451
"LOC108000674",36178.9960682779
"LOC108000673",7441.6024703542
"LOC114577914",46289.6654490944
"LOC108000635",52756.0660330404
"LOC108000619",61983.3275856632
"LOC108000699",4511.16335471463
"LOC108000675",66979.9267404135
"LOC108000662",54685.6286820297
"LOC108000661",49728.8381558973
"LOC133667259",968.909456075707
"LOC108000626",47451.0236008941
"LOC108000706",44096.9274024615
"LOC108000707",36078.3707598318
"LOC108000694",29853.5023437887
"LOC133667258",694.639817898156
"LOC108000636",44700.6874837294
"LOC108000629",45326.4076653267
"LOC108000695",15432.0665196588
"LOC114577912",6970.94120417164
"LOC108000666",46575.4739334169
"LOC108000667",40627.0836416767
"LOC133667261",1878.18956594479
"LOC108000628",48052.8219751181
"LOC108000681",45761.8795420989
"LOC108000683",32722.0372807618
"LOC108000682",30167.9022964035
"LOC108000652",70780.2641572962
"LOC133667260",7856.01725888666
"LOC108000649",66156.2970439538
"LOC108000654",61703.9894171723
"LOC108000631",55108.6487138656
"LOC108000702",42788.0430246671
"LOC108000701",14173.1896348143
"LOC108000679",48118.2222531333
"LOC108000678",38416.1191532398
"LOC108000680",24419.3805774148
"LOC108000676",35268.9568797884
"LOC108000677",44762.9695470263
"LOC108000620",16980.2349353277
"LOC108000709",26542.1573917255
"LOC108000708",3351.01053139821
"LOC108000693",22921.1451259421
"LOC108000692",40280.2654681423
"LOC108000691",50727.9301280215
"LOC108000638",20935.1283698714
"LOC108000684",53356.4779648035
"LOC114577337",230170.829385067
"LOC107998758",39528.8692986814
"LOC107998759",36154.3426509838
"LOC114577667",38132.2857420956
"LOC107998765",34429.2887458707
"LOC107998665",60612.7178899669
"LOC107998747",7771.25706438435
"LOC107998656",2518.06688970184
"LOC107998692",7055.42734814239
"LOC107998693",116994.144978194
"LOC107998655",393489.054149309
"LOC107998653",2352.94390654319
"LOC133667262",1972.14229414981
"LOC107998681",1273.17961525509
"LOC107998686",846.15496408499
"LOC133667263",510.190406241543
"LOC133667264",1362.29805421762
"LOC107998683",39536.1803855457
"LOC107998684",47655.2509658486
"LOC107998687",6215.30658903998
"LOC107998680",40879.441519113
"LOC107998682",24002.6530301381
"LOC107998728",48134.0144198331
"LOC107998660",21339.6469943789
"LOC114577652",5090.85668357747
"LOC107998743",3664.68453684995
"LOC107998649",21796.3103572846
"LOC107998666",1125.3837193397
"LOC107998712",45634.9212953736
"LOC107998710",15028.003946066
"LOC133667235",460.472118162449
"LOC107998711",24932.8974867717
"LOC107998749",45452.0089254359
"LOC107998648",4686.58780281704
"LOC114576875",4490.37233543531
"LOC133667301",681.836073297845
"LOC114577662",397.067351839843
"LOC107998647",625.071754710052
"LOC107998677",48612.8171829761
"LOC107998676",37087.8064003288
"LOC107998678",29664.7106119568
"LOC107998679",40060.1059105564
"LOC107998674",111975.760179268
"LOC107998766",10822.5546702526
"LOC107998700",88977.9314600837
"LOC133667267",2076.73247769475
"LOC107998701",41589.1636132257
"LOC107998703",41638.8473411531
"LOC107998702",19304.4057146562
"LOC107998763",37329.2603516161
"LOC107998746",95549.4352632376
"LOC107998672",24639.0748141106
"LOC107998671",44137.2657082128
"LOC107998669",14401.8587613904
"LOC107998668",6063.6214582079
"LOC107998663",835.08875921079
"LOC114577654",1566.87032932337
"LOC107998708",47149.0669358674
"LOC107998709",81040.290446341
"LOC133667271",1719.37272264204
"LOC107998704",19056.9034825903
"LOC107998707",16554.3514531536
"LOC133667269",6322.18869880599
"LOC107998705",41399.3917790139
"LOC107998748",34133.1445510436
"LOC107998740",36792.5429097398
"LOC133667270",1719.64809380874
"LOC114577659",448.710731986759
"LOC107998737",54354.9436852064
"LOC107998736",53761.808428304
"LOC107998738",69488.4278813942
"LOC107998735",33675.5045649943
"LOC133667272",7673.35350232408
"LOC107998757",58483.5985796845
"LOC107998745",54364.3663913361
"LOC107998744",56285.3534021187
"LOC107998659",54405.2559739068
"LOC107998698",83657.1834191023
"LOC133667273",6355.2160721055
"LOC107998695",9669.08782989638
"LOC107998762",29860.0059673234
"LOC107998761",37308.0468657492
"LOC107998750",61357.1376430241
"LOC107998752",34113.5387771692
"LOC107998664",35079.0630875307
"LOC107998646",4874.21973992618
"LOC107998730",46774.0606194671
"LOC107998732",45548.5509607216
"LOC107998731",36839.1519660937
"LOC107998729",55190.1036461033
"LOC107998714",43771.8323308838
"LOC107998715",10383.4130668122
"LOC107998716",18094.972582615
"LOC107992917",62321.7021528427
"LOC133667274",1547.92739875587
"LOC107998726",37854.048589044
"LOC107998725",32718.9176678149
"LOC107998722",9211.97387328257
"LOC107998727",110246.552515872
"LOC107998661",64936.6602974446
"LOC107998718",201743.516568936
"LOC107998756",51458.2478082193
"LOC108000158",12362.0087127787
"LOC107998755",19772.2342154574
"LOC107998753",37163.0098422514
"LOC107998734",14011.9790745847
"LOC107998657",60232.2819344588
"LOC107998658",43286.4038014259
"LOC107998719",49864.3941042854
"LOC107998720",4345.68979158838
"LOC107998721",18543.4931403606
"LOC107993293",15668.1548528279
"LOC108003702",8220.21089646653
"LOC107998689",44194.4355960031
"LOC107998691",58093.4848410431
"LOC107998690",10148.040327052
"LOC107998760",50711.3733468056
"LOC107998754",114951.966812161
"LOC108001011",12863.5258203876
"LOC108001001",40148.4800853807
"LOC108001000",29788.5139185096
"LOC108000998",311832.869886213
"LOC108000999",21787.698095469
"LOC133667275",701.097244803564
"LOC108001038",67977.7688027255
"LOC108000991",57032.8000294165
"LOC108000989",1949.83914685957
"LOC108000990",15873.5407787831
"LOC108000993",43882.0949271403
"LOC133667276",3611.03036932
"LOC108001042",70177.5866319933
"LOC108001029",27442.7631720665
"LOC108001030",33766.554342137
"LOC133665610",2257.6821560446
"LOC108001028",5002.51992221109
"LOC108001018",61423.1989430934
"LOC107993998",30848.8544844261
"LOC108001008",28914.3178667625
"LOC107998606",99840.2483863623
"LOC108001033",6355.74395010407
"LOC108001036",12134.771364091
"LOC108001037",53151.6698186744
"LOC108001034",46247.0733916534
"LOC108001035",48885.9552485355
"LOC108000962",40415.86135334
"LOC108000960",26345.6458423394
"LOC108000961",59321.4364750257
"LOC133665641",53901.3059036428
"LOC108000956",30209.226718363
"LOC108001025",42753.1012702248
"LOC108001024",1982.73307584674
"LOC108001023",22436.9509158494
"LOC108001022",52214.3435455671
"LOC108000970",71040.809592871
"LOC108000978",55001.0854724066
"LOC108000974",76125.4385912754
"LOC108000979",45032.2625350255
"LOC108000971",37994.755612977
"LOC108000976",5704.65700260281
"LOC108000972",52111.7573233689
"LOC108000957",5845.85453693363
"LOC108001041",38658.8792055735
"LOC108000964",50378.8742607125
"LOC108000968",750.137432930116
"LOC108001031",50933.1244184475
"LOC133667277",4587.95981592465
"LOC108001032",30272.2304772408
"LOC108001012",20912.473089828
"LOC114577935",4628.68085770296
"LOC108000995",172300.904594144
"LOC108000994",47569.1239288432
"LOC108000997",2557.98780320729
"LOC133667278",10753.1631189483
"LOC108001014",33182.0367663989
"LOC108001016",8060.28006880482
"LOC108001013",42818.2694993363
"LOC108001017",45400.5388364493
"LOC108000958",14709.5356329616
"LOC108000959",31424.0152033823
"LOC108001040",4578.07928364931
"LOC108000966",56376.7056854179
"LOC108001021",56461.6946192103
"LOC108001004",61780.4264896803
"LOC108000963",47025.7018498089
"LOC108001026",12372.765819971
"LOC108000985",48464.2081751543
"LOC108000983",49392.769488755
"LOC108000986",56747.6501910518
"LOC108000984",35657.9649159326
"LOC108000980",47306.9599022639
"LOC108000987",147314.872411386
"LOC108000982",2332.8139023577
"LOC108001005",55053.0047703806
"LOC108001006",30295.125730455
"LOC108001039",48469.7139552729
"LOC133667280",789.118151818061
"LOC133667283",5991.71689697683
"LOC107994525",1947.02962696627
"LOC107999833",254804.396752623
"LOC133667281",133967.200944648
"LOC114577805",584.245510580693
"LOC114577810",419.832299954766
"LOC107999913",3453.14680258474
"LOC114577809",56328.4213980552
"LOC107999834",6103.10412491938
"LOC107999892",2898.68706455051
"LOC107999893",22910.1731031154
"LOC107999915",683.792742826616
"LOC107999839",549.461435297086
"LOC107999910",5678.44513051879
"LOC107999835",7238.08636877716
"LOC107999908",42399.6912034357
"LOC107999902",23694.7487638878
"LOC107999903",4466.88362448515
"LOC107999901",44670.6214112091
"LOC107999900",17556.7246846757
"LOC133667287",2869.5783985694
"LOC107999904",83619.8776644836
"LOC107999871",56441.5038791001
"LOC107999872",6395.47646182193
"LOC107999869",42980.6410265606
"LOC107999870",75470.5440972941
"LOC107999868",61945.7212509455
"LOC107999873",93834.6639772695
"LOC107999874",54692.6799444766
"LOC107999905",49742.3845190298
"LOC133667285",5491.83718847837
"LOC107999838",38381.4764437424
"LOC107999878",60317.458011416
"LOC107999881",1176.12751694279
"LOC133667290",2778.872457093
"LOC107999879",1715.43561044931
"LOC133667291",4478.34024166892
"LOC133667289",6549.25580381435
"LOC107999884",1621.35672278389
"LOC107999916",183275.016751109
"LOC108003226",72047.0332833308
"LOC107993580",50861.8773099149
"LOC107999896",58808.5098710896
"LOC107999899",57708.2324440147
"LOC107999887",35705.4258568017
"LOC107999888",37860.416996044
"LOC107999886",287364.337716824
"LOC107994056",3860.40182393949
"LOC107999890",141256.99505454
"LOC133667292",1589.21497432138
"LOC107999889",1444.58402870231
"LOC107999877",210706.564800835
"LOC114577808",1924.68861569107
"LOC133667303",6345.08387753738
"LOC108002370",53555.2842901195
"LOC107999837",42745.9621122591
"LOC107999864",5498.60311100472
"LOC107999865",7795.47232263359
"LOC107999863",56875.3827140254
"LOC107999866",42607.2582181577
"LOC107999848",49400.9765093342
"LOC107999850",60428.0068117434
"LOC107999851",56025.5271630068
"LOC107999858",31982.3769467403
"LOC107999852",64649.7267898014
"LOC107999857",49216.7349047171
"LOC107999856",45417.0447689252
"LOC107999855",38874.7254047748
"LOC107999859",22442.7789561189
"LOC107999861",53705.4921366451
"LOC107999862",26245.6857221016
"LOC107999909",51302.9684363803
"LOC107999914",68843.4467459926
"LOC107993437",61144.3246338051
"LOC107994611",19313.3789492613
"LOC133667293",617.143707678801
"LOC107994613",57070.8780261092
"LOC107994619",18908.3253150481
"LOC107994620",2531.2120830943
"LOC107994618",54628.5155501375
"LOC107994614",46080.7973026613
"LOC107994624",31103.3581333414
"LOC107994623",63873.7026506169
"LOC107994612",41119.9904287358
"LOC107994621",51312.722960203
"LOC107994622",39763.5909637231
"LOC133667295",119220.37920518
"LOC133667297",9239.82781380291
"LOC107994627",59414.3005264661
"LOC107994615",54541.2729468751
"LOC107994616",42055.27114956
"LOC107994617",11480.2500161749
"LOC133667296",782.872820327907
"LOC133667298",19815.7702873663
"LOC133667434",1377.43305200458
"LOC133667432",769.478906033023
"LOC133667353",50679.4167612657
"LOC133667359",9439.83867554233
"LOC107996040",58093.2250141929
"LOC107995197",4753.71377866553
"LOC108003732",60813.9251078297
"LOC108003729",73661.8627277296
"LOC133667360",7514.2155619817
"LOC108003730",72115.0058289543
"LOC108003731",40228.8395897489
"LOC108003736",52257.0170102182
"LOC108003737",30891.3922314544
"LOC108003738",6558.54296054707
"LOC108003733",3062.6043198466
"LOC108003734",65483.291379838
"LOC108000770",351668.69888634
"LOC133667357",2229.25767556463
"LOC133667364",9841.13301151884
"LOC133667431",787.114879433773
"LOC133667356",848.564339291208
"LOC133667362",389.759209014675
"LOC108000723",22106.565079259
"LOC108000728",66452.5171788917
"LOC108000730",81221.4829098748
"LOC133667363",2603.72304574324
"LOC108000764",38806.364658935
"LOC108000763",48413.3728180793
"LOC108000751",112156.70741302
"LOC108000753",13316.9389969383
"LOC108000773",73467.4706766785
"LOC108000768",51689.1433354843
"LOC108000769",35639.3060205946
"LOC108000767",33374.779555985
"LOC108000782",6283.85764286772
"LOC108000777",36997.9353547624
"LOC108000743",54699.3336873343
"LOC108000718",28683.6609244611
"LOC108000731",84983.337780094
"LOC133667365",996.795642480435
"LOC133667368",547.367314633373
"LOC133667367",1183.99425630708
"LOC133667366",2570.94101945214
"LOC108000726",32959.1298393093
"LOC108000737",20888.0800112493
"LOC108000736",47364.9383408736
"LOC108000735",100683.078355942
"LOC108000717",146016.882583787
"LOC108000741",60333.253920116
"LOC108000757",53063.7703976807
"LOC108000758",1737.73932896229
"LOC108000720",75670.935174737
"LOC108000714",41677.4494155061
"LOC108000762",43531.5065590769
"LOC108000760",41648.6604131125
"LOC108000761",99487.56132107
"LOC108000749",37434.5109036975
"LOC108000748",36645.3699678259
"LOC108000747",35227.1251991522
"LOC108000750",41021.3654099625
"LOC108000745",48383.8548516408
"LOC108000746",33025.3380368494
"LOC108000755",15245.1382455566
"LOC108000754",2290.59004262646
"LOC108000756",3852.78644243912
"LOC108000778",49619.9625660877
"LOC108000725",3953.46817910894
"LOC108000722",42501.7289976066
"LOC108000775",36307.710834038
"LOC108000776",22058.9719197965
"LOC107999620",412.073249708556
"LOC133667373",480.353042160641
"LOC108000738",36418.9554423062
"LOC108000740",57094.2691683958
"LOC108000721",41563.6301161015
"LOC108000765",95509.2825010847
"LOC114577915",402.156534000487
"LOC108000766",4643.28345247145
"LOC133667375",371.781122321406
"LOC108000724",1891.93483182979
"LOC108000733",50907.5388585129
"LOC108000734",40188.1478683017
"LOC108000772",76072.5557831883
"LOC108000780",6651.49842523749
"LOC108000779",1570.61919623226
"LOC107996615",70862.9470016293
"LOC133667376",15148.6201262046
"LOC107993341",92946.1231600386
"LOC133667379",15836.9096372898
"LOC107993340",35344.8535482901
"LOC107993333",54083.4329130698
"LOC107993334",54653.2697468346
"LOC114576920",29981.5608219851
"LOC107993336",2508.47048041053
"LOC107993339",1728.43855245935
"LOC133667377",767.130151257703
"LOC133667380",19523.8686593288
"LOC107993337",147250.829067076
"LOC107993342",64820.441884658
"LOC107993343",56536.2447853639
"LOC107993357",20267.3612708335
"LOC107993358",28968.4883785875
"LOC107993346",27109.1612436761
"LOC107993347",44504.10762787
"LOC107993348",15342.816991639
"LOC107993349",47929.7678141203
"LOC107993355",3265.16005134565
"LOC107993356",67517.7937080238
"LOC107993329",8735.20548559522
"LOC107993353",57320.8517524847
"LOC107993331",37517.3500789756
"LOC107993332",52207.7013981515
"LOC108002771",58714.8176681853
"LOC107993351",2588.17933805813
"LOC107993352",16554.4565859559
"LOC107993345",145377.856799051
"LOC133667381",44793.575529768
"LOC107998006",52825.7342704284
"LOC107998007",41687.0614888409
"LOC107998008",82353.0831258986
"LOC107998028",19469.5721821034
"LOC107992524",23220.7786214928
"LOC107998029",27588.1598692801
"LOC107998018",54839.0554435604
"LOC107997944",28132.4380489388
"LOC107997960",36961.6321591236
"LOC107998035",47720.4393906163
"LOC114577559",21902.549020841
"LOC107998042",29382.2378637696
"LOC107997937",36962.6557314813
"LOC107998040",58240.7440890757
"LOC107998041",35724.957128036
"LOC107998011",40902.8623417346
"LOC107998013",50779.3038071424
"LOC107998014",33553.2668917408
"LOC107997961",27657.2508543716
"LOC107998044",53387.389646293
"LOC107997956",47892.8373928514
"LOC107997951",66770.3626552538
"LOC107997958",27024.5309287556
"LOC107997968",14767.7421487136
"LOC107998025",34006.5409818698
"LOC107998024",93730.4041459179
"LOC107997952",38659.2828469721
"LOC107998043",54704.5856449824
"LOC114577566",34818.0558837854
"LOC107997981",64368.1624111398
"LOC107998004",67999.5343809929
"LOC107998005",31259.5752700437
"LOC107998027",861183.299556269
"LOC107998030",61887.5139706596
"LOC107998031",39587.2245254883
"LOC107998022",52609.0816093816
"LOC107997965",382.538432878361
"LOC107997938",15293.6287164926
"LOC107997962",36430.518230488
"LOC107997994",52401.4784331722
"LOC107997993",65503.1821663384
"LOC107997950",40920.2623835094
"LOC107997943",46797.3685433389
"LOC107997957",3068.3099649421
"LOC107997964",2693.08996384481
"LOC107997987",53976.3387842308
"LOC107997992",116104.505231411
"LOC133667383",10723.9067825399
"LOC133667382",6710.34529336609
"LOC107997979",31111.8713276524
"LOC107997976",55241.7600216211
"LOC107997978",52997.7607523772
"LOC107997980",49690.2596592702
"LOC107997975",22560.7353864382
"LOC133667386",10027.2199901934
"LOC107998023",83720.6059663818
"LOC107997984",57398.8381121682
"LOC133667385",2507.90710342353
"LOC107997985",1279.59418021539
"LOC107998036",4997.51216289016
"LOC107997963",14420.5631443949
"LOC107997982",92378.8089085713
"LOC107997983",54089.3590325555
"LOC107997954",38412.6965565212
"LOC107997973",75994.3063957384
"LOC133667387",5475.12823013996
"LOC107997939",53839.1837090102
"LOC107998021",35372.0507059061
"LOC107998020",50736.5634208164
"LOC107998034",39610.582095628
"LOC107998032",38921.9366557632
"LOC133667388",23588.4653100384
"LOC107993439",43652.7225270444
"LOC107993438",57226.7014935461
"LOC107997996",54861.5944180507
"LOC107998039",50912.8423793437
"LOC107998012",64540.4125262222
"LOC107997959",12377.5621557486
"LOC107997945",17870.1564970475
"LOC107997949",52701.5238992395
"LOC107997991",70501.600680579
"LOC107994546",33656.093411421
"LOC107994545",17491.10322095
"LOC107997990",35503.8303159955
"LOC107997989",14937.9795534555
"LOC107997988",54823.8834555655
"LOC107992702",65518.0570810675
"LOC107992701",44399.5768400148
"LOC107997940",47274.6747780065
"LOC107998037",43772.5962081573
"LOC107998038",55980.8279060307
"LOC107997953",1255.44054796863
"LOC107998017",26969.62547436
"LOC107997999",46973.3243309279
"LOC107998001",18550.8017553365
"LOC107998000",41478.3808579124
"LOC133667389",2093.50795155649
"LOC107997969",938.876214150993
"LOC107997966",524.716226514338
"LOC107998048",4589.00478448279
"LOC107998046",3232.44149107632
"LOC107998016",69530.4486149997
"LOC108000256",176006.561245338
"LOC107997947",25847.881435453
"LOC107997948",24977.498664479
"LOC107998003",45072.9784179056
"LOC107997941",1180.36125000836
"LOC133667355",1565.39938333572
"LOC107996610",32374.4995377485
"LOC133667392",439.091756031425
"LOC107998009",209806.802812828
"LOC107995585",2169.30538158147
"LOC107995589",2586.24309865211
"LOC133667390",438.655052005675
"LOC107995590",4247.72375405294
"LOC114577235",3096.11530958869
"LOC114576807",21680.678594722
"LOC107995591",56491.7295320306
"LOC107995594",29801.6180692441
"LOC107995593",38543.1832715417
"LOC107995592",26448.1679370177
"LOC107995588",54186.7881244622
"LOC107995587",41876.2103960064
"LOC107995586",58087.3441627991
"LOC114577553",31062.1294534994
"LOC107994573",5389.60640548048
"LOC107994590",43775.2943887737
"LOC107994589",44859.7552779085
"LOC107994593",431.837232326289
"LOC107994591",492.043619934401
"LOC107994592",410.728324385454
"LOC107994575",972.880562835559
"LOC107994576",2306.87482052882
"LOC107994572",339.282304163591
"LOC107994588",963.13035234956
"LOC107994584",1602.61423683714
"LOC107994586",467.691163280525
"LOC133667399",783.897859232309
"LOC107994594",992.121466517406
"LOC133667398",3511.23967035934
"LOC114577330",2778.78373466683
"LOC107996302",2728.11098847877
"LOC107996301",3150.15734858871
"LOC114577329",1253.59753581702
"LOC107996318",348754.13515988
"LOC114577328",36067.3098901377
"LOC107996319",25908.0776308281
"LOC107996256",52000.8167792847
"LOC107999804",23923.9395795874
"LOC107996320",2009.87083387446
"LOC107996321",5136.677879292
"LOC107996322",25401.6338284119
"LOC107996267",21936.1139265535
"LOC107996253",56512.8334363428
"LOC107996252",60466.0242107823
"LOC107996307",20244.4411575961
"LOC133667401",2092.24977849321
"LOC107996309",683.496481837103
"LOC107996300",83114.1063761669
"LOC107996296",44249.7195875976
"LOC107996260",40109.9436791518
"LOC107996297",38814.9400786075
"LOC107996299",5775.74081862412
"LOC114577325",1284.21396648811
"LOC107996355",15281.4842856086
"LOC107996357",42489.0598318293
"LOC107996354",50042.450114243
"LOC107996273",82730.0388241902
"LOC107996264",48939.742640009
"LOC107996347",45338.6669984203
"LOC107996359",47713.1454981965
"LOC107996275",14683.9932736134
"LOC107996269",18638.4428879331
"LOC107996311",47526.6617713008
"LOC107996312",52858.9580012646
"LOC107996310",35238.391681162
"LOC107996313",17280.9160389785
"LOC107996350",133266.284817856
"LOC114576765",1423.76429618579
"LOC107996249",2597.26398230394
"LOC107996328",4051.37051880043
"LOC107999019",625.130433388079
"LOC107996352",1494.16662214238
"LOC107999566",1508.84084653306
"LOC107997932",103950.516757189
"LOC107996292",10008.7309817759
"LOC107996291",697.125187112938
"LOC114577320",21428.9115438895
"LOC107996360",853.711028331857
"LOC107996361",4001.55669221117
"LOC133667405",731.78526207804
"LOC107996250",2846.37078770825
"LOC107996343",42216.4063270079
"LOC133667406",2931.77994200259
"LOC107996346",34656.3359234524
"LOC107996344",2549.51384855184
"LOC107996266",4928.25041822453
"LOC107996255",49316.1878581205
"LOC107996271",1658.11945416116
"LOC107996263",5534.18792653335
"LOC107996262",47189.853901834
"LOC107996325",42224.8581376491
"LOC107996323",46837.8148219879
"LOC114577322",53709.5716936799
"LOC107996324",46096.5233392574
"LOC107996261",57033.1362188235
"LOC107996332",10124.009700895
"LOC107996330",44819.4870635482
"LOC107996258",36059.2398077253
"LOC107996314",41377.9793936382
"LOC107996316",52829.9577232086
"LOC107996315",50101.7796736659
"LOC107996353",34906.2326167584
"LOC107996349",65161.1580866533
"LOC107996348",47177.2094156697
"LOC107996286",69847.786261511
"LOC107996284",62381.8684064543
"LOC107996283",36989.6002259569
"LOC107996288",3610.75743595074
"LOC107996287",39468.036105477
"LOC107996282",5322.97770480474
"LOC114577332",14327.8132565721
"LOC107996281",93763.6402936592
"LOC107993698",34937.9536765357
"LOC107996280",45251.2234127226
"LOC107996339",382043.186162634
"LOC107996340",61454.3402739821
"LOC107996341",10233.8235872609
"LOC107996342",34649.8701735157
"LOC133667408",12613.8459646366
"LOC107996270",5631.19025254617
"LOC107996333",36602.659373247
"LOC107996334",42769.6439816426
"LOC107996336",30160.1294850916
"LOC107996335",22486.3213684794
"LOC107996337",26400.8091887289
"LOC107996327",299838.792649853
"LOC107996268",46281.9453479493
"LOC108002505",6494.65433919689
"LOC108002504",18143.7047487533
"LOC107996304",64165.3600885232
"LOC107996305",65753.0859311658
"LOC107996306",3540.5286033653
"LOC107996274",11210.3868739583
"LOC107996358",313758.05257194
"LOC133667429",1665.27680653722
"LOC114577324",695.41683302165
"LOC107996257",29885.3534423526
"LOC114577496",1699.98217723105
"LOC108002272",9766.16048278594
"LOC108002310",63241.4150647881
"LOC108002274",64067.1637093013
"LOC108002323",55927.3227187188
"LOC108002324",134739.431629489
"LOC108002325",21449.2658302739
"LOC107994235",50290.8176907474
"LOC108002269",9132.01504854562
"LOC108002305",45360.4052192613
"LOC108002304",44136.6145268416
"LOC108002309",511.859608028524
"LOC133667409",4918.24369383964
"LOC108002306",8053.17297568648
"LOC108002307",27141.8324038258
"LOC108002308",43008.2629520348
"LOC108002316",119625.392156793
"LOC108002315",4711.3804289223
"LOC108002314",60643.3342601359
"LOC108002511",34944.936173984
"LOC114578096",7195.51687921354
"LOC108002287",31551.3284128525
"LOC108002288",34156.9797917153
"LOC108002291",6853.28567650656
"LOC108002289",47359.8054654473
"LOC108002285",10223.4342586991
"LOC108002292",197772.295160749
"LOC108002266",721252.185437335
"LOC108002290",492693.794826936
"LOC133667410",38045.8363869666
"LOC108002298",3169.18773894954
"LOC108002300",44615.8054273782
"LOC108002302",4779.76379069661
"LOC108002299",395.644694095053
"LOC108002303",6483.28716710519
"LOC108002319",36350.9524661962
"LOC108002321",29137.3866021689
"LOC108002322",1600.57797257642
"LOC108002313",64563.1855767085
"LOC108002293",51849.5132727345
"LOC108002297",1520.85733054608
"LOC133665618",4799.09627738943
"LOC108002294",14523.2859324871
"LOC108002296",24574.6015511209
"LOC108002295",45222.6727445497
"LOC108002265",3625.09466852127
"LOC108002282",1405.40493572696
"LOC133667411",3475.6554093723
"LOC108002280",3780.01354563537
"LOC108002284",12753.8012597949
"LOC108002281",48814.6139306369
"LOC108002283",258306.832039563
"LOC108002263",373786.831231096
"LOC133667412",982.513510076178
"LOC133667354",6054.53900514943
"LOC108002318",74305.4327548817
"LOC108002317",50819.1548619471
"LOC108002262",69684.4561797095
"LOC108002273",36279.0940224314
"LOC108002276",49445.8989204923
"LOC107996608",427026.355216903
"LOC133667415",4173.52833704475
"LOC107996609",35941.4574058731
"LOC107994304",53370.3201942575
"LOC108000965",51629.0126671185
"LOC108000945",51485.9163329792
"LOC108000270",47812.9985812135
"LOC133667416",842.140812935353
"LOC133667414",4176.85959821313
"LOC108001046",300297.699178816
"LOC108001027",53962.0538495532
"LOC108000939",55188.0349293177
"LOC108000931",55126.184000294
"LOC108000499",44198.305825979
"LOC108001195",8355.63206027919
"LOC108001091",23364.7033814127
"LOC108001101",24219.1473032484
"LOC108000411",11537.36338124
"LOC108000403",14839.2257105738
"LOC108000428",55441.6520331802
"LOC108000446",53372.5233289693
"LOC108000356",35573.8948280909
"LOC108000363",20504.4165415376
"LOC114577904",37339.0604601169
"LOC107992554",49261.2510534374
"LOC108000418",41236.3032463288
"LOC108000395",34391.8323549123
"LOC108000316",60799.2240797142
"LOC108000438",76553.2972340295
"LOC108000455",56948.4552123102
"LOC108000375",17265.4120136212
"LOC108000312",11627.5545565466
"LOC108001007",203521.071002677
"LOC133667417",8841.50081036106
"LOC133667418",4162.11611939548
"LOC114577936",14690.3501341539
"LOC108001203",41023.451252488
"LOC108000509",3902.53719829577
"LOC108000492",46845.4780608417
"LOC108001266",39200.3298592488
"LOC108001258",14397.080038908
"LOC114577819",31395.2604717555
"LOC108000294",18752.8877603674
"LOC108001147",48332.055677623
"LOC108001151",48587.3802781915
"LOC108001126",40813.5337655428
"LOC108001117",13278.7519794335
"LOC108001157",55242.9038060729
"LOC108000477",49721.6206090205
"LOC108000981",44579.1008894325
"LOC108000973",47085.5593435761
"LOC108000988",8693.91663252272
"LOC108001003",12711.6227639141
"LOC108000992",33159.0749303716
"LOC108000996",32730.7806941943
"LOC108000786",16887.0042471316
"LOC108000797",7738.48125328103
"LOC108000771",32558.0530595531
"LOC108000759",36460.6831251624
"LOC108000814",14192.9988492247
"LOC108001213",28050.9287339198
"LOC108001227",48496.4801378387
"LOC108001166",111376.01859028
"LOC108001237",12959.7640354207
"LOC108000621",97727.428406372
"LOC108000548",59005.8434405595
"LOC108000594",51754.307021854
"LOC108000580",2141.04458694177
"LOC108000642",20258.7606461449
"LOC108000602",617.315390861002
"LOC108000518",6034.78045353908
"LOC108000556",6089.6421662088
"LOC108000566",1825.93833426473
"LOC108000653",10373.4828699363
"LOC108000744",8287.61718530678
"LOC108000732",61767.9668451753
"LOC108000650",18202.8124963521
"LOC108000752",80647.896190797
"LOC108000729",34300.9293529635
"LOC108000696",50594.8908290187
"LOC108000669",62575.6866504846
"LOC108000715",5960.1899417639
"LOC108000742",67172.9490666571
"LOC108000908",29031.451149446
"LOC133667421",4020.79205489572
"LOC108000877",64416.4069283416
"LOC133667420",13797.5996893299
"LOC108001249",45936.6459670405
"LOC108001253",59444.3324216867
"LOC108001277",63772.3502525291
"LOC133667422",2176.13493276247
"LOC108001067",16799.3128304707
"LOC108001081",19864.3728117475
"LOC108001086",36956.3657493716
"LOC108001075",45455.9905315039
"LOC108001109",50429.1639923051
"LOC107998638",58610.0836978303
"LOC108000837",4911.34463547414
"LOC108000862",48239.0825435914
"LOC108000842",55817.6571402163
"LOC108000832",48829.1125164273
"LOC108000873",51054.5879248915
"LOC108000822",57508.7904584787
"LOC108000276",5350.60334037205
"LOC108001288",3460.40405499821
"LOC108001136",30665.2436991237
"LOC108001185",70277.8655067035
"LOC133667423",1505.91848972212
"LOC114578296",11441.4974024119
"LOC107997392",3918.06924163128
"LOC133667424",3800.76106600605
"LOC107997391",10089.7274958178
"LOC107997366",4936.53884275803
"LOC107997370",1604.25745466881
"LOC107997397",5884.32938801563
"LOC107997371",1148.78707721673
"LOC107997443",15100.2790820011
"LOC107997444",478.443927865201
"LOC107997372",94554.4540483395
"LOC107997405",89807.1257149377
"LOC107997401",43120.0771608127
"LOC133667426",1341.96028391184
"LOC107997404",49323.9946693478
"LOC107997403",54335.5946738808
"LOC107997409",43131.6338810514
"LOC107997410",42462.5362015254
"LOC107997408",44321.2307208946
"LOC133667425",1420.10242270225
"LOC107997407",5269.64338946471
"LOC107997388",35689.7463237544
"LOC107997431",94080.439585937
"LOC133667436",6075.53379443786
"LOC107997428",34331.5416279152
"LOC107997427",78637.9034077879
"LOC107997420",250285.595364078
"LOC114577485",2093.52180144392
"LOC107997400",430.624618181826
"LOC107997460",20714.1350198249
"LOC107997374",7666.47008508332
"LOC107997415",45760.3707895936
"LOC107997418",46850.6201348713
"LOC107997417",54011.6416723386
"LOC107997419",62690.3971203256
"LOC107997395",40982.68759137
"LOC107997448",6751.77415618512
"LOC114577490",1689.03783796303
"LOC107997376",180883.959017
"LOC107997421",5835.10999957733
"LOC107997424",4396.39478353498
"LOC107997455",38711.5903673182
"LOC107997457",60942.0774745888
"LOC107997385",45900.1356817581
"LOC107997390",52350.1775221684
"LOC107997377",49628.4299332765
"LOC107997449",51107.4220888403
"LOC107997458",33935.9857903355
"LOC107997386",41305.5866240673
"LOC107997429",31702.068508741
"LOC107997394",42153.5417837142
"LOC107997434",56575.0255283634
"LOC107997445",45242.7811933128
"LOC107997446",49217.4182163702
"LOC107997452",41656.6854952587
"LOC107997451",40677.6601377251
"LOC107997396",15028.1172322567
"LOC107997378",82125.650913446
"LOC107997387",54353.964461463
"LOC107997399",27718.335504182
"LOC107997389",14267.3929173711
"LOC108000906",33161.5495774967
"LOC108000907",45871.7818192038
"LOC107997453",43827.5820926056
"LOC107997440",45689.7532249394
"LOC107997441",32732.6271483792
"LOC107997442",42403.579449012
"LOC107997379",29527.3576432705
"LOC107997435",37869.5866587945
"LOC107997439",33792.83143418
"LOC133667428",50043.9694150952
"LOC107997450",64242.9776484969
"LOC107997380",62776.2222205428
"LOC107997381",13121.3030039873
"LOC107997413",42341.1409959734
"LOC107997433",39920.2779523921
"LOC107997382",67980.2221687762
"LOC107997454",60532.3335029273
"LOC107997383",46405.8531239239
"LOC107997384",50491.9060874913
"LOC107997425",50951.1922741557
"LOC107997461",5548.17104072
"LOC133667451",5045.38550567023
"LOC107995580",77144.5351760871
"LOC133667495",3835.63306828502
"LOC133667496",489.880328538545
"LOC108004213",5862.8440277637
"LOC108004216",8647.01770897222
"LOC133665611",82876.9679271973
"LOC133667492",659.847957948457
"LOC133667453",6631.89295499172
"LOC108004215",129915.805456128
"LOC114577057",10109.513822756
"LOC133667452",19855.349414187
"LOC107994498",775.00000013995
"LOC133665616",41454.0300233309
"LOC107993691",42460.3315194045
"LOC107993680",48538.194377386
"LOC107993678",56721.1635936523
"LOC107993677",68995.3303645693
"LOC133667454",27837.504306802
"LOC133667455",2490.67985265242
"LOC107993682",1575.00847107233
"LOC107993690",75586.2311384771
"LOC107993694",43525.9249478978
"LOC107993695",42958.2504490213
"LOC107993687",55727.689971461
"LOC107993693",78338.5278626315
"LOC107993692",55793.6175518259
"LOC107993681",37440.3024048133
"LOC108002411",31244.6163501986
"LOC108002412",53579.2014649417
"LOC108000488",3113.0059334624
"LOC108000326",73022.2647751556
"LOC108000323",25415.0735810955
"LOC108000324",2063.00268317246
"LOC108000327",32306.0625095896
"LOC108000322",14302.5186435567
"LOC108000225",3823.00095319307
"LOC108000226",21712.9369419463
"LOC108000449",73297.3813989022
"LOC133667457",2791.03668047781
"LOC108000476",20459.8827500633
"LOC108000454",61426.3264795507
"LOC108000470",46840.1283012532
"LOC108000510",34594.8249501177
"LOC108000517",25485.9006887195
"LOC108000369",120371.250934234
"LOC108000353",60743.3175564774
"LOC108000354",27359.9046128739
"LOC108000355",713.438529898335
"LOC108000357",56503.687882769
"LOC108000358",42750.9277334972
"LOC108000260",8919.97821680971
"LOC108000335",44129.8787476654
"LOC108000227",74890.5418337206
"LOC108000340",44184.2555502459
"LOC108000338",83553.5627293498
"LOC108000339",48535.7695476974
"LOC108000336",42725.0626061742
"LOC108000341",75642.570687945
"LOC108000480",57865.3285664904
"LOC108000511",43635.1384375379
"LOC108000436",56714.9978216051
"LOC108000437",35507.8198493217
"LOC108000439",41626.6595715716
"LOC108000456",59868.1779264612
"LOC108000500",50432.4471187211
"LOC108000361",4253.25521741208
"LOC108000364",39803.206264751
"LOC108000362",53046.7230906206
"LOC108000516",74594.8820220071
"LOC108000508",28522.5020127391
"LOC108000507",13385.1762315997
"LOC108000368",57948.8128159596
"LOC108000367",219182.030533363
"LOC114577843",989.992090500946
"LOC114577841",3904.17626887323
"LOC108000405",45007.3570706812
"LOC108000406",54181.3927659327
"LOC133667459",54575.5058204526
"LOC108000408",36830.6882436567
"LOC108000409",33340.3212924119
"LOC108000407",38903.3253433039
"LOC108000257",52662.9846520716
"LOC108000275",46829.7453006623
"LOC108000496",34614.3090203526
"LOC108000497",31127.2924714555
"LOC108002468",46177.2880709713
"LOC133667460",1946.73582676093
"LOC108000282",9981.25045731993
"LOC108000463",73927.065119528
"LOC133667461",2471.8040144577
"LOC133667462",4056.8096827121
"LOC108000288",1723.26386613814
"LOC108002414",1391.29789347839
"LOC133667463",2048.7163077538
"LOC108000506",5484.21050271253
"LOC108000505",38971.0919041382
"LOC108000360",47205.7005786998
"LOC108000359",80828.8100987314
"LOC133667465",6259.5458282106
"LOC133667464",3910.45789697425
"LOC108000491",4389.6262277062
"LOC108000274",523.906616219602
"LOC108000291",2728.73340442239
"LOC108000425",18085.0813624737
"LOC114577868",317.362632184432
"LOC108000426",1172.01830390372
"LOC108000262",36956.1571323102
"LOC108000440",42735.9859106159
"LOC133667468",804.394253615388
"LOC133667476",1536.2808531939
"LOC108000457",25151.4645908335
"LOC133667473",3862.20257432644
"LOC133667474",1469.11930886839
"LOC133667469",885.145718490524
"LOC108000460",40993.8071818015
"LOC108000459",45996.7536623577
"LOC133667470",33642.5105350066
"LOC133667472",7128.92707661555
"LOC108000231",264754.893129858
"LOC133667467",2121.63270975382
"LOC133667493",6362.02323189076
"LOC114577853",10351.4274842125
"LOC114578194",2607.20529245581
"LOC133667475",11948.0186000071
"LOC133667449",2774.07781104201
"LOC108000427",233212.281194309
"LOC108000515",30322.209572256
"LOC108000344",39408.3048785523
"LOC108000342",8001.08310963103
"LOC108000348",14486.7932902615
"LOC108000343",12841.5604824335
"LOC108000350",78319.9172710218
"LOC108000349",48291.5874310284
"LOC133667448",411.270896020563
"LOC108000351",1965.65345728672
"LOC108000352",91917.5886691934
"LOC133667479",1204.89939383839
"LOC108000397",41816.229595852
"LOC114577837",45128.2307403018
"LOC133667445",7577.92696226602
"LOC107993422",58231.8700623873
"LOC114577870",19795.3909203466
"LOC108000412",42147.6980719964
"LOC108000413",19736.2982941268
"LOC108000410",37002.2333994095
"LOC108000233",20581.720662802
"LOC108000494",47693.3785127802
"LOC108000495",62530.7973189815
"LOC108000443",55882.5653608122
"LOC133667481",1216.22280365139
"LOC108000444",1308.77108064513
"LOC133667480",2279.40636074432
"LOC133667478",1890.29094942002
"LOC133667482",1423.72680307417
"LOC108000234",80479.0703993733
"LOC133667477",17483.6703304548
"LOC108000268",36718.3498346308
"LOC108000474",20496.1653152284
"LOC108000473",54200.8428166988
"LOC108000424",4632.93814147953
"LOC108000423",3556.0595538222
"LOC108000462",34806.8588879383
"LOC108000461",5284.84900456175
"LOC108000485",10740.1136813037
"LOC108000486",720.680735948059
"LOC108000281",29689.1636168348
"LOC133667484",3171.15218248003
"LOC114577866",1059.59558891528
"LOC114577889",760.841828011246
"LOC108000235",25831.2831515647
"LOC108000238",10045.1403184425
"LOC108000490",48328.0778022907
"LOC108000277",3286.02434177636
"LOC108000521",4156.21199872877
"LOC108000239",31475.577474606
"LOC108000442",56602.6264231848
"LOC108000489",41178.8069756867
"LOC108002680",55524.3326364963
"LOC108002679",50667.9877025521
"LOC108000453",30463.5305238914
"LOC133667487",1732.32806303138
"LOC133667488",5952.95703794175
"LOC108000514",23574.9493317315
"LOC108000328",33480.0379408467
"LOC108000329",58726.6666667162
"LOC114577858",3756.45146280457
"LOC108000331",13758.8813390296
"LOC114577859",545.919468054411
"LOC108000330",71805.5803339428
"LOC108000378",67456.6913118327
"LOC108000379",7765.07285328754
"LOC108000377",56916.3958835816
"LOC108000376",43582.0828339814
"LOC108000431",48549.0200879069
"LOC108000433",35852.2299199085
"LOC108000432",29055.2914652354
"LOC108000434",32142.7267322413
"LOC108000435",90808.9178258698
"LOC108000520",2614.2097716164
"LOC108000445",6059.13051554469
"LOC108000314",2282.11289400526
"LOC133667489",443.552169296159
"LOC108000309",305.532854478722
"LOC114577874",1131.33570103256
"LOC108000310",3268.82537527757
"LOC108000242",4417.81239317176
"LOC114577861",1167.79383341756
"LOC108000243",1921.45256812015
"LOC108000471",4369.37361999262
"LOC108000493",1278.81563405429
"LOC114577887",739.481981013071
"LOC108000244",1159.07985566587
"LOC114577852",623.460612175214
"LOC108000472",5511.70741481436
"LOC108000246",2825.50503339531
"LOC108000467",22719.8093270371
"LOC108000466",45232.9967715449
"LOC108000465",3696.77887815271
"LOC108000468",874.57520011198
"LOC108000464",40461.1702221649
"LOC108000512",33893.5488762594
"LOC108000387",73252.8041421173
"LOC133667503",10604.4160544986
"LOC133667504",6868.99785953623
"LOC108000386",6376.06670777119
"LOC108000388",5805.52776035479
"LOC108000247",1565.30447979258
"LOC108000399",24540.320342296
"LOC133667501",5751.41430431271
"LOC108000401",6532.88766659844
"LOC133667498",4271.20024751564
"LOC108000398",12140.1192015581
"LOC108000384",55231.4494073832
"LOC108000381",56017.8776822629
"LOC108000385",56339.3284865642
"LOC108000382",16304.1536541033
"LOC108000380",46313.2184235162
"LOC108000383",33991.8725191684
"LOC108000293",158914.114329834
"LOC133667505",33531.7240713616
"LOC133667499",5740.75584367621
"LOC133667500",5065.47854813105
"LOC108000300",8813.77004729646
"LOC133667446",2306.75429055419
"LOC108000307",3182.62819418171
"LOC108000299",15047.0449622642
"LOC114577899",2501.12362633728
"LOC108000296",10514.635635744
"LOC108000295",3059.05696369939
"LOC108000303",35384.1381475695
"LOC108000297",65600.3835924919
"LOC108000298",58122.6666365479
"LOC107992913",43648.9722570644
"LOC133667502",25213.4235120052
"LOC108000271",48179.3920264356
"LOC108000264",43504.4581349433
"LOC107993256",41726.0003626602
"LOC107993257",44324.2091559177
"LOC108000482",45647.6104992191
"LOC108000249",2512.76689134419
"LOC108000372",40970.287340973
"LOC108000370",49424.2436053996
"LOC133667497",54301.5530837667
"LOC108000371",52383.3479185366
"LOC108000279",45156.8774085392
"LOC108000450",55508.914215348
"LOC108000451",18366.7356587264
"LOC108000452",45154.1646925346
"LOC108000422",35622.9797962459
"LOC108000417",52445.21783777
"LOC108000419",30425.4599386496
"LOC108000421",33662.5547489833
"LOC108000420",51276.2144504724
"LOC108000251",65762.894606329
"LOC108000373",43502.9334267125
"LOC108000253",18910.2143386958
"LOC108000254",51807.6027161491
"LOC108001052",7370.62316348702
"LOC108000332",131521.096574416
"LOC108000498",15925.5621828367
"LOC108000292",51228.7924736707
"LOC108000414",132951.118144467
"LOC108000416",27981.3320820788
"LOC108000415",2152.37056761456
"LOC108000404",74586.2243561181
"LOC108000402",53040.2367545768
"LOC133667509",1546.93374840826
"LOC108000374",66695.0526667493
"LOC133667507",46284.7784326127
"LOC114577894",2498.75501460126
"LOC133667508",56266.8678910247
"LOC133667506",36195.4258245087
"LOC108000259",59278.2756746348
"LOC108000267",57294.8795902008
"LOC108000278",25761.3353753568
"LOC133667510",22841.256726853
"LOC108000273",128859.775367652
"LOC108000266",27131.6559527542
"LOC108000283",10679.7108484427
"LOC108000263",43214.7970225742
"LOC108000255",10610.5166452444
"LOC108000469",53458.6026442192
"LOC108000478",50067.7659114117
"LOC108002533",44692.9359556169
"LOC108002532",45424.4126121248
"LOC133667511",1708.72553794031
"LOC108002531",32327.9573079602
"LOC108000258",56031.7520284855
"LOC108000483",50224.0283557217
"LOC108000484",50180.9160646118
"LOC107993230",74226.6262369652
"LOC133667515",2065.26952919991
"LOC108000396",4436.52935581807
"LOC133667514",337.822383919708
"LOC133667512",1300.11367699423
"LOC133667517",550.499667164314
"LOC133667513",34518.0939353808
"LOC133667516",30123.436910268
"LOC107993237",391.86271262398
"LOC107993232",21113.8311318858
"LOC107993236",6573.43038894198
"LOC107993235",111049.588461359
"LOC107993234",25613.8566238084
"LOC107993233",24371.6072827351
"LOC107999747",183821.454989173
"LOC114577785",26609.3103562163
"LOC107999752",2442.39672465551
"LOC107999763",61393.2140664151
"LOC107999764",23541.5329065481
"LOC107999762",47699.1687577678
"LOC107999792",1087.0934788581
"LOC107999745",177290.341133467
"LOC107999787",5046.24140903955
"LOC107999786",23712.912952519
"LOC107999791",29789.3754096795
"LOC107999768",58014.7001900221
"LOC107999766",55365.0599870062
"LOC107999773",20009.0514848059
"LOC133667521",840.311538071295
"LOC107999750",48395.0751764821
"LOC107999777",38985.946094098
"LOC107999778",39263.8064881452
"LOC107999776",72468.1276430502
"LOC107999785",59024.9206760156
"LOC107999775",54513.4273426408
"LOC107999769",99086.5043724654
"LOC107993239",56497.7510664739
"LOC107999754",834.685920733707
"LOC107999770",4271.76959340634
"LOC107999755",1917.48271918788
"LOC107999757",25669.926512059
"LOC114577781",1407.7512301951
"LOC107999759",143659.194108597
"LOC107999789",958.723347004636
"LOC107999788",823.464588998472
"LOC107999758",1151.05111574613
"LOC107999765",9789.98051996037
"LOC107999744",194834.167494532
"LOC133665606",17755.5817567619
"LOC107999748",43285.5533380195
"LOC133665605",19579.4830558033
"LOC107999790",57189.1274317792
"LOC107999743",14144.8407451533
"LOC107999771",43926.8058574114
"LOC107999772",36906.7958235058
"LOC107999781",2512.81657212634
"LOC133667494",6104.95242498368
"LOC107999742",33714.2144523957
"LOC107999749",62579.7806235305
"LOC107999780",49951.1312128121
"LOC107999740",2348.08048641592
"LOC107993363",446.450875229987
"LOC107999783",4999.56083841492
"LOC107999779",934.003963662098
"LOC107999738",13540.3139463767
"LOC133667545",447.591777184511
"LOC133667524",4535.92302766629
"LOC133667617",933.129760900878
"LOC133667525",32195.7931079433
"LOC133667530",16138.553981132
"LOC133667582",3469.15154276693
"LOC133667531",421.264536800596
"LOC133667532",547.548186978446
"LOC133667579",632.368660198095
"LOC133667538",654.422118785766
"LOC133667535",3647.68760210777
"LOC133667583",451.783446569757
"LOC133667534",11955.137161519
"LOC133667585",6287.65158265501
"LOC133667547",444.329700348841
"LOC133667537",1789.75396331021
"LOC133667544",653.596235829822
"LOC133667543",3121.22857806152
"LOC114577617",854.633315088698
"LOC133667571",4699.35702800439
"LOC133667556",37250.6619883267
"LOC133667561",6017.13570369836
"LOC133667621",4443.63939323489
"LOC133667555",45360.5363140446
"LOC133667678",1193.63677207939
"KEH14_p13",109203.970832784
"KEH14_p12",527327.268896859
"KEH14_p11",1185889.81004278
"KEH14_p10",48270.450434703
"KEH14_p09",95570.5367939253
"KEH14_p08",132608.656417219
"KEH14_p07",68930.8125463587
"KEH14_p06",107166.965810483
"KEH14_p05",68787.4873094771
"KEH14_p04",38006.7112027334
"KEH14_p03",164907.838288154
"KEH14_p02",190842.716924769
"KEH14_p01",197982.609911841
