"cell_id","size_factors"
"GGACAGATCTATCCCG-1_GSM4013383",1.49758902765095
"CGATTGATCAGTCCCT-1_GSM4013383",1.38143584152457
"CGTGTCTAGCTCTCGG-1_GSM4013383",1.47640169406287
"GTCGGGTGTTGGGACA-1_GSM4013383",1.5603492304245
"CCCTCCTTCCGAACGC-1_GSM4013383",1.40843796245563
"AGCCTAACAATGTAAG-1_GSM4013383",1.4987881408775
"CACAAACGTGCCTGGT-1_GSM4013383",1.51994951509168
"CACCAGGAGACCTTTG-1_GSM4013383",1.43966577696071
"ACTGCTCAGGGCACTA-1_GSM4013383",1.49802701699848
"TAGCCGGAGTATGACA-1_GSM4013383",1.51455619032939
"TGACTAGTCTACCAGA-1_GSM4013383",1.59431018947269
"GGAGCAAGTACGACCC-1_GSM4013383",1.52492877477117
"CAAGAAATCTCTGCTG-1_GSM4013383",1.52526342250406
"TTAGTTCAGAGAGCTC-1_GSM4013383",1.49720273776006
"TAAGAGAAGTGGTAGC-1_GSM4013383",1.34527543960555
"GTGTGCGCATATACGC-1_GSM4013383",1.52212478737981
"TAAGCGTGTGCACTTA-1_GSM4013383",1.52815345554099
"AAGGAGCTCCTACAGA-1_GSM4013383",1.54394929304759
"ACATCAGTCACAGTAC-1_GSM4013383",1.53418133110739
"AGCATACAGCCACGTC-1_GSM4013383",1.5184709855668
"CCTTCCCTCTTGTTTG-1_GSM4013383",1.45398359100327
"GAGCAGACATTCTTAC-1_GSM4013383",1.5276863157197
"GACGTGCCAGGTGCCT-1_GSM4013383",1.50480234410712
"CAGAATCGTGATAAAC-1_GSM4013383",1.57279807172029
"CTGTTTATCCCTAACC-1_GSM4013383",1.49226647533794
"CACCACTTCTGTCTCG-1_GSM4013383",1.44694345539445
"CCTATTATCGTCGTTC-1_GSM4013383",1.49458124674533
"ACCTTTAAGATGTTAG-1_GSM4013383",1.52229408027855
"CATGACAAGATGTCGG-1_GSM4013383",1.38329904514743
"GGTATTGCACCAGGTC-1_GSM4013383",1.53219702624477
"ACCCACTCAGGGAGAG-1_GSM4013383",1.48698859976631
"ACTGATGGTTGCGCAC-1_GSM4013383",1.45777701071191
"CGCCAAGCATCCGTGG-1_GSM4013383",1.45143981286932
"CGGCTAGGTCCTGCTT-1_GSM4013383",1.50566363329369
"CGTAGCGGTAAGGGCT-1_GSM4013383",1.54991175868863
"GGACAGACATTCACTT-1_GSM4013383",1.42455865034647
"CTAACTTTCACATGCA-1_GSM4013383",1.4195322014966
"AAATGCCCATGGGAAC-1_GSM4013383",1.53851817979655
"GAACCTAAGACATAAC-1_GSM4013383",1.47637350815786
"TTCTCAACACTCGACG-1_GSM4013383",1.45280469951765
"TGAGCCGGTGGTACAG-1_GSM4013383",1.52214548194434
"CTAATGGGTAAACCTC-1_GSM4013383",1.44465974515404
"GGACGTCTCCTATGTT-1_GSM4013383",1.50136372879922
"GCTCCTACATCCCATC-1_GSM4013383",1.48455996418988
"TGCACCTCATCCCATC-1_GSM4013383",1.48705318026912
"TACTCATAGGGTCTCC-1_GSM4013383",1.4678930127576
"TGAAAGACACAACGTT-1_GSM4013383",1.45571942853423
"GACTAACGTGGTAACG-1_GSM4013383",1.50499628892994
"CGATCGGAGGAGTTTA-1_GSM4013383",1.57382739004454
"GCGCAACTCGCCTGAG-1_GSM4013383",1.47039918675502
"CGTAGGCAGAAGAAGC-1_GSM4013383",1.61847475910024
"GATGAGGTCAGTTAGC-1_GSM4013383",1.42794446871017
"GTTCATTGTCTGATCA-1_GSM4013383",1.41759845455728
"CGCTATCGTCATATCG-1_GSM4013383",1.44658468472609
"CCGGGATAGAAGGTGA-1_GSM4013383",1.52264158011737
"ATGTGTGGTTAAGGGC-1_GSM4013383",1.36960824839874
"ACATACGAGATAGTCA-1_GSM4013383",1.53196048672163
"CAGCATATCATCACCC-1_GSM4013383",1.47214336274592
"TAGACCAGTCATATCG-1_GSM4013383",1.50370118927169
"GACGTTATCGTTACGA-1_GSM4013383",1.6094710112004
"TGTGTTTAGCAAATCA-1_GSM4013383",1.38826719205375
"ATCTACTCATCGATTG-1_GSM4013383",1.46019241285447
"TTTGCGCCACACCGAC-1_GSM4013383",1.50468629189617
"GTACTTTCACAACTGT-1_GSM4013383",1.45567343373049
"GTAACTGAGTGAATTG-1_GSM4013383",1.51077679133827
"TTCTACAGTGCACGAA-1_GSM4013383",1.40304575339431
"CATATGGGTACGCACC-1_GSM4013383",1.51140910511685
"CAGCTAAGTTGTACAC-1_GSM4013383",1.50374605471209
"GCTGCGAGTGTCTGAT-1_GSM4013383",1.551980966001
"ACTTACTGTCTCCCTA-1_GSM4013383",1.47448275332239
"CGCCAAGGTAGATTAG-1_GSM4013383",1.40659412025988
"CCCAGTTTCTGGTGTA-1_GSM4013383",1.46796723275906
"ATCATCTAGTGAATTG-1_GSM4013383",1.49370348573845
"CGTTCTGGTTGGACCC-1_GSM4013383",1.30247539086421
"TTTGCGCCAAGTCATC-1_GSM4013383",1.58809943939031
"GCAATCACACCGAATT-1_GSM4013383",1.54572398967782
"AAGGAGCGTGGAAAGA-1_GSM4013383",1.51698767212999
"ATCATCTAGGATATAC-1_GSM4013383",0.763552052466885
"CGTGTCTCAGGACCCT-1_GSM4013383",1.46199405913619
"GATCGATCACAGACAG-1_GSM4013383",1.49402230668867
"AAGCCGCGTCTAAAGA-1_GSM4013383",1.48215890680741
"CTCATTAGTTGGTTTG-1_GSM4013383",1.52060523694973
"TTCTACAAGAAGATTC-1_GSM4013383",1.53288364157316
"CGCTTCATCACGATGT-1_GSM4013383",1.52570912977072
"CGTCAGGCACTGAAGG-1_GSM4013383",1.52857962983232
"GGCCGATTCTCCCTGA-1_GSM4013383",1.53885824830963
"AACCATGTCCGCTGTT-1_GSM4013383",1.4978307434036
"TCAACGACAAGCTGGA-1_GSM4013383",1.46384940327825
"TGGGAAGCATTTCAGG-1_GSM4013383",1.51901247546113
"CGGACTGTCGTTTGCC-1_GSM4013383",1.5176654686122
"AGTGTCATCACCCTCA-1_GSM4013383",1.55880265691578
"CGTCAGGAGTACGTAA-1_GSM4013383",1.46974583345105
"ACCAGTATCCGAACGC-1_GSM4013383",1.2695181621503
"GCACATACACCTCGGA-1_GSM4013383",1.59914726482312
"GCTGCTTCACCAACCG-1_GSM4013383",1.43103579214165
"ATCCGAACAATGTTGC-1_GSM4013383",1.41852213340042
"AGAGCGATCCGTTGTC-1_GSM4013383",1.53417773526394
"CATTCGCGTGTCGCTG-1_GSM4013383",1.4504216363997
"TGACAACCAATACGCT-1_GSM4013383",0.964650487944615
"GGACGTCCAACTGCGC-1_GSM4013383",1.49381978088354
"TGTGTTTTCCTAGTGA-1_GSM4013383",1.4812220446715
"GGTGCGTTCAGAGACG-1_GSM4013383",1.4446579272572
"CCTATTACAACGATCT-1_GSM4013383",1.5356475907144
"AGCTTGATCGTCTGAA-1_GSM4013383",1.4377206608227
"GCGAGAATCCTATGTT-1_GSM4013383",1.4678047889355
"CTACCCATCCACGTTC-1_GSM4013383",1.45374280225636
"TAAGCGTGTCGCGTGT-1_GSM4013383",1.54522449338349
"ACGCCGAGTCGCCATG-1_GSM4013383",1.55582203964941
"TACACGAAGTGGGATC-1_GSM4013383",1.09498675441217
"GGTGAAGGTCGCATCG-1_GSM4013383",1.40755735217066
"TTTCCTCGTTATGCGT-1_GSM4013383",1.39447154527516
"CGTTCTGTCAACACTG-1_GSM4013383",1.47787108533977
"GATCGCGCATATGAGA-1_GSM4013383",1.57929912764377
"TGCACCTGTATTACCG-1_GSM4013383",1.49217591632825
"GACCAATCATGCAACT-1_GSM4013383",1.51301870012128
"GCCTCTAAGTGGGTTG-1_GSM4013383",1.43927926059704
"TAGGCATTCGGTGTCG-1_GSM4013383",1.45365066054932
"TACACGATCTGTCTCG-1_GSM4013383",1.37901988765269
"ACACCAAAGGCTCAGA-1_GSM4013383",1.57808335644745
"CCAATCCCAGTTAACC-1_GSM4013383",1.38950783957478
"AAGTCTGCAAAGGCGT-1_GSM4013383",1.52037783672404
"GTAGTCAAGACTTTCG-1_GSM4013383",1.41251456592574
"CACAGGCAGCGATGAC-1_GSM4013383",1.12231677514967
"ACGGGTCTCTTCTGGC-1_GSM4013383",1.44925373080675
"CGGGTCATCGGCTACG-1_GSM4013383",1.40932531066216
"CTAGAGTGTACGCACC-1_GSM4013383",1.4473056581243
"GATTCAGTCCAAGCCG-1_GSM4013383",0.933533446286327
"GCTCTGTCAACTGCGC-1_GSM4013383",1.55207459605717
"ACTATCTAGCAGCGTA-1_GSM4013383",1.3921239567959
"GTATTCTTCACAAACC-1_GSM4013383",1.51264874689173
"CGCGGTACAACTTGAC-1_GSM4013383",0.720307843244545
"CTTAACTCAGGTCTCG-1_GSM4013383",1.43490591219254
"TGGCGCACAGGCTGAA-1_GSM4013383",1.50279054814298
"ACTTGTTGTCAGGACA-1_GSM4013383",1.5363038960134
"TCAGCAATCAGCAACT-1_GSM4013383",1.48793027014479
"AACACGTAGCGGATCA-1_GSM4013383",1.38258388652042
"GGGAATGAGATCACGG-1_GSM4013383",1.44192097037866
"AACTTTCCAGGCAGTA-1_GSM4013383",1.44797966533273
"TACTTACGTAAACGCG-1_GSM4013383",1.39669910930695
"CTGCGGACAACACGCC-1_GSM4013383",1.48725385351362
"GCTGCAGTCTGTCAAG-1_GSM4013383",1.40754555201964
"AACTCAGTCGGATGTT-1_GSM4013383",1.51939292113362
"CCACTACAGCTGATAA-1_GSM4013383",1.45406350306606
"GATGAGGAGACCGGAT-1_GSM4013383",1.46030351662777
"CATCAAGCACGCCAGT-1_GSM4013383",1.50671668502523
"TAGTGGTTCCTGTACC-1_GSM4013383",1.38111770561389
"CGTTCTGGTCAAGCGA-1_GSM4013383",1.55554583875363
"CTACATTCACTGTCGG-1_GSM4013383",1.45978627084383
"CACATAGAGGATGTAT-1_GSM4013383",1.51494429699547
"ACGGCCAAGCCGATTT-1_GSM4013383",1.38077398592351
"AAAGTAGCAATGGTCT-1_GSM4013383",1.41749209193233
"TTTGTCATCAGAGGTG-1_GSM4013383",1.51609745670577
"GAGTCCGAGCTCCTCT-1_GSM4013383",1.42242394362592
"GGCGTGTGTCGACTAT-1_GSM4013383",1.45640025538256
"ACTGAGTCAATTGCTG-1_GSM4013383",1.45826601483567
"AAAGATGCATTTGCCC-1_GSM4013383",1.4556311744321
"CAGCGACTCTTAGAGC-1_GSM4013383",1.50310871410327
"GCTGGGTAGTCCGTAT-1_GSM4013383",1.49125348777289
"CTACCCAGTGGAAAGA-1_GSM4013383",1.52031660457181
"CTTAACTGTGCTTCTC-1_GSM4013383",1.47119758371267
"GTAACTGTCATGTCTT-1_GSM4013383",1.57627025257281
"TGTATTCGTAAAGGAG-1_GSM4013383",1.47046465485661
"TGGGAAGAGATCGATA-1_GSM4013383",1.46702233005763
"GGGTCTGCAAGCCGCT-1_GSM4013383",0.633168120007235
"ACCCACTTCGTAGGTT-1_GSM4013383",1.46029714511042
"ACTGTCCTCCGAACGC-1_GSM4013383",1.43003888804807
"AGTTGGTTCGTCCGTT-1_GSM4013383",1.50292459085986
"ACATCAGGTACAGTTC-1_GSM4013383",1.47046685906325
"GGACAAGCATCCTAGA-1_GSM4013383",1.18271983250745
"GCAGCCAAGGTGCACA-1_GSM4013383",1.43978122700646
"TGTTCCGGTGTAACGG-1_GSM4013383",1.47613140734471
"GCGCAGTCAAAGGTGC-1_GSM4013383",1.47683667863606
"GCAGTTAAGTCCAGGA-1_GSM4013383",1.42741203042115
"CTCTACGGTGTCAATC-1_GSM4013383",1.4419862389499
"GCTGCTTGTGCGCTTG-1_GSM4013383",1.5749242626986
"AGGGAGTAGGATGGTC-1_GSM4013383",1.59025594698451
"CGCTATCAGCGGATCA-1_GSM4013383",0.745789559525888
"CGCGTTTTCACATACG-1_GSM4013383",1.32159194239024
"CCTACCAAGTGCGTGA-1_GSM4013383",1.01810481908985
"CAAGATCTCAATCACG-1_GSM4013383",1.49006432418005
"AGCATACGTAGTACCT-1_GSM4013383",1.43188139432257
"GACTACAAGGCATGGT-1_GSM4013383",1.58247048885888
"GTCATTTAGAGGTTAT-1_GSM4013383",1.43524197384764
"CGTCAGGCACTTGGAT-1_GSM4013383",1.51837137025732
"GCAGCCAAGCGTAGTG-1_GSM4013383",1.45027051170683
"GCTGCTTGTACTTCTT-1_GSM4013383",1.47570922362272
"CATGACAGTTTGTTTC-1_GSM4013383",1.60935353833335
"TTCTCAAAGTCAATAG-1_GSM4013383",1.48943393117397
"GTCACGGTCCTACAGA-1_GSM4013383",1.41282780275201
"CGTCTACAGCGGATCA-1_GSM4013383",1.46459502343689
"TCAGCTCAGTCATGCT-1_GSM4013383",1.49905076962144
"CGGACTGGTGCAGTAG-1_GSM4013383",1.41610634051173
"ACGATGTTCACCACCT-1_GSM4013383",1.47850655258529
"GGCTCGAAGTGTGAAT-1_GSM4013383",1.44170439318816
"GGCGTGTAGGGTGTGT-1_GSM4013383",1.34154153219151
"GGATTACTCCAGAGGA-1_GSM4013383",1.43676718583529
"GGACATTAGCCACCTG-1_GSM4013383",1.48370417251517
"CCACTACAGACGCACA-1_GSM4013383",1.51032573513818
"CCTTACGGTAGGAGTC-1_GSM4013383",0.769398505763418
"CCACCTAGTCTAGCGC-1_GSM4013383",1.47025226434942
"TCACGAAGTTTGTGTG-1_GSM4013383",1.47529100768737
"CTTTGCGAGCGTGAAC-1_GSM4013383",1.48380756299007
"GGAACTTCATGGTCTA-1_GSM4013383",1.5335791756654
"AACCATGTCGGCGGTT-1_GSM4013383",1.37777278861675
"CTGCCTAGTAAGGGCT-1_GSM4013383",1.46397462086108
"CCACCTAGTTGCTCCT-1_GSM4013383",1.43980812091851
"TTGCGTCGTAGGGACT-1_GSM4013383",1.41478469967665
"GTATCTTTCACTTACT-1_GSM4013383",0.96867996852737
"CACAGTACAGTATCTG-1_GSM4013383",1.43191270110348
"TTTATGCAGAAACCGC-1_GSM4013383",1.32933772225047
"CAAGTTGGTAGTAGTA-1_GSM4013383",1.33581914303385
"ACTGAGTAGAGTCGGT-1_GSM4013383",1.4169564164085
"ATTGGACGTCTTCTCG-1_GSM4013383",1.45889153349803
"TCACAAGTCCTGCTTG-1_GSM4013383",1.38932178520877
"ACTATCTAGGCGACAT-1_GSM4013383",1.38288695345626
"CAACCTCTCCACTGGG-1_GSM4013383",1.06989523522729
"ACACCAATCACTCTTA-1_GSM4013383",1.34191981561085
"GGATTACAGACTAGGC-1_GSM4013383",1.54660109033753
"GCTGCTTGTGTAATGA-1_GSM4013383",1.53038774267839
"TTGCGTCCACCATCCT-1_GSM4013383",1.47772922539294
"TGGGAAGGTCTGGAGA-1_GSM4013383",1.55728284138232
"AACGTTGTCCTTTCGG-1_GSM4013383",1.31320705246364
"CAAGATCGTACATCCA-1_GSM4013383",1.48329891561606
"ACCAGTAGTACAGCAG-1_GSM4013383",0.995454070260936
"TCAGCAATCTGCTTGC-1_GSM4013383",0.660468401984064
"CTCGGAGGTGCAGGTA-1_GSM4013383",1.43417573862123
"CGATGTACAAGTCTGT-1_GSM4013383",0.840990649574105
"GCTGCTTGTCGACTGC-1_GSM4013383",1.4898647968034
"AGTCTTTAGACCTAGG-1_GSM4013383",1.02257503348446
"AACTCTTGTCAACATC-1_GSM4013383",1.46501792602737
"ACGGCCAAGCACGCCT-1_GSM4013383",1.42766078461459
"GCCAAATCACGGACAA-1_GSM4013383",1.11713592904775
"CGTCAGGGTAAAGGAG-1_GSM4013383",1.47713431998344
"GGATGTTCAGGGTACA-1_GSM4013383",1.49427179138007
"ATTGGTGGTCCATCCT-1_GSM4013383",1.44792985187634
"GGGATGACAAACCCAT-1_GSM4013383",0.616614382190357
"GTCACGGCATACGCCG-1_GSM4013383",1.41702975783843
"ACGGGCTCAAGCCTAT-1_GSM4013383",1.5022624994216
"AAAGATGCACTTCGAA-1_GSM4013383",1.43099454374376
"CGTCAGGAGCGTCTAT-1_GSM4013383",1.52774679215933
"GAGTCCGCACAGGCCT-1_GSM4013383",1.3087572160441
"AACCGCGGTTCAGACT-1_GSM4013383",1.33740964208561
"TCAGATGAGAGGTTGC-1_GSM4013383",1.43691993035847
"CAGATCAGTATAATGG-1_GSM4013383",1.35338716001686
"GTGTTAGCAGCCTTGG-1_GSM4013383",1.37718117713815
"CTCGTCACACTATCTT-1_GSM4013383",1.41488459292281
"GGACGTCAGCTTATCG-1_GSM4013383",1.42195178288655
"TTCTCAATCGGCATCG-1_GSM4013383",1.39118964261639
"ATGCGATCACCAGATT-1_GSM4013383",1.46095530483515
"ATGAGGGAGTTTAGGA-1_GSM4013383",1.37682653312296
"ACGATACAGCTGAACG-1_GSM4013383",1.50526544677143
"TAGAGCTCATTTCAGG-1_GSM4013383",1.39972691995306
"ATCATGGAGATCGGGT-1_GSM4013383",1.40941980835815
"GGGACCTTCGGAAATA-1_GSM4013383",0.931199178321585
"ATCATGGGTCCAACTA-1_GSM4013383",1.40666233699995
"ATGAGGGTCCGTAGGC-1_GSM4013383",1.46794598423192
"CCTTACGCATGGGACA-1_GSM4013383",0.909212057245944
"CCAATCCGTGGTAACG-1_GSM4013383",1.36823621285689
"GTGCATATCCTGTAGA-1_GSM4013383",1.46210133239636
"TCATTACCAATCCGAT-1_GSM4013383",0.805262998223338
"ATGTGTGCACAGGTTT-1_GSM4013383",1.4110572287579
"TCGGGACAGGTAAACT-1_GSM4013383",1.41015607069693
"GTCAAGTGTTTGTGTG-1_GSM4013383",1.35400240413006
"TAGTTGGAGAATGTTG-1_GSM4013383",0.900107320528169
"TCATTTGTCTTGTACT-1_GSM4013383",1.33107205828295
"GCTGCAGAGCACCGTC-1_GSM4013383",1.52305957585598
"GTGTTAGAGTACGTTC-1_GSM4013383",1.45505680094797
"CGGACTGAGAGCTTCT-1_GSM4013383",1.40739830001983
"ATAAGAGCATCCGCGA-1_GSM4013383",1.40945142499657
"CTGCGGACAAATACAG-1_GSM4013383",1.44005952456202
"TAGACCAGTCTCTTAT-1_GSM4013383",0.863106960102035
"TAGGCATCACAGAGGT-1_GSM4013383",1.42856109646722
"ACCAGTACACAGGAGT-1_GSM4013383",0.949013321756128
"AGGGAGTCAAGCTGTT-1_GSM4013383",1.49764692986487
"TCGAGGCTCGGCATCG-1_GSM4013383",1.42324330604095
"CATCAAGCAAGCGATG-1_GSM4013383",1.44336339245828
"CCAGCGACATCCGTGG-1_GSM4013383",1.40817657631939
"GATGAGGTCAACACCA-1_GSM4013383",0.692942076907164
"CTAGTGAAGTAGCGGT-1_GSM4013383",1.50923986725129
"CAGATCACACCGAATT-1_GSM4013383",1.4840330857083
"CAGCAGCAGCGTCTAT-1_GSM4013383",1.42945277060992
"ATTGGTGTCTGTCTCG-1_GSM4013383",1.36084481720238
"GATGAAACAACAACCT-1_GSM4013383",1.38012261721601
"ACACCGGTCCTGTAGA-1_GSM4013383",1.51438840337831
"CAGAATCTCTTGTACT-1_GSM4013383",1.42919965059692
"AGAATAGAGTCATGCT-1_GSM4013383",1.37630356273047
"GATCAGTTCACCTTAT-1_GSM4013383",1.36713881644134
"GCTGCAGCAGACAGGT-1_GSM4013383",1.32706921406724
"TCTGGAACATCGGTTA-1_GSM4013383",0.793141666769535
"GACTACACACGTAAGG-1_GSM4013383",1.35191826843775
"CTAAGACAGCCACTAT-1_GSM4013383",1.39829153265235
"TATCAGGCACTCGACG-1_GSM4013383",1.32734262406791
"CGAGCACTCATGTCCC-1_GSM4013383",1.41082644216841
"CACCTTGGTTACCGAT-1_GSM4013383",1.38661280225183
"CATGCCTTCCCTTGTG-1_GSM4013383",1.37712683566798
"GCATACAAGCCGCCTA-1_GSM4013383",0.918180810398171
"CGGCTAGCATGTTCCC-1_GSM4013383",0.972701745586491
"GATCGTAAGTACACCT-1_GSM4013383",1.31370578660144
"GTGAAGGGTCTAAAGA-1_GSM4013383",1.39320104712316
"CCGTTCAAGATCTGAA-1_GSM4013383",1.42379826308028
"CGAACATGTAAGGGAA-1_GSM4013383",1.48208941698086
"GCTCCTAAGCTCTCGG-1_GSM4013383",1.42395525082142
"ATCATCTGTTGGTAAA-1_GSM4013383",1.4523028471301
"CGACCTTAGCGCTCCA-1_GSM4013383",1.32855648288555
"TGCGCAGTCGAACTGT-1_GSM4013383",1.45007797850032
"TACGGATTCGGCGCTA-1_GSM4013383",0.701308400086293
"CGGTTAACACAAGTAA-1_GSM4013383",1.40375678972525
"ACTATCTAGTTCCACA-1_GSM4013383",0.759465014036798
"GACCAATAGAATTGTG-1_GSM4013383",1.41689085760812
"CATGACACATGCCTAA-1_GSM4013383",1.0952781058049
"GCGCAACTCAGTGCAT-1_GSM4013383",1.41471651395639
"CACACCTCAAGCCATT-1_GSM4013383",0.872881203797552
"ACTGATGAGATCCCGC-1_GSM4013383",1.443282722151
"AGGGATGTCAGAGACG-1_GSM4013383",1.43403425789383
"GGTGTTAGTGAAGGCT-1_GSM4013383",1.43917587455162
"TATCTCACATTTCAGG-1_GSM4013383",1.26672003486679
"GTCACAAGTCAATACC-1_GSM4013383",1.42750614030946
"TGCTGCTTCACAAACC-1_GSM4013383",1.39240792131409
"GACCTGGAGGATGGAA-1_GSM4013383",1.44659113454098
"GCTTCCATCGTACGGC-1_GSM4013383",1.50448273555085
"GTACTCCAGAATAGGG-1_GSM4013383",1.43146799701889
"CCGTACTCAGACGCAA-1_GSM4013383",1.35511119583464
"CATTATCAGCTAAGAT-1_GSM4013383",1.42276194666315
"ATTGGTGCACGAGGTA-1_GSM4013383",1.33040852484734
"GGCCGATCAGACAAAT-1_GSM4013383",1.41127966650446
"GGGAGATGTTATCACG-1_GSM4013383",1.3988524745367
"CACACTCTCTCGAGTA-1_GSM4013383",1.47321348989561
"TTTGTCATCGCGATCG-1_GSM4013383",1.41736085486944
"CGAGCACCAAGCCGCT-1_GSM4013383",1.3918557209212
"TGTGGTAAGCCCGAAA-1_GSM4013383",1.38151034742686
"GTCATTTAGGATGGTC-1_GSM4013383",1.3880534118744
"CTGATCCTCTGCAGTA-1_GSM4013383",1.37787208435914
"CATGGCGGTGATGTCT-1_GSM4013383",1.30897207581938
"AACTCTTCATCTATGG-1_GSM4013383",1.37249810914284
"GGTGAAGTCGAGCCCA-1_GSM4013383",1.39876723674694
"CCATGTCCAGTCTTCC-1_GSM4013383",1.24088929917636
"CCGTTCAAGAGAGCTC-1_GSM4013383",0.657905820280646
"TACTCATGTTTGTTGG-1_GSM4013383",1.4293937286897
"GCTTCCACACAGGAGT-1_GSM4013383",1.32804882625962
"TAGTTGGGTAAGTTCC-1_GSM4013383",0.736242797969521
"TGTGGTATCTAACTGG-1_GSM4013383",1.44022615867951
"CCATTCGAGACTAGAT-1_GSM4013383",1.35855373799879
"ATCACGAGTCATCGGC-1_GSM4013383",1.41939735006992
"CCTCTGAAGCAGGCTA-1_GSM4013383",1.39357726988028
"CAGCGACGTAGCGATG-1_GSM4013383",0.746591160102201
"TGGACGCTCGGACAAG-1_GSM4013383",0.669727331483188
"TCAGGTAGTAAGAGGA-1_GSM4013383",1.3231326105322
"AGCGGTCTCTGGAGCC-1_GSM4013383",0.993250470482261
"CGAACATCACCGATAT-1_GSM4013383",1.38000989598617
"ATCGAGTAGCCTTGAT-1_GSM4013383",0.782609481686124
"AAACCTGTCAGCTCTC-1_GSM4013383",1.31882990824055
"GCATGCGTCAGTGTTG-1_GSM4013383",1.37953174822517
"CTCGGAGAGTTAGCGG-1_GSM4013383",1.42423808668171
"CTACGTCTCAACGGCC-1_GSM4013383",1.32586097726429
"CCGTTCACAGTTCCCT-1_GSM4013383",1.37990860884258
"CAGGTGCCAGATCTGT-1_GSM4013383",1.45269250275526
"ACGCCGACAGACAGGT-1_GSM4013383",1.42863283042746
"ATTGGTGGTCGACTGC-1_GSM4013383",1.42827347942558
"AGCGGTCTCTTAACCT-1_GSM4013383",1.43941349260584
"GTGAAGGTCACTCTTA-1_GSM4013383",0.993193089082536
"TACCTATCATAAGACA-1_GSM4013383",1.43327998742326
"GATCTAGGTGCTCTTC-1_GSM4013383",1.38860811915581
"TAGTGGTAGGCAATTA-1_GSM4013383",1.34916659560837
"GCATACAGTAAATACG-1_GSM4013383",1.01700725408423
"CATGACAAGGTGCACA-1_GSM4013383",0.98657464384107
"GTGTTAGCACACGCTG-1_GSM4013383",1.29846670150407
"TGGTTCCAGATCTGCT-1_GSM4013383",0.962344924900165
"GCTCTGTCAACACCCG-1_GSM4013383",0.754189939183325
"CATCCACAGGTGTGGT-1_GSM4013383",0.753074018779702
"CCTACACAGTTAGGTA-1_GSM4013383",1.38060613226052
"CTCGAGGTCCTTTCGG-1_GSM4013383",0.834327057139349
"CAGAGAGGTAATCACC-1_GSM4013383",1.33070393756599
"GAAACTCAGAAACCTA-1_GSM4013383",1.47207136445142
"CAGTCCTTCGACGGAA-1_GSM4013383",0.774606655058434
"TGGGCGTGTGTTGGGA-1_GSM4013383",1.49805331390892
"GGTGCGTAGCGCTTAT-1_GSM4013383",1.41008940089677
"GGGCACTGTATAGGTA-1_GSM4013383",1.33482445500723
"TGGTTAGCAAGCTGGA-1_GSM4013383",1.36183614469732
"AGCATACGTCTCGTTC-1_GSM4013383",0.706059332686305
"CCTACACAGCAAATCA-1_GSM4013383",1.30811205388337
"AGGTCCGAGTACGATA-1_GSM4013383",1.40236889357337
"AACCATGTCAAAGTAG-1_GSM4013383",0.739537496951337
"GCATACAGTATATCCG-1_GSM4013383",0.85193312315149
"CAGTCCTAGGGCTCTC-1_GSM4013383",1.04928180757518
"CAACTAGCAAGCGAGT-1_GSM4013383",1.3996687477521
"GGTGTTACACACTGCG-1_GSM4013383",1.32996354443936
"TCTCTAATCCTCGCAT-1_GSM4013383",1.25654563330348
"ACTTACTAGCAGCCTC-1_GSM4013383",0.868723828229894
"ACGGCCATCAGGATCT-1_GSM4013383",1.34555748301597
"AGAGCGAGTCTAAACC-1_GSM4013383",1.4516598941165
"GAAATGAAGTATCTCG-1_GSM4013383",1.31677636480714
"TACAGTGTCTAGCACA-1_GSM4013383",0.809437218617401
"ATAACGCGTCAAAGCG-1_GSM4013383",0.898271571953221
"GGACAGAAGGGAAACA-1_GSM4013383",1.10815253943726
"TGATTTCCATCTATGG-1_GSM4013383",1.32462081788658
"TACCTTAAGATCCCGC-1_GSM4013383",1.48936822721153
"TCGTACCGTGATGATA-1_GSM4013383",1.4213136120854
"GCTGCTTGTCATTAGC-1_GSM4013383",1.48649540360866
"CTCATTAAGTGCCAGA-1_GSM4013383",1.38609114883739
"CAGCTAACACCTGGTG-1_GSM4013383",1.36908855413229
"ATCATGGGTATCGCAT-1_GSM4013383",1.3561785767008
"CGAGAAGGTCACACGC-1_GSM4013383",1.34066607849408
"GGGCATCCACCAGATT-1_GSM4013383",0.768004968589427
"AAGGCAGTCTCGATGA-1_GSM4013383",1.39399207167668
"CGGAGCTCACGGCGTT-1_GSM4013383",1.41913525802849
"ACGATGTCATGCAATC-1_GSM4013383",0.909851127733172
"GTCGGGTTCCTAGTGA-1_GSM4013383",1.4177262777766
"ATAAGAGGTTTGCATG-1_GSM4013383",1.41584181201399
"GCACATAGTTGGAGGT-1_GSM4013383",1.43520909679829
"ACGCAGCAGTCCGGTC-1_GSM4013383",1.31598938339165
"GTGAAGGCAGCATACT-1_GSM4013383",1.39517299156288
"AGCTTGAAGCCACGTC-1_GSM4013383",1.33646120479764
"GTGAAGGAGTAGGCCA-1_GSM4013383",1.4254768140603
"ACCTTTATCTGAGGGA-1_GSM4013383",1.35361859136966
"CTCTGGTCAAGGCTCC-1_GSM4013383",1.271331551706
"GTGTTAGAGCGATGAC-1_GSM4013383",1.37475100109234
"GCGCCAACAAGTACCT-1_GSM4013383",1.34764241200008
"CGGACGTAGATCGATA-1_GSM4013383",0.612432767962869
"ACTGCTCAGGTAGCTG-1_GSM4013383",1.29861401934177
"GCGACCAAGGGTTTCT-1_GSM4013383",1.32985456622842
"CTACATTCATTATCTC-1_GSM4013383",1.01881865674922
"GACGTTATCCCACTTG-1_GSM4013383",1.33042761261447
"GACAGAGGTCACCTAA-1_GSM4013383",1.43287972982022
"CATTATCTCCCTAACC-1_GSM4013383",0.603977616974821
"GGCCGATCAGTATAAG-1_GSM4013383",1.37588586144275
"GCAATCAGTAAGTTCC-1_GSM4013383",1.30099636191028
"GCGCAGTTCGTCGTTC-1_GSM4013383",1.39094072180187
"TGAGGGAAGTACGTTC-1_GSM4013383",1.48179542247156
"CCCAGTTAGCTCCTTC-1_GSM4013383",1.3030947796586
"AGGCCGTTCGCATGGC-1_GSM4013383",1.3675952593648
"CGAGCCACATCCCATC-1_GSM4013383",0.672063029314964
"GGAACTTCACCTGGTG-1_GSM4013383",1.40501635321485
"CCAGCGAAGTTGAGTA-1_GSM4013383",1.33658752990778
"CGGACGTTCTCCTATA-1_GSM4013383",1.41292608014648
"CCGTTCAAGATACACA-1_GSM4013383",0.880860645871021
"ACGCCAGAGTGACTCT-1_GSM4013383",1.45521774236683
"AATCCAGTCTCTGAGA-1_GSM4013383",1.38440540633506
"ACTGTCCAGTGTCCAT-1_GSM4013383",1.37705599707965
"AGTGGGAAGGAGCGTT-1_GSM4013383",0.754297949290302
"TGCTACCCAACTGCGC-1_GSM4013383",1.29093402971193
"ACGGAGAAGACTTTCG-1_GSM4013383",1.33541911699594
"GGTGCGTAGAAGGTTT-1_GSM4013383",1.32517268981426
"TCGCGAGTCATCGATG-1_GSM4013383",1.44521104449087
"CGGACTGTCTCTTATG-1_GSM4013383",1.41562081418104
"CTGATAGCAGATTGCT-1_GSM4013383",0.763474270093023
"GATCGTATCTCTTGAT-1_GSM4013383",1.29135270387532
"GTAACGTAGATAGCAT-1_GSM4013383",0.728424999024376
"AAGACCTCACATCCAA-1_GSM4013383",0.759079578225699
"TCCCGATAGGGTTTCT-1_GSM4013383",1.40175346931338
"TTGCGTCGTTCAGGCC-1_GSM4013383",1.36026331360127
"CAGAATCTCACTATTC-1_GSM4013383",1.46208572879583
"TTTGGTTCATTACGAC-1_GSM4013383",1.46687034875976
"GCGCAGTTCTGCGGCA-1_GSM4013383",1.38228992313999
"CGCGGTACAGCCTTTC-1_GSM4013383",1.36251690813216
"TAGACCATCCGTCAAA-1_GSM4013383",1.33636733748387
"GCACATAGTTCACCTC-1_GSM4013383",1.43056782546956
"CGTTAGACACAGACAG-1_GSM4013383",0.860132833724804
"ACATGGTTCGCTAGCG-1_GSM4013383",1.26801911621555
"TCCACACTCACAAACC-1_GSM4013383",0.852318790192822
"TGGCCAGAGAGCCTAG-1_GSM4013383",1.33755611253286
"CTGAAGTTCGGTTAAC-1_GSM4013383",1.42266180239632
"ATAACGCTCGGTCCGA-1_GSM4013383",0.887684291828895
"AAGTCTGAGGAGCGTT-1_GSM4013383",1.24229719213429
"TATTACCGTGAGTGAC-1_GSM4013383",1.35893950059217
"CAGTAACCAGCTCCGA-1_GSM4013383",1.28859709506705
"CAGGTGCAGCGACGTA-1_GSM4013383",0.675642530359712
"ACTATCTTCCCTGACT-1_GSM4013383",1.40694140012187
"GAGCAGATCCGCAAGC-1_GSM4013383",1.42499150535635
"GCCAAATCAATCACAC-1_GSM4013383",1.42591274486123
"TTGGAACGTTTAAGCC-1_GSM4013383",1.33531797407191
"TGCGGGTCACTTCTGC-1_GSM4013383",1.22877923237199
"AGGTCCGCATCTGGTA-1_GSM4013383",1.39283205198174
"GAAATGAAGATCCTGT-1_GSM4013383",1.28306337888044
"GACGGCTTCGATAGAA-1_GSM4013383",0.600403106310965
"GCTGCTTTCACGGTTA-1_GSM4013383",1.32854661539149
"AGGGTGAGTTCGGCAC-1_GSM4013383",1.33357454304874
"GTCATTTAGTTGTCGT-1_GSM4013383",1.24659519294975
"ACATCAGGTCCGACGT-1_GSM4013383",0.705179894348986
"ATCACGATCTTGTACT-1_GSM4013383",1.3479786350324
"TGTGTTTCAGTCACTA-1_GSM4013383",1.35934424541761
"GAATGAACACGGTGTC-1_GSM4013383",1.27490153699685
"GACCTGGAGTGTTAGA-1_GSM4013383",1.33397609582815
"TCGCGAGAGGATGCGT-1_GSM4013383",1.31916922859708
"GCTTCCACATAGTAAG-1_GSM4013383",1.26075833855378
"CCACGGAGTAGCTGCC-1_GSM4013383",1.38061799908368
"CAACCTCAGAGTAAGG-1_GSM4013383",1.36575076480837
"ATGAGGGTCGTACCGG-1_GSM4013383",1.3684688123401
"CAACCAAAGCCCGAAA-1_GSM4013383",1.39055077803389
"GTGCTTCCACTTGGAT-1_GSM4013383",1.43718275978925
"GGACGTCAGCTCAACT-1_GSM4013383",0.992511661149405
"TAGACCAAGCGTTCCG-1_GSM4013383",0.770758913226917
"CATGCCTCATATGGTC-1_GSM4013383",1.38321170075955
"CTGCGGATCTTCAACT-1_GSM4013383",1.34373120061159
"GCGAGAATCTCATTCA-1_GSM4013383",0.887863028680603
"CTCACACGTCAATACC-1_GSM4013383",0.836639254439005
"CTGTTTAGTGTTTGGT-1_GSM4013383",1.31259812087883
"TACTCGCTCATCGCTC-1_GSM4013383",1.37786556373519
"TGGTTCCGTCAAAGCG-1_GSM4013383",1.27755350441659
"CGGACTGCACAAGACG-1_GSM4013383",1.30342829619289
"TTGAACGTCAAACCAC-1_GSM4013383",1.31330318778115
"GTAGGCCGTTACTGAC-1_GSM4013383",1.31920274568259
"GGTGTTAAGGAATGGA-1_GSM4013383",1.22205088512528
"CCCAGTTTCCTGTAGA-1_GSM4013383",1.41917876242573
"GACTAACTCAGCATGT-1_GSM4013383",1.31903606475242
"ATCTACTTCCCATTTA-1_GSM4013383",1.31966262699011
"GAGCAGACATCACGAT-1_GSM4013383",1.47731514226447
"GTAGTCATCTAGCACA-1_GSM4013383",1.50496760103899
"CATGGCGCAGGTCCAC-1_GSM4013383",1.31454264660684
"TTGCGTCCAATTGCTG-1_GSM4013383",1.46406278345351
"CGTAGGCGTGGTCCGT-1_GSM4013383",1.40074902126542
"GTGCAGCGTCCGTCAG-1_GSM4013383",0.89402261080725
"GACACGCCAGCTGCTG-1_GSM4013383",1.29447696073611
"GTGTGCGTCTAGAGTC-1_GSM4013383",1.23312008371109
"CTAAGACTCTTGCCGT-1_GSM4013383",1.38531423240116
"CCATGTCAGTGAAGTT-1_GSM4013383",1.26212806206413
"CCAGCGATCTTTCCTC-1_GSM4013383",1.41517516140894
"ACTGAGTAGATCCTGT-1_GSM4013383",1.27476644607315
"TTTACTGAGAGGGATA-1_GSM4013383",1.35398186947772
"TAGACCATCGTACGGC-1_GSM4013383",0.897823764196829
"GCAATCAAGACAAGCC-1_GSM4013383",1.357318005951
"ACTTGTTGTTCATGGT-1_GSM4013383",1.12701210082661
"GTCACGGAGGATGGAA-1_GSM4013383",1.21836273626379
"TTGCCGTTCTTGGGTA-1_GSM4013383",1.25123034041667
"TCTGAGACATGCATGT-1_GSM4013383",0.967036266250966
"TTTATGCGTAAATACG-1_GSM4013383",0.801339081944412
"TCTTCGGTCGGAAACG-1_GSM4013383",1.34941580505157
"CAGCTAACAGGTGCCT-1_GSM4013383",1.34100352205646
"CTGCCTATCATTTGGG-1_GSM4013383",1.36773307635005
"ACCAGTAGTCGGATCC-1_GSM4013383",1.33132056144596
"CGATTGAAGGTGACCA-1_GSM4013383",0.877135923400315
"AAGGTTCGTAATTGGA-1_GSM4013383",1.24916189485864
"CATCGGGGTCTAGCGC-1_GSM4013383",1.22092125096809
"GCGGGTTAGCCGTCGT-1_GSM4013383",1.38776323499112
"TGGCGCAGTCTCACCT-1_GSM4013383",1.31695116109288
"CCGTACTCAAGCCTAT-1_GSM4013383",0.723785638419801
"CACAGTACATGGGAAC-1_GSM4013383",1.36970569833121
"CGTGTCTCAATTCCTT-1_GSM4013383",1.33862158246848
"CACTCCATCCTAGTGA-1_GSM4013383",1.35190738278775
"CTTAGGATCCAAAGTC-1_GSM4013383",1.19747401343185
"TGGCCAGCACTATCTT-1_GSM4013383",0.734270705942208
"GACTACATCTCGCATC-1_GSM4013383",1.34768505234979
"AAATGCCAGCACGCCT-1_GSM4013383",1.25337762031837
"TCTTTCCTCCGAAGAG-1_GSM4013383",1.45788009387833
"GTCGGGTGTTAAAGTG-1_GSM4013383",0.795182347134969
"ACTTGTTTCATGCATG-1_GSM4013383",1.29827966428389
"CACAAACGTAGCCTAT-1_GSM4013383",1.3005518842105
"ACCTTTATCCCGGATG-1_GSM4013383",1.27471012917337
"GAATGAAAGCGTGTCC-1_GSM4013383",1.41458116730419
"CCTCAGTGTGGTCCGT-1_GSM4013383",1.38071124008107
"AACGTTGGTGAGGCTA-1_GSM4013383",1.38282117604631
"ATAGACCTCTTGAGAC-1_GSM4013383",1.45311178384048
"TCAACGAAGCTGCCCA-1_GSM4013383",1.44010770979071
"GGACAAGAGTGGGATC-1_GSM4013383",0.763881659618615
"GTCGTAATCATCGCTC-1_GSM4013383",0.896291933147929
"GGCGTGTGTTTCGCTC-1_GSM4013383",0.840821177740543
"CTCGGGAGTAGTGAAT-1_GSM4013383",0.805151433174897
"AACTCCCTCGTTTATC-1_GSM4013383",0.813659455390379
"ACTATCTCATCGGAAG-1_GSM4013383",0.713486627250436
"AGATCTGGTTCACCTC-1_GSM4013383",0.794161176394264
"GGATTACAGTGCCAGA-1_GSM4013383",0.711640541208876
"AAAGTAGCAACCGCCA-1_GSM4013383",1.32116742600345
"ACTGATGAGCGAGAAA-1_GSM4013383",1.10108804353423
"TTCCCAGAGTGTTTGC-1_GSM4013383",1.35909746079854
"GTCGGGTAGCCCGAAA-1_GSM4013383",1.42150019534875
"GATGAGGCAGCTCCGA-1_GSM4013383",1.26207060644996
"ACGTCAATCAGAAATG-1_GSM4013383",1.34757080030098
"AGGGTGAAGCCAGGAT-1_GSM4013383",1.31259964112544
"TACAGTGAGCGTCAAG-1_GSM4013383",1.22605762525758
"AAGGAGCCAATAGCAA-1_GSM4013383",0.709902733192885
"CACACTCAGACTGGGT-1_GSM4013383",1.25921538126822
"GCATGCGTCTTCGAGA-1_GSM4013383",0.675864283711766
"CGGTTAAAGTGCGTGA-1_GSM4013383",1.39145125470911
"ACGGCCATCTGCAGTA-1_GSM4013383",0.804925384650399
"CACATTTTCACATGCA-1_GSM4013383",1.41503466640334
"TGAGGGATCTAGAGTC-1_GSM4013383",1.36795754281478
"CCTTACGCAAGGGTCA-1_GSM4013383",0.760325900767521
"CTGATCCCACCAACCG-1_GSM4013383",0.662970918406044
"AGTGTCAAGTATGACA-1_GSM4013383",0.916809853925796
"GGTGTTAAGGGAGTAA-1_GSM4013383",1.3227675018608
"TACTTACGTTCGGGCT-1_GSM4013383",0.757500007696037
"GTGAAGGTCATAAAGG-1_GSM4013383",1.419054805839
"GTTACAGTCGCTTAGA-1_GSM4013383",1.01571459842284
"CGGTTAAGTACATCCA-1_GSM4013383",1.35676828032485
"AACTGGTTCCTAGGGC-1_GSM4013383",1.1968703298874
"CATCGAAGTTAAGAAC-1_GSM4013383",1.25837646375539
"CTGCCTATCCAGTATG-1_GSM4013383",0.802086375224218
"TGAGGGACAGGTCCAC-1_GSM4013383",1.35708724276568
"TGAAAGAGTGAACCTT-1_GSM4013383",1.35243041961512
"ACGCAGCAGGAATCGC-1_GSM4013383",1.32547008521725
"TGGCCAGAGTTACGGG-1_GSM4013383",0.897961159853107
"CATGACAGTGCTGTAT-1_GSM4013383",0.906317916184581
"TGTGTTTGTGGAAAGA-1_GSM4013383",1.39160653725559
"CGGACGTTCTGTCAAG-1_GSM4013383",0.533572436255452
"GCAGCCAGTCAACTGT-1_GSM4013383",1.33553034916348
"TCGGGACTCAACACCA-1_GSM4013383",1.32022597448794
"CCTAGCTAGTAGCGGT-1_GSM4013383",1.34271292304521
"CTAGAGTTCACTTCAT-1_GSM4013383",1.08247289113809
"GATGCTAGTCCCTACT-1_GSM4013383",1.08100257459248
"GGACGTCGTCATTAGC-1_GSM4013383",0.944307881759587
"GGCGTGTGTGGGTCAA-1_GSM4013383",1.40189319432385
"TCCCGATCATGAGCGA-1_GSM4013383",1.27373452433211
"TATTACCGTTAAAGAC-1_GSM4013383",1.3477856115213
"CGCCAAGCACCGAAAG-1_GSM4013383",1.29275934233294
"GTTCGGGGTCTTCTCG-1_GSM4013383",1.31526856759669
"CATCCACGTCACAAGG-1_GSM4013383",1.34648470894789
"TTAACTCTCCAAGTAC-1_GSM4013383",1.34344921659632
"TTTGTCAGTAATTGGA-1_GSM4013383",1.39266386112351
"AGCTTGAAGAATCTCC-1_GSM4013383",1.27122058690172
"CCATTCGAGTCTCGGC-1_GSM4013383",1.33904364190101
"TCTATTGCAATAGCGG-1_GSM4013383",1.25457613019282
"CGGAGCTGTGAGTGAC-1_GSM4013383",1.20348246848444
"ACTGTCCCAGCTTCGG-1_GSM4013383",1.33245892437308
"ACAGCCGTCCACTGGG-1_GSM4013383",0.692768826644449
"CTCGTCACACGGCTAC-1_GSM4013383",1.25599864961027
"GTAACTGTCCACGCAG-1_GSM4013383",0.712058722978921
"CGATGTACAGGCGATA-1_GSM4013383",1.44773042019163
"CCTTACGGTGTTAAGA-1_GSM4013383",1.27600634811728
"AGGGAGTAGTATCGAA-1_GSM4013383",1.26929513040335
"TAAGTGCTCGGTGTTA-1_GSM4013383",1.46785529268236
"GGCCGATGTCTAGTCA-1_GSM4013383",1.11702658954881
"TACTTACGTTTGACTG-1_GSM4013383",1.30184577287226
"CGTAGCGAGGACAGAA-1_GSM4013383",0.916169445385213
"TTGGCAATCTTCGAGA-1_GSM4013383",1.41492515961053
"CCTTCCCAGGTGCACA-1_GSM4013383",1.42853101077718
"CGGAGCTGTGTGGCTC-1_GSM4013383",0.751491073055115
"ACGGGCTAGTCGTACT-1_GSM4013383",1.27464758713743
"GGACGTCGTTAGAACA-1_GSM4013383",1.31694443639747
"ACCAGTATCATTTGGG-1_GSM4013383",1.42363545608123
"TGACGGCCAGTTTACG-1_GSM4013383",1.16717946771852
"CGTCCATTCGCGATCG-1_GSM4013383",1.38538571928508
"CCGTGGACAGACGCTC-1_GSM4013383",0.781511449901959
"CTCTACGGTGGCCCTA-1_GSM4013383",1.31944127129985
"TGCGGGTTCAAACCAC-1_GSM4013383",1.32427191188061
"TGCCAAAAGGCTCAGA-1_GSM4013383",1.35708111174283
"GGACATTCATCCGCGA-1_GSM4013383",1.30089342231088
"CACACTCAGCAGATCG-1_GSM4013383",1.32179377040152
"AAGCCGCCATGTTCCC-1_GSM4013383",0.745592401181688
"GGGTTGCCACGGCTAC-1_GSM4013383",0.665390005673147
"TGCCAAAAGGCCATAG-1_GSM4013383",1.29125430668836
"CAGCAGCGTTCAGGCC-1_GSM4013383",1.30572037137612
"TACGGATGTCCAGTGC-1_GSM4013383",1.09736544148227
"CCATGTCGTATGAAAC-1_GSM4013383",1.35962811988779
"TGATTTCTCAGTTAGC-1_GSM4013383",1.33473280596093
"GGGTTGCGTGTGCCTG-1_GSM4013383",1.37462222766068
"CAGCAGCAGGGAAACA-1_GSM4013383",1.19170523223969
"TGGTTCCTCGCCTGAG-1_GSM4013383",0.939010376338314
"AAGGTTCTCAGCGACC-1_GSM4013383",1.40906009024691
"TGTATTCAGCTACCTA-1_GSM4013383",1.27022160363836
"ATCTGCCCACGGTAAG-1_GSM4013383",0.764938889710087
"CGAATGTAGCTGAAAT-1_GSM4013383",1.37972097099956
"GCTGCGATCTTGAGGT-1_GSM4013383",1.27366293459171
"GGCCGATGTCTTCTCG-1_GSM4013383",1.1302765513666
"TCGTAGAAGGCACATG-1_GSM4013383",0.730111294431637
"CGTCAGGAGGCTCTTA-1_GSM4013383",1.20185182058843
"TTTACTGCAAAGCGGT-1_GSM4013383",0.744982517642018
"TTATGCTTCATCGCTC-1_GSM4013383",0.892940869410891
"ATCCGAACATTGGGCC-1_GSM4013383",0.737697941306339
"GTGCATAGTTGGGACA-1_GSM4013383",1.01855856948285
"CCCTCCTCACGTGAGA-1_GSM4013383",1.41028607110395
"ACACCGGAGGACAGAA-1_GSM4013383",1.35170297141399
"AGAGCTTCACAGATTC-1_GSM4013383",1.37209654854089
"CGAACATCAAGCTGGA-1_GSM4013383",0.634677411556453
"TCGAGGCGTAGGGACT-1_GSM4013383",1.29741875019103
"TCCCGATGTCTGGTCG-1_GSM4013383",1.26938113802217
"AGGGAGTGTGATGTCT-1_GSM4013383",1.27055193589563
"ATTGGTGGTGTGTGCC-1_GSM4013383",0.740701276714948
"GATCAGTAGGTGCAAC-1_GSM4013383",0.85001321008206
"ACGATACGTCACTGGC-1_GSM4013383",1.11809301460297
"GTCGGGTCAAAGGCGT-1_GSM4013383",1.23794661214333
"AGGGAGTCATCAGTAC-1_GSM4013383",1.35408788698284
"GGGATGAGTCCGAACC-1_GSM4013383",1.28187402728815
"GTAACTGCATCCCACT-1_GSM4013383",1.19614642665444
"GAGTCCGAGGCAAAGA-1_GSM4013383",1.25447967002641
"GTGTGCGCAAGCCCAC-1_GSM4013383",1.31098564796159
"AGTGAGGTCGAGAACG-1_GSM4013383",1.52592659578484
"TACGGGCTCTGCCAGG-1_GSM4013383",0.640659819626908
"CGGGTCACACTCAGGC-1_GSM4013383",1.41067679020087
"AATCGGTGTAGGGACT-1_GSM4013383",1.28848962244878
"GGCGTGTTCAGCTCTC-1_GSM4013383",1.23255336218534
"TCTCATAAGTGTCCCG-1_GSM4013383",0.857552424256808
"CGATCGGCATCCGGGT-1_GSM4013383",1.31989364099072
"TACCTATCAGTGAGTG-1_GSM4013383",1.03200616666784
"AGAGCTTGTAGCAAAT-1_GSM4013383",1.22098758662135
"CGGGTCATCTCTGCTG-1_GSM4013383",1.32996206042029
"TTGACTTTCCAAACTG-1_GSM4013383",1.23889251592079
"CACAAACCAAGTAATG-1_GSM4013383",1.13022451208772
"TCTGAGATCTCGTATT-1_GSM4013383",1.31353430198939
"AATCGGTGTTAGAACA-1_GSM4013383",1.39036859545222
"CCTAAAGTCCAGTATG-1_GSM4013383",1.07565685526585
"AATCCAGGTCCGAGTC-1_GSM4013383",1.10694217255818
"TGGTTCCCACTTAAGC-1_GSM4013383",0.622905658056904
"AGTGAGGTCGTGGGAA-1_GSM4013383",1.31292662476532
"GCCAAATAGGGTTCCC-1_GSM4013383",1.22924445073323
"GGAATAAGTCACTTCC-1_GSM4013383",0.870276115431663
"ATAGACCGTTCCACAA-1_GSM4013383",0.503952360106677
"CAACTAGGTTCTGAAC-1_GSM4013383",1.48586186093405
"TTCTACAAGACGCAAC-1_GSM4013383",1.32102705316572
"CCTCTGACAAGTAATG-1_GSM4013383",0.79554086671044
"AGCGTATAGGTCATCT-1_GSM4013383",1.33715790312586
"AGAGCGAGTCAGAGGT-1_GSM4013383",1.24131874638386
"CTCGTCATCAAACAAG-1_GSM4013383",1.2826290244551
"ACTGTCCGTCATACTG-1_GSM4013383",1.3377637607984
"GTGCAGCGTATCACCA-1_GSM4013383",0.828487878819744
"CTTCTCTTCATCTGCC-1_GSM4013383",0.950781476464362
"GACTACAGTCCGTGAC-1_GSM4013383",1.39410393318557
"CCTAAAGTCTTAGAGC-1_GSM4013383",1.27087574373365
"TCACGAAGTGTTGAGG-1_GSM4013383",0.869170040060575
"CAGCCGATCGATCCCT-1_GSM4013383",0.78312316681274
"AACTCTTAGGATCGCA-1_GSM4013383",0.771589334965174
"AGGGAGTCAAGGACTG-1_GSM4013383",0.932667800391957
"GGGATGAAGTATTGGA-1_GSM4013383",0.73986926740658
"CCTCAGTTCGCCGTGA-1_GSM4013383",1.24852463288323
"CGTAGGCAGCTAGCCC-1_GSM4013383",0.9672493738078
"TCAGATGCACCGGAAA-1_GSM4013383",1.26945605070253
"GACCAATGTCGCTTTC-1_GSM4013383",1.01451545012913
"CTCTGGTGTGGTAACG-1_GSM4013383",0.654906041968504
"CGATGGCCATACCATG-1_GSM4013383",1.2193807601625
"CGAACATGTTCGTGAT-1_GSM4013383",1.31728121367116
"TTCTACACAAGCGCTC-1_GSM4013383",1.03802868846317
"GGTGCGTCAGCGTCCA-1_GSM4013383",0.912675248604032
"ACGCCAGGTCCGTCAG-1_GSM4013383",0.710469027629274
"ACGATGTCAGTTCATG-1_GSM4013383",1.40085990398971
"CAACTAGTCAAGGCTT-1_GSM4013383",0.712506020157075
"CGAATGTTCTCTTATG-1_GSM4013383",1.34181905303464
"GTCGTAATCAGGCAAG-1_GSM4013383",1.32627576768761
"GATCGCGCAAGGCTCC-1_GSM4013383",1.33715002591723
"CCGTTCATCGCCAGCA-1_GSM4013383",1.04724019539858
"CGACCTTGTAAGTGGC-1_GSM4013383",0.663902424946149
"GAGGTGAGTCATCGGC-1_GSM4013383",1.31874802279418
"CCTCAGTGTTATCGGT-1_GSM4013383",1.29902699609498
"TATCTCAGTTACCAGT-1_GSM4013383",0.709258280281385
"GTCTTCGAGAAGAAGC-1_GSM4013383",1.22360898708254
"AAAGTAGGTAGCTCCG-1_GSM4013383",1.24122982227523
"GCCAAATAGACTGTAA-1_GSM4013383",1.2809413013131
"ACACCGGAGGATGGTC-1_GSM4013383",0.725861857461875
"AACCATGTCCCGACTT-1_GSM4013383",1.25206625510192
"CCGTACTCAAACCTAC-1_GSM4013383",0.795258572808759
"TTAACTCAGTAGCCGA-1_GSM4013383",0.717692022518841
"TTGCGTCGTGGTGTAG-1_GSM4013383",0.751880018825437
"CGTTGGGCAGCGTAAG-1_GSM4013383",1.29193688180571
"TGCGCAGGTTCAGCGC-1_GSM4013383",0.74777661491749
"AAGTCTGGTGATGTCT-1_GSM4013383",0.759635605619478
"CTGAAGTCACCGATAT-1_GSM4013383",1.24708662583201
"TAGCCGGAGCTATGCT-1_GSM4013383",1.09969439423343
"GCCTCTAAGGGTGTGT-1_GSM4013383",1.37988023071937
"TGATTTCCAGCCAATT-1_GSM4013383",1.37116240429533
"GGTATTGGTGCACGAA-1_GSM4013383",0.699826323447838
"AACTTTCGTTATCGGT-1_GSM4013383",1.39366064945941
"GATCAGTCAGGCTGAA-1_GSM4013383",1.32232094878935
"TAGTTGGAGTGTTAGA-1_GSM4013383",0.929358797356344
"TAAGCGTGTAAGGGAA-1_GSM4013383",0.839077715364781
"AGACGTTCAGTGGGAT-1_GSM4013383",1.20487791654045
"TGACTTTAGACATAAC-1_GSM4013383",1.20167906932002
"GAAACTCTCCTGTAGA-1_GSM4013383",0.697891280377574
"CAAGATCTCACGAAGG-1_GSM4013383",1.31915950936824
"ACCCACTCACCAGGTC-1_GSM4013383",0.474159410500427
"GGACGTCTCCACGCAG-1_GSM4013383",1.25508185619643
"CAGTAACAGCGGATCA-1_GSM4013383",0.730545682052777
"GTCGTAAAGAGACTTA-1_GSM4013383",0.800885211945704
"TCTTTCCAGCGATCCC-1_GSM4013383",0.722631768342261
"TGTGTTTGTTCGTGAT-1_GSM4013383",1.17611959179777
"TTCTTAGAGTCGTACT-1_GSM4013383",0.606792956992285
"GACGTGCGTTCGCGAC-1_GSM4013383",1.27568645095868
"AACTCAGAGCCTCGTG-1_GSM4013383",1.37112803954559
"CGACCTTCAGCTATTG-1_GSM4013383",0.738778608428331
"AGACGTTTCTCTAAGG-1_GSM4013383",1.24151776380645
"GTCACAATCTTGCATT-1_GSM4013383",1.03789084012102
"CTCGTCATCCCTCTTT-1_GSM4013383",1.01570441984809
"CTTAGGATCATCTGTT-1_GSM4013383",1.40020555354038
"GTTTCTAAGCTGCCCA-1_GSM4013383",0.834415322332516
"CAGTCCTCATCGGACC-1_GSM4013383",0.876720964449238
"TCCACACAGTTCGCAT-1_GSM4013383",1.27975985656248
"GTACTTTCAAACCTAC-1_GSM4013383",0.860122366020603
"ACGCCGAAGCCCAATT-1_GSM4013383",1.14573860505387
"ACTGAACCAGTTTACG-1_GSM4013383",0.0815244244701139
"TACGGGCCATCGGACC-1_GSM4013383",0.738211252164464
"AGGCCACTCATTTGGG-1_GSM4013383",0.743066049041398
"GGGAGATGTAAAGGAG-1_GSM4013383",0.984103895972997
"GGGCATCCACGCGAAA-1_GSM4013383",1.14463350811438
"CTTTGCGCATTCTCAT-1_GSM4013383",1.18321451553282
"TACTCATCATCCCATC-1_GSM4013383",0.770995390048623
"TGCCAAAAGCGATCCC-1_GSM4013383",1.2664827207258
"TCGGGACGTTACCAGT-1_GSM4013383",0.949346084475234
"TCCCGATTCGGAGGTA-1_GSM4013383",1.27845887014229
"GGGCATCAGGACCACA-1_GSM4013383",1.08941835273543
"GGCTCGACACACAGAG-1_GSM4013383",0.708824497828532
"TGAAAGAAGAGGTAGA-1_GSM4013383",0.830122025101134
"TACTTACTCCTGCCAT-1_GSM4013383",0.991364055999387
"CCTTCGAAGACTGGGT-1_GSM4013383",1.1830217534605
"GCGCCAACACTCAGGC-1_GSM4013383",0.954337582815326
"GTGCATATCCGCGCAA-1_GSM4013383",1.26039815896239
"GCACTCTTCCCATTAT-1_GSM4013383",1.17805257550699
"TCAGGATGTTTACTCT-1_GSM4013383",1.20325422797011
"CAACTAGTCGTCACGG-1_GSM4013383",1.06073263504206
"GGAAAGCAGAAACCAT-1_GSM4013383",0.669742267142738
"TACGGGCTCTTCATGT-1_GSM4013383",1.15527922919781
"TGATTTCTCAGTTGAC-1_GSM4013383",1.29993438044172
"CAACTAGTCTACGAGT-1_GSM4013383",0.860499128343411
"TACCTTATCCCGACTT-1_GSM4013383",0.926423888560678
"TTCTCCTCACAACGTT-1_GSM4013383",0.763425879093445
"CATGCCTTCCTTGCCA-1_GSM4013383",1.20552198128704
"CGTGAGCTCACTCTTA-1_GSM4013383",0.817105217967062
"GTTAAGCTCGACCAGC-1_GSM4013383",1.35161344316702
"TAGTGGTTCGGTGTTA-1_GSM4013383",1.27661441296363
"CGTCCATGTCTTGATG-1_GSM4013383",0.895942941896959
"TCTGGAACATCATCCC-1_GSM4013383",1.24082934608758
"GGGTCTGTCACAATGC-1_GSM4013383",0.816729969375394
"GCGGGTTCAGTAAGAT-1_GSM4013383",1.31481635854944
"CTAGAGTGTAAGTGGC-1_GSM4013383",0.900100629265855
"TCACGAATCCTGTAGA-1_GSM4013383",1.27480671062837
"GGACGTCAGCCAGAAC-1_GSM4013383",0.677657432141761
"GTCTCGTCAGCTTAAC-1_GSM4013383",0.692397744196956
"GTTAAGCCACCAGCAC-1_GSM4013383",1.34569376027447
"GCCAAATCAAGTCTAC-1_GSM4013383",1.09111729128751
"AGAGCTTGTACAGTGG-1_GSM4013383",0.721962329872043
"AGTCTTTCAGCCAATT-1_GSM4013383",1.16662164931849
"TTCTCAATCCAAAGTC-1_GSM4013383",0.854072867401244
"AGTCTTTGTGATGCCC-1_GSM4013383",1.22101161134058
"AAAGCAAAGAGCAATT-1_GSM4013383",0.68957920213489
"CGTCACTTCGCGTTTC-1_GSM4013383",0.981577571516108
"AGGTCATCACAGAGGT-1_GSM4013383",0.75041477852807
"GCTTCCAAGATGTTAG-1_GSM4013383",1.22301602347953
"CACAGTAAGATTACCC-1_GSM4013383",0.751970621579351
"AGGGATGTCTCAAGTG-1_GSM4013383",0.915353399794138
"TCGGGACAGAGTACAT-1_GSM4013383",1.27655688808269
"TTAGGACCATCGTCGG-1_GSM4013383",0.845494207314282
"CACATAGTCAGCACAT-1_GSM4013383",1.15977687258315
"ACTGAACTCCAGTAGT-1_GSM4013383",1.19855088892202
"CACACTCTCACGACTA-1_GSM4013383",1.0311190355309
"AATCCAGGTAAGTAGT-1_GSM4013383",0.912485766718178
"TTTCCTCCAGTCAGCC-1_GSM4013383",1.2406262826888
"CGATGTACACATTAGC-1_GSM4013383",1.20114225100147
"CGGACGTAGACAAGCC-1_GSM4013383",0.591229759363372
"CACAGGCGTTCTGTTT-1_GSM4013383",1.26504330538369
"CTTAACTAGCGTCAAG-1_GSM4013383",0.877419320300117
"TCATTACCACTCTGTC-1_GSM4013383",1.34587486693242
"CTTAACTTCTTGCAAG-1_GSM4013383",0.827307072902497
"TACGGGCCATTACGAC-1_GSM4013383",1.09091404969906
"CGCCAAGGTTACTGAC-1_GSM4013383",0.652287181154211
"GACGTGCTCTTCGGTC-1_GSM4013383",1.27237269197609
"AGTGAGGGTAGCTCCG-1_GSM4013383",0.840501473462224
"GAATGAAGTCACTTCC-1_GSM4013383",0.718101112481118
"GCATGATGTTCGTTGA-1_GSM4013383",1.35243179217206
"GACCAATTCAAGGTAA-1_GSM4013383",1.34062178038983
"CTGATCCAGCGATTCT-1_GSM4013383",1.20069103934716
"TGCGCAGAGGAGTTTA-1_GSM4013383",1.03323945657037
"CGATCGGGTGAGGCTA-1_GSM4013383",0.658686544283501
"GTTACAGTCTCTGCTG-1_GSM4013383",0.722879013066883
"ACTGAACTCAGCTGGC-1_GSM4013383",1.29465503533875
"CCTTCGACAGGACCCT-1_GSM4013383",1.14250797577142
"CTCTACGAGCCCGAAA-1_GSM4013383",1.16435064307289
"ACCCACTGTGCCTGCA-1_GSM4013383",0.489826370700561
"CAGAATCAGATGGGTC-1_GSM4013383",1.321395610413
"TCTCATACACGAGGTA-1_GSM4013383",1.16517112906161
"CGTGAGCAGATAGTCA-1_GSM4013383",0.647588395347974
"ACTTTCAAGGTTCCTA-1_GSM4013383",1.41343959299259
"ATTATCCCAAGCCTAT-1_GSM4013383",0.674485357128067
"TTCGAAGGTACTTCTT-1_GSM4013383",1.21356533814568
"TTATGCTCAACCGCCA-1_GSM4013383",0.732139869679852
"CAACCTCAGCGATGAC-1_GSM4013383",1.13362122389527
"TCCCGATAGACAAGCC-1_GSM4013383",1.30842385997172
"CATCAAGAGCTGCGAA-1_GSM4013383",1.09519450664172
"CTACACCGTAGCAAAT-1_GSM4013383",0.992351008752558
"GCATGTACAAATTGCC-1_GSM4013383",0.8156218834872
"TTCGAAGTCAAAGTAG-1_GSM4013383",0.682951746717951
"CCAATCCTCCAGTAGT-1_GSM4013383",1.29028315685329
"GGCCGATGTTCTCATT-1_GSM4013383",0.644602197138581
"GTTTCTACATCCCACT-1_GSM4013383",1.30535202857182
"CGCCAAGAGACCCACC-1_GSM4013383",0.751209807332329
"CTCAGAAAGAAACGCC-1_GSM4013383",0.88056877534314
"TATGCCCGTGTTTGTG-1_GSM4013383",0.641328442442597
"CGTTCTGAGATCTGAA-1_GSM4013383",0.782636343798736
"ATGAGGGAGCCAGTTT-1_GSM4013383",1.37807854098997
"CAGATCACATTCCTGC-1_GSM4013383",1.09541884764058
"ACTGTCCGTGGTTTCA-1_GSM4013383",1.18373160920082
"GACTAACAGTTCCACA-1_GSM4013383",0.861350953941947
"GCGACCAAGATGTGGC-1_GSM4013383",1.28218070356107
"CAGCTGGCACGAAGCA-1_GSM4013383",1.26647925855719
"CGATTGACATAAAGGT-1_GSM4013383",0.922820942383057
"CAGATCACAGCGTTCG-1_GSM4013383",0.890342311668283
"CTTCTCTAGTGCTGCC-1_GSM4013383",0.806807266971805
"CAAGAAAGTCCAACTA-1_GSM4013383",0.891406178215248
"CATCCACCATCTCGCT-1_GSM4013383",0.808831408413346
"GGGATGAGTTAAGACA-1_GSM4013383",1.2726799686635
"GCCTCTAGTCTCTCTG-1_GSM4013383",1.10834488613825
"TGTCCCATCGTACGGC-1_GSM4013383",0.703728628093317
"GGATGTTAGCTCCTCT-1_GSM4013383",1.38085658630577
"ACGAGGATCTGCGACG-1_GSM4013383",1.32674510714038
"TCAGCTCCAAAGTCAA-1_GSM4013383",0.668926480030379
"ATTCTACGTTGGAGGT-1_GSM4013383",0.86260115709092
"GCCAAATTCTACCAGA-1_GSM4013383",0.814184273745342
"TCTTTCCCAAGCGATG-1_GSM4013383",1.31949669073022
"AGCGTATGTGGCGAAT-1_GSM4013383",1.21057264695256
"GAATGAAAGTGTGAAT-1_GSM4013383",1.00118745925925
"GCAGTTATCTACCTGC-1_GSM4013383",1.15816826146812
"TGCACCTAGATATACG-1_GSM4013383",1.3417646431587
"TACGGGCGTACTCGCG-1_GSM4013383",0.982789452145738
"CCGGGATAGATGCCAG-1_GSM4013383",1.23134817321095
"AAAGCAATCAAGCCTA-1_GSM4013383",1.31929133585239
"CTAGCCTGTCATACTG-1_GSM4013383",1.0922179561214
"CGTTAGATCCAGAGGA-1_GSM4013383",0.704432046005903
"GTGGGTCTCGTATCAG-1_GSM4013383",0.622398410210155
"CTGTGCTAGTAGGCCA-1_GSM4013383",0.952105180570385
"CCGTTCATCACGCATA-1_GSM4013383",1.09029751872019
"CCTACACGTCTCTCGT-1_GSM4013383",1.26204785666677
"TTCCCAGCATACCATG-1_GSM4013383",0.900169838056594
"TCGCGAGTCGCCATAA-1_GSM4013383",0.619207437796855
"GATGCTACAGTCAGCC-1_GSM4013383",0.882174150867057
"TCCCGATGTCGCATAT-1_GSM4013383",0.709244806855748
"ATAACGCCAGATGAGC-1_GSM4013383",1.32433079605214
"CCTACCACACCTATCC-1_GSM4013383",1.00459384333011
"ACACCGGGTCTCCCTA-1_GSM4013383",1.30779903159103
"GGCCGATCAGCATGAG-1_GSM4013383",1.3418065594003
"TGGTTAGGTATCTGCA-1_GSM4013383",1.22400187509976
"CACATAGCACGGACAA-1_GSM4013383",1.19509768158246
"ACACCGGAGCTAACAA-1_GSM4013383",0.605545037312948
"CACAAACAGGAGCGAG-1_GSM4013383",1.30850147247605
"TAGTGGTAGCACAGGT-1_GSM4013383",0.784129708956691
"CGAGCACTCTTAACCT-1_GSM4013383",1.24101242592152
"CATCAGAAGTGGCACA-1_GSM4013383",1.05344099841047
"TCGGTAACAATAACGA-1_GSM4013383",0.828648567359344
"TGGACGCAGCTAGGCA-1_GSM4013383",0.727590032736162
"CCATGTCCATCGGTTA-1_GSM4013383",0.701082495028804
"TCTCATAGTTCAGCGC-1_GSM4013383",1.10054869549195
"TTCGAAGTCTAAGCCA-1_GSM4013383",1.0073508820983
"GGACAAGTCAAGAAGT-1_GSM4013383",1.14036020124431
"CAGCCGACAGTACACT-1_GSM4013383",0.682398116593327
"TTTGCGCGTACGAAAT-1_GSM4013383",0.801060013593993
"CGTCCATCACTTAAGC-1_GSM4013383",0.847112368234286
"GACTAACAGTATGACA-1_GSM4013383",1.10816407196506
"AGAGCGAGTTAAAGAC-1_GSM4013383",1.00004933541482
"ATCGAGTAGAGGTACC-1_GSM4013383",1.20346977158635
"TACTTGTGTCCGAATT-1_GSM4013383",0.997138154780987
"GTGAAGGGTCTAAACC-1_GSM4013383",0.996996194321837
"CGGCTAGAGGATGTAT-1_GSM4013383",1.17604979955825
"CACCACTTCGTTTAGG-1_GSM4013383",0.940428897747226
"TCACAAGGTTGTCGCG-1_GSM4013383",1.17434024126976
"TACGGGCGTTCTGGTA-1_GSM4013383",0.934339124678693
"CGTGAGCCATAAGACA-1_GSM4013383",1.22054944397508
"CTACGTCTCGTACCGG-1_GSM4013383",0.764716095890763
"AAATGCCGTCGAAAGC-1_GSM4013383",1.16299387751238
"TCACAAGTCTAGCACA-1_GSM4013383",0.71002023256646
"CGTCAGGTCTTGTCAT-1_GSM4013383",1.25054004722688
"GCGACCATCCCTAATT-1_GSM4013383",1.12938033005528
"AAGGCAGTCGCTAGCG-1_GSM4013383",0.782505756320756
"TGTGGTAAGAAACCGC-1_GSM4013383",0.963768447628026
"ACTATCTCAGCCAGAA-1_GSM4013383",1.14428152588825
"CCCTCCTCATCGATGT-1_GSM4013383",1.25599615164478
"CCATGTCTCTCTTGAT-1_GSM4013383",0.775777859585794
"TCTCTAACATGCCTTC-1_GSM4013383",1.03481026913062
"TACGGTACAATCGAAA-1_GSM4013383",1.28587166588871
"GTGCGGTTCTAACGGT-1_GSM4013383",1.09429681687561
"TGACAACGTACCTACA-1_GSM4013383",1.25398662977161
"ACACTGAAGTGTGAAT-1_GSM4013383",1.19211803983006
"CGTCTACGTGCAGACA-1_GSM4013383",0.772059287672572
"AAAGCAAGTCAAAGAT-1_GSM4013383",0.904221978750502
"CGCGGTATCTGCGTAA-1_GSM4013383",0.822757386866252
"TTAGGACAGGGATACC-1_GSM4013383",1.12923867455057
"CAGCATAGTGCTGTAT-1_GSM4013383",0.603993506372219
"CTAGCCTCAAGTAGTA-1_GSM4013383",1.18509337975774
"CCCAGTTGTGACGGTA-1_GSM4013383",1.11711936786584
"CATCAGACACGCTTTC-1_GSM4013383",0.912240614443101
"TCCACACTCACCGGGT-1_GSM4013383",0.892100540823453
"CTCTACGCACTGAAGG-1_GSM4013383",0.671442169746345
"CCGTACTGTGGTTTCA-1_GSM4013383",0.938563373738058
"ACAGCTAGTACACCGC-1_GSM4013383",1.02464617590725
"CTCATTACACAAGTAA-1_GSM4013383",1.27574730955333
"CAGATCAAGAAACCGC-1_GSM4013383",0.843054635898658
"AAACGGGTCATACGGT-1_GSM4013383",1.31570807378248
"CCACTACCACGAAAGC-1_GSM4013383",1.2317542668618
"GCGCGATCACCCATTC-1_GSM4013383",0.691198232003352
"AGCTCCTTCAATCTCT-1_GSM4013383",1.14645088718544
"GCATGTAGTCCAAGTT-1_GSM4013383",1.00110602151622
"TGAGGGATCTCGTTTA-1_GSM4013383",1.13963078144709
"CTACGTCCACGTCTCT-1_GSM4013383",0.679012169483024
"GTATCTTTCTGCCCTA-1_GSM4013383",1.24044574616794
"TTTGGTTTCGGGAGTA-1_GSM4013383",1.11301848408642
"TGCGTGGCACCAGTTA-1_GSM4013383",0.97554643292708
"GCGCAACAGGCTCATT-1_GSM4013383",1.20507960899413
"GAACCTATCTGCAAGT-1_GSM4013383",1.18861496901309
"TTGCCGTAGGCACATG-1_GSM4013383",1.07111469472539
"GTTTCTAGTAAAGTCA-1_GSM4013383",0.539623341443391
"CTAGCCTAGGAGCGAG-1_GSM4013383",0.965512696083492
"AGGGAGTCACATTAGC-1_GSM4013383",1.26754907483616
"CAACCAATCAGCTTAG-1_GSM4013383",0.935296488861332
"GCGCGATCAATCCGAT-1_GSM4013383",0.923338594922015
"AGGTCATTCTGCAGTA-1_GSM4013383",1.0898485812478
"GACTGCGGTCAGAGGT-1_GSM4013383",1.08781792379071
"CGGTTAAGTTCGGGCT-1_GSM4013383",0.854367946976641
"ACTGTCCAGCGCCTCA-1_GSM4013383",1.20083932506077
"CAGGTGCTCGCTTGTC-1_GSM4013383",1.27423448592529
"CGCGTTTGTGGCCCTA-1_GSM4013383",1.23337445573948
"ATAAGAGGTCTCTCTG-1_GSM4013383",1.09003234032333
"TGCGCAGTCAGCTCGG-1_GSM4013383",1.10328951107467
"TTGCCGTAGGTAAACT-1_GSM4013383",1.15400267509178
"CGCGTTTAGCTGCGAA-1_GSM4013383",0.803920726940427
"ACACCGGAGGGATCTG-1_GSM4013383",0.874151530069752
"CATATTCCACTAAGTC-1_GSM4013383",0.544684276641157
"ATGTGTGCAACACGCC-1_GSM4013383",1.10716079453059
"ACGAGGACAGTCGTGC-1_GSM4013383",1.18021282847011
"CTACCCAGTCCTGCTT-1_GSM4013383",1.25220493047141
"CCCATACTCAAGGCTT-1_GSM4013383",1.24624458899874
"TGTATTCCAGGGATTG-1_GSM4013383",1.02844373232364
"CTAGAGTTCAGCGACC-1_GSM4013383",0.837809720155999
"CTTCTCTTCCGAAGAG-1_GSM4013383",0.699557766152926
"TAAGTGCTCAGTTGAC-1_GSM4013383",0.758629401119478
"TCTTCGGAGATGAGAG-1_GSM4013383",0.73796347631179
"ACATGGTTCTCTTGAT-1_GSM4013383",0.944352324051592
"AGAGCTTAGAAGGCCT-1_GSM4013383",0.660684842254817
"TGAGCCGAGCAGCGTA-1_GSM4013383",1.19490412682535
"CGAACATTCCAAGTAC-1_GSM4013383",1.17556104251596
"TGACAACGTGCGGTAA-1_GSM4013383",1.27327146425564
"TTGAACGCATAACCTG-1_GSM4013383",0.872412197050381
"CGTCCATCAGCGTCCA-1_GSM4013383",1.14458509551741
"CTTACCGCATCGATTG-1_GSM4013383",1.24856215493361
"CCTAGCTTCACATAGC-1_GSM4013383",1.21677831923116
"TGCTGCTCAGATGGGT-1_GSM4013383",0.165923563283237
"ATTATCCCAGGTCTCG-1_GSM4013383",1.07578461673748
"AAACCTGCAACGCACC-1_GSM4013383",0.998880556575882
"GACGCGTAGCCAGGAT-1_GSM4013383",1.14636478729249
"TTATGCTAGATCTGAA-1_GSM4013383",0.734092422355853
"CAGTAACGTGCAACTT-1_GSM4013383",0.854397700785161
"CCGTGGAGTCGCGTGT-1_GSM4013383",0.804665277531155
"GTGTTAGGTCTGCCAG-1_GSM4013383",1.0475164309971
"AGCGTATCAGGATTGG-1_GSM4013383",0.903037064768531
"TAAACCGTCCAGAGGA-1_GSM4013383",0.976802384777487
"GCGACCAAGGTGGGTT-1_GSM4013383",0.661203290788538
"TTAGGCAGTCGTGGCT-1_GSM4013383",0.822038104458206
"GAATGAATCCTTGCCA-1_GSM4013383",1.20740231555132
"CACACTCGTCCTCCAT-1_GSM4013383",1.20339090359217
"CATTATCAGGCATTGG-1_GSM4013383",0.785547982234532
"CATCGAAGTAAGGATT-1_GSM4013383",0.739866613304407
"CCTCAGTAGGAGTAGA-1_GSM4013383",1.13451394133355
"GGAACTTCAGCCTTGG-1_GSM4013383",1.398574670476
"AGGGATGAGGTTCCTA-1_GSM4013383",1.10731188970671
"CAGGTGCAGCAACGGT-1_GSM4013383",1.22630583749168
"CGATGTAGTGTTGAGG-1_GSM4013383",1.10132546664673
"CACCTTGCAGTAGAGC-1_GSM4013383",1.28364485874395
"CCTTCCCCACTAAGTC-1_GSM4013383",1.23944885890803
"AACCATGAGCTACCTA-1_GSM4013383",0.445207647342343
"TTTACTGTCGGCATCG-1_GSM4013383",1.06498056208835
"TTAACTCAGAGCTTCT-1_GSM4013383",1.1643064376811
"GGCTCGAAGACACGAC-1_GSM4013383",1.1423667392755
"CCGTGGAAGCACAGGT-1_GSM4013383",1.2207019642002
"GCTTGAAGTCTCCATC-1_GSM4013383",1.0851385498907
"CCTTTCTTCACCACCT-1_GSM4013383",1.10184540650808
"TAGTGGTTCATAACCG-1_GSM4013383",1.28605311361202
"GCATGATTCCGCATCT-1_GSM4013383",0.68371708692276
"ACATGGTCATGTTCCC-1_GSM4013383",0.738817360032714
"GTGCGGTGTCACTGGC-1_GSM4013383",0.920615961112364
"TTTCCTCCAAAGCGGT-1_GSM4013383",1.13636130990685
"GGGACCTAGTAATCCC-1_GSM4013383",1.12186353907573
"AGCGTCGCAGGCGATA-1_GSM4013383",0.428930206497324
"AACTCAGGTTCATGGT-1_GSM4013383",0.8006880418335
"CACATAGCATACTCTT-1_GSM4013383",0.756312945903281
"ACCTTTAAGTATCTCG-1_GSM4013383",0.839320357368534
"TCTGAGAGTGTTAAGA-1_GSM4013383",1.13494902908718
"TCACGAAAGTGCAAGC-1_GSM4013383",0.705948508914245
"ACGCCAGGTGATGCCC-1_GSM4013383",0.58065951080791
"AACACGTAGACACGAC-1_GSM4013383",0.575838723963304
"GCTGGGTAGTATCGAA-1_GSM4013383",0.963009048331161
"TGCGTGGGTAAATGAC-1_GSM4013383",0.748170237550355
"GACTAACTCCTCCTAG-1_GSM4013383",0.582333733663076
"CTTACCGCATTTCACT-1_GSM4013383",0.865862448026425
"CCTATTAAGTACGCGA-1_GSM4013383",0.971438991525557
"GATGAAATCAAACCAC-1_GSM4013383",0.645939886035629
"CGGAGTCAGATCGATA-1_GSM4013383",0.690953393750968
"CTGATCCAGCAATATG-1_GSM4013383",1.08920912476069
"GGACAAGCAATCTACG-1_GSM4013383",1.27465551250594
"CAGCGACAGTTCGCAT-1_GSM4013383",0.733447133842574
"TGGTTCCTCTGTCAAG-1_GSM4013383",0.84228147953117
"GATGAAAAGTGCAAGC-1_GSM4013383",0.715806463188445
"TCAGGATAGGCTCATT-1_GSM4013383",0.458782276189857
"GACGCGTAGACAGACC-1_GSM4013383",1.10413510572252
"TTATGCTAGACAAAGG-1_GSM4013383",0.869766685921079
"ACGATACAGAGGGCTT-1_GSM4013383",0.955349244319542
"TTGAACGAGCAGCGTA-1_GSM4013383",0.777809617911725
"GACTACATCTGTACGA-1_GSM4013383",1.02553778114349
"TGGCTGGTCCGGCACA-1_GSM4013383",0.672996260770328
"AAGGCAGGTCTAGTGT-1_GSM4013383",1.23952034923017
"GCGCAACGTCACCCAG-1_GSM4013383",0.848140506287714
"AGTCTTTAGTTAGGTA-1_GSM4013383",1.05095080962346
"CACACAAGTCCGTGAC-1_GSM4013383",0.706783170221372
"CAAGTTGTCTTAGAGC-1_GSM4013383",1.18538705923672
"GGCTGGTAGATGAGAG-1_GSM4013383",0.925090560877427
"GATCGCGGTAAACGCG-1_GSM4013383",0.847345062502753
"ACTGAACGTACGCTGC-1_GSM4013383",0.766710760605223
"CATCAAGCATTGCGGC-1_GSM4013383",0.793672970731538
"TGCCCTACATCGACGC-1_GSM4013383",0.793422427473832
"CCCAATCCAATCAGAA-1_GSM4013383",0.781641593330242
"ACGCCGATCCTACAGA-1_GSM4013383",0.790418363007076
"TCAATCTGTCCAGTAT-1_GSM4013383",1.16423590619697
"CGATTGATCCTTCAAT-1_GSM4013383",1.17815348608216
"TCATTACTCTTGTCAT-1_GSM4013383",1.20103020070994
"CTCGTCAAGCTAGTCT-1_GSM4013383",1.10130819131982
"CATGCCTCATGCGCAC-1_GSM4013383",0.698311957415725
"ATTACTCGTTGGTAAA-1_GSM4013383",0.575445536180219
"GACTAACGTAGCTCCG-1_GSM4013383",0.926203539939781
"ACGCCGAAGTGAATTG-1_GSM4013383",1.31393298262875
"ACGGGCTCACCAGGCT-1_GSM4013383",1.12502206380777
"ATCATGGCATCCCATC-1_GSM4013383",1.21765318239572
"TTAACTCAGTACGTAA-1_GSM4013383",0.642537767734554
"TGCCCATGTGTTGAGG-1_GSM4013383",0.775652728900637
"CTTGGCTTCAATACCG-1_GSM4013383",0.994218470663292
"GTGCATAAGGCGCTCT-1_GSM4013383",0.40312808129812
"GCGCCAACACCAGTTA-1_GSM4013383",0.614909928564463
"CTAAGACCAGTTAACC-1_GSM4013383",0.799995186540172
"TGACAACTCTATCCCG-1_GSM4013383",1.1944890903508
"CTCACACCAAGAGTCG-1_GSM4013383",0.639301367308165
"GAAATGATCCGCATCT-1_GSM4013383",0.9085647050234
"GCGCCAAAGATGCCAG-1_GSM4013383",1.10710158066167
"GCGCGATCATGACGGA-1_GSM4013383",0.769553095339526
"CGGGTCATCTTCAACT-1_GSM4013383",1.14560580912046
"AGGGATGCAATGACCT-1_GSM4013383",0.750600083041854
"GATGAAACACTTGGAT-1_GSM4013383",0.989824327651445
"ACTGAGTCAGTCGTGC-1_GSM4013383",0.971363575883527
"CGCTGGACATTTGCTT-1_GSM4013383",0.724003748775781
"AGACGTTCAAGTCTGT-1_GSM4013383",0.542018712482577
"GGCTCGACACAACGTT-1_GSM4013383",1.02863643562903
"CATCCACTCCTAGGGC-1_GSM4013383",1.07743004748365
"CCTATTATCAAACAAG-1_GSM4013383",0.666200448120465
"GATCAGTGTTGTACAC-1_GSM4013383",0.936537352081697
"CCTTCCCTCATTTGGG-1_GSM4013383",0.495655937796617
"CACATTTGTCCAGTGC-1_GSM4013383",1.1103073171041
"GGAACTTAGTGCCATT-1_GSM4013383",1.22246677554714
"ACTGAGTGTCGCTTTC-1_GSM4013383",0.674348813434533
"ACAGCCGGTTCCAACA-1_GSM4013383",0.958308589547453
"CCGTACTCATGGAATA-1_GSM4013383",1.23711614856848
"GAATGAAAGATCGGGT-1_GSM4013383",0.843852690009545
"CAGCAGCCACGAAAGC-1_GSM4013383",0.764137800544858
"GCAGTTACACAGCCCA-1_GSM4013383",1.07610401281369
"AGAGCTTCAGGTGGAT-1_GSM4013383",1.31770054798779
"CTACATTTCAGGATCT-1_GSM4013383",1.13678510685754
"CTCAGAAAGATGTAAC-1_GSM4013383",0.534791619650073
"TTGAACGCAATTGCTG-1_GSM4013383",1.2611216284572
"GTGCGGTAGCCAGGAT-1_GSM4013383",1.19355741679906
"TGCCCATCAAAGGAAG-1_GSM4013383",0.896553805539475
"ACTGAGTTCGGTCTAA-1_GSM4013383",0.702155614707487
"CTACCCAAGTGCGATG-1_GSM4013383",1.23318402830762
"CGAGCCAAGACGCTTT-1_GSM4013383",0.735535104802002
"AGAATAGCATGCTGGC-1_GSM4013383",0.545121892776937
"TTTGTCATCATGCTCC-1_GSM4013383",0.486150896052231
"CTCCTAGTCAATCTCT-1_GSM4013383",0.58503874870098
"ACAGCCGGTTGCTCCT-1_GSM4013383",0.771886305414882
"ACTGATGTCATGCAAC-1_GSM4013383",0.711489607994178
"TCCCGATCAGGATCGA-1_GSM4013383",0.867205218020272
"TGGGAAGTCGTGGACC-1_GSM4013383",1.08947165124586
"AGCATACGTGACTCAT-1_GSM4013383",0.622213236935303
"CTACCCAGTAAGAGAG-1_GSM4013383",0.952992469666117
"ATTGGTGGTCGCGAAA-1_GSM4013383",1.06005786920766
"GGAATAAGTTGTGGCC-1_GSM4013383",0.859171715460601
"CGGAGCTTCGCAAACT-1_GSM4013383",0.543653637294489
"GAAACTCCATGCAATC-1_GSM4013383",1.18755046564156
"CTTAGGAGTTACCGAT-1_GSM4013383",0.916934652603611
"GAAGCAGTCTTGTTTG-1_GSM4013383",1.16306354921426
"AAAGTAGGTTCTCATT-1_GSM4013383",1.08448272864147
"GGAACTTGTCGGGTCT-1_GSM4013383",0.724292317354963
"ATCCACCCATCGGACC-1_GSM4013383",0.434827934829248
"GACTAACAGTGACATA-1_GSM4013383",0.614572025685059
"CGGACACTCGGCCGAT-1_GSM4013383",0.835499898793963
"ATCCACCAGGTGCTTT-1_GSM4013383",1.04129368256246
"TACTTACGTAGCGCAA-1_GSM4013383",1.05992512049547
"CCTCTGAGTCGCTTTC-1_GSM4013383",0.57647576250795
"CGTCTACTCATGTAGC-1_GSM4013383",1.13740284122926
"GATCTAGCAGGTCTCG-1_GSM4013383",1.08574664992574
"CAAGTTGTCCGAGCCA-1_GSM4013383",1.01996879150148
"CTCATTAAGAATGTGT-1_GSM4013383",1.05787599100534
"ATTTCTGGTGAAGGCT-1_GSM4013383",0.999627140947798
"CCGGTAGGTCAGGACA-1_GSM4013383",0.899546915459938
"CCACTACTCAGGCGAA-1_GSM4013383",0.973843778592791
"TCTGAGACAAGTAGTA-1_GSM4013383",1.17733650384442
"CAGCTGGTCTGCCAGG-1_GSM4013383",1.17409045706378
"GTCGTAATCCCGACTT-1_GSM4013383",0.70661710818183
"CCTAAAGAGTGTGAAT-1_GSM4013383",0.590008317632809
"AGAGCGAGTATATCCG-1_GSM4013383",1.21602810843166
"TACGGGCCATATACGC-1_GSM4013383",0.869374756149173
"CACACAACAGACAGGT-1_GSM4013383",0.965658769964336
"TTTGTCACAGACTCGC-1_GSM4013383",1.06374667238099
"CTCGAGGCACCATCCT-1_GSM4013383",0.806922260822846
"ATAACGCCAGTCCTTC-1_GSM4013383",0.795073064077306
"CGTCTACGTCGGGTCT-1_GSM4013383",1.08380059726429
"ACTATCTAGAATGTTG-1_GSM4013383",1.1163788030667
"TCAACGAAGAATCTCC-1_GSM4013383",0.509335202280429
"GGCTGGTCATCGGAAG-1_GSM4013383",1.00635753429584
"GTGTTAGCAAGCGCTC-1_GSM4013383",0.81350026881607
"CCCATACTCGGGAGTA-1_GSM4013383",0.90432647199305
"CTCGAAAGTCAGAAGC-1_GSM4013383",1.15306449453187
"GAACGGATCAAACAAG-1_GSM4013383",0.918185029168173
"GGTATTGAGATGCGAC-1_GSM4013383",0.748211985637349
"GTATTCTAGCACCGCT-1_GSM4013383",0.525033801267417
"ACGTCAAAGGTACTCT-1_GSM4013383",1.10575245994446
"CTACCCACATTTGCTT-1_GSM4013383",0.85906086945476
"CGGACACCACAGACAG-1_GSM4013383",1.02808544779166
"AGCCTAACACGTCTCT-1_GSM4013383",1.09798320543913
"GCTCCTATCCAGGGCT-1_GSM4013383",0.654347399197665
"CGCGTTTTCTCAAGTG-1_GSM4013383",1.13374594479721
"AGGCCACTCGCCTGAG-1_GSM4013383",0.303747100550235
"TGGCTGGCAGGTTTCA-1_GSM4013383",1.16031846405509
"CAAGATCAGCTACCGC-1_GSM4013383",1.2105440320756
"CAGAGAGTCCAAACAC-1_GSM4013383",0.558470414695426
"GTTACAGTCCAAACAC-1_GSM4013383",1.17639290573257
"CTACCCAGTAGCGCAA-1_GSM4013383",0.775601627532374
"TTTCCTCTCTGAGTGT-1_GSM4013383",1.22555581249986
"AGACGTTTCCCAAGTA-1_GSM4013383",0.334453417945889
"TACACGATCGACAGCC-1_GSM4013383",1.15914593777057
"GTCACGGCAAACAACA-1_GSM4013383",1.01171807816515
"GAAATGATCTGTGCAA-1_GSM4013383",1.00027666184819
"GGCTCGATCAGAGCTT-1_GSM4013383",1.04342227063952
"TGATTTCTCAAGAAGT-1_GSM4013383",0.637231436818205
"GACGTGCTCCACGTGG-1_GSM4013383",0.999770056067556
"GTATTCTCATGTAGTC-1_GSM4013383",0.335547806308303
"GGACAAGAGACTGTAA-1_GSM4013383",1.2764815875672
"CCTAGCTGTTACGGAG-1_GSM4013383",0.689123319842583
"AAATGCCCAAGGTTTC-1_GSM4013383",1.07175926286585
"ATTGGTGGTGTCTGAT-1_GSM4013383",1.17170242652079
"CTCCTAGAGCTAGTCT-1_GSM4013383",0.860327159031619
"AAGTCTGTCCTTCAAT-1_GSM4013383",0.77553887376734
"AACACGTTCAACTCTT-1_GSM4013383",0.342542934888875
"CGACCTTCAGTAAGAT-1_GSM4013383",0.960832452240106
"GGAACTTAGGATGCGT-1_GSM4013383",0.819703206898961
"CGCCAAGAGTTAGCGG-1_GSM4013383",0.675364576811378
"GAATAAGGTCTCTCTG-1_GSM4013383",0.66680124500173
"AATCGGTAGCTCCCAG-1_GSM4013383",1.10505627556632
"CTAGTGACACTGTGTA-1_GSM4013383",0.717663634707099
"GCAATCAGTTCACGGC-1_GSM4013383",0.6372379718938
"CCTATTAAGTCAAGCG-1_GSM4013383",0.783331430131961
"GCTCCTAGTTCTGAAC-1_GSM4013383",1.04900673576496
"TGTATTCTCATGCTCC-1_GSM4013383",1.01798738800167
"TGGCGCAAGGTTCCTA-1_GSM4013383",0.461706493658299
"GTCGGGTGTATCACCA-1_GSM4013383",0.828737865962948
"GGCAATTAGAAGGACA-1_GSM4013383",0.708962544114814
"CTCGGAGTCTTGCCGT-1_GSM4013383",0.739243632327142
"TTATGCTAGCCAGTAG-1_GSM4013383",0.759895120960943
"CGCGGTAGTTCGCGAC-1_GSM4013383",0.672465277904338
"GACTAACAGTACACCT-1_GSM4013383",0.861676064932744
"CGATCGGAGAAGGCCT-1_GSM4013383",0.790711009214124
"CTTGGCTGTAGCGTCC-1_GSM4013383",0.902110307191132
"CTACATTGTTACCGAT-1_GSM4013383",1.08564934619987
"TACGGATAGCGGATCA-1_GSM4013383",0.999452436749366
"GTCGGGTAGTCGATAA-1_GSM4013383",0.449519292997035
"TTTGTCACAATCAGAA-1_GSM4013383",0.45568677292069
"GTACTCCCAGTCAGCC-1_GSM4013383",0.599974322072348
"ACACCCTGTCGCATAT-1_GSM4013383",0.817132217443262
"CTGTTTATCCCTGACT-1_GSM4013383",0.64862767566955
"AGTTGGTAGTATGACA-1_GSM4013383",0.309136982950912
"ACACCAATCACATGCA-1_GSM4013383",1.0114139581862
"ACACCCTAGAAGGACA-1_GSM4013383",0.828355728436929
"GATTCAGAGCCCGAAA-1_GSM4013383",0.71740248793564
"AAGGTTCAGTGGGCTA-1_GSM4013383",1.20093715124726
"ACTATCTTCGCCGTGA-1_GSM4013383",0.886096702126446
"AGTTGGTTCGTCTGAA-1_GSM4013383",0.620160666306806
"CCTACCACAGTTCATG-1_GSM4013383",0.797955934097228
"CGCTTCAGTATCTGCA-1_GSM4013383",0.736745389308278
"GGGTCTGGTTGTGGCC-1_GSM4013383",0.71147231444515
"TCCACACTCTACTTAC-1_GSM4013383",0.947854923665182
"CCTTACGCAGTACACT-1_GSM4013383",0.894756893057794
"TAAACCGCATTTCAGG-1_GSM4013383",0.787545586155544
"AGGCCACTCAGCTCTC-1_GSM4013383",1.28904639580029
"AACCGCGAGGGCACTA-1_GSM4013383",0.818006531373992
"ACTGATGTCATTGCGA-1_GSM4013383",1.13608651755279
"TGGCGCAGTCAATGTC-1_GSM4013383",1.03340542980585
"ACGCCGAGTCATCCCT-1_GSM4013383",0.624903933633819
"GTTCGGGGTCTAGGTT-1_GSM4013383",1.26051337061757
"CTCGGAGGTATTAGCC-1_GSM4013383",0.793500042733444
"TCTCATAGTGGCTCCA-1_GSM4013383",1.11995877842613
"AGTCTTTTCCACGTGG-1_GSM4013383",0.75689021396446
"TCAGATGCATCCGCGA-1_GSM4013383",0.731206559697549
"TTTGCGCAGAACTGTA-1_GSM4013383",0.8103413304445
"GTCAAGTGTCTCATCC-1_GSM4013383",0.872020601108772
"CGATGTATCTACCAGA-1_GSM4013383",0.764294510917807
"TGGCGCACAACGCACC-1_GSM4013383",0.458406950541027
"ATCCACCGTCATATCG-1_GSM4013383",1.14996708648701
"CAAGTTGTCACCCGAG-1_GSM4013383",0.780684395378142
"GGTGTTAGTAGCGTAG-1_GSM4013383",1.18409303456211
"ATGCGATAGACGCTTT-1_GSM4013383",1.04289218262324
"CCATGTCTCACGCGGT-1_GSM4013383",0.827614403725715
"CAGCTGGTCTGATTCT-1_GSM4013383",0.565554478367016
"ACGGGCTGTGGCAAAC-1_GSM4013383",1.17884399945903
"CGACTTCAGTATCGAA-1_GSM4013383",0.91456364074072
"TCATTACGTCAGAAGC-1_GSM4013383",1.08646984863251
"TGCTACCTCTAACGGT-1_GSM4013383",0.725354087421023
"TAAGAGATCATGTGGT-1_GSM4013383",1.00367292878993
"CTCTACGAGGCTCAGA-1_GSM4013383",0.897879267997527
"GCCAAATGTCTGGTCG-1_GSM4013383",0.723918133198301
"CGTAGCGCACATGTGT-1_GSM4013383",0.731919810698484
"CGATTGAGTCCGTCAG-1_GSM4013383",0.744836967038171
"GATGAAAAGACATAAC-1_GSM4013383",0.916949182137661
"ACGCCGACAGCTGTAT-1_GSM4013383",0.596614664688311
"AGATCTGGTGAGGGAG-1_GSM4013383",1.06853508164334
"CTGTTTATCGCAAGCC-1_GSM4013383",1.11043200618117
"TGACGGCTCACCACCT-1_GSM4013383",0.640045157146951
"CGGACTGAGAAGCCCA-1_GSM4013383",0.855580082961233
"GCGCAACTCTAACTGG-1_GSM4013383",1.14878669719301
"GGGTCTGAGTGGAGTC-1_GSM4013383",1.01803789316209
"TGGCTGGCAGTTTACG-1_GSM4013383",0.65508656853764
"GGGACCTCACCGTTGG-1_GSM4013383",0.721038802630762
"CCACGGATCGACGGAA-1_GSM4013383",0.890517549437142
"CTACATTAGTTGTAGA-1_GSM4013383",0.686946165435327
"GAGGTGAAGAAACCGC-1_GSM4013383",0.9566935926857
"AGGTCCGTCCAGAGGA-1_GSM4013383",1.10852596815623
"CTGATAGCACCAGGTC-1_GSM4013383",0.955364067114745
"GCGAGAATCCAAACAC-1_GSM4013383",0.806490658097738
"TGTCCCATCACAACGT-1_GSM4013383",0.697347785982591
"CTTACCGTCGTACCGG-1_GSM4013383",1.04179871533851
"CCTATTAAGAAGAAGC-1_GSM4013383",0.381690388836549
"ATCCGAAGTCCGTCAG-1_GSM4013383",0.701700726789535
"TGAGGGATCTGGGCCA-1_GSM4013383",1.1123414267486
"TCTGAGACATGCCTAA-1_GSM4013383",0.208441738027759
"AGTGAGGAGAATGTTG-1_GSM4013383",0.998305020513139
"GTATCTTGTCATATCG-1_GSM4013383",0.972065095804475
"ATCGAGTCAGCTGCTG-1_GSM4013383",1.00798398115374
"ACATACGGTTCCGGCA-1_GSM4013383",0.771642508205389
"TACACGATCCTGTACC-1_GSM4013383",0.529581802082856
"CTGAAGTTCAGTACGT-1_GSM4013383",0.872244278708348
"GGTGTTATCATGGTCA-1_GSM4013383",0.649806940957035
"CATCGGGAGGCGCTCT-1_GSM4013383",0.747986352777085
"AATCCAGGTGAGCGAT-1_GSM4013383",1.12433564760777
"GGAACTTTCAGCGATT-1_GSM4013383",0.884677533243967
"CAGTCCTCACCGCTAG-1_GSM4013383",1.04495060206197
"GGTGTTAAGTTTCCTT-1_GSM4013383",1.13441177924239
"GACGGCTTCTCGTTTA-1_GSM4013383",0.853900752696681
"CTAATGGAGACTAAGT-1_GSM4013383",1.18405515748054
"CTGAAACTCAAACCGT-1_GSM4013383",0.896502055160634
"AAATGCCTCATGTGGT-1_GSM4013383",0.644277613507044
"GCGAGAATCATAACCG-1_GSM4013383",0.857065729825762
"CGTCAGGCATCGGACC-1_GSM4013383",0.63747916567943
"CTTAGGAGTCCTAGCG-1_GSM4013383",0.655823451163137
"ACTATCTCAGTCACTA-1_GSM4013383",0.369868151512897
"TTTGCGCGTCTTGTCC-1_GSM4013383",0.595022569944495
"TTGTAGGTCACAATGC-1_GSM4013383",0.447769149875037
"TGCACCTGTAGCGCTC-1_GSM4013383",1.10367659095488
"GCGCAGTTCTTGAGAC-1_GSM4013383",0.86897999606281
"AGGTCCGAGCTACCGC-1_GSM4013383",0.617540988391078
"CTGTTTATCGCCTGAG-1_GSM4013383",0.632860598434169
"GGACAGATCGTACGGC-1_GSM4013383",1.04358718684348
"GCTGCGATCGGTTCGG-1_GSM4013383",0.912808374393778
"CAGTCCTTCAAGGTAA-1_GSM4013383",1.00031317517564
"CGTTCTGGTGGCAAAC-1_GSM4013383",0.570617277096663
"GATCGCGAGTGAAGAG-1_GSM4013383",1.02080485178064
"TCAGGATTCGAATGGG-1_GSM4013383",0.986036734843262
"TGGCCAGGTGGGTATG-1_GSM4013383",1.17593171727471
"TACCTATGTCTAAAGA-1_GSM4013383",0.80777763165621
"CCTTTCTGTATATGAG-1_GSM4013383",1.03390190684467
"GCATGCGTCTGCAAGT-1_GSM4013383",0.958595916927894
"TGATTTCTCACAGTAC-1_GSM4013383",1.12096014727486
"TACGGATAGGGCACTA-1_GSM4013383",0.800507920971173
"TCTATTGTCATATCGG-1_GSM4013383",0.946862489134306
"CCAGCGAAGGCTACGA-1_GSM4013383",0.92977278687423
"AAAGTAGAGTGGAGTC-1_GSM4013383",0.295853794221941
"TTTACTGGTAGAGTGC-1_GSM4013383",0.803279611727045
"GGGCACTGTTTCGCTC-1_GSM4013383",0.412827458620948
"ATCTACTTCGAGAACG-1_GSM4013383",0.964520659989915
"GTACGTACATCTCCCA-1_GSM4013383",1.28526290052177
"CATGACACAGCCAATT-1_GSM4013383",0.350901013426816
"GCGCGATCACCAGTTA-1_GSM4013383",0.259226477560108
"TATGCCCTCGGAGGTA-1_GSM4013383",1.1847696876891
"CAACTAGCAATAAGCA-1_GSM4013383",1.04112311376495
"TCTTTCCCATATGCTG-1_GSM4013383",0.725650791776426
"CGGACACGTAAATGAC-1_GSM4013383",0.907754927686227
"TACAGTGAGTTCGCGC-1_GSM4013383",0.936853099269829
"CAGCCGACACCAGGTC-1_GSM4013383",0.740067363277733
"TGAGGGAGTGCACTTA-1_GSM4013383",0.460160727101618
"ACGGAGATCTCCCTGA-1_GSM4013383",0.991911831184933
"TTCCCAGGTCTAGCCG-1_GSM4013383",0.835872250359992
"TGGCGCATCCAGAAGG-1_GSM4013383",0.695952696037289
"CATGACAAGAGTCGGT-1_GSM4013383",0.669773697966403
"TGTATTCCAAAGCAAT-1_GSM4013383",0.885468017974324
"GCAGTTATCTAGAGTC-1_GSM4013383",0.707575699475737
"AAGGAGCAGCCATCGC-1_GSM4013383",0.693624555098414
"TAGAGCTCATGGGAAC-1_GSM4013383",0.520382663134826
"AAACGGGTCGCTAGCG-1_GSM4013383",1.00595876036404
"GGATTACGTAGCGCTC-1_GSM4013383",0.803167971666949
"CTTAACTGTAGAGCTG-1_GSM4013383",0.734955329581912
"GGACGTCTCCAGAGGA-1_GSM4013383",0.836907698261628
"AGATCTGTCAAGATCC-1_GSM4013383",1.2396178770088
"ACAGCTATCTAGCACA-1_GSM4013383",0.455068215653979
"ATTACTCTCTTACCGC-1_GSM4013383",0.817958535778572
"GACCTGGAGAGGTACC-1_GSM4013383",0.950372922233387
"AATCCAGCAAGTCTAC-1_GSM4013383",0.768721992217537
"CTCTACGGTCGGCACT-1_GSM4013383",0.652411886287215
"CTAAGACCAGGTCTCG-1_GSM4013383",0.915311695105914
"CTAACTTAGTCCCACG-1_GSM4013383",0.782573509115074
"AGAGCGACATCCAACA-1_GSM4013383",0.883377049994591
"TAAGCGTTCTGGCGTG-1_GSM4013383",1.07038100731983
"GTAGGCCCATTACCTT-1_GSM4013383",0.798629402798168
"TCATTACTCTTAACCT-1_GSM4013383",0.831906990219107
"CAGCGACAGAGTACAT-1_GSM4013383",0.411170450972675
"TCTCATACAGTCAGCC-1_GSM4013383",0.355555270068854
"TGACAACAGAAACCAT-1_GSM4013383",0.709439148446656
"CATCCACCACTAAGTC-1_GSM4013383",0.971468170381211
"TGACAACTCCATTCTA-1_GSM4013383",0.936197004561421
"GGAACTTAGCTTTGGT-1_GSM4013383",1.16821126762147
"GAAATGATCGTAGGTT-1_GSM4013383",0.698736623136855
"CTCGAAATCGGCATCG-1_GSM4013383",0.926361936729136
"CAGTAACTCCGTTGCT-1_GSM4013383",0.622451942969979
"TAAGTGCAGCACCGTC-1_GSM4013383",0.385408666074083
"GCTCCTAAGGCGACAT-1_GSM4013383",0.723268587358924
"CTGCCTATCCGTACAA-1_GSM4013383",1.16527214192006
"ATGAGGGAGAGGTTGC-1_GSM4013383",0.940195534740984
"CTAGAGTTCGGATGTT-1_GSM4013383",0.942815391885542
"CTAACTTAGTGTACCT-1_GSM4013383",1.14302440300188
"ACACCGGTCCAGGGCT-1_GSM4013383",0.957254310032958
"ACTGTCCGTGGTAACG-1_GSM4013383",0.980357376144118
"TAAGTGCCACGGCGTT-1_GSM4013383",0.990988481265649
"GACTAACTCTGGTATG-1_GSM4013383",0.832971848286215
"CTCGAAACACGAAGCA-1_GSM4013383",0.839673360478821
"CCTTCGAGTGAAGGCT-1_GSM4013383",0.757422299455761
"GGAACTTAGCCACCTG-1_GSM4013383",0.790329653305677
"TGGTTCCGTTCGTTGA-1_GSM4013383",0.170470131254467
"GCGCAGTGTTGGAGGT-1_GSM4013383",1.08740673378683
"GATTCAGAGGCTCATT-1_GSM4013383",0.926458847282507
"GTCGTAAGTCTCCATC-1_GSM4013383",1.10652388034348
"GTTACAGCAACACCCG-1_GSM4013383",0.745138848341983
"CCTTTCTTCACAGTAC-1_GSM4013383",0.635008231415583
"CTAGCCTAGTATTGGA-1_GSM4013383",0.538849198807514
"TCTGGAACACATGGGA-1_GSM4013383",1.1784523680794
"TTCTACAGTCGCATAT-1_GSM4013383",0.819677067815573
"CTCGGGATCAGTACGT-1_GSM4013383",0.298376947235249
"CGCGTTTCATGCCACG-1_GSM4013383",1.08826691213401
"CATCAAGTCAAACCGT-1_GSM4013383",0.832665702905579
"CTGAAGTTCAGCATGT-1_GSM4013383",0.971994881987147
"CCATGTCCAGATAATG-1_GSM4013383",0.699657177813801
"TGGCCAGAGACATAAC-1_GSM4013383",1.0634123501807
"TTGTAGGTCAACCATG-1_GSM4013383",0.469607711594364
"GCTGGGTTCGAATGCT-1_GSM4013383",1.14457835664627
"AACCATGTCAACCAAC-1_GSM4013383",1.01311962653232
"AAAGATGAGCACAGGT-1_GSM4013383",0.952278202210521
"GACTACAAGTATCGAA-1_GSM4013383",1.0109756337815
"ACATACGAGAAGCCCA-1_GSM4013383",0.509051231075917
"ACTGCTCGTATCGCAT-1_GSM4013383",0.888968287163379
"CTGGTCTAGGCTAGCA-1_GSM4013383",0.824358156167175
"ACACCCTTCCAGGGCT-1_GSM4013383",0.672224637218206
"CGTAGGCAGACTAGAT-1_GSM4013383",0.793191194150986
"TCTATTGGTGTCCTCT-1_GSM4013383",0.889533577441338
"ACGAGGATCCGCGTTT-1_GSM4013383",1.00504125582157
"ACATGGTAGTGAACAT-1_GSM4013383",0.871978994752464
"CCTATTAAGCGTAATA-1_GSM4013383",0.366163951277012
"GTCCTCATCAGCTTAG-1_GSM4013383",0.487591958534762
"TCTTTCCAGCCAGGAT-1_GSM4013383",0.746818069624549
"TCGGTAAGTCGCATCG-1_GSM4013383",0.957102839109213
"CGAGAAGGTCAATACC-1_GSM4013383",0.715676101570239
"CCGTACTTCTGCTTGC-1_GSM4013383",0.991548096429965
"GATCGTACATTAGCCA-1_GSM4013383",1.0927789880041
"CAGTCCTGTTACGTCA-1_GSM4013383",0.955995733752442
"TGGGAAGGTCGAGTTT-1_GSM4013383",0.989215712522684
"TATTACCCACGTAAGG-1_GSM4013383",0.550436941022736
"GTACGTAGTGTATGGG-1_GSM4013383",1.04237934777728
"TGCTGCTAGTCGAGTG-1_GSM4013383",0.553625986864894
"GCCTCTACATAACCTG-1_GSM4013383",0.886740946837841
"CATTATCTCATAGCAC-1_GSM4013383",0.792098530245224
"GCTTGAAGTCTAGAGG-1_GSM4013383",1.03710297014763
"TCCACACGTGATGCCC-1_GSM4013383",0.725984328166433
"GATCGATGTATAATGG-1_GSM4013383",0.893630079070806
"ACTGCTCGTCTGCGGT-1_GSM4013383",1.01047973201475
"CTACACCCATCTCCCA-1_GSM4013383",0.478830707998472
"CACACTCTCTGCCCTA-1_GSM4013383",0.319253655564417
"CTGCCTAAGTTGTCGT-1_GSM4013383",1.05415059135563
"CGATGGCCAGCGATCC-1_GSM4013383",0.989702776062423
"ACTGCTCCAAGCCGTC-1_GSM4013383",0.97277829742768
"TATTACCCATCCGTGG-1_GSM4013383",1.11511175293866
"CCTCAGTCAATAGCGG-1_GSM4013383",0.660511989795292
"GATCTAGTCTTCAACT-1_GSM4013383",0.617660582266676
"CTCCTAGAGCCCGAAA-1_GSM4013383",0.719399261410969
"AATCCAGCACAACGCC-1_GSM4013383",0.464037249345226
"GGCTGGTGTTGGACCC-1_GSM4013383",1.07071133962087
"AGCTCTCCAGGTTTCA-1_GSM4013383",0.675011432671716
"AGCTCTCGTCTAAAGA-1_GSM4013383",0.640686552627034
"ATGCGATTCTTCGGTC-1_GSM4013383",0.500143120500408
"TGAGCATTCATAGCAC-1_GSM4013383",0.674927215490359
"ACATGGTCATATACGC-1_GSM4013383",0.45206808617595
"GACCTGGCAAGGACAC-1_GSM4013383",0.442197783793361
"TCCCGATGTGCTTCTC-1_GSM4013383",0.273390394764402
"GCAAACTGTGTTGAGG-1_GSM4013383",0.497084184538206
"AAACGGGCAAACTGTC-1_GSM4013383",0.980929190427204
"GGCTGGTGTATCGCAT-1_GSM4013383",0.183755199951789
"TGGGCGTAGCAGCCTC-1_GSM4013383",0.463982723964207
"CTTACCGGTTACAGAA-1_GSM4013383",1.08088502654572
"CTAACTTAGATGCCAG-1_GSM4013383",1.11184192373655
"TGTGGTAGTTCCACTC-1_GSM4013383",0.80003967945776
"GATGAAAAGCCCAACC-1_GSM4013383",0.331387482008317
"TCACGAACAAGGGTCA-1_GSM4013383",0.646350279582332
"GCGCCAATCTTAACCT-1_GSM4013383",0.972889138249785
"ACGATGTTCGTGGACC-1_GSM4013383",0.669912904407549
"ACGGCCAAGATAGTCA-1_GSM4013383",0.425561699176646
"TTCTACATCGAACGGA-1_GSM4013383",0.259084337627231
"CGTGTAACACACGCTG-1_GSM4013383",0.43185461321757
"CTGTTTATCTCAAACG-1_GSM4013383",0.952765545055376
"AGTCTTTCAATTGCTG-1_GSM4013383",0.869456954229386
"CAAGAAAGTAAAGGAG-1_GSM4013383",0.952117124105155
"CAGCATATCACCCGAG-1_GSM4013383",0.880898161725062
"ACATCAGGTAGCGTAG-1_GSM4013383",0.576390310869358
"AGTGTCAAGAAACCTA-1_GSM4013383",0.661773226424035
"TGTGGTACAAGTTCTG-1_GSM4013383",0.765960572779791
"GTCTTCGTCACATGCA-1_GSM4013383",1.10034853952708
"TATGCCCTCCCGGATG-1_GSM4013383",1.02562936309
"AGTTGGTCACAAGTAA-1_GSM4013383",0.603542069329045
"GTAGGCCAGACCTTTG-1_GSM4013383",0.680926991908136
"AATCGGTCAGGATCGA-1_GSM4013383",0.979476812228424
"ATAACGCCACAAGTAA-1_GSM4013383",0.879963164652268
"CCAATCCAGATCTGCT-1_GSM4013383",1.26199767187415
"GGGCATCGTCACAAGG-1_GSM4013383",0.826012574842895
"AAGTCTGGTAAGGGCT-1_GSM4013383",0.620178580895181
"CTCATTATCGTTTGCC-1_GSM4013383",0.259509344968703
"TCTCTAATCCACGCAG-1_GSM4013383",0.908605764932586
"ACGATGTAGAGGTTAT-1_GSM4013383",0.687941765755104
"CGCTGGAGTCTTCTCG-1_GSM4013383",0.562607751202248
"ACACCGGTCCTAGAAC-1_GSM4013383",0.54843700300635
"TGCGCAGCAGGGTTAG-1_GSM4013383",1.11661767766119
"CTAACTTAGTTTGCGT-1_GSM4013383",0.407021009414004
"CGGCTAGGTGAACCTT-1_GSM4013383",1.12713114846437
"CACACAAAGCAAATCA-1_GSM4013383",0.714961267160989
"AACTCCCGTCTTTCAT-1_GSM4013383",1.32881641867015
"CTGATAGGTTCAGGCC-1_GSM4013383",0.951643109037838
"TTCTCCTAGCGCCTTG-1_GSM4013383",0.713381823685493
"GGTGTTACAGGCTCAC-1_GSM4013383",1.01209164707047
"TACTTACCACAACTGT-1_GSM4013383",0.86410440953357
"CTACGTCTCTTACCTA-1_GSM4013383",0.902808470022205
"GGAGCAAGTAGATTAG-1_GSM4013383",0.550986373445318
"GTAGGCCTCAACCAAC-1_GSM4013383",0.404362209608223
"AAGGCAGTCTAACTGG-1_GSM4013383",1.0116825296088
"ATGTGTGGTTGTGGCC-1_GSM4013383",0.992480694140121
"GGCTGGTGTAAATACG-1_GSM4013383",1.05203512716718
"TTAGGACTCTTCGAGA-1_GSM4013383",0.689719128921818
"TTTCCTCTCACGACTA-1_GSM4013383",0.705128048187934
"CATGGCGCACAGGCCT-1_GSM4013383",0.00223170047311602
"CCGGGATTCACTGGGC-1_GSM4013383",0.986500387049671
"TAGACCACAATGGACG-1_GSM4013383",0.328812707418403
"AAGGAGCTCTGTCTAT-1_GSM4013383",0.584968861437418
"ATGAGGGCAAGAGTCG-1_GSM4013383",0.291945645499889
"GATCGCGCAGTATCTG-1_GSM4013383",1.00945614593739
"CTCAGAAAGACAGACC-1_GSM4013383",0.651612813855434
"AGCGTATTCATAACCG-1_GSM4013383",1.11800506284207
"GCATGATGTAGATTAG-1_GSM4013383",0.271860757987295
"GACTACACATGCAATC-1_GSM4013383",0.0501173072442096
"TGACAACTCTGCGACG-1_GSM4013383",0.634252070347063
"ACACCGGGTACCGCTG-1_GSM4013383",0.746010746930938
"ACGGAGACATCTCCCA-1_GSM4013383",0.950219183210418
"GCGAGAACAGCATACT-1_GSM4013383",0.717785809365691
"TCTTTCCTCAGCAACT-1_GSM4013383",0.366765365714206
"CAGATCATCCTAGAAC-1_GSM4013383",0.746391725739195
"ATTCTACAGCGTAATA-1_GSM4013383",0.729922915393252
"AGGGTGAAGCATCATC-1_GSM4013383",0.525837121052856
"CGTGTCTTCAGAGCTT-1_GSM4013383",0.973141315992017
"AGGCCGTTCTTGAGAC-1_GSM4013383",0.334845297987071
"TATTACCTCGCAAACT-1_GSM4013383",0.817773490568013
"CGTGTCTGTACATCCA-1_GSM4013383",0.928143822063214
"TTCTTAGTCTACGAGT-1_GSM4013383",0.565389675871705
"CGGACACTCTTGCCGT-1_GSM4013383",0.711645494108828
"CGCTGGACAGTCCTTC-1_GSM4013383",0.646156345320099
"CCATTCGTCAGTACGT-1_GSM4013383",0.578886772737945
"CAACCTCAGATCTGCT-1_GSM4013383",0.533615083235002
"AGACGTTCAAGCTGAG-1_GSM4013383",0.514602752589832
"TTCTACAGTGGTTTCA-1_GSM4013383",0.652781599804763
"TGGCTGGCAGAAGCAC-1_GSM4013383",0.276245253872663
"TGAGCATCAAGTAGTA-1_GSM4013383",0.649814929261247
"CTTACCGGTCGGCATC-1_GSM4013383",0.784285478236881
"CATGCCTTCTTAGCCC-1_GSM4013383",0.396708314764799
"AATCCAGCATCTACGA-1_GSM4013383",0.914600616191837
"TGTTCCGGTGCTGTAT-1_GSM4013383",0.445050885260757
"GGAATAATCCGTCAAA-1_GSM4013383",0.579153701645766
"AGGTCCGCATACAGCT-1_GSM4013383",0.570769952032998
"TCAGGTAAGTGTCCCG-1_GSM4013383",0.44439232696751
"AGGGATGGTTTACTCT-1_GSM4013383",0.435479597175599
"CCCAATCTCATTCACT-1_GSM4013383",0.783570358719859
"GCACATACACTCGACG-1_GSM4013383",0.846167893810072
"TGTCCCACATTAGGCT-1_GSM4013383",0.225832554744902
"CTTAACTCACTGAAGG-1_GSM4013383",0.428399688421812
"GGACAAGGTTACCGAT-1_GSM4013383",0.957224241460001
"TCAATCTTCGAACGGA-1_GSM4013383",1.10436597771237
"AGATCTGCAACCGCCA-1_GSM4013383",0.512095732812239
"GCGCCAAAGAAGATTC-1_GSM4013383",0.343495900102702
"CACATTTAGGAGTCTG-1_GSM4013383",0.95927017727892
"TCAGGTATCGTGTAGT-1_GSM4013383",0.975510153819709
"CGCTATCGTATCTGCA-1_GSM4013383",1.0575616267724
"CAGCATATCTTTACGT-1_GSM4013383",1.10324999160934
"TTCGAAGTCGGCGCTA-1_GSM4013383",0.800557434243484
"GAATGAAGTGGTTTCA-1_GSM4013383",1.07924219888446
"TTTACTGTCTGCGTAA-1_GSM4013383",0.915278245840326
"CATCGAACAGCGTCCA-1_GSM4013383",0.773922313396846
"CATTATCTCCTGTACC-1_GSM4013383",0.327644465717433
"AGATTGCCAATCCGAT-1_GSM4013383",0.947212192547384
"TCCCGATAGCTAGGCA-1_GSM4013383",0.964968751781858
"TATCAGGAGGCCCTCA-1_GSM4013383",0.694798021471529
"CGGACTGTCATGGTCA-1_GSM4013383",0.878399100735845
"TTTGCGCTCCAGATCA-1_GSM4013383",0.476505243698459
"ATTCTACGTACGCACC-1_GSM4013383",0.481788666305307
"GTACTTTCATGTCCTC-1_GSM4013383",0.474510053119712
"AAGGCAGAGGTGTGGT-1_GSM4013383",0.95365368006389
"TTAACTCTCAGTTTGG-1_GSM4013383",0.673830833565388
"CATGACATCCCAAGAT-1_GSM4013383",0.0888834171844198
"TACGGTACAGGTCTCG-1_GSM4013383",0.540423559379923
"GTAACGTGTGCGATAG-1_GSM4013383",0.613215249489035
"GCCAAATTCTGCGGCA-1_GSM4013383",0.495165612683478
"CGCTTCAGTCAATGTC-1_GSM4013383",0.312077186987704
"CACCAGGTCAGTCAGT-1_GSM4013383",0.740436264647485
"CGAGAAGGTTGCGCAC-1_GSM4013383",0.943621234945543
"CTGCTGTAGTATTGGA-1_GSM4013383",0.484194982222348
"AGAATAGGTGCCTGGT-1_GSM4013383",0.492404537206473
"CATGGCGGTCAAGCGA-1_GSM4013383",1.0240790139628
"GCATACATCACAGTAC-1_GSM4013383",0.75933009057469
"CATCGGGAGGCACATG-1_GSM4013383",1.0124770079585
"CGGACACGTTACAGAA-1_GSM4013383",0.721090329368315
"ACGTCAAGTAGTACCT-1_GSM4013383",1.04709920433777
"GCTTGAAGTAGAGGAA-1_GSM4013383",0.593759063096457
"TGCACCTTCCTCAATT-1_GSM4013383",0.361147289268827
"ATTTCTGGTACTTGAC-1_GSM4013383",0.967691855831503
"CTTACCGTCACTCCTG-1_GSM4013383",0.733581462738977
"CGCTGGAAGCCAACAG-1_GSM4013383",1.03212290698223
"GGACAAGCAGGATCGA-1_GSM4013383",0.541643043343526
"AACGTTGCAGCGTTCG-1_GSM4013383",1.07894752742068
"ACTGCTCAGTGGGTTG-1_GSM4013383",0.691332496651603
"TTGAACGTCGGAGGTA-1_GSM4013383",1.02246125346455
"CATCGAAGTGAGGGTT-1_GSM4013383",0.915354701442592
"CGGAGCTAGTTACGGG-1_GSM4013383",0.495074012156668
"CCTACCAAGAGTACCG-1_GSM4013383",0.836325570352982
"CTCTGGTCATTGGCGC-1_GSM4013383",0.749829436775736
"AACTGGTAGAAACCTA-1_GSM4013383",0.667306332146701
"CACAAACCACATGTGT-1_GSM4013383",0.431923814362069
"CTACATTAGGTTACCT-1_GSM4013383",0.507039508842744
"GAAACTCAGAGCCTAG-1_GSM4013383",0.932836590195566
"TGCCCATGTCTCCACT-1_GSM4013383",0.345058183205587
"CATATTCCATTGAGCT-1_GSM4013383",0.460294140305566
"TAGGCATAGCTAGCCC-1_GSM4013383",0.817163514200567
"TTAGGACAGTATTGGA-1_GSM4013383",0.791983534260137
"CTGATAGCAGCGATCC-1_GSM4013383",0.151005117462389
"TGGGCGTAGATATACG-1_GSM4013383",0.761561824620435
"TGGTTAGTCCTTTCGG-1_GSM4013383",0.982844096685205
"TCGGGACAGTAGGTGC-1_GSM4013383",0.876366972087913
"CCCTCCTTCTGTCCGT-1_GSM4013383",0.882638595002659
"TACTCGCTCTGCGACG-1_GSM4013383",0.658713242454924
"CAGTAACCACGAAGCA-1_GSM4013383",0.85213426530764
"CTTCTCTGTTGGTAAA-1_GSM4013383",0.315446676138366
"GGATTACGTACTTAGC-1_GSM4013383",0.489390853351445
"GATTCAGAGACTTGAA-1_GSM4013383",0.759951127457203
"CGAACATTCAACGAAA-1_GSM4013383",0.806413408244388
"CGTTAGAAGGAATTAC-1_GSM4013383",0.419965629196647
"GTTCATTAGTTCGCGC-1_GSM4013383",0.459805181315575
"CTGAAACCACAACTGT-1_GSM4013383",0.920585950819201
"CTCGTCAGTGTGACGA-1_GSM4013383",0.690548596574433
"TCAACGACACGGTAAG-1_GSM4013383",0.952290936659006
"TGACAACAGAGGACGG-1_GSM4013383",1.10514247103305
"ATCCGAAAGCTAGTTC-1_GSM4013383",0.711724670973642
"AAAGTAGAGGCCCTTG-1_GSM4013383",0.675480596332056
"TGACTTTGTTCGCGAC-1_GSM4013383",0.858509662086262
"GTGCTTCAGACTTGAA-1_GSM4013383",0.630200399120347
"GGACAGACAAAGGCGT-1_GSM4013383",0.861168977351728
"TCACGAATCCTAGTGA-1_GSM4013383",0.778731124294957
"GTCACGGGTTCGTCTC-1_GSM4013383",0.47190163632614
"ATTACTCTCAGCTTAG-1_GSM4013383",0.47595476081838
"TCGTAGAGTGTGACCC-1_GSM4013383",0.627099437483714
"CAGCTAAAGCCAGTTT-1_GSM4013383",0.917719497403387
"GCTGCTTCACCCAGTG-1_GSM4013383",0.56041546140358
"CGCTGGACATCTCGCT-1_GSM4013383",0.743282900036427
"CCATTCGTCAGGTAAA-1_GSM4013383",0.663559614998221
"TCATTACTCCCTCTTT-1_GSM4013383",1.0937196347347
"CAGTAACCACAGGAGT-1_GSM4013383",0.77915318815873
"AAGACCTGTCAGGACA-1_GSM4013383",1.02689036619745
"ATAACGCCACGGTAAG-1_GSM4013383",0.660593108104383
"TTAGGCACAGTCACTA-1_GSM4013383",0.788224630085571
"ATAACGCGTACCGGCT-1_GSM4013383",1.21660750534654
"CAGTCCTGTGTAAGTA-1_GSM4013383",0.884864234514626
"TCATTTGAGCTAGTCT-1_GSM4013383",0.567742212219737
"ATCATCTTCGTAGATC-1_GSM4013383",0.872649496666691
"ATTGGTGCAAAGGTGC-1_GSM4013383",0.467827434102304
"TTCGAAGTCCAGATCA-1_GSM4013383",0.77600989589035
"GTCACAATCAGGCAAG-1_GSM4013383",0.766725356615203
"TAGACCAAGACATAAC-1_GSM4013383",1.09826297737939
"AACCGCGAGCTAGTTC-1_GSM4013383",0.84776840319015
"TCATTTGTCGGAAACG-1_GSM4013383",0.88897449949692
"CTCTAATGTGATAAAC-1_GSM4013383",0.683603650016804
"CGATTGACAAGGCTCC-1_GSM4013383",1.00801224371535
"ACACCCTGTCTCTTTA-1_GSM4013383",1.04381331414972
"GGCTCGACAAGGCTCC-1_GSM4013383",0.71359944463532
"ACGCCAGGTAAGGGCT-1_GSM4013383",1.00113139537903
"ACTGAACAGTCCGGTC-1_GSM4013383",0.442178891954504
"CAACCAAGTTGACGTT-1_GSM4013383",0.494956446579518
"GTTCTCGCAGACAAAT-1_GSM4013383",0.910044928261492
"GTTACAGTCGGATGGA-1_GSM4013383",0.737071758917023
"AGTGGGACATGCCACG-1_GSM4013383",0.798314948817668
"GTGTTAGCAGACACTT-1_GSM4013383",0.722774706231164
"ATCCGAATCGCCGTGA-1_GSM4013383",0.85697727124956
"GATGAAACAGGAATGC-1_GSM4013383",1.02935979332934
"TCACAAGTCATTGCCC-1_GSM4013383",0.373853594593644
"CCTCAGTGTCCATGAT-1_GSM4013383",0.698435077895607
"GTATTCTAGAACAATC-1_GSM4013383",0.613936263927349
"TACACGAAGTGGCACA-1_GSM4013383",0.417573920571531
"GCTTGAAGTGGTCTCG-1_GSM4013383",0.924391729209465
"GTAGGCCCAGACGCTC-1_GSM4013383",0.739867939704266
"GATCGCGCAACGCACC-1_GSM4013383",0.287611678150047
"TGGCCAGTCGGTCTAA-1_GSM4013383",0.554315039947995
"GGGCATCTCAGGTTCA-1_GSM4013383",0.540152854258981
"AGTGTCAGTAACGACG-1_GSM4013383",0.86995843060897
"GACACGCGTCTTTCAT-1_GSM4013383",0.394235886153974
"AAGACCTCACGAGGTA-1_GSM4013383",0.731627286207055
"TGACTTTAGCTCCTCT-1_GSM4013383",0.981681191147211
"CGACTTCGTCCGTCAG-1_GSM4013383",0.399903139046988
"CCTTACGAGTGGTAGC-1_GSM4013383",0.670562304354983
"GCGGGTTTCACCGGGT-1_GSM4013383",0.904910855424642
"CTGAAGTGTAGCTGCC-1_GSM4013383",0.85359085709573
"GTAACGTAGATGTAAC-1_GSM4013383",0.925322539803088
"CGATTGACAATCTGCA-1_GSM4013383",0.765236396375612
"CAGCTAACAGCTCGCA-1_GSM4013383",0.773364676185933
"CACACTCCAAGCCGTC-1_GSM4013383",0.71918730059162
"GTGCGGTAGCCAGAAC-1_GSM4013383",0.752512679632755
"GATCGTATCCACTGGG-1_GSM4013383",0.627864451003318
"TCTATTGCAGCTATTG-1_GSM4013383",0.699849043762971
"GGTGAAGAGACTTGAA-1_GSM4013383",0.784661384183246
"CGATGGCAGAATCTCC-1_GSM4013383",0.90414642917943
"TTCTTAGCACAGGTTT-1_GSM4013383",0.482536716016689
"GGTATTGAGTCATCCA-1_GSM4013383",0.739200305181176
"GGCTGGTAGCTGTTCA-1_GSM4013383",0.78221848938836
"ATGAGGGTCCTTGCCA-1_GSM4013383",0.612771245790453
"CTAGTGAAGAGGTAGA-1_GSM4013383",0.71690035378509
"CGGACTGGTCTTTCAT-1_GSM4013383",0.878226022771925
"CCTAGCTCAAAGGTGC-1_GSM4013383",0.400871994925758
"TACAGTGTCATGCATG-1_GSM4013383",1.06316450988726
"GTGCGGTCACTAGTAC-1_GSM4013383",0.863067833423411
"TGACTTTGTCCTCTTG-1_GSM4013383",0.578120891970048
"TGGTTCCGTAAGGATT-1_GSM4013383",1.07410333152388
"CGTAGGCTCGGAGCAA-1_GSM4013383",0.98156004189808
"GTCATTTTCCTTGACC-1_GSM4013383",0.673961260136133
"CTGAAGTCATGTCGAT-1_GSM4013383",0.320528053883323
"CTACATTGTCCGTCAG-1_GSM4013383",1.05931875209738
"CGCGTTTCAGGAATGC-1_GSM4013383",0.922555756043665
"TAGGCATAGATGTAAC-1_GSM4013383",0.884810533108192
"TCGTACCCAGCTCGCA-1_GSM4013383",0.79272891029986
"TTCTACAAGCGTTTAC-1_GSM4013383",0.535815485936358
"GGGTCTGAGCCAACAG-1_GSM4013383",0.522397613301591
"GACGTGCCAACGATCT-1_GSM4013383",0.520403016873775
"TGACTTTTCCGCAGTG-1_GSM4013383",0.599477203060671
"GGGTCTGTCTAGAGTC-1_GSM4013383",0.663361134861651
"AGTAGTCGTGGTAACG-1_GSM4013383",0.944485969866531
"CGCCAAGCAAGCGAGT-1_GSM4013383",0.726338269527803
"CTCACACGTTCACCTC-1_GSM4013383",0.665168049062058
"GCATGCGTCAACTCTT-1_GSM4013383",0.50064546042206
"CGCTTCAAGGGCTTCC-1_GSM4013383",0.86641546524238
"CAAGTTGAGATGCCTT-1_GSM4013383",0.858092079720297
"TCATTACAGCACAGGT-1_GSM4013383",0.861216707394088
"CAACCAATCATCTGCC-1_GSM4013383",0.600606293235559
"GGTGTTAGTTGGAGGT-1_GSM4013383",0.867912674623786
"GCTCTGTGTTGTGGCC-1_GSM4013383",0.610407112007342
"TCTGGAAGTTATTCTC-1_GSM4013383",0.925689060435593
"CATCAAGAGCACCGTC-1_GSM4013383",0.903246822649061
"ACGCCAGTCGGTTAAC-1_GSM4013383",0.627975827396713
"CCCTCCTGTCCGAAGA-1_GSM4013383",0.567188662905844
"CTAACTTAGAGTAAGG-1_GSM4013383",0.910966667075361
"CCACGGACAGCGTCCA-1_GSM4013383",0.720025676999223
"ATGTGTGAGAACTGTA-1_GSM4013383",0.871478585958928
"TTATGCTCACCCAGTG-1_GSM4013383",0.779689625080989
"CATGACAGTTGCGTTA-1_GSM4013383",0.736807756990885
"CCACCTAGTCATGCAT-1_GSM4013383",0.754052733497059
"ACTGAACTCATCGGAT-1_GSM4013383",0.807716740767869
"CGTGAGCAGGGATGGG-1_GSM4013383",0.685148593088412
"TTCTACAGTCTCATCC-1_GSM4013383",0.748453125964804
"GCACATATCCTCATTA-1_GSM4013383",0.396029306083722
"TCATTTGCACAACGCC-1_GSM4013384",1.59209646058864
"TTCGGTCCAGGGTATG-1_GSM4013384",1.57126769274713
"ATAACGCGTACTTAGC-1_GSM4013384",1.42756256521047
"CGATCGGCAATCGAAA-1_GSM4013384",1.41503669427244
"CATGCCTAGGAGCGAG-1_GSM4013384",1.51655837595374
"CTACCCAAGGTCGGAT-1_GSM4013384",1.44824507177057
"CCACTACGTTATCCGA-1_GSM4013384",1.49312819210046
"CCTACCATCCTGTAGA-1_GSM4013384",1.48600877348559
"CCTAAAGAGGTCGGAT-1_GSM4013384",1.43239228812579
"CCACCTAAGATCACGG-1_GSM4013384",1.38466045131999
"CTAATGGAGACAGGCT-1_GSM4013384",1.40613367822789
"GAGTCCGCATCGGTTA-1_GSM4013384",1.49578493443669
"AGGGAGTCACGAAACG-1_GSM4013384",1.47520855065107
"GAAACTCTCAACGAAA-1_GSM4013384",1.34309616196885
"TTATGCTGTGGTTTCA-1_GSM4013384",1.44608162460088
"GAAACTCAGTCTTGCA-1_GSM4013384",1.39575965701507
"CAGATCATCAGTCCCT-1_GSM4013384",1.48887147022886
"CGTCTACCAATCACAC-1_GSM4013384",1.44972116899471
"GGCTGGTCATCGGTTA-1_GSM4013384",1.51965879747922
"CAAGAAATCCGTTGCT-1_GSM4013384",1.48446700401213
"TCAGGATTCTGTCCGT-1_GSM4013384",1.45250898032792
"CACATAGAGAGAACAG-1_GSM4013384",1.45268797746999
"CAAGGCCGTTTGGCGC-1_GSM4013384",1.42070115374503
"CTACACCCACGAAATA-1_GSM4013384",1.39919651252281
"CATATTCCAAGACACG-1_GSM4013384",1.42568784227423
"CGGACACTCACCAGGC-1_GSM4013384",1.52775854280487
"GCATGATCATTTCACT-1_GSM4013384",1.45836755113103
"GAAACTCAGCACAGGT-1_GSM4013384",1.49483848768152
"CTGTTTAGTAGGGACT-1_GSM4013384",1.55020545956219
"CTCTGGTGTTCACGGC-1_GSM4013384",1.43579033582858
"AGTGGGAGTCCGTTAA-1_GSM4013384",1.52347320422722
"CATTCGCGTTACGCGC-1_GSM4013384",1.38668875247389
"GAAATGAAGTCTTGCA-1_GSM4013384",1.46558633389745
"CCTTTCTCAAGCGCTC-1_GSM4013384",1.37931129347277
"GGTGTTAAGTATCTCG-1_GSM4013384",1.39855354322788
"CCGTTCACACATGGGA-1_GSM4013384",1.50322911702678
"ACGGCCAAGAGGTAGA-1_GSM4013384",1.53823130673839
"CTCGTCAAGTGTACTC-1_GSM4013384",1.5044410191337
"ACAGCCGAGCCACTAT-1_GSM4013384",1.52115376431828
"TCAGCAACACACAGAG-1_GSM4013384",1.47964139857082
"TTAGTTCAGCCAGGAT-1_GSM4013384",1.57918228846888
"GCTCTGTTCCGTTGCT-1_GSM4013384",1.43886189817787
"TCAGATGCATTAGGCT-1_GSM4013384",1.4035303777249
"CTTCTCTTCTTCTGGC-1_GSM4013384",1.57714385627209
"AATCCAGCAGAGCCAA-1_GSM4013384",1.44889432932819
"ATCCGAATCGGACAAG-1_GSM4013384",1.43888485905142
"GATGAAACATCACAAC-1_GSM4013384",1.45758328000935
"TTTACTGGTAAGGATT-1_GSM4013384",1.46926565734016
"GTACTCCCACAGACTT-1_GSM4013384",1.58619929355068
"AGCTCTCAGGTGCACA-1_GSM4013384",1.37077082665489
"GCATGCGTCCAGTATG-1_GSM4013384",1.62604684729157
"AGTTGGTTCGCCTGTT-1_GSM4013384",1.39551725290026
"TGCGCAGGTGCAACTT-1_GSM4013384",1.59027840694998
"GTCTTCGCAGCATGAG-1_GSM4013384",1.42070050896385
"GATGAAAAGGATGTAT-1_GSM4013384",1.41421058628547
"GGTATTGCAAGTCTGT-1_GSM4013384",1.48432019171857
"CGCTATCAGCTGGAAC-1_GSM4013384",1.48178510287917
"TAAGCGTAGACCTAGG-1_GSM4013384",1.54752118142045
"GCATACATCTGGAGCC-1_GSM4013384",1.47049759154662
"CGTGTAAGTTCGTCTC-1_GSM4013384",1.49201977635264
"ATGCGATGTTCAGGCC-1_GSM4013384",1.58103214421582
"CCACTACAGCCAGTAG-1_GSM4013384",1.49061014673961
"GTTACAGCACCAGCAC-1_GSM4013384",1.5127503344861
"TTTCCTCGTAGCGTAG-1_GSM4013384",1.41376689300664
"GTTACAGCACGCGAAA-1_GSM4013384",1.54355846569021
"TAGACCAGTCTAGCGC-1_GSM4013384",1.47778831520027
"CACAGTACATGGGACA-1_GSM4013384",1.47820372341533
"CAGGTGCGTTACGGAG-1_GSM4013384",1.53278869230565
"CCGTGGAAGGACCACA-1_GSM4013384",1.39178469632596
"CCCATACCACGAGAGT-1_GSM4013384",1.37371585142468
"TGATTTCCATTACGAC-1_GSM4013384",1.50186792533794
"TTAACTCTCACAAACC-1_GSM4013384",1.52077809354471
"GGCCGATGTACCGTAT-1_GSM4013384",1.4120311304004
"ATCATGGTCCTCGCAT-1_GSM4013384",1.40546485563902
"GCGCCAAAGTTCCACA-1_GSM4013384",1.4427199906826
"AACTCCCCACAACTGT-1_GSM4013384",1.51838883734129
"ACGCAGCGTACAAGTA-1_GSM4013384",1.43336081270537
"AACTCCCGTGCCTGCA-1_GSM4013384",1.36242072353604
"CGGAGTCCAGTCCTTC-1_GSM4013384",1.51092107724822
"TTGCGTCGTACTTAGC-1_GSM4013384",1.43612685612646
"GCGAGAATCACATAGC-1_GSM4013384",1.49150917475318
"ATGAGGGAGACAGGCT-1_GSM4013384",1.46372881853139
"GTCCTCAGTTAGATGA-1_GSM4013384",1.34013668500424
"GACTACACAGGCTCAC-1_GSM4013384",1.44703469452367
"CAAGAAAGTAGTGAAT-1_GSM4013384",1.43304004050329
"AGCCTAAGTCTAGTCA-1_GSM4013384",1.46280172994232
"GGTGCGTAGGACACCA-1_GSM4013384",1.43537729627592
"CGACCTTTCCTAGGGC-1_GSM4013384",1.52185663902109
"CTCTGGTGTGATGTGG-1_GSM4013384",1.38289934328462
"AGTAGTCGTTTGTTGG-1_GSM4013384",1.38912173620917
"ATGAGGGGTTGTGGAG-1_GSM4013384",1.37555300628104
"CGACTTCCATGGTCTA-1_GSM4013384",1.38303325154381
"GATCGATGTACCAGTT-1_GSM4013384",1.46876627672994
"GCGCAACAGCTAACAA-1_GSM4013384",1.40430585910653
"CCACCTATCCGAATGT-1_GSM4013384",1.46831813614157
"TAAACCGGTTCCACGG-1_GSM4013384",1.39629368154146
"AGAGCGACAAGCTGAG-1_GSM4013384",1.5234298133366
"CATTCGCTCTTCTGGC-1_GSM4013384",1.53490625390669
"GCTTGAATCCTACAGA-1_GSM4013384",1.39954578097931
"TGAGCCGGTTAAGACA-1_GSM4013384",1.46135057673162
"CCTCTGAAGAACAACT-1_GSM4013384",1.41690622005538
"AAAGCAAAGCGGATCA-1_GSM4013384",1.49013824059083
"CACAGGCTCCGAGCCA-1_GSM4013384",1.69763329921235
"GCTTCCATCAACACAC-1_GSM4013384",1.50007117922526
"GTAACGTTCCAAGTAC-1_GSM4013384",1.52643969722393
"AGCGTCGCAGTAAGAT-1_GSM4013384",1.4873537276646
"TTGTAGGAGACTTGAA-1_GSM4013384",1.57171375922471
"CATCAAGTCTGTCTCG-1_GSM4013384",1.4802160396252
"CAAGATCGTTCCGTCT-1_GSM4013384",1.51322514697165
"GTCGTAACATTTGCTT-1_GSM4013384",1.43480379667844
"CACAGGCGTTGCGTTA-1_GSM4013384",1.43144716837571
"TACTTGTCAGCATACT-1_GSM4013384",1.33268933190083
"AGCTCCTCATCACAAC-1_GSM4013384",1.40404006820365
"ATGTGTGAGGACCACA-1_GSM4013384",1.45895076684076
"TACACGACAGTACACT-1_GSM4013384",1.52552622058814
"CGTTAGAAGGCAAAGA-1_GSM4013384",1.50041284679636
"ATGGGAGGTTCCATGA-1_GSM4013384",1.34888556520803
"ACTGTCCGTACCGAGA-1_GSM4013384",1.47878374281143
"ACCTTTAAGCTGCCCA-1_GSM4013384",1.54744720766555
"CACACCTAGGGCTCTC-1_GSM4013384",1.41504788501394
"TTTACTGAGGCATGGT-1_GSM4013384",1.36801791537193
"GGATTACTCGAATCCA-1_GSM4013384",1.37386696627812
"TCTCTAATCAGCACAT-1_GSM4013384",1.35675640822782
"CAAGAAATCAGTTCGA-1_GSM4013384",1.48485398844784
"AGGGATGAGCTTTGGT-1_GSM4013384",1.42130212315628
"CATCGAAAGTCCCACG-1_GSM4013384",1.44766896544633
"TTGACTTCAATGTAAG-1_GSM4013384",1.45391352370139
"GATGCTACAGCTGTAT-1_GSM4013384",1.43133781373346
"CAGTCCTAGGCTATCT-1_GSM4013384",1.41028391680961
"ACTTACTCACTTGGAT-1_GSM4013384",1.46840556601106
"CTCGGGAAGCAGACTG-1_GSM4013384",1.46036747525887
"CTCTACGAGTGTACTC-1_GSM4013384",1.49008224417373
"CATGCCTTCACTTCAT-1_GSM4013384",1.51174226208228
"CACTCCATCTTGTTTG-1_GSM4013384",1.50397518703707
"TACGGATTCTGAGGGA-1_GSM4013384",1.42370400028288
"CCTTCGATCACCGGGT-1_GSM4013384",1.37214271008315
"ACTTTCATCTGTCTCG-1_GSM4013384",1.58950551549639
"CAGATCACATATACCG-1_GSM4013384",0.997797778344626
"AGATTGCCACAAGCCC-1_GSM4013384",1.53804485961374
"CCTAGCTGTGTGACGA-1_GSM4013384",1.57666291232624
"TCTATTGGTCGTTGTA-1_GSM4013384",1.54053420465375
"CTACGTCTCCTTTCGG-1_GSM4013384",1.43434099775158
"AACTCCCAGTACGACG-1_GSM4013384",1.37699018434431
"CTGAAGTGTGAAGGCT-1_GSM4013384",1.39774567166538
"GTGCATATCTTACCGC-1_GSM4013384",1.41426298439013
"GTACTTTCATCGGACC-1_GSM4013384",1.45063128373191
"AAATGCCCATCCGCGA-1_GSM4013384",1.57378437153816
"ATCTGCCGTACCAGTT-1_GSM4013384",1.51053288087807
"ACCTTTACAATTCCTT-1_GSM4013384",1.37745379852577
"GTAACGTGTTCCACGG-1_GSM4013384",1.34965685997449
"ACGGGTCAGTAATCCC-1_GSM4013384",1.42087107740135
"GCGCAGTGTGTGCGTC-1_GSM4013384",1.56692570940855
"ACGGCCACAAAGGAAG-1_GSM4013384",1.40408580559597
"GTAACGTCAGTATGCT-1_GSM4013384",1.47142606565369
"ATTATCCTCTCGTATT-1_GSM4013384",1.45822026536186
"GCTTGAAGTTCGTGAT-1_GSM4013384",1.45498676483639
"TCTTCGGTCTCCAGGG-1_GSM4013384",1.55268772668408
"AAAGCAACACTACAGT-1_GSM4013384",1.47421293675493
"GGGTCTGTCAACGAAA-1_GSM4013384",1.50735096569955
"ATAAGAGAGGCCCGTT-1_GSM4013384",1.44847851392444
"ACGCCGACACAACGTT-1_GSM4013384",1.56664025614483
"AGCAGCCGTCATACTG-1_GSM4013384",1.50782253793295
"GGATGTTCAAGCTGTT-1_GSM4013384",1.53198753534569
"TACGGATTCACTCTTA-1_GSM4013384",1.51056772687081
"CTAGAGTAGTGTGAAT-1_GSM4013384",1.38337424848825
"CCTACCATCTCTGTCG-1_GSM4013384",1.43817541929788
"GAGTCCGCACGGCCAT-1_GSM4013384",1.53120108723416
"TCTGGAATCAAGATCC-1_GSM4013384",1.5061697902838
"GACAGAGGTCAGAATA-1_GSM4013384",1.42329077670108
"TATCTCATCCTTCAAT-1_GSM4013384",0.828869852064061
"TGACAACCATAGAAAC-1_GSM4013384",1.54647425973007
"TTTCCTCTCACAATGC-1_GSM4013384",1.49381765516755
"GTAGTCAGTGGTCCGT-1_GSM4013384",1.48391225147736
"GTTCATTCATTGAGCT-1_GSM4013384",1.40227258718133
"CGTAGGCAGACTGTAA-1_GSM4013384",1.53657568257858
"CAGAATCGTCTTCTCG-1_GSM4013384",1.40878589496752
"ACGGAGACACGTCAGC-1_GSM4013384",1.51099270236895
"TGCCAAAGTTCATGGT-1_GSM4013384",1.45113547862741
"GAAATGATCCGCGCAA-1_GSM4013384",1.20362073219007
"AACGTTGTCGTCTGAA-1_GSM4013384",1.37414104076937
"TTTACTGCAATCGAAA-1_GSM4013384",1.45145347825727
"GGGTCTGCAATACGCT-1_GSM4013384",0.800540915696412
"CCATTCGTCTATCCCG-1_GSM4013384",1.41597569831586
"CACACAACACCGTTGG-1_GSM4013384",1.55274937944499
"TCATTACGTCACCTAA-1_GSM4013384",1.52954669356257
"GCTTCCAAGACTAGGC-1_GSM4013384",1.43591325606297
"ACAGCCGTCAAACAAG-1_GSM4013384",1.43005872445873
"TCACGAAGTAGCACGA-1_GSM4013384",1.52971335739281
"AGGGATGGTACAGCAG-1_GSM4013384",1.42797345279667
"TCTTTCCTCTGAGGGA-1_GSM4013384",0.776260577413119
"CATCAAGCATGTAAGA-1_GSM4013384",0.738647703290865
"GTATTCTTCAGATAAG-1_GSM4013384",1.49590715427438
"CAGGTGCTCGGACAAG-1_GSM4013384",1.32568424612047
"ACTGCTCTCTCATTCA-1_GSM4013384",1.41823929659644
"TCTTCGGCATCGGGTC-1_GSM4013384",1.53066814474436
"GCTGCAGTCGCGCCAA-1_GSM4013384",1.45647964069022
"TGCCCATGTCATGCAT-1_GSM4013384",1.4920472808514
"GTCTCGTCAAGACGTG-1_GSM4013384",1.56230634998766
"TAGGCATAGTATCTCG-1_GSM4013384",1.61463374092544
"GAGCAGAGTTGACGTT-1_GSM4013384",1.48047665300849
"ACTTACTTCGCTAGCG-1_GSM4013384",1.40480314876513
"GTATTCTGTTGATTGC-1_GSM4013384",1.41385807352086
"GACCTGGTCCTCTAGC-1_GSM4013384",1.52208597893402
"CCACTACCATTCACTT-1_GSM4013384",1.50574240697856
"GCATACACAAGTCTGT-1_GSM4013384",1.45244234494895
"ACACCGGTCGTTGACA-1_GSM4013384",1.55378598162267
"ACTGAACTCGGTGTTA-1_GSM4013384",1.34629046042713
"CATGCCTGTTAAGGGC-1_GSM4013384",1.54992057321851
"TGGCCAGGTCTTGATG-1_GSM4013384",1.47254712875686
"ACGATGTAGGCTCATT-1_GSM4013384",1.5677509839281
"AACCGCGCATTCGACA-1_GSM4013384",1.41415227456488
"ACTGCTCCAATCACAC-1_GSM4013384",1.49483368243474
"ATCTACTAGCCAGTTT-1_GSM4013384",1.32690580543841
"TTGGCAACACGAAATA-1_GSM4013384",1.44787339476412
"CATCAAGAGACTACAA-1_GSM4013384",0.917372386610829
"AGATCTGCATAGGATA-1_GSM4013384",1.51163889767778
"ATCATCTGTTCAACCA-1_GSM4013384",1.55063942605715
"AGTAGTCCACGACGAA-1_GSM4013384",1.51682587826159
"TACTTACGTGTTTGGT-1_GSM4013384",1.42848281839937
"TGCCAAAAGCGACGTA-1_GSM4013384",1.40592059144547
"TCGGGACGTGCATCTA-1_GSM4013384",1.41147534769346
"GTGCAGCAGTTGTAGA-1_GSM4013384",1.43423832055808
"GGCTCGACACAGACTT-1_GSM4013384",1.53088915898619
"GAACGGAAGGCGCTCT-1_GSM4013384",1.54047464025205
"TTTGTCATCGGAGGTA-1_GSM4013384",1.44853405965565
"AGCTCCTCAATGTAAG-1_GSM4013384",1.47707154096769
"CTAATGGCATGTTGAC-1_GSM4013384",1.54484404057166
"TACTCGCAGCTAGTCT-1_GSM4013384",1.45009206864181
"CATGCCTCAATCGAAA-1_GSM4013384",1.5160394448789
"GAACATCCAAGCCGTC-1_GSM4013384",1.56816864564672
"ATCATGGAGGTGTTAA-1_GSM4013384",1.44891096215621
"GCAATCAGTTGCGCAC-1_GSM4013384",1.41762840452323
"GCATGATTCTGCCAGG-1_GSM4013384",1.47966622378008
"GCATGTAAGCAATATG-1_GSM4013384",1.55002986084096
"CGAGCACCACGGTGTC-1_GSM4013384",1.53968883949137
"TGAGGGAAGTAATCCC-1_GSM4013384",1.35333514993004
"CACAGGCCATCGATTG-1_GSM4013384",1.32773444483444
"CACAAACCATAGGATA-1_GSM4013384",1.52977295947849
"TATGCCCCATTAACCG-1_GSM4013384",1.42172174656059
"TTCTCCTTCAAGATCC-1_GSM4013384",1.40019553425567
"CTCGGAGCAAACCTAC-1_GSM4013384",1.50400138551465
"CTCGGGAGTTGCGTTA-1_GSM4013384",1.30348005082481
"TAAACCGCAAGTCATC-1_GSM4013384",1.37488928741598
"GACGTTAGTGATGATA-1_GSM4013384",1.44881692446037
"CTTGGCTTCCGATATG-1_GSM4013384",1.32217870697731
"GAATAAGCATTAACCG-1_GSM4013384",1.42387558081344
"CGTTCTGTCTCATTCA-1_GSM4013384",0.947535232509867
"TGACTTTTCAGCAACT-1_GSM4013384",1.50199858459609
"TGATTTCCATTATCTC-1_GSM4013384",1.53430683218906
"CGTGTAACAAGAGTCG-1_GSM4013384",1.32917479417347
"ATCATGGAGCCAGTAG-1_GSM4013384",0.928191770806324
"TGCCCTACAGCCAGAA-1_GSM4013384",1.46766329953718
"CAACTAGTCATGCTCC-1_GSM4013384",0.970555818735224
"GCGCCAATCGAACTGT-1_GSM4013384",1.52299249967215
"AACCGCGAGCCTCGTG-1_GSM4013384",1.43850219003503
"AAAGTAGAGGACGAAA-1_GSM4013384",1.56112494318586
"GTCGTAACACACGCTG-1_GSM4013384",1.65343000660885
"ATAAGAGAGCGCTTAT-1_GSM4013384",1.48764884821905
"TCAATCTTCGTTTATC-1_GSM4013384",1.41346116377744
"ACGGGCTCAATCCGAT-1_GSM4013384",1.28922579122287
"GCTGCGACATCCTTGC-1_GSM4013384",1.52191700007701
"ACTATCTAGTTTAGGA-1_GSM4013384",1.46339164588626
"CATCCACCATCCCACT-1_GSM4013384",1.40242526500285
"CACATAGCACCACGTG-1_GSM4013384",1.40278622904746
"AGGGTGAAGTCCGGTC-1_GSM4013384",1.45645308391375
"GATTCAGCAATAAGCA-1_GSM4013384",1.38332312589267
"ATTTCTGGTACGACCC-1_GSM4013384",0.752076491589855
"CCCAGTTGTGAACCTT-1_GSM4013384",1.42240919851866
"CCCAATCTCGGTTAAC-1_GSM4013384",1.4389222812045
"TTCTCCTCATGCCACG-1_GSM4013384",1.4767142352982
"GCACTCTCAGCGTTCG-1_GSM4013384",1.45590698178908
"AGGGAGTAGGCTAGCA-1_GSM4013384",1.36415106129738
"CATTCGCCATGGAATA-1_GSM4013384",1.31490384964011
"ACGGGCTCAAGGACTG-1_GSM4013384",1.46174489828291
"ATGGGAGTCATTGCGA-1_GSM4013384",1.43677664671623
"TGGCGCAAGCTCCTTC-1_GSM4013384",1.49883485602104
"AACGTTGGTGGCGAAT-1_GSM4013384",1.39908553801202
"TAAACCGAGAATCTCC-1_GSM4013384",1.46489357771434
"ACTATCTAGCCAGTAG-1_GSM4013384",0.77750536217759
"TCGCGAGAGGTAGCCA-1_GSM4013384",1.33256013917299
"CCCAATCGTGCACGAA-1_GSM4013384",1.5165703517025
"ATAGACCAGTCATCCA-1_GSM4013384",1.35576267905762
"CCGTTCATCCATGAAC-1_GSM4013384",1.46526178836041
"CTGTTTAAGCTGCCCA-1_GSM4013384",1.36051116505549
"CACAGGCCATCATCCC-1_GSM4013384",1.44692764388934
"TTGGAACTCTGATTCT-1_GSM4013384",1.48166417016245
"GATCGATAGCCACTAT-1_GSM4013384",1.47982029916015
"TCCCGATCAGGGTTAG-1_GSM4013384",1.39804867953025
"TAGGCATGTCGACTAT-1_GSM4013384",1.0989194422971
"CCCAGTTTCCACGCAG-1_GSM4013384",1.41514879259442
"ATTATCCTCCTCATTA-1_GSM4013384",1.39320221930327
"TTCGAAGGTACACCGC-1_GSM4013384",1.42474487405575
"TAGCCGGCATGGTCAT-1_GSM4013384",1.301213767316
"GGAAAGCAGAAACCAT-1_GSM4013384",1.34157000154714
"TTAGTTCAGTAAGTAC-1_GSM4013384",1.41877600230353
"CGAATGTAGTCAATAG-1_GSM4013384",1.43055214277229
"GCGGGTTCACAACGCC-1_GSM4013384",1.60013594255585
"ACGGCCACAATGAATG-1_GSM4013384",1.32994555572142
"CCTTCCCGTCATTAGC-1_GSM4013384",1.41381534346636
"GCATGCGAGCTCTCGG-1_GSM4013384",1.28329519543456
"GACGCGTAGGCCCTTG-1_GSM4013384",1.47406004376823
"CTCTAATAGTCCATAC-1_GSM4013384",1.39278638373239
"TCACGAAAGTGGTCCC-1_GSM4013384",1.46883861458513
"GACGCGTAGATTACCC-1_GSM4013384",1.38941222774761
"CCTTCGAGTGTGAATA-1_GSM4013384",1.4831215285816
"CACACCTCACGGACAA-1_GSM4013384",1.4713646174866
"TCACAAGTCTACCTGC-1_GSM4013384",1.4704487280855
"CATGGCGTCTGCTGTC-1_GSM4013384",1.50981417250577
"GACCAATCACCTATCC-1_GSM4013384",1.13853755025953
"AGACGTTTCCCAAGTA-1_GSM4013384",1.41238506842429
"TTCTTAGGTCTAAAGA-1_GSM4013384",0.674398524034673
"GCTCCTACACGTCAGC-1_GSM4013384",0.936950935308205
"ATTGGACAGAGTCGGT-1_GSM4013384",1.4127945146761
"CGCGTTTCAGTCTTCC-1_GSM4013384",1.48590963266237
"ACTATCTTCTAACTTC-1_GSM4013384",0.910251838263547
"CACAAACAGTGTGAAT-1_GSM4013384",1.21869825908373
"CTCCTAGTCCCGGATG-1_GSM4013384",1.32572691264789
"TTAGGACCACTCTGTC-1_GSM4013384",1.40336203987662
"TTTGTCAGTTCCTCCA-1_GSM4013384",1.30421614071481
"GAGCAGAAGGGTCGAT-1_GSM4013384",1.43380987083006
"ACACCCTGTTGGTTTG-1_GSM4013384",1.43116596236787
"ACACCGGAGACCTAGG-1_GSM4013384",1.50916270411378
"CGATTGACACCAACCG-1_GSM4013384",1.39725035866964
"CAGCAGCAGGCGCTCT-1_GSM4013384",1.44783143911315
"CTAAGACTCCTGTAGA-1_GSM4013384",1.38366666812652
"TTCTCCTAGACACGAC-1_GSM4013384",1.45740887398465
"CTGGTCTTCTTGCCGT-1_GSM4013384",1.40928915086045
"TGGGAAGTCCTCAACC-1_GSM4013384",1.39767298913552
"CAGCGACCACCGAAAG-1_GSM4013384",1.51181115651663
"TTCCCAGAGCGACGTA-1_GSM4013384",1.41284188981905
"CGTGAGCTCCACGCAG-1_GSM4013384",1.34364211547312
"GATCGATCATCTATGG-1_GSM4013384",1.3092264131977
"GAAATGAGTACCGAGA-1_GSM4013384",0.832606011114271
"AAACGGGGTACAAGTA-1_GSM4013384",1.36980861727967
"GGGCATCGTTCAGTAC-1_GSM4013384",1.4929688480182
"CTACACCAGTACGCCC-1_GSM4013384",1.46564843909816
"GATTCAGTCACAACGT-1_GSM4013384",1.39291155557409
"ACGGAGACATCTCGCT-1_GSM4013384",1.34096299693583
"ACTGCTCGTATATGAG-1_GSM4013384",1.45942590231095
"CTAGAGTTCTGCCAGG-1_GSM4013384",1.35313201479477
"GATGAGGGTTACTGAC-1_GSM4013384",1.31818086843248
"ATAGACCAGGCGCTCT-1_GSM4013384",0.76900474740189
"ATCCACCAGTGTCCAT-1_GSM4013384",1.52165190152253
"ATTTCTGGTGTAACGG-1_GSM4013384",0.974807349299606
"GGGATGATCGCATGGC-1_GSM4013384",1.13724867638536
"TCACAAGAGAAACCTA-1_GSM4013384",1.45695643945877
"CCTTCCCAGTAGTGCG-1_GSM4013384",1.48757253008349
"TGACTTTTCAACACGT-1_GSM4013384",1.43995853846364
"ACGATGTAGTGAATTG-1_GSM4013384",1.41227277226364
"ACTGTCCCATGTCCTC-1_GSM4013384",1.48061578492427
"ATGCGATAGCTATGCT-1_GSM4013384",1.39386781145318
"GAATGAAAGGTGATAT-1_GSM4013384",0.895871768597014
"ATGCGATGTGAAATCA-1_GSM4013384",1.35791019596887
"GAAGCAGGTGAAATCA-1_GSM4013384",1.29526169019046
"CATTATCGTAACGACG-1_GSM4013384",1.43390688357072
"TACTCATGTCAATACC-1_GSM4013384",1.44329130143172
"GTGAAGGGTTAAAGTG-1_GSM4013384",1.30256019222046
"CATCCACCATTCGACA-1_GSM4013384",1.40234290508958
"TGACAACGTCTACCTC-1_GSM4013384",1.39589946515215
"TCACGAAAGACTTTCG-1_GSM4013384",0.710744480299803
"GTGCTTCCATACGCCG-1_GSM4013384",1.39093630048745
"GCAAACTAGTCCGTAT-1_GSM4013384",1.46564302347646
"GAAACTCAGGACTGGT-1_GSM4013384",1.34081693928073
"GATCTAGAGACTTTCG-1_GSM4013384",1.40366028212239
"ACTTGTTAGTCCGGTC-1_GSM4013384",1.38562682940161
"AGAGCTTAGTCCAGGA-1_GSM4013384",1.42520795801897
"AGGCCGTGTCTCGTTC-1_GSM4013384",1.43180526237621
"AGAGCGATCTATCCTA-1_GSM4013384",1.4184038688123
"TGACAACCACAGAGGT-1_GSM4013384",1.34910822047503
"CATGCCTGTCAATGTC-1_GSM4013384",1.41672599327581
"CATATGGGTCAATACC-1_GSM4013384",1.40984553558551
"TGTATTCTCCCTTGTG-1_GSM4013384",1.37358158477242
"GTAACGTAGATCCTGT-1_GSM4013384",1.44070664956074
"TTGGCAAAGACTGTAA-1_GSM4013384",1.37527628659628
"GATCAGTGTTACGACT-1_GSM4013384",1.42202025087146
"CCGGGATTCAACACTG-1_GSM4013384",1.39121308724491
"AGGTCATGTCACTTCC-1_GSM4013384",1.37683955533988
"ACCTTTATCCATGAAC-1_GSM4013384",1.35073583921284
"CCTACACCACACATGT-1_GSM4013384",0.843834707566374
"TTTGTCAAGTGGGTTG-1_GSM4013384",1.40434265853798
"ATAACGCCAGTAACGG-1_GSM4013384",1.38666416814297
"GACTAACGTAAACACA-1_GSM4013384",1.44604666999873
"ACCGTAAAGACGCAAC-1_GSM4013384",1.38575950906385
"CGATTGAAGAATGTGT-1_GSM4013384",1.35607628748395
"AGCAGCCAGTACTTGC-1_GSM4013384",0.841641646946554
"TAAGTGCTCTCGATGA-1_GSM4013384",1.51737060265863
"GACAGAGCATGCCTTC-1_GSM4013384",1.50824025235935
"GCAAACTCAGTGGGAT-1_GSM4013384",1.40484317342438
"TGGCTGGCAGCCTATA-1_GSM4013384",1.43441674146372
"GTCTCGTAGGAGTACC-1_GSM4013384",1.4444651246547
"CGAGCCAGTGGTAACG-1_GSM4013384",1.45179022929429
"CGGAGTCTCTCTAAGG-1_GSM4013384",1.42149198527733
"TTCTCAAGTTATGCGT-1_GSM4013384",1.43230614310499
"TACTTGTTCACAATGC-1_GSM4013384",1.39292549236544
"GACGTGCAGCTCCTCT-1_GSM4013384",1.37542519588711
"ACTTGTTAGCGATTCT-1_GSM4013384",1.43332110732347
"TCATTACCAGATAATG-1_GSM4013384",1.3962961202719
"GGCTCGACATTTCACT-1_GSM4013384",0.733286843857941
"GAGGTGATCCCGGATG-1_GSM4013384",1.4814522198346
"GACGCGTTCTCTAGGA-1_GSM4013384",1.36042749091423
"ACGATGTCAGTTAACC-1_GSM4013384",1.47808322824942
"CATGCCTAGTCTCGGC-1_GSM4013384",1.25567738230043
"GATTCAGTCAGCATGT-1_GSM4013384",1.28643195610684
"GTGCATAAGGGTGTGT-1_GSM4013384",0.779067361011976
"GAAATGAAGCCACGTC-1_GSM4013384",1.37156977063788
"TGGCTGGTCAGTGCAT-1_GSM4013384",1.24278879173954
"CGGAGCTAGCTGAACG-1_GSM4013384",1.39010382636733
"CAGTAACTCTGGAGCC-1_GSM4013384",1.41030763059704
"ATGGGAGTCTCTGTCG-1_GSM4013384",1.39513574474345
"CGCGTTTTCTTTCCTC-1_GSM4013384",0.754289553320112
"CCACCTAGTTCCATGA-1_GSM4013384",1.38864226185895
"TGTGGTATCCGCAAGC-1_GSM4013384",1.36556967793138
"TGACAACCAACACCCG-1_GSM4013384",1.41658294506481
"ATCCGAACATCACCCT-1_GSM4013384",1.38753370549131
"CAGCTGGCACTAAGTC-1_GSM4013384",1.32669616832092
"ACGCAGCGTCGAATCT-1_GSM4013384",1.42440008440824
"ATCCGAATCCTTAATC-1_GSM4013384",1.4337046297279
"TTCTCCTTCGCTTAGA-1_GSM4013384",1.32983313953067
"TTTGGTTTCTTGCAAG-1_GSM4013384",0.884150251035635
"CACCAGGGTGTGAAAT-1_GSM4013384",1.30071363545838
"GATCGTAGTAGTAGTA-1_GSM4013384",1.37079264132336
"GATCGTACAGGGATTG-1_GSM4013384",1.39507033463313
"CATCCACAGCGTAGTG-1_GSM4013384",1.3742755320104
"CTTTGCGGTGAAAGAG-1_GSM4013384",1.51688706328062
"TTGCCGTTCAGCCTAA-1_GSM4013384",1.50052638666065
"TCCCGATCAACACCCG-1_GSM4013384",1.37352310237847
"TTAGGCATCTGCTTGC-1_GSM4013384",1.3219832766152
"CTACGTCGTCACAAGG-1_GSM4013384",1.38441956144361
"CGATGTATCTTACCGC-1_GSM4013384",1.37360862248024
"TAGAGCTTCCATGCTC-1_GSM4013384",1.46474889454494
"CGTTGGGGTACAGTTC-1_GSM4013384",1.41238508497299
"CTGCCTACAGTGAGTG-1_GSM4013384",1.29753493238139
"AAGTCTGCAATGAAAC-1_GSM4013384",1.32969600394059
"GGCTCGACAGATGAGC-1_GSM4013384",0.822613083462407
"CCACTACAGGGTGTTG-1_GSM4013384",1.42661399270479
"ACCGTAATCTACGAGT-1_GSM4013384",1.20002383056085
"CACACAAGTTACGCGC-1_GSM4013384",1.38355233561258
"GTCTCGTAGACCTAGG-1_GSM4013384",1.46999393037941
"TGTCCCAGTACGCACC-1_GSM4013384",1.48763011031957
"TCAATCTGTGCTCTTC-1_GSM4013384",1.30273645058711
"GCGAGAACAGACAAAT-1_GSM4013384",0.984022074763341
"CATGCCTTCTATCGCC-1_GSM4013384",1.29033563505682
"CACAAACGTTAGAACA-1_GSM4013384",1.37664975570825
"CATCGGGCATCCTAGA-1_GSM4013384",1.33504460643481
"CGCTGGACATAGTAAG-1_GSM4013384",1.07512270486587
"TGCGGGTGTCATATCG-1_GSM4013384",1.4472020295432
"CGGTTAACAAACAACA-1_GSM4013384",1.38095290427555
"GCAATCAAGTGCAAGC-1_GSM4013384",1.46801965185524
"GACCTGGTCCACGAAT-1_GSM4013384",1.31776964372411
"TATCAGGGTGGCAAAC-1_GSM4013384",1.34119312205888
"AAGCCGCCAGCAGTTT-1_GSM4013384",1.40336650524684
"CTAGCCTAGGTGGGTT-1_GSM4013384",1.38546972381587
"AACTTTCAGGCCCTCA-1_GSM4013384",1.47258925158748
"CAGCTAAAGGACCACA-1_GSM4013384",1.38265011061729
"GACGTGCCATATACCG-1_GSM4013384",1.2643971351571
"ATTATCCAGCAACGGT-1_GSM4013384",1.3327225500357
"GTTAAGCGTGACGGTA-1_GSM4013384",1.41038820143575
"TATTACCAGAGTAAGG-1_GSM4013384",1.34566645269433
"TCATTACAGGAGTAGA-1_GSM4013384",1.37652272802441
"GTCTCGTAGAACTGTA-1_GSM4013384",1.27159231763211
"ATGCGATAGTGGGATC-1_GSM4013384",1.3392718109951
"CACTCCAGTGTGCGTC-1_GSM4013384",1.38756426695346
"AGGCCGTGTTCCACGG-1_GSM4013384",1.37372503724373
"AGGTCCGTCGCAAGCC-1_GSM4013384",1.34293450874307
"TTTCCTCAGTGACATA-1_GSM4013384",0.774981514416327
"GCACTCTGTTGGACCC-1_GSM4013384",1.36122148490509
"GATTCAGTCTCCGGTT-1_GSM4013384",1.28679823593573
"CCTTCGAAGACTAGGC-1_GSM4013384",1.27289920845774
"ATGTGTGTCCGCATCT-1_GSM4013384",1.28507958685989
"GTTTCTAGTACGAAAT-1_GSM4013384",1.22480403348639
"CCTTCGAGTCACTGGC-1_GSM4013384",1.33666421541464
"CACAGTAAGACCTTTG-1_GSM4013384",1.32389228170071
"CACATTTGTAAATGTG-1_GSM4013384",1.04761459044391
"TAAGAGAAGGATATAC-1_GSM4013384",1.364154116923
"GTACTCCAGCAATATG-1_GSM4013384",1.40943753631243
"TCCCGATGTCTAGAGG-1_GSM4013384",1.30141653296001
"AAGGCAGGTCCAAGTT-1_GSM4013384",1.36099256839251
"AAAGTAGCAAGGACTG-1_GSM4013384",1.47554351716773
"CTGCGGATCTGGCGTG-1_GSM4013384",1.31226971443969
"TATCAGGCATCGGTTA-1_GSM4013384",0.700613633405527
"GACTGCGGTTATTCTC-1_GSM4013384",1.36870631117899
"TGGTTCCTCTGCGACG-1_GSM4013384",1.4179406061104
"CACAGGCTCCGAAGAG-1_GSM4013384",1.332420646575
"CGAGCCAAGCATCATC-1_GSM4013384",0.89624832360072
"ACTGAACTCTGAGTGT-1_GSM4013384",1.37860229612317
"AACCGCGTCAAACCAC-1_GSM4013384",1.37315205794665
"GGGACCTCACAAGACG-1_GSM4013384",1.35771623044385
"CTCGGAGCATACAGCT-1_GSM4013384",1.31736673786782
"GCATACATCTGCAAGT-1_GSM4013384",1.52083540711077
"CATCAGAAGGATGGAA-1_GSM4013384",0.924172419836311
"GATCGCGCACCACGTG-1_GSM4013384",1.28885883279857
"CTTACCGAGTTGAGTA-1_GSM4013384",1.31567575339449
"TTGGAACCACTTAAGC-1_GSM4013384",1.42455719967867
"TTATGCTAGCACACAG-1_GSM4013384",1.33153084660751
"GTTAAGCGTACCATCA-1_GSM4013384",1.31043696414772
"GGACGTCAGTCTCCTC-1_GSM4013384",1.32224158277333
"TGACTTTGTCCGTTAA-1_GSM4013384",1.38371331896304
"CAACTAGTCCCAACGG-1_GSM4013384",1.41562877182493
"GAAATGAAGGGTCGAT-1_GSM4013384",1.44254909652714
"CACACAAAGGAGTTTA-1_GSM4013384",1.29110626092089
"GATTCAGCATCCGCGA-1_GSM4013384",1.32760398036912
"TGAAAGAAGCACGCCT-1_GSM4013384",1.38633766810747
"CATGACAAGTAAGTAC-1_GSM4013384",1.45521064169195
"GGAGCAACACCCTATC-1_GSM4013384",1.32593986056904
"AGGTCATGTTCTGGTA-1_GSM4013384",1.34174199799253
"ACACCGGGTGGACGAT-1_GSM4013384",1.39534769591018
"GAGTCCGTCTAACTTC-1_GSM4013384",1.3282474619012
"GGTGTTATCCAGTATG-1_GSM4013384",1.34047531136139
"ACTGCTCTCTTCGAGA-1_GSM4013384",0.78592362459381
"CTCAGAACACGAAATA-1_GSM4013384",1.34393516627231
"TCAGCAAAGCCTCGTG-1_GSM4013384",0.829481915129506
"GATCGCGGTACAAGTA-1_GSM4013384",1.37896605260297
"TGCTGCTAGGATCGCA-1_GSM4013384",1.36846083216839
"GGGATGACATGACGGA-1_GSM4013384",1.44830227506187
"ATCATCTTCCCATTAT-1_GSM4013384",1.3562859473952
"CTTGGCTTCCTGCTTG-1_GSM4013384",1.3345972901646
"CGTGTAATCCACGTGG-1_GSM4013384",1.28443981107545
"CGACCTTGTTTAAGCC-1_GSM4013384",1.35328165780367
"CGCTGGATCAAAGACA-1_GSM4013384",1.41630907731953
"AGGGTGAAGTTAGCGG-1_GSM4013384",1.46739833165795
"GTGCATACAATGAAAC-1_GSM4013384",1.44709808144773
"CTAGAGTTCAAGCCTA-1_GSM4013384",1.39338554335042
"AGACGTTGTGCCTGCA-1_GSM4013384",0.99947706590828
"AACTCAGTCCACGTGG-1_GSM4013384",1.3223023823071
"CCGGGATGTAGGCATG-1_GSM4013384",1.41070722426128
"GCGAGAAAGATATGGT-1_GSM4013384",1.38373836821225
"AGGGATGGTACCCAAT-1_GSM4013384",1.36340883915925
"ATCGAGTGTAGTACCT-1_GSM4013384",1.25449037200701
"GCGCAACAGCTACCGC-1_GSM4013384",1.3930920469204
"ATTTCTGTCACGACTA-1_GSM4013384",1.36110260034666
"GCCTCTAGTGGACGAT-1_GSM4013384",0.835597400391972
"CGGGTCAGTTACGTCA-1_GSM4013384",0.930307610469064
"ACGATACAGGGCTTGA-1_GSM4013384",1.48267403039258
"TCATTTGTCATAGCAC-1_GSM4013384",1.41190202397131
"GTACTCCCACAGACAG-1_GSM4013384",1.35681258316363
"TAAACCGCACAAGCCC-1_GSM4013384",1.43321394298485
"TTCGGTCGTAGATTAG-1_GSM4013384",1.38374797327114
"CGGACGTTCAATAAGG-1_GSM4013384",1.39504042853964
"GGACATTTCGGAAACG-1_GSM4013384",0.91936502091624
"GGCTGGTAGGTAGCCA-1_GSM4013384",1.33756438822494
"GGTGCGTTCTAGAGTC-1_GSM4013384",1.32816409093809
"CGTAGCGAGAGGTAGA-1_GSM4013384",1.39796983104117
"CGACCTTGTCTCGTTC-1_GSM4013384",1.44921370680898
"ATCATCTCATGCCTTC-1_GSM4013384",1.02660593823709
"ATGAGGGTCGTATCAG-1_GSM4013384",1.43075012949014
"GACTAACGTGCCTTGG-1_GSM4013384",1.26427140633966
"ATCCGAAAGAAGGCCT-1_GSM4013384",1.41517769164729
"TGGTTAGCATACTACG-1_GSM4013384",1.40404823993505
"CTTAGGACATCATCCC-1_GSM4013384",1.31543009838159
"AGAGCGACAGGTGGAT-1_GSM4013384",1.35309773749548
"TTCCCAGTCACTATTC-1_GSM4013384",1.38517012189807
"ATCCGAACAGGGTACA-1_GSM4013384",1.30618429509268
"AAACCTGAGGTTCCTA-1_GSM4013384",1.45634268594559
"CGCTTCATCGGAATCT-1_GSM4013384",1.46122559926229
"GACGGCTCATTCCTCG-1_GSM4013384",1.40326564550903
"CTAATGGGTAGAAAGG-1_GSM4013384",1.42435161968598
"GCCAAATCATTTGCTT-1_GSM4013384",1.36987832839864
"CTTCTCTTCACAGGCC-1_GSM4013384",1.2926225321718
"TCATTACAGGTGATTA-1_GSM4013384",0.656790322295462
"GCGCAGTTCGATGAGG-1_GSM4013384",1.49480717084252
"AAGTCTGTCTCGATGA-1_GSM4013384",1.25040842802626
"CTCGAGGTCCGCAAGC-1_GSM4013384",1.42809349102479
"CGCCAAGAGCTAGTGG-1_GSM4013384",0.893893925989813
"ATCATCTGTACCCAAT-1_GSM4013384",1.36902044085564
"ACACCCTAGGATGGAA-1_GSM4013384",1.45697464077552
"ACATCAGCAAGCGTAG-1_GSM4013384",1.35085355676208
"ACGATGTAGACTTTCG-1_GSM4013384",1.36215753727275
"GCATACATCCCAAGAT-1_GSM4013384",1.30380035658997
"TATGCCCAGCCAGTAG-1_GSM4013384",1.29689708124518
"CATTATCGTAGCTAAA-1_GSM4013384",0.813708421772942
"GGGCACTAGTGTCCCG-1_GSM4013384",0.6986139928373
"CACAGGCCAAGCGAGT-1_GSM4013384",1.37177509459508
"CATATGGAGCAAATCA-1_GSM4013384",1.37220967265506
"CGCGGTATCTACCAGA-1_GSM4013384",1.3165299777061
"AAGCCGCCAGTCACTA-1_GSM4013384",0.882623035557771
"CGTGTAAAGAGTTGGC-1_GSM4013384",1.41183775559372
"GACCAATTCGGAGGTA-1_GSM4013384",1.33931151268974
"CAGCCGAGTGACTCAT-1_GSM4013384",1.36844326507939
"CGAGCACCATTGGCGC-1_GSM4013384",0.846197072501675
"CGTCACTCACATGGGA-1_GSM4013384",1.34207030088646
"CTACACCAGAAGGACA-1_GSM4013384",1.43580314645527
"TGGTTAGAGACTGTAA-1_GSM4013384",1.35706916965797
"CTCGTACAGACAAAGG-1_GSM4013384",1.44758025182797
"TACGGGCGTCGACTAT-1_GSM4013384",1.40683047227307
"AAACGGGAGCGGCTTC-1_GSM4013384",1.40531877603912
"GGCAATTCACAACTGT-1_GSM4013384",1.28599726157386
"CTGATAGAGGGCTTGA-1_GSM4013384",1.32396101202365
"CAGCTAATCAGAAATG-1_GSM4013384",0.780469796701176
"GGCTGGTTCTGTTTGT-1_GSM4013384",0.772564703284011
"CCGGTAGCAGATTGCT-1_GSM4013384",1.32032950542794
"TACGGATGTATGAAAC-1_GSM4013384",1.34927426118102
"AGCGTATCACAACGTT-1_GSM4013384",1.27420165272465
"ACGGGTCCAGCTTCGG-1_GSM4013384",0.833040543802981
"GAGCAGACATGCGCAC-1_GSM4013384",1.29134438390007
"CTAGCCTTCTTATCTG-1_GSM4013384",1.33461942532862
"CCCATACTCTTGACGA-1_GSM4013384",1.44232339846782
"GTGTTAGAGAATGTGT-1_GSM4013384",0.856841335497537
"TTTGCGCGTATAGGGC-1_GSM4013384",1.29121732147333
"TGACTTTAGCTTATCG-1_GSM4013384",1.25004674963947
"ACGGAGATCGACAGCC-1_GSM4013384",1.36584517401695
"CTGATCCCACGTGAGA-1_GSM4013384",1.32369153125122
"CTTAACTCATTCTCAT-1_GSM4013384",0.911310682433383
"TGTTCCGGTCTCTCGT-1_GSM4013384",0.882364006828469
"TAGAGCTGTGTTAAGA-1_GSM4013384",0.834246927768824
"CACATTTCAGTTAACC-1_GSM4013384",1.36420418663432
"GATGAGGTCCATGAGT-1_GSM4013384",1.27041821506278
"ATGAGGGCATAGGATA-1_GSM4013384",1.42905991175989
"TAGTGGTAGAGTAATC-1_GSM4013384",1.28092745152335
"AACGTTGGTCAGATAA-1_GSM4013384",1.33656516339626
"CACAAACCAGATCTGT-1_GSM4013384",1.31989576378201
"AGGGATGAGGATGGTC-1_GSM4013384",1.37765613056116
"GTAACGTTCTGAGTGT-1_GSM4013384",0.736937937921592
"ATCTGCCCATGCCCGA-1_GSM4013384",1.35320836778738
"CGCGGTACATAAGACA-1_GSM4013384",1.35681356599668
"TACGGTATCTGCAAGT-1_GSM4013384",0.957017913488162
"GAGTCCGCACGTAAGG-1_GSM4013384",1.37277384111362
"TTTGTCATCGAACTGT-1_GSM4013384",1.40268494451088
"CAGTAACTCAGTTGAC-1_GSM4013384",0.827290486866165
"AGTCTTTTCACATAGC-1_GSM4013384",1.25663086984284
"TGTCCCATCCAATGGT-1_GSM4013384",0.743394178351204
"ACATACGTCGTTACGA-1_GSM4013384",1.44714020118847
"AGTGAGGAGCAACGGT-1_GSM4013384",1.37428798522827
"CGTTGGGGTGGAAAGA-1_GSM4013384",1.35718164790084
"ACACTGAAGCCACCTG-1_GSM4013384",1.34192358383885
"TTGACTTAGACAGAGA-1_GSM4013384",0.987726197639536
"TAAGAGAAGTTCGCGC-1_GSM4013384",1.27631967988639
"CTCTAATTCCCTTGTG-1_GSM4013384",0.866737351685885
"GCAAACTAGAGGTACC-1_GSM4013384",0.271913159654328
"TTTATGCCATAGAAAC-1_GSM4013384",1.37663623797203
"CCGTGGAAGTACATGA-1_GSM4013384",1.42757017535483
"TACCTATGTACCGGCT-1_GSM4013384",1.19995744847332
"CAGCCGAGTCAAGCGA-1_GSM4013384",1.32020131069857
"GGCTCGAGTATTACCG-1_GSM4013384",1.38716908249275
"TCTGAGACAATGGACG-1_GSM4013384",1.24593966039377
"GGCGTGTGTCAGCTAT-1_GSM4013384",1.24121412296726
"AGAGCTTCAAACTGCT-1_GSM4013384",1.31202835303296
"GCTTGAAAGTGTACTC-1_GSM4013384",1.32864935407639
"GCGCAACTCCCACTTG-1_GSM4013384",0.788733169521757
"CTAATGGGTTGGGACA-1_GSM4013384",1.30581223071265
"TCAGCTCAGCCACTAT-1_GSM4013384",1.25679311188274
"ATTCTACGTTTGCATG-1_GSM4013384",1.39880869720987
"GGCCGATAGGCCATAG-1_GSM4013384",1.30914455762457
"CCACCTATCAGTTAGC-1_GSM4013384",1.40353100248506
"GTCAAGTTCCGCGTTT-1_GSM4013384",1.35117029477172
"TGGTTCCAGCTCCTCT-1_GSM4013384",1.11787709537149
"TCAGCAAAGGCTCTTA-1_GSM4013384",1.43708616369382
"CGATGTATCATGGTCA-1_GSM4013384",1.38150716910958
"GCATACAGTCACTTCC-1_GSM4013384",1.52033918980063
"TGGACGCTCGAACGGA-1_GSM4013384",1.35940490073344
"AGCTCTCCACGCTTTC-1_GSM4013384",1.28336299982996
"GCGCCAATCGGCTTGG-1_GSM4013384",1.43222829665777
"GCGGGTTAGGTGCACA-1_GSM4013384",0.697298713341456
"TAGTGGTCACAGATTC-1_GSM4013384",1.37488328803878
"ACGAGCCAGTCTCGGC-1_GSM4013384",1.32920134206723
"CACAGTAAGCCTTGAT-1_GSM4013384",1.23800334007516
"AGGTCATGTGCCTGGT-1_GSM4013384",1.37697550540511
"CATGCCTGTGAAAGAG-1_GSM4013384",0.795854552252293
"CCTTCGATCTTGTACT-1_GSM4013384",0.909265298486514
"CTCATTATCATGCAAC-1_GSM4013384",1.3670738247509
"TTTATGCTCCTTAATC-1_GSM4013384",1.37877491011393
"CATCAAGTCGAGAGCA-1_GSM4013384",1.21097822188449
"CTTTGCGGTTGAACTC-1_GSM4013384",0.729139224089426
"GGGTCTGTCTTGTTTG-1_GSM4013384",0.769407065643474
"TCTGGAATCTGTACGA-1_GSM4013384",1.28460846953329
"ATAACGCCAAACCCAT-1_GSM4013384",0.773539954058231
"GGCTCGAAGCTATGCT-1_GSM4013384",1.3500543316982
"TGAGCATTCCTGCCAT-1_GSM4013384",0.83870285861109
"TGTATTCAGTTAGCGG-1_GSM4013384",1.33630470485236
"GGGATGATCCACGTGG-1_GSM4013384",1.25241157066061
"CAGAGAGTCCGCAAGC-1_GSM4013384",1.35292144100549
"AGTGAGGAGCGCTCCA-1_GSM4013384",0.772431947078545
"CGTGTCTCAATAAGCA-1_GSM4013384",0.689982931021768
"TCATTTGTCAATCACG-1_GSM4013384",0.86466425106105
"GCAATCAGTGAAGGCT-1_GSM4013384",1.274947670295
"CACTCCATCGACCAGC-1_GSM4013384",1.29105423174678
"CACAGTAGTTGCGTTA-1_GSM4013384",1.28599289909066
"CAAGTTGTCCGAATGT-1_GSM4013384",1.28291176623888
"CCAATCCGTCTCCACT-1_GSM4013384",1.27485337563325
"GTTCTCGTCAACACCA-1_GSM4013384",0.88490983235771
"ATTGGTGGTAATAGCA-1_GSM4013384",0.914129376064558
"TGTGTTTTCTAGCACA-1_GSM4013384",0.805249130596479
"AGTCTTTAGAGTTGGC-1_GSM4013384",0.869269500122725
"TACCTATGTTAAGACA-1_GSM4013384",0.762421698477857
"ACGAGGATCTACTTAC-1_GSM4013384",1.45001587737954
"TCAGCAATCCGAACGC-1_GSM4013384",0.883286595649922
"ACGGGCTGTCAAAGAT-1_GSM4013384",1.01557250918869
"CCTTCGAGTAGCCTCG-1_GSM4013384",1.397038558312
"CACTCCAGTGGGTATG-1_GSM4013384",0.858902317993012
"TTTGCGCGTTACGTCA-1_GSM4013384",1.28703595949157
"GTGCGGTGTGAACCTT-1_GSM4013384",1.34101806595204
"TCACAAGTCAAGGCTT-1_GSM4013384",1.22339840391568
"GACCTGGCATACTCTT-1_GSM4013384",1.31812198181701
"CACATTTTCGCCATAA-1_GSM4013384",1.28383236465373
"ACTGAGTCATGTTCCC-1_GSM4013384",0.753209231576119
"AGGCCGTCACATGGGA-1_GSM4013384",0.845644494981168
"GACGCGTGTACTCTCC-1_GSM4013384",1.3200070557922
"CGCTGGAAGTACGATA-1_GSM4013384",1.37083733209881
"GACGGCTGTGTCCTCT-1_GSM4013384",1.00200340132982
"CATTATCGTCAACTGT-1_GSM4013384",0.858507403998992
"ACGGGTCCATTAACCG-1_GSM4013384",0.793467599294091
"TCCCGATCAGATGAGC-1_GSM4013384",1.31045169953736
"CCCTCCTCATTGTGCA-1_GSM4013384",0.865013393801271
"TACCTTACAGCAGTTT-1_GSM4013384",1.29791824478713
"GGATTACTCAGTTAGC-1_GSM4013384",0.941977492603287
"GGATGTTCATATACCG-1_GSM4013384",1.24458139028468
"GACTGCGGTCTTGCGG-1_GSM4013384",1.45236146287236
"CCACGGATCCACTCCA-1_GSM4013384",0.92801958577838
"GGTGCGTAGTGGTCCC-1_GSM4013384",0.972350916877874
"CGTCTACAGTACGCGA-1_GSM4013384",0.838373568044225
"GCTTGAACACGAAATA-1_GSM4013384",0.705064128998723
"AAGCCGCCAAGAGTCG-1_GSM4013384",1.41177652216201
"GCGCAGTTCTGCTTGC-1_GSM4013384",0.782103867697043
"CAAGTTGCACACTGCG-1_GSM4013384",0.714625292621569
"TGAGAGGCAATCTGCA-1_GSM4013384",0.735763677603344
"TTAGTTCCACATCTTT-1_GSM4013384",0.683757361338418
"GTTACAGGTACTCGCG-1_GSM4013384",1.39136350011883
"TTGCCGTAGAGACTAT-1_GSM4013384",1.3160240633378
"ACTTGTTCATCTCCCA-1_GSM4013384",0.811537153781132
"TCGTAGAAGCAGGCTA-1_GSM4013384",1.38536690716351
"CACACAAAGGATGCGT-1_GSM4013384",0.837750459367376
"AATCGGTAGAGGTTGC-1_GSM4013384",1.3584173162627
"CAAGAAATCTTCAACT-1_GSM4013384",1.33857451584137
"CTCGTACTCCCATTAT-1_GSM4013384",1.31720144348466
"AATCGGTCAGCTGTTA-1_GSM4013384",1.3639062964109
"GAGGTGAAGCGATATA-1_GSM4013384",0.677506646755955
"CTGAAACTCATCATTC-1_GSM4013384",0.974831576421527
"ACTGAACTCCTAGGGC-1_GSM4013384",1.30360414179069
"TATGCCCAGGTGACCA-1_GSM4013384",0.657706578562018
"GATGAGGTCACCAGGC-1_GSM4013384",1.33336232967189
"ATCCGAAAGTGGTCCC-1_GSM4013384",1.09108742363311
"GCGCGATAGGTGCACA-1_GSM4013384",1.21198821423435
"TACAGTGCACAGGTTT-1_GSM4013384",1.41775242392177
"ACGGGCTTCGGTCCGA-1_GSM4013384",1.32430396134353
"AGCAGCCAGCAACGGT-1_GSM4013384",0.800557733343111
"CATCAGACAACTGCTA-1_GSM4013384",0.838275496752643
"TGGTTAGCATCCCATC-1_GSM4013384",1.19047693072182
"CACAGTACATTCCTGC-1_GSM4013384",0.879479590499869
"AGAGTGGGTCAGAGGT-1_GSM4013384",1.46186857136463
"TGGCTGGTCGATAGAA-1_GSM4013384",1.33522969036836
"AGGCCACCAACCGCCA-1_GSM4013384",1.30097177289296
"TATCTCAAGACCTTTG-1_GSM4013384",1.38894987444494
"AACTCCCTCTACCTGC-1_GSM4013384",1.11823599261609
"TACTCATGTGCACTTA-1_GSM4013384",1.22163261151592
"AGGGTGAGTAGGCTGA-1_GSM4013384",0.724416029442089
"CTGTGCTAGGAGTAGA-1_GSM4013384",1.19840454784973
"CATATTCTCCACTGGG-1_GSM4013384",1.15374876399434
"CATCAGATCCGATATG-1_GSM4013384",0.787263785910567
"CTCCTAGAGAGTTGGC-1_GSM4013384",1.22860891750948
"TAGACCACATTCCTGC-1_GSM4013384",1.25246914619084
"TACGGATCATCACAAC-1_GSM4013384",0.722647558372084
"TCAGCAAAGTACCGGA-1_GSM4013384",1.27323132319878
"GCGCGATAGGAACTGC-1_GSM4013384",1.39554529353768
"ATAACGCGTGAGGGAG-1_GSM4013384",0.867386445210246
"TGGACGCAGGAATTAC-1_GSM4013384",1.4121142813706
"GGGACCTTCAGCTCGG-1_GSM4013384",1.2462704936878
"CGAGAAGGTGTGACCC-1_GSM4013384",0.811792108074677
"ATCTACTGTTCTGTTT-1_GSM4013384",1.2005248593352
"GGGCACTAGGCTCAGA-1_GSM4013384",1.40153418305101
"CACCTTGAGTCCTCCT-1_GSM4013384",1.16432460528377
"TGGTTAGCAGGAACGT-1_GSM4013384",1.4015847497303
"CGCTTCATCATTGCCC-1_GSM4013384",1.23797925280142
"CGAGCCACACAGGCCT-1_GSM4013384",1.28865400221868
"TGGCTGGTCGTCTGCT-1_GSM4013384",1.21772204907827
"TACTTACTCTTGTTTG-1_GSM4013384",0.710572244307317
"TGCCAAAAGCGTCAAG-1_GSM4013384",1.23374065775377
"TGGTTCCAGACAGGCT-1_GSM4013384",1.09953889231104
"GGATTACCATTCACTT-1_GSM4013384",1.2917693405089
"CCTACCACATCTCGCT-1_GSM4013384",0.771676069486428
"ATGTGTGTCATTGCGA-1_GSM4013384",0.495852834151392
"ACACTGAAGGGCTTCC-1_GSM4013384",0.70598050502081
"AACGTTGTCGCTTAGA-1_GSM4013384",1.38878218103567
"ATGAGGGCATCGGGTC-1_GSM4013384",1.38772338751037
"GATCTAGCATGTTCCC-1_GSM4013384",0.972403037759776
"CGTGTAAAGACTCGGA-1_GSM4013384",0.689233381672333
"TAGTTGGCAGCTTAAC-1_GSM4013384",1.3388668807484
"GAATAAGGTGTGACCC-1_GSM4013384",1.29761720876699
"TCAATCTGTCTACCTC-1_GSM4013384",1.35073416613042
"GATCTAGAGTTCGATC-1_GSM4013384",0.91716703363537
"ATTGGACGTCCAGTAT-1_GSM4013384",1.34573893100106
"ATTCTACGTCTCTCGT-1_GSM4013384",0.803562492357056
"AAACCTGAGTGAACGC-1_GSM4013384",1.22985762831562
"TACGGGCAGACAGACC-1_GSM4013384",0.709765212102153
"GAGGTGATCGTTTGCC-1_GSM4013384",1.40175829735495
"CTAATGGCAGATCTGT-1_GSM4013384",0.73714137027307
"AGGTCATTCACCCTCA-1_GSM4013384",0.682077973618561
"CACACTCCACGCTTTC-1_GSM4013384",0.580253641343722
"CTCATTAAGTTCGCAT-1_GSM4013384",1.10104068732427
"CAGATCAAGTACATGA-1_GSM4013384",0.956768860690507
"TCAGCTCAGTTAGCGG-1_GSM4013384",1.35023126189086
"GTACGTACAGCTGTTA-1_GSM4013384",1.01813103713934
"CCTACACGTCGCTTTC-1_GSM4013384",0.561158632585772
"TGAAAGAAGCTCCTTC-1_GSM4013384",0.789603002917548
"CGGAGCTAGAGCAATT-1_GSM4013384",0.840003509373033
"TACCTTATCCAAACTG-1_GSM4013384",0.880985704631251
"TCGGTAAGTATCAGTC-1_GSM4013384",1.2846691074795
"TGTTCCGAGGTGCACA-1_GSM4013384",1.33068162016806
"GCTTCCAAGAGTGACC-1_GSM4013384",1.41216871136321
"CACAGTATCAACCATG-1_GSM4013384",0.913148590976975
"AGAGCGAAGATGCCTT-1_GSM4013384",1.26509168863773
"GGACGTCCAGTTAACC-1_GSM4013384",1.29499941176482
"AACCATGGTCCTAGCG-1_GSM4013384",0.945921586469733
"TGGTTAGAGCGCTCCA-1_GSM4013384",1.32454529035067
"CTAATGGAGGCGATAC-1_GSM4013384",1.29414129495494
"TGCTACCTCTGCTGTC-1_GSM4013384",0.761606666443102
"AGCTTGACAATGGTCT-1_GSM4013384",0.650536613912439
"GGCCGATTCATCTGCC-1_GSM4013384",1.35646999853346
"CCAATCCTCGCGTAGC-1_GSM4013384",0.84367131425897
"GCGCAACCAGTTTACG-1_GSM4013384",1.2803558420813
"GGATTACAGCTGGAAC-1_GSM4013384",1.37521163347241
"GTAGGCCGTAGTACCT-1_GSM4013384",1.20408106204794
"ACTTGTTGTCAGTGGA-1_GSM4013384",0.705272207439389
"TTTACTGAGCGACGTA-1_GSM4013384",0.838243668492396
"CAAGAAAGTCCCTACT-1_GSM4013384",0.735382332213823
"ATGCGATTCGTAGGAG-1_GSM4013384",1.2394640251707
"ACAGCCGTCGGCCGAT-1_GSM4013384",0.916567358934751
"GCTTCCACAAACTGTC-1_GSM4013384",1.24606592846401
"ACCGTAAGTCTGCGGT-1_GSM4013384",0.861740907258427
"GTTCATTGTTACTGAC-1_GSM4013384",0.878348633787224
"AAGGCAGTCTTAACCT-1_GSM4013384",0.670580450270919
"AAGGTTCGTAGAGTGC-1_GSM4013384",0.785585050374326
"CGACCTTCAAGAGGCT-1_GSM4013384",1.23731707844738
"AAGGTTCCATAAAGGT-1_GSM4013384",1.40236567047984
"TGGCCAGTCAACTCTT-1_GSM4013384",0.746448384631889
"AGCTCTCTCTCGATGA-1_GSM4013384",0.653560899509897
"GCTGGGTCATTTGCCC-1_GSM4013384",0.815108316785064
"AACTCCCGTAGCGATG-1_GSM4013384",1.30790222297359
"GTCATTTTCTATCCTA-1_GSM4013384",1.19834901838493
"GATGCTACAATCGGTT-1_GSM4013384",0.783330924890025
"CGAATGTTCCTAGGGC-1_GSM4013384",0.76352101346274
"TCGTAGACACTGAAGG-1_GSM4013384",1.07630701775668
"AAGGCAGAGCAGCGTA-1_GSM4013384",0.557092286972278
"CTGCCTAGTACGCTGC-1_GSM4013384",0.436809988147071
"ATCTACTAGTGTCTCA-1_GSM4013384",1.10173914420197
"CTGCCTAAGATCCGAG-1_GSM4013384",1.24080993727671
"CACAGTAGTTACGCGC-1_GSM4013384",1.29061561738168
"GCCTCTAAGTTAGCGG-1_GSM4013384",0.782259913613042
"TGTGTTTAGACTAAGT-1_GSM4013384",1.19981104180471
"GTCCTCAGTATTACCG-1_GSM4013384",1.33000104265632
"TCAGGTAGTGGTCCGT-1_GSM4013384",0.73821182223121
"GGCTCGAAGGTGCAAC-1_GSM4013384",0.780277848844529
"ATCTACTAGGGTTTCT-1_GSM4013384",1.2200399479251
"ACGGGCTAGAGTGACC-1_GSM4013384",0.557492980750568
"CTAATGGGTGATGATA-1_GSM4013384",0.815055004174712
"AAAGTAGGTGTTGAGG-1_GSM4013384",0.751259644773056
"CTAACTTAGTTCCACA-1_GSM4013384",0.930837692243822
"CGTCACTCAGACGCCT-1_GSM4013384",1.21140355703799
"GAATAAGAGAAACCGC-1_GSM4013384",1.23128965193333
"AACTTTCGTAAGAGGA-1_GSM4013384",0.871717398285563
"CACCACTAGTGTTTGC-1_GSM4013384",1.21766742930381
"CCCAGTTGTTACGCGC-1_GSM4013384",1.41135946491107
"GAACGGAGTTTCCACC-1_GSM4013384",1.41808437392648
"CAGCGACTCAATAAGG-1_GSM4013384",0.712268973855441
"TAAGAGAAGACCTTTG-1_GSM4013384",0.723510080540592
"CGCCAAGCACATTTCT-1_GSM4013384",0.926088841123719
"CTACCCAGTACAGTTC-1_GSM4013384",1.11317341792932
"GGACGTCTCTTAGAGC-1_GSM4013384",0.923182912547388
"ACTGCTCAGCCCTAAT-1_GSM4013384",0.870935191127037
"CTCGAGGAGATATACG-1_GSM4013384",1.19201279287225
"AGCTCTCCAAGGTGTG-1_GSM4013384",1.40679936689519
"AAGGAGCGTTCAGGCC-1_GSM4013384",1.34219177854142
"GATCGTAAGGGTTTCT-1_GSM4013384",0.761691300140568
"CACACTCAGTGTACTC-1_GSM4013384",0.585597372875481
"TCATTTGTCCATGCTC-1_GSM4013384",1.21832459909456
"CTGATAGAGTCTCGGC-1_GSM4013384",1.25392212734365
"CCTTCGATCGCGATCG-1_GSM4013384",1.42716245753552
"CGATGGCTCGGCTTGG-1_GSM4013384",0.727742428292815
"ACGAGCCAGATCTGCT-1_GSM4013384",1.30667255071023
"TTCTACAGTCTCCCTA-1_GSM4013384",1.40119032136886
"AGGCCGTTCACATAGC-1_GSM4013384",1.27294711008819
"AATCCAGTCATACGGT-1_GSM4013384",0.827926372408322
"TGTGGTATCTACTATC-1_GSM4013384",0.889965381809379
"CATCCACTCACATGCA-1_GSM4013384",1.36353807442464
"ACGCCGATCCTCTAGC-1_GSM4013384",0.58013575275993
"TTTGGTTCACCATCCT-1_GSM4013384",0.69874129549447
"ACGCCAGCAGGAATCG-1_GSM4013384",1.28418959249083
"AGCGTCGGTATAGTAG-1_GSM4013384",0.890416572850871
"ACGCCGAGTCCTGCTT-1_GSM4013384",0.739309399644039
"CAGGTGCCATTAACCG-1_GSM4013384",0.652809827153301
"CCCTCCTGTCTTCTCG-1_GSM4013384",1.14692020516287
"ACGGGCTGTACGACCC-1_GSM4013384",1.37508402136739
"TTAGGACTCAACGGGA-1_GSM4013384",1.34454474626017
"GTGCTTCAGTGGAGTC-1_GSM4013384",1.33435839946668
"GGCGACTCAGCCTATA-1_GSM4013384",0.779965849618905
"CTGCGGATCCTGTAGA-1_GSM4013384",1.19425758895151
"AAGCCGCGTCCAGTTA-1_GSM4013384",1.16608708560878
"GTACTTTAGCTAGCCC-1_GSM4013384",0.843368201665689
"TACTCATGTGTTGAGG-1_GSM4013384",1.18245165488498
"AACTCCCTCACTCCTG-1_GSM4013384",1.03520759913717
"ATTACTCGTTTGGGCC-1_GSM4013384",1.17217461330849
"TTCTACAAGTCCGTAT-1_GSM4013384",0.887694570783902
"AGCGTCGGTGATAAGT-1_GSM4013384",1.26894816779824
"TTCCCAGGTTTGTTGG-1_GSM4013384",1.14888329297786
"TTAGGCATCACTTACT-1_GSM4013384",1.24153037339459
"CACTCCATCGGACAAG-1_GSM4013384",1.38724695639809
"GAGCAGACATATGGTC-1_GSM4013384",1.21072195511166
"GTAACTGCACGAGAGT-1_GSM4013384",0.758340172662126
"CGTCACTAGACGCAAC-1_GSM4013384",0.771121748118776
"CGGACGTAGATGGGTC-1_GSM4013384",0.979429825403796
"GATGCTATCTTACCGC-1_GSM4013384",0.869993226165845
"AACTTTCAGTGGAGTC-1_GSM4013384",1.19900108317861
"CCTTCCCAGGCATGTG-1_GSM4013384",1.29169696733827
"ACTGAGTAGGCTAGAC-1_GSM4013384",0.82586630175295
"TAAGCGTAGCGTTTAC-1_GSM4013384",1.19833044251154
"ACGTCAAAGTACACCT-1_GSM4013384",1.29468065220157
"GTAACTGAGTTGTCGT-1_GSM4013384",1.35629172168483
"CATCAGACAAAGCAAT-1_GSM4013384",1.28755935852032
"ACACCGGTCTGCCCTA-1_GSM4013384",0.829991868688351
"ATTATCCCAATGACCT-1_GSM4013384",1.30859372874184
"GCTCCTAAGCAAATCA-1_GSM4013384",0.922296441978248
"TTTGGTTTCTGGCGTG-1_GSM4013384",1.05286876083164
"CTCTGGTGTGAGGCTA-1_GSM4013384",0.676755314059065
"GGATTACCACGAAAGC-1_GSM4013384",0.825167757811574
"GTGCATATCTTGCAAG-1_GSM4013384",0.968519216805151
"GACTACAGTCAACTGT-1_GSM4013384",1.15510752278939
"CGTAGGCAGCTACCGC-1_GSM4013384",1.37223460055468
"CTCGTCATCAACGGGA-1_GSM4013384",1.35223461673179
"CACCACTCAAAGCAAT-1_GSM4013384",1.26976702609581
"ACGCCAGGTACCGGCT-1_GSM4013384",1.15110797563148
"CTTACCGTCAAACGGG-1_GSM4013384",0.68190648179434
"TGGCGCAGTTGGTAAA-1_GSM4013384",0.855972975785703
"CTGAAGTGTGCCTGTG-1_GSM4013384",1.18491214628283
"GCATGCGGTGGAAAGA-1_GSM4013384",0.872204817319205
"ACGGGCTAGGACGAAA-1_GSM4013384",0.630064119693916
"AGATCTGCAGCCTTTC-1_GSM4013384",0.8089856340923
"CTGTTTACAGACAAAT-1_GSM4013384",1.25618827188689
"TGGCTGGGTCAACTGT-1_GSM4013384",1.29060256261856
"GTACGTAGTTGTCTTT-1_GSM4013384",1.18095320236508
"CCTCAGTGTCGGCATC-1_GSM4013384",1.06818599753556
"CGGACACTCCAAGTAC-1_GSM4013384",1.25581574969749
"AACTCTTCAGGAATGC-1_GSM4013384",1.0881876627208
"TGAGGGAAGTTCCACA-1_GSM4013384",0.801472564617433
"TGACAACAGAATGTGT-1_GSM4013384",0.54047429533084
"CATGCCTGTCCAGTAT-1_GSM4013384",1.26587905785529
"CTGTTTAGTAGCTCCG-1_GSM4013384",1.26123519582017
"AGTGGGACAGCTCGCA-1_GSM4013384",1.19824169839842
"AGGCCGTCAACGATCT-1_GSM4013384",0.614090223212864
"CTGCTGTCACACCGAC-1_GSM4013384",1.26347241882877
"CCAGCGAGTAGCGTGA-1_GSM4013384",0.919728253652752
"CTTCTCTCAGTAAGCG-1_GSM4013384",0.818653578467491
"AGCTCCTTCGGTTCGG-1_GSM4013384",0.953370057028474
"TCTATTGCAAGGTTTC-1_GSM4013384",1.2431822150019
"GGCAATTGTCTAGCCG-1_GSM4013384",0.684792166584253
"GGGACCTTCTTATCTG-1_GSM4013384",1.25978726093199
"CATCGAAAGCGATTCT-1_GSM4013384",0.853317186004303
"CGATCGGTCATTGCGA-1_GSM4013384",1.17596952011019
"TGAAAGACACGTGAGA-1_GSM4013384",0.70520928677947
"CCTAAAGCATCGGTTA-1_GSM4013384",1.26291720371474
"TCAACGACATGCCACG-1_GSM4013384",0.830490243614073
"CACACTCAGAGTAATC-1_GSM4013384",0.732931472797526
"ACTGAGTAGGGTGTTG-1_GSM4013384",1.33695376199181
"GGGTCTGGTCTTGCGG-1_GSM4013384",1.27559965873795
"TCGCGTTTCGATAGAA-1_GSM4013384",1.19852992775547
"TCTCATAGTTACTGAC-1_GSM4013384",1.47720306038567
"CCTAGCTTCCTGCTTG-1_GSM4013384",0.895690225006492
"GCCTCTATCACTTCAT-1_GSM4013384",1.33952057793248
"GTGCATAGTGTCCTCT-1_GSM4013384",1.25862670704756
"AGTAGTCAGGCCATAG-1_GSM4013384",0.787946766052742
"CATGCCTTCAATCTCT-1_GSM4013384",1.28509931475368
"GGGCATCTCAGCGACC-1_GSM4013384",1.26714570209653
"GTACTCCGTAGCTAAA-1_GSM4013384",0.552693352917993
"CAGCATACACCGAATT-1_GSM4013384",0.737174952472422
"GAACGGATCGATCCCT-1_GSM4013384",0.597260082799255
"CAGAGAGTCGCCAAAT-1_GSM4013384",0.771662617881974
"CTGAAGTGTAGGACAC-1_GSM4013384",0.777939181472878
"ATGAGGGAGCCACCTG-1_GSM4013384",0.728388380093857
"AGTGGGATCAGCAACT-1_GSM4013384",1.35173769716466
"GTCGGGTTCGCTTGTC-1_GSM4013384",1.31657906791501
"CCTAGCTCATATGGTC-1_GSM4013384",1.25441152975324
"ACGATACCATTCGACA-1_GSM4013384",0.67544212581133
"GGGTCTGCATTAGCCA-1_GSM4013384",0.804255925204097
"GAAACTCTCCGCGCAA-1_GSM4013384",1.24732551580554
"GGGTCTGCACGACGAA-1_GSM4013384",1.2932431733897
"CTGCCTAGTTCCATGA-1_GSM4013384",1.30934571518698
"CCCTCCTGTGTAAGTA-1_GSM4013384",0.580945653313954
"TAGACCACAAGAGGCT-1_GSM4013384",1.11750355562297
"GGCGTGTGTTGGACCC-1_GSM4013384",1.29278971244119
"ATTGGTGAGTACGTTC-1_GSM4013384",1.23850797075773
"ATCGAGTAGATAGTCA-1_GSM4013384",1.24629521588645
"CTCGAAATCATCTGCC-1_GSM4013384",1.06457612919122
"AGCTTGAAGCGTTTAC-1_GSM4013384",1.27729147703024
"CACACTCTCGGTTAAC-1_GSM4013384",1.15365018121208
"AGCTCCTAGACAAAGG-1_GSM4013384",0.996346848369185
"GATTCAGGTTAAGACA-1_GSM4013384",1.21528897961381
"TTGCCGTCAAACTGTC-1_GSM4013384",0.852895551850193
"CAGCTGGTCTCGCATC-1_GSM4013384",0.858374235531273
"GCTGGGTGTGCGATAG-1_GSM4013384",1.24357725822361
"CCGGGATGTACGCTGC-1_GSM4013384",1.23669155927364
"AAATGCCCAGGCGATA-1_GSM4013384",0.83320363524563
"GAGCAGACAATGTAAG-1_GSM4013384",0.718531341553884
"GCAGCCACACACCGCA-1_GSM4013384",0.711652253221056
"TACGGGCGTCACAAGG-1_GSM4013384",1.02148319662717
"CTCACACTCAGGTTCA-1_GSM4013384",1.03380059944969
"GTCGGGTCACGGCGTT-1_GSM4013384",0.584983788621791
"CCTACCAAGCAACGGT-1_GSM4013384",1.11599690014167
"ATAAGAGCATTTGCCC-1_GSM4013384",1.25983487181333
"TACCTATGTAAGAGAG-1_GSM4013384",1.33776344374391
"ACGATACAGTAGGTGC-1_GSM4013384",0.788853352644302
"GCGGGTTCACGGTAGA-1_GSM4013384",1.16830625909033
"CACTCCACAATCTGCA-1_GSM4013384",0.590540887012374
"CTGGTCTGTAGCTCCG-1_GSM4013384",1.1274717674591
"ACGGGTCTCCACTGGG-1_GSM4013384",0.782193587710851
"TGTTCCGGTCTGATTG-1_GSM4013384",1.21296431716783
"TTCTACACAAGTCTGT-1_GSM4013384",0.992450498113617
"CCTTCGACAGGAACGT-1_GSM4013384",1.30522418100112
"AAGGTTCGTCCTGCTT-1_GSM4013384",0.90215240931495
"TATCTCACAAAGAATC-1_GSM4013384",0.785730186312083
"ATTGGTGTCCCATTTA-1_GSM4013384",1.32260546898076
"TACGGATCACTAAGTC-1_GSM4013384",0.729530447348484
"CGTAGCGAGGGTGTTG-1_GSM4013384",0.747511847667561
"CAGCGACCACGGCTAC-1_GSM4013384",1.30237700180992
"GAGGTGAGTTAAGACA-1_GSM4013384",0.65686401773871
"TATTACCCACGGATAG-1_GSM4013384",1.2346886001464
"AACCGCGTCTTTACAC-1_GSM4013384",1.2862590314619
"AACCGCGAGCAGGTCA-1_GSM4013384",1.2062243618775
"GCTGCAGTCACTGGGC-1_GSM4013384",0.486567703043567
"ATTCTACTCGTTTAGG-1_GSM4013384",1.13062776000854
"CACATTTGTTATGTGC-1_GSM4013384",1.01804090662495
"TCGTAGAAGACAATAC-1_GSM4013384",0.999428532189976
"TCTATTGGTCAGAATA-1_GSM4013384",1.26985940048777
"AACTGGTAGATCCGAG-1_GSM4013384",0.592957810123658
"AACCGCGAGGCTACGA-1_GSM4013384",1.29773335975551
"ACGTCAATCGCGGATC-1_GSM4013384",0.765466755608394
"TTTACTGTCCAAAGTC-1_GSM4013384",1.18317160956806
"TAAGAGAGTTACCGAT-1_GSM4013384",1.17099378291824
"TTATGCTTCCTCTAGC-1_GSM4013384",0.655951867016719
"TCACGAATCGTTACGA-1_GSM4013384",1.16161262185968
"TGCTGCTAGGCACATG-1_GSM4013384",0.813296053724111
"TACTCGCAGACGACGT-1_GSM4013384",1.29390313425503
"CTGGTCTAGGCTCATT-1_GSM4013384",1.36238489844324
"GGACATTAGGCCCTTG-1_GSM4013384",0.879726455905589
"GGGATGAGTACAGTGG-1_GSM4013384",0.769252546958712
"TGGCCAGAGTTGAGAT-1_GSM4013384",0.887827748536621
"TCCCGATGTTGTCGCG-1_GSM4013384",0.70858176892308
"TACCTATGTTTGACAC-1_GSM4013384",0.977198086597301
"TCTGAGAAGATGAGAG-1_GSM4013384",1.32470741888727
"GACCTGGTCCTTTACA-1_GSM4013384",1.13900035859708
"CGTCCATGTCATCCCT-1_GSM4013384",1.29143211790569
"TGCTACCTCAGTTTGG-1_GSM4013384",0.911656329908583
"GACAGAGGTTCCGTCT-1_GSM4013384",0.959144016009978
"ATTGGTGAGATCACGG-1_GSM4013384",1.16469972417631
"AACTGGTGTCCTCCAT-1_GSM4013384",1.05607416350087
"GAACCTAAGATGTCGG-1_GSM4013384",0.402077431113579
"CTAACTTAGTATCGAA-1_GSM4013384",1.31820634179356
"GTGAAGGGTATGAATG-1_GSM4013384",0.681171751051119
"GACTGCGTCCACGCAG-1_GSM4013384",1.15867426754002
"AAAGTAGAGTTGCAGG-1_GSM4013384",0.899307228586765
"CACAGTATCGTTGACA-1_GSM4013384",1.11474814533141
"ATTATCCAGGAGTAGA-1_GSM4013384",0.653873165652943
"GAACCTATCCATGAAC-1_GSM4013384",0.884998327756542
"CTACACCCAAACGTGG-1_GSM4013384",0.730746439536861
"CTTTGCGGTAGTGAAT-1_GSM4013384",1.17014554204494
"AGGTCATGTCGCGTGT-1_GSM4013384",0.985992125472093
"ACACCGGTCACTCTTA-1_GSM4013384",0.768630059440196
"GGGACCTTCGAGCCCA-1_GSM4013384",1.19744333581884
"GTTCTCGGTACGAAAT-1_GSM4013384",1.04643197659331
"TGAGGGATCTAACTTC-1_GSM4013384",1.09058886860824
"TTTATGCGTGAAATCA-1_GSM4013384",0.831518368500253
"TGAAAGATCCAGGGCT-1_GSM4013384",0.728428665655569
"CTGTTTATCTAACGGT-1_GSM4013384",1.13232915510481
"ATCACGACAGACACTT-1_GSM4013384",0.825812692341523
"ACGAGGACATTTGCTT-1_GSM4013384",1.24794984238717
"TACCTTAAGGGCATGT-1_GSM4013384",0.876578238423564
"GATGAGGCAGTTCATG-1_GSM4013384",1.2917322189533
"CTGCTGTAGGTGCTTT-1_GSM4013384",0.947096327206434
"GATGCTAGTCTTCGTC-1_GSM4013384",1.19534937996936
"GCGGGTTTCGGTGTTA-1_GSM4013384",0.814447724677805
"CTCCTAGCAGTAAGCG-1_GSM4013384",1.15072192169748
"CCCAGTTTCCGAATGT-1_GSM4013384",0.623385322705254
"CTACACCCAGTATCTG-1_GSM4013384",0.994849792148408
"GTCGTAAAGACATAAC-1_GSM4013384",1.27429662135068
"AGAGTGGGTGTGAAAT-1_GSM4013384",1.18265857964696
"GCACTCTTCACATAGC-1_GSM4013384",0.734598850645976
"AGCGGTCAGGACAGAA-1_GSM4013384",0.691042326478224
"AAACGGGAGACAATAC-1_GSM4013384",0.849382626231695
"CGGACTGAGACACGAC-1_GSM4013384",0.961154054408183
"GAGTCCGGTTCCTCCA-1_GSM4013384",1.09625709357505
"CCGTTCAGTGTTTGGT-1_GSM4013384",1.11901485905051
"ACCGTAATCCATTCTA-1_GSM4013384",1.26511014075926
"CTTAACTTCCGCAGTG-1_GSM4013384",1.22615032916056
"GCGCAACCATGACGGA-1_GSM4013384",1.19646526625367
"ACTTTCATCATACGGT-1_GSM4013384",1.26432160111858
"CACATTTTCGTCTGCT-1_GSM4013384",0.684147756683782
"GGCTGGTCATTAACCG-1_GSM4013384",1.32896006335138
"AACTGGTCAAACGCGA-1_GSM4013384",1.02217425116118
"TACAGTGGTTGAGGTG-1_GSM4013384",0.612552279423269
"TACACGAAGTGGGTTG-1_GSM4013384",1.19423997847555
"AGCAGCCCACCATGTA-1_GSM4013384",1.31431867008781
"TGCGTGGTCCGTAGTA-1_GSM4013384",0.850629101284056
"CTAATGGAGGACCACA-1_GSM4013384",1.1888691915978
"GACACGCGTTAAGAAC-1_GSM4013384",0.986656452832469
"CACATTTGTGGGTATG-1_GSM4013384",1.2043618754979
"CACAAACCACATCCGG-1_GSM4013384",0.994718456008916
"AAGGCAGGTAGCGCAA-1_GSM4013384",1.19726114614922
"TGCGGGTAGATCGGGT-1_GSM4013384",1.17051552034027
"GCGCGATAGCTATGCT-1_GSM4013384",0.737583614221851
"GGTGCGTAGTTTGCGT-1_GSM4013384",0.61558578406806
"ACACTGATCATACGGT-1_GSM4013384",0.836061383690868
"CGAGCCAGTACCCAAT-1_GSM4013384",0.750510787118219
"CCTCAGTCACTTCGAA-1_GSM4013384",0.811201473749746
"GTTCTCGCAGATTGCT-1_GSM4013384",1.15135585082908
"AGGCCGTGTCCGTGAC-1_GSM4013384",0.776212053171573
"GAATGAAAGTATCTCG-1_GSM4013384",1.34500439131713
"GCACTCTGTGCATCTA-1_GSM4013384",0.777812812716777
"CAGCTAACAGTCTTCC-1_GSM4013384",1.10163461995577
"GTACTCCGTCACTGGC-1_GSM4013384",0.784143760506671
"CCGTGGAGTTAAGAAC-1_GSM4013384",0.725547810341917
"TCAGCTCGTGTTTGTG-1_GSM4013384",0.971581088053944
"AAAGATGGTGGCGAAT-1_GSM4013384",1.23358906266814
"ATTGGACGTCGGGTCT-1_GSM4013384",0.664927670071408
"GAGCAGAGTCTCTTAT-1_GSM4013384",1.27627801004522
"ATTGGACCATCGGTTA-1_GSM4013384",1.21547260948889
"CTTAACTCAGCTCGAC-1_GSM4013384",0.689608613053814
"TTTCCTCAGGGATACC-1_GSM4013384",0.761072940920448
"CTCCTAGCATGGATGG-1_GSM4013384",1.22943047608141
"CGATTGATCGACAGCC-1_GSM4013384",1.13136692653143
"TAGGCATTCTAACTCT-1_GSM4013384",1.26284800651252
"TGCACCTCATGCCACG-1_GSM4013384",0.886502023695147
"GGAGCAACACGGATAG-1_GSM4013384",1.1175058905632
"TTGCCGTCATCCGCGA-1_GSM4013384",0.432390220432914
"TCAGGATGTCTCATCC-1_GSM4013384",0.840960175218466
"TACAGTGCAGATCTGT-1_GSM4013384",0.732022363642239
"AGGTCCGCAAGCTGTT-1_GSM4013384",0.979510022163355
"CGATGGCAGTGCAAGC-1_GSM4013384",0.518833479598055
"GACCTGGGTAGTAGTA-1_GSM4013384",1.06288940171038
"CAGCTAATCGAACGGA-1_GSM4013384",0.998216423331574
"ACACCCTCAGAGTGTG-1_GSM4013384",0.876184956653133
"GGGTCTGAGCTACCTA-1_GSM4013384",1.22517759418415
"ACGCAGCGTATAATGG-1_GSM4013384",1.20533414914195
"TCAGGTACAGTCGTGC-1_GSM4013384",1.23472656142299
"AGATCTGGTTTAAGCC-1_GSM4013384",1.07341206272255
"GACTGCGTCTTCCTTC-1_GSM4013384",0.769664298220419
"GATCGATAGACTCGGA-1_GSM4013384",0.943229099419319
"GTCACGGGTGCATCTA-1_GSM4013384",0.605378996933306
"ACTGAGTAGGTACTCT-1_GSM4013384",0.940446563273722
"AACGTTGTCCACGAAT-1_GSM4013384",1.14881231540503
"CCTAAAGAGTGATCGG-1_GSM4013384",1.13494185554794
"CCCATACTCGAATCCA-1_GSM4013384",0.704348512484671
"GTTCTCGTCTGTCTAT-1_GSM4013384",1.02661410976506
"TGTATTCGTCCCTACT-1_GSM4013384",1.25316405549915
"ATCGAGTGTGGCTCCA-1_GSM4013384",1.18480253128705
"CGTGTAACAGACGTAG-1_GSM4013384",0.767853722840315
"CGAGCACCAAGCGATG-1_GSM4013384",1.21053812671786
"TGGGAAGAGGCTAGGT-1_GSM4013384",0.762648539697181
"TGACAACCAGCTGTTA-1_GSM4013384",1.0249901460223
"CTCTGGTCATGGGACA-1_GSM4013384",0.711437569367787
"GCGAGAACATCGATGT-1_GSM4013384",1.17107086927073
"AACTCCCAGAGTAAGG-1_GSM4013384",0.692751910053268
"TTGGCAATCTTAGAGC-1_GSM4013384",1.23871010666829
"AACACGTGTACGCACC-1_GSM4013384",0.689762326747093
"CGCTGGAGTACAGCAG-1_GSM4013384",0.959951608932244
"GGGCACTCAAATACAG-1_GSM4013384",1.16323309827338
"CTAAGACGTTCGGGCT-1_GSM4013384",1.42655524451274
"TACGGTAGTAGCCTCG-1_GSM4013384",0.786068730391545
"TACGGTATCGCTAGCG-1_GSM4013384",1.11067089928817
"TACAGTGCAGACTCGC-1_GSM4013384",1.05964464945506
"AGAGCGATCGTTGACA-1_GSM4013384",1.26176323126087
"CTACGTCTCTCTTATG-1_GSM4013384",0.907367997505647
"CAGTCCTAGAGGTTGC-1_GSM4013384",1.06095796067203
"GTATTCTGTCGGGTCT-1_GSM4013384",0.806675218586463
"GCACATAGTGACGCCT-1_GSM4013384",0.682783185984177
"CCACCTAGTAGCCTAT-1_GSM4013384",0.990268206933458
"GCGACCAGTCTGCAAT-1_GSM4013384",0.647420408405724
"TGGCTGGCAATGCCAT-1_GSM4013384",0.796634070660778
"CACATAGTCTGTTGAG-1_GSM4013384",0.692002732861581
"GAATAAGAGATCTGCT-1_GSM4013384",0.689408590801462
"CAGGTGCGTGTGGCTC-1_GSM4013384",0.809906061125201
"ATTACTCTCTCAAACG-1_GSM4013384",1.15974178894879
"CAACTAGGTAGCGTCC-1_GSM4013384",0.725980031803979
"CCCAATCGTGACGGTA-1_GSM4013384",0.858625777670269
"TATCTCATCTGTGCAA-1_GSM4013384",0.73164058491606
"GTGAAGGAGTAATCCC-1_GSM4013384",0.75746669000032
"GGGTTGCAGCTTCGCG-1_GSM4013384",0.755502371712537
"TGGTTAGCAACGATGG-1_GSM4013384",0.450092022289511
"GGCCGATTCAGAGCTT-1_GSM4013384",1.18874134054064
"GTATTCTGTCACCTAA-1_GSM4013384",0.595951472236439
"TAAGTGCGTAGGACAC-1_GSM4013384",0.662922805878446
"AAAGTAGAGTCAATAG-1_GSM4013384",0.84209346706842
"TGACTTTAGGTTACCT-1_GSM4013384",0.928693900280409
"AAATGCCAGAATGTTG-1_GSM4013384",0.547713933658211
"CAGATCAAGAAGGACA-1_GSM4013384",0.928359448554711
"GCTCCTATCTAAGCCA-1_GSM4013384",0.717034386671259
"GGGAGATAGGACGAAA-1_GSM4013384",0.448607693057525
"ACTATCTGTGTTTGTG-1_GSM4013384",1.15962586313924
"GTGTGCGGTTATCCGA-1_GSM4013384",0.835260125923808
"CCCATACCACACCGCA-1_GSM4013384",1.06895783999874
"GCGGGTTTCGGCATCG-1_GSM4013384",1.1239833434252
"TTTCCTCAGCCACCTG-1_GSM4013384",1.20665637584679
"GCTCCTAAGACTACAA-1_GSM4013384",1.10340371939158
"GTCTTCGGTCGCGAAA-1_GSM4013384",0.912052825098805
"TTAACTCGTGGGTCAA-1_GSM4013384",1.05675821589945
"ATAAGAGGTCCCTTGT-1_GSM4013384",0.811968315938324
"CGGACGTCAGACGTAG-1_GSM4013384",0.91221909940843
"TTTACTGCATTGTGCA-1_GSM4013384",1.26654664614344
"GTTAAGCTCTGTGCAA-1_GSM4013384",0.695168911681991
"CTCTGGTGTACATCCA-1_GSM4013384",1.1175939661807
"GAGCAGATCTTGTATC-1_GSM4013384",0.96644094357185
"GACTGCGGTCCGTTAA-1_GSM4013384",0.605420147059986
"TCGTACCGTATCGCAT-1_GSM4013384",0.781561481010908
"GTAGTCAAGCGTTCCG-1_GSM4013384",1.20219232509672
"TACTCATTCGTTACGA-1_GSM4013384",0.748969160958054
"CGATGGCCAGGGTATG-1_GSM4013384",0.967416491979189
"TACTTACTCGAGAACG-1_GSM4013384",1.009619573789
"TGGTTAGCAATGGAAT-1_GSM4013384",0.799827507782891
"TGGCGCACACCTCGTT-1_GSM4013384",0.711426264848588
"CAGTAACCAGGATTGG-1_GSM4013384",1.0127241796486
"ACTGAACTCCGTTGTC-1_GSM4013384",0.485886346258929
"CGACCTTCACCCAGTG-1_GSM4013384",1.05355670595209
"AACGTTGAGTCGTTTG-1_GSM4013384",0.728285697090793
"ATTCTACAGTAGCGGT-1_GSM4013384",1.12485133567253
"TGCACCTCACCCATGG-1_GSM4013384",0.648392222833195
"GGGATGACAGGGTTAG-1_GSM4013384",0.938811584925382
"GGTGCGTAGGGAAACA-1_GSM4013384",1.05060605772041
"CACACTCCACTGCCAG-1_GSM4013384",0.954077269820768
"CGTGTAATCGTTGACA-1_GSM4013384",0.865384770466018
"ATCTGCCGTAGCGCAA-1_GSM4013384",0.707906057776623
"CATGACACAATAGAGT-1_GSM4013384",0.819131953320786
"GACTGCGCAATCCAAC-1_GSM4013384",1.25428515771433
"TAGCCGGAGCACACAG-1_GSM4013384",1.26023248490997
"TAGTTGGCAGGGAGAG-1_GSM4013384",0.958701311797131
"TGAGGGATCACTTATC-1_GSM4013384",1.03407598915872
"GCGCCAACAATGGAGC-1_GSM4013384",0.579003692460646
"AGATTGCTCTGGCGAC-1_GSM4013384",1.00132706554253
"ATCTACTCAGCTGCAC-1_GSM4013384",0.815989430220025
"GCTGGGTTCACAACGT-1_GSM4013384",1.04236626052329
"TGAGCCGTCAGGTTCA-1_GSM4013384",1.2917799300543
"CTGCTGTGTCGTTGTA-1_GSM4013384",1.26534576281444
"AGATTGCAGGTGCACA-1_GSM4013384",0.764525457682045
"GTAACGTTCTAAGCCA-1_GSM4013384",0.909537742388097
"GCGGGTTAGATACACA-1_GSM4013384",1.20277038905148
"GGTGCGTGTTGCTCCT-1_GSM4013384",0.772805844890837
"TCAACGAAGGCAATTA-1_GSM4013384",1.10294250737751
"ACATGGTTCTGAGGGA-1_GSM4013384",0.840329757979965
"ATCACGATCGTTTAGG-1_GSM4013384",0.814482025438398
"ATGCGATAGATAGGAG-1_GSM4013384",0.565722382182668
"GCTGCAGTCAGTTTGG-1_GSM4013384",1.09955916383853
"GACGGCTCATCGATTG-1_GSM4013384",1.06247870712469
"GTAGGCCTCGAGAGCA-1_GSM4013384",0.897476800864594
"GATCGTATCTCTAAGG-1_GSM4013384",1.08513134285107
"TCGTAGAAGATCCCGC-1_GSM4013384",0.726052101916845
"GCAGCCACATTGTGCA-1_GSM4013384",1.04517389422823
"TTCTCCTAGAATTGTG-1_GSM4013384",0.942111109018504
"CCTATTAGTATAGGGC-1_GSM4013384",0.700447228227453
"CGGACACCATAGACTC-1_GSM4013384",1.30987330489154
"GCTGCTTGTCTAGTGT-1_GSM4013384",1.25102283841879
"AAACCTGCATGGGACA-1_GSM4013384",0.659345415863978
"TAGGCATTCGTCCGTT-1_GSM4013384",1.08413872155711
"AAGACCTAGCTAACTC-1_GSM4013384",1.25641149358298
"TGAGCATCAGGTGCCT-1_GSM4013384",0.864033999832226
"GTGCTTCGTCACCCAG-1_GSM4013384",1.08340903163076
"CGTCAGGAGTACGTAA-1_GSM4013384",0.73914610867941
"ACACCCTTCGGAGGTA-1_GSM4013384",1.42011247241443
"TAGACCAAGATACACA-1_GSM4013384",0.648385289244458
"GGTGAAGGTGCGCTTG-1_GSM4013384",0.736536931776689
"GGATGTTGTCGGGTCT-1_GSM4013384",0.705733006381187
"CCAATCCTCTTCCTTC-1_GSM4013384",1.05087514177061
"CAGTCCTCAGTTCCCT-1_GSM4013384",0.979298674024235
"CAGCAGCGTTATTCTC-1_GSM4013384",0.533824190683713
"TACCTTAAGTGTTAGA-1_GSM4013384",0.737228074527827
"AGGGAGTAGTGAATTG-1_GSM4013384",1.33380286856325
"CTTCTCTTCCGTCATC-1_GSM4013384",0.559030550752125
"CATCAAGGTGCACTTA-1_GSM4013384",0.174855219143196
"TGCGCAGTCCACGCAG-1_GSM4013384",0.802032416061269
"GCACTCTAGAACAATC-1_GSM4013384",0.939040408874182
"TCGCGTTGTGAGGGTT-1_GSM4013384",0.750357668246849
"TCTTTCCGTTCAGGCC-1_GSM4013384",0.772102092408089
"CCTCTGAAGACCACGA-1_GSM4013384",0.657027803582642
"AAGCCGCTCTCACATT-1_GSM4013384",1.22091892379028
"GTATCTTCATTGAGCT-1_GSM4013384",0.59830278673232
"CCTCTGAAGACTCGGA-1_GSM4013384",0.710941823070848
"CGGAGTCAGCTATGCT-1_GSM4013384",0.741310855763311
"TTGCCGTAGTTGTCGT-1_GSM4013384",0.981658608045833
"CGATGTAGTTGGACCC-1_GSM4013384",0.500607231438864
"CCACTACAGACTGTAA-1_GSM4013384",0.88844931035776
"GTAACGTGTTATCCGA-1_GSM4013384",0.797475885023277
"CTCTAATCATCCTAGA-1_GSM4013384",1.24259728514986
"CATTATCAGCCCGAAA-1_GSM4013384",0.495218856342383
"GAGTCCGCACGCGAAA-1_GSM4013384",1.03376311788831
"ACGATACCAGCTGCTG-1_GSM4013384",0.871558596223342
"TATCAGGCAACGATGG-1_GSM4013384",1.11226274895097
"CTCGGAGGTCGGCACT-1_GSM4013384",0.889077903276649
"TAGTGGTAGATGTTAG-1_GSM4013384",0.780961821413288
"CTGATCCCATAACCTG-1_GSM4013384",1.39841874327414
"GGCAATTAGATAGTCA-1_GSM4013384",1.22043807104766
"CGACCTTAGTAAGTAC-1_GSM4013384",0.98409076197293
"TATGCCCCAATGGATA-1_GSM4013384",0.786519196181132
"ATAGACCCAGGACCCT-1_GSM4013384",1.00710286513774
"AACCGCGGTCTCTCGT-1_GSM4013384",1.02651834239295
"ATGGGAGGTAGCGTGA-1_GSM4013384",0.564745164133126
"GTTCGGGTCAAGGTAA-1_GSM4013384",1.26573446260374
"ACCAGTATCTGGCGTG-1_GSM4013384",0.536925385177238
"GAATAAGTCGATCCCT-1_GSM4013384",1.04973164174702
"ATTCTACTCATAGCAC-1_GSM4013384",1.07566706556589
"TGCGCAGGTACATCCA-1_GSM4013384",1.22562188286762
"GTACTCCCAGGCGATA-1_GSM4013384",1.13571198250211
"ATTATCCCATTACGAC-1_GSM4013384",1.00945359232841
"GACTGCGGTCCAACTA-1_GSM4013384",0.80448943073114
"CCACTACCATCGATGT-1_GSM4013384",0.989526924338406
"GGTGCGTTCGCAAACT-1_GSM4013384",0.958048910371783
"TTGAACGGTCATGCCG-1_GSM4013384",0.863599805631393
"GTGTGCGAGCTCCTTC-1_GSM4013384",0.946030519623048
"AAGCCGCGTCTTCAAG-1_GSM4013384",0.763365494931149
"CCATTCGCACGTAAGG-1_GSM4013384",0.884040487495108
"GTACTTTAGTGTGAAT-1_GSM4013384",0.550690219059226
"CGAGCCATCCTACAGA-1_GSM4013384",0.732123909034032
"TACCTTACAGCCACCA-1_GSM4013384",0.808287421240706
"CTACATTTCTGCTTGC-1_GSM4013384",0.803660184289705
"CACACAAAGTGGCACA-1_GSM4013384",0.825395993078834
"ACACCGGAGCGTGAAC-1_GSM4013384",1.11182288885544
"GACGTGCAGTGTACTC-1_GSM4013384",1.09377539616802
"GAACGGATCGAATGCT-1_GSM4013384",0.707902724372049
"CTGCTGTCACTGCCAG-1_GSM4013384",0.782324619662083
"AACCGCGAGGGTTCCC-1_GSM4013384",0.675667551121004
"AACTGGTTCCTAAGTG-1_GSM4013384",0.627823278150818
"CGTCCATAGGTAAACT-1_GSM4013384",0.817058499242834
"CTACCCACATGTTCCC-1_GSM4013384",0.924585247658816
"TCAGGATCACCCTATC-1_GSM4013384",0.723635334478856
"GCAGTTACAAAGTCAA-1_GSM4013384",1.09696000068521
"GATGAGGCACTGTGTA-1_GSM4013384",0.535303406299644
"TTAGTTCTCTTCTGGC-1_GSM4013384",0.858807020557467
"GACTAACTCTTACCTA-1_GSM4013384",1.04850183742407
"TACTCATAGGTGTTAA-1_GSM4013384",1.07170834649583
"TTCTCCTTCAATAAGG-1_GSM4013384",0.783719520542759
"CGAGAAGTCATGTAGC-1_GSM4013384",0.635573101443125
"CATATGGGTTCGTGAT-1_GSM4013384",0.725660627955434
"TCTTCGGCAAACAACA-1_GSM4013384",0.837502148252044
"ATCATCTGTGTGAATA-1_GSM4013384",0.687815530415221
"AAAGATGCACGACTCG-1_GSM4013384",0.900474768610375
"AACGTTGAGGCCCTCA-1_GSM4013384",0.710423344445755
"AAGCCGCGTGACGCCT-1_GSM4013384",0.710872635466122
"GTCATTTTCAGGCCCA-1_GSM4013384",1.06899954496467
"CCGGTAGGTGAGTATA-1_GSM4013384",1.07891469368105
"ACGCAGCAGGCCGAAT-1_GSM4013384",0.740183185706917
"AGCAGCCAGGGTATCG-1_GSM4013384",0.605961180397052
"TGCGGGTCATTCTTAC-1_GSM4013384",0.755808256698703
"ATTGGACGTCGGCATC-1_GSM4013384",1.1469293826862
"GTTTCTAGTATCGCAT-1_GSM4013384",0.862685072613471
"GGGATGACAGCTGCAC-1_GSM4013384",0.692116490819435
"GCGCAGTAGCCACCTG-1_GSM4013384",1.11917610620518
"CGTCTACTCATTTGGG-1_GSM4013384",0.840620797748284
"ATCATCTGTGGAAAGA-1_GSM4013384",1.08581120016933
"CCTTACGCAACTGGCC-1_GSM4013384",0.41640298902808
"ACTGCTCCATGCCTAA-1_GSM4013384",1.04173811040349
"ATTATCCCACCGGAAA-1_GSM4013384",0.920235255712013
"CCAGCGAGTCTAACGT-1_GSM4013384",1.14900770709507
"GAACCTAAGAAAGTGG-1_GSM4013384",0.76637992064015
"GGTATTGCACCGAATT-1_GSM4013384",1.07870873873865
"GTAGGCCTCCTGTACC-1_GSM4013384",0.694484410068658
"GGGAATGTCCGTCATC-1_GSM4013384",1.0606603291503
"CATGACAGTGTAACGG-1_GSM4013384",0.713167916912053
"AGGTCATTCAAGGTAA-1_GSM4013384",0.878041430743071
"ACTGCTCCAGATAATG-1_GSM4013384",0.659726661792777
"TGACTAGTCCGTACAA-1_GSM4013384",0.720026689089977
"GCATACACAGTATGCT-1_GSM4013384",0.801644861652384
"GTAGGCCCAGTGACAG-1_GSM4013384",0.819918535305849
"CGCGTTTAGTTGTCGT-1_GSM4013384",1.0618998278771
"TTCGGTCAGTAGCCGA-1_GSM4013384",0.764028607543116
"TCAGCAATCGAATGCT-1_GSM4013384",0.675922496000038
"GAATAAGCACCAGCAC-1_GSM4013384",0.754391853596464
"CAGTAACCATGTCGAT-1_GSM4013384",1.23927834960208
"CGATGGCCAATAAGCA-1_GSM4013384",0.753880914213896
"CCTAAAGAGCGAAGGG-1_GSM4013384",1.13407875907815
"TGAGCCGGTCAGCTAT-1_GSM4013384",0.980219109842727
"CACCAGGCAGCCAGAA-1_GSM4013384",1.12196309067562
"TACTCGCTCTAACGGT-1_GSM4013384",1.00016767012601
"ACTATCTCATGACGGA-1_GSM4013384",1.08975442214126
"TCGCGTTGTGACTCAT-1_GSM4013384",0.851910710700452
"ATCATGGCACGAAAGC-1_GSM4013384",0.967511354945949
"GATGCTAGTTGCTCCT-1_GSM4013384",0.599944787312825
"GCTCTGTCATCACAAC-1_GSM4013384",0.00223170047311602
"CTCAGAAAGCATCATC-1_GSM4013384",0.981071684108043
"CCTTCGAGTGGTACAG-1_GSM4013384",0.609258298339376
"GTGCAGCCATTGAGCT-1_GSM4013384",0.498624694670755
"TACTCATAGTGCTGCC-1_GSM4013384",0.837758791560185
"GTAGTCAAGCAACGGT-1_GSM4013384",0.853473888714855
"GTAGGCCGTGCAGGTA-1_GSM4013384",0.411076628119188
"GGCTCGACACACCGCA-1_GSM4013384",0.716945059456522
"CTCCTAGCAAACCCAT-1_GSM4013384",0.551961267079747
"CGAATGTGTTACGCGC-1_GSM4013384",1.01556963234805
"ACACCGGCAATAAGCA-1_GSM4013384",1.0435973447529
"TCAGATGCAATAAGCA-1_GSM4013384",1.10663535071722
"ATCATCTGTCGATTGT-1_GSM4013384",0.91122604515995
"CGCTTCAAGTGGGTTG-1_GSM4013384",0.695538237457767
"CTCGGGAGTGTGCGTC-1_GSM4013384",0.999861249838907
"CACTCCAAGGTGCTTT-1_GSM4013384",1.21092079598067
"GTGGGTCGTCTTTCAT-1_GSM4013384",0.567396558318639
"CGAGCACTCAGCACAT-1_GSM4013384",0.750318940405321
"CTACCCACATCTCGCT-1_GSM4013384",0.616329335005678
"AGCCTAATCCACGCAG-1_GSM4013384",0.559263115087823
"AAACCTGCACCCTATC-1_GSM4013384",0.716082413802826
"AAGCCGCGTGCAGTAG-1_GSM4013384",0.392047568070354
"CCCATACAGTGGTAAT-1_GSM4013384",0.742177185493499
"CTAGTGACACGCCAGT-1_GSM4013384",1.14055017641533
"CAGATCAAGGTAAACT-1_GSM4013384",0.778242142415218
"TCTATTGTCTGTTTGT-1_GSM4013384",1.29204727639588
"AAGGAGCCACCAGGTC-1_GSM4013384",0.929907051189237
"GCCTCTATCCGTCATC-1_GSM4013384",0.613463240444098
"CTACACCCAATAACGA-1_GSM4013384",1.10762689120222
"ACTTACTTCTGGTATG-1_GSM4013384",0.702675487766887
"ACACCCTTCGACAGCC-1_GSM4013384",0.911922556296917
"TCTTCGGTCACCATAG-1_GSM4013384",1.14586740426862
"AGCGTATCAGATTGCT-1_GSM4013384",0.805959773124968
"CGCGGTAAGATACACA-1_GSM4013384",0.928047968380343
"GGGATGACAGGAACGT-1_GSM4013384",1.21981844869641
"TCTTCGGGTCGGATCC-1_GSM4013384",1.24449550770693
"TGAGCATTCGATGAGG-1_GSM4013384",1.17747636823679
"CACCAGGAGTTCGATC-1_GSM4013384",0.44930244789429
"ACACCGGGTCTCGTTC-1_GSM4013384",1.07059009949366
"GTAACTGAGGGATACC-1_GSM4013384",0.479730128265286
"CATCGGGGTTAGTGGG-1_GSM4013384",0.410069970686048
"GTCACGGGTTGACGTT-1_GSM4013384",0.552922700975901
"ACGCAGCAGACCCACC-1_GSM4013384",0.766383912445078
"CTCGGGACAAATACAG-1_GSM4013384",0.795458464052509
"CGTCTACCAGGACCCT-1_GSM4013384",0.901930005361497
"ATCACGAAGTGGGCTA-1_GSM4013384",0.643212594957804
"CTACCCACAAAGAATC-1_GSM4013384",0.695184614508457
"CCGGGATAGATCCCGC-1_GSM4013384",1.15109142985007
"GTCAAGTCAGTTCCCT-1_GSM4013384",0.78586707583434
"AGCGTATGTTCCAACA-1_GSM4013384",0.749546986732184
"GCTCTGTCATGCTAGT-1_GSM4013384",0.873559614178323
"ATTTCTGTCCAGGGCT-1_GSM4013384",0.818339092194684
"GGAGCAAAGTGGTAAT-1_GSM4013384",0.967961597204285
"GTTCATTAGGAGTTGC-1_GSM4013384",0.668836144743739
"TTGCCGTAGGTCATCT-1_GSM4013384",0.685371446555589
"CTCCTAGCAATAAGCA-1_GSM4013384",1.02275062293349
"ACGGAGAAGGCATTGG-1_GSM4013384",0.510151533960315
"CCGTTCAGTCAGTGGA-1_GSM4013384",0.676229526971689
"GACGTGCAGTGTGGCA-1_GSM4013384",0.442006718216787
"GATCTAGAGGATGGAA-1_GSM4013384",0.634554489714281
"ACATGGTAGTCAATAG-1_GSM4013384",0.670612813416664
"GATGAAAGTGTGACGA-1_GSM4013384",0.494528979862036
"GTCTTCGCAATTCCTT-1_GSM4013384",0.672806249581132
"TGATTTCAGTGTCTCA-1_GSM4013384",0.787443651196615
"CACATAGGTCCTCCAT-1_GSM4013384",0.691224751016548
"ACGAGGAAGACTGTAA-1_GSM4013384",1.08604553226124
"TGACAACCACGGCTAC-1_GSM4013384",0.470640418576235
"CACCTTGAGTTGAGTA-1_GSM4013384",0.414037039898165
"AGTGAGGGTGTAATGA-1_GSM4013384",0.761630707556651
"GCGCAACAGTCCGGTC-1_GSM4013384",0.792499333330271
"CGAACATTCTAGAGTC-1_GSM4013384",0.668531659228414
"AACTTTCTCAGCTCTC-1_GSM4013384",1.22648207806872
"GATTCAGAGTAGATGT-1_GSM4013384",0.744877626042865
"CGTTCTGAGGCTCATT-1_GSM4013384",0.989093877586287
"GAGGTGAAGAGACTTA-1_GSM4013384",1.14179188117029
"CCCAATCGTTCAACCA-1_GSM4013384",0.470242635865063
"CGGACTGGTCCGTTAA-1_GSM4013384",0.575806337784371
"GGGTTGCAGAGCTGGT-1_GSM4013384",0.698236873920776
"TACGGGCAGGAACTGC-1_GSM4013384",0.854642401397162
"AGAATAGAGGCGACAT-1_GSM4013384",0.791314313221303
"GACTAACTCTCTAAGG-1_GSM4013384",1.02219528473197
"CGTGAGCTCGCGGATC-1_GSM4013384",1.22040235247723
"TACTTGTGTTAAGTAG-1_GSM4013384",0.710823105400929
"GCAAACTTCGGACAAG-1_GSM4013384",0.552333809590383
"AGGCCACAGCTGAACG-1_GSM4013384",0.878991676663793
"GCGCGATAGGTTACCT-1_GSM4013384",1.05687592481687
"GCATACATCTCTAAGG-1_GSM4013384",1.02040894678439
"CAGCATAAGTGTTAGA-1_GSM4013384",1.05236127520637
"CTCACACCAGCGTTCG-1_GSM4013384",0.867479886934594
"CGCTTCACATGCAATC-1_GSM4013384",0.827897721183304
"GCATGATAGCTGAACG-1_GSM4013384",0.986851014347272
"ACTGAGTGTTGGACCC-1_GSM4013384",0.84648474119722
"TTGACTTTCAACACAC-1_GSM4013384",0.517546252884361
"CTTTGCGTCGCCTGTT-1_GSM4013384",0.761194263147731
"CTACATTGTATCAGTC-1_GSM4013384",0.86700117763847
"AGGGAGTCACACCGAC-1_GSM4013384",0.847159778357463
"TACGGTACATGAAGTA-1_GSM4013384",0.701448754259581
"ATGTGTGGTTACCGAT-1_GSM4013384",0.83151199770546
"TGCCCATTCCCTAACC-1_GSM4013384",0.914557320190034
"GTTCATTTCTGTCCGT-1_GSM4013384",1.00789865908799
"GCTGCAGAGACTTTCG-1_GSM4013384",1.00831045168389
"TCAGGTAAGTGTCCCG-1_GSM4013384",0.766858922325868
"CTGGTCTGTCGAATCT-1_GSM4013384",0.739037152892399
"AGTAGTCGTACTTCTT-1_GSM4013384",0.779618361958702
"CGTCACTCACGACTCG-1_GSM4013384",0.641423769984922
"CGAATGTCAACGCACC-1_GSM4013384",0.822459368741417
"TAAGCGTAGTTATCGC-1_GSM4013384",1.37617861464888
"TCTATTGAGCTGTTCA-1_GSM4013384",1.18154710146254
"CGTTAGAGTACATGTC-1_GSM4013384",1.05710020466474
"AGATTGCAGCAGGTCA-1_GSM4013384",0.522072461130622
"ACTGATGTCCGTAGTA-1_GSM4013384",0.683673595861201
"ACTGCTCAGTAGATGT-1_GSM4013384",0.641852950848151
"TCTTCGGAGAATAGGG-1_GSM4013384",0.825835375804009
"TGCCAAAGTAAATGTG-1_GSM4013384",0.693650463261291
"AGCGGTCTCTGCGGCA-1_GSM4013384",0.400958864041582
"CTAACTTCAGTATGCT-1_GSM4013384",0.557197793200536
"AGCGTCGCAAGCTGGA-1_GSM4013384",0.687106108680033
"ACGGGCTGTCGACTAT-1_GSM4013384",0.740517084844805
"CTACGTCTCACCGGGT-1_GSM4013384",0.876178428844491
"AGTCTTTAGGTGCAAC-1_GSM4013384",0.772008719253035
"TAAACCGGTCGGCTCA-1_GSM4013384",1.05592658072821
"TGGCGCAAGACCACGA-1_GSM4013384",1.03543496371573
"CATGGCGGTCAGATAA-1_GSM4013384",0.818458699981954
"GGAACTTGTATAGGGC-1_GSM4013384",0.802089528245441
"CCTCTGAAGATGAGAG-1_GSM4013384",0.775060055073872
"ACCTTTAAGGCCGAAT-1_GSM4013384",0.966050722420969
"GCCAAATAGTCTCGGC-1_GSM4013384",0.942694138364506
"GCATGTATCCCACTTG-1_GSM4013384",1.03735292722866
"GGCGACTGTCCGACGT-1_GSM4013384",0.539088332598737
"GCACTCTCACACATGT-1_GSM4013384",1.04741254186983
"CCCAGTTCATCGGGTC-1_GSM4013384",0.773107595407788
"GTGCATATCACAGTAC-1_GSM4013384",0.683995482351753
"TTGGCAAAGCCGTCGT-1_GSM4013384",0.86279997513277
"CCTACCAAGAGGTTAT-1_GSM4013384",0.904084117583123
"GCTCTGTGTCCGAACC-1_GSM4013384",0.866417343568754
"CATGCCTTCATCATTC-1_GSM4013384",1.16771005630602
"AAGGTTCCAACACGCC-1_GSM4013384",1.07220423445749
"TACAGTGTCCAAGTAC-1_GSM4013384",0.483451951769714
"ATCTACTCACTTCGAA-1_GSM4013384",0.921159608864312
"AGAGTGGCAAGCGCTC-1_GSM4013384",1.0049082114856
"CGCGGTAAGACGCAAC-1_GSM4013384",0.776195226614083
"ACACCGGGTTGGTGGA-1_GSM4013384",0.728510168376639
"GTAACGTGTGTTAAGA-1_GSM4013384",0.890239424196376
"CCCATACAGGGAGTAA-1_GSM4013384",0.769886781549879
"CCACGGATCGAGCCCA-1_GSM4013384",0.984478496834517
"TGGCGCAGTCCCTACT-1_GSM4013384",0.267365614718895
"TTTCCTCTCACAAACC-1_GSM4013384",0.343943686132271
"CACATTTCACGGCCAT-1_GSM4013384",0.700902723997015
"GCTGCTTCAGTCGTGC-1_GSM4013384",0.361755348014907
"CGATTGATCGGTGTTA-1_GSM4013384",0.584442105133391
"CTCTAATGTCCGTGAC-1_GSM4013384",0.721099937538655
"GTTTCTAAGTACGCCC-1_GSM4013384",0.918498802087979
"CCCTCCTAGAGGTAGA-1_GSM4013384",0.66858855832226
"CCCTCCTTCCGGGTGT-1_GSM4013384",1.1021315486056
"CAGCATAAGAGAGCTC-1_GSM4013384",1.13001379948754
"ACGGGTCAGAGGTAGA-1_GSM4013384",0.600764263385488
"AGAGTGGTCCAATGGT-1_GSM4013384",0.873651050769216
"GAGGTGATCTGATTCT-1_GSM4013384",0.921838584167122
"CAGAGAGAGATGTCGG-1_GSM4013384",0.418340126080624
"AGGCCGTGTTGTCTTT-1_GSM4013384",0.646058601661314
"GGGTCTGTCTGCCCTA-1_GSM4013384",0.00223170047311602
"CTCGAGGCACCTTGTC-1_GSM4013384",0.774040460109175
"CTACATTCACCCATGG-1_GSM4013384",0.803409318194602
"TGCGGGTTCAATACCG-1_GSM4013384",0.70196206116865
"TGCGCAGAGAGGTTAT-1_GSM4013384",0.577561563499756
"GAACCTAGTTGTACAC-1_GSM4013384",0.819324672986771
"GGCTCGAGTGTGCGTC-1_GSM4013384",0.75603924238374
"TTTCCTCCAGCCTTTC-1_GSM4013384",0.643443673063525
"GTAACGTTCAACCATG-1_GSM4013384",0.60010409605444
"GATCTAGAGTCGTACT-1_GSM4013384",0.916963658352977
"CACACCTGTGCTCTTC-1_GSM4013384",0.880804394642528
"GTCAAGTTCGAATGGG-1_GSM4013384",0.756506367673281
"GTATCTTTCAAGGCTT-1_GSM4013384",0.383441302906677
"ACGCCAGAGGACTGGT-1_GSM4013384",1.14009970692092
"CACACCTGTCTGATCA-1_GSM4013384",0.868174511403189
"ATTTCTGGTAGGACAC-1_GSM4013384",0.591671036347857
"TCAACGAAGGAATGGA-1_GSM4013384",1.16148181429349
"GTTCATTAGCAATATG-1_GSM4013384",0.926415967674859
"CGCTATCGTCATGCAT-1_GSM4013384",0.611077427145531
"TGCCAAATCGGCGCAT-1_GSM4013384",0.440823915926062
"TACTCGCGTGTGCGTC-1_GSM4013384",0.535886147318461
"TGACAACTCTCGAGTA-1_GSM4013384",0.623496129028613
"GAAGCAGGTCTGCCAG-1_GSM4013384",0.703154431437789
"CGCGGTACATGGTTGT-1_GSM4013384",0.847244949034108
"ACACTGAGTTAAGAAC-1_GSM4013384",0.49183911447661
"GATCTAGAGCGTCAAG-1_GSM4013384",0.961348031602354
"CAGCGACGTCAACATC-1_GSM4013384",1.07325362875316
"GACTAACGTACGAAAT-1_GSM4013384",0.421425511156888
"TGCCCATCACCAGATT-1_GSM4013384",0.730608682543524
"ATGAGGGGTACAGACG-1_GSM4013384",0.957421083720743
"AGGTCATAGGCACATG-1_GSM4013384",0.960615191172579
"ACGCCGAGTCAATGTC-1_GSM4013384",0.600971701881918
"ATAAGAGGTGCACGAA-1_GSM4013384",0.66247721964161
"CATATGGCAAGCCTAT-1_GSM4013384",0.276226662537194
"ACTATCTTCCTGTAGA-1_GSM4013384",0.906909841165997
"TTGCGTCGTACAGTGG-1_GSM4013384",0.765125776534804
"TACCTTATCCGCTGTT-1_GSM4013384",1.01527268382624
"CGTCACTTCGGTCCGA-1_GSM4013384",0.572253580348008
"GCACATAGTGTAAGTA-1_GSM4013384",0.777793370647224
"TAGGCATGTCCGTGAC-1_GSM4013384",0.681718184647655
"TACCTTAAGTGGCACA-1_GSM4013384",0.881858421370025
"CACAGTACATGGTCAT-1_GSM4013384",0.838508234713096
"TACAGTGCAAGCTGAG-1_GSM4013384",1.03149360937493
"TACCTTACACCGCTAG-1_GSM4013384",0.746882384668248
"TGGCGCAGTGAGGGAG-1_GSM4013384",0.672723226339374
"CCTCAGTTCCGTAGTA-1_GSM4013384",0.776742356546453
"TGGCCAGTCACTTATC-1_GSM4013384",0.185131395805477
"TGCACCTGTATCACCA-1_GSM4013384",0.998805146445892
"CGAGCACTCTGGTGTA-1_GSM4013384",0.610575247529332
"ATAGACCCATGGGACA-1_GSM4013384",0.791739169401586
"AAATGCCCACGACTCG-1_GSM4013384",0.522751544005809
"AGCTTGAAGTGTTTGC-1_GSM4013384",0.650475155396506
"GTCACGGAGAGTGAGA-1_GSM4013384",0.748467784686527
"GGAATAAGTGTTTGGT-1_GSM4013384",0.573459582732027
"TGTTCCGAGTGGACGT-1_GSM4013384",0.471696500940655
"CATGCCTCATTGAGCT-1_GSM4013384",1.02504693408771
"TACTCATCATGGATGG-1_GSM4013384",0.494583516490356
"TCTCATACATTCCTGC-1_GSM4013384",1.19248761531891
"GGAATAATCGTAGATC-1_GSM4013384",0.307645260575478
"AGCAGCCGTAACGCGA-1_GSM4013384",0.420749736720668
"CATCCACTCCGCATAA-1_GSM4013384",0.904812335198675
"CTGTTTATCACAAACC-1_GSM4013384",0.861653170129954
"ATTGGACAGCGATGAC-1_GSM4013384",0.748777837918511
"TCTGAGATCGGACAAG-1_GSM4013384",0.652906445675282
"GCGACCACATATACGC-1_GSM4013384",0.915701233854839
"AGCAGCCCATTTGCTT-1_GSM4013384",1.04681862102721
"CCACCTACATTAGCCA-1_GSM4013384",0.830531547104213
"TGAAAGATCCCTCAGT-1_GSM4013384",0.757001987913517
"GCTCCTAGTTCCAACA-1_GSM4013384",1.03347929732759
"CGTCAGGGTTCCGGCA-1_GSM4013384",0.580828812597726
"GGCGACTTCGGAATCT-1_GSM4013384",1.04287894314648
"ACATGGTCACCCATTC-1_GSM4013384",0.943757148494995
"TGGACGCTCGTTTATC-1_GSM4013384",0.752847523472391
"GGGAGATCAATGAATG-1_GSM4013384",0.789721523163654
"GGGCATCCAGCCTATA-1_GSM4013384",0.628047252393902
"TAAACCGTCGCCATAA-1_GSM4013384",0.475228439827795
"GTCTCGTAGGACAGAA-1_GSM4013384",0.815594306405995
"TGACTAGCAGGAATGC-1_GSM4013384",0.757104019623184
"GCTGGGTAGACAGGCT-1_GSM4013384",0.672834904588914
"GTATTCTTCTCTAGGA-1_GSM4013384",0.566391672861147
"GGACAAGAGCTGAACG-1_GSM4013384",0.897916791019412
"GGATGTTCACCACGTG-1_GSM4013384",0.39223626221595
"ACATGGTCACAAGCCC-1_GSM4013384",0.775179477545411
"AAGGTTCGTTCGAATC-1_GSM4013384",0.916268201253721
"ACCCACTAGCGCCTCA-1_GSM4013384",0.423575570577818
"GACTAACCACTACAGT-1_GSM4013384",0.0318126926313752
"CAGGTGCTCGTTGACA-1_GSM4013384",0.641930537578811
"AGTGGGAAGTGTTGAA-1_GSM4013384",0.926654412153744
"CGAGCCAGTACATGTC-1_GSM4013384",0.629998021598686
"ACTTACTCAACTGCGC-1_GSM4013384",0.677671992988347
"TCTATTGTCCTATTCA-1_GSM4013384",0.770722704399771
"GGGCACTGTCGCATAT-1_GSM4013384",0.694069546766067
"CGGAGTCCACATCCAA-1_GSM4013384",0.640463440284963
"ACGTCAATCAGTTCGA-1_GSM4013384",0.689570482594802
"CCTAGCTTCCCACTTG-1_GSM4013384",0.593644210210854
"ACGGCCAGTAACGACG-1_GSM4013384",0.421941267383434
"CGGACTGTCCAGATCA-1_GSM4013384",0.390119355356861
"GCTGCAGCATCATCCC-1_GSM4013384",0.855955945978949
"GGCCGATGTCCCTACT-1_GSM4013384",0.702281921579889
"CATTCGCCAGATCTGT-1_GSM4013384",0.498260655944553
"ACGAGCCTCACAAACC-1_GSM4013384",0.540534307053454
"TCTATTGAGAATAGGG-1_GSM4013384",0.382084440862478
"TCGGTAACACGGATAG-1_GSM4013384",0.740689740431959
"TGGCTGGAGTCGTACT-1_GSM4013384",0.805955181429474
"GATGAGGCATTGGCGC-1_GSM4013384",0.755307021334288
"CATTCGCAGCGCTCCA-1_GSM4013384",0.734081085451319
"AAATGCCTCCCAAGAT-1_GSM4013384",0.768370755022407
"ATCATCTAGCTCAACT-1_GSM4013384",0.898470612589117
"ACGAGCCTCGCCTGAG-1_GSM4013384",0.628177692178561
"CTAACTTGTATGCTTG-1_GSM4013384",0.687039571708014
"TGTCCCAAGCTTTGGT-1_GSM4013384",0.267569754771969
"GTGGGTCGTGTAACGG-1_GSM4013384",0.827402528292142
"AGGGAGTAGGATCGCA-1_GSM4013384",0.922043970432423
"ACTGCTCGTAAAGGAG-1_GSM4013384",0.509609607012954
"GATCTAGGTTCGGCAC-1_GSM4013384",0.50916538421925
"ACTTTCATCCCATTAT-1_GSM4013384",0.566880265473212
"CGATTGAGTAAACCTC-1_GSM4013384",0.856577039711873
"TTAGTTCGTTCGTGAT-1_GSM4013384",0.515009749345998
"GTCGGGTTCCTCCTAG-1_GSM4013384",0.76715875520959
"GCTGGGTTCCAGATCA-1_GSM4013384",0.451111218113947
"TCTTTCCCAAGACGTG-1_GSM4013384",0.844383380378964
"GTACTCCGTGCACCAC-1_GSM4013384",0.67391976625963
"TGCTACCTCGATGAGG-1_GSM4013384",0.671588960725586
"TGTGTTTCAATGGTCT-1_GSM4013384",0.892550148562398
"GCATACACAAGCCGTC-1_GSM4013384",0.756060953090724
"GAAACTCAGACCTAGG-1_GSM4013384",0.164214279544102
"AAACCTGAGATGCCTT-1_GSM4013384",0.724002074087997
"CTTAGGAGTCTTGCGG-1_GSM4013384",0.432467937665455
"GCAGCCAAGTACGTAA-1_GSM4013384",0.0456663783801029
"TTTGCGCCATGTCGAT-1_GSM4013384",0.468255244038768
"CTACCCACACGTGAGA-1_GSM4013384",0.722890633840241
"ATCTACTAGTCATCCA-1_GSM4013384",0.849268593293359
"CAGAATCGTCTTCAAG-1_GSM4013384",0.727680283921098
"CATCGAATCAAGATCC-1_GSM4013384",0.94976466038749
"TACGGGCGTCGCGTGT-1_GSM4013384",0.799121981573729
"CCCAATCTCTTTCCTC-1_GSM4013384",0.541105344623079
"CATGGCGGTTTGTGTG-1_GSM4013384",0.556847019855252
"TGAGCATGTCTCCCTA-1_GSM4013384",0.863466247337285
"TACCTTAAGTGTGGCA-1_GSM4013384",1.13883273549952
"TAAGCGTCATTGGTAC-1_GSM4013384",0.985210948356781
"CATCAGAGTTATTCTC-1_GSM4013384",0.982362508664913
"CGTTGGGTCGCCCTTA-1_GSM4013384",0.00223170047311602
"TGAGCCGCAAGCCCAC-1_GSM4013384",0.640995585166173
"ACGCCAGAGCTTTGGT-1_GSM4013384",1.05209935556648
"TGGGAAGCAAAGAATC-1_GSM4013384",0.834402918473283
"CACCTTGAGTTTAGGA-1_GSM4013384",0.628279253032628
"ATCGAGTGTGCTTCTC-1_GSM4013384",0.800519728376624
"CTACATTCACCCATTC-1_GSM4013384",0.550765805430014
"TGTATTCCACGCTTTC-1_GSM4013384",1.05887893951954
"ACAGCCGAGAAGGGTA-1_GSM4013384",0.638901483340403
"CCACTACCACCCATGG-1_GSM4013384",0.522552269326033
"CTACACCCATCGGACC-1_GSM4013384",0.8080004834918
"TAGTGGTAGAGGGCTT-1_GSM4013384",1.03761076366237
"TATCAGGGTTCGCTAA-1_GSM4013384",0.482662312351796
"AGCGTCGGTATAGGTA-1_GSM4013384",0.840655249490494
"CCGTGGAAGACGCACA-1_GSM4013384",1.02861280928539
"AACCATGAGGTGCAAC-1_GSM4013384",0.977859501259746
"ATCCGAAGTCCGACGT-1_GSM4013384",0.956338179574504
"ACCGTAAAGCCAGAAC-1_GSM4013384",0.806763997470857
"TTCTACACACAGACAG-1_GSM4013384",0.00698845937321013
"ATGGGAGTCTGGCGAC-1_GSM4013384",1.07874733713759
"GTCGGGTGTCTAACGT-1_GSM4013384",0.643716763382337
"CTGCTGTAGCGCCTTG-1_GSM4013384",1.06091694166663
"CTAGCCTCAGTCGATT-1_GSM4013384",0.712821555411783
"CTCGAAAGTCGGATCC-1_GSM4013384",0.975878834078283
"TGGACGCCAAGTAGTA-1_GSM4013384",0.37009168462249
"CGTAGCGCATTAACCG-1_GSM4013384",0.432012886727151
"ATTGGACAGCTAAACA-1_GSM4013384",0.714813804445936
"TACAGTGTCGAACTGT-1_GSM4013384",0.373167284455253
"ACGGGTCTCTGCAAGT-1_GSM4013384",0.564416887568671
"TTGGAACGTACCAGTT-1_GSM4013384",0.00249082339672407
"AGAGTGGCAGGTTTCA-1_GSM4013384",0.556778208873935
"AGCTCTCTCTGGCGTG-1_GSM4013384",0.297986406045075
"GTCAAGTAGCGGCTTC-1_GSM4013384",0.810962268969552
"CCCAGTTAGTTAACGA-1_GSM4013384",0.640291546006686
"CTTGGCTTCAGCCTAA-1_GSM4013384",0.90706728701928
"CCTCAGTGTGCAACGA-1_GSM4013384",0.00223170047311602
"ACTGTCCTCACGCGGT-1_GSM4013384",0.372011490867893
"GGTGAAGAGAGTAATC-1_GSM4013384",0.838073184080867
"GCCTCTACAGCGTCCA-1_GSM4013384",0.956927846991256
"ACCCACTAGTACGCGA-1_GSM4013384",0.494372795201127
"GGATTACAGGGATCTG-1_GSM4013384",0.800418885274638
"TAGTTGGAGTCGTTTG-1_GSM4013384",0.830928941307039
"GACTAACTCAAGATCC-1_GSM4013384",0.794544771320586
"GATCGATTCCGTAGGC-1_GSM4013384",0.965625685062804
"CTTACCGCAGTCAGCC-1_GSM4013384",0.692118661301164
"CGGACACTCTGAGTGT-1_GSM4013384",0.82775861912861
"CAACCAATCTCGGACG-1_GSM4013384",0.641008497933016
"GGCTCGACACGGTAAG-1_GSM4013384",0.85983482470747
"TTCCCAGGTTTAAGCC-1_GSM4013384",0.714142001893467
"CTTAGGAGTCTTCTCG-1_GSM4013384",0.655428483652547
"ACGGCCAAGGACATTA-1_GSM4013384",0.79436033668608
"CGCTATCTCGGCATCG-1_GSM4013384",1.09306242517725
"ATAAGAGTCACTATTC-1_GSM4013384",0.562829146002385
"GTTCATTAGCCCGAAA-1_GSM4013384",0.797446634184221
"ACACTGAAGACAGGCT-1_GSM4013384",0.822062687518886
"GGGAGATGTCTGATTG-1_GSM4013384",0.792407875069153
"CGGGTCATCATGCAAC-1_GSM4013384",0.00461895386015807
"AGCGGTCGTATTCGTG-1_GSM4013384",0.676442052414676
"CGTAGCGAGATCCTGT-1_GSM4013384",0.550688188521037
"GACTACAGTGCTGTAT-1_GSM4013384",0.00223170047311602
"GGGCACTTCTAACTCT-1_GSM4013384",0.80629838334113
"GTGCAGCGTATCACCA-1_GSM4013384",0.793511457498897
"CGGCTAGCAGTCAGAG-1_GSM4013384",0.466939108034357
"GCAAACTGTTGGACCC-1_GSM4013384",0.438457193255106
"AGCGTCGTCCCACTTG-1_GSM4013384",1.05890782155403
"CATGGCGAGTCGCCGT-1_GSM4013384",0.862997133239571
"GGAGCAATCCAGAAGG-1_GSM4013384",0.294974603465066
"TGTGGTAAGGAGCGTT-1_GSM4013384",0.644745446057389
"CGGACACAGAATTCCC-1_GSM4013384",0.663390316769794
"TGACTAGAGAAACCAT-1_GSM4013384",0.780656954367181
"AGACGTTAGGATGCGT-1_GSM4013384",0.644856332714038
"GAACCTAAGACTTTCG-1_GSM4013384",0.933798788717104
"TACTTGTAGATCCCGC-1_GSM4013384",0.526700894359291
"CCTAGCTAGCTCCCAG-1_GSM4013384",0.00223170047311602
"CTAGCCTCAATGGAAT-1_GSM4013384",0.400466408945171
"AGCTCTCAGCCAGTAG-1_GSM4013384",0.19674194237942
"AGAGTGGCAGTAAGCG-1_GSM4013384",1.08023791103735
"AGGGAGTAGTAGCGGT-1_GSM4013384",0.926023341628179
"CTACATTGTCTCCCTA-1_GSM4013384",0.967549213553073
"TCTGAGAGTTCTGAAC-1_GSM4013384",0.910741549584359
"TCAGATGAGTGGGCTA-1_GSM4013384",0.76771051195539
"GTACTTTGTCCGAGTC-1_GSM4013384",0.633178262673735
"GGCGTGTCACCCTATC-1_GSM4013384",0.788339065066092
"GTGCGGTTCACGAAGG-1_GSM4013384",0.575732059755432
"TGAGCCGAGAAGATTC-1_GSM4013384",0.626643205696341
"TGACGGCTCATACGGT-1_GSM4013384",1.06078536783249
"TAAGAGATCAACCAAC-1_GSM4013384",0.872515539981259
"CTCGGGAGTCGAGTTT-1_GSM4013384",0.571728692836132
"GCTTCCAAGTAGTGCG-1_GSM4013384",0.703124798813523
"GTAGGCCCACCAGTTA-1_GSM4013384",0.901225685806237
"AGTTGGTGTACTTCTT-1_GSM4013384",0.853735194002332
"CGTAGCGAGCGCTTAT-1_GSM4013384",0.00547602368186075
"AAGACCTGTTGAGTTC-1_GSM4013384",0.610769851972077
"CATCGAAGTAGTAGTA-1_GSM4013384",0.695992604910867
"CGGTTAAGTTCGTTGA-1_GSM4013384",0.912893419953913
"CGAATGTGTAAGAGAG-1_GSM4013384",1.15274283325454
"GACACGCTCCACGTTC-1_GSM4013384",0.703032703894826
"GTAGTCATCAACCATG-1_GSM4013384",1.16251991128427
"TTAGGACGTCGCTTTC-1_GSM4013384",0.808094639456633
"TATTACCGTTCCACAA-1_GSM4013384",0.896328548445242
"TGGCTGGCACCCAGTG-1_GSM4013384",0.825292710085421
"TGTTCCGTCCTAGAAC-1_GSM4013384",0.680925392342165
"GTCACAAGTCCCGACA-1_GSM4013384",1.01410937345667
"CGGCTAGCACTTAAGC-1_GSM4013384",1.01582178949161
"AGATCTGTCTCTGAGA-1_GSM4013384",0.307105720329554
"ACGGAGAGTGGTACAG-1_GSM4013384",1.05160771417344
"AACTGGTTCATAGCAC-1_GSM4013384",0.71268124411798
"AGGCCGTCACTGTCGG-1_GSM4013384",0.850197633117933
"TGAGAGGGTGTTTGTG-1_GSM4013384",0.457377856313602
"CACATTTAGGGATCTG-1_GSM4013384",0.798360471052912
"ACAGCCGAGCACACAG-1_GSM4013384",0.810512117929909
"CAGCCGACACGTGAGA-1_GSM4013384",0.678155959244233
"CAGCAGCGTCTAACGT-1_GSM4013384",0.887252996211603
"CTCGAAATCTGACCTC-1_GSM4013384",0.426986737666436
"CGTTAGACAGTCGATT-1_GSM4013384",0.667520824824211
"GATCGCGGTCACCTAA-1_GSM4013384",0.992737551995099
"GTCAAGTAGTTCGATC-1_GSM4013384",0.760961982524672
"CATGCCTAGAGACTTA-1_GSM4013384",0.336154995170261
"ACACTGAAGCTGAACG-1_GSM4013384",0.718302474262707
"CGCTTCACAGTATCTG-1_GSM4013384",0.960536652341267
"GACTGCGCATACAGCT-1_GSM4013384",1.09793198059641
"GTGCTTCGTTGGTGGA-1_GSM4013384",0.980587547050882
"CATTCGCTCAACACTG-1_GSM4013384",1.00806971648404
"TGAGCATGTCCGAATT-1_GSM4013384",0.807516375999776
"CGTTCTGGTCCGTGAC-1_GSM4013384",0.857965820846854
"TAGACCACATTTCACT-1_GSM4013384",0.538317950177786
"CAAGATCTCTGATACG-1_GSM4013384",1.11122791998682
"TACACGAGTCATCCCT-1_GSM4013384",1.01335965585448
"GTTAAGCCAGTTCCCT-1_GSM4013384",0.88869005688295
"GGAAAGCGTTATTCTC-1_GSM4013384",0.692017049520843
"AGGTCCGCACAGGAGT-1_GSM4013384",0.707441987893466
"CGTGTCTGTCCTCTTG-1_GSM4013384",0.975932231623324
"TCTCTAAAGTCAATAG-1_GSM4013384",0.836773344870476
"GTCAAGTAGCTGTTCA-1_GSM4013384",0.899089366518086
"GATTCAGTCGGACAAG-1_GSM4013384",0.563649779814842
"TTTGTCACATTTGCCC-1_GSM4013384",0.750649657043643
"TTCCCAGTCAATCACG-1_GSM4013384",0.506283877988261
"CCTTCGACAATTCCTT-1_GSM4013384",0.838324477360372
"ACATACGGTGATAAAC-1_GSM4013384",0.586437440818686
"TGGTTCCTCCGGGTGT-1_GSM4013384",0.607023031652727
"ACATACGCAGACACTT-1_GSM4013384",0.633200744036336
"TTGGCAACAACGATGG-1_GSM4013384",0.876704539917217
"CTGCCTACAGACAAAT-1_GSM4013384",1.11533970216789
"AAAGATGCACAGCCCA-1_GSM4013384",0.776607011276745
"AAATGCCGTGGCGAAT-1_GSM4013384",0.925825141222001
"GTGCAGCTCGCCTGTT-1_GSM4013384",0.614833564354882
"ATAGACCCAGTAAGCG-1_GSM4013384",1.01692219845462
"TGAGCCGCATTGAGCT-1_GSM4013384",0.472049465784713
"CTGAAGTCACGGACAA-1_GSM4013384",0.781954741778079
"TATTACCAGGGAGTAA-1_GSM4013384",0.716046594581667
"ACGATACAGAGGGATA-1_GSM4013384",0.486216703010239
"GTGTTAGGTAGTGAAT-1_GSM4013384",0.714324006480437
"GTGTGCGTCTCGTTTA-1_GSM4013384",0.75557011404457
"GTATCTTCATGCAATC-1_GSM4013384",0.791705512705925
"TACTCATGTCACAAGG-1_GSM4013384",0.914690563103539
"ATTACTCGTTCTGAAC-1_GSM4013384",0.76170912416325
"ACATGGTTCATCATTC-1_GSM4013384",0.716837791583236
"CATGACACAGTCGATT-1_GSM4013384",0.723319423972226
"AGGGTGATCAATAAGG-1_GSM4013384",0.649646823260859
"TCGTAGATCGCGATCG-1_GSM4013384",0.668252957306848
"AAGACCTCACCTTGTC-1_GSM4013384",0.627019070699173
"GCAAACTAGGAGCGTT-1_GSM4013384",0.484411393470594
"TTCTTAGAGAGATGAG-1_GSM4013384",1.00557969970369
"GACGTTACACTTGGAT-1_GSM4013384",0.858175402223667
"TGCCAAATCTAACGGT-1_GSM4013384",0.829433415736408
"GCCAAATTCGTCCAGG-1_GSM4013384",0.815669179181916
"GATGAGGAGATGTTAG-1_GSM4013384",0.917038609980963
"ATGCGATGTCATATCG-1_GSM4013384",0.976606072724481
"AAGTCTGAGAACAATC-1_GSM4013384",0.705784619032897
"CAGCATAGTTATGCGT-1_GSM4013384",0.542841104895901
"ACATCAGTCACTATTC-1_GSM4013384",0.847028998599299
"TAGTTGGTCGGTCTAA-1_GSM4013384",0.424950745125103
"GTTACAGGTAGGCTGA-1_GSM4013384",0.796880672917794
"TGGGAAGAGGCATTGG-1_GSM4013384",1.00679484609822
"TCATTACTCCTGCAGG-1_GSM4013384",0.75762347948149
"ATTCTACAGGCTAGAC-1_GSM4013384",0.794878815396557
"CGTCACTAGAAAGTGG-1_GSM4013384",0.592067062243307
"TTTGCGCGTCATCCCT-1_GSM4013384",0.769814903969364
"TTCTACAGTAGGGTAC-1_GSM4013384",0.688997203963508
"GGCGTGTGTGAAAGAG-1_GSM4013384",0.988020962167384
"GGCCGATAGGCCGAAT-1_GSM4013384",0.780046210904198
"CGTAGCGCACCAACCG-1_GSM4013384",0.523214843998582
"TGACAACTCAGCGATT-1_GSM4013384",0.733138340133413
"CTGTGCTTCTGAGGGA-1_GSM4013384",0.818220113617667
"AGGGATGCACACGCTG-1_GSM4013384",0.779625496332886
"GACTACAGTAGCTGCC-1_GSM4013384",0.975660809024993
"TCAGGTATCCACGTTC-1_GSM4013384",0.759468980035062
"CACCACTAGCCAGTTT-1_GSM4013384",0.838657962899573
"TTCTCAACACTTAAGC-1_GSM4013384",0.776887315133591
"GCATGCGGTAGGCATG-1_GSM4013384",0.560484949073623
"ACACTGAAGGGTGTGT-1_GSM4013384",0.719936387916713
"CCTTCCCCATGGTCTA-1_GSM4013384",0.563366405538015
"CCCAGTTCACCACCAG-1_GSM4013384",0.620234204282867
"TCAGATGAGTTCCACA-1_GSM4013384",0.791638548135911
"CAACCAAGTAATCGTC-1_GSM4013385",1.54587279715807
"CTGTTTATCTTGCATT-1_GSM4013385",1.51706453667539
"CGTCAGGAGCCACTAT-1_GSM4013385",1.59366135045913
"TTTACTGAGGCAGGTT-1_GSM4013385",1.59093514594128
"GCAGCCATCCAGATCA-1_GSM4013385",1.58001649863518
"CGTCACTAGGAATCGC-1_GSM4013385",1.47641839626845
"CATGCCTGTATATGAG-1_GSM4013385",1.59775782059975
"TTTGGTTCACGTCAGC-1_GSM4013385",1.26765198809715
"AGTAGTCGTAGATTAG-1_GSM4013385",1.55214457969335
"ATTGGTGAGACAGACC-1_GSM4013385",1.49481148282226
"AACTCCCTCAACTCTT-1_GSM4013385",1.53402396088634
"TGTATTCAGGCCCGTT-1_GSM4013385",1.56959042136549
"AGAGCTTAGGACCACA-1_GSM4013385",1.46520134001738
"GCTTCCAGTTACGTCA-1_GSM4013385",1.49754293749802
"CATATGGCAGTGGAGT-1_GSM4013385",1.47255136849434
"GAACGGACACTCAGGC-1_GSM4013385",1.62825711564994
"AGTGGGACAGTCACTA-1_GSM4013385",1.59989361333228
"AGAGCTTAGTGGACGT-1_GSM4013385",1.60994458093502
"TAAGTGCCAACTGGCC-1_GSM4013385",1.038890937009
"GTTTCTAAGTATCTCG-1_GSM4013385",1.54066561135107
"CCGTACTCACCAGGTC-1_GSM4013385",1.54977691247458
"GTTACAGGTCGGCACT-1_GSM4013385",1.51287526799194
"CGGACGTGTCTAGGTT-1_GSM4013385",1.59517131564757
"GACTGCGCAAGCCGCT-1_GSM4013385",1.55880161209857
"TTTGCGCAGGTAGCCA-1_GSM4013385",1.48564415284133
"CCTCTGATCCCACTTG-1_GSM4013385",1.49508632847665
"ATTACTCTCGGTTAAC-1_GSM4013385",1.27994178626898
"ACGATACTCACCTCGT-1_GSM4013385",1.48629657152429
"AGAATAGTCCCTCAGT-1_GSM4013385",1.04047678298195
"TGGGAAGGTCACCCAG-1_GSM4013385",1.607358201295
"TTAGGACGTTCAGACT-1_GSM4013385",1.45178008445246
"CCGTGGATCGGATGTT-1_GSM4013385",1.54767578673031
"CGGACACAGGTGGGTT-1_GSM4013385",1.52746931195341
"CGTCCATTCACCATAG-1_GSM4013385",1.52844367060215
"GTTCGGGTCCGTAGGC-1_GSM4013385",1.4504697598728
"CCAATCCAGGCTCAGA-1_GSM4013385",1.58566755564556
"TCTCTAAGTCCAGTTA-1_GSM4013385",1.62204219373429
"TGAGCCGTCTCACATT-1_GSM4013385",1.59722614379549
"ATCATCTAGACAAGCC-1_GSM4013385",1.49869298576598
"TTTGTCATCTACTCAT-1_GSM4013385",1.54356470098582
"CATTATCGTCGCGAAA-1_GSM4013385",1.62494990094925
"AAGGTTCCAGCATGAG-1_GSM4013385",1.63168520368708
"ACGGGCTCATTCTCAT-1_GSM4013385",1.57120216143388
"CTCTGGTTCCTCAATT-1_GSM4013385",1.54217378871054
"CCTACACCAGGGAGAG-1_GSM4013385",1.51924262997955
"AGTAGTCTCAACGGCC-1_GSM4013385",1.54919583976251
"GGAGCAATCGTGGTCG-1_GSM4013385",1.53860909174457
"CATCGGGTCACGAAGG-1_GSM4013385",1.57023668200648
"GATTCAGTCAAGAAGT-1_GSM4013385",1.50248270735937
"CTTAGGAAGAATCTCC-1_GSM4013385",1.50077502511466
"TCCCGATTCTAGAGTC-1_GSM4013385",1.5205286930289
"CATTATCAGCACAGGT-1_GSM4013385",1.54824701139959
"GTAACTGCAGTCGTGC-1_GSM4013385",1.50468262367719
"CTCGTCAGTGCCTGCA-1_GSM4013385",1.56852795489365
"AGGGAGTCAAATACAG-1_GSM4013385",1.54013073637847
"TGCGGGTTCCGAACGC-1_GSM4013385",1.49358067317654
"GAACCTAGTGTATGGG-1_GSM4013385",1.23654629044674
"GAGGTGATCGAACGGA-1_GSM4013385",1.56605499134827
"GGAACTTTCGGCCGAT-1_GSM4013385",1.63176352365946
"AACACGTTCTGCCAGG-1_GSM4013385",1.61101829762256
"CGGGTCATCTTACCGC-1_GSM4013385",1.65202501692456
"GGGTTGCGTCTAGAGG-1_GSM4013385",1.44673727877661
"CATTCGCCACCAGGCT-1_GSM4013385",1.59876245499696
"TCGTACCTCTGAAAGA-1_GSM4013385",1.10702776454215
"CGTCCATCAATGGAGC-1_GSM4013385",1.46129858956378
"GCATGCGTCATGTCTT-1_GSM4013385",1.54835178919096
"GGGCACTCAGGCAGTA-1_GSM4013385",1.60512055282516
"GCCTCTACAATAGCAA-1_GSM4013385",1.55669871056614
"GAAATGAGTAGCTCCG-1_GSM4013385",1.48908218662711
"CACACCTAGAGATGAG-1_GSM4013385",1.54771734231018
"ACCGTAAGTAGGACAC-1_GSM4013385",1.58350782327689
"AGTGGGAGTGACTACT-1_GSM4013385",1.54650456310506
"CTCCTAGTCGTCCGTT-1_GSM4013385",1.51165251169923
"GGGACCTGTTACGGAG-1_GSM4013385",1.57402571894647
"ACACCCTAGGTAAACT-1_GSM4013385",1.23255368988538
"CGCTATCCACGGTTTA-1_GSM4013385",1.53415000937824
"TGACAACAGGATATAC-1_GSM4013385",1.47636310431006
"CTCACACCAACAACCT-1_GSM4013385",1.4772953994751
"GCTGCAGGTGCCTGGT-1_GSM4013385",1.54629006311668
"CCCAATCCACCCAGTG-1_GSM4013385",1.47912836693979
"GCTGCGACATCGGAAG-1_GSM4013385",1.57482326210145
"GGCCGATCATAAGACA-1_GSM4013385",1.57084320078236
"TGGTTAGAGAGACTTA-1_GSM4013385",1.50361767934094
"CAACTAGCACAGGAGT-1_GSM4013385",1.56588685880424
"CAGAATCCAATCTACG-1_GSM4013385",1.4694574820952
"TTCTCCTAGTTCGCGC-1_GSM4013385",1.50202252674649
"GTGTTAGGTCGACTAT-1_GSM4013385",1.57202290292245
"ACACCGGGTTATCGGT-1_GSM4013385",1.55662569383636
"TCACGAATCACAGGCC-1_GSM4013385",1.50543105970266
"GTTTCTATCCGCTGTT-1_GSM4013385",1.49156466890041
"AGCATACTCAGTCCCT-1_GSM4013385",1.42816078100654
"CTGATCCCAATGTTGC-1_GSM4013385",1.52151205991446
"ACGGGCTTCACGCGGT-1_GSM4013385",1.53856530672268
"TCGTACCTCGGCGCAT-1_GSM4013385",1.50241417403762
"TTTCCTCAGTCTCCTC-1_GSM4013385",1.42802007537726
"GATCGTATCCTGCCAT-1_GSM4013385",1.4801243369337
"ATTACTCGTCAGGACA-1_GSM4013385",1.58463893070114
"GGTGCGTTCGATAGAA-1_GSM4013385",1.47410350405754
"TGGCTGGTCGACGGAA-1_GSM4013385",1.48587835189855
"CATCAAGCATTAGCCA-1_GSM4013385",1.49657764490165
"GGCTCGAAGAACAATC-1_GSM4013385",1.51958988944731
"TGGTTCCGTGGGTCAA-1_GSM4013385",1.62555553647436
"GTACTTTCATCCGCGA-1_GSM4013385",1.49093673953283
"CACATTTGTAGTACCT-1_GSM4013385",1.52251336418634
"GTGGGTCAGTGAAGTT-1_GSM4013385",1.49069147360663
"GCGCAGTGTTGATTCG-1_GSM4013385",1.55511151548357
"GTGGGTCAGAAGGACA-1_GSM4013385",1.59306241062267
"CCACTACAGGATTCGG-1_GSM4013385",1.1283578926721
"TTGTAGGTCTACCAGA-1_GSM4013385",1.54057362337001
"TACCTTACAGATCTGT-1_GSM4013385",1.48682462734811
"CAGAATCTCCCTAACC-1_GSM4013385",1.49627851690843
"CTCGGGACATACCATG-1_GSM4013385",1.56951113020935
"TCAGGTATCTTTAGGG-1_GSM4013385",1.55260258952672
"GTCGTAACAAAGCAAT-1_GSM4013385",1.53385575607289
"CATCGAAGTCGGGTCT-1_GSM4013385",1.46561421568329
"CCTTCGACATAGGATA-1_GSM4013385",1.47945338311187
"GTGCATAGTCTTTCAT-1_GSM4013385",1.48408712915241
"TTCGGTCAGACTTGAA-1_GSM4013385",1.20994278088317
"CTTAGGAGTAGCTCCG-1_GSM4013385",1.46576707959412
"CATTATCCAGCGAACA-1_GSM4013385",1.52966473123919
"CCACTACCAATCGGTT-1_GSM4013385",1.53844575609075
"GTTACAGCATCTCGCT-1_GSM4013385",0.820729099799509
"AGTCTTTTCGACAGCC-1_GSM4013385",1.43203762155279
"GTGCTTCTCTCCCTGA-1_GSM4013385",1.52944848322616
"ATTATCCAGTTACCCA-1_GSM4013385",1.51331763705792
"TGGGCGTAGATGTAAC-1_GSM4013385",1.58042117403649
"ACGCAGCGTAAGGGAA-1_GSM4013385",1.54114897850241
"CATCAAGCATGAGCGA-1_GSM4013385",1.66459317357597
"CCGGGATAGACACTAA-1_GSM4013385",1.4033246544237
"AAATGCCCACGGCGTT-1_GSM4013385",1.54416247320001
"GGGATGATCGGTCCGA-1_GSM4013385",1.61905109917053
"CTAGAGTTCAAAGTAG-1_GSM4013385",1.53431772710247
"CCATTCGTCCAAACTG-1_GSM4013385",1.49347389441336
"CGTGAGCGTGGACGAT-1_GSM4013385",1.38960177219892
"CAGCGACTCGCTTAGA-1_GSM4013385",1.48905200544586
"TGCTGCTGTTAAAGTG-1_GSM4013385",1.50628097703433
"ACGTCAATCGGAGGTA-1_GSM4013385",1.43408660371816
"CTACACCGTTCTGGTA-1_GSM4013385",1.41944039309778
"AAACGGGCACAACTGT-1_GSM4013385",1.54413361878385
"TCAGCTCGTGTCAATC-1_GSM4013385",1.47231645698785
"ACACTGACATTACGAC-1_GSM4013385",1.46662154393663
"TCTTCGGCACGGCGTT-1_GSM4013385",1.52759710643179
"TACAGTGGTGTGAATA-1_GSM4013385",1.53889994450683
"AGTGTCACATCGACGC-1_GSM4013385",1.54634893235321
"GGCTCGAAGAACTGTA-1_GSM4013385",1.53359835316414
"CACCACTTCTATCCTA-1_GSM4013385",1.42710503670107
"ATCACGACACCCAGTG-1_GSM4013385",1.46289553183098
"AAAGATGGTCCCGACA-1_GSM4013385",1.28274475956957
"AGTCTTTGTAGTACCT-1_GSM4013385",1.61284120196247
"TCAGATGTCCTTTACA-1_GSM4013385",1.38684477093416
"CGAATGTGTTACGACT-1_GSM4013385",1.43698916804479
"AGTGTCACAAACGTGG-1_GSM4013385",1.4898523278072
"GGGAATGTCGACAGCC-1_GSM4013385",1.02327837500277
"AGGTCCGGTCGAATCT-1_GSM4013385",1.46216956096582
"GACTACAAGGGATGGG-1_GSM4013385",1.37582058287605
"ACTGAGTGTTTGTTGG-1_GSM4013385",1.63076029430848
"CGGAGTCCATCCGTGG-1_GSM4013385",1.50612872616658
"ACTGAACTCACCTCGT-1_GSM4013385",1.44665649169791
"GTGTTAGGTAGATTAG-1_GSM4013385",0.640965042530632
"ACGGGTCTCACCTTAT-1_GSM4013385",1.438690800602
"ACGGAGATCAGAAATG-1_GSM4013385",1.41395303784713
"CTAATGGGTGGCTCCA-1_GSM4013385",1.04012268407728
"TCAATCTTCCTGCAGG-1_GSM4013385",1.40690596715799
"GGGTCTGCACCCATGG-1_GSM4013385",0.931734820145216
"TGTCCCATCTCTAGGA-1_GSM4013385",0.879239022835309
"AACTTTCAGACGCAAC-1_GSM4013385",1.42037241067419
"CCACGGACAGTATAAG-1_GSM4013385",1.39426151219226
"CTTCTCTAGGCGATAC-1_GSM4013385",1.52607398567478
"ATTTCTGCAGACGCAA-1_GSM4013385",1.14597732604381
"TGAGCATTCACGACTA-1_GSM4013385",1.50462456504981
"TGCGGGTAGGAATTAC-1_GSM4013385",1.14156439181765
"AACTTTCTCTTGAGAC-1_GSM4013385",1.42534175512588
"CACACAATCTATCCCG-1_GSM4013385",1.38946232579972
"CTCGTCAGTCTTCAAG-1_GSM4013385",1.4860838898214
"CGTAGCGCACGAAACG-1_GSM4013385",1.57912086386775
"GTGTGCGGTCCGTCAG-1_GSM4013385",1.57302320483138
"TTAACTCGTGAAATCA-1_GSM4013385",1.52268893304975
"GGCCGATGTGAACCTT-1_GSM4013385",1.34880838933887
"GTCTTCGTCTGGAGCC-1_GSM4013385",1.41426598722807
"CATCCACTCAACCAAC-1_GSM4013385",1.41409892134051
"ATCACGAAGTCCCACG-1_GSM4013385",1.52957225993731
"CATTCGCCAAACCTAC-1_GSM4013385",1.49757704224038
"ACACCAAGTACCGTAT-1_GSM4013385",1.44773794886178
"CTGCGGACAAAGTCAA-1_GSM4013385",0.815467618242159
"GCAATCATCAGCAACT-1_GSM4013385",1.39584342962315
"GTCTCGTGTTTGACAC-1_GSM4013385",1.37213975801624
"TTCCCAGAGTGGGTTG-1_GSM4013385",1.45741558362111
"GGCTGGTCAGCTGCAC-1_GSM4013385",1.37598268588062
"GCAGTTACAGTTCATG-1_GSM4013385",1.43924160559799
"TGAGGGACAAGCTGAG-1_GSM4013385",1.402471937108
"CTCGGAGAGAGCTGCA-1_GSM4013385",1.53299910871719
"TAAACCGTCCGGCACA-1_GSM4013385",1.50836281522307
"GAAGCAGTCAGATAAG-1_GSM4013385",1.4669735765844
"TGTGGTAAGGTACTCT-1_GSM4013385",1.45538998013432
"CCTTCGATCCACGAAT-1_GSM4013385",1.50414647233018
"AGCCTAACACCTCGTT-1_GSM4013385",1.39003606860247
"TGAGGGAAGGAGCGTT-1_GSM4013385",1.40927507458521
"ACATGGTGTCTCATCC-1_GSM4013385",0.973496234430258
"CTCATTAAGGGCTCTC-1_GSM4013385",1.47815427722151
"AACTGGTAGCTAACTC-1_GSM4013385",1.38556639987846
"TGTGTTTAGTCTCCTC-1_GSM4013385",0.646722121195867
"GCATGTAAGCTGCGAA-1_GSM4013385",0.693007886792711
"GACTACATCAGCTCTC-1_GSM4013385",1.330552968589
"CCACCTATCTCCGGTT-1_GSM4013385",1.45187483782243
"TTCTTAGTCCAAGCCG-1_GSM4013385",1.41853769750072
"CATCCACAGCTCTCGG-1_GSM4013385",1.42667653517016
"AGAATAGCATTCTCAT-1_GSM4013385",1.55613033173064
"CTCGTCAAGAGACGAA-1_GSM4013385",1.43205488771942
"CAGCAGCAGCGGATCA-1_GSM4013385",1.43623924585871
"CCTTCCCAGGCGATAC-1_GSM4013385",1.47863754103557
"CTAGCCTTCTGCGGCA-1_GSM4013385",1.34683027499237
"GCCTCTACAAACGCGA-1_GSM4013385",1.44774844404665
"AGCAGCCTCCGTTGCT-1_GSM4013385",1.43942533870286
"GGATGTTGTCAACATC-1_GSM4013385",1.47234001243468
"GTGAAGGCATTATCTC-1_GSM4013385",1.40108549335222
"CTCGTACGTTCGTCTC-1_GSM4013385",1.45034607325295
"ACACCAAAGAATTGTG-1_GSM4013385",1.39617805891943
"AAAGATGTCTTGTATC-1_GSM4013385",1.47557054279879
"CGCTGGACAATAACGA-1_GSM4013385",1.44848997758199
"CAGCAGCAGACTTGAA-1_GSM4013385",1.45005854844788
"ACGGAGATCTTCGGTC-1_GSM4013385",1.37095236328929
"GGGCATCAGGGTCTCC-1_GSM4013385",1.42986976882461
"TGTCCCACACGAGGTA-1_GSM4013385",1.44702669706235
"AGCGTCGCAAATACAG-1_GSM4013385",0.666240816201647
"CCAGCGAGTTAGTGGG-1_GSM4013385",1.38360528399581
"GTACGTAGTTACAGAA-1_GSM4013385",1.49929192090718
"AAATGCCCATCGGGTC-1_GSM4013385",1.42290595104759
"AGACGTTGTCAACTGT-1_GSM4013385",1.47584788151923
"GCAGTTACACTTACGA-1_GSM4013385",1.39065389223858
"CTCATTAGTTCACGGC-1_GSM4013385",1.35742673568387
"CTCATTAAGGACCACA-1_GSM4013385",1.39772498851825
"AGGGAGTTCAGATAAG-1_GSM4013385",1.43467731025828
"ATCACGATCCACGAAT-1_GSM4013385",1.42273624754275
"TTTGCGCGTTTGACAC-1_GSM4013385",1.38014812838278
"CCGGTAGAGTCCATAC-1_GSM4013385",1.3860544901509
"TACACGAGTTGGGACA-1_GSM4013385",1.43109891353031
"GATGCTATCACATAGC-1_GSM4013385",1.3954146136582
"CGAATGTGTAACGTTC-1_GSM4013385",1.40788260653332
"ACACTGAAGTCAAGCG-1_GSM4013385",1.54394461106276
"CCTACACCATCAGTAC-1_GSM4013385",1.0546071312424
"GATCGTACAGGGATTG-1_GSM4013385",1.46184744815104
"AAAGATGGTATATGAG-1_GSM4013385",1.43276381612867
"GATGAGGAGTCTCAAC-1_GSM4013385",1.4081726766073
"AGCGTCGTCGATGAGG-1_GSM4013385",1.49352954873142
"GTTAAGCCATGCCTTC-1_GSM4013385",1.44695480860929
"AGAGCGACAGCTCGCA-1_GSM4013385",1.40002880011573
"CACAGTACATTAACCG-1_GSM4013385",1.29755690001726
"CACATAGCATTGCGGC-1_GSM4013385",1.44866441832555
"CTCCTAGTCAAACGGG-1_GSM4013385",1.42008949792766
"AACTCAGGTAAGTAGT-1_GSM4013385",1.42510671791261
"AGAATAGCACCGAAAG-1_GSM4013385",1.48787010745791
"CTGAAACGTACAGCAG-1_GSM4013385",1.45925737176028
"GTTCGGGCACCAGTTA-1_GSM4013385",1.27876923441687
"TAAGCGTAGCGTGAAC-1_GSM4013385",1.38323714487366
"CGGGTCATCACGCATA-1_GSM4013385",1.11934380798852
"CCTCAGTTCCTAGTGA-1_GSM4013385",1.38085322283837
"TGGCCAGTCTAACTCT-1_GSM4013385",1.326064122743
"CCTATTAGTCTCCCTA-1_GSM4013385",1.45735738055525
"CTAGTGAGTGCAGTAG-1_GSM4013385",1.3416837886491
"GCAGCCACAGTTCCCT-1_GSM4013385",1.38077929235677
"TAGACCAGTACAGACG-1_GSM4013385",1.51402425803002
"TAGGCATTCCTGTACC-1_GSM4013385",1.35866106556802
"TGAGAGGTCAACCAAC-1_GSM4013385",1.39653656503318
"GACTGCGGTAAATACG-1_GSM4013385",1.3347383336665
"ACAGCTATCCAACCAA-1_GSM4013385",1.3393765663476
"ACTGAGTTCGTCTGAA-1_GSM4013385",1.42283464679733
"TTCCCAGAGAAGGACA-1_GSM4013385",1.53716593409081
"CTGTGCTGTTTGTTTC-1_GSM4013385",1.39740779950601
"GGGCATCCATGAAGTA-1_GSM4013385",1.582824818642
"AACACGTGTACGAAAT-1_GSM4013385",1.33921256066224
"CTGAAACTCTAGAGTC-1_GSM4013385",1.46787526603219
"TGGTTAGCACGTAAGG-1_GSM4013385",1.36337338097188
"TTGTAGGAGCTTCGCG-1_GSM4013385",0.838050635177205
"GGAGCAATCACATACG-1_GSM4013385",1.4390468117677
"CAACCTCAGACTGGGT-1_GSM4013385",1.44694340166394
"GCACTCTGTACATGTC-1_GSM4013385",1.44999522241464
"CATATTCGTCGAGATG-1_GSM4013385",1.4390096679124
"ACTGATGGTCTCAACA-1_GSM4013385",1.35329455260986
"ACTTGTTTCCTGCCAT-1_GSM4013385",1.42564955048064
"CTAGAGTCACGACGAA-1_GSM4013385",1.33888875444292
"ACTTTCAGTCAAACTC-1_GSM4013385",1.36169002471563
"TGGCCAGTCGTACGGC-1_GSM4013385",1.41917796114894
"GTGTTAGTCAGGCAAG-1_GSM4013385",0.956991436517465
"GGCGACTAGATAGCAT-1_GSM4013385",1.37604239933932
"TCGCGTTCAAGGACAC-1_GSM4013385",1.3562948409126
"CGCGTTTGTCTTTCAT-1_GSM4013385",1.33056430247158
"CTCGAAATCCTCTAGC-1_GSM4013385",1.35286369851657
"TCAGCTCTCCGCAGTG-1_GSM4013385",1.37912811068815
"TAGACCATCGTTGCCT-1_GSM4013385",1.44372984360917
"TCAGATGGTGTTGGGA-1_GSM4013385",1.43100193186348
"AGACGTTCATGTCGAT-1_GSM4013385",1.40633818030622
"GGCGACTTCCTCAATT-1_GSM4013385",1.52858892389463
"CGTGAGCCAAGGACTG-1_GSM4013385",1.32871112584382
"TGCCCATCAAGTTCTG-1_GSM4013385",1.45940495781957
"GTCATTTAGAGCTGCA-1_GSM4013385",1.43223469948725
"GGAAAGCGTATTACCG-1_GSM4013385",1.41136611003403
"GGTGCGTGTTGCGTTA-1_GSM4013385",1.4055314799646
"TAAGAGAAGGTTACCT-1_GSM4013385",1.45358390176748
"CTACGTCCAACTGCTA-1_GSM4013385",1.43609618134351
"AAATGCCAGAAACCGC-1_GSM4013385",1.48522889426648
"GGAAAGCTCCCAAGTA-1_GSM4013385",1.32237520909312
"ATCGAGTGTCGTTGTA-1_GSM4013385",1.45657656256281
"CATGGCGAGTTACCCA-1_GSM4013385",1.25197770087282
"TTTATGCCACGACGAA-1_GSM4013385",1.36131604115578
"GAAACTCTCACGATGT-1_GSM4013385",1.14696404400662
"ACGATACGTGGTAACG-1_GSM4013385",1.15383297480636
"GCTGGGTCAAAGAATC-1_GSM4013385",1.46364459320824
"TTCGGTCGTACCGCTG-1_GSM4013385",1.40681733630589
"TTAGGACTCACGAAGG-1_GSM4013385",1.36558940966804
"ACGGAGACAGCTGTTA-1_GSM4013385",1.49514963396185
"CGATGTACAGAGCCAA-1_GSM4013385",1.42249521249458
"CCCTCCTGTCGGATCC-1_GSM4013385",0.880538232502538
"CTGAAACAGTACGCGA-1_GSM4013385",1.30762708166469
"ACTTGTTTCGGTGTCG-1_GSM4013385",1.10763162493943
"CCTATTATCTTGACGA-1_GSM4013385",1.44896252776126
"TGTGGTAGTAGAGTGC-1_GSM4013385",1.41070842660762
"TTTATGCCATTGGGCC-1_GSM4013385",1.13569186522877
"GGGCACTTCTTCCTTC-1_GSM4013385",1.36397768282143
"ACGAGGATCCCAGGTG-1_GSM4013385",1.37465477076798
"GAACGGAAGGGAACGG-1_GSM4013385",1.39395867794037
"GGCCGATGTTACCGAT-1_GSM4013385",1.37104738959485
"TAAACCGGTGTTAAGA-1_GSM4013385",1.39154991178357
"GGGATGACACTTCGAA-1_GSM4013385",0.74134214971412
"CTCATTATCGACGGAA-1_GSM4013385",1.42877617047897
"TTCTCCTTCGAGAACG-1_GSM4013385",1.38368142372423
"CCACGGATCCAAGCCG-1_GSM4013385",1.42147759222561
"GAATAAGAGGCTACGA-1_GSM4013385",1.38658764254854
"CAAGAAATCCGCATCT-1_GSM4013385",1.51595265516815
"GAACGGACAGTATAAG-1_GSM4013385",1.40746445327949
"AGCTCTCGTCACAAGG-1_GSM4013385",1.41915886163274
"CCCTCCTCACCAGATT-1_GSM4013385",1.43897782904129
"ACTTTCATCGAACTGT-1_GSM4013385",1.41035429957605
"GGACATTCATGCCACG-1_GSM4013385",1.37888643095926
"TGAAAGAGTAAACCTC-1_GSM4013385",1.35213626406819
"ATAACGCTCACTCCTG-1_GSM4013385",1.41317998785131
"GATTCAGAGAGACTTA-1_GSM4013385",1.40309390201158
"CAAGATCTCACAACGT-1_GSM4013385",1.50401556595394
"TTATGCTCACCTATCC-1_GSM4013385",1.35943144622508
"GGACGTCAGATCCGAG-1_GSM4013385",1.36984230332243
"AAGGAGCGTCATCCCT-1_GSM4013385",1.37777159395784
"GTGTGCGTCTTAACCT-1_GSM4013385",1.5997613207767
"GGCCGATGTTATGCGT-1_GSM4013385",1.43445230448681
"ACTGAACGTATCTGCA-1_GSM4013385",1.40417262247433
"CTGAAACCACCAGTTA-1_GSM4013385",1.3737078554703
"TGAAAGATCCGCAAGC-1_GSM4013385",1.33130592033209
"CTCTGGTTCGAATGCT-1_GSM4013385",1.43486560091242
"AGAGTGGGTTCGAATC-1_GSM4013385",1.37193963593671
"GTCCTCACAAGCGATG-1_GSM4013385",1.47553423126422
"CTGATAGAGAGTCGGT-1_GSM4013385",1.43532343858339
"CCGTGGAGTGCGATAG-1_GSM4013385",1.40316980091181
"GATCGATCATCTATGG-1_GSM4013385",1.48794919014394
"GCCTCTAAGTAATCCC-1_GSM4013385",1.40387168637521
"CATCAGAAGGCCCGTT-1_GSM4013385",1.42524271058956
"AACTCCCAGCAGATCG-1_GSM4013385",1.3545475897947
"AGGTCCGGTACTTCTT-1_GSM4013385",1.45546667643704
"CTCGTCAAGTATCTCG-1_GSM4013385",1.39847844195022
"GCTCCTAGTTGATTGC-1_GSM4013385",1.38849648374585
"TTAGTTCAGTTAACGA-1_GSM4013385",1.27073169696569
"GACGCGTTCGTGGTCG-1_GSM4013385",1.32356323948881
"TGCGTGGCAAAGTCAA-1_GSM4013385",1.22325775790743
"TCTCATATCTACTTAC-1_GSM4013385",1.37942978631507
"CAGCGACAGCGATTCT-1_GSM4013385",1.42231605756474
"GATGCTAGTGTGACCC-1_GSM4013385",1.29402034722938
"TCGGTAAGTCAAACTC-1_GSM4013385",0.89547011106246
"AGGTCCGGTCATGCAT-1_GSM4013385",1.37856458431316
"GTGCGGTAGAGTCTGG-1_GSM4013385",0.933184229985484
"GACGTTAAGCCAGTTT-1_GSM4013385",1.42730288757596
"AAGTCTGAGGGTGTTG-1_GSM4013385",1.44966231562193
"GTCAAGTTCACTATTC-1_GSM4013385",1.38523526731767
"CATCAAGCACATCCGG-1_GSM4013385",1.37030453048907
"AACTCTTTCCACGACG-1_GSM4013385",1.37034659024988
"GTGCAGCGTTAAGGGC-1_GSM4013385",1.3729699104234
"CAGCAGCGTCACACGC-1_GSM4013385",1.38619278462996
"CGTGTAATCCTCGCAT-1_GSM4013385",1.51806782608104
"ACGGCCATCCCTAACC-1_GSM4013385",1.43915363778906
"TGGTTAGGTTGTACAC-1_GSM4013385",1.39028613941495
"GGCAATTAGCACACAG-1_GSM4013385",1.37723585285247
"ATTTCTGCACAGCGTC-1_GSM4013385",1.4371575627097
"CATGGCGCATGGGACA-1_GSM4013385",1.30520477139579
"CCTTACGTCAACGCTA-1_GSM4013385",1.37111561176386
"CGGAGTCAGCCATCGC-1_GSM4013385",1.37514313586414
"CTGATAGAGGTTCCTA-1_GSM4013385",0.861581874084173
"TACTCATTCATCGCTC-1_GSM4013385",1.38788886590896
"GTCCTCACACAAGACG-1_GSM4013385",1.18228733132887
"GTACGTATCACCTTAT-1_GSM4013385",1.32477846303131
"CTCGGGACAGACAGGT-1_GSM4013385",1.38651241784615
"GATGAGGTCCTAGTGA-1_GSM4013385",1.43695617333203
"CAGATCAGTTGGTGGA-1_GSM4013385",1.37470797823476
"CTCGGGAAGCATCATC-1_GSM4013385",1.43066195837317
"ACGCCGATCCTGTAGA-1_GSM4013385",1.40671317131095
"TGGGCGTCAGTGAGTG-1_GSM4013385",1.47574685937513
"CTGATAGTCCGAGCCA-1_GSM4013385",1.39457741104703
"CAGCCGACATTGCGGC-1_GSM4013385",1.47951424003615
"CCCTCCTTCTAGCACA-1_GSM4013385",1.02186702928512
"AGAATAGTCAAACAAG-1_GSM4013385",1.45435526034425
"ATTTCTGCACACTGCG-1_GSM4013385",1.41107123205618
"ACTTGTTCAGTCGTGC-1_GSM4013385",1.44731514730137
"GCTGCGAAGATCTGCT-1_GSM4013385",1.42376480350977
"CTTTGCGAGAACAACT-1_GSM4013385",1.36719773086981
"AGTGGGACAAGGACTG-1_GSM4013385",1.38512985985299
"AGCTCTCAGTTGAGTA-1_GSM4013385",1.36169014460397
"TGAGCATTCGGCCGAT-1_GSM4013385",1.27920243448972
"ATGTGTGTCCGTTGTC-1_GSM4013385",1.4023662218478
"CGAACATTCAGATAAG-1_GSM4013385",1.4186061491213
"GGCTCGAGTTGATTCG-1_GSM4013385",1.38884675692817
"CTACGTCGTTCAGTAC-1_GSM4013385",1.54425249568889
"TAGGCATGTCAATACC-1_GSM4013385",1.35873771416688
"CATCGGGGTCCATGAT-1_GSM4013385",1.34471163847049
"CTGATCCTCCGAACGC-1_GSM4013385",1.42960724909766
"TACGGATGTGCAGTAG-1_GSM4013385",1.35124243776861
"TACTTGTCAACTGCGC-1_GSM4013385",1.33012868065609
"GAATAAGCATCGATGT-1_GSM4013385",1.35222899892192
"CACAGGCGTTCGGGCT-1_GSM4013385",1.07931812581672
"TGAGCATTCCGCGGTA-1_GSM4013385",0.859633445694274
"TACGGTAAGTGAAGTT-1_GSM4013385",1.15085665955273
"TATCAGGGTCTCGTTC-1_GSM4013385",1.16705235769014
"CCTACCACACCGAAAG-1_GSM4013385",1.35755160623038
"CCATGTCCATCGGAAG-1_GSM4013385",1.44297523653024
"TGGCTGGGTTCCGTCT-1_GSM4013385",0.835802340199318
"CCACGGACAGCTTAAC-1_GSM4013385",1.28688556204091
"CGACTTCCACACAGAG-1_GSM4013385",1.37287249679457
"ACGGGCTAGATTACCC-1_GSM4013385",1.13448302249066
"CCTTCCCAGGCTACGA-1_GSM4013385",1.29917768784311
"CAGAATCGTTAAGAAC-1_GSM4013385",1.42897861111278
"ACCAGTAGTGTGAAAT-1_GSM4013385",0.92290312591898
"GATGAAATCAGTTGAC-1_GSM4013385",0.921184375339696
"CTACATTTCTACGAGT-1_GSM4013385",0.924526674736777
"CTTACCGCAATTGCTG-1_GSM4013385",1.10955767985159
"AGCTCTCGTACACCGC-1_GSM4013385",1.46667594061342
"GTCTTCGGTGCTTCTC-1_GSM4013385",1.2719602009855
"GAGCAGATCAGTCAGT-1_GSM4013385",1.45071764966688
"GGACAGAGTTCTCATT-1_GSM4013385",0.827561970677845
"AGTCTTTAGACAGACC-1_GSM4013385",1.39419137730694
"CGCGTTTTCGGTTCGG-1_GSM4013385",1.43214150080783
"TCTATTGAGCCACGTC-1_GSM4013385",1.36840699603521
"TCAATCTAGACCGGAT-1_GSM4013385",1.39926903455131
"GTCAAGTTCCGTACAA-1_GSM4013385",1.39776631010896
"ATCCGAACATTAGCCA-1_GSM4013385",1.10509733258426
"TTCTCAAAGGCGATAC-1_GSM4013385",0.881024182402794
"ACGAGCCAGGACAGAA-1_GSM4013385",1.40948910468793
"AGCTCCTTCCTGTAGA-1_GSM4013385",1.34096959177586
"TCAGATGCACACCGCA-1_GSM4013385",1.2852896373956
"TTAACTCAGGCTATCT-1_GSM4013385",0.959942813384059
"CATCAAGCAGTAGAGC-1_GSM4013385",1.4547324738244
"GACGGCTAGCCAGTTT-1_GSM4013385",1.29517091868484
"ACTTACTCAGGTGCCT-1_GSM4013385",1.29908621564385
"CTAGTGACATGTCTCC-1_GSM4013385",1.36803515829604
"CACAAACTCCGCAAGC-1_GSM4013385",0.706856957521922
"ATAGACCCAAGTAGTA-1_GSM4013385",1.40890471126815
"AACCATGAGGGCTTGA-1_GSM4013385",1.33117874989401
"ACCCACTAGTTGAGTA-1_GSM4013385",1.45228628038307
"CAGCTAATCTATCGCC-1_GSM4013385",0.689079482182278
"ATAAGAGCACGGCTAC-1_GSM4013385",1.42005294991081
"ATCTGCCTCTCACATT-1_GSM4013385",0.895462318752044
"CATTCGCTCGTTTAGG-1_GSM4013385",1.49264588820594
"ATCATGGAGGGATGGG-1_GSM4013385",0.843740387176999
"CGTGTCTGTGGCGAAT-1_GSM4013385",0.821815221781048
"CCTTACGCATACCATG-1_GSM4013385",1.47778807928415
"TTCCCAGTCCGTTGCT-1_GSM4013385",1.12512105728156
"CGTGTCTAGAACAACT-1_GSM4013385",1.39819455767419
"GTGCGGTTCTAACTCT-1_GSM4013385",1.32463947285073
"GTACTTTGTTCCACGG-1_GSM4013385",1.39367970265312
"GACCAATGTAAATACG-1_GSM4013385",1.36086704098403
"CGGTTAACATTCTCAT-1_GSM4013385",0.885468076900317
"CGATGTAAGAGTAATC-1_GSM4013385",0.945052815711416
"TTCTACATCGTCTGCT-1_GSM4013385",1.40381076132257
"AGATCTGAGAAGGTTT-1_GSM4013385",1.34495085470066
"ACTGAACAGGATTCGG-1_GSM4013385",1.28170222589173
"TACTCGCTCACTATTC-1_GSM4013385",1.04200220442608
"TTTCCTCAGATAGCAT-1_GSM4013385",1.3924485881956
"TGCCCATCATACCATG-1_GSM4013385",0.707939984386636
"TTTCCTCGTGATAAAC-1_GSM4013385",0.737734775069858
"CGTAGGCGTACGACCC-1_GSM4013385",1.36958239009427
"CGTAGGCCATTCTTAC-1_GSM4013385",1.31852860387173
"ACACTGAAGAGGTACC-1_GSM4013385",1.45023159657727
"GGAATAAGTTCAGGCC-1_GSM4013385",1.38513038866771
"GCTTGAATCCGCGGTA-1_GSM4013385",1.43551899287738
"TAGACCACACGAGAGT-1_GSM4013385",1.40633406279727
"CCTCTGAGTATATCCG-1_GSM4013385",1.11998180284069
"GTAACTGGTGCTAGCC-1_GSM4013385",0.9103378955284
"CCATGTCCAGGGAGAG-1_GSM4013385",1.36522252878051
"CTTAGGATCAAGCCTA-1_GSM4013385",1.40925596237102
"AAGTCTGCAGCCAATT-1_GSM4013385",1.41339910447421
"GTTCATTAGTGACTCT-1_GSM4013385",1.37729898199992
"ACGCCAGAGGACCACA-1_GSM4013385",0.778359608420897
"CGAGCCAGTTCGTGAT-1_GSM4013385",0.82660465671304
"CTCGTCATCAAACAAG-1_GSM4013385",1.44318200399186
"CGATGGCTCGATAGAA-1_GSM4013385",1.42372508619997
"TTGCGTCTCATGGTCA-1_GSM4013385",1.31706662044301
"CCACGGAAGAGCTTCT-1_GSM4013385",1.32763398313866
"AGTTGGTAGCCCAATT-1_GSM4013385",1.33866574422099
"TGGGCGTAGCCCGAAA-1_GSM4013385",1.08358007465902
"CGTTCTGAGGCCCGTT-1_GSM4013385",1.38706962085725
"CTTTGCGCATACTCTT-1_GSM4013385",1.11186683543662
"GTTACAGCACGAGAGT-1_GSM4013385",1.4306409461176
"ACGCCGAAGCAACGGT-1_GSM4013385",0.860798704325064
"CGTTAGATCTGCCCTA-1_GSM4013385",1.11148935856841
"CAGAGAGTCAGGCAAG-1_GSM4013385",1.42547099726616
"TTGCCGTAGTAAGTAC-1_GSM4013385",1.28859898442165
"CCCAGTTAGTAAGTAC-1_GSM4013385",1.46309061434884
"ACGGAGATCCGGGTGT-1_GSM4013385",1.35125624813099
"CCTTACGGTCTGGAGA-1_GSM4013385",1.44316785179534
"GTAGGCCTCGCTAGCG-1_GSM4013385",1.48114054276141
"CTCGTACTCGATAGAA-1_GSM4013385",0.883624389678293
"CACCAGGTCAACACAC-1_GSM4013385",1.36026214431255
"CTGGTCTAGTCGATAA-1_GSM4013385",1.46817873683834
"CGAACATTCTGTGCAA-1_GSM4013385",1.36993245526133
"CACAAACCACTCGACG-1_GSM4013385",0.708592325069844
"ACGAGCCCAAACAACA-1_GSM4013385",0.909394154226335
"ATTCTACCAAGCTGGA-1_GSM4013385",1.4099863730325
"CGAGAAGTCAACACCA-1_GSM4013385",1.14624544854671
"GACTACATCACTCCTG-1_GSM4013385",1.40843255015793
"CGTAGGCAGGGAAACA-1_GSM4013385",1.34243601261601
"CTCTAATGTAGTAGTA-1_GSM4013385",0.874764895298193
"AGCAGCCTCGTCGTTC-1_GSM4013385",1.12465866351487
"TCAACGACATCACGAT-1_GSM4013385",1.21626425804856
"TCTTCGGAGTACGACG-1_GSM4013385",0.816789820362809
"GCACTCTTCCGAACGC-1_GSM4013385",1.3260086316998
"CAGTAACAGGTACTCT-1_GSM4013385",1.27786880458073
"CAGTAACAGGCATGGT-1_GSM4013385",1.45780794353989
"CAGAATCTCACCGGGT-1_GSM4013385",1.28407631837352
"TATCTCACAGTATAAG-1_GSM4013385",1.26345613152882
"GCGCGATTCACTCTTA-1_GSM4013385",1.33213606001002
"TACTCGCGTCGTCTTC-1_GSM4013385",1.36165992472878
"GCATACACAATAACGA-1_GSM4013385",0.734443606300023
"CGGTTAACACATAACC-1_GSM4013385",0.955712047434713
"TGAGAGGAGGAGTACC-1_GSM4013385",1.33388487227985
"CTACACCAGTTAGCGG-1_GSM4013385",0.645629633915187
"ACACCAATCACAACGT-1_GSM4013385",1.15942756193135
"GACAGAGGTTTGCATG-1_GSM4013385",0.908403459455423
"GTACTTTGTATAGTAG-1_GSM4013385",0.869995209388196
"TGGGAAGAGCCTTGAT-1_GSM4013385",1.36708432424767
"GATGAGGTCCATGCTC-1_GSM4013385",1.39395822336973
"ATTATCCTCAACCATG-1_GSM4013385",1.37175349999722
"TCTGGAATCGTCGTTC-1_GSM4013385",1.02644846718624
"TTCTCAAGTAGGACAC-1_GSM4013385",1.37252045090139
"GATGCTATCCACGACG-1_GSM4013385",1.02621126568164
"CAACTAGGTCTCAACA-1_GSM4013385",1.31116117765345
"CTTGGCTCAATAGCGG-1_GSM4013385",1.35720111559494
"AGGGATGAGGACGAAA-1_GSM4013385",1.39197550302404
"CAGGTGCGTGGTCTCG-1_GSM4013385",1.40619711541847
"CGTTAGAAGACTCGGA-1_GSM4013385",0.707582240851518
"CAAGTTGGTGAGGCTA-1_GSM4013385",1.2890281503018
"TGAGCCGTCGCATGAT-1_GSM4013385",1.34237429824884
"CCTCTGATCCACGACG-1_GSM4013385",1.34897354819102
"TCAGGTAAGCCAACAG-1_GSM4013385",1.28270247868151
"GTAACGTGTAGAGTGC-1_GSM4013385",1.39957351634767
"GTAACGTAGCGATGAC-1_GSM4013385",0.746322403520832
"CCAATCCTCGTTTATC-1_GSM4013385",1.28736574109533
"TGGCCAGCACCTATCC-1_GSM4013385",1.35044656562004
"CATGGCGAGTGTACGG-1_GSM4013385",1.38996319808666
"AGTAGTCAGACTAGAT-1_GSM4013385",1.29046636860649
"CTGATCCAGTAAGTAC-1_GSM4013385",0.712327651237848
"TGGCTGGAGTGACTCT-1_GSM4013385",1.25143810010232
"GGCTCGAAGGACAGCT-1_GSM4013385",1.33394182034707
"CACCTTGAGGGTCGAT-1_GSM4013385",1.30750460564281
"GTGCAGCTCGGTGTCG-1_GSM4013385",0.796878739144856
"TGATTTCCACGAGGTA-1_GSM4013385",1.31310863606706
"AGGTCCGTCGCTGATA-1_GSM4013385",1.40881911220243
"GAACCTAAGGATGGAA-1_GSM4013385",0.840004220293334
"CAGCTAAAGACTAGGC-1_GSM4013385",1.26647860531151
"CTTAGGATCGTTACAG-1_GSM4013385",1.29090537866878
"GATCGCGAGCGTTTAC-1_GSM4013385",1.31941297523217
"GACTAACTCCAAATGC-1_GSM4013385",1.36461354921486
"ACTGCTCAGATCGGGT-1_GSM4013385",0.71958868880882
"GTTAAGCAGTTTCCTT-1_GSM4013385",1.2879200682929
"CTGTTTAAGTACACCT-1_GSM4013385",1.37567430362353
"GGTGTTAGTCCGCTGA-1_GSM4013385",0.981515427243793
"CTAGTGATCGTATCAG-1_GSM4013385",1.42466552855126
"TACTCATCATTCACTT-1_GSM4013385",1.06167078749884
"TGTATTCTCGTCCAGG-1_GSM4013385",0.7644770740794
"GGACATTTCTTCAACT-1_GSM4013385",1.40563930552582
"GCGAGAAGTCCAGTAT-1_GSM4013385",1.51421740939501
"TTAGGACCATCACGTA-1_GSM4013385",1.34053918099058
"ACGGAGAGTTCCACAA-1_GSM4013385",1.33476473030628
"TGCCCATGTCATACTG-1_GSM4013385",1.3444530779354
"ATGGGAGGTTCAGGCC-1_GSM4013385",1.31802828053823
"ATGAGGGCATGCAACT-1_GSM4013385",0.835435113708163
"AGGTCCGAGGCCGAAT-1_GSM4013385",1.11150539919966
"TGCGTGGAGTGGGTTG-1_GSM4013385",1.44557908086052
"CAACCAAAGTGTACCT-1_GSM4013385",1.39285583948237
"ACTGTCCAGTCGAGTG-1_GSM4013385",0.707853893567742
"ATAAGAGGTACACCGC-1_GSM4013385",0.735168080728532
"AAAGATGCACGGTGTC-1_GSM4013385",1.35280100613048
"ATTCTACCACCTTGTC-1_GSM4013385",0.969784440083627
"GATCGCGGTGTATGGG-1_GSM4013385",1.42118619044201
"CGTAGCGAGCACAGGT-1_GSM4013385",0.764244825795785
"GAACCTAGTGCCTTGG-1_GSM4013385",1.36601958254107
"TTTATGCGTCACCTAA-1_GSM4013385",1.36835321328312
"TTCGAAGAGAACAATC-1_GSM4013385",1.21835906222722
"TATGCCCTCCTGTAGA-1_GSM4013385",1.37092197801448
"GCCTCTAAGGGCACTA-1_GSM4013385",1.4158569415521
"GACTACAAGGGATACC-1_GSM4013385",1.23378758397302
"TGCCAAACAACGATGG-1_GSM4013385",1.27681027878251
"TATTACCAGCTCCTTC-1_GSM4013385",1.41202508707753
"GCACTCTCACTTAACG-1_GSM4013385",0.594252705481468
"CTGTTTATCGTATCAG-1_GSM4013385",1.37005214276387
"ACGGCCAAGGATTCGG-1_GSM4013385",1.30795640960821
"GGTATTGCAAGCCGCT-1_GSM4013385",0.824467918295089
"CACATTTTCCCAGGTG-1_GSM4013385",1.27891095734248
"CAGTCCTGTGACTCAT-1_GSM4013385",1.28211673203665
"TGGTTAGCAACTGCGC-1_GSM4013385",1.35359646281607
"CACACAAGTTAAGACA-1_GSM4013385",1.42424850389166
"ACTTACTTCTGCGGCA-1_GSM4013385",1.27101584532806
"TCTTCGGCAGCCAATT-1_GSM4013385",0.920180063914601
"CAGGTGCTCTGTCAAG-1_GSM4013385",1.40030395587566
"GTAACGTTCAGTTAGC-1_GSM4013385",1.30104010237655
"GTACGTATCAACACTG-1_GSM4013385",1.32745987803062
"GATCAGTAGTCGTTTG-1_GSM4013385",0.851714881988315
"AGCATACGTCATTAGC-1_GSM4013385",1.09416346673762
"GTGGGTCAGAGGGCTT-1_GSM4013385",1.3976221864421
"TCATTTGAGTTAAGTG-1_GSM4013385",1.36047771953831
"CCAGCGAGTAGCTCCG-1_GSM4013385",1.08113365233786
"CGACCTTCATGAGCGA-1_GSM4013385",0.828511380395462
"GATCAGTCACTTCTGC-1_GSM4013385",1.33509249282342
"CGCGTTTCAGTCAGAG-1_GSM4013385",1.3702065493058
"CAACCTCTCGTACCGG-1_GSM4013385",1.29796054473641
"ATGAGGGTCTTGTCAT-1_GSM4013385",0.922496451793272
"CAGCATATCTTTAGTC-1_GSM4013385",0.960915498651871
"AGAGCTTCACATCCAA-1_GSM4013385",1.3885259343274
"AGTCTTTCATCTATGG-1_GSM4013385",0.881256913095663
"AGTGTCATCATCGGAT-1_GSM4013385",1.30263958090121
"ACGCAGCGTACGACCC-1_GSM4013385",0.71691982520986
"CACCAGGCATGCTAGT-1_GSM4013385",1.34422732498709
"TCGTAGAGTCGAACAG-1_GSM4013385",1.41096709073369
"ATTCTACTCTGCTTGC-1_GSM4013385",1.36187166056121
"AGGGATGAGCGATCCC-1_GSM4013385",1.29262810621737
"GACACGCGTGAGTATA-1_GSM4013385",0.823996241010998
"ACACCAAGTCTCCATC-1_GSM4013385",1.12485382720662
"TGACTAGCAGACGCCT-1_GSM4013385",1.41035287151807
"GGCTCGATCAAACAAG-1_GSM4013385",1.30677067831311
"AAGGCAGGTTCAGGCC-1_GSM4013385",0.827418173308998
"TACCTATGTAACGTTC-1_GSM4013385",1.08978081981413
"CACACAATCCGAATGT-1_GSM4013385",1.06825362812644
"ATTGGTGCATTAGGCT-1_GSM4013385",1.33192024006947
"CAACCAAAGTCGTTTG-1_GSM4013385",1.24870034693829
"CGTGTCTTCATGTGGT-1_GSM4013385",1.33608595617189
"CTTAACTTCCAGTAGT-1_GSM4013385",0.94217345241793
"GGTATTGTCGCCTGTT-1_GSM4013385",1.24351690030933
"CGTTCTGAGGTGTGGT-1_GSM4013385",0.756924481465632
"AGGTCCGAGGACAGAA-1_GSM4013385",0.826719875864685
"ACGATGTTCGCAGGCT-1_GSM4013385",1.10140372402963
"AAGGAGCCATGCCTAA-1_GSM4013385",0.692127980495927
"GAACCTAAGGCTAGCA-1_GSM4013385",1.3141631596613
"TCACGAATCACAACGT-1_GSM4013385",1.23480036125981
"TCTTTCCGTTCGAATC-1_GSM4013385",0.857626912937581
"CTGCGGACACATCCAA-1_GSM4013385",0.662371328374274
"AGGGAGTGTTCGTGAT-1_GSM4013385",1.10937265268255
"TAAGAGAAGGATCGCA-1_GSM4013385",0.820819225830988
"CGATTGAGTTGACGTT-1_GSM4013385",1.25932313385449
"TGACTTTAGGATCGCA-1_GSM4013385",0.952188003031786
"TGCGCAGTCTACTATC-1_GSM4013385",1.39186999003255
"AATCCAGAGCTGCAAG-1_GSM4013385",0.78730371322625
"CGTGTAAGTGGCTCCA-1_GSM4013385",0.821904122840766
"TCCCGATTCTAACCGA-1_GSM4013385",1.61659222431187
"GCTGCTTGTCGCGAAA-1_GSM4013385",1.29098039940972
"CGGGTCAAGACCTTTG-1_GSM4013385",0.655044634032943
"TGGCCAGTCAGCCTAA-1_GSM4013385",1.05578892394873
"CACATTTTCTCCAGGG-1_GSM4013385",0.923350923877583
"AACCGCGGTTGGTAAA-1_GSM4013385",1.44305266540123
"CATCGAACACGAGGTA-1_GSM4013385",1.36560092661343
"ACTTGTTGTATAGTAG-1_GSM4013385",1.32022748475265
"GCTTCCAGTCGCGTGT-1_GSM4013385",1.28061987151812
"CAGTCCTGTGAACCTT-1_GSM4013385",1.3351940248337
"TGTGTTTAGAGGTTGC-1_GSM4013385",1.29638770754569
"CGTCACTCAGTTCATG-1_GSM4013385",0.740374594944998
"ATTACTCCAACACCTA-1_GSM4013385",0.77173752747286
"AACTCTTCATACGCCG-1_GSM4013385",1.38694172892796
"CGTAGCGGTCAACATC-1_GSM4013385",1.35024124288578
"ATTATCCTCTGTCAAG-1_GSM4013385",1.26382378850428
"TCATTACCACCGTTGG-1_GSM4013385",1.32916144863898
"GATCGCGCACACTGCG-1_GSM4013385",0.831529971772032
"CTCGTCAAGCTGATAA-1_GSM4013385",1.27900747606246
"GCATGCGAGCGTTGCC-1_GSM4013385",0.59166885910504
"GTGTGCGAGCTGCCCA-1_GSM4013385",0.762267083434242
"GTAGTCATCCCGACTT-1_GSM4013385",1.37452343073807
"TAGCCGGAGTCAAGGC-1_GSM4013385",1.41062901456771
"GGACATTAGTGAACAT-1_GSM4013385",0.925220061268585
"GCCTCTAGTCGCTTCT-1_GSM4013385",1.26147365814247
"TCATTACGTGTTAAGA-1_GSM4013385",1.06704083047364
"GTACTTTTCTGCTTGC-1_GSM4013385",1.14981223155992
"GAATAAGTCTTACCGC-1_GSM4013385",1.34792694024505
"GGCGACTTCCGCATAA-1_GSM4013385",0.94930439348987
"CCTTCGAGTAAAGGAG-1_GSM4013385",0.686877391397044
"ATGCGATAGCTCCCAG-1_GSM4013385",0.773017904065706
"GTACTTTTCCAATGGT-1_GSM4013385",1.34086597187005
"TGACAACTCTTCGGTC-1_GSM4013385",1.27820184864569
"CAAGGCCTCTGCAAGT-1_GSM4013385",0.623745544383413
"GCATGCGCAAGTTGTC-1_GSM4013385",0.601238394669788
"CCACCTAAGCCAGTAG-1_GSM4013385",0.904740791380824
"ATAAGAGGTTTAAGCC-1_GSM4013385",1.11879371850644
"GTACTCCCATCCGTGG-1_GSM4013385",1.34531087976497
"ACGTCAACACAGACAG-1_GSM4013385",0.832886605494326
"GTACGTACAGGCAGTA-1_GSM4013385",0.954269538145986
"TCCCGATTCTTGCAAG-1_GSM4013385",1.34482746703663
"GACTACACAAACCCAT-1_GSM4013385",0.674768002185944
"GTGTGCGTCTTGTATC-1_GSM4013385",1.43408246024659
"TCACAAGCATAAGACA-1_GSM4013385",1.32498269896869
"CGGCTAGGTCTACCTC-1_GSM4013385",0.764962445844756
"CTCTGGTTCAGTCAGT-1_GSM4013385",1.30283393848535
"CCACTACGTAGCTCCG-1_GSM4013385",1.37542185992599
"GAACATCGTTCTCATT-1_GSM4013385",1.36552471674314
"GGGTCTGCAGATAATG-1_GSM4013385",1.36786601999936
"GGATGTTAGCACCGCT-1_GSM4013385",1.25153610296183
"GTACTTTAGACGCTTT-1_GSM4013385",1.38647073809409
"GACGTTACATGGTTGT-1_GSM4013385",1.2836844061681
"GCCTCTAAGAAACCAT-1_GSM4013385",1.30828053264492
"GGAATAAGTCAAGCGA-1_GSM4013385",0.889073681526767
"GACGTTATCCCGGATG-1_GSM4013385",1.30318771861258
"GTAACGTGTGGACGAT-1_GSM4013385",1.4469678877108
"CTTGGCTAGTCCGGTC-1_GSM4013385",1.03177655973954
"GCTTCCACAATACGCT-1_GSM4013385",1.2087792712484
"GTAACTGGTAGTACCT-1_GSM4013385",1.32137500984043
"CTCCTAGCACCATGTA-1_GSM4013385",0.878510206901334
"CCATTCGCACAGCGTC-1_GSM4013385",1.38113591583779
"TTGGAACCAGTCGATT-1_GSM4013385",1.30863916804763
"CAAGATCTCTTTAGGG-1_GSM4013385",0.78148791267991
"GAGGTGATCTCGCATC-1_GSM4013385",1.34337716875496
"TGCACCTGTCAAAGCG-1_GSM4013385",0.93754130326899
"CGCTTCACACCCATGG-1_GSM4013385",1.03460100336247
"TTGTAGGTCATGTAGC-1_GSM4013385",1.15581402185094
"CTACACCTCGTCACGG-1_GSM4013385",1.39596431055464
"AGGCCGTAGCTCTCGG-1_GSM4013385",1.02931293694553
"ATCCGAACACCCATGG-1_GSM4013385",1.29327044896802
"TACTCGCAGAGTACCG-1_GSM4013385",1.11582551041856
"GTAGTCACAGTCACTA-1_GSM4013385",1.06822514483937
"GACCAATAGTCGCCGT-1_GSM4013385",1.39377161996601
"GCTGCGAGTAACGACG-1_GSM4013385",0.645458481788795
"CGAGAAGTCAAGCCTA-1_GSM4013385",1.24378778765933
"CAGAATCAGCCACGCT-1_GSM4013385",0.700518911661734
"TTTGGTTAGGCGATAC-1_GSM4013385",0.891433309925597
"TTCGAAGGTAGATTAG-1_GSM4013385",1.33426329066727
"AGCTCTCAGGCAATTA-1_GSM4013385",1.22206962586094
"CCTTTCTGTTCTGAAC-1_GSM4013385",1.3153207912992
"TGTGGTAGTTCTGTTT-1_GSM4013385",1.35894079082411
"CTTTGCGTCCACGAAT-1_GSM4013385",1.34660954648872
"CGTGAGCTCAGTCAGT-1_GSM4013385",0.864632508043785
"GGCTGGTTCCACGAAT-1_GSM4013385",0.576398191896201
"CGTGTAAGTGAGGGTT-1_GSM4013385",1.33271163657503
"CATTCGCCACATGACT-1_GSM4013385",0.96795757922461
"TTGCGTCGTCGTTGTA-1_GSM4013385",1.39976987370889
"ATTATCCTCGGCATCG-1_GSM4013385",0.769546437619453
"CTGCCTAGTCGCGGTT-1_GSM4013385",1.29495720592414
"GGCTCGAAGACTAGGC-1_GSM4013385",1.30324328879902
"TGAGAGGGTACTTAGC-1_GSM4013385",0.630962557835175
"AGGTCATTCCAAACTG-1_GSM4013385",1.19113960074739
"CTAGTGACACGCATCG-1_GSM4013385",0.684471270119396
"GACTGCGAGGTGCACA-1_GSM4013385",1.18588842856394
"TTGGCAATCTTGCATT-1_GSM4013385",1.30872795105675
"CGGAGTCGTCAAAGCG-1_GSM4013385",1.33420748681957
"GCATGTAAGGGATCTG-1_GSM4013385",1.33222556461548
"GCGACCATCCCAACGG-1_GSM4013385",1.18330980053223
"CTAACTTTCGCCAAAT-1_GSM4013385",1.40491202142818
"GCATGCGTCTTGTACT-1_GSM4013385",1.29329908569383
"GTGCATACACAGTCGC-1_GSM4013385",1.01140610935384
"CGTGTAATCCGCGCAA-1_GSM4013385",1.41062997012624
"ACTGTCCAGGCGATAC-1_GSM4013385",1.35305197704668
"TCAGCAAGTAACGCGA-1_GSM4013385",1.30792797789895
"ACAGCCGTCTCAAGTG-1_GSM4013385",1.34602502122984
"AGGGAGTCAGCCTTGG-1_GSM4013385",0.849539311420122
"CCGGTAGCAAACCTAC-1_GSM4013385",0.786396147015607
"ACTGAGTAGATCTGCT-1_GSM4013385",0.677082921229308
"TGACAACAGTACGACG-1_GSM4013385",1.24041738079217
"CAGTAACAGGCATGTG-1_GSM4013385",0.795671698052872
"AGAGTGGTCGTAGATC-1_GSM4013385",1.19013424878423
"TCTGAGAGTAGCCTAT-1_GSM4013385",1.24332045135656
"TAGTGGTAGGCTACGA-1_GSM4013385",1.26282569708586
"ACATCAGTCTGATTCT-1_GSM4013385",0.938356423041521
"GTGAAGGGTTCCGGCA-1_GSM4013385",0.768806731537828
"CTACACCCAAACGCGA-1_GSM4013385",0.665657083783727
"TCTGGAAAGTACCGGA-1_GSM4013385",1.30017169554806
"TCTCTAAAGTGTACGG-1_GSM4013385",0.643042167482719
"TCAGGATAGTGGAGTC-1_GSM4013385",1.13838436419325
"CGGACACAGGTTCCTA-1_GSM4013385",1.29249689754847
"TGCGTGGGTGGACGAT-1_GSM4013385",1.17444036293575
"CCCTCCTGTCTCTCGT-1_GSM4013385",1.41176761094078
"CTACACCGTCGCCATG-1_GSM4013385",1.48520190870037
"GATTCAGCAATCGGTT-1_GSM4013385",0.839881899432038
"CGACCTTCAAGCCGTC-1_GSM4013385",1.29014407311513
"CGAATGTGTTTCGCTC-1_GSM4013385",1.16250425051833
"AGTCTTTGTGATGCCC-1_GSM4013385",1.06104914404951
"AACTCTTAGCACAGGT-1_GSM4013385",1.13798186382946
"CCAATCCAGATCTGCT-1_GSM4013385",1.05608417723753
"AAGGTTCAGCTCTCGG-1_GSM4013385",1.17654717009952
"CACCACTCATGAGCGA-1_GSM4013385",1.26652132062403
"AAATGCCCAGGACCCT-1_GSM4013385",0.546655662581259
"CGGAGCTCATCCGCGA-1_GSM4013385",1.10184081887353
"TGACGGCCAGGGAGAG-1_GSM4013385",1.16890310751716
"CGTCAGGCAGACGCCT-1_GSM4013385",1.27263368986643
"ACTTGTTTCAGCACAT-1_GSM4013385",0.686718735965792
"AAAGCAATCGTGGGAA-1_GSM4013385",1.29720701924997
"TGACTAGGTCTAGTCA-1_GSM4013385",0.804071306054229
"ACACCCTTCCGCATCT-1_GSM4013385",1.02498351404876
"GAACATCGTTGAGTTC-1_GSM4013385",0.750759304510613
"CGTCACTCAAAGCAAT-1_GSM4013385",0.938752348641059
"TTCGAAGGTAATCACC-1_GSM4013385",0.941136024187504
"GTTTCTATCTACTATC-1_GSM4013385",1.42352858004468
"CAGATCATCCTTGACC-1_GSM4013385",1.31327078236289
"CAACTAGGTAGGCTGA-1_GSM4013385",0.753897680657939
"CGACCTTTCAGCGACC-1_GSM4013385",0.794981651860516
"GTGTGCGTCACAATGC-1_GSM4013385",1.36197834661651
"GGACAAGGTTAGAACA-1_GSM4013385",1.2953962059275
"TTGCCGTTCGACGGAA-1_GSM4013385",1.28748083589424
"TTTCCTCTCGTTACAG-1_GSM4013385",1.30743852511481
"TCGCGTTCAGATCTGT-1_GSM4013385",0.666522044760018
"CTCGGGACAAGACGTG-1_GSM4013385",1.3251291129314
"TTTACTGGTTCGTCTC-1_GSM4013385",1.28324770631928
"AGTGGGATCTCGATGA-1_GSM4013385",1.02422946643021
"CGACTTCAGATCACGG-1_GSM4013385",0.543476266929387
"ACTGAACAGGTGATAT-1_GSM4013385",1.32177920517991
"TTGACTTCACAGCCCA-1_GSM4013385",1.3898155372522
"TGTATTCAGACTAAGT-1_GSM4013385",1.31089688258761
"ACTTGTTAGTACGATA-1_GSM4013385",1.29726260733096
"TCAACGACAGTCAGAG-1_GSM4013385",1.29325554198921
"CACATAGGTCGCTTTC-1_GSM4013385",0.955676472705392
"TCCACACGTAGAGGAA-1_GSM4013385",1.11192086999601
"TATGCCCCAGCGATCC-1_GSM4013385",1.39387636855023
"CTGGTCTTCTAACTGG-1_GSM4013385",0.863830953961341
"AAATGCCGTAAACCTC-1_GSM4013385",0.834559059958026
"AGATTGCAGCCCGAAA-1_GSM4013385",1.27583270398716
"TGCGTGGCACCAGGCT-1_GSM4013385",0.829818522705142
"TATCTCATCGAACGGA-1_GSM4013385",1.36680215686327
"ACTGAACTCAACACAC-1_GSM4013385",0.744996903867622
"CAAGTTGGTAGATTAG-1_GSM4013385",0.643800566071375
"ACCGTAACAATACGCT-1_GSM4013385",1.28647198073097
"GTCCTCAGTTATTCTC-1_GSM4013385",0.779165728428559
"CGTCTACGTACTTGAC-1_GSM4013385",1.03936519777298
"AAGGCAGGTGTGCCTG-1_GSM4013385",1.30311360868221
"TGCTGCTAGGGTTTCT-1_GSM4013385",1.29313113368808
"AACTCAGTCATTGCGA-1_GSM4013385",0.619269002824669
"ATAAGAGAGAATAGGG-1_GSM4013385",1.13330058465515
"TTAGTTCTCAGTGCAT-1_GSM4013385",1.27523039649771
"GGCAATTCAGTTCCCT-1_GSM4013385",0.952613584721681
"CAGAATCGTCGCGTGT-1_GSM4013385",0.981080611439849
"ACTGAGTCAGCTGTTA-1_GSM4013385",0.921225417375943
"GGGCATCCACATCCGG-1_GSM4013385",0.902948509570438
"CTGTGCTAGAAGAAGC-1_GSM4013385",0.979705975224315
"TCAGCAAAGCGGATCA-1_GSM4013385",0.871538124269614
"GCATGATAGCAACGGT-1_GSM4013385",1.32296186758748
"TTCCCAGTCTTAGCCC-1_GSM4013385",1.3242245495159
"TACGGGCGTGGCTCCA-1_GSM4013385",0.993970483533273
"GCGACCATCCGCAAGC-1_GSM4013385",1.2227397461738
"TTCTCAAAGTCCAGGA-1_GSM4013385",1.11297209596047
"TCAACGATCAGTTCGA-1_GSM4013385",0.747054245974008
"GGCGTGTCATCCCATC-1_GSM4013385",0.93318678775019
"ATCGAGTCATGTAGTC-1_GSM4013385",1.05631270159377
"TCTGAGATCACTCTTA-1_GSM4013385",1.22503543759831
"AGAGCTTAGCAGCCTC-1_GSM4013385",0.740121926237593
"TTGCGTCGTACTCAAC-1_GSM4013385",1.40385236866838
"GCTTGAAAGGGATCTG-1_GSM4013385",0.930925716416509
"ACGATACTCTTGGGTA-1_GSM4013385",1.35108421331097
"CACAAACGTTGTACAC-1_GSM4013385",0.845922271249973
"ACGATGTCAGTCAGAG-1_GSM4013385",0.889572765874422
"CAGATCAGTCCAAGTT-1_GSM4013385",0.820628937502036
"TACCTTAGTAACGCGA-1_GSM4013385",1.29186848218499
"ACCAGTAAGAGCTTCT-1_GSM4013385",0.771401781349136
"AACTCTTAGCTGAACG-1_GSM4013385",1.00968357168682
"ACACTGAGTCCGACGT-1_GSM4013385",1.29796895274897
"AGCGTCGAGTTAAGTG-1_GSM4013385",1.26217584969072
"GAATAAGAGCGATAGC-1_GSM4013385",1.17835264364675
"AACTTTCAGGAACTGC-1_GSM4013385",0.732252733697325
"ATTATCCGTACAGACG-1_GSM4013385",1.08477427296535
"ACGCCGATCGTCACGG-1_GSM4013385",0.984502461061752
"ACGGGTCGTCATGCCG-1_GSM4013385",1.08992920696076
"CGAATGTCACCACGTG-1_GSM4013385",1.00023093217955
"CCCAATCTCCTACAGA-1_GSM4013385",0.834259800667109
"AATCCAGCAATCAGAA-1_GSM4013385",0.921792841635805
"ATTTCTGCAGCGATCC-1_GSM4013385",1.04193331221797
"ACGTCAACATGGGAAC-1_GSM4013385",1.40711647257659
"AAAGATGCACAGCCCA-1_GSM4013385",1.00562443050955
"CAAGATCGTGCGAAAC-1_GSM4013385",1.30123941256127
"GTGAAGGAGCTGAAAT-1_GSM4013385",1.24579388967783
"CTACACCCACACCGAC-1_GSM4013385",0.912526387845606
"CGCCAAGGTAGCAAAT-1_GSM4013385",0.862431722380668
"GTCGGGTCATGGTAGG-1_GSM4013385",0.942283567170734
"CGGGTCAGTACCGAGA-1_GSM4013385",0.81324099037062
"AAGACCTGTCTAAAGA-1_GSM4013385",1.01813528172752
"GCACTCTGTCGACTAT-1_GSM4013385",0.715734952657399
"ACTGATGCACGACGAA-1_GSM4013385",0.563892821855677
"GGGAATGTCTCGCATC-1_GSM4013385",0.858926127897797
"CATCAAGCATCAGTAC-1_GSM4013385",0.804858725223177
"GGGATGAGTGAGTATA-1_GSM4013385",1.00251833042134
"TTGGCAACAACACGCC-1_GSM4013385",1.04841616077981
"AATCGGTTCTTCGAGA-1_GSM4013385",1.31089283432618
"CTCCTAGAGGAATTAC-1_GSM4013385",1.35487000626856
"TCGTACCAGTCAAGCG-1_GSM4013385",1.26941180960947
"GTCAAGTCAAAGTGCG-1_GSM4013385",0.958214715601676
"GTTCATTCACGGCTAC-1_GSM4013385",0.714959591657662
"GGAATAAAGTGGAGAA-1_GSM4013385",1.13645414144522
"CTGTTTATCTTGCCGT-1_GSM4013385",1.0503287295557
"CGTCCATGTGCTAGCC-1_GSM4013385",1.0922049639367
"CACCAGGAGGCGATAC-1_GSM4013385",0.987348337307533
"CGATCGGCAAGCCGTC-1_GSM4013385",1.16058561771731
"CCGGGATCACGGTGTC-1_GSM4013385",1.00995201396923
"CGAACATCACATGACT-1_GSM4013385",1.35941873252343
"GGGAGATGTATATCCG-1_GSM4013385",0.676954487482899
"CTGGTCTTCCCAACGG-1_GSM4013385",1.24011430535442
"ACCTTTATCACCTTAT-1_GSM4013385",0.969435224091971
"CTCGGAGAGTGTTGAA-1_GSM4013385",0.880772583779789
"GTGAAGGCACATAACC-1_GSM4013385",0.696438745897303
"CCTAGCTAGTAGCCGA-1_GSM4013385",0.88444302072507
"AGCTCTCCAGCTGTAT-1_GSM4013385",0.961476854291934
"CTGAAGTAGCTTATCG-1_GSM4013385",1.06120924332994
"GACTAACGTTAGATGA-1_GSM4013385",0.946794093956793
"GATTCAGAGCTCTCGG-1_GSM4013385",1.0427771841708
"CCAATCCCAAGTCATC-1_GSM4013385",0.971580061233423
"TCGCGAGAGGTCGGAT-1_GSM4013385",0.931681782333083
"GACCAATGTAGTGAAT-1_GSM4013385",1.25133972528313
"CAGTCCTCACGAGGTA-1_GSM4013385",1.26131817988292
"ACTTACTCAATAAGCA-1_GSM4013385",1.05910131442459
"ACCTTTAAGTCTTGCA-1_GSM4013385",0.664878267565862
"AAAGTAGCAGTAACGG-1_GSM4013385",0.935011137387201
"CTCCTAGAGGGAACGG-1_GSM4013385",1.10327206224333
"ACTGATGAGGCGTACA-1_GSM4013385",1.19278704754539
"CATTCGCGTTGTGGAG-1_GSM4013385",1.22819898382337
"GACACGCGTTTGGGCC-1_GSM4013385",1.16349371454687
"CCGGGATAGCGCCTTG-1_GSM4013385",0.842619310939061
"GTTAAGCAGCGAGAAA-1_GSM4013385",1.18536906855169
"TCCCGATGTGTGGCTC-1_GSM4013385",0.814799624681141
"GCACATAGTAGCTAAA-1_GSM4013385",1.03999258894093
"CCAATCCGTGTGCGTC-1_GSM4013385",0.54060830265071
"CCGTACTTCCGTCATC-1_GSM4013385",0.778583332028732
"GTTCGGGCAGAGTGTG-1_GSM4013385",1.02128379497829
"ACGCAGCCAATAGCAA-1_GSM4013385",0.975400102305786
"GTACTCCCATTCTTAC-1_GSM4013385",0.724445035275319
"ACGGCCAGTCACAAGG-1_GSM4013385",1.28713341631317
"AACCGCGAGCCAACAG-1_GSM4013385",1.26434960557563
"GATCTAGAGTAGCCGA-1_GSM4013385",1.23257482195754
"TGTATTCCATACTCTT-1_GSM4013385",1.1994739515389
"ATGCGATTCGCATGAT-1_GSM4013385",1.18463030655678
"GGACGTCTCGGAAATA-1_GSM4013385",1.26442699668921
"TGGCTGGGTGTGAATA-1_GSM4013385",0.789559660467472
"TTCTACAGTCCTAGCG-1_GSM4013385",1.35813837527392
"TTGGAACGTAACGCGA-1_GSM4013385",1.17786119200657
"CGATGTAAGCCAGTTT-1_GSM4013385",1.12380184602876
"ATGTGTGTCTCTGTCG-1_GSM4013385",1.18133600700118
"TGTGTTTTCCCTTGTG-1_GSM4013385",1.25452994617308
"CTAGTGAGTGTCGCTG-1_GSM4013385",1.23751243871226
"CGTCTACCAATTGCTG-1_GSM4013385",0.951722377161431
"ATTTCTGCACGTTGGC-1_GSM4013385",1.31168505256722
"CCTAAAGTCTTCTGGC-1_GSM4013385",0.96477377258662
"CACCTTGTCGTGACAT-1_GSM4013385",1.21222302632305
"CAAGAAATCGGCTACG-1_GSM4013385",1.3517184720127
"ACGGCCAGTTGGACCC-1_GSM4013385",1.07519023314373
"CCAATCCCAGCTCGCA-1_GSM4013385",0.975161255629721
"TTTGCGCAGACTGGGT-1_GSM4013385",1.27844918189131
"GCATGCGAGTATCTCG-1_GSM4013385",0.833645998434303
"CCTACCAGTGCATCTA-1_GSM4013385",0.587235478865599
"GTCGGGTTCATCTGCC-1_GSM4013385",0.75291198939754
"CCGGTAGAGCAAATCA-1_GSM4013385",1.27771129763901
"CTCGTCAGTAATAGCA-1_GSM4013385",1.37992463822111
"CCTTCGAGTGTGGTTT-1_GSM4013385",0.884976053971941
"TTCTTAGGTTAAGTAG-1_GSM4013385",0.963904721989316
"TAAACCGGTGAGTATA-1_GSM4013385",0.940043960054099
"ACTTGTTAGATCGGGT-1_GSM4013385",1.22750289178891
"TGTTCCGGTCGCGAAA-1_GSM4013385",1.35601260275245
"GTCACAACACGGCTAC-1_GSM4013385",0.876772628722896
"AACGTTGGTCTGCCAG-1_GSM4013385",0.965188621179077
"GTCTCGTTCTGTCAAG-1_GSM4013385",1.09688217111503
"GCTGGGTGTGACGCCT-1_GSM4013385",0.85000929540057
"TCAGCAAAGTTCGCAT-1_GSM4013385",0.556033792909204
"TATTACCAGTCCGTAT-1_GSM4013385",0.810408056869063
"CCACCTACAGGTGCCT-1_GSM4013385",0.799044110624906
"CTGATCCTCAGTGCAT-1_GSM4013385",1.20419350576777
"TCACGAACAATGACCT-1_GSM4013385",0.979711918390767
"GTAGGCCGTGCCTTGG-1_GSM4013385",0.801085742408668
"CTCGAAAAGGTTCCTA-1_GSM4013385",1.03215690821388
"CAGCGACCATTAACCG-1_GSM4013385",0.807383736732756
"AACTCCCCAGCTCCGA-1_GSM4013385",0.79980050901785
"TTCTTAGTCTAGCACA-1_GSM4013385",1.20200331038819
"TATCTCAAGCCCAATT-1_GSM4013385",0.90746959750333
"GGCTCGATCACAAACC-1_GSM4013385",0.769144600853477
"AACTTTCTCTACCTGC-1_GSM4013385",1.18026867493967
"GCTTGAAAGTGTACGG-1_GSM4013385",0.812395042477854
"AACTCTTAGCCGATTT-1_GSM4013385",1.16212364102363
"CATCAGACACATCCAA-1_GSM4013385",1.29715706234376
"CGACTTCGTTTCGCTC-1_GSM4013385",1.02472931321123
"CCTATTATCACAACGT-1_GSM4013385",1.03582418437966
"TTGAACGGTCTGCAAT-1_GSM4013385",1.17061126406475
"GGATTACGTCGATTGT-1_GSM4013385",0.953376564146606
"CCAGCGATCTACTTAC-1_GSM4013385",1.10865644563512
"AGGCCGTTCGAGGTAG-1_GSM4013385",1.19037172168875
"CAAGTTGAGACACTAA-1_GSM4013385",0.754010062016942
"AAAGTAGTCTTGCCGT-1_GSM4013385",1.28779282198584
"TCATTTGTCAAAGTAG-1_GSM4013385",0.893068252659128
"AAGGCAGGTGTATGGG-1_GSM4013385",1.1919707210027
"TAAACCGTCCAGTATG-1_GSM4013385",1.05898488170495
"ACATACGGTTAAGAAC-1_GSM4013385",0.944143099958732
"CCCAGTTAGAGTCTGG-1_GSM4013385",0.427173889612093
"TTTATGCAGCTCTCGG-1_GSM4013385",0.632371529336491
"ATAAGAGGTCAGAATA-1_GSM4013385",1.06875736761313
"ATGCGATTCTACTTAC-1_GSM4013385",0.963720711289186
"AGTGGGAGTAAGGATT-1_GSM4013385",1.2105577018333
"CATCGGGCATGAAGTA-1_GSM4013385",0.796466684279011
"TGACAACGTCCATGAT-1_GSM4013385",0.954242767341877
"TCAGCAAAGTACCGGA-1_GSM4013385",0.737022000187115
"ACTTACTAGACTCGGA-1_GSM4013385",1.04045249617918
"AAAGTAGTCCTCAACC-1_GSM4013385",0.874389597994507
"TAGGCATAGCTCCTTC-1_GSM4013385",0.944032125756571
"ACCAGTAAGTGTCCCG-1_GSM4013385",1.06504948549216
"CTCCTAGCATTCCTCG-1_GSM4013385",0.861511013589565
"AAGGAGCTCTGCGGCA-1_GSM4013385",0.690130867597829
"CTGCCTACACTCTGTC-1_GSM4013385",1.01860456867913
"CAACCTCCACGGTAGA-1_GSM4013385",1.34524390375307
"CAAGTTGGTCTTGTCC-1_GSM4013385",1.14822310563775
"AGATCTGAGTGGTAAT-1_GSM4013385",0.986095144537837
"CGAGCACCATTCTTAC-1_GSM4013385",0.806373355470934
"GCAATCAAGTCCATAC-1_GSM4013385",1.2376667088997
"AGCTCCTAGGGATACC-1_GSM4013385",1.36814546611895
"CACATTTCACCAGTTA-1_GSM4013385",0.781749501261566
"CAAGTTGCACTTGGAT-1_GSM4013385",0.356646179438587
"CAGATCATCTTGACGA-1_GSM4013385",1.33966557421809
"ACACCAAGTCATCGGC-1_GSM4013385",1.24204860462245
"TATCTCAAGCAAATCA-1_GSM4013385",0.895694724538377
"CGTAGGCCAGTATGCT-1_GSM4013385",1.17137224789111
"GTGTTAGCACAGTCGC-1_GSM4013385",0.986970460477978
"CTCCTAGTCCGATATG-1_GSM4013385",1.07273268966793
"GGACATTCAGTATCTG-1_GSM4013385",1.18942376128276
"TGAGAGGCAGATCGGA-1_GSM4013385",1.24554665919213
"AACCGCGGTCGAGATG-1_GSM4013385",1.20032038477753
"GAGGTGACATTATCTC-1_GSM4013385",1.34794374777923
"GCGGGTTAGAACAACT-1_GSM4013385",1.2348503425065
"AAAGCAACAGTGAGTG-1_GSM4013385",1.21055680246862
"GCTTCCATCGTAGGTT-1_GSM4013385",0.85661242314813
"ATTCTACTCTTAGCCC-1_GSM4013385",1.21307572138182
"CGAGCACGTTAAGTAG-1_GSM4013385",1.12770578280755
"GTATTCTTCGGCGGTT-1_GSM4013385",1.15510544386156
"CCTAGCTTCGTAGATC-1_GSM4013385",0.732600274684757
"ACATGGTCACACCGAC-1_GSM4013385",0.675039967538642
"AGGCCACGTCCATGAT-1_GSM4013385",1.35548195186111
"CCTCTGAGTCTCGTTC-1_GSM4013385",1.11229334427894
"CCGGTAGTCACGCGGT-1_GSM4013385",0.812648257408072
"ACGCCGATCCTATTCA-1_GSM4013385",0.822765856901292
"CCTATTAAGAATCTCC-1_GSM4013385",0.816354706461559
"CTTACCGAGCTACCGC-1_GSM4013385",0.450520874943533
"ATGGGAGAGAGCTGCA-1_GSM4013385",0.959683878380969
"GACTAACAGTTGTAGA-1_GSM4013385",1.29416292110703
"TGTCCCAAGCCAACAG-1_GSM4013385",0.681068310069965
"TTGACTTGTATAGTAG-1_GSM4013385",0.883624540545946
"CATCGGGGTGTATGGG-1_GSM4013385",1.0702895213471
"AGAGCGAGTCGAACAG-1_GSM4013385",1.09803666496556
"ACACCGGGTCCGACGT-1_GSM4013385",0.805940075219149
"GATCAGTCAGTAAGCG-1_GSM4013385",0.982629924304084
"GGATGTTCAGACGCTC-1_GSM4013385",1.09840590717168
"CCGTACTCAAGGTTTC-1_GSM4013385",0.792716731000557
"CTCCTAGGTTATGTGC-1_GSM4013385",0.891440505929057
"CGAGAAGTCGGGAGTA-1_GSM4013385",0.634045489825636
"TTCGAAGGTAAGAGGA-1_GSM4013385",1.10698448657809
"GTCGGGTCATGAAGTA-1_GSM4013385",0.869665397493907
"GTGCAGCAGCGTAATA-1_GSM4013385",0.951031375302392
"TGACGGCAGGAGCGAG-1_GSM4013385",1.28686192536422
"CTTAGGAGTTCGTGAT-1_GSM4013385",1.04874525576123
"GATGAAAAGATGCGAC-1_GSM4013385",1.30580567972432
"GTAACGTAGAGGGATA-1_GSM4013385",1.12968134143725
"GTCAAGTAGCTAGGCA-1_GSM4013385",1.36154838734524
"TACAGTGCACCTCGTT-1_GSM4013385",1.15657098125524
"CGATGGCTCACAGGCC-1_GSM4013385",0.782358835213321
"AGAGTGGGTGACTACT-1_GSM4013385",1.21243567821096
"CCTAAAGTCCGTACAA-1_GSM4013385",0.628519382343597
"TCGTAGAAGCTGCGAA-1_GSM4013385",1.14855815567059
"CGGAGTCGTTATGTGC-1_GSM4013385",1.24358407197578
"TCTCATACACACGCTG-1_GSM4013385",1.14251987604738
"CCCATACGTGTCCTCT-1_GSM4013385",0.98994147063285
"GGCGTGTAGTAAGTAC-1_GSM4013385",1.16896334450584
"TGACTTTAGTGAATTG-1_GSM4013385",1.36891765099616
"CCGGTAGTCAACGCTA-1_GSM4013385",0.806258237203091
"TTAGTTCTCCTTAATC-1_GSM4013385",0.725367591450156
"TGAGAGGTCTACGAGT-1_GSM4013385",1.36509936749409
"CATCAAGAGTGAAGAG-1_GSM4013385",1.191343269514
"TAGTGGTCAGTACACT-1_GSM4013385",0.461446615447015
"TTCTTAGAGCAGATCG-1_GSM4013385",1.4742243248595
"CCGTGGAGTAGGGACT-1_GSM4013385",1.0733486660692
"CTACACCCAAAGCGGT-1_GSM4013385",0.587056456677913
"AACTCCCAGTACGATA-1_GSM4013385",1.16987196101174
"CGACTTCTCAGCCTAA-1_GSM4013385",1.17780597799172
"CATCCACCAGACTCGC-1_GSM4013385",1.12614458889711
"GACGTTAGTGTATGGG-1_GSM4013385",1.24362406844175
"TCAGGTATCGCGCCAA-1_GSM4013385",0.911021516520605
"AGTGTCAGTGTCGCTG-1_GSM4013385",1.08824963226086
"GGCAATTAGGGTCTCC-1_GSM4013385",0.738635371530287
"ACGATGTGTAAGCACG-1_GSM4013385",0.72403115039223
"CTAGCCTGTACCCAAT-1_GSM4013385",0.654564897458274
"AACCATGTCGTTTAGG-1_GSM4013385",1.09867658290493
"CGATGGCCATCACGAT-1_GSM4013385",1.03718884208873
"ACATCAGAGTCGAGTG-1_GSM4013385",0.741788170354294
"CATGGCGCACCAACCG-1_GSM4013385",0.916377373869156
"TCGGTAACAGGATCGA-1_GSM4013385",1.29685228577798
"CTCGTCAGTATTCTCT-1_GSM4013385",1.13162914331063
"TGGTTCCAGCCATCGC-1_GSM4013385",0.850246593621499
"ATCTGCCAGATGCGAC-1_GSM4013385",0.913150526856025
"CGTCAGGAGCTGTCTA-1_GSM4013385",0.820878141164677
"CTACCCAAGCACAGGT-1_GSM4013385",0.819561788419511
"GAACGGACATTATCTC-1_GSM4013385",1.47754896248593
"CCACTACTCTGTTGAG-1_GSM4013385",1.2911244798159
"TTTACTGCACACCGCA-1_GSM4013385",1.21348587264774
"TGCCCATTCGATCCCT-1_GSM4013385",0.0945413973742567
"TTGACTTGTTTAAGCC-1_GSM4013385",0.849583754972837
"CGATGGCCATAAGACA-1_GSM4013385",0.66221312910738
"TACTCATCAGCGATCC-1_GSM4013385",0.762242878554767
"TCTTTCCGTAATCGTC-1_GSM4013385",1.14828995038439
"TGACGGCAGCTACCGC-1_GSM4013385",0.92959435744495
"TCATTACGTAGCGCTC-1_GSM4013385",0.759588584877346
"TCGAGGCCATGGGAAC-1_GSM4013385",1.29584913504784
"TGAGGGAAGCCAGTTT-1_GSM4013385",1.2593811828618
"ATCTGCCGTCCAAGTT-1_GSM4013385",1.08972340725454
"CATCGGGTCCGCTGTT-1_GSM4013385",1.07196315198049
"TACGGTAAGTGTTTGC-1_GSM4013385",1.31470393647467
"CATGACATCTATGTGG-1_GSM4013385",0.634872540464557
"TGCACCTAGGAGTCTG-1_GSM4013385",1.34082655765821
"AATCGGTTCAGCCTAA-1_GSM4013385",0.825148454245149
"GAAATGACATACCATG-1_GSM4013385",0.911385493437693
"TATCAGGGTCCTCTTG-1_GSM4013385",1.30698947203716
"CCACCTAGTGCGAAAC-1_GSM4013385",1.16396432292837
"TTCTCAAGTAGCGATG-1_GSM4013385",0.797955479734962
"CGTCTACAGCTGGAAC-1_GSM4013385",1.05467872389923
"GGACAAGTCTACCAGA-1_GSM4013385",0.854420402154895
"AGTGTCAAGTGAAGAG-1_GSM4013385",0.626527674979794
"ACATGGTTCAAAGTAG-1_GSM4013385",1.28656603029098
"CTCGAGGAGTGTACGG-1_GSM4013385",0.789018497575839
"GTTAAGCTCGCCCTTA-1_GSM4013385",1.14066532255718
"CGATTGAGTAGCTCCG-1_GSM4013385",1.23314836444803
"GTATTCTTCAGTTCGA-1_GSM4013385",1.16542491053045
"TAGACCACAATGGAAT-1_GSM4013385",1.27224126328585
"GAAATGACAGCCAGAA-1_GSM4013385",1.34033700229707
"TACAGTGCATGCCTTC-1_GSM4013385",1.29720351689555
"GGATGTTCAGCTTAAC-1_GSM4013385",0.799053838662637
"ATAAGAGAGTCTTGCA-1_GSM4013385",1.21937377956116
"ACGAGGATCCGCATCT-1_GSM4013385",0.944705977876313
"TTTACTGGTCATATCG-1_GSM4013385",1.15653172792467
"CTTAGGATCCGCTGTT-1_GSM4013385",0.922267653325817
"GTTTCTAAGGGAAACA-1_GSM4013385",1.21143950849012
"GTACGTATCATGTCTT-1_GSM4013385",1.27221762861719
"GCACATAAGAGCTGCA-1_GSM4013385",1.33331014277126
"CGAGCCAAGGTACTCT-1_GSM4013385",0.741962236990628
"GTAACGTCAGCTTAAC-1_GSM4013385",0.843133406359961
"TACCTTACATTTCACT-1_GSM4013385",0.981427949342585
"CTTGGCTTCACGAAGG-1_GSM4013385",1.11226928386171
"CAACCAATCGGCTACG-1_GSM4013385",0.794161738501924
"CATTCGCGTTTACTCT-1_GSM4013385",1.09609056744768
"GCAGTTATCCTCATTA-1_GSM4013385",1.41917236760422
"TACTTGTTCACGACTA-1_GSM4013385",1.34630845895037
"CCTATTAAGTGCTGCC-1_GSM4013385",1.22663968940252
"TTAGTTCCAGACGTAG-1_GSM4013385",1.01301919757557
"ACTGAACGTCATACTG-1_GSM4013385",1.06595780663598
"GATCGTAGTCGCGTGT-1_GSM4013385",1.12938759934448
"CAGCAGCGTTGGTGGA-1_GSM4013385",1.20064597850009
"TTTCCTCCAATCACAC-1_GSM4013385",1.05897206385857
"TGTTCCGGTGGTTTCA-1_GSM4013385",0.588253667014071
"GTACTCCGTATCGCAT-1_GSM4013385",1.0758704727383
"CCGTTCACAAAGAATC-1_GSM4013385",0.90339639206278
"ACGGGTCGTCTGATTG-1_GSM4013385",0.657469104487293
"GACAGAGAGATCGATA-1_GSM4013385",1.22984727907277
"AAAGCAATCGTTTGCC-1_GSM4013385",1.12798781174986
"GCGCGATCATAGGATA-1_GSM4013385",0.734876914776744
"AATCCAGAGGGCACTA-1_GSM4013385",0.98677532555094
"CTGCCTATCGTACCGG-1_GSM4013385",0.966998072146276
"CTGCTGTTCGCGATCG-1_GSM4013385",0.84464185009861
"AAGGTTCCACTTAACG-1_GSM4013385",0.652510266692331
"CTCCTAGCATCTGGTA-1_GSM4013385",0.816216606901223
"TGGGAAGAGCGAAGGG-1_GSM4013385",0.786582775148138
"CTGCTGTCATATACCG-1_GSM4013385",1.03110750852236
"CCTAGCTAGATGCGAC-1_GSM4013385",1.21842340043502
"TGCTGCTAGATCCCAT-1_GSM4013385",0.948940914367048
"GTGGGTCGTCTAACGT-1_GSM4013385",0.881895207326518
"CACAAACGTACACCGC-1_GSM4013385",0.748289166051274
"TGCTGCTCATGCGCAC-1_GSM4013385",0.460177414618281
"ATCCGAAAGCGTTGCC-1_GSM4013385",0.748013494129347
"TCATTACAGTCGTACT-1_GSM4013385",0.73645815159797
"CAGAATCCATCATCCC-1_GSM4013385",0.701048747048633
"CTACCCACATCGTCGG-1_GSM4013385",1.20613280485544
"TAGACCAGTGATGTCT-1_GSM4013385",0.855768197639847
"TCAGATGAGACCGGAT-1_GSM4013385",0.825710129756388
"AACGTTGTCTGGAGCC-1_GSM4013385",0.870178161202104
"TTTGGTTGTACAGTTC-1_GSM4013385",1.00539386664549
"CGCGGTACAGCGTAAG-1_GSM4013385",1.14259395988221
"GCACTCTAGACCCACC-1_GSM4013385",1.07956456487617
"TATTACCCATTACCTT-1_GSM4013385",0.566259484071943
"CGATCGGTCTAACGGT-1_GSM4013385",1.02490938519862
"TGTCCCAGTCATCCCT-1_GSM4013385",0.879604142142339
"ACATACGCAAGGACAC-1_GSM4013385",0.779376693048836
"CTAATGGAGACAGAGA-1_GSM4013385",0.842011190159793
"ACACTGACACGCCAGT-1_GSM4013385",1.19319853194222
"ACGAGGACACTAGTAC-1_GSM4013385",1.06607255264227
"CGTTGGGGTAGCAAAT-1_GSM4013385",1.18951432025287
"AACCATGCAATGAATG-1_GSM4013385",0.789392130275738
"CCCTCCTGTTTACTCT-1_GSM4013385",1.04179363382045
"CTGATCCAGCTGATAA-1_GSM4013385",0.439872754564865
"TCCACACGTGATGATA-1_GSM4013385",1.24055191624983
"CAAGATCGTGGACGAT-1_GSM4013385",0.773724857887622
"TGCGGGTCATAGAAAC-1_GSM4013385",1.0642150161051
"CTGAAGTTCGTTGACA-1_GSM4013385",1.18049277857113
"TCTCATAGTCAAGCGA-1_GSM4013385",0.886869174787313
"ACCCACTGTACAAGTA-1_GSM4013385",0.603452242578189
"CCACGGAAGTAAGTAC-1_GSM4013385",1.20293739204342
"GAGGTGACACCAGCAC-1_GSM4013385",1.02341692314871
"CGAGCACAGTGGTCCC-1_GSM4013385",0.945606654784518
"TGACTAGTCTTGAGAC-1_GSM4013385",0.935975960204861
"AGGTCCGGTTCCATGA-1_GSM4013385",1.38388915495811
"CGTCAGGTCAATCTCT-1_GSM4013385",0.934341535672348
"TAAACCGAGTGTACTC-1_GSM4013385",0.632068211344364
"CAGTCCTAGCTATGCT-1_GSM4013385",0.516908682562402
"CTCGAAATCTTAGCCC-1_GSM4013385",0.991162629411946
"AACGTTGGTTGAGTTC-1_GSM4013385",1.01828400647541
"GACGTGCAGGGTGTGT-1_GSM4013385",0.929557294738487
"TATGCCCTCTCTTATG-1_GSM4013385",1.08926595719803
"CATGACAAGGCTACGA-1_GSM4013385",1.10861555027992
"GCTGGGTAGGACACCA-1_GSM4013385",0.681816841648267
"CCCTCCTCACTTCTGC-1_GSM4013385",0.941707077196621
"TATGCCCAGTGAACAT-1_GSM4013385",1.08277258620659
"TCGTACCTCTGGAGCC-1_GSM4013385",0.994953659464073
"GAAGCAGCATCTCCCA-1_GSM4013385",0.776947253124181
"TACAGTGAGTGGAGTC-1_GSM4013385",1.04222837558867
"TGCCCTATCGGCTTGG-1_GSM4013385",0.751006213331213
"CGTGAGCCACAAGACG-1_GSM4013385",1.23179408232666
"GAACGGAAGTTAAGTG-1_GSM4013385",0.554960177497628
"AAGGTTCTCCAGGGCT-1_GSM4013385",0.736864863792777
"TTTGGTTGTTTCGCTC-1_GSM4013385",1.02913351317045
"AGGCCGTGTACACCGC-1_GSM4013385",1.13732755465705
"GGGATGAAGGAGTCTG-1_GSM4013385",1.21897938632503
"TGTTCCGAGTTAACGA-1_GSM4013385",1.1890745918942
"AGCTCTCCACTTAACG-1_GSM4013385",0.734370889675583
"CAGATCATCTCGAGTA-1_GSM4013385",1.0357700749756
"CTACGTCAGTATTGGA-1_GSM4013385",0.763363497872949
"GGCAATTAGTCTCGGC-1_GSM4013385",1.17012936111704
"GCATACACAGCTGCAC-1_GSM4013385",1.11935744243422
"TTCTACACACCTCGGA-1_GSM4013385",1.09125771821407
"TGTCCCATCACAATGC-1_GSM4013385",0.720553724467363
"TTGCGTCGTCATACTG-1_GSM4013385",0.728178758087401
"CCAGCGACAAGAGGCT-1_GSM4013385",0.900710678470337
"GACCAATTCGGCTACG-1_GSM4013385",0.796791334189363
"TGAGCATCACATGGGA-1_GSM4013385",1.16734953123518
"CGAGCCAAGTTGTCGT-1_GSM4013385",0.839883630401702
"CGCTTCACAGTTCCCT-1_GSM4013385",0.79064287851546
"GATCTAGAGTCGCCGT-1_GSM4013385",0.800927707241778
"AACGTTGTCAGGATCT-1_GSM4013385",0.336344038610063
"TCCACACAGACGACGT-1_GSM4013385",0.742305259633093
"CGGCTAGAGCCTCGTG-1_GSM4013385",0.686349079302822
"TACCTTACAAGCGAGT-1_GSM4013385",0.710124503392407
"GCTGCTTTCGGAATCT-1_GSM4013385",1.01133722619504
"ATCACGAGTCCCTACT-1_GSM4013385",0.96154212107783
"CTGCGGATCGCTAGCG-1_GSM4013385",0.99049356756263
"CTCCTAGCAGCGAACA-1_GSM4013385",1.1447550946989
"ATCATCTTCTCCAACC-1_GSM4013385",1.20976569021007
"GAAACTCGTCGGGTCT-1_GSM4013385",1.0396717588766
"GATCGATGTATAGGTA-1_GSM4013385",1.17538638444979
"CACAGTAAGATGTCGG-1_GSM4013385",0.645395268147322
"ACGCCAGGTAGCGTCC-1_GSM4013385",1.15364028860159
"GGATTACTCTGACCTC-1_GSM4013385",1.18096162943275
"TATCTCAGTATCTGCA-1_GSM4013385",0.807032060567684
"AAGGAGCTCACCTTAT-1_GSM4013385",0.676846213096576
"AACTTTCCACATCCAA-1_GSM4013385",0.814609733638445
"CAACCTCAGTTATCGC-1_GSM4013385",0.514494627473166
"AGAGTGGCACAGTCGC-1_GSM4013385",1.0032813331192
"GGGCACTTCTTGTACT-1_GSM4013385",1.24271561753883
"CTGTGCTTCTGGCGTG-1_GSM4013385",1.10654663397792
"CAGATCAAGCCTCGTG-1_GSM4013385",0.6111449838834
"TCTTTCCGTTAAGAAC-1_GSM4013385",0.549421098123721
"GGTGAAGCAAACTGCT-1_GSM4013385",0.711686049078439
"CGTAGCGCAGTCAGAG-1_GSM4013385",1.06856659872151
"CAACCTCCAGTCACTA-1_GSM4013385",1.05271641605774
"GGGCATCTCAACGGGA-1_GSM4013385",1.1882742105833
"CACAGGCGTCAACATC-1_GSM4013385",0.556213787219338
"GACTAACTCTACTATC-1_GSM4013385",0.803489167914112
"ACTTTCACAAACGCGA-1_GSM4013385",1.00071175716378
"ATTACTCAGCGTTGCC-1_GSM4013385",1.00972556180285
"GAAGCAGTCATAAAGG-1_GSM4013385",1.07061875127701
"ATGAGGGCATCCGGGT-1_GSM4013385",0.672411197377151
"TTTGGTTTCGCATGGC-1_GSM4013385",0.894057505116937
"CCGTTCAGTGTAAGTA-1_GSM4013385",0.788792038731933
"CCTTCGATCCTCGCAT-1_GSM4013385",0.941431783558246
"CTCACACCACCCATTC-1_GSM4013385",1.09129848728989
"CGTGTAACATCCGGGT-1_GSM4013385",1.04690017381441
"GCGGGTTGTCGACTAT-1_GSM4013385",0.728603551952633
"CCGGTAGTCTGCTTGC-1_GSM4013385",0.544114050657352
"GCTGCAGCACGGACAA-1_GSM4013385",0.966405263940062
"GAAGCAGAGAATAGGG-1_GSM4013385",0.720718441197294
"CAGCGACTCCGAACGC-1_GSM4013385",0.981278059383621
"TCACGAATCACCGTAA-1_GSM4013385",1.09843658870255
"CATCCACCACCTGGTG-1_GSM4013385",0.861066430431873
"CTAAGACAGTACACCT-1_GSM4013385",0.600521746828405
"GGAAAGCGTGCCTGCA-1_GSM4013385",1.01964031171218
"ACGGGCTCACGAGGTA-1_GSM4013385",1.20575179113698
"AACTTTCGTGTGCCTG-1_GSM4013385",1.19432316647213
"GAAACTCTCAGCTCTC-1_GSM4013385",1.21669892044621
"CTCGGAGCAAACCTAC-1_GSM4013385",0.621104554474655
"CACCACTGTGAGTGAC-1_GSM4013385",0.80706637307784
"GGGTTGCTCACTTCAT-1_GSM4013385",0.966727522173461
"ACACCCTCATGCAACT-1_GSM4013385",1.22550259841879
"CATTCGCTCCCATTAT-1_GSM4013385",1.28680925749449
"GCTGCTTTCAGATAAG-1_GSM4013385",0.664617197939221
"CCTTTCTCACAACGTT-1_GSM4013385",0.933552002663698
"ACTTTCAGTAAGTGTA-1_GSM4013385",1.16623152472165
"ATAACGCCAAGTAATG-1_GSM4013385",0.77014764890717
"TTAGGACTCGCCGTGA-1_GSM4013385",1.0135657738541
"ACAGCTAAGTGCTGCC-1_GSM4013385",0.642534573383873
"GTTTCTATCCCAAGAT-1_GSM4013385",0.691812644020765
"CGAGCACCAGTGGAGT-1_GSM4013385",0.620562259509547
"TTTGTCACAAACTGTC-1_GSM4013385",0.693972927536961
"TGCTACCGTTAGAACA-1_GSM4013385",0.5159475081691
"GAGCAGATCACCACCT-1_GSM4013385",1.15692712473545
"CAAGATCTCCTCCTAG-1_GSM4013385",1.04229483220547
"CGCGGTAGTGTAAGTA-1_GSM4013385",0.954536825199705
"CGAACATGTAATCGTC-1_GSM4013385",1.07770765724718
"GCGCCAAGTCGAATCT-1_GSM4013385",0.99908211634571
"GGGATGAAGGAATGGA-1_GSM4013385",1.096235588637
"CAGAATCTCGTGGACC-1_GSM4013385",0.07433402288212
"CCGGTAGCAGCTGTAT-1_GSM4013385",0.843269949104889
"TTGTAGGTCAAGCCTA-1_GSM4013385",1.00319799699416
"TTGCCGTAGCTCCTCT-1_GSM4013385",1.15134571638287
"ACTTGTTCAATCAGAA-1_GSM4013385",1.16534684739798
"TTGGCAAGTTCTCATT-1_GSM4013385",0.683844610753017
"CCTAGCTTCCTACAGA-1_GSM4013385",1.00048090895692
"ATCATGGAGATCTGAA-1_GSM4013385",1.13690601427738
"CATTATCGTCACCTAA-1_GSM4013385",1.00378645338787
"ATAGACCCATCCAACA-1_GSM4013385",1.13191796234285
"TCGTAGACAATGAAAC-1_GSM4013385",0.965243176375854
"ACACCAAAGCAGCCTC-1_GSM4013385",0.636533032954594
"GAAGCAGAGCAACGGT-1_GSM4013385",1.06891744677437
"TTATGCTTCAGCTGGC-1_GSM4013385",0.613974475694073
"AACACGTCACGCGAAA-1_GSM4013385",1.25663586645187
"GACTAACAGCCGATTT-1_GSM4013385",1.17094630724849
"GCAAACTAGCTCCTTC-1_GSM4013385",0.747971743113507
"CAGCTGGAGAATTCCC-1_GSM4013385",0.286452982925088
"GCTCCTAGTCAGAGGT-1_GSM4013385",0.93447273510842
"GTTACAGTCAGGTTCA-1_GSM4013385",1.17081209689263
"CACAGTAGTCTTCTCG-1_GSM4013385",1.10086282716769
"CTAACTTTCTCCTATA-1_GSM4013385",0.765744078733857
"TGGGCGTGTAGGGACT-1_GSM4013385",1.23267742628007
"CTACGTCGTGGCAAAC-1_GSM4013385",1.17716667519254
"GAACCTAGTCGGCTCA-1_GSM4013385",0.563062135009539
"ACTGAGTGTAGCAAAT-1_GSM4013385",0.743471099979018
"TTAACTCTCAGCACAT-1_GSM4013385",1.24738893636091
"GGGTTGCTCAGGCCCA-1_GSM4013385",0.641358638396369
"ATTTCTGTCCCGACTT-1_GSM4013385",0.694886774371083
"AGTAGTCAGCTAAGAT-1_GSM4013385",0.865141859366239
"ATTCTACGTTCCTCCA-1_GSM4013385",1.10014590997905
"AAGGTTCTCCTCGCAT-1_GSM4013385",0.430828623603508
"ACCAGTACAAGGTGTG-1_GSM4013385",1.16064761269124
"ACCAGTAGTACTCTCC-1_GSM4013385",1.06919064841689
"GGAAAGCCAGCAGTTT-1_GSM4013385",0.708465942676312
"CATCAGAAGTGACTCT-1_GSM4013385",1.17473811898674
"GACTAACGTATATGGA-1_GSM4013385",1.14997784525401
"ACGGGCTTCCCATTAT-1_GSM4013385",0.665660787088854
"TCGTAGAAGCGTGTCC-1_GSM4013385",0.404617654099588
"GGGCACTTCCAGTATG-1_GSM4013385",0.83306624029357
"GCTGCGAAGGCTAGAC-1_GSM4013385",0.428064582037488
"GGGACCTGTCCGTTAA-1_GSM4013385",0.731050058137047
"TACTTGTTCGTGGTCG-1_GSM4013385",0.511443740723822
"TGGTTAGCACTCGACG-1_GSM4013385",0.508172252554033
"AGAGCTTAGCGCTTAT-1_GSM4013385",0.523255749203637
"CTCTGGTGTCCGTTAA-1_GSM4013385",1.06778392141596
"ACAGCTAAGAGAGCTC-1_GSM4013385",0.731056132392656
"CCGGTAGGTTCGTCTC-1_GSM4013385",0.757146256806295
"TGGCCAGAGATGCGAC-1_GSM4013385",0.575111958850321
"AGCAGCCCACTGTTAG-1_GSM4013385",0.627806561252823
"CTGTGCTAGCGTAGTG-1_GSM4013385",0.959166518183281
"TACCTATAGGTAGCTG-1_GSM4013385",1.20341241523077
"ATTCTACGTCGAGATG-1_GSM4013385",1.22076974981454
"GGACATTGTCCCTTGT-1_GSM4013385",1.0389733390474
"GATGCTAGTATAGGGC-1_GSM4013385",1.17820427703783
"ACGAGCCTCTAACCGA-1_GSM4013385",1.06546365203416
"CATTCGCAGGGCTCTC-1_GSM4013385",0.744791935938927
"ACTGAACTCGCTAGCG-1_GSM4013385",0.893029353382224
"TAGCCGGGTAAACACA-1_GSM4013385",1.23369147271314
"GACTACAGTTATCGGT-1_GSM4013385",0.742952851885581
"GACGTTATCCCACTTG-1_GSM4013385",1.2821179000554
"CGATGTACAAATACAG-1_GSM4013385",0.887795551608333
"GGACAGAGTCCGAATT-1_GSM4013385",1.02148017507639
"GACCAATGTCTAGCCG-1_GSM4013385",0.905752739097457
"GTACTTTTCAAGGCTT-1_GSM4013385",1.22241331828747
"GTTCATTGTTAAGTAG-1_GSM4013385",1.10641875630256
"TGGCTGGCAGTCGATT-1_GSM4013385",1.0125335661323
"GTTACAGGTCCGAAGA-1_GSM4013385",0.427441541534139
"TTTACTGCATCGGACC-1_GSM4013385",0.566939568747833
"AGCAGCCTCATGTGGT-1_GSM4013385",0.989874416446186
"GAGTCCGAGAGGTTAT-1_GSM4013385",1.10983236693616
"CTCACACCATGTCGAT-1_GSM4013385",1.21895150951956
"TGCGTGGAGCCTATGT-1_GSM4013385",1.25167559778273
"CCATTCGTCCGCATAA-1_GSM4013385",0.832217571068822
"GTTTCTACATTTCAGG-1_GSM4013385",0.466691869949944
"CTACGTCGTTTAAGCC-1_GSM4013385",1.13088107386869
"CTTACCGTCTCGTATT-1_GSM4013385",0.65488353808018
"TGGCCAGAGTGCTGCC-1_GSM4013385",0.636458258765175
"AGCTCTCCAATGCCAT-1_GSM4013385",0.761983968442913
"CTCGAGGCAATAAGCA-1_GSM4013385",0.50870571142733
"TGGGAAGCAGATTGCT-1_GSM4013385",0.838794810535152
"CAGCTAACAGGGATTG-1_GSM4013385",0.789326056218487
"ACTGAGTAGGTGGGTT-1_GSM4013385",1.07416853440674
"CCTTCGACAGATGGCA-1_GSM4013385",0.894929091523701
"CGAATGTTCAGTTCGA-1_GSM4013385",1.064879806204
"GTCACAATCTGGGCCA-1_GSM4013385",1.02293299329517
"AACTTTCTCAGAGGTG-1_GSM4013385",0.790653516927154
"GCAGCCACAATTGCTG-1_GSM4013385",1.14494880291177
"CTAAGACCATGGTCAT-1_GSM4013385",1.30031606921972
"TCAATCTAGCAGCCTC-1_GSM4013385",0.94381231755883
"AACGTTGGTACGAAAT-1_GSM4013385",0.650278627374624
"GCGCCAACACGTAAGG-1_GSM4013385",1.19448010444871
"CTTTGCGGTTTGTTGG-1_GSM4013385",0.919020507070146
"GCCAAATAGGATGCGT-1_GSM4013385",1.20368178228857
"GCGCCAAAGATATGCA-1_GSM4013385",1.1058327925806
"TCAGATGGTTGCTCCT-1_GSM4013385",0.934126385882421
"TTCCCAGCAAGTACCT-1_GSM4013385",1.16687724030926
"TGGCCAGAGCCCTAAT-1_GSM4013385",1.20155617759184
"CAGATCAAGTCTCAAC-1_GSM4013385",0.714732525141009
"GGGACCTGTTACGACT-1_GSM4013385",1.06703074230668
"AGAGCTTTCACCACCT-1_GSM4013385",0.840263824180214
"CACCAGGCAAGAAAGG-1_GSM4013385",0.620925113047894
"CGATCGGAGTTGCAGG-1_GSM4013385",1.25914965976576
"GCTTCCAAGAGAACAG-1_GSM4013385",1.21006408794443
"CAACCTCAGCCAGAAC-1_GSM4013385",1.21220343748868
"TTGAACGTCTGCAGTA-1_GSM4013385",1.04134111229951
"GGCAATTTCAGGCGAA-1_GSM4013385",1.26316841473513
"GCTCCTATCACCGTAA-1_GSM4013385",0.569124808093021
"CCGGTAGAGGGATGGG-1_GSM4013385",0.960630629072808
"AAAGTAGGTACTTCTT-1_GSM4013385",0.379993721133511
"ATTACTCGTCTTGTCC-1_GSM4013385",0.793806814922031
"ATAACGCAGATCCTGT-1_GSM4013385",0.928671043840257
"CTTCTCTTCTGTGCAA-1_GSM4013385",1.27999288868747
"CCTACACTCTTTACAC-1_GSM4013385",0.637558040511198
"ATCCGAATCTAACCGA-1_GSM4013385",1.17901145297381
"CATGGCGAGTGACATA-1_GSM4013385",1.21358558090459
"CTGGTCTAGTGAATTG-1_GSM4013385",1.16446225053008
"CCTACCACATAAGACA-1_GSM4013385",0.388626048386985
"CTCAGAATCAGGTTCA-1_GSM4013385",0.804693039387089
"ACACCAATCGACAGCC-1_GSM4013385",0.883452589951389
"AGTAGTCTCATGTGGT-1_GSM4013385",0.446923323207123
"CGAACATAGCTGAACG-1_GSM4013385",0.676816372129627
"GGGACCTTCACAAACC-1_GSM4013385",0.921531256472789
"GCGGGTTAGCCGTCGT-1_GSM4013385",0.584725499875267
"ATCGAGTGTGGGTATG-1_GSM4013385",0.458960362285847
"ACACCCTCACATCTTT-1_GSM4013385",0.956057219238137
"TGCTGCTAGTACACCT-1_GSM4013385",0.434484142262828
"CCTCAGTTCTTATCTG-1_GSM4013385",0.981598241795989
"TAAGTGCCAAGGCTCC-1_GSM4013385",0.637750550379103
"TAGAGCTTCAACACTG-1_GSM4013385",0.462618257893659
"CTCCTAGTCAGGATCT-1_GSM4013385",0.586812564125104
"CTAACTTGTAGCCTAT-1_GSM4013385",0.856832099743716
"GCAGCCAAGCCAGAAC-1_GSM4013385",1.09781988865566
"CGCCAAGCAGTGGAGT-1_GSM4013385",1.01108367762209
"TACCTTATCTGGTGTA-1_GSM4013385",1.01234933017238
"AGTTGGTTCAAGCCTA-1_GSM4013385",0.870555822636003
"CGAGCACAGTACGACG-1_GSM4013385",1.11367672542188
"CTACGTCAGCATCATC-1_GSM4013385",0.845502876937669
"CCATTCGAGACACTAA-1_GSM4013385",0.408529828204651
"GCTGCAGTCTCTTATG-1_GSM4013385",0.862160788422825
"TGCGCAGTCAGCGACC-1_GSM4013385",0.617725992083255
"CAAGATCCACTCGACG-1_GSM4013385",1.08989201512719
"ATAACGCGTGTTTGTG-1_GSM4013385",0.631297888003941
"CATGACAAGTGTACCT-1_GSM4013385",1.11475516991987
"CACCAGGCATGGATGG-1_GSM4013385",1.09811250539843
"ACTTTCAAGCCCGAAA-1_GSM4013385",1.19754937128677
"TATCAGGCAAAGCAAT-1_GSM4013385",0.797788993201389
"GCATGCGTCTACGAGT-1_GSM4013385",0.422294805308031
"CCAATCCGTCAGTGGA-1_GSM4013385",1.17074826217036
"TCGGTAATCGCATGAT-1_GSM4013385",0.751159174580357
"GATTCAGCATAGACTC-1_GSM4013385",0.871217404629674
"TTCTCCTGTAACGCGA-1_GSM4013385",0.889713373726594
"GGCAATTAGTGCAAGC-1_GSM4013385",1.19399927030907
"AGCAGCCAGATATACG-1_GSM4013385",1.12162791348536
"ACGTCAAAGTACTTGC-1_GSM4013385",0.930648076812065
"CTGAAGTGTAAGAGGA-1_GSM4013385",1.1545390349101
"TGCCCATTCTTGTTTG-1_GSM4013385",1.11886972091068
"GTAGGCCAGAGGTACC-1_GSM4013385",1.19898832715676
"ATTGGTGAGACCTAGG-1_GSM4013385",0.490999936428274
"GCCTCTATCACTTATC-1_GSM4013385",0.771426870616881
"CAAGATCAGCGTTTAC-1_GSM4013385",0.477049709654803
"AAAGCAAAGTGAACGC-1_GSM4013385",1.16085606178082
"CAGGTGCTCCCATTAT-1_GSM4013385",1.059916997641
"TCTGAGACACTTCGAA-1_GSM4013385",0.567600779156446
"TCACAAGAGAACTGTA-1_GSM4013385",0.962166757751929
"GGAAAGCAGAGCAATT-1_GSM4013385",0.80076426693939
"CGCGTTTCATGTAGTC-1_GSM4013385",1.09939380017183
"TATCTCAGTTATGTGC-1_GSM4013385",0.715677433560455
"AAAGATGGTCCTCCAT-1_GSM4013385",0.855738599929412
"ACTGTCCCAGCTGTTA-1_GSM4013385",0.857486120148453
"GGCTCGACAATGAATG-1_GSM4013385",0.686820632401418
"CTCGGAGAGAGCTATA-1_GSM4013385",0.177999439974164
"TCGCGAGCAACGATGG-1_GSM4013385",0.832671638890597
"CTGATAGGTTATGCGT-1_GSM4013385",0.490084336401859
"TCAGGTAGTTGAACTC-1_GSM4013385",0.97286241339279
"CACACAAAGCGCCTCA-1_GSM4013385",1.14584702845301
"GGAACTTCAGCTCGCA-1_GSM4013385",1.02284466375195
"AGAGTGGAGAATTCCC-1_GSM4013385",0.507012499964276
"CATGCCTCATGTAGTC-1_GSM4013385",0.720252646728576
"TTGCCGTTCCTAGAAC-1_GSM4013385",0.827156267617649
"AGGCCACTCCGCGGTA-1_GSM4013385",1.13052714892005
"TAGAGCTAGAGATGAG-1_GSM4013385",0.467398837353292
"CCTATTAGTCAAAGAT-1_GSM4013385",1.01118288369354
"ACGCAGCTCACCTCGT-1_GSM4013385",0.780849281657733
"TCGGGACGTGTGCCTG-1_GSM4013385",0.99852058317226
"CGTCAGGTCTCGTATT-1_GSM4013385",0.790370021259651
"CTGCGGACATGTTCCC-1_GSM4013385",0.957292747877043
"ACACCAATCGCGTTTC-1_GSM4013385",0.497530629066653
"CTAATGGCATACTCTT-1_GSM4013385",0.0335827463638028
"AGCTCTCTCCTGCAGG-1_GSM4013385",1.21477041827797
"CATATGGAGATCCCGC-1_GSM4013385",0.496902848915646
"TCTCATATCTTATCTG-1_GSM4013385",0.660938971864496
"CGCGTTTGTCATATCG-1_GSM4013385",0.483553000038554
"AGAGCTTGTTTCGCTC-1_GSM4013385",1.02373513715572
"CGGTTAAAGTCCCACG-1_GSM4013385",0.936383819216441
"GGCTCGAAGTTAAGTG-1_GSM4013385",1.20246424764758
"CTTAGGAGTTGAGGTG-1_GSM4013385",0.803857260604166
"CCGTTCATCTGGAGCC-1_GSM4013385",1.13891144223421
"CTGGTCTAGCTGCCCA-1_GSM4013385",0.972782661160997
"AAGGCAGTCGGAAATA-1_GSM4013385",0.710950414176596
"CTTCTCTTCGGACAAG-1_GSM4013385",1.01369175913452
"GTATCTTAGGACAGCT-1_GSM4013385",0.75519069079752
"GACGTTAGTAGAGCTG-1_GSM4013385",1.03882236514441
"CTAATGGCATTCGACA-1_GSM4013385",0.853152211870484
"CGCGTTTGTGGCAAAC-1_GSM4013385",0.61754780713552
"GGGAGATGTTATCCGA-1_GSM4013385",0.812321067253731
"TTCCCAGCAATCCGAT-1_GSM4013385",1.07445031733567
"CGAACATCAACGATGG-1_GSM4013385",1.19055636603368
"GGACAGAAGCAAATCA-1_GSM4013385",1.05190633802529
"CATTATCGTTCTGGTA-1_GSM4013385",0.5044697533474
"CTTAACTCACGGTAGA-1_GSM4013385",0.886083840133824
"TAGTGGTGTTGAGGTG-1_GSM4013385",1.23638617823054
"AAATGCCCAATGGTCT-1_GSM4013385",0.993206691415391
"TTAACTCTCTTAGAGC-1_GSM4013385",0.962042648012856
"TCGTACCTCTAAGCCA-1_GSM4013385",0.700761558102273
"CTCATTATCTTGCATT-1_GSM4013385",1.14768545085043
"CACAGTAGTTGCGTTA-1_GSM4013385",0.725753187669224
"TAGTTGGAGTTAAGTG-1_GSM4013385",1.04249633805157
"TCAGGATCAAAGCAAT-1_GSM4013385",1.13660848638631
"CACCACTAGCCGATTT-1_GSM4013385",0.954515863520682
"ACTGATGCACGGTAGA-1_GSM4013385",0.726191295036397
"AACGTTGAGTTGTAGA-1_GSM4013385",0.954935006559251
"CGCCAAGCATCGATTG-1_GSM4013385",0.611032036171264
"TGAAAGATCGCCCTTA-1_GSM4013385",1.08368951429071
"CCGGTAGTCCTAAGTG-1_GSM4013385",0.827493600144259
"GCAATCAGTCAGTGGA-1_GSM4013385",0.979001400873595
"GTCATTTAGCAGACTG-1_GSM4013385",0.533479941055028
"AGAGCGATCGGTGTTA-1_GSM4013385",0.379824458689826
"GGACAGAGTGGCCCTA-1_GSM4013385",0.730929502296903
"GATGAAAAGCGCTCCA-1_GSM4013385",0.763178731492058
"TATTACCTCCATGAGT-1_GSM4013385",0.939456178930649
"CTAATGGTCTAACTCT-1_GSM4013385",0.578102269211927
"ACAGCCGGTAGCTCCG-1_GSM4013385",0.711969950724846
"GTATTCTTCAGTGCAT-1_GSM4013385",0.963632828213148
"TATGCCCCACACAGAG-1_GSM4013385",0.901056976721181
"CGCCAAGCACGAGAGT-1_GSM4013385",0.444831312671606
"CGTTCTGGTTGGTAAA-1_GSM4013385",0.901502226407288
"AAGGCAGCAGCCAATT-1_GSM4013385",0.493988639160723
"CTGATCCGTCCGTCAG-1_GSM4013385",0.60549009982217
"GTTAAGCCAGGTCGTC-1_GSM4013385",0.822950815798552
"CTCCTAGTCTGCGGCA-1_GSM4013385",1.15550566554952
"CTTCTCTCAGAGCCAA-1_GSM4013385",1.28586496867715
"GCAGTTAGTGCTTCTC-1_GSM4013385",0.493405920927291
"TTCTCAACATCGTCGG-1_GSM4013385",0.883318548980678
"ACGAGCCTCGGAGCAA-1_GSM4013385",0.84037741217027
"CATGGCGCAACTTGAC-1_GSM4013385",1.18044532991474
"GACGTTATCACTCTTA-1_GSM4013385",0.618808516476989
"CGCGGTAGTAAAGTCA-1_GSM4013385",0.299551300596444
"TTCTTAGGTATTCGTG-1_GSM4013385",0.7718889564756
"TACACGATCTTGTTTG-1_GSM4013385",0.461109045980836
"GGCAATTCATACGCCG-1_GSM4013385",0.942854547071897
"TTCTCCTAGATCCCAT-1_GSM4013385",0.561225588334178
"AGTGGGATCGCCTGAG-1_GSM4013385",1.15491456533989
"TACGGTAGTCTAGTGT-1_GSM4013385",0.383377873821384
"CTACATTAGTGGTAAT-1_GSM4013385",0.867060355800888
"ACGAGGAGTCTAAAGA-1_GSM4013385",0.798889319727546
"AGGTCCGTCAACACTG-1_GSM4013385",0.942614663477668
"CACACCTCAAGACACG-1_GSM4013385",0.549747477823544
"TACGGATCAATGTTGC-1_GSM4013385",0.538283095153753
"TTGAACGCAATGAATG-1_GSM4013385",0.656546622152655
"AGCTCCTAGATCCGAG-1_GSM4013385",0.687661358050639
"AAATGCCAGCTGAAAT-1_GSM4013385",1.02010361005756
"CTTAACTTCTTGTCAT-1_GSM4013385",1.09434260207238
"CGGACACTCCACGTTC-1_GSM4013385",0.591609438853727
"GGTATTGTCGTCCGTT-1_GSM4013385",0.461385913347983
"CTCTGGTGTATTCGTG-1_GSM4013385",0.108602844633696
"CTTAACTAGGAGCGAG-1_GSM4013385",0.537209698506355
"CACAAACCAACCGCCA-1_GSM4013385",0.50967986210615
"CTAGTGAGTGTATGGG-1_GSM4013385",0.321353907252814
"TGCCCTACATTACGAC-1_GSM4013385",0.57523044492327
"CTAGCCTTCTCCGGTT-1_GSM4013385",0.723666330365921
"AATCCAGCACAGGAGT-1_GSM4013385",0.772181747929407
"GTATTCTTCACCAGGC-1_GSM4013385",0.857042534246856
"CGCTATCAGACTAAGT-1_GSM4013385",0.430325195691963
"TACGGATAGGTGCTTT-1_GSM4013385",0.450275886402668
"GTTCTCGTCCCTCTTT-1_GSM4013385",0.391467435812378
"CTGTGCTGTGCGCTTG-1_GSM4013385",0.632509503202724
"GGATGTTTCTCTGCTG-1_GSM4013385",0.645137282154361
"CCCAATCCACAGGCCT-1_GSM4013385",0.819096919238027
"CGAGCCATCCTGCTTG-1_GSM4013385",1.06252366613975
"GATCAGTAGCTCTCGG-1_GSM4013385",0.476462014151208
"ACGAGCCCACTCAGGC-1_GSM4013385",0.344255683138552
"CCTAGCTCAAGCGTAG-1_GSM4013385",0.967979492796561
"GCAATCACAGGACGTA-1_GSM4013385",0.90072648123548
"TTTACTGGTCTCCATC-1_GSM4013385",1.03845461280808
"AAAGTAGTCGGAATCT-1_GSM4013385",0.443247460457945
"GCAGCCAAGCCCAATT-1_GSM4013385",0.595063471553584
"AGCGTATGTGAAGGCT-1_GSM4013385",0.805288384429753
"GCTTGAAGTGTAATGA-1_GSM4013385",1.07452954401146
"CGGACGTAGAAGGGTA-1_GSM4013385",0.566512527467486
"CAGAATCGTGAGTGAC-1_GSM4013385",1.0664759290792
"CCTCTGAGTTCGCTAA-1_GSM4013385",0.766836705510082
"ATAACGCGTACTTAGC-1_GSM4013385",0.10128349090647
"ATTGGACGTAACGCGA-1_GSM4013385",0.723337351581819
"CAGAGAGAGATGTTAG-1_GSM4013385",1.02402531458909
"GCATGATAGTCTCCTC-1_GSM4013385",1.39705954721982
"GTACTTTTCTTCCTTC-1_GSM4013385",0.610983531482386
"CGGACTGGTAAATGTG-1_GSM4013385",0.511954465482129
"TATCAGGCACCGTTGG-1_GSM4013385",0.484505737838866
"GGATTACTCCAGTATG-1_GSM4013385",0.921590036852464
"TTAGGCAAGTTAGCGG-1_GSM4013385",0.364845631102962
"GAATGAACAGCGAACA-1_GSM4013385",0.502617639685073
"CTTCTCTGTCAGAATA-1_GSM4013385",0.999997566797302
"CAAGGCCCAGAGCCAA-1_GSM4013385",0.270266752201726
"GCACTCTGTATCTGCA-1_GSM4013385",1.07288615729571
"GACGGCTTCCGCGCAA-1_GSM4013385",1.20924405173972
"ACTTGTTAGAAGATTC-1_GSM4013385",1.14547165383799
"GATGAAAAGTTGCAGG-1_GSM4013385",0.955204323047942
"GCGGGTTGTACTTCTT-1_GSM4013385",0.606080614668562
"GATCAGTTCTGTACGA-1_GSM4013385",1.08954407383887
"GGGAGATGTCCGCTGA-1_GSM4013385",1.05246755183058
"TCGTACCTCTACTATC-1_GSM4013385",0.420836146000403
"AGTCTTTTCTCTAGGA-1_GSM4013385",0.467867136758506
"GTTCATTGTCCTGCTT-1_GSM4013385",0.879577793647575
"ACACCAAGTTGTCGCG-1_GSM4013385",1.30531995293086
"TACAGTGGTAGAAGGA-1_GSM4013385",0.79479436290582
"CACATTTCAGTAAGAT-1_GSM4013385",1.17418520122272
"CTACATTCACAGGCCT-1_GSM4013385",0.541743929659171
"TCTCTAATCGTACGGC-1_GSM4013385",1.19838483344714
"CATGGCGGTGGTTTCA-1_GSM4013385",0.627881145792048
"GACGCGTCAGGACCCT-1_GSM4013385",0.874212598373495
"GCATGCGTCTCTTGAT-1_GSM4013385",0.708742418017451
"CGGAGCTGTTATGCGT-1_GSM4013385",0.475619860533144
"TATGCCCAGTGGTCCC-1_GSM4013385",0.337737469110733
"AAGGAGCAGCCAGGAT-1_GSM4013385",0.737678375982921
"TGTGGTATCATCTGTT-1_GSM4013385",1.25772273066793
"AGTAGTCGTCTAGGTT-1_GSM4013385",0.920885420589806
"CACACTCCACATCTTT-1_GSM4013385",0.74461112261727
"CAAGATCTCAGAGCTT-1_GSM4013385",0.387276157405661
"CGTGAGCAGCGATCCC-1_GSM4013385",0.0227228641891271
"CATGCCTTCGAATGGG-1_GSM4013385",0.535974904091038
"ACCAGTAAGCGATATA-1_GSM4013385",0.464687167954237
"TCGCGAGAGTGACATA-1_GSM4013385",1.18379336227033
"GTAGTCAGTATTCGTG-1_GSM4013385",0.48959944911635
"CCATGTCGTCCTAGCG-1_GSM4013385",0.727676131034598
"GGGCACTTCGCGTAGC-1_GSM4013385",0.886075276889071
"TCCCGATCACGAAACG-1_GSM4013385",0.429376898342279
"CTGTTTATCAACACAC-1_GSM4013385",0.544564729452279
"ATTTCTGCATACTACG-1_GSM4013385",0.475640746630974
"ACGAGGATCAGCTGGC-1_GSM4013385",0.840049698183581
"TGACTTTAGGCTCAGA-1_GSM4013385",0.941445086591932
"TACGGTATCACGGTTA-1_GSM4013385",0.935111859717633
"TCTTTCCGTCAGCTAT-1_GSM4013385",0.61619146079097
"CGCCAAGTCAGTTAGC-1_GSM4013385",0.664683641122879
"TTATGCTAGTACGACG-1_GSM4013385",0.890618229307066
"GATGCTACACGGCCAT-1_GSM4013385",0.193728279850485
"CTGAAGTGTATAATGG-1_GSM4013385",0.410977430334725
"GGACAAGCATGCAACT-1_GSM4013385",0.836165593078873
"AGGCCGTGTAAGAGGA-1_GSM4013385",0.55724278515688
"ACCTTTAGTCTCATCC-1_GSM4013385",1.02927856761947
"AAACGGGCATAGACTC-1_GSM4013385",0.325909648919199
"CTAACTTAGGACCACA-1_GSM4013385",0.952216588760431
"GATCGTATCTTCCTTC-1_GSM4013385",0.389982191926362
"CTCATTAGTTTGACAC-1_GSM4013385",0.408193529432791
"ACCAGTACAATCTACG-1_GSM4013385",1.04824287849711
"TTTACTGAGGCTCTTA-1_GSM4013385",0.883511468529351
"CGTCTACTCAGTCAGT-1_GSM4013385",0.938161730126673
"TCTGAGAGTCGTTGTA-1_GSM4013385",1.1304861020953
"CAAGATCGTTCCGTCT-1_GSM4013385",0.649753886602882
"CAGTAACAGGAGTACC-1_GSM4013385",0.720702682905346
"GCTGGGTGTACGACCC-1_GSM4013385",0.586021499995128
"GTATTCTGTACTTGAC-1_GSM4013385",1.00473534194247
"CTACATTTCTGCGACG-1_GSM4013385",0.679343527775193
"ACACCGGAGCGACGTA-1_GSM4013385",0.401577854672516
"GTCTTCGTCCACTCCA-1_GSM4013385",1.15851708502057
"AAGCCGCCATAGAAAC-1_GSM4013385",0.423306097106425
"ACGCCAGGTGAGCGAT-1_GSM4013385",0.194602843806282
"GCAATCAGTCCAAGTT-1_GSM4013385",0.680819128640233
"TCAGGATGTACCGGCT-1_GSM4013385",0.919848377684345
"CACAGTATCTGCAGTA-1_GSM4013385",0.494046180010056
"ACGATACAGAACTCGG-1_GSM4013385",0.767787704933818
"CAACCTCAGACATAAC-1_GSM4013385",0.715613745643971
"ATCCACCAGCCATCGC-1_GSM4013385",0.204249265426946
"CCACGGAAGTGAACGC-1_GSM4013385",0.916637193884817
"CAGAGAGGTGACGGTA-1_GSM4013385",0.871247984676785
"CGTGTCTGTTGAGTTC-1_GSM4013385",1.11659878155099
"GCGCCAACATTTGCCC-1_GSM4013385",0.798896350578845
"TACAGTGGTTGCGCAC-1_GSM4013385",0.776108661791831
"TCAACGAGTGGAAAGA-1_GSM4013385",1.00434851833422
"TGACTTTAGCTGATAA-1_GSM4013385",0.612934057781828
"CCGTGGACATCAGTAC-1_GSM4013385",0.702839031440113
"CGGACACAGACCACGA-1_GSM4013385",1.08811058298526
"GCATACAAGCGTGTCC-1_GSM4013385",0.962436557749115
"CTACACCAGTGGGCTA-1_GSM4013385",1.12889966153401
"CAGCTGGCAATCACAC-1_GSM4013385",1.2390009074203
"GTCGGGTTCTGGTTCC-1_GSM4013385",1.1167487774189
"GCATGTAGTATCACCA-1_GSM4013385",0.548652445571477
"TGATTTCAGAGTACCG-1_GSM4013385",0.695601209151697
"TGGTTCCAGGCGACAT-1_GSM4013385",0.411967668883588
"GTGGGTCTCTAACGGT-1_GSM4013385",1.06117202108599
"CGGACGTAGTTCGCAT-1_GSM4013385",0.798060987666833
"ACTTACTAGCGCTTAT-1_GSM4013385",0.589294707604036
"AGCAGCCTCAGCTCGG-1_GSM4013385",0.793911238452108
"CACTCCATCGCAAGCC-1_GSM4013385",1.01908756447948
"GTCACGGCATTTCACT-1_GSM4013385",0.635134941899423
"AATCCAGTCAACACGT-1_GSM4013385",0.480266777049588
"GGTATTGCAGGTGCCT-1_GSM4013385",0.309071535537701
"CAACTAGAGACGCAAC-1_GSM4013385",0.858315284847592
"GTTCTCGCATTCTTAC-1_GSM4013385",0.609625177844915
"ACAGCTACAGTATAAG-1_GSM4013385",0.437307227940744
"TGTCCCAAGCGCTTAT-1_GSM4013385",0.339824685722828
"CTCGTCAAGGCGCTCT-1_GSM4013385",0.884912978513176
"AGATCTGTCGGCGGTT-1_GSM4013385",0.451806726886767
"CACAGGCCAGGATTGG-1_GSM4013385",0.780565589083358
"TCAGCAAGTACCATCA-1_GSM4013385",0.0876769132571601
"GGTATTGTCCCATTAT-1_GSM4013385",1.06018935177478
"CACATTTTCGCTAGCG-1_GSM4013385",0.548302793399085
"CAGAGAGCACGCCAGT-1_GSM4013385",0.53464992172308
"ATAAGAGGTTCAGGCC-1_GSM4013385",0.77897557093933
"GGGTTGCGTAGCAAAT-1_GSM4013385",0.846090097771662
"CATGACATCTCTTGAT-1_GSM4013385",0.652426496490161
"AACTCCCAGTAGTGCG-1_GSM4013385",0.573821159361789
"GGACGTCCAGCGTTCG-1_GSM4013385",1.08421868109501
"CGTCACTTCGGTGTCG-1_GSM4013385",0.700669704678457
"ATCACGAAGTCCATAC-1_GSM4013385",0.607019216072051
"GATCGCGGTTATGCGT-1_GSM4013385",0.495890131027184
"TACGGTATCATTGCCC-1_GSM4013385",0.709321418130941
"AGATTGCAGTTACCCA-1_GSM4013385",0.760423392165455
"TACCTATCAAAGTCAA-1_GSM4013385",0.629406686687725
"ACGAGCCCACTAGTAC-1_GSM4013385",0.392344850136034
"GCAGTTAAGGATGCGT-1_GSM4013385",0.48245324232373
"TACCTATAGTGTACCT-1_GSM4013385",0.606374453217128
"CAGAATCTCAGCACAT-1_GSM4013385",0.686239242512071
"TATCTCACACCGAATT-1_GSM4013385",0.802659129991664
"CCCATACAGTTGCAGG-1_GSM4013385",1.05988538901782
"CATCCACGTAAACCTC-1_GSM4013385",1.14071378671579
"TATGCCCGTAGCAAAT-1_GSM4013385",0.422774614260038
"TTTATGCCAGGATCGA-1_GSM4013385",0.397611746487964
"CACCAGGAGGATGGAA-1_GSM4013385",0.879607511381328
"GTACTCCGTCCCTTGT-1_GSM4013385",1.08576295914637
"AGGCCACAGGTAGCCA-1_GSM4013385",0.552030159167276
"ACTGATGAGCTGCCCA-1_GSM4013385",1.28848838791147
"TCATTTGAGCTAACTC-1_GSM4013385",0.414422695184079
"TGTTCCGAGGATGTAT-1_GSM4013385",0.533709631438646
"CGCGTTTTCTATGTGG-1_GSM4013385",1.10064261815513
"AGATTGCCATCTCGCT-1_GSM4013385",0.647760986090929
"CGTTCTGCACATAACC-1_GSM4013385",0.337464128731604
"GATCTAGTCGCCGTGA-1_GSM4013385",0.660420043983978
"AAAGCAAAGTACCGGA-1_GSM4013385",0.659067276216755
"GACAGAGCATGGTAGG-1_GSM4013385",1.09805970732832
"TTCTTAGGTGGCCCTA-1_GSM4013385",0.603147953460158
"TGACAACAGAAACGCC-1_GSM4013385",1.12483241093436
"GGCGACTGTCAGCTAT-1_GSM4013385",0.654052667342982
"ACCGTAACATCGGTTA-1_GSM4013385",0.53652289955233
"CAGCATAAGTACGCCC-1_GSM4013385",1.01695934696554
"TGCCAAAGTTCCACAA-1_GSM4013385",0.610648782041221
"CAGCATACAACGATCT-1_GSM4013385",0.989328456773498
"CTACGTCTCATCACCC-1_GSM4013385",0.616121303417221
"ACCAGTAGTTACTGAC-1_GSM4013385",0.521505090145471
"TCTCTAAGTGCAGGTA-1_GSM4013385",0.651257250836353
"TCATTACCATCCCACT-1_GSM4013385",0.377203590791333
"CAACCTCCACAAGACG-1_GSM4013385",0.320325703679436
"TACTTACGTCGTGGCT-1_GSM4013385",1.13682027376987
"TTCTCCTTCCGTAGGC-1_GSM4013385",0.797761454841478
"GTAACTGCATCACAAC-1_GSM4013385",0.487790808633538
"ATCCACCCATGCCACG-1_GSM4013385",0.418737655219118
"ACAGCCGGTCGGGTCT-1_GSM4013385",0.643474601095091
"GACAGAGAGCGTGAAC-1_GSM4013385",0.921642749934977
"GTCACAACAGGAATCG-1_GSM4013385",0.541064131702038
"AACTCTTGTTGGTAAA-1_GSM4013385",0.893560409005424
"GTAACTGGTTCAGCGC-1_GSM4013385",0.96702976780931
"ACAGCTATCTTGCCGT-1_GSM4013385",0.934264847969727
"GCATGTAGTAGCTCCG-1_GSM4013385",0.941790061408292
"ATCTGCCTCTCCCTGA-1_GSM4013385",0.706099458955281
"TCTGGAACATGTAGTC-1_GSM4013385",0.459333611330758
"CAAGGCCAGCGGATCA-1_GSM4013385",0.852647561766018
"TGCACCTTCGTAGGTT-1_GSM4013385",0.293134829215911
"GACAGAGAGGCAATTA-1_GSM4013385",0.922938846205198
"CCCAATCCATTCTCAT-1_GSM4013385",0.76737789295699
"GGCGTGTGTCACCTAA-1_GSM4013385",0.529827682876527
"GCTGCTTAGCTACCGC-1_GSM4013385",0.731269632239265
"ACGTCAATCGGAGCAA-1_GSM4013385",0.995292588699383
"AGCAGCCCATGTTGAC-1_GSM4013385",0.824575216054139
"CTAGTGATCCACGCAG-1_GSM4013385",0.990786273079863
"ACGCAGCCAACTGGCC-1_GSM4013385",0.704519802712846
"GTCGGGTCAAGGTTCT-1_GSM4013385",0.546592534431998
"AACTCAGTCTTGTTTG-1_GSM4013385",0.804511750572592
"GAATAAGTCACGCATA-1_GSM4013385",0.809182239708664
"GCAGTTAGTTGCGTTA-1_GSM4013385",0.371182799295991
"GAAGCAGCATAAGACA-1_GSM4013385",0.680903896984511
"ACGAGGAGTCCAGTTA-1_GSM4013385",0.387471949350783
"AGCGTATTCGTTACAG-1_GSM4013385",0.943295865261991
"TCGGGACAGGTCGGAT-1_GSM4013385",0.596260620332338
"CACATTTCAGCCTTTC-1_GSM4013385",0.620238164681602
"GCAGCCAAGACGCACA-1_GSM4013385",0.818089023123373
"CCTCAGTCAAGCTGGA-1_GSM4013385",0.969484999926491
"CTCATTACACGGTAGA-1_GSM4013385",0.852484115181383
"CACTCCATCGGTTAAC-1_GSM4013385",1.10824682400244
"ATCGAGTAGCAACGGT-1_GSM4013385",0.547949229953641
"TGAGCCGGTTGATTCG-1_GSM4013385",0.452169242201686
"TTCTCAACACCCATGG-1_GSM4013385",0.595115626434485
"TACGGATAGATGCCTT-1_GSM4013385",0.0158828958631896
"GGAACTTGTGATAAAC-1_GSM4013385",0.669831910198603
"TAAACCGAGTGGAGTC-1_GSM4013385",0.337153741268896
"AGGTCATAGACTTTCG-1_GSM4013385",0.850103524260858
"CCTACACCAATGAAAC-1_GSM4013385",0.839024379101855
"CGAGCCAAGTTAGCGG-1_GSM4013385",0.435296417790939
"TGGCGCACATTCACTT-1_GSM4013385",0.813897849612737
"CATTCGCGTAGAAGGA-1_GSM4013385",0.712405699612637
"ACACCCTGTCGAGTTT-1_GSM4013385",0.484641483912753
"CTCAGAAAGATATGGT-1_GSM4013385",0.664047512424257
"AGAATAGGTGAAAGAG-1_GSM4013385",0.935889542206557
"GACGTTACACCGTTGG-1_GSM4013385",0.4827156126595
"CAGATCAAGGTGTGGT-1_GSM4013385",0.48182133262742
"CCAATCCGTTGGACCC-1_GSM4013385",1.06093136714778
"CATGGCGGTATATGAG-1_GSM4013385",0.697144178368819
"CGTCAGGCATTGAGCT-1_GSM4013385",1.1120921411248
"AGCATACAGCGCCTTG-1_GSM4013385",0.293336674947923
"CACACTCTCTCGCATC-1_GSM4013385",0.630009123607655
"GAGCAGACACGAGAGT-1_GSM4013385",0.3462320672857
"TTGAACGCATCGGTTA-1_GSM4013385",0.668391075648563
"GGACAGACAAGGACAC-1_GSM4013385",0.442962614859015
"GATGCTAGTGTATGGG-1_GSM4013385",0.486158189184204
"CTACCCACAATCTGCA-1_GSM4013385",1.17655904820779
"CGTGTAATCAGGCAAG-1_GSM4013385",0.303194558138745
"TCAGGTAGTATATCCG-1_GSM4013385",0.864023395148526
"GTCGGGTCACGGTGTC-1_GSM4013385",0.418157325552802
"TGAGGGAAGAGAGCTC-1_GSM4013385",0.793701380553762
"CAACCTCAGACCGGAT-1_GSM4013385",1.16958669712875
"CTCTACGAGCTAACTC-1_GSM4013385",0.580520342527232
"GTCGTAATCAGTTGAC-1_GSM4013385",1.07634563443865
"GGCTCGACATCTACGA-1_GSM4013385",0.389612464203052
"GGCTCGAAGTAGCCGA-1_GSM4013385",1.00739928866998
"TGCTGCTAGCGAAGGG-1_GSM4013385",0.611003884084185
"CTGAAACCAGGTGGAT-1_GSM4013385",0.948262154054281
"TACCTATTCTTGTACT-1_GSM4013385",0.66616782314514
"GACAGAGTCTAACTCT-1_GSM4013385",0.577370941280584
"ACATCAGTCGCGTTTC-1_GSM4013385",0.501429844131524
"CCTTACGAGACTACAA-1_GSM4013385",0.925819286959654
"AACTCAGTCTTTCCTC-1_GSM4013385",0.646545851191473
"ACCCACTGTCGGGTCT-1_GSM4013385",0.607801859220616
"TGGCGCATCCCAGGTG-1_GSM4013385",0.343931060069462
"CTCGTACGTGTGACGA-1_GSM4013385",0.338209567001651
"AGCATACTCACGATGT-1_GSM4013385",0.722545119221039
"ACGATACAGACTTGAA-1_GSM4013385",0.476519867541074
"GACTAACCACAGAGGT-1_GSM4013385",0.449335077825442
"TCGAGGCAGTACGCGA-1_GSM4013385",0.141750882678885
"CACCAGGAGTCCCACG-1_GSM4013385",0.438140274731397
"ATTCTACAGTGCAAGC-1_GSM4013385",0.995728111766434
"CTACGTCAGCGATTCT-1_GSM4013385",0.418205160898223
"CAAGATCTCGTGTAGT-1_GSM4013385",0.959936541580332
"GCGACCATCCTATTCA-1_GSM4013385",0.910904310994894
"AGCGGTCTCCTAGAAC-1_GSM4013385",0.317148078979922
"CGGACACAGTGAACGC-1_GSM4013385",0.123760215919578
"TTCGGTCAGAGTACCG-1_GSM4013385",0.911814679244841
"AGAGTGGTCGCGTTTC-1_GSM4013385",1.06856767530693
"GTCTTCGGTGCGATAG-1_GSM4013385",0.927784853112948
"TGCCCTAGTAGCAAAT-1_GSM4013385",1.02886803202333
"GCCAAATGTTGATTCG-1_GSM4013385",0.846140548366125
"AGCGTATGTCAGGACA-1_GSM4013385",0.426568741351505
"TACCTTATCGGTTCGG-1_GSM4013385",0.317922085192312
"AGATTGCCAGTCAGCC-1_GSM4013385",0.747513442101486
"GGGATGATCTACTCAT-1_GSM4013385",0.458433728017936
"TGACTAGTCCCAAGAT-1_GSM4013385",0.647591281374127
"CAGATCACAGCTGTTA-1_GSM4013385",1.04407482669061
"GGGAATGGTGATAAAC-1_GSM4013385",0.025509618388863
"TTCCCAGCATGCCCGA-1_GSM4013385",0.878042182147118
"GTCGGGTTCTCACATT-1_GSM4013385",0.409047019681267
"GTGTGCGAGGAGTAGA-1_GSM4013385",1.04519765334981
"AGCAGCCTCCCGACTT-1_GSM4013385",0.918327056246289
"CTCATTACATCACGAT-1_GSM4013385",0.674335197895962
"CTAGAGTAGCATCATC-1_GSM4013385",0.651418380032182
"GGCTGGTTCAGCGATT-1_GSM4013385",1.04267002574102
"CCGTACTCATCACGAT-1_GSM4013385",0.605833650305667
"CTTGGCTCACGTGAGA-1_GSM4013385",1.0781037696362
"CATGACACAAGCCGTC-1_GSM4013385",0.41984836544946
"TTGGCAACAAGGTTCT-1_GSM4013385",0.636684978247953
"TATCAGGCACGTGAGA-1_GSM4013385",0.286110392236626
"TTCCCAGTCACAATGC-1_GSM4013385",1.19085375717801
"GGTGAAGCATCAGTAC-1_GSM4013385",0.707432678885277
"GTCACGGTCCTTGGTC-1_GSM4013385",0.911118585338087
"ACACCCTGTACATCCA-1_GSM4013385",0.974534292345548
"GGATGTTGTAGCACGA-1_GSM4013385",1.02587644876385
"TCGAGGCAGAACTGTA-1_GSM4013385",0.43509849652141
"ATCTACTCAGCTTCGG-1_GSM4013385",0.641457381105548
"ACTGCTCGTTAAGTAG-1_GSM4013385",0.714064885493492
"ACACCAAGTATGAATG-1_GSM4013385",0.68214079234872
"CGAACATGTTCTGAAC-1_GSM4013385",0.592034917958639
"GCGACCATCTTCAACT-1_GSM4013385",0.269521725466683
"TCGTAGACAGTGACAG-1_GSM4013385",1.08135069997638
"AACACGTCATGTAGTC-1_GSM4013385",0.318845563257199
"ATCATCTAGCCACGTC-1_GSM4013385",0.777115759676811
"TGGGCGTTCTCTTATG-1_GSM4013385",0.489020410344884
"CCGTTCATCCGTCATC-1_GSM4013385",0.791963139464571
"CCACGGACAGACACTT-1_GSM4013385",0.712326732262287
"GGACAAGCACAGCGTC-1_GSM4013385",0.821276278370056
"GCATGCGCAAAGTGCG-1_GSM4013385",1.03339291408939
"GGATGTTTCAAGGTAA-1_GSM4013385",0.238570308050772
"GACCAATTCTAACGGT-1_GSM4013385",1.08329551204958
"CCTACACGTTAGATGA-1_GSM4013385",0.805109497173601
"CCTTTCTCATGGTTGT-1_GSM4013385",0.558745082209506
"TCCCGATAGAGGTAGA-1_GSM4013385",0.319973287061426
"CTTCTCTAGCTACCTA-1_GSM4013385",0.532547726427677
"TGGCGCAAGTCTCCTC-1_GSM4013385",0.445549742427742
"TCATTTGAGGAGCGAG-1_GSM4013385",0.99333434307921
"TAGTGGTAGTGGACGT-1_GSM4013385",0.679937102008223
"TCGGTAAAGCGTAATA-1_GSM4013385",0.571510767136428
"TGGCCAGGTATCACCA-1_GSM4013385",0.688216100649584
"GGACAGAAGAAGGACA-1_GSM4013385",0.601745318355283
"CTCGGGAAGCGCCTCA-1_GSM4013385",0.53443433132283
"TGCTACCTCTGCGGCA-1_GSM4013385",0.776882778945546
"GGTGTTACAACTGGCC-1_GSM4013385",0.513543260115321
"TCAGGATTCGCGTTTC-1_GSM4013385",0.616922085693205
"GGCAATTGTGGTAACG-1_GSM4013385",0.229397057200733
"GGCTCGATCATGCATG-1_GSM4013385",0.802844141764979
"AGCCTAACAAGACGTG-1_GSM4013385",1.10119240057194
"AGGGATGCATACTCTT-1_GSM4013385",0.881042280539122
"GCATGCGCATATACGC-1_GSM4013385",1.05394283836803
"CTTACCGAGAGTACAT-1_GSM4013385",0.930971688588685
"TACCTTAAGTACACCT-1_GSM4013385",0.461298969842289
"AGAGTGGTCACAGGCC-1_GSM4013385",0.476479060343058
"GCGCCAAGTAGGGACT-1_GSM4013385",0.344611491433445
"ATCTACTTCAAGGTAA-1_GSM4013385",0.943423223428581
"CGATGGCCAATCGAAA-1_GSM4013385",0.675966214010268
"GCGCAGTAGGAATGGA-1_GSM4013385",0.796332880040169
"AAAGTAGAGCAGCCTC-1_GSM4013385",0.805350518346779
"TCTATTGAGCGATTCT-1_GSM4013385",0.729942381495773
"CTGAAACAGGATGGAA-1_GSM4013385",0.967323113398682
"GTCATTTTCTTGAGAC-1_GSM4013385",0.873486260637873
"GTGTTAGGTATTAGCC-1_GSM4013385",0.671384455987666
"CTACGTCTCACATACG-1_GSM4013385",0.778327976393025
"GCTGCGAGTCCAGTGC-1_GSM4013385",0.921615108151337
"GAACGGACAGTCAGCC-1_GSM4013385",0.821129043586304
"GAATAAGAGATCGATA-1_GSM4013385",0.634843333946537
"CTGTGCTCAAGTAATG-1_GSM4013385",0.385990006036335
"CCTCAGTCATCATCCC-1_GSM4013385",0.814060659656867
"CGCTATCTCGCTTGTC-1_GSM4013385",0.513007353244202
"ATTACTCAGCCAACAG-1_GSM4013385",0.284244146281365
"AAGGTTCCAGTGGGAT-1_GSM4013385",0.199962565979895
"TGTGTTTTCGCTAGCG-1_GSM4013385",0.821859869203494
"ACTTGTTCACAGTCGC-1_GSM4013385",0.437447979039518
"TGCGTGGGTCTGATCA-1_GSM4013385",0.977912457878685
"TCGCGTTTCATCGGAT-1_GSM4013385",0.951640742944953
"TCATTTGCAGGACCCT-1_GSM4013385",0.605792858410202
"GTTCTCGTCACTGGGC-1_GSM4013385",0.302200437724451
"GAACCTACATGAGCGA-1_GSM4013385",0.434467054972558
"GCAAACTAGGTAGCCA-1_GSM4013385",0.622074185193913
"TAAGAGAGTTGAGGTG-1_GSM4013385",0.51541293439961
"GGAGCAATCCGTTGTC-1_GSM4013385",0.767596590767528
"AAAGTAGGTCTCTTTA-1_GSM4013385",0.360589888441901
"GCAAACTCAACTTGAC-1_GSM4013385",0.788363497646165
"GATCTAGCAGACGCCT-1_GSM4013385",0.732742229462744
"GCATGTAAGTGAAGTT-1_GSM4013385",0.373152532750951
"CTCACACAGGCATGTG-1_GSM4013385",0.93902454787796
"GGATGTTAGTGTTGAA-1_GSM4013385",0.874361978581753
"CCACGGACACATCCAA-1_GSM4013385",0.306878764298978
"AAGCCGCCATCGGAAG-1_GSM4013385",0.996127066688393
"GTGCATAGTGAGGGAG-1_GSM4013385",0.589201462185375
"GATCTAGCAACTTGAC-1_GSM4013385",0.895138049568513
"GGCTGGTAGATGCCTT-1_GSM4013385",0.30806017876752
"CGCCAAGGTAATCACC-1_GSM4013385",0.708486912790559
"GCTTGAAGTTCTGTTT-1_GSM4013385",0.266430495838078
"TACACGAAGGCTAGCA-1_GSM4013385",0.50895012499185
"TGAGAGGTCTAACCGA-1_GSM4013385",0.915648999131061
"ATCGAGTTCAGCTGGC-1_GSM4013385",0.868762145555754
"GGTATTGGTTCCGGCA-1_GSM4013385",0.995333976104045
"ACTATCTCAGAGCCAA-1_GSM4013385",0.973853846080558
"ACGTCAAAGGACTGGT-1_GSM4013385",0.573247190190318
"CAGAATCAGAAAGTGG-1_GSM4013385",0.592465234720469
"GTAACTGAGCGTCTAT-1_GSM4013385",0.910496906909101
"CCCAATCAGCATCATC-1_GSM4013385",0.0124719099650235
"CAAGATCTCCACGTGG-1_GSM4013385",0.542386237635787
"TGAGAGGCACCAACCG-1_GSM4013385",0.21907822317297
"CGGCTAGTCCCAAGAT-1_GSM4013385",0.954896837963446
"TCGCGTTCAATCAGAA-1_GSM4013385",0.830628593287515
"CTACGTCAGGCGATAC-1_GSM4013385",0.365725579884698
"TTGTAGGGTCTTTCAT-1_GSM4013385",0.569822755458406
"GGAACTTTCATCGGAT-1_GSM4013385",1.07968602474508
"ATTGGTGTCCTAGTGA-1_GSM4013385",0.529913211671026
"ACTGAGTTCAGGCGAA-1_GSM4013385",0.755031818787395
"CGCGGTACAGACAAGC-1_GSM4013385",0.520891269413192
"CCCAATCGTCCTCTTG-1_GSM4013385",0.781715392788668
"TGGGAAGTCTGCGGCA-1_GSM4013385",0.531521845789328
"GAGTCCGTCGTACGGC-1_GSM4013385",0.692079573987329
"AAGGCAGAGGGCTTGA-1_GSM4013385",0.378493683409933
"TGAGGGAAGTCAAGCG-1_GSM4013385",0.461089738776797
"GTATCTTCAATCGAAA-1_GSM4013385",0.802880744446972
"AACTGGTTCGCGCCAA-1_GSM4013385",1.07366477553696
"TCTTTCCTCAACACGT-1_GSM4013385",0.746818777039743
"TTCGAAGTCTTCAACT-1_GSM4013385",0.593842271356838
"GTCTTCGCAATAGCGG-1_GSM4013385",0.951009341071686
"TGCTGCTAGCGCTTAT-1_GSM4013385",0.471406136194884
"GCTTCCATCCAAACTG-1_GSM4013385",0.375328475923912
"TCGTACCAGATGCCAG-1_GSM4013385",0.00223170047311602
"TCTTCGGCATTGTGCA-1_GSM4013385",0.575734169563536
"ATTGGACTCGTGGACC-1_GSM4013385",0.744823591802113
"GGGAATGTCATGCAAC-1_GSM4013385",0.951029779538386
"CGTCCATTCACTTATC-1_GSM4013385",0.926951093153748
"GATCGTATCTACCAGA-1_GSM4013385",0.912359778694723
"AAGTCTGTCCTGCTTG-1_GSM4013385",0.812865250320618
"TACCTTAAGAAGGTTT-1_GSM4013385",0.393542519199133
"AGCCTAAAGGTCATCT-1_GSM4013385",0.808810079568657
"CATGGCGTCACGAAGG-1_GSM4013385",0.584648320183835
"TGTGGTAAGTACGTTC-1_GSM4013385",0.883099448006142
"AGTGTCAAGTCATCCA-1_GSM4013385",0.948475655190084
"TACGGTAAGTAACCCT-1_GSM4013385",0.483495611477696
"CCACCTATCTATCGCC-1_GSM4013385",0.620861283273176
"TTCGAAGCAAGCCATT-1_GSM4013385",0.320667389714485
"GTTCATTCAATCGGTT-1_GSM4013385",0.761093761537099
"GTACTTTCAGACGCCT-1_GSM4013385",1.14178120163185
"AATCCAGCAGATAATG-1_GSM4013385",0.756577321710673
"GATCGATCAGACGCCT-1_GSM4013385",0.324290805737464
"AGACGTTCACGCTTTC-1_GSM4013385",1.0798110812616
"TAGTGGTTCCAACCAA-1_GSM4013385",0.731671170317027
"ACAGCTATCCGCATCT-1_GSM4013385",0.396685873399851
"GGCGACTCACCAGATT-1_GSM4013385",0.851087222486647
"GCGCAGTAGTTTGCGT-1_GSM4013385",0.794270770662383
"CCGTTCATCGAACTGT-1_GSM4013385",0.463677800232176
"CCATTCGGTATATGAG-1_GSM4013385",0.7769996437866
"GCGGGTTCAGATCGGA-1_GSM4013385",0.642740163191456
"AACCATGCACCCATTC-1_GSM4013385",0.881480604649144
"TTCTCAAGTGCAGGTA-1_GSM4013385",0.683514637098363
"TTAACTCGTTAAGGGC-1_GSM4013385",0.542407108453361
"CAGCAGCGTACCTACA-1_GSM4013386",1.43090191396784
"AACCGCGGTAAATGAC-1_GSM4013386",1.48360027332191
"TGGTTAGCATTCGACA-1_GSM4013386",1.54265149682235
"ACATGGTAGCTCTCGG-1_GSM4013386",1.43778659253601
"ACAGCTAGTTCAGGCC-1_GSM4013386",1.42367193222043
"CTCGGGACACCATGTA-1_GSM4013386",1.48364388905266
"TACAGTGTCTCAAACG-1_GSM4013386",1.48353914304212
"CTAACTTTCAGTTGAC-1_GSM4013386",1.33369561011621
"CTCTACGTCCGAGCCA-1_GSM4013386",1.43113150179379
"GGGTTGCTCCATGAAC-1_GSM4013386",1.3885452632771
"GATCGTAAGCTAAACA-1_GSM4013386",1.4883978594633
"AGCAGCCAGCCCGAAA-1_GSM4013386",1.37196289168787
"CATTCGCCATCCTTGC-1_GSM4013386",1.51955165202955
"CGTTGGGCACGCCAGT-1_GSM4013386",1.45778341811348
"TTGGCAACAATCAGAA-1_GSM4013386",1.52712368706279
"CCTCTGACAGCTCGCA-1_GSM4013386",1.44745401197838
"GGACATTAGGAATCGC-1_GSM4013386",1.38484532694604
"TTATGCTAGCTTCGCG-1_GSM4013386",1.41503885807739
"CTTCTCTAGCCCAATT-1_GSM4013386",1.5355264909985
"TTCTCAATCCGCAGTG-1_GSM4013386",1.37706731940894
"TTTGTCACAGTCAGAG-1_GSM4013386",1.33809147857234
"TTAGGACGTGAGTATA-1_GSM4013386",1.48705112175548
"ACACCAAGTGTTCTTT-1_GSM4013386",1.3992268288317
"AACTTTCCAGTATCTG-1_GSM4013386",1.42234239983322
"AGTGGGAAGTGCCAGA-1_GSM4013386",1.42133446842571
"TCGTAGACATGCATGT-1_GSM4013386",1.43092201340294
"GGATGTTTCACAATGC-1_GSM4013386",1.36880678963558
"GTCGTAACACACCGAC-1_GSM4013386",1.47909213337176
"ACTTTCAGTAAAGTCA-1_GSM4013386",1.41408564524054
"AGACGTTCAATGACCT-1_GSM4013386",1.4828095996934
"ATGCGATCAATTGCTG-1_GSM4013386",1.41249097040001
"CTCGGAGGTGATAAGT-1_GSM4013386",1.49652413097921
"GTGGGTCAGCAGGCTA-1_GSM4013386",1.38840595229974
"GTGAAGGTCTCGTTTA-1_GSM4013386",1.58240123454143
"AACCATGAGAAGGTGA-1_GSM4013386",1.43893526659311
"CACCAGGCATGCAACT-1_GSM4013386",1.63601559606006
"TAAGTGCCAAGCCCAC-1_GSM4013386",1.50489324335474
"AGAATAGTCCATGAGT-1_GSM4013386",1.41415358344037
"TACCTATAGTCACGCC-1_GSM4013386",1.44104544437906
"GGTGCGTAGTACGACG-1_GSM4013386",1.45746706525823
"GGAGCAACATCTATGG-1_GSM4013386",1.45068788010413
"TAGCCGGAGCAATATG-1_GSM4013386",1.43094597577502
"ATCTACTTCTCGATGA-1_GSM4013386",1.53065510832729
"GTAACGTGTCCTAGCG-1_GSM4013386",1.40610669883346
"CGGTTAATCCCATTAT-1_GSM4013386",1.58280258320841
"CCTTCCCGTGTTGAGG-1_GSM4013386",1.54194583538107
"GTTCTCGTCCCACTTG-1_GSM4013386",1.51201709892341
"CCAATCCCATGAGCGA-1_GSM4013386",1.53837210246457
"CAGAATCTCCGAGCCA-1_GSM4013386",1.46683897404801
"CGTAGGCAGTGTGAAT-1_GSM4013386",1.42508175401025
"GGGACCTCACAGCGTC-1_GSM4013386",1.42793665503917
"TGTTCCGAGTCGCCGT-1_GSM4013386",1.45544079435776
"TTTGCGCTCAGAGGTG-1_GSM4013386",1.4032723863286
"CCTTTCTCAAGTCTGT-1_GSM4013386",1.36952930743366
"TGGCGCACAAGCCTAT-1_GSM4013386",1.41772368008573
"ACATCAGTCTCAACTT-1_GSM4013386",1.49109207142335
"AAGTCTGAGAGTTGGC-1_GSM4013386",1.4779495401642
"TCCCGATGTGCACTTA-1_GSM4013386",1.48734229193876
"CTCTGGTGTCTCCCTA-1_GSM4013386",1.39592677424905
"CCTTCCCTCACGACTA-1_GSM4013386",1.37362390041731
"GGCGTGTTCGCTTGTC-1_GSM4013386",1.39578140021164
"CAGATCATCTTAGAGC-1_GSM4013386",1.42676169988716
"TATCTCATCTGAGGGA-1_GSM4013386",1.41500750367839
"ATGGGAGGTCACCTAA-1_GSM4013386",1.36998862804964
"CTAATGGGTCTCATCC-1_GSM4013386",1.44003255160413
"GGAACTTCAGACAGGT-1_GSM4013386",1.44013655376879
"ACCTTTAAGCGACGTA-1_GSM4013386",1.56442919932916
"AGTGGGAAGTTCCACA-1_GSM4013386",1.52931471581058
"CCGTACTCACTGTCGG-1_GSM4013386",1.32513944566677
"TTATGCTAGCACACAG-1_GSM4013386",1.40796210011864
"ACCCACTAGTCCAGGA-1_GSM4013386",1.30428897482709
"TATGCCCAGAATTGTG-1_GSM4013386",1.4755268383915
"AACTCTTGTTTGACAC-1_GSM4013386",1.43401769976697
"CCGGGATTCAATCTCT-1_GSM4013386",1.54692653941759
"GAGTCCGTCACTTATC-1_GSM4013386",1.44114032327415
"GGGAATGAGTCCAGGA-1_GSM4013386",1.46953746896864
"CGATCGGCAAAGCGGT-1_GSM4013386",1.3773182540234
"TTGACTTTCGTCACGG-1_GSM4013386",1.4452742491065
"CTACGTCTCCCAGGTG-1_GSM4013386",1.26368493658538
"ATAACGCCATCTCGCT-1_GSM4013386",1.37057398133109
"ATGAGGGTCGTTACGA-1_GSM4013386",1.4768889196633
"CAGCCGAAGAGCAATT-1_GSM4013386",1.46963036179518
"GGACGTCGTACCTACA-1_GSM4013386",1.57665243297755
"CAGAGAGGTAAACGCG-1_GSM4013386",1.46616994556058
"TCTCTAATCATAAAGG-1_GSM4013386",1.36225887508511
"GTACGTATCGCCGTGA-1_GSM4013386",1.3829025691206
"GGGAGATGTTATTCTC-1_GSM4013386",1.46614299732167
"CACCACTGTGTCTGAT-1_GSM4013386",1.47516279500834
"GCAGCCATCACAGTAC-1_GSM4013386",1.52264356397519
"GGTGAAGAGATCCCAT-1_GSM4013386",1.4531543351343
"CGGGTCAGTTCCGTCT-1_GSM4013386",1.38809981682745
"GCGAGAAAGCACAGGT-1_GSM4013386",1.40054960039899
"ACGGAGACATGTTGAC-1_GSM4013386",1.45494893227777
"GTCTTCGTCACATACG-1_GSM4013386",1.5912517050566
"TTAGGACTCTTGCATT-1_GSM4013386",1.50061501555427
"GATCTAGTCTGGGCCA-1_GSM4013386",1.58560657184531
"CCACGGAAGTTCCACA-1_GSM4013386",1.51288048808685
"ATAAGAGCAATTGCTG-1_GSM4013386",1.39428906581171
"AGAGCTTAGGATCGCA-1_GSM4013386",1.52137394506481
"GATGAGGCAGTGACAG-1_GSM4013386",1.49548842387168
"GACCTGGCAGGTGGAT-1_GSM4013386",1.63186291926314
"GCAGCCACACGTCAGC-1_GSM4013386",1.44444474429154
"CTGTGCTTCCTTTCGG-1_GSM4013386",1.5152892999756
"TACACGAAGCAACGGT-1_GSM4013386",1.41549210958169
"CACCACTAGCGTGTCC-1_GSM4013386",1.55772014562554
"AGAGCGACAGACGTAG-1_GSM4013386",1.45726592037594
"GTTTCTACACGGCGTT-1_GSM4013386",1.51477680257214
"AGCGTATAGCTGATAA-1_GSM4013386",1.33578212513576
"AGTAGTCGTTCTCATT-1_GSM4013386",1.49782773958512
"CTAGCCTCACGTAAGG-1_GSM4013386",1.46472066013105
"CACACAAGTGAGTATA-1_GSM4013386",1.59040285733856
"GTCTCGTGTTATTCTC-1_GSM4013386",1.41428046893083
"CATTCGCGTGTCTGAT-1_GSM4013386",1.37767940494166
"AGGTCATGTTTAAGCC-1_GSM4013386",1.43242052494842
"CATGACACATGTAGTC-1_GSM4013386",1.42752805012527
"CGTAGCGAGCCGCCTA-1_GSM4013386",1.43069737564647
"GTGCGGTAGGGCTTGA-1_GSM4013386",1.43085281059323
"TTGAACGAGAGTGAGA-1_GSM4013386",1.50899305926534
"AAATGCCTCACGATGT-1_GSM4013386",1.42318030581269
"CAGAATCCATGTAAGA-1_GSM4013386",1.48166903862461
"CTGTGCTTCACAACGT-1_GSM4013386",1.59376244290968
"CTCGTCAAGGATGGTC-1_GSM4013386",1.51947637786474
"CGAACATCAATGGTCT-1_GSM4013386",1.47538489106414
"ATCTGCCTCCGTTGTC-1_GSM4013386",1.31332771989812
"CGTCAGGCAGCCTTGG-1_GSM4013386",1.4704200273865
"CAACCTCTCTGGTATG-1_GSM4013386",1.54122437910985
"GACGTGCCAGGGTTAG-1_GSM4013386",1.37135480791893
"TGCTACCCACATCTTT-1_GSM4013386",1.46022410089093
"AACTCAGTCCTGTACC-1_GSM4013386",1.38110672451202
"CCCAATCCAGTATGCT-1_GSM4013386",1.52565396566623
"TCTGGAACAAGTAGTA-1_GSM4013386",1.4739838633254
"TGCCAAAGTAAATGTG-1_GSM4013386",1.44245264326836
"AGGCCACGTAGCGCTC-1_GSM4013386",1.43033783328923
"CGTTAGAAGCCAGAAC-1_GSM4013386",1.55787833116432
"GGATGTTAGTAAGTAC-1_GSM4013386",1.42839100220396
"ACTATCTCAAATTGCC-1_GSM4013386",1.39682142449049
"TTCCCAGAGATGCGAC-1_GSM4013386",1.43495358962417
"TACGGATCACGGTAGA-1_GSM4013386",1.46178456942343
"ACCAGTACATGGGAAC-1_GSM4013386",1.34522937539418
"TCTGAGAGTTACGCGC-1_GSM4013386",1.5207612099832
"TACTTACTCGTCGTTC-1_GSM4013386",1.50235701944713
"CCTTTCTGTCTGATCA-1_GSM4013386",1.48271206879662
"GACGGCTTCAGGTTCA-1_GSM4013386",1.49736781747626
"GACCTGGCAATCTACG-1_GSM4013386",1.55039987328596
"CTAACTTGTTTCCACC-1_GSM4013386",1.39488303550862
"CCGTACTGTCTGATCA-1_GSM4013386",1.39066388315835
"CAGCAGCTCGACAGCC-1_GSM4013386",1.30892142389877
"TACTCGCCACTTAACG-1_GSM4013386",1.34873775445906
"CCAATCCAGCTTTGGT-1_GSM4013386",1.48248005239958
"GACCTGGGTCTGGAGA-1_GSM4013386",1.32622314054461
"GAGCAGAAGACTTGAA-1_GSM4013386",1.4743074183397
"TTTGTCAGTCTCTTAT-1_GSM4013386",1.53759875082022
"ACGATGTAGCGATTCT-1_GSM4013386",1.47624460021745
"CTTAGGATCCACGTGG-1_GSM4013386",1.45999241990195
"TCCCGATCACTTAACG-1_GSM4013386",1.44980905949849
"CAGGTGCAGCACGCCT-1_GSM4013386",1.45918825578564
"CATCGGGCAGACAAAT-1_GSM4013386",1.48590575522506
"ACGGAGATCCTTGGTC-1_GSM4013386",1.49405679401629
"ATCATCTGTCAGATAA-1_GSM4013386",1.46029006947063
"GAGGTGAGTTATCACG-1_GSM4013386",1.30898952219361
"CAGCTAACATATGCTG-1_GSM4013386",1.58504283812684
"CACAAACTCCACGACG-1_GSM4013386",1.41313581389685
"AAAGCAATCAGGTAAA-1_GSM4013386",1.43259525579057
"GCTTCCACAGCGATCC-1_GSM4013386",1.37685165537949
"GTATCTTCATCATCCC-1_GSM4013386",1.46503465028301
"GGATTACTCAACACGT-1_GSM4013386",1.40232201791424
"AAACCTGAGGTAGCCA-1_GSM4013386",1.36920749420538
"GCATGTATCAGCGACC-1_GSM4013386",1.5198809347753
"CTTAGGAAGGCTAGGT-1_GSM4013386",1.56152485807894
"CGGGTCAAGGAGTCTG-1_GSM4013386",1.58138357377049
"AACTCAGTCGGAAATA-1_GSM4013386",1.46940623305017
"TAAGTGCCACGCGAAA-1_GSM4013386",1.36536025285423
"CAGTAACCAACACCCG-1_GSM4013386",0.908853955004074
"CGAACATAGATCCCGC-1_GSM4013386",1.45923509193926
"CAAGTTGCATATGGTC-1_GSM4013386",1.36961297316001
"AAAGTAGTCACGAAGG-1_GSM4013386",1.47635765975615
"GTGCTTCTCGAGAGCA-1_GSM4013386",1.49125325161634
"CGATGTAAGTGCTGCC-1_GSM4013386",1.37400445104264
"AGCTTGATCTGCGACG-1_GSM4013386",1.35552337741146
"TCACGAAAGGTGCACA-1_GSM4013386",1.36694080002403
"ACTGTCCTCGTCCGTT-1_GSM4013386",1.3836958466423
"GGCCGATAGTACGTAA-1_GSM4013386",1.41719182210364
"ACACCCTGTGCATCTA-1_GSM4013386",1.38958473989594
"GATGAAAGTAAGTGTA-1_GSM4013386",1.50166504382737
"AAAGATGGTAGTACCT-1_GSM4013386",1.42519371525478
"TGAGGGACATACTACG-1_GSM4013386",0.69878935742136
"CGGACGTGTGCAGTAG-1_GSM4013386",1.48269596295634
"TGAGGGATCTCTAAGG-1_GSM4013386",1.47170559328874
"ACAGCCGGTCCAAGTT-1_GSM4013386",1.31517611590697
"ATGTGTGGTTCGTCTC-1_GSM4013386",1.42239987217912
"CGTTCTGAGACACGAC-1_GSM4013386",1.46051495939567
"CTCGTCAAGAGTCTGG-1_GSM4013386",1.3614698876917
"CCTTCGACAACTTGAC-1_GSM4013386",1.47791785417141
"CCACTACAGATCCGAG-1_GSM4013386",1.43422258554103
"TCAGCAAAGCTCAACT-1_GSM4013386",1.30895792389395
"GTACTTTCACAACGCC-1_GSM4013386",1.49273746899936
"GTACTCCGTCTCTCTG-1_GSM4013386",1.43446137325846
"TGCTGCTCAGCTGTTA-1_GSM4013386",0.666465272078825
"CCTATTAAGCTAGCCC-1_GSM4013386",1.52956517150552
"CATTATCCACCTATCC-1_GSM4013386",1.34668410033258
"CTAACTTAGATCGATA-1_GSM4013386",1.23098191292323
"TGGTTCCTCAGTCAGT-1_GSM4013386",1.2930847053631
"GTCAAGTGTGTCGCTG-1_GSM4013386",1.28734338891467
"ATGTGTGTCACCGTAA-1_GSM4013386",1.40087050803266
"AATCGGTAGTGTTAGA-1_GSM4013386",1.57826627107391
"GTGAAGGCATGTTGAC-1_GSM4013386",1.45557541697972
"CACATAGCATGCCACG-1_GSM4013386",1.44136231449075
"TACGGTAGTTAAGGGC-1_GSM4013386",1.38553418979666
"CCTCAGTGTTCGGCAC-1_GSM4013386",1.2881936391975
"ATAGACCCAAGGTGTG-1_GSM4013386",1.42970060657165
"GAGTCCGGTACAGACG-1_GSM4013386",1.50743785417659
"GCGACCACAAGCCGCT-1_GSM4013386",1.38753040913081
"ATGTGTGGTCGAATCT-1_GSM4013386",1.34923299228519
"GCTGCGAAGCAGACTG-1_GSM4013386",1.4807829531105
"GAAACTCTCACGACTA-1_GSM4013386",1.37258108904405
"AGTGTCATCCTTCAAT-1_GSM4013386",1.29929907212407
"GGAAAGCTCAGCTCTC-1_GSM4013386",1.46166168264165
"ACAGCTAAGGATGGAA-1_GSM4013386",1.43083863126836
"CACACCTCAGTGGGAT-1_GSM4013386",1.52675395241734
"AGGGTGACACCGAATT-1_GSM4013386",1.3938654023015
"GTCGGGTGTAGTAGTA-1_GSM4013386",1.40798576159996
"GTTAAGCGTGCATCTA-1_GSM4013386",1.47664209444583
"GATCGCGAGCCAGTAG-1_GSM4013386",0.760829411710063
"GTAACTGCACGAAGCA-1_GSM4013386",1.36722736421366
"CCTATTACACCAACCG-1_GSM4013386",1.38396766719209
"TGTCCCACAGGTCGTC-1_GSM4013386",1.43843219231433
"GGCTGGTGTATGAAAC-1_GSM4013386",1.4226959481563
"CCGTACTTCTCTAGGA-1_GSM4013386",1.33054478185823
"TTCCCAGGTCTCTTTA-1_GSM4013386",1.5324435124634
"ACGCCGACACGAAACG-1_GSM4013386",1.36589094495443
"CCACTACGTTGTGGCC-1_GSM4013386",1.42579789545282
"ACCCACTCACCTCGTT-1_GSM4013386",1.38391209410365
"GCACTCTGTCAACTGT-1_GSM4013386",1.38158617234126
"TGAAAGATCGGCGCAT-1_GSM4013386",1.34926595522188
"CCTAAAGAGGGATACC-1_GSM4013386",1.48482889803912
"CAGGTGCAGATCTGCT-1_GSM4013386",1.34453527776004
"TAAGCGTTCCGTTGCT-1_GSM4013386",1.34769287283624
"CCGTACTCATAACCTG-1_GSM4013386",1.26530912153306
"ACGATACCAAGCGATG-1_GSM4013386",1.48978038648722
"CATATGGCACAGCGTC-1_GSM4013386",1.33026801859634
"ATCTACTTCGTAGGAG-1_GSM4013386",1.34567926959169
"TAAACCGCAGGGAGAG-1_GSM4013386",1.41955579301033
"ACGAGGAAGGGCTTCC-1_GSM4013386",1.46901202894493
"GTGCATACATGAGCGA-1_GSM4013386",1.37298840722855
"GGGATGAGTACCGCTG-1_GSM4013386",1.42982180034745
"ACACCCTAGATTACCC-1_GSM4013386",1.3459784712987
"GACGGCTTCACCGTAA-1_GSM4013386",1.3789652526664
"TAGGCATTCCTGTACC-1_GSM4013386",1.52152809534706
"GAGCAGAAGTAGGCCA-1_GSM4013386",1.49732713762027
"TCTTTCCTCCATTCTA-1_GSM4013386",1.41631562106576
"AGCTCCTGTTCCGGCA-1_GSM4013386",1.46572102566963
"ATCATCTCACGTTGGC-1_GSM4013386",1.39487281645403
"ATCTGCCGTGGCGAAT-1_GSM4013386",1.35950435583633
"CTCTGGTGTTCGCGAC-1_GSM4013386",1.47407759831268
"ACACCAAGTCATACTG-1_GSM4013386",1.47106128595677
"AAATGCCTCCCAAGAT-1_GSM4013386",1.36909532503618
"CCGTGGAAGAAGATTC-1_GSM4013386",1.50886769727006
"GAGCAGAAGCGTTGCC-1_GSM4013386",0.751811710208724
"TCAGATGGTGGCCCTA-1_GSM4013386",1.37178299504887
"CAAGATCTCAAGATCC-1_GSM4013386",1.24737750891298
"TTGGCAAAGAACAACT-1_GSM4013386",0.9731215856827
"TTCTTAGTCGCAAGCC-1_GSM4013386",1.4031540634645
"GGGTCTGCAAGCTGTT-1_GSM4013386",1.38861698637865
"TTGCCGTCAGTCGATT-1_GSM4013386",1.44987610508314
"CTTACCGCAGAGCCAA-1_GSM4013386",1.5108216973994
"GAACATCGTCTTGCGG-1_GSM4013386",1.33043141924101
"ACGCCGATCCATGCTC-1_GSM4013386",1.353348649655
"TCTCATATCGGCGCTA-1_GSM4013386",1.41086396027405
"AGAATAGTCCAAATGC-1_GSM4013386",1.22428871780531
"TCGCGTTAGCCCAATT-1_GSM4013386",1.40483451880132
"GTCGTAAGTTGGTGGA-1_GSM4013386",1.36304098576546
"CGGACACAGGAGTTGC-1_GSM4013386",1.44333970398829
"TTTGGTTGTGATGCCC-1_GSM4013386",1.47666448582625
"CTAGCCTGTCCGAATT-1_GSM4013386",1.37213757800776
"GCTCCTATCAACTCTT-1_GSM4013386",1.35265676958169
"CATGACATCGAATCCA-1_GSM4013386",1.45854761090009
"TTTATGCGTCTAACGT-1_GSM4013386",1.28925150976258
"AGTGAGGAGAGGTAGA-1_GSM4013386",1.2959630206699
"GTGCGGTAGGTGATAT-1_GSM4013386",1.35164388829387
"CGCTATCTCTACTATC-1_GSM4013386",1.33473572450972
"ACACCCTGTATCGCAT-1_GSM4013386",1.37111560156099
"AGCGGTCCAGCTGGCT-1_GSM4013386",1.36842304047701
"GCAGTTACATGGTCTA-1_GSM4013386",1.34475963021932
"CACATAGAGTCCCACG-1_GSM4013386",1.41448376744416
"GGGAATGTCGTTACAG-1_GSM4013386",1.38593918337062
"GAATAAGAGAGCTATA-1_GSM4013386",1.4689543276205
"ATCCACCAGGTAGCCA-1_GSM4013386",1.37405725684997
"TGCTGCTAGCTCCCAG-1_GSM4013386",1.36556509411507
"CAGCTGGTCAGCTTAG-1_GSM4013386",1.40201971163789
"ACTGAACTCGAGAACG-1_GSM4013386",1.42154591083736
"CACACTCGTTATCGGT-1_GSM4013386",1.36989980596448
"CCATTCGTCTGCAGTA-1_GSM4013386",1.26374670954239
"TACTCGCGTTAAAGTG-1_GSM4013386",1.4980296260824
"ACGCAGCTCTTAGAGC-1_GSM4013386",1.45895607689376
"CGTAGGCGTGACTACT-1_GSM4013386",1.366353547802
"TGCTGCTAGGGATGGG-1_GSM4013386",1.33268160590949
"AACCGCGTCAGTTTGG-1_GSM4013386",1.51030606010175
"CGACTTCGTAAACACA-1_GSM4013386",1.42568067082855
"CTCGGGACACATGACT-1_GSM4013386",1.38709471519942
"TGCCCATTCTCGATGA-1_GSM4013386",1.31368207976914
"CATCAAGAGCTGAAAT-1_GSM4013386",1.63142452572959
"CACAAACTCATAGCAC-1_GSM4013386",1.40980949116078
"CAACTAGGTACTCAAC-1_GSM4013386",1.47467313202512
"CCTAAAGGTGCCTGTG-1_GSM4013386",1.37033389321154
"CTAGCCTTCAAGATCC-1_GSM4013386",1.37348697112462
"TGACTTTCACCAGCAC-1_GSM4013386",1.34250297262558
"CCTAAAGGTAAACGCG-1_GSM4013386",0.860366946032125
"CGCGTTTGTGGGTCAA-1_GSM4013386",1.32798572168862
"TTGTAGGCATGTAAGA-1_GSM4013386",1.30595954228004
"CATATTCTCTAAGCCA-1_GSM4013386",1.24005311296257
"GAGGTGACAGGGATTG-1_GSM4013386",1.40978183118663
"ATCCGAAGTAAGCACG-1_GSM4013386",1.38827799060398
"GATCTAGAGAGTACAT-1_GSM4013386",1.38937117508692
"ATCTGCCAGAAGGGTA-1_GSM4013386",1.31066671953577
"ATTCTACCACCATCCT-1_GSM4013386",1.38984776951666
"CGGGTCACAATCCGAT-1_GSM4013386",1.31845924558678
"CATGGCGGTCTGGAGA-1_GSM4013386",1.12785132270281
"AGCTCTCAGTAGGTGC-1_GSM4013386",1.33846520334141
"ACGGGCTGTCCGTGAC-1_GSM4013386",1.43534469905729
"ACAGCTACATGAACCT-1_GSM4013386",1.32303451575468
"TTGAACGCACCGAAAG-1_GSM4013386",1.37411061285117
"CCATGTCCACTCGACG-1_GSM4013386",1.2720659749247
"CGGGTCAGTAAATGTG-1_GSM4013386",1.35302696402687
"ACGGGCTAGGGATCTG-1_GSM4013386",1.45568919786998
"TCCCGATAGATATACG-1_GSM4013386",1.38990478700295
"GTGCATACACGAAAGC-1_GSM4013386",1.42900648379439
"TTGGCAATCGGTCCGA-1_GSM4013386",1.22998276647869
"CCTATTACATGCAATC-1_GSM4013386",1.38512349071633
"GAGTCCGAGCGGCTTC-1_GSM4013386",1.39205012673349
"TTCGGTCGTAAGCACG-1_GSM4013386",1.27570911095496
"TGGCCAGGTCCATGAT-1_GSM4013386",1.43122669543071
"CGACCTTAGGCATTGG-1_GSM4013386",1.46446230329349
"CTCGGAGTCAGATAAG-1_GSM4013386",1.36696796134853
"CTACCCACACGTGAGA-1_GSM4013386",1.45694994564376
"CGCGGTACACGGATAG-1_GSM4013386",1.46365411591228
"TGTCCCATCCATGAAC-1_GSM4013386",1.34364813658369
"TATGCCCAGATGTCGG-1_GSM4013386",1.43317613363771
"GCGCCAACATGCCACG-1_GSM4013386",1.3291066447824
"GGCTCGATCGCGATCG-1_GSM4013386",1.3396965183692
"AAAGATGCAGACACTT-1_GSM4013386",1.24530785176124
"ACGATGTAGTGTTAGA-1_GSM4013386",1.40388919042334
"CGAGCACTCGTTTATC-1_GSM4013386",1.47925769455897
"TGCGCAGGTAACGCGA-1_GSM4013386",1.38481636856106
"CGTCCATGTCGGATCC-1_GSM4013386",1.37095487774401
"TCACGAAGTACCGAGA-1_GSM4013386",1.37663611939204
"CTCGGGAAGGAGCGTT-1_GSM4013386",0.722617750863309
"GTCGTAAGTTCCTCCA-1_GSM4013386",1.42647092159693
"ACGAGGATCCTACAGA-1_GSM4013386",1.43810861261525
"GCTTCCAGTCTTCAAG-1_GSM4013386",1.31801073372982
"GTTCATTTCATCGCTC-1_GSM4013386",1.21174899377195
"CAAGAAATCCAATGGT-1_GSM4013386",1.28239916351201
"TGCACCTGTAGAGTGC-1_GSM4013386",1.37102080394952
"CGGAGTCCACCGGAAA-1_GSM4013386",1.41842109118822
"TTTGGTTCAGGCTCAC-1_GSM4013386",1.41970656123554
"TACTCGCTCCAAAGTC-1_GSM4013386",1.46361796381553
"AAAGTAGCAAACTGCT-1_GSM4013386",1.3793159767021
"CATATTCCAGTGAGTG-1_GSM4013386",1.25359066049865
"CACACCTCATCGATGT-1_GSM4013386",1.39111629919408
"AGTCTTTAGACTACAA-1_GSM4013386",1.25985405872803
"ATAGACCTCGCGTAGC-1_GSM4013386",1.38412026377067
"CCTTACGAGGTAAACT-1_GSM4013386",1.43837616483692
"ATAGACCTCACATAGC-1_GSM4013386",1.34798649391179
"GACGTGCCAGATGGGT-1_GSM4013386",1.4200203544268
"ATTGGACGTCAATGTC-1_GSM4013386",1.39199966700825
"GATTCAGAGCGAAGGG-1_GSM4013386",1.22894597839485
"TCTTCGGCATAGAAAC-1_GSM4013386",1.49536726967545
"GAGGTGACAAGCTGAG-1_GSM4013386",1.29572992377031
"ATTACTCCAGCTCGCA-1_GSM4013386",1.36056143550921
"GAAACTCTCTCAAGTG-1_GSM4013386",1.36854898120378
"GCGACCATCAAAGACA-1_GSM4013386",1.35713464231376
"GGATGTTAGACGACGT-1_GSM4013386",1.2338687405324
"TCTGGAACACTACAGT-1_GSM4013386",1.3684768445137
"TGCGCAGAGCGTCTAT-1_GSM4013386",1.41637774388211
"CATATGGGTACACCGC-1_GSM4013386",0.910456027330112
"CTAGTGATCGCCATAA-1_GSM4013386",1.33131038605487
"GTGCATAGTAGATTAG-1_GSM4013386",1.39220846236536
"CCACGGATCCTGCAGG-1_GSM4013386",1.35394582029397
"ATAACGCGTACATGTC-1_GSM4013386",1.23850046599612
"CTCTACGTCCAAACAC-1_GSM4013386",1.31530542749489
"ACATCAGTCTTAACCT-1_GSM4013386",1.34250179690954
"GATCGATGTCCAGTAT-1_GSM4013386",1.4306518234041
"CGAATGTCATGGAATA-1_GSM4013386",1.33678506349301
"CATGACAAGCGTCAAG-1_GSM4013386",1.35653066403263
"CTGAAGTCAAGCGCTC-1_GSM4013386",1.37169659230409
"CTCGTCAAGACTAAGT-1_GSM4013386",1.33951743926152
"GAAGCAGCAAGAGTCG-1_GSM4013386",1.28351190434548
"TACGGATAGTACGCGA-1_GSM4013386",1.33296255685718
"TCTCTAACAACGATCT-1_GSM4013386",1.40595408354066
"CTCCTAGCACATCCAA-1_GSM4013386",1.34302622932053
"TTTCCTCAGCTTATCG-1_GSM4013386",1.49929145223254
"CTCGGAGTCAAGATCC-1_GSM4013386",1.46162877850347
"TAGGCATCACCTGGTG-1_GSM4013386",1.33024387299128
"GAAATGAAGGACATTA-1_GSM4013386",1.23298909801698
"AAGGAGCTCGATCCCT-1_GSM4013386",1.22067854045265
"CGCGGTACAATCGGTT-1_GSM4013386",1.32286203919816
"CGTCACTCATGCAATC-1_GSM4013386",1.4541610440841
"TCAGCAAAGTTGTCGT-1_GSM4013386",1.30468746180047
"TATTACCTCTTGTATC-1_GSM4013386",1.34029586797105
"TTCTCCTGTGTTCGAT-1_GSM4013386",1.44389128811573
"TGGGAAGAGACTGTAA-1_GSM4013386",1.24057857286076
"TACTTGTCACACCGCA-1_GSM4013386",1.41898077571749
"CTCTACGAGTCAAGGC-1_GSM4013386",1.26031083996019
"TACTCATGTAAACGCG-1_GSM4013386",1.37042761413925
"GAGGTGAGTAGTGAAT-1_GSM4013386",0.789643810209171
"CGCTGGATCTCCTATA-1_GSM4013386",1.2967313950812
"ACTGATGTCGTACGGC-1_GSM4013386",1.26008369632603
"TCTGGAATCACCCGAG-1_GSM4013386",1.26886329192
"TGGCCAGAGTCTCCTC-1_GSM4013386",1.32600229051047
"CTGAAGTCAGACTCGC-1_GSM4013386",1.31186429546975
"GCTGCTTAGACGACGT-1_GSM4013386",1.35063386191169
"GGAACTTCAAAGTGCG-1_GSM4013386",1.31622514873351
"ATCATGGAGAAGAAGC-1_GSM4013386",1.34305443269927
"AGTGAGGGTTCCTCCA-1_GSM4013386",1.39527133637436
"ACGGGCTTCGCGGATC-1_GSM4013386",1.28472178053238
"TGACTAGTCTTGGGTA-1_GSM4013386",1.32744945483999
"AGCGGTCAGCTCCTCT-1_GSM4013386",1.31545194311453
"CTGATAGAGGCATGGT-1_GSM4013386",1.3312197668412
"GTCTTCGGTTAAAGTG-1_GSM4013386",1.24555456618247
"CGTAGGCCACGAGAGT-1_GSM4013386",1.3022527844522
"GTAACTGGTTAGGGTG-1_GSM4013386",1.30145351791594
"TTATGCTAGTCCGGTC-1_GSM4013386",1.24385369718094
"TGGCCAGAGCCAACAG-1_GSM4013386",1.42372627840174
"GCGACCAAGTTAGCGG-1_GSM4013386",1.27898441568134
"CTAAGACAGTCTTGCA-1_GSM4013386",1.31715839281612
"GGTGAAGTCACCGGGT-1_GSM4013386",1.22170599632594
"AAGTCTGTCACAGTAC-1_GSM4013386",1.43249848501309
"CGAACATGTTCCACTC-1_GSM4013386",1.315359948095
"GCTCCTATCGCTAGCG-1_GSM4013386",1.34349360719605
"ATAACGCCATGTCCTC-1_GSM4013386",0.636489878231176
"ATAAGAGTCTGCGACG-1_GSM4013386",1.14098133318922
"AGCTCCTTCGTTGCCT-1_GSM4013386",1.32425543986114
"TACGGTATCACAGGCC-1_GSM4013386",1.19373614103434
"ACTGAGTAGAATCTCC-1_GSM4013386",1.3270162163958
"TACGGATTCGTCGTTC-1_GSM4013386",1.26802931735536
"GGCTGGTTCTGTCCGT-1_GSM4013386",1.30405565318869
"ACAGCTACATCTACGA-1_GSM4013386",1.26065744123074
"CGAATGTGTGATGATA-1_GSM4013386",1.46850280390746
"CTGTTTAGTATATGAG-1_GSM4013386",1.34779834068237
"TAGCCGGTCGCCAAAT-1_GSM4013386",1.35583321347161
"TTATGCTGTTTAAGCC-1_GSM4013386",1.17911175603173
"GAACATCGTGTTGGGA-1_GSM4013386",1.34929744136818
"TCTGAGAAGTGAATTG-1_GSM4013386",1.29482692792876
"AGAATAGAGGGCTCTC-1_GSM4013386",1.31478879247759
"GAGCAGAGTATCGCAT-1_GSM4013386",1.33076452391762
"ATCATGGAGTTAGCGG-1_GSM4013386",1.33026132137268
"CGATGTATCTTGTTTG-1_GSM4013386",1.2958444236679
"CTAAGACTCTGTCTCG-1_GSM4013386",1.1905763775476
"TCAGATGAGGCCCTTG-1_GSM4013386",1.35093150665351
"ACGTCAAAGTGGAGTC-1_GSM4013386",1.31783740781791
"AAGGAGCCACTTAAGC-1_GSM4013386",1.25907619126391
"CAACCAATCCCTTGTG-1_GSM4013386",1.38473241900998
"GGGTCTGGTTCGGCAC-1_GSM4013386",1.20555140473769
"TGAGGGAAGTGGACGT-1_GSM4013386",1.30356591543042
"CATGACAGTCTCCACT-1_GSM4013386",1.27475403373085
"TTCTCCTTCCGCGCAA-1_GSM4013386",1.43359407488607
"CCTCTGAAGTTAACGA-1_GSM4013386",1.32240665559048
"CAGCAGCCACAGTCGC-1_GSM4013386",1.17748017227411
"GACGTGCGTCAGTGGA-1_GSM4013386",1.28965912450721
"CGAACATGTCTGCCAG-1_GSM4013386",1.39823878547577
"CTTAGGAAGTGCAAGC-1_GSM4013386",1.2015839825379
"ACACCAATCTGGGCCA-1_GSM4013386",1.37608446791088
"TACCTTACACACAGAG-1_GSM4013386",1.41019509054892
"AGTTGGTGTGATGTCT-1_GSM4013386",1.4570693769183
"GCCAAATAGTTGAGAT-1_GSM4013386",1.44961921199852
"GCTGCGACATGCCCGA-1_GSM4013386",1.21086867007393
"CGACCTTCAATTGCTG-1_GSM4013386",1.35538026172921
"TGGCCAGCATAAAGGT-1_GSM4013386",1.45669627758315
"CGAATGTAGCTAGTCT-1_GSM4013386",1.32711421502721
"AAGTCTGCATGCGCAC-1_GSM4013386",1.19911218364713
"CTGCGGAGTAGCGTCC-1_GSM4013386",1.17100318321318
"GTATCTTTCCTATGTT-1_GSM4013386",1.40982677639146
"CGAACATAGCTGGAAC-1_GSM4013386",1.24430186737544
"TTAGGACCACGGACAA-1_GSM4013386",1.49233133277852
"TTGGAACTCTTAGAGC-1_GSM4013386",0.903856787303509
"CTCTACGAGGCCGAAT-1_GSM4013386",1.37390613107938
"TTCTCAACAGCGTCCA-1_GSM4013386",1.3697092234318
"ACACCAACACCATCCT-1_GSM4013386",1.48388265510491
"GTTCTCGAGTGAAGTT-1_GSM4013386",1.23940007478341
"TTTGTCATCTTGAGAC-1_GSM4013386",1.34540679861477
"CGACCTTGTCTCCATC-1_GSM4013386",1.2946878335389
"TACGGGCGTGTTTGGT-1_GSM4013386",1.50935214725211
"TTAGTTCGTGAGTGAC-1_GSM4013386",1.29634221043916
"TGACAACTCCGATATG-1_GSM4013386",0.73613294115644
"CGTCCATTCGCCCTTA-1_GSM4013386",1.36697904683105
"CTAGTGAGTATGGTTC-1_GSM4013386",1.20718977633871
"ATTCTACAGAGGTAGA-1_GSM4013386",1.27401151466984
"TGCACCTAGGGAACGG-1_GSM4013386",1.32167473297364
"CAGCCGACAAGCCTAT-1_GSM4013386",1.26203346952835
"TCAATCTGTCCTCCAT-1_GSM4013386",1.46152778857169
"CCTATTATCAAACGGG-1_GSM4013386",1.35965989399473
"CAAGGCCCAGGACCCT-1_GSM4013386",1.2831549891942
"ACTATCTTCCGATATG-1_GSM4013386",1.37393396055111
"CGATCGGGTATAGTAG-1_GSM4013386",1.26673860965384
"CTCTACGAGCGTGAGT-1_GSM4013386",1.28885777471943
"GCATGATTCAACGCTA-1_GSM4013386",1.47144504689833
"GTCCTCACATGAACCT-1_GSM4013386",1.24744444808521
"TTGACTTGTGTGACGA-1_GSM4013386",1.31596088865001
"TTCGGTCAGACGCAAC-1_GSM4013386",1.18088905590877
"GACGCGTTCTATCCCG-1_GSM4013386",1.40779772877748
"CTAACTTTCACAACGT-1_GSM4013386",1.36072984061403
"CCGTTCATCAGTCCCT-1_GSM4013386",1.26360420276483
"GTAGTCACACTTGGAT-1_GSM4013386",1.35054959967195
"TAGAGCTCACGAGGTA-1_GSM4013386",1.36341502180771
"GGACATTGTCAACATC-1_GSM4013386",1.17588967899195
"GGAACTTGTCTCTCTG-1_GSM4013386",1.33420301702984
"TCAGCTCCAATAGCAA-1_GSM4013386",1.33201416135107
"GACTAACAGGCCGAAT-1_GSM4013386",0.831693046894193
"TCGCGAGGTCATGCCG-1_GSM4013386",1.25123596871245
"TTGCGTCGTTAAGATG-1_GSM4013386",1.27063038073864
"CCATGTCGTATCAGTC-1_GSM4013386",1.33910322262115
"TTTATGCTCCCTCTTT-1_GSM4013386",1.35945058780523
"TAGACCATCTCCGGTT-1_GSM4013386",1.31919668063595
"CCCATACAGTGAAGTT-1_GSM4013386",1.25599153929986
"CCGGGATTCTGTCAAG-1_GSM4013386",1.44965134833567
"GACAGAGCAATAGCGG-1_GSM4013386",1.21039960245875
"ACGGGCTGTACCGCTG-1_GSM4013386",1.29992046521449
"CCAGCGAGTTGTGGAG-1_GSM4013386",1.33036765532086
"CCTCTGAGTACTTAGC-1_GSM4013386",1.42189907576639
"TCTTTCCCACTCGACG-1_GSM4013386",1.48983201822529
"CACCTTGGTCTCTTAT-1_GSM4013386",1.21151832538625
"CCTTCGATCATACGGT-1_GSM4013386",1.27352462330205
"AGATCTGGTACCTACA-1_GSM4013386",1.36576098550515
"GAAATGATCGGTGTCG-1_GSM4013386",1.20227971489549
"ATGGGAGAGAAGATTC-1_GSM4013386",1.42326722916073
"ACTTACTTCCGCATCT-1_GSM4013386",1.43742818350145
"CTCGAGGTCCGCGTTT-1_GSM4013386",1.29821222326249
"TGACGGCCATCACAAC-1_GSM4013386",1.36761773373354
"CCTTCCCTCTTGCCGT-1_GSM4013386",0.727090721283884
"CCCATACGTCTTTCAT-1_GSM4013386",1.29553394299464
"AAGTCTGCAGCTGTTA-1_GSM4013386",1.31972274285621
"GTACGTACATAGTAAG-1_GSM4013386",1.4533462026972
"TTGCGTCTCGACGGAA-1_GSM4013386",1.35897441112134
"CCTACACGTGACTCAT-1_GSM4013386",1.30067115115829
"TAGAGCTTCACATACG-1_GSM4013386",1.23080793781643
"CTCGGAGTCGAGAGCA-1_GSM4013386",1.25317903459582
"CCTAAAGGTCATATGC-1_GSM4013386",1.3781353529248
"CACTCCATCTGTCAAG-1_GSM4013386",1.21658054230411
"CGAGAAGTCGTAGATC-1_GSM4013386",1.42818529400532
"CAAGAAATCCTGCCAT-1_GSM4013386",1.1912882101687
"AACGTTGCATTTCACT-1_GSM4013386",1.37698145347516
"GCATGTAAGACGACGT-1_GSM4013386",1.29696577039506
"GTTAAGCTCGCGATCG-1_GSM4013386",1.20154591201796
"TTAGTTCAGCCTCGTG-1_GSM4013386",1.39889299149377
"GGAATAAAGTTTGCGT-1_GSM4013386",1.35092472496606
"GTACGTATCAACACTG-1_GSM4013386",1.41889877002079
"GTGCTTCCATGACGGA-1_GSM4013386",1.33912176920102
"TCGGGACAGGATCGCA-1_GSM4013386",1.27246299499882
"GGTGAAGTCTGTGCAA-1_GSM4013386",1.33883498610212
"TCTGGAAAGGAACTGC-1_GSM4013386",1.34611394943973
"CAGATCAAGGTGCACA-1_GSM4013386",1.42272393091526
"CTACGTCCATTGGTAC-1_GSM4013386",1.42471942968108
"GTTCGGGTCGAGGTAG-1_GSM4013386",1.32734550622454
"GACACGCTCGGAGGTA-1_GSM4013386",1.26881288515714
"ACCAGTAGTACCAGTT-1_GSM4013386",1.30525112916649
"GTACTCCCAAGAAAGG-1_GSM4013386",1.29181105446848
"ACTGTCCTCGCGTTTC-1_GSM4013386",1.36556804975505
"TCACGAAGTGCAGTAG-1_GSM4013386",1.26229025403222
"GAACCTATCTTCATGT-1_GSM4013386",1.37300664980995
"TGGCCAGTCCTAGAAC-1_GSM4013386",1.2000086382908
"CGCTGGAAGCCAGTAG-1_GSM4013386",1.30361631846794
"TGCGGGTAGGTGACCA-1_GSM4013386",1.33032974038003
"GCATGCGAGGGTCTCC-1_GSM4013386",1.42441113670985
"GTCATTTGTAGAGGAA-1_GSM4013386",1.32894283059605
"CATCAGAGTATCAGTC-1_GSM4013386",1.34333912448369
"CACAAACGTATAGGGC-1_GSM4013386",1.41283992035423
"CTGATAGGTGTGGTTT-1_GSM4013386",1.37789612067664
"GGGTTGCGTTCGAATC-1_GSM4013386",1.22519973447293
"GGCTCGATCGCTTGTC-1_GSM4013386",1.24307275365279
"AGTCTTTTCTTGTATC-1_GSM4013386",1.37095817163004
"GAACGGACAGAGTGTG-1_GSM4013386",1.28932725291229
"CAGCTAATCTGACCTC-1_GSM4013386",1.29558746913115
"GACGTTACACTCAGGC-1_GSM4013386",1.30049787534982
"CGAGAAGAGCTCCTTC-1_GSM4013386",1.28764739201865
"GCAATCAGTAGAGGAA-1_GSM4013386",1.36505067359832
"TACTCGCGTGAGGCTA-1_GSM4013386",1.31309544541342
"GTCGTAATCCTAGAAC-1_GSM4013386",1.41714302243888
"CCGTACTAGTTGAGTA-1_GSM4013386",1.14395254024505
"GACGTGCAGCAATATG-1_GSM4013386",1.2336839736009
"CGCGTTTAGTAGGCCA-1_GSM4013386",1.34559859239333
"TCTCATACAGCTGTGC-1_GSM4013386",1.29182255887938
"ATGGGAGGTCAGCTAT-1_GSM4013386",1.27702476025758
"TAAGCGTGTCAGATAA-1_GSM4013386",1.24433625634123
"CGCCAAGAGTTCGCGC-1_GSM4013386",1.31408194365512
"CAACTAGGTCGTTGTA-1_GSM4013386",1.48221320498403
"TACTTACGTACTCTCC-1_GSM4013386",1.20846429676266
"GCGCAGTCACAAGACG-1_GSM4013386",1.36518770596815
"AGCGGTCAGTCTTGCA-1_GSM4013386",1.42697388034429
"GGAAAGCCATGCAATC-1_GSM4013386",1.21960994483539
"CGTCACTTCACCATAG-1_GSM4013386",0.660496295878334
"ATCATCTTCTAAGCCA-1_GSM4013386",1.32269112513082
"TGTGTTTCAGTCTTCC-1_GSM4013386",1.27707961776571
"TCGGTAATCCACGTTC-1_GSM4013386",1.37912655653171
"GGATTACTCTTGTATC-1_GSM4013386",1.30761217079209
"TTGGAACCATTGTGCA-1_GSM4013386",1.20300694539358
"CGTCTACTCTTGTCAT-1_GSM4013386",1.32539273842813
"GTGCATAAGATCCGAG-1_GSM4013386",1.18511884625632
"TCGTAGACACGAAAGC-1_GSM4013386",1.27871304531895
"AACTCCCGTCTCTTAT-1_GSM4013386",1.37792877598393
"GCTGCAGTCCGAACGC-1_GSM4013386",0.882966835420419
"AATCGGTGTTCATGGT-1_GSM4013386",1.18906016905352
"GCAATCAGTTATGCGT-1_GSM4013386",1.23512376306653
"CAGGTGCTCTAACTGG-1_GSM4013386",1.33362260422769
"TGATTTCAGTAGCGGT-1_GSM4013386",1.41292310050659
"CGTTGGGAGTAGCGGT-1_GSM4013386",1.25324706469314
"CACCTTGCATTGTGCA-1_GSM4013386",1.34240224222335
"CGTGTCTCAAGCCTAT-1_GSM4013386",1.31921035052695
"TTTATGCAGTCGCCGT-1_GSM4013386",1.22238887417195
"GTAGGCCAGTGAAGTT-1_GSM4013386",1.3293784238571
"GGTGAAGAGAGACTTA-1_GSM4013386",1.06530015704539
"AGTGTCAGTATATCCG-1_GSM4013386",1.17026853621296
"AGAGCGATCTTGCATT-1_GSM4013386",1.1974871733146
"ACACCGGCACGACTCG-1_GSM4013386",1.21901823346945
"CATGACACAAGAAGAG-1_GSM4013386",1.33081933077574
"GATCGTAAGTCTTGCA-1_GSM4013386",1.29851262903577
"GCGACCATCATAGCAC-1_GSM4013386",1.40149115653873
"AAAGTAGAGTGACTCT-1_GSM4013386",1.253821299164
"TTAGGCAAGGAGTTTA-1_GSM4013386",1.2915316754616
"CCAATCCAGATTACCC-1_GSM4013386",1.33233963485975
"CCTACACTCGGTCTAA-1_GSM4013386",1.27108210829059
"ACAGCTATCCCATTAT-1_GSM4013386",1.27309529686307
"CAGCTAAAGCCACGTC-1_GSM4013386",1.26673562884676
"GTTCTCGGTCGGATCC-1_GSM4013386",1.3509982555743
"GTCTTCGAGACTTGAA-1_GSM4013386",1.30803786196693
"ATAAGAGCAGACAGGT-1_GSM4013386",1.31245639515816
"GTTCGGGGTTTGACTG-1_GSM4013386",1.30844168444517
"ACGGAGAAGTGAAGTT-1_GSM4013386",1.33380270500098
"GTAGGCCGTTGACGTT-1_GSM4013386",0.793148765190234
"GAAACTCAGCTATGCT-1_GSM4013386",1.5047938869725
"TGATTTCGTAGCTCCG-1_GSM4013386",1.33893451250994
"ACTGCTCCAAGAGGCT-1_GSM4013386",1.21598523413341
"CTCGAAAAGTGGAGAA-1_GSM4013386",1.30407381433856
"AACTCCCGTGTGACGA-1_GSM4013386",1.35678632281371
"CGTAGGCGTGTGGCTC-1_GSM4013386",1.34276190161413
"ACGGGCTTCGGCCGAT-1_GSM4013386",1.23285105495638
"AGGCCACCAGGAATCG-1_GSM4013386",1.33329524562596
"ATGTGTGAGAAACCAT-1_GSM4013386",1.35450659757632
"ATCCACCCATTTCAGG-1_GSM4013386",1.19217686361437
"GGCAATTGTCAATGTC-1_GSM4013386",1.47801141717519
"ACCTTTAGTCCTCCAT-1_GSM4013386",1.30345389750347
"TCTATTGAGACGCTTT-1_GSM4013386",1.26566347468538
"GACGGCTGTTGGTTTG-1_GSM4013386",0.884136287457554
"CGAGCCATCAAGCCTA-1_GSM4013386",1.26483251924732
"GTGGGTCAGTCGCCGT-1_GSM4013386",1.32106643158341
"GTTCTCGAGAGCTATA-1_GSM4013386",1.3107428845365
"GTGCGGTCATGTCGAT-1_GSM4013386",1.41796466901065
"ACTGCTCGTATTCTCT-1_GSM4013386",1.2761994977217
"CGTGTCTTCACAACGT-1_GSM4013386",1.3560051131394
"TTTGCGCAGGCATTGG-1_GSM4013386",0.61059431050511
"AAGGCAGCAGGATTGG-1_GSM4013386",0.742768999836137
"GACTACACACGTCTCT-1_GSM4013386",1.2953969058352
"ATGTGTGTCAACTCTT-1_GSM4013386",1.32534774224189
"GGGAATGTCATTGCCC-1_GSM4013386",1.32338729322136
"ACTTTCATCCTCAACC-1_GSM4013386",1.40685657526749
"CACATTTTCCTAGAAC-1_GSM4013386",1.29052313598786
"CACACAAGTCACTGGC-1_GSM4013386",1.28231398961286
"GCCTCTACACGTTGGC-1_GSM4013386",1.37723934385051
"TCGCGAGAGTGTACGG-1_GSM4013386",1.24469876793712
"TTAACTCAGCGCTTAT-1_GSM4013386",1.40544600654799
"ACATCAGGTCAGGACA-1_GSM4013386",1.25640243424643
"GTTCTCGCACCAGGTC-1_GSM4013386",1.17475638017836
"CCTCAGTAGGGTTTCT-1_GSM4013386",1.23425326229121
"ACCCACTCATGCCTAA-1_GSM4013386",1.30262152370678
"CCTTCCCGTCTAGTCA-1_GSM4013386",1.35432436390639
"AACTGGTAGAGCTGGT-1_GSM4013386",1.14461884870205
"TTCTTAGGTCCATCCT-1_GSM4013386",1.25467423549122
"GTTTCTACAGGGAGAG-1_GSM4013386",1.23072085360134
"ACATCAGTCTAACGGT-1_GSM4013386",1.2576660193759
"TTGCCGTTCAGATAAG-1_GSM4013386",1.34846596858302
"ATAGACCAGCTTTGGT-1_GSM4013386",1.15064978194753
"AGAGTGGTCAACACGT-1_GSM4013386",1.23426465391694
"ATGGGAGTCTCGATGA-1_GSM4013386",1.47405223040246
"TACAGTGGTAAACACA-1_GSM4013386",1.20526040327326
"CTCGGGATCCTTGACC-1_GSM4013386",1.2512386681885
"CTCTACGAGCGATAGC-1_GSM4013386",1.31991079808235
"GTGCGGTCACCTCGTT-1_GSM4013386",1.22903842265496
"CGTAGGCAGACCTAGG-1_GSM4013386",1.29628765990878
"TACAGTGTCTCACATT-1_GSM4013386",1.38314977192476
"GAGCAGAGTATATGAG-1_GSM4013386",1.32659342195655
"GACGGCTGTGTCCTCT-1_GSM4013386",1.31609630897218
"AACCGCGAGAGGACGG-1_GSM4013386",1.38738648629903
"TCACAAGGTCCAACTA-1_GSM4013386",1.30770503020287
"CTAGAGTCAAGCCGCT-1_GSM4013386",1.43391921809974
"TACTCGCAGTAACCCT-1_GSM4013386",1.29501442513766
"AGTTGGTTCTGCTGTC-1_GSM4013386",1.27982012914023
"TACAGTGGTAAGCACG-1_GSM4013386",1.22451867963021
"CATTCGCTCCTATGTT-1_GSM4013386",1.41000209086641
"TGCCCTAAGAGGTACC-1_GSM4013386",0.77520701139742
"CACAGTAAGGCTATCT-1_GSM4013386",1.39054606822427
"TTATGCTCACGAAATA-1_GSM4013386",1.26357221230018
"CGTTAGAAGCCAGTTT-1_GSM4013386",1.21077326224351
"ACTTACTGTTAAAGAC-1_GSM4013386",1.23151779191127
"CTACACCTCCGATATG-1_GSM4013386",1.38855786454272
"CGAGCCAGTCTAGGTT-1_GSM4013386",1.23829914411853
"GGGATGAAGACTACAA-1_GSM4013386",1.37104468761971
"GTAACGTCAATGCCAT-1_GSM4013386",1.23865831173153
"TCAATCTGTGTCCTCT-1_GSM4013386",1.30129732201325
"GACACGCCAATCCGAT-1_GSM4013386",1.30977788423505
"GGATTACTCCTTTCGG-1_GSM4013386",1.21110593990579
"ACGCAGCGTAGAGTGC-1_GSM4013386",1.29010613999154
"CAGCGACAGCATGGCA-1_GSM4013386",1.25306682666417
"CACATAGGTACTCTCC-1_GSM4013386",1.18967325022205
"AGATTGCAGCACGCCT-1_GSM4013386",1.32709187913588
"GACCTGGCAAAGGTGC-1_GSM4013386",1.27745182425075
"GGGTCTGAGTTACCCA-1_GSM4013386",1.37632706052609
"TGGCTGGCACGAAATA-1_GSM4013386",1.30162948446931
"TGCGTGGGTCATGCAT-1_GSM4013386",1.32029886324026
"ATTGGACGTGAGTATA-1_GSM4013386",1.34235853054659
"GTTAAGCAGTTCGCGC-1_GSM4013386",1.36059403299571
"TACTTGTGTAGGAGTC-1_GSM4013386",1.25539689002381
"CAACCAATCACCTTAT-1_GSM4013386",1.32413815418922
"ATCATCTAGCGTTCCG-1_GSM4013386",1.28559536959778
"CGCGGTACAGGTTTCA-1_GSM4013386",1.27760554606328
"TCGTAGAGTATGAATG-1_GSM4013386",1.35092183874744
"GTAGTCACACGACTCG-1_GSM4013386",1.38869917407073
"AAGGAGCGTGCTAGCC-1_GSM4013386",1.43602713199891
"ACATCAGTCAGGCCCA-1_GSM4013386",1.29955190548903
"TGGTTAGCACTCGACG-1_GSM4013386",0.814327750976693
"GGTGAAGAGGTGTGGT-1_GSM4013386",1.22949005032031
"GGCTCGACAGTAAGCG-1_GSM4013386",1.30671390697689
"ACGATACGTCAACTGT-1_GSM4013386",1.27826935058638
"TCATTTGGTTATCGGT-1_GSM4013386",1.31721644206709
"ATCTACTTCCTTGCCA-1_GSM4013386",1.4142925958315
"CCTAAAGTCCAGAGGA-1_GSM4013386",1.39690763750734
"AGCATACTCTGGGCCA-1_GSM4013386",1.32372522295401
"AGTGGGACATCCAACA-1_GSM4013386",1.2295314243
"GCTCTGTAGGTTACCT-1_GSM4013386",1.33481693373822
"GACCTGGGTAGGCTGA-1_GSM4013386",1.21388129743651
"GAACCTAAGTGAAGTT-1_GSM4013386",1.31129837736899
"CCACTACAGGTAGCTG-1_GSM4013386",1.32925946650997
"TCGTACCAGCGCCTCA-1_GSM4013386",1.37083795399382
"CGATCGGGTGATGATA-1_GSM4013386",1.31841753156653
"TACTCGCCATGGTCTA-1_GSM4013386",1.39735045416794
"CAACCAAGTGCTTCTC-1_GSM4013386",1.30781542265164
"GTACGTAGTCTGCCAG-1_GSM4013386",1.33884669183725
"TCACGAAAGGGTCTCC-1_GSM4013386",1.25584104948384
"CACTCCACAGACAAGC-1_GSM4013386",1.29744477790576
"TAGACCAGTGGCGAAT-1_GSM4013386",1.36056039874454
"TGAAAGATCGCATGGC-1_GSM4013386",1.50478277854584
"GTCGGGTGTCACCCAG-1_GSM4013386",1.3325582598407
"CGTCCATTCCTTTCGG-1_GSM4013386",1.33447172189858
"CCGTTCAGTCAGCTAT-1_GSM4013386",1.38941602723396
"ACATACGAGGGATCTG-1_GSM4013386",1.34698591427314
"CACCACTCAATGTAAG-1_GSM4013386",1.26941960299721
"TGGTTAGAGCAGGTCA-1_GSM4013386",1.31418160395095
"AAAGTAGAGTCCGTAT-1_GSM4013386",1.41620674475955
"TCACGAACACTAAGTC-1_GSM4013386",1.37719649087881
"CCTACCAGTCGAGATG-1_GSM4013386",1.33800099770329
"GGGAGATCACTTAACG-1_GSM4013386",1.14244308083577
"CGACTTCCAAATACAG-1_GSM4013386",1.37618882603984
"AGGGAGTTCACGAAGG-1_GSM4013386",1.3049072280897
"GGACAAGGTACTTGAC-1_GSM4013386",1.34828788489019
"AACTCCCCATGGAATA-1_GSM4013386",1.31663164339497
"GTTAAGCAGGGATCTG-1_GSM4013386",1.2445218749734
"GCGACCATCTGAGGGA-1_GSM4013386",0.830367415431069
"CTAGCCTTCCGCAGTG-1_GSM4013386",1.40070568616464
"GCGGGTTAGTACGCCC-1_GSM4013386",1.15650163720034
"TTATGCTAGACAGAGA-1_GSM4013386",1.28438143573398
"GGATTACAGAGTAATC-1_GSM4013386",1.27576478911633
"GTGTTAGCAGGTCTCG-1_GSM4013386",1.21863508612082
"ACACCGGTCGGATGGA-1_GSM4013386",1.27920526007071
"CCGGTAGAGAAGAAGC-1_GSM4013386",1.10056002659821
"TGAGCATCAGTAGAGC-1_GSM4013386",1.36055697220165
"ATCACGATCTTGCCGT-1_GSM4013386",1.26748615025138
"TCATTTGTCTACCAGA-1_GSM4013386",1.39017152218729
"CAGAATCTCCCTTGTG-1_GSM4013386",1.175604043232
"TGCTACCGTGCAGTAG-1_GSM4013386",1.25233150845755
"AGCATACGTCGGCACT-1_GSM4013386",1.24859459750429
"GGACGTCCACGGCCAT-1_GSM4013386",1.19871381462603
"AGACGTTCATCCGGGT-1_GSM4013386",1.3686596275017
"CATCAAGTCTGTCTAT-1_GSM4013386",1.3424024728332
"CGAGCACCATCATCCC-1_GSM4013386",1.26093084178596
"GTCACGGCATGCTGGC-1_GSM4013386",1.17214160309792
"AGAATAGGTCAAACTC-1_GSM4013386",1.35099721076751
"CATATTCTCACAACGT-1_GSM4013386",1.36374749245179
"TTCTTAGAGACCACGA-1_GSM4013386",1.27764426736319
"AAACCTGCAGGAATGC-1_GSM4013386",1.3311579139353
"GTGAAGGCAGATGGGT-1_GSM4013386",1.23895091598702
"GGAACTTCACATGACT-1_GSM4013386",1.41478196434228
"CCCATACCAGCTTAAC-1_GSM4013386",1.28008151260205
"TGGTTAGCATACGCCG-1_GSM4013386",1.35294671635255
"TGCCCATTCCTTGGTC-1_GSM4013386",1.39080235458684
"TTGACTTAGCTACCGC-1_GSM4013386",1.34858217644843
"GTTTCTATCTCTTGAT-1_GSM4013386",1.32457838886589
"CTAAGACAGTGTACCT-1_GSM4013386",1.42317002926488
"CATGACAAGTCGAGTG-1_GSM4013386",1.15576273352908
"TTCGAAGCATTCGACA-1_GSM4013386",1.14212035768297
"CTGATAGCAAGTAATG-1_GSM4013386",1.32468779064365
"CGTCAGGGTGCAGGTA-1_GSM4013386",1.23091152588226
"CAGAATCTCTAACTGG-1_GSM4013386",1.26314576340922
"AATCGGTGTTACGCGC-1_GSM4013386",1.36108168530321
"CTTAACTCAAGTCTAC-1_GSM4013386",1.36164837948257
"CGGTTAACACGGATAG-1_GSM4013386",1.27654795523042
"AAGGCAGTCATGCATG-1_GSM4013386",1.34409151061084
"CTGCTGTAGGCCATAG-1_GSM4013386",1.21580304338372
"ATGCGATAGAGCTATA-1_GSM4013386",1.2987160382084
"TGTTCCGTCAACACCA-1_GSM4013386",1.30968683484301
"CAAGGCCCATACTACG-1_GSM4013386",1.34852752091212
"CTGTGCTAGTCACGCC-1_GSM4013386",1.23905940808502
"CCCATACTCCCTTGTG-1_GSM4013386",1.26857727718024
"ATCTGCCAGTACGCCC-1_GSM4013386",1.30226907767069
"ACACCGGAGATAGCAT-1_GSM4013386",1.28682350484655
"AAACGGGGTACCAGTT-1_GSM4013386",1.16920687024393
"AATCGGTCACAGGAGT-1_GSM4013386",1.2602582896197
"CCACTACGTTTGACAC-1_GSM4013386",1.40605586062066
"AATCCAGCAAGGGTCA-1_GSM4013386",1.2214064867896
"ATCTACTTCCAGTAGT-1_GSM4013386",1.24536052047312
"CCATTCGCATCACAAC-1_GSM4013386",1.30438790595227
"CTGAAGTCATGGGACA-1_GSM4013386",1.30394707635292
"GGCTGGTAGTTGTAGA-1_GSM4013386",1.33921778477164
"CGTCACTTCTTCAACT-1_GSM4013386",0.737011260218485
"TGAGCCGAGCTAAGAT-1_GSM4013386",1.34016117742389
"CGGACTGTCAAACGGG-1_GSM4013386",1.2181596390823
"TGCCAAAAGAGGTAGA-1_GSM4013386",1.24764457327511
"AGTGAGGGTCGAGATG-1_GSM4013386",0.762653445006543
"GTGCATAAGATGTGGC-1_GSM4013386",1.19428219957008
"CATGCCTTCCTGTACC-1_GSM4013386",1.17084426254306
"ATTTCTGGTAAGGGAA-1_GSM4013386",1.1896182311362
"AATCGGTGTGCAGTAG-1_GSM4013386",1.29176438522769
"AACCGCGCAAGGGTCA-1_GSM4013386",0.858978496166684
"AGCAGCCGTAGCGATG-1_GSM4013386",1.31029456618197
"CTCGTCATCATATCGG-1_GSM4013386",1.31631599171645
"GTACTTTAGGGTTTCT-1_GSM4013386",1.20422215870317
"TGCGGGTGTTGCCTCT-1_GSM4013386",1.30965862343035
"GCATGCGCATGGAATA-1_GSM4013386",1.175851484405
"CGTCTACTCTCGCTTG-1_GSM4013386",1.204840039432
"ATAGACCTCACGAAGG-1_GSM4013386",1.45859999657908
"GAACCTAGTAACGACG-1_GSM4013386",1.30454321183304
"TACAGTGCACGACTCG-1_GSM4013386",1.27609671096269
"ACGCAGCAGGCTAGGT-1_GSM4013386",1.4239132107979
"AAGGCAGAGTAGCCGA-1_GSM4013386",1.14175042843846
"CAACCAAAGATCTGCT-1_GSM4013386",1.45340100759129
"CTTAGGATCGCGTTTC-1_GSM4013386",1.28620849735675
"GAACATCTCCCAAGTA-1_GSM4013386",1.19304361622342
"CAGGTGCTCGGCATCG-1_GSM4013386",1.33457519054424
"GATGAGGAGATATGCA-1_GSM4013386",1.31341699002101
"CGATCGGTCTCCTATA-1_GSM4013386",1.4164238964538
"CGATGTAAGAAACGCC-1_GSM4013386",1.22699113920361
"AAGACCTTCCCAAGTA-1_GSM4013386",1.26391664697698
"GCGCGATGTACATCCA-1_GSM4013386",0.780894302915961
"GTTCATTGTGTGACCC-1_GSM4013386",1.2267355453919
"CAACCTCAGTATTGGA-1_GSM4013386",1.35660718444284
"TCAATCTCAACTGCTA-1_GSM4013386",1.29906495891138
"CGGAGTCTCCAGGGCT-1_GSM4013386",1.37796297193218
"CAGCAGCAGGTTCCTA-1_GSM4013386",1.38161315256101
"GGCTGGTGTTATGCGT-1_GSM4013386",1.25679743697365
"ACACTGATCCTGTACC-1_GSM4013386",1.27485118797926
"CGTCACTCATGGTCAT-1_GSM4013386",0.857789259497363
"ACTTGTTTCTTCATGT-1_GSM4013386",1.28700737574492
"CTAATGGAGGGAAACA-1_GSM4013386",1.5414364628809
"ATGTGTGTCCGAACGC-1_GSM4013386",1.31831753058445
"ACCTTTACAAACTGTC-1_GSM4013386",1.26667076676441
"CCGGTAGTCACAGGCC-1_GSM4013386",1.25273744856518
"GTAACGTTCATTGCGA-1_GSM4013386",0.941615383976703
"TGCGGGTTCTATCGCC-1_GSM4013386",1.3670699544319
"ACGGCCATCTGTCCGT-1_GSM4013386",1.33836504103006
"AGCGTATCATGGTAGG-1_GSM4013386",1.30039474470782
"TACCTTACAGCTTAAC-1_GSM4013386",1.21885527206236
"CGATTGACAAGCCATT-1_GSM4013386",1.32650688113385
"CTCCTAGAGAGTAATC-1_GSM4013386",1.25076894541877
"CCTTCCCGTAGCACGA-1_GSM4013386",1.21278818560597
"ATCATCTAGTCCAGGA-1_GSM4013386",1.27331273993238
"TTGGAACCAAGTTAAG-1_GSM4013386",1.19615913735045
"AACTGGTCATGCTGGC-1_GSM4013386",1.40903974797542
"CGACCTTTCAGAGCTT-1_GSM4013386",1.27902075167299
"GGACAGATCCACGACG-1_GSM4013386",0.871203049731691
"TGACTAGAGAAAGTGG-1_GSM4013386",1.27756841240538
"ACCAGTACATCCGTGG-1_GSM4013386",1.24732575006599
"AAGACCTTCCCTGACT-1_GSM4013386",1.22191751436388
"AAAGTAGTCGCAGGCT-1_GSM4013386",1.18701700288343
"GGTGTTAGTGGACGAT-1_GSM4013386",1.15490374429201
"CGTAGCGCAGCCTGTG-1_GSM4013386",1.22857842744419
"GATCGTACAAGGCTCC-1_GSM4013386",0.674766892892112
"ACAGCTAAGCCCGAAA-1_GSM4013386",1.47360089747747
"ACGGAGATCGAGGTAG-1_GSM4013386",1.31115156814744
"AAGACCTAGAACAATC-1_GSM4013386",1.28543667129566
"CACAGTAAGAGTACAT-1_GSM4013386",0.722986546571079
"CAGCCGATCACTTACT-1_GSM4013386",1.22780592201318
"TAAGAGATCACCTTAT-1_GSM4013386",1.15773014764903
"TTAGGACAGAATTCCC-1_GSM4013386",1.27928306914233
"GACCAATGTAAATACG-1_GSM4013386",1.19001193243067
"GTTAAGCGTTTACTCT-1_GSM4013386",1.39794996477676
"ACTGAACAGCACCGTC-1_GSM4013386",1.21343119673364
"ACCCACTGTTATGCGT-1_GSM4013386",1.20896557020655
"TTGCGTCCAATCTGCA-1_GSM4013386",1.32598262654365
"AACTTTCTCGTATCAG-1_GSM4013386",1.22322265152473
"TCATTACAGTTACGGG-1_GSM4013386",1.14704327464822
"CACACTCTCTGGGCCA-1_GSM4013386",1.2897602337671
"TTGGAACAGTCAATAG-1_GSM4013386",1.14550837227979
"GTCCTCAGTCTGCCAG-1_GSM4013386",1.09859225728577
"ATCATCTGTAGTAGTA-1_GSM4013386",1.5041257012571
"CGATGGCGTATATCCG-1_GSM4013386",1.27343257061276
"AACTCCCAGGACGAAA-1_GSM4013386",1.2902515219778
"CAAGGCCTCGACGGAA-1_GSM4013386",1.43940164957633
"GGACGTCCAGTAACGG-1_GSM4013386",1.2150636728078
"CGGACGTGTCACAAGG-1_GSM4013386",0.777542008897786
"TGGTTAGTCATGTCTT-1_GSM4013386",1.42140261703724
"CGCCAAGCACCAGGCT-1_GSM4013386",1.18266609924505
"TATGCCCCAGGTTTCA-1_GSM4013386",1.28315633865458
"CTAGAGTGTCTAGCGC-1_GSM4013386",1.26169998159132
"GCGCAGTCAGCTATTG-1_GSM4013386",1.25808500167663
"TACACGAAGGAGTTGC-1_GSM4013386",1.25058756442441
"GTAACGTTCGAGCCCA-1_GSM4013386",1.27828379994504
"CCTATTACATCTATGG-1_GSM4013386",1.22618121242076
"CGTCAGGGTCAGATAA-1_GSM4013386",1.27469326677574
"TGACGGCAGAGACTTA-1_GSM4013386",1.34580171131467
"CGATGTAAGTATCGAA-1_GSM4013386",1.14016940194321
"TAGCCGGGTAAGGGCT-1_GSM4013386",1.26165891646092
"ACGAGCCGTTCACCTC-1_GSM4013386",1.12247465812838
"ATGTGTGAGCGTGTCC-1_GSM4013386",1.27818923803314
"AAACGGGGTAATCACC-1_GSM4013386",0.855595804515832
"CGGACACAGCTGATAA-1_GSM4013386",1.27627560940143
"GGACAGAAGTCGCCGT-1_GSM4013386",1.08798676419965
"CACATAGTCCATGAAC-1_GSM4013386",1.32282502528178
"TGGCCAGGTCCATCCT-1_GSM4013386",1.24290103233619
"TCAACGAGTGTGTGCC-1_GSM4013386",1.25089889571944
"GATCGATTCTGCGGCA-1_GSM4013386",0.891427412462392
"CTCGGGATCCCATTTA-1_GSM4013386",1.11023666281502
"ACGGCCATCTTACCTA-1_GSM4013386",1.30205781686287
"CACAAACCACGCATCG-1_GSM4013386",1.19996802987827
"GAACGGAGTCTTCAAG-1_GSM4013386",1.42974960905686
"GCATACACATTAGCCA-1_GSM4013386",1.30101763379019
"CTAGCCTGTGTGCCTG-1_GSM4013386",1.19273232733703
"AGGGAGTCACAGGAGT-1_GSM4013386",1.3365248008372
"TGCTGCTAGCCAGAAC-1_GSM4013386",1.22058261106084
"GGACATTTCGTCGTTC-1_GSM4013386",0.990808831366285
"GGAGCAACAAGCCATT-1_GSM4013386",1.28035720171419
"TCGCGAGCAAGGTTTC-1_GSM4013386",1.26432820465282
"ACTGAGTAGGCTAGAC-1_GSM4013386",1.26158249346267
"AAGTCTGCAAGGCTCC-1_GSM4013386",1.35063504821921
"TGTGTTTTCTTGACGA-1_GSM4013386",1.29553450636531
"CGCCAAGCATCACGTA-1_GSM4013386",1.3957417651937
"TAAGTGCCAAGAGGCT-1_GSM4013386",1.25814864811431
"CTACGTCGTCACACGC-1_GSM4013386",1.23797023036105
"CAGTCCTCATGCCTTC-1_GSM4013386",1.2308572814687
"AAAGTAGCATCCGTGG-1_GSM4013386",1.20100388921524
"TGAGCCGAGGTACTCT-1_GSM4013386",1.20509313122048
"CAGCAGCTCCCTCTTT-1_GSM4013386",1.27157860190654
"GCTGCGAAGGCCCTCA-1_GSM4013386",1.20801146471496
"ACGGGTCGTCGGATCC-1_GSM4013386",1.26708573503643
"CAGCCGATCCGATATG-1_GSM4013386",0.813183723884201
"CCACCTATCGTAGGTT-1_GSM4013386",1.26652663450848
"GGATTACCACCGCTAG-1_GSM4013386",1.24646348580094
"TGGCGCAAGTGGTAAT-1_GSM4013386",1.2889389729768
"CAAGATCCATCTCGCT-1_GSM4013386",0.686575037474853
"GATGAAACAAGAGGCT-1_GSM4013386",0.71476120103144
"GCTGCGATCTTTAGGG-1_GSM4013386",1.34274763126513
"GGGAATGAGGCAGTCA-1_GSM4013386",1.21679385246429
"CGTCACTCAGATTGCT-1_GSM4013386",1.25662130150882
"GATCAGTTCAGCATGT-1_GSM4013386",1.26085051030475
"CCCAGTTTCACGGTTA-1_GSM4013386",1.23023997159735
"GTCTTCGCAGGTGGAT-1_GSM4013386",1.19887115517397
"ACCGTAAAGCGCTCCA-1_GSM4013386",1.21287784329638
"TAGCCGGTCAAACAAG-1_GSM4013386",1.27952021384171
"ACCAGTAGTTACGTCA-1_GSM4013386",1.1709109381812
"TTCGAAGTCCGTAGGC-1_GSM4013386",1.19500859609774
"AAAGTAGAGGCACATG-1_GSM4013386",1.15248317946313
"CTTCTCTTCCGCGCAA-1_GSM4013386",1.38915267715668
"ACCCACTAGACGCAAC-1_GSM4013386",1.26751947582324
"GCTCTGTGTAGCTCCG-1_GSM4013386",1.4346091184891
"CTAACTTGTTGTCGCG-1_GSM4013386",1.25776901907929
"GTAACGTAGCGATTCT-1_GSM4013386",1.25885593119931
"CCTTTCTTCAGGTAAA-1_GSM4013386",1.26222635034713
"CACACAATCATTTGGG-1_GSM4013386",1.33848066884429
"CGGAGTCCAGTTTACG-1_GSM4013386",1.41095105022704
"ACACCGGCATGGGAAC-1_GSM4013386",1.44367767570814
"GGACGTCAGAGCCCAA-1_GSM4013386",1.33238729744585
"TCTCATACACAGAGGT-1_GSM4013386",1.28242959848454
"TATTACCGTATTCTCT-1_GSM4013386",1.20924978713059
"ACTGATGGTTAGTGGG-1_GSM4013386",1.33777179680036
"AGACGTTGTCAAAGCG-1_GSM4013386",1.18114399207563
"GGCGTGTTCGGTTAAC-1_GSM4013386",1.4095972144645
"AGCTTGACACCAGATT-1_GSM4013386",1.37375757348365
"ACCCACTGTAATCACC-1_GSM4013386",1.34542529034682
"CCCATACCAAGCTGTT-1_GSM4013386",1.26967901489386
"TTGAACGTCCTTTCTC-1_GSM4013386",1.27441020519112
"AGGGAGTAGGGCTTGA-1_GSM4013386",1.30005691715194
"TCTATTGCAAGCGAGT-1_GSM4013386",1.20357314972852
"CCCTCCTTCAGCTTAG-1_GSM4013386",1.23547045660498
"CAGATCACACTGTCGG-1_GSM4013386",1.17104389728205
"GACCAATTCGGAATCT-1_GSM4013386",1.26814461243709
"CTGGTCTAGAAACCTA-1_GSM4013386",1.36167973866007
"ACCCACTCAATCGAAA-1_GSM4013386",1.25155134631655
"ATAGACCGTCCGTCAG-1_GSM4013386",1.28824618100852
"CATGACACAAGCGCTC-1_GSM4013386",0.660535758426702
"CGATGTAAGGACAGAA-1_GSM4013386",1.24526069177019
"CACAAACCACAGCCCA-1_GSM4013386",1.17643218120523
"CTACACCGTATAGGTA-1_GSM4013386",1.31611662240195
"TTAGTTCCACGTCTCT-1_GSM4013386",1.22366460727701
"TGCTACCTCCTTTCGG-1_GSM4013386",1.16873586494528
"CTAGTGATCGGTCTAA-1_GSM4013386",1.3579644632836
"GTCACGGAGGTGGGTT-1_GSM4013386",1.39112533326273
"GCCAAATAGGCTATCT-1_GSM4013386",1.34473734484723
"CAGTCCTGTTCGGCAC-1_GSM4013386",1.10130735719081
"TCAGGTAAGTGGTAAT-1_GSM4013386",1.27646617860639
"ACTGCTCGTCTAGGTT-1_GSM4013386",1.38672775576284
"CGGGTCATCTGAGTGT-1_GSM4013386",1.38930898324339
"GTTAAGCGTCCCGACA-1_GSM4013386",1.23866475296862
"TGGTTAGTCTACTTAC-1_GSM4013386",1.27133394087454
"TCTCATAGTTATGCGT-1_GSM4013386",1.3080789586242
"TGAGCATTCGCGATCG-1_GSM4013386",1.31217649942493
"CTCAGAATCGACAGCC-1_GSM4013386",1.29025428865156
"GAACGGATCACGATGT-1_GSM4013386",1.41081536282006
"AGGTCCGCAGCTGGCT-1_GSM4013386",1.33873655053631
"TTCCCAGCAAGTCTAC-1_GSM4013386",1.18574242792356
"GTGCGGTGTTTACTCT-1_GSM4013386",1.24780006150066
"CGATGTAAGACCACGA-1_GSM4013386",1.31763747768472
"TTAGGACAGGAATCGC-1_GSM4013386",1.29291277158628
"GTCGGGTGTAAGGATT-1_GSM4013386",1.15018256226278
"TACGGTAAGCGATTCT-1_GSM4013386",1.34696980601531
"ACTTTCAGTTGCTCCT-1_GSM4013386",1.24462359758285
"ATCTGCCTCTACCAGA-1_GSM4013386",1.33839051982578
"TTAGGCATCTCTGAGA-1_GSM4013386",1.347023697549
"CTACACCAGATCACGG-1_GSM4013386",1.35144126285504
"TCGAGGCTCTCCTATA-1_GSM4013386",1.26692408206308
"TTGGAACGTTGCCTCT-1_GSM4013386",1.39363480210188
"CGTTGGGGTATCTGCA-1_GSM4013386",0.963042937548732
"AGCCTAACATACGCCG-1_GSM4013386",0.993467061642023
"GGATGTTAGTGAAGAG-1_GSM4013386",1.51321368597397
"CGAACATTCCCGACTT-1_GSM4013386",1.31204195243628
"CTACCCAGTGATGTCT-1_GSM4013386",1.28232040144272
"GGCAATTAGACCTTTG-1_GSM4013386",1.31289195477162
"CATCGGGGTATCAGTC-1_GSM4013386",1.21913932396398
"TTGACTTAGAAGGCCT-1_GSM4013386",1.22464735452855
"TCATTTGCATTCGACA-1_GSM4013386",1.29932708684228
"CATGCCTTCAAGAAGT-1_GSM4013386",1.22406856533342
"TACCTTATCCGCGGTA-1_GSM4013386",1.30883504997334
"CTACCCATCTACTCAT-1_GSM4013386",1.37858024880161
"GTGTTAGAGCCACGCT-1_GSM4013386",1.22478555969704
"CTGCGGATCAGTTCGA-1_GSM4013386",1.30664940075083
"TTGACTTTCAGCGATT-1_GSM4013386",1.24481215406407
"GATCAGTTCGCCTGTT-1_GSM4013386",0.762793880909793
"TGAGGGATCACGACTA-1_GSM4013386",1.39958867437504
"TACGGATAGGTTCCTA-1_GSM4013386",1.267875261687
"GACGTGCTCTAAGCCA-1_GSM4013386",1.19635539450756
"TGCGGGTCATACGCCG-1_GSM4013386",1.37675609063699
"TCAGATGAGGGCTTGA-1_GSM4013386",0.550403267343261
"AACTGGTCATCAGTCA-1_GSM4013386",1.19153206347403
"TGTTCCGAGGCTAGGT-1_GSM4013386",1.23929787280072
"CTTAACTAGTTGAGAT-1_GSM4013386",1.37279006630659
"CGCTGGAGTCTCAACA-1_GSM4013386",1.29498941239055
"CTTGGCTCACATCTTT-1_GSM4013386",1.32609549935228
"GTAACTGGTAGCGCAA-1_GSM4013386",1.24891745409077
"TTAACTCAGAGGACGG-1_GSM4013386",0.699931128177401
"GTCATTTTCGCAAGCC-1_GSM4013386",1.24289115596906
"CAGTCCTTCTTGAGGT-1_GSM4013386",1.32436772743287
"GACCTGGAGGATGGTC-1_GSM4013386",1.26390157061436
"TCAGCTCTCTTAGCCC-1_GSM4013386",1.32165795465496
"ATGTGTGCAATGAATG-1_GSM4013386",1.2800631259328
"TATCTCACACCATCCT-1_GSM4013386",1.26516464173517
"TACTCGCAGATATGGT-1_GSM4013386",1.23119335913689
"ACACCCTAGAGTACCG-1_GSM4013386",1.25679817872651
"GTGCAGCGTACCATCA-1_GSM4013386",1.29940539363161
"ACACCCTCACCACGTG-1_GSM4013386",1.32074666710843
"GATGCTAGTCTCCATC-1_GSM4013386",1.40459456208042
"GTAGGCCCAAGTAGTA-1_GSM4013386",1.27625921044984
"AGCTCTCGTACTCGCG-1_GSM4013386",1.17142294606958
"CCTATTATCACCTTAT-1_GSM4013386",1.29178400517809
"CGTCCATCATGGGACA-1_GSM4013386",1.31217872828687
"GTAACTGTCCACTGGG-1_GSM4013386",1.27746049140351
"CCTACCATCAGAAATG-1_GSM4013386",1.09958783968992
"CGTTAGAAGCTGCCCA-1_GSM4013386",1.19290984820274
"TATCTCAAGAGTACCG-1_GSM4013386",1.30961929345579
"ATTGGTGGTAGAAGGA-1_GSM4013386",1.27273799629016
"TACGGTATCTTGTATC-1_GSM4013386",1.2557240613407
"CTGAAGTGTTAAGATG-1_GSM4013386",1.24133829447132
"ACTTGTTTCCACGTGG-1_GSM4013386",1.25596191151103
"TTGCCGTAGATATACG-1_GSM4013386",1.32457701713848
"AGAGCGAGTCACACGC-1_GSM4013386",1.31423039085435
"TGACAACAGGCGACAT-1_GSM4013386",1.16251781116576
"CGTCCATTCTTGCAAG-1_GSM4013386",1.36113474751568
"GACACGCGTTCTGAAC-1_GSM4013386",1.28536671857634
"CAAGAAACAAGGGTCA-1_GSM4013386",1.21693031865907
"TCAGCTCAGGCTCTTA-1_GSM4013386",1.30090492573821
"TACTTACAGCTAACAA-1_GSM4013386",1.28633261475998
"AGAATAGTCCACTCCA-1_GSM4013386",1.20442468785204
"TGGCCAGTCAGAGCTT-1_GSM4013386",1.3101720782711
"TCTCTAAAGAGTCGGT-1_GSM4013386",1.20820291065604
"TTAACTCTCGGTCCGA-1_GSM4013386",1.23901762783691
"ATTACTCGTTCCACGG-1_GSM4013386",1.22249022188232
"CTAGCCTCATCCGCGA-1_GSM4013386",1.19874127354075
"CAGCTGGGTCAGATAA-1_GSM4013386",1.22880993725313
"TAGCCGGTCGCACTCT-1_GSM4013386",1.25275405617697
"AGGTCATAGCTAGTTC-1_GSM4013386",1.36541332505445
"TTGTAGGAGGATGGAA-1_GSM4013386",1.29760271151331
"ACTGAACTCCGTAGTA-1_GSM4013386",1.29936926117155
"TCTGGAACACAGACAG-1_GSM4013386",1.30781200265453
"CTCAGAATCTTTAGGG-1_GSM4013386",1.21514217215505
"CGATGGCCATTACCTT-1_GSM4013386",1.23018407154772
"CTACACCTCAGCAACT-1_GSM4013386",1.34258294096304
"CTAGCCTCAATCCAAC-1_GSM4013386",1.36720523527827
"ACCAGTACACATAACC-1_GSM4013386",1.28262617546595
"TGTATTCCACAGTCGC-1_GSM4013386",1.30561603740905
"TAGTGGTAGTAGGTGC-1_GSM4013386",1.22475846058569
"CCCTCCTAGCTATGCT-1_GSM4013386",0.758238593654263
"GATGAAACACCCATTC-1_GSM4013386",1.41420036010996
"CTAATGGAGTCTCCTC-1_GSM4013386",1.27899290106898
"TGGCTGGAGATGTAAC-1_GSM4013386",1.37079733964947
"GTAACGTGTGAGTGAC-1_GSM4013386",1.3460427332169
"CGCCAAGAGCCTATGT-1_GSM4013386",1.18035306494931
"TGAGGGAAGTCCGGTC-1_GSM4013386",1.15884269936653
"CTGAAACTCTCCTATA-1_GSM4013386",1.1851797875372
"TCATTTGGTAGCGTGA-1_GSM4013386",1.28515555197693
"AACGTTGCAGGAATGC-1_GSM4013386",0.823014460403656
"AGCTCTCGTAGGACAC-1_GSM4013386",1.22875213385662
"ACTGAACCACCGATAT-1_GSM4013386",1.22813926380213
"ACGGCCAGTTCGCTAA-1_GSM4013386",1.29421100354319
"TCGCGAGCAAGCCATT-1_GSM4013386",1.18526551819389
"CGGGTCACAGATTGCT-1_GSM4013386",1.21998969176935
"CTAACTTTCGCCCTTA-1_GSM4013386",1.27321613730865
"CGATGGCTCAACGGGA-1_GSM4013386",1.35865648729422
"ACTGATGAGATGCCAG-1_GSM4013386",1.30475052258942
"TAGGCATAGAGTGACC-1_GSM4013386",1.36361978778948
"CTCACACAGATGCCTT-1_GSM4013386",1.21323479531738
"GAATGAATCTTGTTTG-1_GSM4013386",1.29824248591375
"CGAGAAGTCGGCGCAT-1_GSM4013386",1.1270670499124
"GGTGTTATCCAGGGCT-1_GSM4013386",1.26861050006665
"TTGCGTCAGTGTACGG-1_GSM4013386",1.32260264192165
"CCTACACTCTGCGGCA-1_GSM4013386",1.29484478573911
"TCGGTAACACCTCGGA-1_GSM4013386",0.801747079345059
"CCTATTATCAGGATCT-1_GSM4013386",1.27666613262104
"AGGCCACGTGTGGTTT-1_GSM4013386",1.27923524090248
"GTTCGGGAGACACTAA-1_GSM4013386",1.30500525256844
"AGATCTGAGATGTTAG-1_GSM4013386",1.24035949515426
"CGGACACCACGGACAA-1_GSM4013386",1.00379521320229
"GCTTGAACAGCTCCGA-1_GSM4013386",1.22009419111938
"TGAGCATCATTGTGCA-1_GSM4013386",1.31678893097687
"AAAGTAGTCTTACCTA-1_GSM4013386",1.12944124989364
"GGAAAGCTCGGTCTAA-1_GSM4013386",1.23043102891871
"CGAACATGTAGTGAAT-1_GSM4013386",1.17256485587884
"GTTACAGTCAGCAACT-1_GSM4013386",1.27176254269092
"TCGAGGCCATTCCTCG-1_GSM4013386",1.31106935862007
"GCAGTTAGTCATCGGC-1_GSM4013386",1.20004261456964
"ACTATCTCACCCATGG-1_GSM4013386",1.30240582900042
"AAAGCAATCCAATGGT-1_GSM4013386",1.23585875843615
"TACTTGTCATCACGAT-1_GSM4013386",1.4287628605404
"CTGAAGTAGTTGCAGG-1_GSM4013386",1.32304762335384
"CCTACCAGTCATATGC-1_GSM4013386",1.28091981674202
"CGTGAGCTCACAAACC-1_GSM4013386",1.28209478843137
"CTGAAGTCAAGCTGGA-1_GSM4013386",1.16046082684743
"GACTGCGTCACGATGT-1_GSM4013386",1.32158153769285
"CCTTCGAGTTGAGTTC-1_GSM4013386",1.2994902703854
"CGATGGCCAGTGACAG-1_GSM4013386",1.32829940327335
"GATCGATGTGCACCAC-1_GSM4013386",1.35137147348318
"GACGGCTTCGCATGGC-1_GSM4013386",1.35272773958189
"CTCATTATCCTTAATC-1_GSM4013386",1.22706677923676
"CTGCGGATCACTATTC-1_GSM4013386",1.28328136191124
"TTTGTCATCGTCTGCT-1_GSM4013386",1.18262780730963
"AAGTCTGCATGAACCT-1_GSM4013386",1.41006261190984
"TGACTTTAGTCGAGTG-1_GSM4013386",1.31451722069727
"CTTGGCTCAAGGCTCC-1_GSM4013386",1.04593579698023
"GTGCAGCTCCTCGCAT-1_GSM4013386",1.3127410757659
"GGTGAAGAGCTATGCT-1_GSM4013386",1.25079841779404
"ATCATGGGTCGCATCG-1_GSM4013386",1.30966014158667
"AAGGCAGAGACTTTCG-1_GSM4013386",0.917053724978588
"ATTCTACCAACCGCCA-1_GSM4013386",1.19765992768717
"TACGGATAGTACGCCC-1_GSM4013386",1.28117747494166
"ACATGGTGTCTGGTCG-1_GSM4013386",1.09433276910389
"CACACCTCATGCCTAA-1_GSM4013386",1.13597815853603
"GCTCTGTCAAAGGCGT-1_GSM4013386",1.26277227734854
"CACAAACAGGGTCTCC-1_GSM4013386",1.11098879511407
"CACCTTGAGGTGTTAA-1_GSM4013386",1.27731505640178
"AATCCAGTCCCATTAT-1_GSM4013386",1.28924431060342
"GGGCATCCAGTTCATG-1_GSM4013386",1.20594507022947
"AGTGAGGTCGAACTGT-1_GSM4013386",1.22041011463894
"TACTTACCAGTCGTGC-1_GSM4013386",1.28073626096877
"GACAGAGAGGAACTGC-1_GSM4013386",1.30708064667408
"TGAGCATAGACCTAGG-1_GSM4013386",1.40774735760638
"ACTTGTTAGACAATAC-1_GSM4013386",1.379135678602
"TCGAGGCGTTTGTTGG-1_GSM4013386",0.563710182463192
"ACTGCTCTCGACCAGC-1_GSM4013386",1.25993955349102
"CCAGCGAAGCACCGTC-1_GSM4013386",1.28712918974739
"GGCTCGATCAACGAAA-1_GSM4013386",1.36874581234472
"CAAGTTGTCGGTTAAC-1_GSM4013386",1.2412952371235
"CTCACACGTGTCAATC-1_GSM4013386",1.19733093005756
"AAACCTGAGTTATCGC-1_GSM4013386",1.15287266707368
"TCTGGAAGTCGCATAT-1_GSM4013386",1.17991438511448
"TACTTGTGTCGGCTCA-1_GSM4013386",0.861873913605175
"CGTTCTGGTATGGTTC-1_GSM4013386",1.20181235080327
"GTTACAGCAGGGTACA-1_GSM4013386",1.29663821051592
"CACACCTCACCTATCC-1_GSM4013386",1.25359369032286
"TCGCGAGGTTCTGAAC-1_GSM4013386",1.24499320736157
"CTGTGCTTCCTGCCAT-1_GSM4013386",1.35855957740211
"ATAACGCGTCATACTG-1_GSM4013386",1.28894616440552
"AGAGCTTTCGTAGATC-1_GSM4013386",1.32409944438533
"TACAGTGGTCCGAGTC-1_GSM4013386",0.829172665538687
"GATCGATTCTAACGGT-1_GSM4013386",1.30406043431618
"GGGACCTCAAGTAATG-1_GSM4013386",1.01089466019268
"GTGTGCGGTTGGGACA-1_GSM4013386",1.46224744037493
"CGCCAAGCATTCCTCG-1_GSM4013386",1.25101947503524
"GGCTGGTGTCGCATAT-1_GSM4013386",1.24140472867083
"CTGCGGACATAAAGGT-1_GSM4013386",1.26940688758926
"GAGGTGAAGACTGTAA-1_GSM4013386",1.20052713362686
"AGATCTGTCTACGAGT-1_GSM4013386",1.31360715788169
"AGCGTCGGTATTCGTG-1_GSM4013386",1.20506023629142
"CCACTACTCTCGAGTA-1_GSM4013386",1.43359796987783
"AACCATGCAGGATTGG-1_GSM4013386",1.23038131361526
"CGTAGCGGTATATGAG-1_GSM4013386",1.29063156250291
"AAACCTGCAGAGTGTG-1_GSM4013386",1.2124024140982
"CACTCCAAGAGTAAGG-1_GSM4013386",1.32164210954706
"CACAAACGTAAACACA-1_GSM4013386",1.33683312475254
"TACTCATTCCCATTTA-1_GSM4013386",1.45097674350823
"CGTTAGACACAGATTC-1_GSM4013386",1.19501671953487
"TGACAACTCTCTTGAT-1_GSM4013386",1.20525122918778
"CACCTTGGTTCGCTAA-1_GSM4013386",0.827565532144172
"CTCTAATAGCGAGAAA-1_GSM4013386",1.20596684622706
"CGAACATCAGGTCCAC-1_GSM4013386",1.24731576574128
"ACGGCCAAGGCAATTA-1_GSM4013386",1.165847586829
"AGTCTTTCAGAGCCAA-1_GSM4013386",1.21029313980762
"CTCTACGCATGAAGTA-1_GSM4013386",1.3242822217943
"GGGACCTCAATGACCT-1_GSM4013386",1.3450042676425
"AGTTGGTGTCATCCCT-1_GSM4013386",1.08852937415819
"CGAGCACGTTGGTTTG-1_GSM4013386",1.17128474032629
"CACACCTTCACTTCAT-1_GSM4013386",1.37258008751016
"CTAAGACAGACGCTTT-1_GSM4013386",1.20445879498801
"CTTAACTAGCCTCGTG-1_GSM4013386",1.2224680222506
"ACTGAGTAGTAACCCT-1_GSM4013386",0.924703035134289
"ATGGGAGTCTTGAGGT-1_GSM4013386",1.19311356508001
"CGACCTTTCCGTTGTC-1_GSM4013386",1.33522318112642
"GATGAAAGTCTCATCC-1_GSM4013386",1.26526745638082
"AGACGTTTCCGGGTGT-1_GSM4013386",1.11416090769964
"GATCAGTCACCATGTA-1_GSM4013386",1.36690791732991
"CTAACTTGTCGGCATC-1_GSM4013386",1.30582582263567
"TTTGGTTCATCTACGA-1_GSM4013386",1.18172727146621
"ATTTCTGTCTGTCCGT-1_GSM4013386",1.34532651176869
"CTGGTCTTCCCAACGG-1_GSM4013386",1.37864530617688
"AACTCTTCACGCTTTC-1_GSM4013386",1.24116541039925
"GTCTCGTAGCTGTTCA-1_GSM4013386",1.1231968818035
"TCGTAGACAGCTGCAC-1_GSM4013386",1.26801747542711
"CGTTGGGAGGCTACGA-1_GSM4013386",1.32992239353643
"TATCTCACAGCCTATA-1_GSM4013386",1.26758957332529
"TGTATTCGTTTAGCTG-1_GSM4013386",0.876822315055306
"TGGTTCCGTTCATGGT-1_GSM4013386",1.22471032114384
"CGAGCCAGTTGACGTT-1_GSM4013386",1.28488279554385
"GAACGGAAGCGTTCCG-1_GSM4013386",1.09664138719432
"TTCGAAGCAAACTGTC-1_GSM4013386",1.21451787374155
"TGCACCTAGTTTGCGT-1_GSM4013386",1.26692964161838
"CTTCTCTTCGACGGAA-1_GSM4013386",0.699519560169342
"ATGCGATAGTCAAGGC-1_GSM4013386",1.17400257273116
"ACCCACTCAAGCCATT-1_GSM4013386",1.23842466562268
"AGAGCGAGTACTCAAC-1_GSM4013386",0.873024680845068
"TTTGCGCTCGCTAGCG-1_GSM4013386",1.31169562993117
"GATGAGGCAAGAGGCT-1_GSM4013386",1.32683080498476
"AAAGATGCAAACTGTC-1_GSM4013386",1.33717506365375
"ATTGGTGAGCTTTGGT-1_GSM4013386",1.2642372473743
"CGGACTGAGGACCACA-1_GSM4013386",1.26897715342753
"AGCTCTCAGTGAACGC-1_GSM4013386",1.39533321675559
"ACGATGTAGAGGTTAT-1_GSM4013386",1.26596378978867
"GACCTGGAGCCTATGT-1_GSM4013386",1.15649583505002
"GTCTTCGTCTCCAGGG-1_GSM4013386",1.16836614053046
"CCGTACTAGGAGTTTA-1_GSM4013386",1.10025965009604
"GTTCATTCAAGGACTG-1_GSM4013386",1.36378609215146
"GCTCTGTAGATCCGAG-1_GSM4013386",0.492876066186675
"CATCCACGTACCGCTG-1_GSM4013386",1.28297907471825
"ATGGGAGAGCTGTTCA-1_GSM4013386",1.25869486509644
"GCACATATCTATCCCG-1_GSM4013386",1.21471199629356
"GATCTAGAGAATTGTG-1_GSM4013386",0.600128225883026
"CTGCGGATCGCCGTGA-1_GSM4013386",1.22290675774404
"AGATTGCTCGTTACAG-1_GSM4013386",1.23240005522796
"GATCAGTGTCCAAGTT-1_GSM4013386",1.13002284821667
"ATGCGATAGGAGTCTG-1_GSM4013386",1.19868159169529
"ATCATCTGTTCGCGAC-1_GSM4013386",1.13530203934619
"CCTACACAGTCGTACT-1_GSM4013386",1.35138705683275
"AGGCCACAGGTTCCTA-1_GSM4013386",1.19395031726441
"GGGACCTCAGTCGTGC-1_GSM4013386",1.24121185546307
"ACTGAGTTCGCGGATC-1_GSM4013386",1.27626789944212
"AAACGGGCAGATAATG-1_GSM4013386",1.28213448580476
"TTTGTCAAGCTAGCCC-1_GSM4013386",1.29723126605821
"AGATTGCGTCCGTGAC-1_GSM4013386",1.30089910878186
"ATTGGACTCCATGCTC-1_GSM4013386",1.14571399736725
"CACCACTCAATAGAGT-1_GSM4013386",1.26143732440333
"GTTAAGCTCCCGGATG-1_GSM4013386",1.21335373586218
"TCAGGATAGGCCGAAT-1_GSM4013386",1.14591873775922
"TCTCATATCCTCAACC-1_GSM4013386",1.23849742610328
"GAATGAAAGCGATATA-1_GSM4013386",1.23039727542417
"AAAGTAGAGTGTTTGC-1_GSM4013386",1.21287876124799
"TAAGTGCTCGAATGGG-1_GSM4013386",1.16704259745694
"GTGTGCGGTCCAACTA-1_GSM4013386",1.2103752303154
"GACCTGGAGATGTAAC-1_GSM4013386",1.19355490286028
"AGATCTGAGTATGACA-1_GSM4013386",0.766713042307964
"CCTAAAGGTCCATCCT-1_GSM4013386",1.19804944109973
"TACGGTACAGATCCAT-1_GSM4013386",1.1880416088528
"CGATGGCCAAGTACCT-1_GSM4013386",1.25426958064299
"GTCACAACAGATGGCA-1_GSM4013386",1.20351990548026
"ACGGAGAAGTCGTTTG-1_GSM4013386",1.21720588917203
"TACAGTGGTATATGGA-1_GSM4013386",1.228026458865
"CTCATTAAGATATGCA-1_GSM4013386",1.33474509611494
"ACGCAGCAGGTCGGAT-1_GSM4013386",1.14351447061994
"AGGGAGTAGAGGGCTT-1_GSM4013386",1.36160009236238
"TGGCCAGAGGTGTTAA-1_GSM4013386",1.17672059818753
"TGTATTCCACTTACGA-1_GSM4013386",1.27489148663281
"AAAGCAATCTCCGGTT-1_GSM4013386",1.34164388955653
"CTAAGACTCGCGATCG-1_GSM4013386",1.17918284517702
"CGGCTAGTCACTTCAT-1_GSM4013386",1.21742997153591
"GTTAAGCGTTCCACGG-1_GSM4013386",1.27784117119
"AATCCAGAGCCACGCT-1_GSM4013386",1.15709623063852
"GGGCACTGTGGTCCGT-1_GSM4013386",1.28060474611331
"TACGGATTCCGTAGGC-1_GSM4013386",1.30939561998835
"ATCACGATCCTCTAGC-1_GSM4013386",0.599757080668504
"CCCAGTTCATTGAGCT-1_GSM4013386",1.26447844869719
"AACTCCCTCTTACCGC-1_GSM4013386",1.32730906896173
"TTCTTAGCACGACGAA-1_GSM4013386",1.0123053774601
"CTACGTCAGCCATCGC-1_GSM4013386",1.15649505315357
"GATTCAGTCTCGAGTA-1_GSM4013386",1.16535050620858
"TACGGTACACGGACAA-1_GSM4013386",1.17869641649865
"ACTGTCCCACAACGCC-1_GSM4013386",1.17945664889735
"TTTGTCACACAGAGGT-1_GSM4013386",1.24235071506459
"TGCGGGTTCGCCCTTA-1_GSM4013386",1.25395877388057
"TCACGAAAGTAGGTGC-1_GSM4013386",1.18252077980009
"GCACTCTTCAATCACG-1_GSM4013386",1.34494072025718
"CTGCGGACAACACCCG-1_GSM4013386",1.23033658381401
"ACATACGCACACCGCA-1_GSM4013386",1.30010841174345
"GTCACGGGTCGTGGCT-1_GSM4013386",1.22272527708621
"ACAGCCGTCCCTTGTG-1_GSM4013386",1.24410994797488
"CACAAACCAAGTTCTG-1_GSM4013386",1.28795731315589
"CCAATCCCAGTAACGG-1_GSM4013386",1.38342895563414
"GCGCAGTCACTTGGAT-1_GSM4013386",1.30251588487569
"CGTTAGAGTACCGTTA-1_GSM4013386",0.633999108714724
"TGTCCCAAGTACGCGA-1_GSM4013386",1.22762061320343
"TACTCGCCACAGATTC-1_GSM4013386",1.0108079708808
"GCACATAGTTATGTGC-1_GSM4013386",1.38217763193081
"AGGGTGATCGGAAACG-1_GSM4013386",1.08438059341128
"CGTAGCGCAATCCGAT-1_GSM4013386",1.23230297469419
"TCGCGAGAGCTGCGAA-1_GSM4013386",0.813942376566824
"AGTCTTTTCCGTAGGC-1_GSM4013386",1.38533006462426
"AGACGTTTCCTGCTTG-1_GSM4013386",1.23697255300055
"AGTAGTCGTGACCAAG-1_GSM4013386",1.16728431127218
"AACACGTAGGCCCGTT-1_GSM4013386",1.16804133890534
"TCTGGAAGTACTCAAC-1_GSM4013386",1.21137341472963
"GAAATGAGTTCCGTCT-1_GSM4013386",1.24866965561759
"TGAGGGAAGTGTTTGC-1_GSM4013386",1.43166704150578
"ATCCACCGTGGCGAAT-1_GSM4013386",1.2962602072574
"CTGCCTACAGTATAAG-1_GSM4013386",1.09138998626719
"AACACGTGTCATATGC-1_GSM4013386",1.2876300597983
"GCAGCCAAGACCCACC-1_GSM4013386",1.1593856435104
"TAGTTGGCACCGGAAA-1_GSM4013386",1.11225491270438
"TTTCCTCGTTCCCTTG-1_GSM4013386",1.37772135562481
"CACCACTAGTCGAGTG-1_GSM4013386",1.19672349775715
"GTCGGGTAGGACAGCT-1_GSM4013386",0.809221202305943
"TTCGAAGTCTATCCCG-1_GSM4013386",1.25748703796111
"GGGACCTGTGCCTGTG-1_GSM4013386",1.27134523586855
"TCGCGTTCACCAACCG-1_GSM4013386",1.27064950538197
"TGACTTTAGGCAGGTT-1_GSM4013386",1.26136736205793
"GCAAACTCACCAGATT-1_GSM4013386",1.22506268762049
"AGTGTCAGTCATCCCT-1_GSM4013386",1.11397510192056
"CATGACATCACCAGGC-1_GSM4013386",0.769755261496063
"GTTCTCGTCATTTGGG-1_GSM4013386",1.26902381050095
"TCACAAGCATTCTCAT-1_GSM4013386",1.21148375412534
"CTCATTACATCTGGTA-1_GSM4013386",1.22154944791503
"ATCCACCCATACCATG-1_GSM4013386",1.3391712998387
"GACACGCAGGTGACCA-1_GSM4013386",1.12273449165766
"TGAGCCGAGAGTACAT-1_GSM4013386",1.14380972953974
"GAATGAAGTCTCTTAT-1_GSM4013386",1.28945307643261
"GGGTTGCAGTGTACCT-1_GSM4013386",1.22377532148862
"ATTATCCAGTGGCACA-1_GSM4013386",1.22264303976503
"ACAGCCGTCAAGGCTT-1_GSM4013386",1.2746148617042
"GGGTTGCGTCGAATCT-1_GSM4013386",0.901036626203692
"CAGCCGATCGTCACGG-1_GSM4013386",1.24145509404328
"CTACACCAGTAGGTGC-1_GSM4013386",1.2208474981158
"ATAGACCAGCGTGAGT-1_GSM4013386",1.24551439805737
"CATCCACCATGGTAGG-1_GSM4013386",1.19891354795403
"CGAGCCAGTAACGTTC-1_GSM4013386",0.729996055797489
"CATCCACTCCACGCAG-1_GSM4013386",1.31669554240968
"CGCTGGACAGCCACCA-1_GSM4013386",0.859986253717049
"ATCATGGAGTCATGCT-1_GSM4013386",1.15848093479448
"TCGTACCGTCCAGTAT-1_GSM4013386",1.07967113120118
"TTCTCAACAACTGCTA-1_GSM4013386",1.29378892860652
"AAGGTTCCAGTCAGAG-1_GSM4013386",1.25553033659093
"GTCCTCAGTATCTGCA-1_GSM4013386",1.18922246996381
"CAGCAGCCATGGGACA-1_GSM4013386",1.29761965611785
"CAACTAGGTGTAACGG-1_GSM4013386",0.738983150137189
"CACAAACGTGCGAAAC-1_GSM4013386",0.678349984230136
"TTATGCTCAGTATAAG-1_GSM4013386",1.25741983469626
"GGTGCGTCACTCTGTC-1_GSM4013386",1.29033862543228
"TGTTCCGGTAGCGTGA-1_GSM4013386",1.40981135849378
"GACGGCTAGTGGGTTG-1_GSM4013386",1.13772033324122
"AACACGTAGCGTTCCG-1_GSM4013386",1.28318800960682
"TCTCATACATGTAGTC-1_GSM4013386",1.06581916158192
"CTCCTAGAGGGAAACA-1_GSM4013386",1.25124235075386
"AGGGAGTCAGTCGTGC-1_GSM4013386",1.27172735527889
"CAACCTCTCTCGCTTG-1_GSM4013386",1.21090572440074
"GTCAAGTCAATGACCT-1_GSM4013386",1.19650384896626
"GCGCAACTCGACGGAA-1_GSM4013386",1.26731245352104
"CAAGGCCGTATATCCG-1_GSM4013386",1.27461019749054
"ATGGGAGAGTCAATAG-1_GSM4013386",1.30766991369142
"ACTGAACAGTCGTTTG-1_GSM4013386",1.16864553601611
"CGAATGTTCCAACCAA-1_GSM4013386",1.22158121540075
"TCAGATGTCGCAGGCT-1_GSM4013386",1.37803206925301
"GCGAGAACAAGGACAC-1_GSM4013386",0.63914381535879
"CGGACGTAGATGTGTA-1_GSM4013386",1.17618659632584
"GATTCAGTCGGGAGTA-1_GSM4013386",1.11992721886267
"GTAGTCATCTCAAGTG-1_GSM4013386",1.19405631957687
"CTGATAGAGTGAACAT-1_GSM4013386",1.259255497594
"GATCTAGAGAATGTTG-1_GSM4013386",0.683721817135838
"CAGTAACCAAGCGAGT-1_GSM4013386",1.15157737947292
"TCGCGAGTCCTTAATC-1_GSM4013386",1.28558398001303
"GTAACTGTCAGCATGT-1_GSM4013386",1.2615160464407
"AAGGAGCAGTACGATA-1_GSM4013386",1.24045463614804
"CCGTTCACAATCACAC-1_GSM4013386",1.28380373902309
"CACACAAGTTAAAGAC-1_GSM4013386",1.21845628296161
"CACTCCATCGATCCCT-1_GSM4013386",1.40993429934687
"TTGACTTAGGGTTCCC-1_GSM4013386",1.42508826759329
"CAGAATCAGTGAATTG-1_GSM4013386",1.21872737092862
"GCATGATCATTTGCCC-1_GSM4013386",1.21152784885979
"TATCAGGAGAGACGAA-1_GSM4013386",1.33234181536646
"ATGGGAGGTAAATGAC-1_GSM4013386",0.956191212047536
"ACTGCTCCAGTTCCCT-1_GSM4013386",1.26555131784541
"CTGTGCTAGCGTAATA-1_GSM4013386",1.1682327268115
"TCACGAATCAGTTAGC-1_GSM4013386",1.14068824685015
"TCTCATAAGTTCGATC-1_GSM4013386",0.802943119930766
"GGCCGATGTGACAAAT-1_GSM4013386",1.32667782351108
"GTAACGTGTCTGGAGA-1_GSM4013386",1.09693710864312
"TGCTACCAGTGTTTGC-1_GSM4013386",1.15560940239522
"ACGCCGATCAGAAATG-1_GSM4013386",1.24391445155703
"GTCTCGTGTATCTGCA-1_GSM4013386",1.24324712330764
"GACGGCTTCACTGGGC-1_GSM4013386",1.34459451122322
"GTTAAGCCACGAGGTA-1_GSM4013386",1.22595058769204
"GATCGCGGTGCGGTAA-1_GSM4013386",1.26337307754069
"GGCTGGTCAGATCGGA-1_GSM4013386",1.24381805179783
"TGCCCTAAGTAGGCCA-1_GSM4013386",1.12198657102682
"TTGGCAACACGGCCAT-1_GSM4013386",1.22047652658679
"CAGCGACAGCTGAACG-1_GSM4013386",1.16265221530654
"GCTGCAGCACAACGTT-1_GSM4013386",1.21549676816764
"GCATGTACAATGGTCT-1_GSM4013386",1.34820904285469
"TCAACGAGTGATGTCT-1_GSM4013386",1.3034077953797
"GATGAGGCAGCTCGCA-1_GSM4013386",1.359927164127
"TGGTTCCGTAAGTTCC-1_GSM4013386",1.1996359164621
"AGGCCGTTCGTTTAGG-1_GSM4013386",1.07510054507665
"TATCAGGCAAGAAGAG-1_GSM4013386",1.28308914827106
"AACCATGTCACAAACC-1_GSM4013386",1.19528691687863
"CGATCGGAGAGCTATA-1_GSM4013386",1.18048379843886
"CATCAGAGTCATTAGC-1_GSM4013386",1.11497231584824
"CTCGGAGGTTACAGAA-1_GSM4013386",1.12581370661722
"ACGCCGATCAACCATG-1_GSM4013386",1.27256511645433
"ACGCAGCCATTGTGCA-1_GSM4013386",1.26884609084139
"GCTGGGTTCCAATGGT-1_GSM4013386",1.21635476914733
"GCGCGATAGTGTACTC-1_GSM4013386",1.16151497185125
"CTAACTTAGACACTAA-1_GSM4013386",1.18169812257635
"TGGTTCCAGTAGCCGA-1_GSM4013386",1.33691872035558
"GGTATTGAGTACTTGC-1_GSM4013386",1.16349703845984
"CCGGTAGTCTTAGCCC-1_GSM4013386",0.896960957019542
"GGAAAGCGTATCTGCA-1_GSM4013386",1.16554421616517
"AGCGTATAGATCCTGT-1_GSM4013386",1.08353526102171
"TGTGTTTTCTACGAGT-1_GSM4013386",1.31415518273501
"TAAGTGCGTCACTTCC-1_GSM4013386",1.32704388128804
"GTGTTAGCACTGTGTA-1_GSM4013386",1.06363100597137
"GACACGCTCGTATCAG-1_GSM4013386",1.30777442912129
"AGGGTGAAGTGTACTC-1_GSM4013386",1.10468324360442
"GCATACACACATGGGA-1_GSM4013386",1.15985629677317
"AGTTGGTCAGCTGCAC-1_GSM4013386",1.35734472171593
"TGTTCCGAGTGAAGTT-1_GSM4013386",1.16646042470822
"TACACGAAGTGGGATC-1_GSM4013386",1.13375181216403
"GGATGTTAGATGTTAG-1_GSM4013386",1.11604186346703
"CACAGGCTCTGGTATG-1_GSM4013386",1.27900055834146
"TTGTAGGTCGGTCTAA-1_GSM4013386",1.17449364084508
"ATAACGCAGTTCGCGC-1_GSM4013386",1.19895982073586
"TACCTTAAGGAGTTTA-1_GSM4013386",1.16328896570185
"GTCATTTTCCAGAAGG-1_GSM4013386",1.23284406050634
"GTTAAGCTCTACCTGC-1_GSM4013386",1.1994138800626
"GGTATTGTCGTCGTTC-1_GSM4013386",1.02916755968355
"GGAACTTGTTTCGCTC-1_GSM4013386",1.21249006102874
"CTGCCTACATTATCTC-1_GSM4013386",1.10493501413822
"CATCGAATCGTACGGC-1_GSM4013386",1.29165065475821
"TGTATTCAGAAACCTA-1_GSM4013386",1.32964177891327
"CCCTCCTAGCCGCCTA-1_GSM4013386",1.31698223133065
"TGACTTTGTTCTGTTT-1_GSM4013386",1.18717916208645
"TTGGAACCAGAGCCAA-1_GSM4013386",1.2955073723441
"ACAGCTATCGGCATCG-1_GSM4013386",1.23486784142046
"AGAGTGGAGCTAGTTC-1_GSM4013386",0.982656622615418
"CGATTGACAGACAGGT-1_GSM4013386",1.30360487693901
"TACCTTAGTCAGTGGA-1_GSM4013386",1.22315355095536
"AAAGCAACAACTGGCC-1_GSM4013386",1.28577257684787
"ACGAGCCAGTATGACA-1_GSM4013386",1.3237805869417
"TCAATCTAGAGTCGGT-1_GSM4013386",1.08531250809668
"TGCGTGGGTTGGGACA-1_GSM4013386",1.24889037941869
"AACTTTCTCAAACAAG-1_GSM4013386",1.27676729981865
"GATGAGGTCACCGTAA-1_GSM4013386",0.729007968093316
"TCCCGATCATGGGACA-1_GSM4013386",1.24008931431201
"ACTGCTCCATCGGTTA-1_GSM4013386",1.28430446451952
"TAGTGGTTCTCCCTGA-1_GSM4013386",1.08862932474987
"TTCTACACAAGACGTG-1_GSM4013386",0.883048026651224
"AACCGCGTCCATGCTC-1_GSM4013386",1.13833588438007
"CACCAGGGTAAGAGGA-1_GSM4013386",1.09542775825082
"CGTCACTCAAATACAG-1_GSM4013386",1.40831219170807
"ACGCCAGCATTTCAGG-1_GSM4013386",1.27514731086388
"TTGAACGTCCACGAAT-1_GSM4013386",1.1225770773957
"AGAATAGGTATGAATG-1_GSM4013386",1.31922510986516
"GGAGCAAAGAACTGTA-1_GSM4013386",1.17012834735188
"CAGAATCGTGCACCAC-1_GSM4013386",1.2771551521552
"TGATTTCTCGGTCCGA-1_GSM4013386",1.14822740046933
"CGATGGCGTTAAGGGC-1_GSM4013386",1.28668283707209
"AAGACCTTCTCATTCA-1_GSM4013386",1.21030872264985
"CACACTCAGTGTGAAT-1_GSM4013386",1.21421137957715
"TGACAACCATCCGCGA-1_GSM4013386",1.27725837759302
"TGTGGTATCGATAGAA-1_GSM4013386",1.03403958372738
"CTGAAACGTAGCGTCC-1_GSM4013386",1.28752212852539
"ACGCCGAAGTGAAGTT-1_GSM4013386",1.27977252850802
"GCCAAATGTCTCTTAT-1_GSM4013386",1.21406893828464
"CTCTAATAGGCAATTA-1_GSM4013386",1.15971662804511
"TATCAGGCAGACGCCT-1_GSM4013386",1.03618737973551
"ACGGCCAAGAGTGACC-1_GSM4013386",1.26615487251274
"CAAGTTGCAAACAACA-1_GSM4013386",1.28998032301358
"CGTCTACTCCCAGGTG-1_GSM4013386",1.25582489555269
"CACAGTAAGAAGGTGA-1_GSM4013386",1.08275229195725
"CTCTACGCAGATCCAT-1_GSM4013386",1.3499161065623
"GGATGTTAGCTAAGAT-1_GSM4013386",0.938550224495769
"AAACGGGCATGGTTGT-1_GSM4013386",0.713903026810606
"TCCACACGTGCCTTGG-1_GSM4013386",0.867309764597489
"TGGACGCAGGATATAC-1_GSM4013386",1.08081805400437
"TGAGAGGTCGAATGGG-1_GSM4013386",1.23382799501742
"CAACCTCTCAGGCAAG-1_GSM4013386",1.2390593040631
"GTACTTTCAGCGTCCA-1_GSM4013386",1.28124116509677
"AATCCAGTCTCCAGGG-1_GSM4013386",1.29226443121056
"GTCTTCGCACTAAGTC-1_GSM4013386",1.20761955461984
"CACAGGCCACTTAACG-1_GSM4013386",1.10431895091029
"GCAGCCAAGCGTTCCG-1_GSM4013386",1.27374284956152
"CGTTCTGTCCGTAGTA-1_GSM4013386",1.08826593847037
"GGTGCGTAGTACATGA-1_GSM4013386",1.30364641411246
"TATCAGGTCAGCTCTC-1_GSM4013386",1.1808445953539
"TCGTAGATCTCGGACG-1_GSM4013386",1.21870210347035
"CTGCGGAGTCGCGTGT-1_GSM4013386",0.74420282331639
"CGTAGGCGTGGACGAT-1_GSM4013386",1.1897579609302
"AAGGAGCGTATAGTAG-1_GSM4013386",1.25854371840814
"CGTTAGAAGAAGATTC-1_GSM4013386",1.1437043103787
"CCTCTGACATGGATGG-1_GSM4013386",0.818215836053731
"GATGAAAGTTTCCACC-1_GSM4013386",1.2220260408393
"TGGCTGGTCACGACTA-1_GSM4013386",0.943760195843413
"ATTGGACGTCTAGGTT-1_GSM4013386",1.21608327262238
"GCAAACTCACCCATGG-1_GSM4013386",1.04648766823358
"GATGAAAAGAACAACT-1_GSM4013386",1.29740529894047
"CGAATGTTCTCTTGAT-1_GSM4013386",1.19941225684023
"CGACTTCAGCGCTTAT-1_GSM4013386",1.32267696439804
"CATCCACAGTAACCCT-1_GSM4013386",1.19765099922221
"CTAGCCTGTCAAAGAT-1_GSM4013386",1.38387641572277
"GAATAAGCAGCGAACA-1_GSM4013386",1.17762977468421
"GGCGTGTAGAAGAAGC-1_GSM4013386",1.23211750817675
"AGTGTCACAACGATGG-1_GSM4013386",1.03653089112874
"AGACGTTCACCAGTTA-1_GSM4013386",1.2061856687899
"AACCGCGAGGGATCTG-1_GSM4013386",1.09223390723986
"TATCAGGTCGGTTCGG-1_GSM4013386",1.08913603047954
"CGACCTTCATGCAACT-1_GSM4013386",1.33296228032065
"TTCTACAAGCTAAGAT-1_GSM4013386",1.1025215954755
"TTTGCGCTCTCGCTTG-1_GSM4013386",0.800345179774069
"CACCTTGAGGAGCGAG-1_GSM4013386",1.2391606208397
"GATGAAACATGTCTCC-1_GSM4013386",1.1274965979538
"ATGAGGGTCTTATCTG-1_GSM4013386",1.12200055222921
"CTGTTTACAAGCCGCT-1_GSM4013386",1.21462850023041
"TTTGCGCAGCTGATAA-1_GSM4013386",1.17966581255732
"CTGCGGAGTACCGGCT-1_GSM4013386",1.06259434712795
"CTCTACGAGCTGCAAG-1_GSM4013386",1.19719027267892
"CTGAAACAGCCGCCTA-1_GSM4013386",1.34399730143275
"TTCTCCTGTCTTCGTC-1_GSM4013386",1.28975579370154
"GGGAGATTCAGGTAAA-1_GSM4013386",1.07460649551288
"AAAGTAGAGATGGCGT-1_GSM4013386",0.791097992299119
"GCGCCAAGTTTAGCTG-1_GSM4013386",1.18474279928104
"TGAGCCGGTCCAGTAT-1_GSM4013386",1.17691331804341
"AGATCTGCATGGTTGT-1_GSM4013386",0.847038234269133
"CCAATCCTCAACGAAA-1_GSM4013386",1.23964451648187
"ACTGATGCAGTGACAG-1_GSM4013386",1.18022548050142
"CGAGCACAGATGGGTC-1_GSM4013386",1.26587241565276
"TGCGCAGCAGAGTGTG-1_GSM4013386",1.13557183243892
"CCTCAGTCACGTAAGG-1_GSM4013386",1.36492037180887
"AAACGGGCACAACGCC-1_GSM4013386",1.32352673995706
"TATCAGGAGATCTGCT-1_GSM4013386",1.24811356063514
"AGGCCACTCAAGATCC-1_GSM4013386",1.34012006063492
"CGACCTTCACATCCGG-1_GSM4013386",1.26676393242713
"CCAATCCCACTCGACG-1_GSM4013386",0.672671628637823
"CTAGTGAGTCAGGACA-1_GSM4013386",0.647588011451019
"ACTATCTGTGAAATCA-1_GSM4013386",1.17406211327922
"TCCACACGTCAGGACA-1_GSM4013386",1.2192228556458
"CTAATGGTCATTGCGA-1_GSM4013386",1.11184665317876
"GGGTCTGTCTGTCTCG-1_GSM4013386",1.22359368793101
"GCGGGTTAGTGATCGG-1_GSM4013386",1.22268518783937
"GCGACCACAAGGTTCT-1_GSM4013386",0.967411704190883
"GCGCAGTTCTAGCACA-1_GSM4013386",1.25300178326956
"TTAGTTCAGTATCTCG-1_GSM4013386",1.18406820804501
"TTGAACGCACGGTTTA-1_GSM4013386",1.2176465241964
"TCAACGATCTCAACTT-1_GSM4013386",1.33954477945934
"ATCACGAGTTCCACTC-1_GSM4013386",1.12388791789121
"ATGCGATTCCAGAGGA-1_GSM4013386",1.27381045223295
"GCATGATAGATGTGTA-1_GSM4013386",1.1641640619771
"CACACTCGTCTCTCGT-1_GSM4013386",1.19389469774142
"ACATGGTTCGAATGCT-1_GSM4013386",1.09044287846795
"GCTGCAGGTTAGGGTG-1_GSM4013386",0.376797365392445
"CGTCTACCAAGAAAGG-1_GSM4013386",1.24057270986302
"ACGCCGAGTCTGCAAT-1_GSM4013386",1.17152038250459
"GAATAAGCAGCTGTTA-1_GSM4013386",1.18478999802133
"TAGCCGGAGGCTCAGA-1_GSM4013386",1.23432685052003
"AGGTCATAGGTGATAT-1_GSM4013386",1.29010215317384
"CTTTGCGAGTGTCCAT-1_GSM4013386",1.2185555473507
"GACAGAGAGCTTTGGT-1_GSM4013386",1.03069941069715
"TGCGTGGAGACAGACC-1_GSM4013386",1.36773572533075
"AGCTTGACAAGTCTAC-1_GSM4013386",1.19251542564537
"CGATGTACACATCCAA-1_GSM4013386",0.753870721852196
"GGAGCAACAGAGCCAA-1_GSM4013386",1.19510159004306
"TCAGCAAAGGCACATG-1_GSM4013386",1.25427871307066
"CCTAGCTCACAACGCC-1_GSM4013386",1.30588237772286
"TCGCGAGGTAGCGTAG-1_GSM4013386",1.30597766089056
"ATCGAGTCAACAACCT-1_GSM4013386",1.28040258991111
"ATGTGTGAGTGGAGTC-1_GSM4013386",0.810980609960859
"CGAATGTCATAGACTC-1_GSM4013386",0.888954902903667
"GACGTTATCCAGAAGG-1_GSM4013386",1.16297132849142
"CTAATGGAGCCGATTT-1_GSM4013386",1.26555701954918
"AGGTCCGAGTGTTGAA-1_GSM4013386",1.35918840388465
"CTGCTGTAGATAGCAT-1_GSM4013386",1.06660066217746
"GTGGGTCGTATCAGTC-1_GSM4013386",1.15871687143327
"CATGCCTGTTGGAGGT-1_GSM4013386",1.29098453907198
"CAGTCCTGTAAGTGTA-1_GSM4013386",1.09670407626158
"CTGATAGTCACCGGGT-1_GSM4013386",1.18649845720998
"GACTGCGAGTAATCCC-1_GSM4013386",1.26258702653063
"TGAGCCGAGTTTCCTT-1_GSM4013386",0.825619475663448
"AACCATGGTGGACGAT-1_GSM4013386",0.79992641580259
"GATGCTAGTATTCGTG-1_GSM4013386",1.24657095791306
"GAATGAAAGCCGCCTA-1_GSM4013386",1.239359151656
"ATCGAGTCACAGAGGT-1_GSM4013386",1.31543228362338
"CGATCGGGTTAAAGTG-1_GSM4013386",1.29640915384472
"AGCCTAAGTTCGTGAT-1_GSM4013386",1.19711949261541
"TGTTCCGAGTCTTGCA-1_GSM4013386",1.21673938415255
"TGAAAGAGTACAGTTC-1_GSM4013386",1.17045198983109
"AGCTCCTAGATGCCTT-1_GSM4013386",0.562385668424232
"GGGATGACATACAGCT-1_GSM4013386",1.27486092079268
"GACGGCTCAAGACACG-1_GSM4013386",1.29374499284896
"TTCTCAATCCTGCAGG-1_GSM4013386",1.14822588227396
"CAGCTGGAGGTGCACA-1_GSM4013386",1.18386726158642
"CAAGTTGAGTCATGCT-1_GSM4013386",1.10673542098821
"AGCCTAATCGAACGGA-1_GSM4013386",1.18354340555747
"CACATTTAGCCCTAAT-1_GSM4013386",1.34968913433451
"AGAGCTTAGAAGGCCT-1_GSM4013386",1.12806059225445
"GATCGCGGTTCGAATC-1_GSM4013386",1.29475102182741
"GTAACGTCATGTAAGA-1_GSM4013386",0.692263784367834
"TGTGGTAAGAAGGTTT-1_GSM4013386",1.26445893560778
"AGATTGCAGAAGGTTT-1_GSM4013386",1.11614215497475
"TTCCCAGCAGTATCTG-1_GSM4013386",1.21088328081564
"TGGGCGTCAGCCTATA-1_GSM4013386",1.36249038911002
"CAGCCGAAGTTAGGTA-1_GSM4013386",1.02334891348882
"GCAGCCATCTTAGCCC-1_GSM4013386",1.37639508637195
"AACGTTGAGCAAATCA-1_GSM4013386",1.24550765832934
"GAACCTAAGTACGTAA-1_GSM4013386",1.13545452968805
"GAGGTGAGTCCAAGTT-1_GSM4013386",0.785176011175207
"GGCCGATAGTGTTTGC-1_GSM4013386",1.21649988365337
"GCTTCCAAGTGCCAGA-1_GSM4013386",1.15474980950079
"ATCCACCGTCTCTCTG-1_GSM4013386",1.33546249826289
"AGCCTAAAGCGCCTTG-1_GSM4013386",1.22112832153796
"ATCTGCCCATGTCGAT-1_GSM4013386",0.911057381606881
"GACGCGTTCTTTACGT-1_GSM4013386",1.19906350857874
"TGGTTAGTCTGCTTGC-1_GSM4013386",0.773814007328111
"GATGCTAAGTGGCACA-1_GSM4013386",1.19770550735023
"GTGGGTCGTTGACGTT-1_GSM4013386",1.17721038392167
"TTCCCAGAGGCTAGAC-1_GSM4013386",1.28685393320687
"GCGCAACCAAGCGAGT-1_GSM4013386",1.28464836608384
"CTCTACGCAGCTCGAC-1_GSM4013386",1.28162884432698
"AGGCCACAGCTTCGCG-1_GSM4013386",1.15070023155071
"CCTACACAGGGTCTCC-1_GSM4013386",1.14956816576225
"GGACAAGAGTACGTTC-1_GSM4013386",1.18013309757892
"AGCTCCTAGCCTTGAT-1_GSM4013386",1.27037787200874
"TTAGGACGTTCCGTCT-1_GSM4013386",0.816751440758251
"TCTCATACACGAAGCA-1_GSM4013386",0.977713142782729
"AGCAGCCCACATGGGA-1_GSM4013386",0.885456319784959
"AACACGTTCTTGTCAT-1_GSM4013386",1.09906575594206
"CCAATCCAGCGCTCCA-1_GSM4013386",1.2369608256664
"CTCGTACAGTGTTAGA-1_GSM4013386",1.28333475194459
"CTTTGCGCACCGAAAG-1_GSM4013386",1.23883405879111
"CCAGCGAGTTACGCGC-1_GSM4013386",1.18819098597435
"GACGCGTTCCTATGTT-1_GSM4013386",1.22621845926567
"CGGACGTCATTCCTCG-1_GSM4013386",1.19240775288979
"TTTCCTCAGGACCACA-1_GSM4013386",1.09182041942536
"CACCTTGTCTACCAGA-1_GSM4013386",0.665330038023139
"TTGCCGTCATGGTAGG-1_GSM4013386",1.15415327661051
"AGAGTGGTCTCACATT-1_GSM4013386",1.20080653330365
"GACAGAGCAACGATCT-1_GSM4013386",1.19503796825014
"CTAGTGATCAAGATCC-1_GSM4013386",0.901836087737592
"GAAATGAGTTTAAGCC-1_GSM4013386",1.29864186277996
"CTCGGAGTCCAGAAGG-1_GSM4013386",1.35044396666935
"TCAATCTAGGATGGTC-1_GSM4013386",1.1570855646154
"CACCACTAGAAGCCCA-1_GSM4013386",1.26695320951145
"TGATTTCCACAGGAGT-1_GSM4013386",1.0359286327532
"GCACATATCGGTCTAA-1_GSM4013386",1.18801649530792
"CAGTAACCAATGTTGC-1_GSM4013386",1.22543510864318
"TCATTACAGCACGCCT-1_GSM4013386",1.20996753235769
"AACTCCCCAGTGACAG-1_GSM4013386",1.20039380251556
"GTGGGTCCACAGCCCA-1_GSM4013386",1.19712121747911
"GTTCTCGAGCGATATA-1_GSM4013386",1.19858752136539
"CAGCCGATCGGCATCG-1_GSM4013386",1.11916458748747
"GACGTGCGTGTGAATA-1_GSM4013386",0.959374888124227
"GTTCTCGGTAGCGTCC-1_GSM4013386",1.21327638337076
"TAGTTGGCAGTTAACC-1_GSM4013386",0.736963739131374
"CATATTCAGGATGGTC-1_GSM4013386",0.919339758966672
"GGGCATCCAAGCGAGT-1_GSM4013386",1.23284950009362
"ACCTTTATCCTTTACA-1_GSM4013386",1.2605863122156
"GATGAAAGTGTGCCTG-1_GSM4013386",1.23801376556086
"CACAGTACATTTGCTT-1_GSM4013386",0.72658625695348
"GGACATTGTTCAACCA-1_GSM4013386",0.547975001637301
"GTAACTGGTTCACCTC-1_GSM4013386",1.20913997084854
"TCCACACGTACTTCTT-1_GSM4013386",0.999864254803339
"AGTGAGGTCGCATGGC-1_GSM4013386",1.08042940179252
"GATGCTATCTACCAGA-1_GSM4013386",1.15790897083876
"GTCGGGTCACATGTGT-1_GSM4013386",1.08206482568412
"TCACGAAGTCGCGTGT-1_GSM4013386",1.13410905468019
"GATGAAACAATTGCTG-1_GSM4013386",1.2521574082554
"CTCGTACTCCGCAGTG-1_GSM4013386",1.24909243839456
"AAGCCGCAGGCGACAT-1_GSM4013386",1.15474560090767
"CACAGTACACACTGCG-1_GSM4013386",1.12854224144816
"TAAGAGACATGCAATC-1_GSM4013386",1.35377016167608
"TGACTTTGTCAATACC-1_GSM4013386",0.996471913914157
"CAGAATCTCTTGAGAC-1_GSM4013386",1.18344611015173
"ACGATGTCAGTGGAGT-1_GSM4013386",1.21802002524277
"CTGGTCTAGTTTGCGT-1_GSM4013386",1.17737446917829
"TTGTAGGTCAACGCTA-1_GSM4013386",1.13313464783587
"CGGAGCTGTCAAGCGA-1_GSM4013386",1.12754117637658
"CGCTGGAAGATTACCC-1_GSM4013386",0.767997359665797
"GTGAAGGCAAGGGTCA-1_GSM4013386",1.35991940104254
"CGCTTCATCCGAAGAG-1_GSM4013386",0.67154904839548
"GCTCTGTAGCAACGGT-1_GSM4013386",1.3240352833701
"GAACATCTCCCTTGTG-1_GSM4013386",0.905881098602457
"CCTTTCTTCGAGAACG-1_GSM4013386",0.918933067361003
"GAACGGATCCGTCATC-1_GSM4013386",1.19517282770898
"TCTATTGTCCTTGGTC-1_GSM4013386",1.18643083927935
"CACACAATCAGCTTAG-1_GSM4013386",1.24071220476312
"GCTTCCATCCTAGAAC-1_GSM4013386",0.679336327458926
"CTAGAGTGTTTCCACC-1_GSM4013386",1.02049135738754
"CACAGTAGTGGAAAGA-1_GSM4013386",1.13285616970361
"ATCCGAAGTCGGATCC-1_GSM4013386",1.07953319484518
"CCAGCGACACCTTGTC-1_GSM4013386",1.00043333467706
"GTCGGGTAGTCTCCTC-1_GSM4013386",1.12542551610102
"TCCCGATAGAACAACT-1_GSM4013386",1.3486490707792
"GTGCTTCAGCTGATAA-1_GSM4013386",0.506261471457395
"CTGCTGTAGAGTGAGA-1_GSM4013386",1.4014737136351
"GGGAGATAGCTCCCAG-1_GSM4013386",0.780434978666659
"CGTCCATGTGACAAAT-1_GSM4013386",0.928350926881926
"ACGCAGCCAACGATCT-1_GSM4013386",0.824391564004572
"CTCGAGGTCTTTAGGG-1_GSM4013386",1.33988907584325
"CGTTGGGCAGTAAGAT-1_GSM4013386",1.24793127898816
"TTCTACATCGGCGCAT-1_GSM4013386",1.03405849165067
"TAAGCGTCACGTCTCT-1_GSM4013386",0.756807404729258
"CGGCTAGGTTGTGGCC-1_GSM4013386",1.15498375909129
"AAAGTAGGTTCGCTAA-1_GSM4013386",0.714123009878292
"CTGATAGGTCTCATCC-1_GSM4013386",0.71583657246361
"GTTCATTCAGGTGCCT-1_GSM4013386",1.15384625157349
"ACACCGGTCATTATCC-1_GSM4013386",1.16201861807373
"GCATGATGTGTTTGGT-1_GSM4013386",0.695281925909335
"ATTTCTGTCGGAAACG-1_GSM4013386",1.3268658318734
"GAAACTCGTCAGAATA-1_GSM4013386",1.14887639926703
"TGACTTTGTTACGACT-1_GSM4013386",1.0134742113609
"CACCACTAGCTAGTGG-1_GSM4013386",0.712678942525181
"CAAGGCCTCAGCAACT-1_GSM4013386",1.21491646740837
"CTTTGCGTCAGAGCTT-1_GSM4013386",1.06833557822018
"GACGTTATCCCAAGAT-1_GSM4013386",1.08748457844623
"GATCAGTGTCTGATTG-1_GSM4013386",0.826549762371293
"CAAGATCAGTGAACAT-1_GSM4013386",1.23378826768794
"GGCAATTAGCAGGCTA-1_GSM4013386",1.2879374198573
"CTCATTAGTTATCACG-1_GSM4013386",1.04312052533259
"TAAGTGCGTAGCGCAA-1_GSM4013386",1.05926743472086
"TAAGCGTTCCAAACTG-1_GSM4013386",1.23487859224486
"TAAGCGTTCGACCAGC-1_GSM4013386",0.828485586400441
"GCGCCAAAGATGGGTC-1_GSM4013386",1.16624973803145
"CATGGCGTCCAGATCA-1_GSM4013386",1.12305911798257
"CGAGAAGAGTAATCCC-1_GSM4013386",1.23424561957594
"ACACCGGTCGCTGATA-1_GSM4013386",0.944139058113212
"AACTCAGTCAACACTG-1_GSM4013386",1.15348061497676
"CTAATGGTCTCTAAGG-1_GSM4013386",1.06337092524045
"TGGCTGGCAATCTACG-1_GSM4013386",0.907749948286337
"TACACGATCCGTAGTA-1_GSM4013386",1.08815197895552
"GGATGTTCACTGTGTA-1_GSM4013386",1.03833308349496
"TGGGAAGAGGGAGTAA-1_GSM4013386",0.854141486843553
"CATCGAATCTTTACGT-1_GSM4013386",1.3233252527806
"CTGCTGTAGGGCTTCC-1_GSM4013386",1.16934720468008
"AGTAGTCTCGGCGCAT-1_GSM4013386",1.10395676710177
"AAACCTGCAGTGGAGT-1_GSM4013386",1.08259609436011
"GTGCATACAGTTAACC-1_GSM4013386",0.999416366095182
"CACCAGGGTAGCGCTC-1_GSM4013386",1.18178993084774
"GGCTCGAGTGGTCTCG-1_GSM4013386",1.41476466440083
"GAAACTCGTTCACGGC-1_GSM4013386",0.750489950397469
"CCTTCGAGTCTCTCGT-1_GSM4013386",1.26232076756728
"GTTCATTAGCTGCCCA-1_GSM4013386",1.19244828256684
"ACTGAACGTGTTCTTT-1_GSM4013386",1.26269549674925
"ACGTCAACAATAGCAA-1_GSM4013386",1.23140287429532
"CAGATCAAGTAAGTAC-1_GSM4013386",1.25375251550079
"CTACATTTCGGTGTTA-1_GSM4013386",1.11850179442941
"AGTCTTTAGCACGCCT-1_GSM4013386",1.20562346509782
"GTCTCGTGTAGATTAG-1_GSM4013386",1.43636223717091
"CTAGCCTTCGGTCCGA-1_GSM4013386",1.25493130575886
"CTCGAAAGTAAGGGAA-1_GSM4013386",1.15993416795961
"TACGGTACACGCGAAA-1_GSM4013386",1.39227826138539
"AACGTTGCAATGCCAT-1_GSM4013386",0.713245156922728
"CTCTACGCAGAGCCAA-1_GSM4013386",1.19247179772044
"TGGCGCACATACAGCT-1_GSM4013386",1.10014601052196
"TGACTTTAGCCGATTT-1_GSM4013386",1.17812980730095
"TTTCCTCTCCGTCATC-1_GSM4013386",1.21494261730501
"GAACCTATCCTCTAGC-1_GSM4013386",0.809918696788504
"CAAGGCCGTCCGTTAA-1_GSM4013386",1.21550302651271
"CCTACACCAGGGAGAG-1_GSM4013386",1.1359687668848
"TGTGTTTTCGGTGTTA-1_GSM4013386",1.38307005941691
"GGTGAAGTCCTAGAAC-1_GSM4013386",1.17031433895163
"TTATGCTGTTACGACT-1_GSM4013386",1.36386424435019
"TCTTTCCTCACCTTAT-1_GSM4013386",1.05721991160655
"GGACAGAAGCCGCCTA-1_GSM4013386",1.26594241802996
"GTCACAAGTTATGTGC-1_GSM4013386",0.923954541278562
"TTAGTTCAGCAAATCA-1_GSM4013386",1.16694955561211
"GGCCGATCATGGTAGG-1_GSM4013386",0.591685301507174
"TCTGAGAGTCGGCATC-1_GSM4013386",1.23082687429865
"CTTTGCGCAATCAGAA-1_GSM4013386",1.20726821182128
"TTGTAGGTCCGTCAAA-1_GSM4013386",1.14066604039504
"CAGCATAGTGGTAACG-1_GSM4013386",0.734551078625322
"ATGCGATTCATGGTCA-1_GSM4013386",1.15423394732572
"CGATGTACACGGCCAT-1_GSM4013386",0.862403433416796
"TGTCCCAAGTCAATAG-1_GSM4013386",1.18032746340854
"ATTGGACAGTCAAGGC-1_GSM4013386",1.14117317653719
"GTCTTCGCACACCGCA-1_GSM4013386",1.23475630365307
"TACCTATGTCGGGTCT-1_GSM4013386",0.970800282171658
"CGGACGTTCTGGCGAC-1_GSM4013386",0.791510673212241
"CATATTCTCACATGCA-1_GSM4013386",1.05419291487822
"CTCCTAGGTACAGTTC-1_GSM4013386",0.946601505022842
"GGTGTTACAGTCAGAG-1_GSM4013386",1.24741847502398
"CTCGTCAGTGAAGGCT-1_GSM4013386",1.24495030863655
"ACGCAGCGTATGGTTC-1_GSM4013386",0.621635982472998
"ACTTTCAGTTATCGGT-1_GSM4013386",1.239975384377
"GGACAGACAGCTGTGC-1_GSM4013386",1.14544010515423
"GGCTGGTGTAAGGGAA-1_GSM4013386",1.14323378370063
"ACAGCCGTCTAACTTC-1_GSM4013386",1.2559951374492
"TTCCCAGGTCATGCAT-1_GSM4013386",1.1244437495357
"GGAATAAAGCCAGAAC-1_GSM4013386",1.12866733512977
"TACGGATGTCCAGTAT-1_GSM4013386",0.659043846914725
"ATTATCCCATTAACCG-1_GSM4013386",1.17175751267658
"GTCACGGGTGTGAATA-1_GSM4013386",1.27470175098858
"ATTCTACAGGCTACGA-1_GSM4013386",1.23428914121284
"GTACTTTGTGAACCTT-1_GSM4013386",1.23798155095995
"TGGTTCCCAGGTCCAC-1_GSM4013386",1.06394789057507
"AGCCTAATCTGATTCT-1_GSM4013386",1.20614600781948
"GTAGTCAAGGAGTAGA-1_GSM4013386",1.22039169062544
"GCAAACTGTGATGCCC-1_GSM4013386",1.04710614412501
"CCACGGAAGAGTGACC-1_GSM4013386",1.06745399540093
"ACCTTTAAGGTAGCCA-1_GSM4013386",1.08490206207753
"CTGCTGTCACTTACGA-1_GSM4013386",1.05899140209706
"GAGGTGAAGGACCACA-1_GSM4013386",1.2350529075516
"GGCTGGTGTCGCGTGT-1_GSM4013386",1.17062082542796
"AGTTGGTGTTACAGAA-1_GSM4013386",1.12813011387933
"GTGCGGTAGTGGTCCC-1_GSM4013386",1.18414638993429
"GACTAACTCGGAAATA-1_GSM4013386",1.21099508898808
"AGGGTGATCAAACGGG-1_GSM4013386",1.26007402221144
"TCACGAAAGGAACTGC-1_GSM4013386",0.828864957900812
"TGACGGCTCATGTCTT-1_GSM4013386",1.20708537296534
"CATGGCGCAAACCTAC-1_GSM4013386",1.13927721533731
"GATTCAGCAACACGCC-1_GSM4013386",1.16733411122716
"GGAGCAAGTACCATCA-1_GSM4013386",1.22682131962931
"CAGCAGCTCACCATAG-1_GSM4013386",1.09534068698201
"CGATGGCCAATGTTGC-1_GSM4013386",1.01658087269926
"CACACTCCACTGTCGG-1_GSM4013386",1.13267040725405
"CTACGTCAGCTTTGGT-1_GSM4013386",1.35924809163876
"TGGCGCACAGCCAATT-1_GSM4013386",0.902081933482136
"ACGTCAATCTATGTGG-1_GSM4013386",1.28114687936451
"CAGAGAGTCTAACCGA-1_GSM4013386",1.10782748653346
"AGCGGTCCAAATTGCC-1_GSM4013386",1.28715837658529
"CTTTGCGCATCTGGTA-1_GSM4013386",0.989667098813179
"TGCTACCTCGCCATAA-1_GSM4013386",1.29658400924883
"TAAGAGACAGGCGATA-1_GSM4013386",1.21168667099555
"GAACATCAGATCTGCT-1_GSM4013386",1.18537541312111
"AGCGGTCTCTACGAGT-1_GSM4013386",1.07319815640062
"CTAGTGATCCGTCATC-1_GSM4013386",1.07115169141786
"GTTCGGGGTTTACTCT-1_GSM4013386",0.8420641926981
"CTCTGGTGTACAGTGG-1_GSM4013386",1.2743283015607
"GGACGTCAGCTAGTCT-1_GSM4013386",1.25685881761991
"CGTCAGGTCTGCAGTA-1_GSM4013386",1.3208900758211
"AGGCCGTTCCGAATGT-1_GSM4013386",0.531724524814295
"TATCTCATCGAACTGT-1_GSM4013386",1.22081729594864
"AGCATACGTTGCTCCT-1_GSM4013386",0.831174257753507
"CACTCCATCCGTTGCT-1_GSM4013386",1.20976851096392
"GCTGCGAAGAGCTGGT-1_GSM4013386",1.28554376486914
"AAAGCAATCATTCACT-1_GSM4013386",1.14481246371688
"CCTTTCTGTATAGTAG-1_GSM4013386",0.881124454669476
"GCTGCAGGTAGCGTAG-1_GSM4013386",1.18282630221493
"TTTGCGCGTACCGAGA-1_GSM4013386",1.13762282860868
"CTCTACGCAATTGCTG-1_GSM4013386",1.257792991315
"TACTTGTTCATAAAGG-1_GSM4013386",1.10985279544902
"AGGGATGAGCCAGAAC-1_GSM4013386",1.02384104903068
"CTCGTCAAGACAGGCT-1_GSM4013386",0.992514970485832
"CAGATCAGTGTTTGTG-1_GSM4013386",0.692871141791688
"GTGTGCGAGCTGCAAG-1_GSM4013386",0.96528349268513
"ACTTACTGTCCAGTAT-1_GSM4013386",1.13894629740119
"GACCAATAGATATGCA-1_GSM4013386",1.07347211600601
"TATTACCGTTAAGACA-1_GSM4013386",1.20993204877222
"AGTCTTTCAGTGGGAT-1_GSM4013386",1.18205981863232
"TTTACTGTCTGTACGA-1_GSM4013386",1.22553474143633
"TGCGCAGGTCAGGACA-1_GSM4013386",1.24387202361309
"TTCTTAGCAAAGGTGC-1_GSM4013386",1.24941613605206
"AGTGTCAGTCTCCATC-1_GSM4013386",1.20003689566628
"GTATCTTAGCTTATCG-1_GSM4013386",1.04823926918203
"GTAGTCATCGAATCCA-1_GSM4013386",1.10682858297776
"CCAGCGAAGAGCCCAA-1_GSM4013386",1.00655216646306
"CATCGAATCTTGTATC-1_GSM4013386",1.17548642353504
"GTCGTAATCCAGTAGT-1_GSM4013386",1.07282894420213
"AGCGTATAGCGGCTTC-1_GSM4013386",1.16941422651821
"CCTATTAAGGAGCGAG-1_GSM4013386",0.907196595930322
"TATCAGGAGGAATTAC-1_GSM4013386",1.12573485433128
"TGGCGCAAGATCCGAG-1_GSM4013386",1.14896966092373
"ATCGAGTTCCACGTGG-1_GSM4013386",1.16118757113471
"TGATTTCTCCTTCAAT-1_GSM4013386",1.28157476647011
"CCACGGAGTGTTGGGA-1_GSM4013386",1.30496459191584
"TACGGATCAATCGAAA-1_GSM4013386",1.11764123973733
"GTCCTCAGTCCAACTA-1_GSM4013386",0.815406793322594
"TCGTAGACAATCCAAC-1_GSM4013386",0.966637227714041
"TTCCCAGGTAGCCTCG-1_GSM4013386",1.16863106879268
"ACACTGATCCTCTAGC-1_GSM4013386",1.13515464478262
"TGCACCTCAGTGGAGT-1_GSM4013386",0.946640840979465
"AGCATACTCCTCAACC-1_GSM4013386",1.10095865321719
"TCAACGATCACCCTCA-1_GSM4013386",1.20739265654392
"GGCGTGTAGAAACGCC-1_GSM4013386",1.09437743242077
"ATGTGTGGTGCCTGTG-1_GSM4013386",1.13996926352529
"TCAGCTCAGTGCGATG-1_GSM4013386",0.965658514648541
"GAACATCAGTCTTGCA-1_GSM4013386",1.13222352557274
"ACCAGTATCAGTGTTG-1_GSM4013386",1.26114702861706
"ACTGTCCCACAAGTAA-1_GSM4013386",1.09934817393677
"CAGATCATCTAACTCT-1_GSM4013386",1.14204484754486
"GGGATGAGTACTTCTT-1_GSM4013386",1.29282877641069
"CAGCTGGCACACTGCG-1_GSM4013386",1.03705997495867
"ACAGCTAGTCGCTTTC-1_GSM4013386",1.12097496683483
"CTAGAGTGTTATCCGA-1_GSM4013386",1.2730556868479
"TGACAACAGAGGGATA-1_GSM4013386",1.16091066928041
"TGAGCATTCGGTGTTA-1_GSM4013386",1.18505098156183
"GAATGAAAGGGAAACA-1_GSM4013386",1.201763400169
"GTGTTAGAGACAGACC-1_GSM4013386",1.17577331536932
"CCCTCCTCATTAACCG-1_GSM4013386",1.20502347027309
"AAGCCGCTCGTCACGG-1_GSM4013386",1.14852628580491
"CATTCGCAGCTGCGAA-1_GSM4013386",0.425459815700724
"GTCACGGGTCGCTTCT-1_GSM4013386",1.06321732718773
"GGATTACAGCGTGTCC-1_GSM4013386",0.889888034920618
"GGAATAAAGCGAGAAA-1_GSM4013386",1.20476897116713
"CTCTACGGTTACCAGT-1_GSM4013386",1.19900579468202
"GTGTTAGTCATTGCCC-1_GSM4013386",1.34659380303747
"AGACGTTGTTAGGGTG-1_GSM4013386",1.12494816394424
"CTAAGACGTACAGTTC-1_GSM4013386",1.2527198279868
"ATTACTCTCGGGAGTA-1_GSM4013386",0.945619340270963
"AACGTTGGTAAGTGTA-1_GSM4013386",1.06069008045546
"CAGCATATCAAACGGG-1_GSM4013386",0.85996576096591
"TTTCCTCCAAAGAATC-1_GSM4013386",1.26991316269469
"GGGCACTTCGCCATAA-1_GSM4013386",1.13532187986993
"AGGGTGAGTGATGTGG-1_GSM4013386",0.898728907293574
"CCATGTCAGAAGGTGA-1_GSM4013386",0.789895733166037
"AGGTCATGTTGTCGCG-1_GSM4013386",1.19509087038194
"GACGTGCGTTCACCTC-1_GSM4013386",1.12444771009081
"AGGGTGAGTCTGATTG-1_GSM4013386",0.944355225526529
"CGCTATCGTTCGTGAT-1_GSM4013386",1.25412683130773
"GCTGGGTCACACTGCG-1_GSM4013386",1.1604224485077
"CCCTCCTCATTTGCTT-1_GSM4013386",1.03386142732104
"ATCGAGTTCCGCGTTT-1_GSM4013386",1.05815157453654
"TCTGGAATCAGCTGGC-1_GSM4013386",1.12582023481217
"AGAGTGGGTTCAGACT-1_GSM4013386",0.698690109399957
"AGCTTGAAGTACGACG-1_GSM4013386",1.14552845587479
"GGACATTCAAGTCTAC-1_GSM4013386",1.08506063170782
"GTCCTCATCTGACCTC-1_GSM4013386",1.19698694452894
"GGGCATCCAGGCGATA-1_GSM4013386",1.14200305364951
"TTATGCTAGGCAGTCA-1_GSM4013386",1.26058297315805
"GACTACATCTATCCCG-1_GSM4013386",1.29588841292864
"CACACCTTCTATCGCC-1_GSM4013386",0.785588178065958
"GCTGCAGTCATTTGGG-1_GSM4013386",0.685613109644581
"AATCGGTAGCATCATC-1_GSM4013386",0.770990480780256
"CTGGTCTAGCGTGAGT-1_GSM4013386",1.14180603110025
"TAGAGCTGTGGCAAAC-1_GSM4013386",1.18100166202354
"TTGCGTCTCCTAGGGC-1_GSM4013386",1.25180066024794
"ACACCAATCCGATATG-1_GSM4013386",0.812019773724455
"CTGGTCTCAGTCTTCC-1_GSM4013386",1.23748290528784
"CATTCGCGTTGAGTTC-1_GSM4013386",0.811864104732287
"CAGATCACATATGGTC-1_GSM4013386",1.15720541528985
"TCAGGATGTACTTGAC-1_GSM4013386",0.720108183262683
"AAGGCAGGTTCCAACA-1_GSM4013386",1.24562062639607
"TACGGTATCGCGTTTC-1_GSM4013386",1.25260222619732
"GTTACAGGTTTCCACC-1_GSM4013386",0.789256685752532
"GGTGTTACATCTGGTA-1_GSM4013386",0.723067443461115
"TGCACCTAGTGTCCCG-1_GSM4013386",1.08134373179477
"AACTCAGTCTTAGAGC-1_GSM4013386",1.12498933110543
"GCTTCCATCTACCAGA-1_GSM4013386",1.1465729341396
"AGGGATGCAATAGCGG-1_GSM4013386",1.33325630961317
"GGATGTTAGCACCGTC-1_GSM4013386",0.913181641084851
"GGATGTTCAAGCTGAG-1_GSM4013386",1.25434869887241
"TACGGATTCTGTCAAG-1_GSM4013386",0.509786751497981
"CTCCTAGTCTGAGGGA-1_GSM4013386",0.775839741839813
"CCAGCGAAGCTGTCTA-1_GSM4013386",1.00806482189485
"CACACCTAGGACTGGT-1_GSM4013386",1.17037985337163
"GATGCTATCAGCTTAG-1_GSM4013386",1.14790782238828
"GGCGTGTGTCGAGTTT-1_GSM4013386",0.945938120332945
"GGTGTTAAGCGCTTAT-1_GSM4013386",1.25822825818345
"GTCTTCGTCGGAGGTA-1_GSM4013386",1.02064801877997
"TTCTCCTGTACGACCC-1_GSM4013386",1.10245868072415
"ACACTGAAGTCATCCA-1_GSM4013386",0.57260238483447
"TGGCTGGGTACTCTCC-1_GSM4013386",0.996699066015657
"GCGCGATCACAGCGTC-1_GSM4013386",0.86563508528556
"CAGAGAGTCTTTACGT-1_GSM4013386",1.10266047410657
"GCTCTGTCAGTCGATT-1_GSM4013386",1.11704206399143
"TAAGAGATCCAAATGC-1_GSM4013386",1.08408995095191
"CACACTCCAATGAAAC-1_GSM4013386",1.20355580849182
"TGAAAGAAGGGAGTAA-1_GSM4013386",0.643352446137011
"GCATGATGTATCACCA-1_GSM4013386",1.31754636103317
"TCACGAACATTAACCG-1_GSM4013386",1.07710318251487
"GCTGGGTGTAAACACA-1_GSM4013386",1.25876559921266
"GGAAAGCCATCGATTG-1_GSM4013386",0.997696101159523
"CTCCTAGTCGTTTATC-1_GSM4013386",1.21874885708128
"GAAATGATCAAACGGG-1_GSM4013386",1.28046109282452
"CATCGAATCGCCTGTT-1_GSM4013386",1.34573824347168
"GACGCGTTCATGGTCA-1_GSM4013386",1.04539076051127
"CAGCTGGCATTGGGCC-1_GSM4013386",1.09285336920704
"CCACCTAGTTCCAACA-1_GSM4013386",1.25339244094428
"CGACCTTGTGTGAATA-1_GSM4013386",1.13162790060575
"TTTACTGTCATCGATG-1_GSM4013386",1.17674806123171
"CATCAAGGTCAGATAA-1_GSM4013386",1.18904959367977
"CCTTCCCGTTGAGTTC-1_GSM4013386",1.08541478149613
"AGAGCGACACCTCGTT-1_GSM4013386",1.11551052016119
"GACGTGCTCACGAAGG-1_GSM4013386",1.15970303900865
"AGTTGGTTCGGTTCGG-1_GSM4013386",0.733629122440022
"GCGAGAAGTCAGCTAT-1_GSM4013386",1.05628365980828
"GAATGAACAATAACGA-1_GSM4013386",0.821778525704281
"CCCTCCTAGATCCTGT-1_GSM4013386",1.01908593146962
"CGGAGTCTCGCCAAAT-1_GSM4013386",1.14385351413042
"GCCTCTATCTTTACAC-1_GSM4013386",1.03466794261122
"TAGAGCTGTGTTGGGA-1_GSM4013386",1.27368518826612
"ACACTGACAAGCCATT-1_GSM4013386",0.733869449558555
"CAAGTTGCAGGGTACA-1_GSM4013386",0.910007597214237
"CTCTGGTGTGCAGGTA-1_GSM4013386",0.814955602654223
"TTTATGCCAGGCTGAA-1_GSM4013386",1.10351416924257
"CCCAGTTAGCCAGTTT-1_GSM4013386",1.30336099831066
"CCGGGATCAAGCGCTC-1_GSM4013386",1.10332375744585
"TCTCATATCGTTTGCC-1_GSM4013386",0.957736163981477
"ACGATGTGTAGCGTAG-1_GSM4013386",0.801135180831938
"CCTACACTCCAAACAC-1_GSM4013386",1.28875316891724
"ATTTCTGCATGGAATA-1_GSM4013386",1.18886125155113
"ATGAGGGGTTGCGTTA-1_GSM4013386",1.13394954724481
"CAGTAACCACCGTTGG-1_GSM4013386",1.05427521436386
"GCTGCTTAGCCAACAG-1_GSM4013386",1.18526412151472
"TACAGTGGTGGTAACG-1_GSM4013386",1.09728495416844
"CAACCTCTCACAATGC-1_GSM4013386",0.564112017767168
"AGTGGGAAGGGTGTTG-1_GSM4013386",1.18363406311122
"GGTATTGCATAACCTG-1_GSM4013386",1.21339672078087
"TGACGGCTCGAACGGA-1_GSM4013386",0.574765171405533
"CCACTACCAGATCCAT-1_GSM4013386",1.14332215258872
"GACTACAGTGACAAAT-1_GSM4013386",1.11094221336859
"TAAGAGACATGCATGT-1_GSM4013386",0.750557909385715
"ATCGAGTGTGCAGTAG-1_GSM4013386",1.15057117545083
"AAAGTAGCAAGCCTAT-1_GSM4013386",1.19815682611966
"CGAACATTCATCGCTC-1_GSM4013386",1.13904357978127
"ATCATGGAGAGGTTGC-1_GSM4013386",0.825500474586859
"TTGCGTCGTACCGTTA-1_GSM4013386",0.91166566178345
"CAAGATCTCAACACAC-1_GSM4013386",0.42095325562531
"GATCTAGAGTGGAGTC-1_GSM4013386",0.909835771326766
"CTAATGGTCTCGTTTA-1_GSM4013386",0.993017067257307
"CTGTTTAGTCCGACGT-1_GSM4013386",1.07880048210264
"ACTTACTCACTTCTGC-1_GSM4013386",1.13281691594597
"CGTCTACAGAACAATC-1_GSM4013386",0.97404883569054
"TTCGGTCCAATGAATG-1_GSM4013386",1.19736665811209
"ACTGTCCTCGGTGTTA-1_GSM4013386",1.23161409466354
"CAGAGAGTCAGCTTAG-1_GSM4013386",0.900056731183658
"GATCGCGTCTTGTATC-1_GSM4013386",1.15702817720645
"CACATTTCAATCACAC-1_GSM4013386",1.12860852432457
"CTCTGGTGTCTGCGGT-1_GSM4013386",0.905961623427867
"TGCCAAAAGAAGCCCA-1_GSM4013386",0.773964125545222
"AGGGAGTCACCCATTC-1_GSM4013386",1.15759866826794
"GTCACAATCAGAGACG-1_GSM4013386",0.973847984876256
"CACAAACGTGTAAGTA-1_GSM4013386",1.23633057043569
"GGAAAGCTCACAAACC-1_GSM4013386",0.85100513083936
"TCTGAGATCGCGTTTC-1_GSM4013386",1.08059988853063
"CCGGGATGTTCGCTAA-1_GSM4013386",1.19887952731156
"GCATGATTCTACTTAC-1_GSM4013386",0.933279361961362
"CTGCTGTAGACTGGGT-1_GSM4013386",1.33302911730538
"CGTTAGAAGTACTTGC-1_GSM4013386",0.979245336998398
"TACGGGCAGAGTCGGT-1_GSM4013386",0.631046174256242
"TGTGGTATCTCTGCTG-1_GSM4013386",1.12718821696671
"ATAACGCAGGTAGCCA-1_GSM4013386",1.18348116492452
"TTTGCGCAGCTGGAAC-1_GSM4013386",0.684995940064117
"CTGCTGTAGCGTTCCG-1_GSM4013386",0.788732217614227
"GGACAAGGTCATATGC-1_GSM4013386",1.07514969754942
"TGATTTCGTCGGCACT-1_GSM4013386",0.875244340717123
"TCGAGGCAGGTAGCCA-1_GSM4013386",1.17184695626205
"CACATTTGTCGAATCT-1_GSM4013386",0.854451636921038
"CGTGTCTTCAGCTGGC-1_GSM4013386",0.962389068553407
"TTCGGTCTCCGCGTTT-1_GSM4013386",1.26937063428699
"AGCGGTCTCCTGTAGA-1_GSM4013386",0.78595410498979
"CTACATTCAGCTATTG-1_GSM4013386",1.11182456544575
"TCAGGTAGTTATCGGT-1_GSM4013386",1.10264321979808
"AGCAGCCCATACGCCG-1_GSM4013386",0.625616618542963
"CCCTCCTAGTTGCAGG-1_GSM4013386",0.76099507962769
"CCTTACGCACGGCCAT-1_GSM4013386",1.20131198228405
"TTGGCAAGTAGTAGTA-1_GSM4013386",1.22720382263314
"CTCGTCACAGAAGCAC-1_GSM4013386",0.868116104557124
"TGCCCTAGTATGAAAC-1_GSM4013386",1.0256652361692
"CGATGGCTCGATCCCT-1_GSM4013386",0.654144563344486
"AAAGCAATCGACAGCC-1_GSM4013386",1.20344535747596
"ATGAGGGTCAGGCGAA-1_GSM4013386",1.17288033421044
"ACGGGCTAGCGATATA-1_GSM4013386",1.15453918763429
"GCGCAACTCCTTAATC-1_GSM4013386",1.03933598538002
"TGACTAGAGAGCTGGT-1_GSM4013386",0.779039351996995
"CAGAATCCAGCCTTTC-1_GSM4013386",1.13234663326858
"GGGCATCCAAAGAATC-1_GSM4013386",0.975566100047646
"ACGCCGAAGTAGATGT-1_GSM4013386",1.09837421525254
"GACAGAGCATCCGGGT-1_GSM4013386",1.16421782869308
"CATATTCTCTGTACGA-1_GSM4013386",1.23866872226717
"TCGGTAATCGTAGGAG-1_GSM4013386",0.780877029805916
"TCGCGTTGTTAAGACA-1_GSM4013386",1.13515453618555
"CAGCTGGTCCTCTAGC-1_GSM4013386",0.997233991197483
"CCTCAGTCATGCCTAA-1_GSM4013386",0.764349563313459
"CGTAGGCTCCGCTGTT-1_GSM4013386",1.18712137640151
"GACGGCTTCTACCAGA-1_GSM4013386",0.587078696394119
"TGGACGCAGATAGTCA-1_GSM4013386",1.26703356278814
"AAGACCTTCATGTCCC-1_GSM4013386",1.08472552811255
"TCTGAGAAGATGCCTT-1_GSM4013386",1.00724864861593
"CGGAGTCCAGCCAATT-1_GSM4013386",1.05998651152655
"TGGTTAGTCACTATTC-1_GSM4013386",1.23159860339973
"GTGCTTCCACCGATAT-1_GSM4013386",1.07441119266257
"TTGTAGGCACGGTTTA-1_GSM4013386",1.17438997218664
"TCGGTAACAGGGAGAG-1_GSM4013386",1.19548213731387
"AGATTGCTCCATGCTC-1_GSM4013386",0.676210657209853
"CACAGGCTCTTGAGAC-1_GSM4013386",1.28042003926284
"GATCAGTCACGAAAGC-1_GSM4013386",0.873660142081575
"GTTAAGCTCCTTTCTC-1_GSM4013386",0.958882021193829
"CTAGAGTCACCAACCG-1_GSM4013386",0.922293609703383
"TGGACGCAGAGCTGGT-1_GSM4013386",0.949482299764352
"GAATGAAAGATAGTCA-1_GSM4013386",0.986525993965313
"GACGCGTCAGACAGGT-1_GSM4013386",0.691423970649503
"CGGACACTCCCGGATG-1_GSM4013386",1.03398370052472
"GTCTTCGCAATCTGCA-1_GSM4013386",1.1366147980542
"GATGAGGCAAAGCGGT-1_GSM4013386",1.24396627780367
"TGGGCGTTCGAATGGG-1_GSM4013386",1.23778793151236
"TTCTACACAGACACTT-1_GSM4013386",0.654815601608746
"CTCGAAACAGGAACGT-1_GSM4013386",1.23795311926901
"GTAACTGCAAATTGCC-1_GSM4013386",0.74100407034374
"ATCTGCCAGCGAGAAA-1_GSM4013386",1.14537779559992
"GTAACTGTCCTGTAGA-1_GSM4013386",1.00980798543022
"ACATGGTTCCTCAACC-1_GSM4013386",0.866554137898675
"CGAACATCATTAACCG-1_GSM4013386",1.11817032257452
"GGATTACAGACTGTAA-1_GSM4013386",1.04158059698637
"GAAACTCAGAGGGATA-1_GSM4013386",0.819025087995208
"TGACAACAGATGAGAG-1_GSM4013386",1.10162657592873
"CCTACACGTCAACTGT-1_GSM4013386",1.03164109091936
"CTTAGGAAGTCCATAC-1_GSM4013386",1.23566735549276
"AGGGTGAGTCCAAGTT-1_GSM4013386",0.890090710277702
"AGTTGGTAGAAACGCC-1_GSM4013386",0.802301642258334
"GTCTCGTCATAGAAAC-1_GSM4013386",0.948736604168084
"AATCCAGCACCGGAAA-1_GSM4013386",1.00407681231482
"CTGTGCTCATGTAGTC-1_GSM4013386",0.64296534121146
"TGCCCTACATATACCG-1_GSM4013386",1.05847108977388
"AGGCCGTAGCAATCTC-1_GSM4013386",1.2426269902043
"CGTCAGGCACTGAAGG-1_GSM4013386",1.22419661200674
"CTACGTCTCGTCTGCT-1_GSM4013386",1.0203295526485
"CACACCTAGCGATCCC-1_GSM4013386",1.21751437580527
"GGTATTGGTTGTTTGG-1_GSM4013386",1.07005506854117
"CCCTCCTAGATGCGAC-1_GSM4013386",1.01982106361284
"TACTCATTCCGCTGTT-1_GSM4013386",1.19494104055824
"GGGCACTCATGGTAGG-1_GSM4013386",0.377044672456595
"CCCTCCTTCCGTAGTA-1_GSM4013386",0.951821971251766
"GGAACTTCACCAGTTA-1_GSM4013386",0.573378518907759
"GGGAATGAGGATGCGT-1_GSM4013386",1.17609266200258
"AAGGTTCCATCCCATC-1_GSM4013386",0.741150335772938
"CCCATACTCGGTCTAA-1_GSM4013386",1.17440974225463
"GACCTGGTCAACACAC-1_GSM4013386",1.16758616329333
"ACAGCTATCCCGGATG-1_GSM4013386",1.25038089683778
"CTAACTTCAATCGGTT-1_GSM4013386",1.22227636471887
"AAACGGGCACGTCAGC-1_GSM4013386",0.980718387046151
"CTAATGGAGACAGAGA-1_GSM4013386",1.16257017068646
"CAACCAAGTAGCGTGA-1_GSM4013386",1.33721225339008
"CCCAGTTGTTGAGGTG-1_GSM4013386",0.721304846377113
"TGGGAAGTCATCGCTC-1_GSM4013386",0.93027445238312
"TACTCATAGCCAGTAG-1_GSM4013386",1.23240066587014
"TCACAAGTCAGGCCCA-1_GSM4013386",0.647710957736879
"TTGAACGTCCCAGGTG-1_GSM4013386",0.868104617338455
"GACCTGGGTACCGGCT-1_GSM4013386",1.07722752089717
"TTCTTAGAGCTGCAAG-1_GSM4013386",1.18565139002543
"TGCGCAGAGCCGTCGT-1_GSM4013386",0.569675419638543
"AGTTGGTGTCTCATCC-1_GSM4013386",0.747461907735846
"TTCGGTCGTGAACCTT-1_GSM4013386",1.10923321827353
"TACAGTGTCTCGTTTA-1_GSM4013386",1.11227060538989
"CCGGGATCAGCTGCAC-1_GSM4013386",1.06116386292721
"GGCGTGTAGTTGTCGT-1_GSM4013386",1.00548888235027
"GGACAAGTCGCCGTGA-1_GSM4013386",0.727078039629833
"CCAGCGATCTCTGCTG-1_GSM4013386",0.817271792008789
"GTATTCTGTTTGGCGC-1_GSM4013386",0.98292113608815
"CCTTACGGTGTTGAGG-1_GSM4013386",1.06701150658292
"AACTCCCAGCCAGTAG-1_GSM4013386",1.03039170408607
"CAGCTGGCAGTCACTA-1_GSM4013386",0.996001364440109
"GAGCAGACACAGGTTT-1_GSM4013386",0.598071126786289
"CTAATGGCAACGCACC-1_GSM4013386",1.11797958989603
"TATTACCAGCCGTCGT-1_GSM4013386",0.658094935534661
"CATTATCCAGAGTGTG-1_GSM4013386",0.976792834064239
"ACGGGTCCACCATCCT-1_GSM4013386",1.07661951260702
"CTCGGGATCGACAGCC-1_GSM4013386",1.08836731473636
"TCGGTAACATCCGTGG-1_GSM4013386",0.647058238603829
"AATCGGTCAACCGCCA-1_GSM4013386",0.993608844941439
"GTTAAGCAGCGCTCCA-1_GSM4013386",0.960418815073965
"ACGGAGATCGCGTAGC-1_GSM4013386",1.00058916616118
"CTTTGCGGTTCTGGTA-1_GSM4013386",0.845684183575916
"GAACCTAAGAAGATTC-1_GSM4013386",0.93150559099681
"ACGGGCTTCCTCCTAG-1_GSM4013386",0.840857090416425
"GACTGCGGTTTAGGAA-1_GSM4013386",0.922940167660656
"GTGCGGTGTACTTAGC-1_GSM4013386",0.905974378665984
"CTTACCGTCTGAGTGT-1_GSM4013386",0.949539906397263
"TAGGCATGTATCAGTC-1_GSM4013386",1.01533082148975
"TGTATTCAGGCCCTTG-1_GSM4013386",1.06077570223308
"TGAGAGGGTGCGAAAC-1_GSM4013386",1.1242641510033
"GCGCAGTGTACCGTAT-1_GSM4013386",1.09202639578205
"CGGAGCTTCGCCTGTT-1_GSM4013386",1.27083957208807
"GCAAACTAGAGTGAGA-1_GSM4013386",1.2412537846915
"AGTGAGGAGCATGGCA-1_GSM4013386",0.997659169763484
"TGACTTTTCTCTTATG-1_GSM4013386",1.08169114922005
"CTCGAAACATTCCTGC-1_GSM4013386",0.866357464171244
"CGATTGAAGGCAGTCA-1_GSM4013386",0.648900928488935
"GGAATAAGTTGGTAAA-1_GSM4013386",0.607790354802253
"CGTCCATCACTAAGTC-1_GSM4013386",0.932101886551982
"GCGCCAAAGGGTGTTG-1_GSM4013386",0.764713431319064
"TCTTTCCTCTCCTATA-1_GSM4013386",1.07009878379916
"CGGACGTTCGGATGTT-1_GSM4013386",1.23218391776729
"GACCAATTCTTGACGA-1_GSM4013386",0.609924074055848
"TGTCCCAAGACAATAC-1_GSM4013386",1.25113579773958
"CCATGTCTCCGCAGTG-1_GSM4013386",0.5760373497631
"AACTTTCTCCCTGACT-1_GSM4013386",0.752803198653473
"AAAGTAGCAATGGTCT-1_GSM4013386",1.16366179755707
"GCGGGTTAGGCACATG-1_GSM4013386",1.03081185277747
"TATCTCACAGTATGCT-1_GSM4013386",0.541823598103009
"CTCGTACAGAGCAATT-1_GSM4013386",1.06439569788778
"CTCGGGAGTTCAGCGC-1_GSM4013386",1.04869773803994
"ATGGGAGAGGGCTTGA-1_GSM4013386",0.72295636783617
"TGCTGCTTCAGGCCCA-1_GSM4013386",1.06213115850221
"TCTGGAAAGGTGTTAA-1_GSM4013386",0.654743151570135
"GCAATCAAGGACTGGT-1_GSM4013386",1.14894334463886
"GAACGGATCTTCTGGC-1_GSM4013386",0.923314028346714
"AGAGCTTAGCTGAACG-1_GSM4013386",0.736336505345462
"GTGGGTCCAAACCCAT-1_GSM4013386",1.05786569263289
"GAACCTATCTTACCTA-1_GSM4013386",0.708795926337756
"CTGTTTACATCCTTGC-1_GSM4013386",0.794062616071854
"CTAACTTCATACGCCG-1_GSM4013386",1.10495634907773
"CATATGGCATAAGACA-1_GSM4013386",0.782599513403406
"AACTTTCCACGAGAGT-1_GSM4013386",0.472052400045063
"ATTCTACCAAGTCTAC-1_GSM4013386",0.963856253402963
"CGATGGCCAATCGAAA-1_GSM4013386",1.14691662501646
"TAGGCATGTCTAGAGG-1_GSM4013386",1.00193437996384
"GTTCATTCAATGACCT-1_GSM4013386",0.695622999016522
"ATCCACCTCATGTCTT-1_GSM4013386",1.00672704076818
"CCTAAAGCAGGAACGT-1_GSM4013386",0.92376797012832
"CGATGTATCAAACCGT-1_GSM4013386",0.981341070085281
"TTAGTTCCATATGAGA-1_GSM4013386",1.00533877853786
"GCAGTTATCCGCAGTG-1_GSM4013386",0.94001271389586
"TCATTTGCAAGTCTGT-1_GSM4013386",0.899762640073761
"TCAGATGCATCCGTGG-1_GSM4013386",0.980154103905713
"TCTCTAATCCGCATAA-1_GSM4013386",1.07459159078136
"ACTTTCACATGAGCGA-1_GSM4013386",0.866012356755375
"CCTACACGTGTAATGA-1_GSM4013386",0.979456714264745
"TGACTTTCACGCTTTC-1_GSM4013386",1.10872758460433
"ACGATACTCTTGCATT-1_GSM4013386",1.09333694964429
"CACACTCTCTCTGTCG-1_GSM4013386",0.712114568637419
"ATCATCTTCTCAAACG-1_GSM4013386",0.730098639887784
"GATTCAGTCAATCTCT-1_GSM4013386",1.10511194058203
"GGAGCAAGTATATCCG-1_GSM4013386",0.479394253733033
"CTCGTCACAAAGCAAT-1_GSM4013386",0.601349395018474
"GAACATCTCGCCAAAT-1_GSM4013386",0.895116443916827
"ATCTACTCATTGAGCT-1_GSM4013386",1.08358909730777
"GAAACTCCATTACCTT-1_GSM4013386",0.771585479323926
"AAATGCCTCATGTAGC-1_GSM4013386",0.743848038690119
"GCGCGATAGGTGCTAG-1_GSM4013386",0.697316631940802
"CCTACCATCACTGGGC-1_GSM4013386",0.931715536152141
"TGGTTAGGTGCTAGCC-1_GSM4013386",0.943308848492605
"AACTTTCTCTCCCTGA-1_GSM4013386",0.665624028135567
"GCGGGTTGTATAAACG-1_GSM4013386",0.558721123593197
"CACAAACTCGTAGATC-1_GSM4013386",1.04855109389592
"GAACCTACATGAGCGA-1_GSM4013386",0.959305997261301
"GCAGCCACAATCACAC-1_GSM4013386",0.462918863581339
"ATGAGGGGTTAAAGAC-1_GSM4013386",0.706244995623723
"CCATTCGTCAACGAAA-1_GSM4013386",0.928721933663114
"ATTGGACGTGCAGGTA-1_GSM4013386",0.58705241452438
"GACGTTAAGCCAGTTT-1_GSM4013386",0.951031849592434
"CAACTAGCAAATCCGT-1_GSM4013386",0.820304243058422
"ATTATCCGTAGGACAC-1_GSM4013386",0.760716081784379
"AACCATGTCTTGGGTA-1_GSM4013386",0.587600628445577
"TGGTTCCAGTTCGCGC-1_GSM4013386",0.854025515029686
"AGGTCCGCAATCTACG-1_GSM4013386",0.49812130777
"GGACAAGCACTTAACG-1_GSM4013386",0.950055828302481
"TGGTTAGTCGAGAACG-1_GSM4013386",1.15895089136437
"TGTTCCGAGACTTTCG-1_GSM4013386",1.00727769270185
"GGCGTGTTCGGTCTAA-1_GSM4013386",0.818696712125276
"GAAGCAGCAGGTCGTC-1_GSM4013386",0.581084910509927
"GTTCATTGTCTCCATC-1_GSM4013386",1.13260476292619
"GTGCATATCATCGCTC-1_GSM4013386",1.15922644951247
"CTGCTGTGTGAGTGAC-1_GSM4013386",1.19168589530463
"CAGTCCTTCGACGGAA-1_GSM4013386",0.908388918342693
"GTCCTCAGTCACTGGC-1_GSM4013386",0.927629665838189
"GAGGTGACAGGGTATG-1_GSM4013386",0.865363404909925
"GGAAAGCCACTGCCAG-1_GSM4013386",1.07724248892926
"TTTATGCGTATAAACG-1_GSM4013386",0.875751179381394
"CGGTTAAAGACCTAGG-1_GSM4013386",1.09094665519528
"TGAGCCGGTAGCTTGT-1_GSM4013386",0.894431806112669
"GCAATCAAGGCGACAT-1_GSM4013386",0.919622821382403
"TACTTGTTCCAGATCA-1_GSM4013386",0.865800620130222
"GCTCCTAAGGATCGCA-1_GSM4013386",0.998829704043624
"CTTGGCTCAGGGTACA-1_GSM4013386",1.13626896351653
"AGCATACGTGGCGAAT-1_GSM4013386",0.934515231022008
"GCCAAATAGCTAGCCC-1_GSM4013386",0.525238744555171
"GCTGCTTTCCGCATCT-1_GSM4013386",0.904613529996667
"CAGAGAGTCACAGGCC-1_GSM4013386",0.555714129284647
"AGCATACAGATCACGG-1_GSM4013386",1.0934102039887
"TGTGTTTTCGAACGGA-1_GSM4013386",0.96935247375404
"ACTATCTTCCCAAGAT-1_GSM4013386",0.58013531206478
"GAGCAGAAGAGTTGGC-1_GSM4013386",0.666568151446617
"TTAACTCGTAAGGGCT-1_GSM4013386",0.651086004021921
"GTCACAAAGACCTAGG-1_GSM4013386",0.877864181139203
"CGAGAAGAGAGTGACC-1_GSM4013386",0.780281652646904
"CTAGAGTGTCGCATAT-1_GSM4013386",1.02512266854469
"TCCCGATGTTCATGGT-1_GSM4013386",1.05893185151574
"CTAATGGCATCGACGC-1_GSM4013386",0.95695259750147
"CATTATCCACATGGGA-1_GSM4013386",1.06368876040773
"GCTGCTTAGACAGACC-1_GSM4013386",0.962321752128662
"ACTGAGTAGACTCGGA-1_GSM4013386",1.03071705301128
"CTTAACTCACGCCAGT-1_GSM4013386",0.821134286713786
"GCGAGAACAAAGGCGT-1_GSM4013386",1.07692219094066
"TCAACGAAGGCAATTA-1_GSM4013386",0.975870847385343
"TCAGCAATCCAAGTAC-1_GSM4013386",0.853420375952164
"GGAATAAAGACTCGGA-1_GSM4013386",0.66705085289304
"GTATCTTGTCACAAGG-1_GSM4013386",1.16705849779642
"ACGAGCCTCATGTGGT-1_GSM4013386",0.852032236890836
"ATTCTACAGAGTACCG-1_GSM4013386",0.869244026405235
"ATTATCCAGCGGCTTC-1_GSM4013386",0.881413216211401
"CATTATCTCCGCGTTT-1_GSM4013386",0.905286474089085
"TGACAACGTATGAATG-1_GSM4013386",0.717124724892296
"TTCTTAGAGTAACCCT-1_GSM4013386",1.08928565718022
"ACATCAGGTATCACCA-1_GSM4013386",0.974591987610736
"CCAGCGAGTACTTGAC-1_GSM4013386",1.03263278181886
"AGATCTGAGATCGGGT-1_GSM4013386",1.04675285917409
"TACCTTAGTAAGAGGA-1_GSM4013386",0.929209611344589
"GATCGATGTAATAGCA-1_GSM4013386",1.15965286038214
"TGACAACGTACTCGCG-1_GSM4013386",1.04764118505663
"CCTAAAGTCGAGCCCA-1_GSM4013386",0.922273909025343
"ACTGAACTCGCTTGTC-1_GSM4013386",0.718077919321275
"CCTATTAGTCACTGGC-1_GSM4013386",0.899758786787541
"GGCGACTTCTTTAGTC-1_GSM4013386",1.10341366704684
"TCATTTGGTCCGAATT-1_GSM4013386",1.12900326233303
"GGACAGATCGTTTATC-1_GSM4013386",0.6448107031266
"ACTTGTTGTGTGACGA-1_GSM4013386",0.987750561338479
"CTCTACGGTCAGGACA-1_GSM4013386",0.81514772358824
"GATCGTATCTCGGACG-1_GSM4013386",0.889656324271822
"ATCATCTCAGCCAATT-1_GSM4013386",0.832568793733652
"TCACGAACAAGCCCAC-1_GSM4013386",0.68044159329222
"ATGGGAGTCGGAGCAA-1_GSM4013386",0.890713469133303
"AGAGCTTTCCAAGCCG-1_GSM4013386",0.627914558594655
"TCGGTAAGTAAGTGGC-1_GSM4013386",0.802474089802668
"TACGGGCTCGGATGTT-1_GSM4013386",0.500034627600971
"ATAACGCAGTACGCCC-1_GSM4013386",0.772636366646599
"ACAGCCGGTGTCTGAT-1_GSM4013386",1.1227623986767
"GAACGGAGTGCAACTT-1_GSM4013386",0.739947821941232
"CCCAGTTGTGATGTCT-1_GSM4013386",0.867482343706577
"TCTGGAATCACGACTA-1_GSM4013386",1.09777023316864
"GGAACTTGTCTAAACC-1_GSM4013386",1.0193924449132
"CGTGAGCGTCACCTAA-1_GSM4013386",0.567487223751523
"ACACTGACAGCTCCGA-1_GSM4013386",1.00897317301243
"TGGTTCCCAGACTCGC-1_GSM4013386",0.923436137595329
"CTGCTGTGTATGCTTG-1_GSM4013386",1.11756396111846
"ACTGAACCACCGAAAG-1_GSM4013386",0.908576183736672
"TTGCCGTTCCTCGCAT-1_GSM4013386",1.08945174756581
"CGTCAGGCACTGTGTA-1_GSM4013386",0.785089762150405
"CTACACCCAACAACCT-1_GSM4013386",0.702471941523049
"ACGAGGAAGCTTATCG-1_GSM4013386",0.999670848650961
"CGCGTTTCAACCGCCA-1_GSM4013386",1.06111334014256
"CAGGTGCAGGAGTAGA-1_GSM4013386",0.920262255991766
"AAAGTAGAGTGTTGAA-1_GSM4013386",0.880122059465654
"CTTACCGTCCGGCACA-1_GSM4013386",0.743932132117377
"GTCACGGAGCTCCCAG-1_GSM4013386",0.744188688049767
"CAGAATCGTAATAGCA-1_GSM4013386",0.630091058043056
"GCAGCCAAGATGTGGC-1_GSM4013386",0.823471372397574
"ACGGGCTCAGTTAACC-1_GSM4013386",1.01983506908104
"CTTACCGCAAGCCTAT-1_GSM4013386",0.943876366446646
"ATCATCTAGCTTTGGT-1_GSM4013386",0.969860165061324
"GCGCGATTCCCAAGTA-1_GSM4013386",0.96816610057212
"TACCTATTCATCGGAT-1_GSM4013386",0.903153084204523
"GCTGCGAAGCACAGGT-1_GSM4013386",0.913440209702979
"CATCCACTCGGCGCTA-1_GSM4013386",0.581888989682286
"ACTTTCAGTAGCGTCC-1_GSM4013386",0.796587316808271
"TTAACTCAGTCGTACT-1_GSM4013386",0.918282382486452
"CTAGTGACAGGCTCAC-1_GSM4013386",0.947727460553856
"TAGTTGGCACGAAACG-1_GSM4013386",0.666645578677492
"CTGGTCTTCTCGAGTA-1_GSM4013386",0.806757219639419
"GCGCAACTCAATACCG-1_GSM4013386",0.763070036796451
"ATTATCCCATTTGCCC-1_GSM4013386",1.02254530928364
"CCCTCCTAGTACTTGC-1_GSM4013386",0.880170084030609
"AGGTCATTCACTATTC-1_GSM4013386",0.870890173013872
"CGAATGTGTACCGCTG-1_GSM4013386",1.06428678055413
"GTGCATACAAACGCGA-1_GSM4013386",1.04924606751918
"CTAATGGCATATGGTC-1_GSM4013386",0.901625844693404
"CGACCTTGTGTATGGG-1_GSM4013386",0.72888642090385
"CACACCTGTCTCACCT-1_GSM4013386",0.701271604699647
"ACGGCCATCCTTGCCA-1_GSM4013386",0.929673221489814
"GTGCAGCGTTTAAGCC-1_GSM4013386",0.7409549115796
"TATCAGGGTCAATACC-1_GSM4013386",0.46342486626586
"TGCGGGTCACGGTGTC-1_GSM4013386",1.04336059825524
"GGCGTGTCAATACGCT-1_GSM4013386",0.520043250289522
"CGGACACCAGATCGGA-1_GSM4013386",0.596215713830168
"GGCCGATAGGACACCA-1_GSM4013386",0.909421961361924
"TCAGCTCTCTCCTATA-1_GSM4013386",1.14438048490108
"CTCATTATCCCTGACT-1_GSM4013386",0.75682791788538
"ACGGCCATCACCAGGC-1_GSM4013386",0.974556447822063
"TAAGTGCCACAGGAGT-1_GSM4013386",0.989966703661835
"TAGAGCTTCGGTGTCG-1_GSM4013386",0.569455495121278
"GCTTGAATCATATCGG-1_GSM4013386",0.654140530133314
"TGGGAAGTCGCTGATA-1_GSM4013386",1.04977750455344
"CGATGGCGTGAACCTT-1_GSM4013386",0.682062411335438
"AATCGGTAGGAGTCTG-1_GSM4013386",0.815472212165672
"AATCGGTGTACACCGC-1_GSM4013386",1.06811945135123
"ATCATCTAGAATTGTG-1_GSM4013386",0.783290250844223
"GCTGGGTGTGCGATAG-1_GSM4013386",0.99618881793573
"GTGCTTCCAGATCGGA-1_GSM4013386",1.02003858119512
"CAGGTGCTCAACGGGA-1_GSM4013386",0.970234717497133
"ACCTTTACAGTCAGAG-1_GSM4013386",0.949498089551222
"ACCGTAAAGAGGACGG-1_GSM4013386",0.643345969703241
"GCTGCTTGTACGCTGC-1_GSM4013386",0.833138877822092
"ATCCACCGTATTAGCC-1_GSM4013386",0.620915806290435
"CTGAAGTCATCGATGT-1_GSM4013386",0.909366518763324
"GTCACAAAGCAGGTCA-1_GSM4013386",0.558931419073389
"GGGACCTTCCGCAAGC-1_GSM4013386",0.962746582291836
"CAACCAAGTCCCGACA-1_GSM4013386",0.823618100474347
"TCAGCTCCAGTTTACG-1_GSM4013386",1.10150846861452
"ACACCCTCATACTCTT-1_GSM4013386",0.601507823704065
"CTTCTCTGTATCAGTC-1_GSM4013386",0.906031138654894
"GGGACCTGTTGCCTCT-1_GSM4013386",1.07556433260471
"CATCGAAGTACTCTCC-1_GSM4013386",0.396649847899357
"TGGACGCTCATTATCC-1_GSM4013386",1.02046103850639
"AACTCTTCAGTTCATG-1_GSM4013386",0.899983277557724
"CTCTACGGTTACAGAA-1_GSM4013386",0.877414835018264
"GTGAAGGAGCTATGCT-1_GSM4013386",0.904703568031956
"TCAGCTCGTCGTGGCT-1_GSM4013386",1.02445191734112
"TCAGGATTCAGCTGGC-1_GSM4013386",0.945374229558895
"CAGGTGCTCCTTTCGG-1_GSM4013386",0.997327356083019
"TGGACGCCAGCGAACA-1_GSM4013386",1.10098165834336
"TCAATCTAGCTTTGGT-1_GSM4013386",0.569143294786847
"ACAGCCGGTCCGTGAC-1_GSM4013386",1.04697529950432
"TGTATTCAGTTCGATC-1_GSM4013386",0.78581213109973
"ACACTGATCAGCTCTC-1_GSM4013386",0.769605203074392
"TCGCGTTGTGCGATAG-1_GSM4013386",0.699387171328534
"CGCTATCCAAGCGTAG-1_GSM4013386",0.57657210547865
"GGTGCGTCAATTCCTT-1_GSM4013386",0.779335647087623
"ACTGTCCCATGCAACT-1_GSM4013386",0.902543603622455
"TTGACTTCATACTCTT-1_GSM4013386",0.845241817829154
"ATCACGACATTGGGCC-1_GSM4013386",0.849057643615443
"TTAGTTCCAGGTTTCA-1_GSM4013386",0.857472931771041
"TGCTGCTAGTGTACCT-1_GSM4013386",0.411722188669882
"CGAGCACTCGGTCCGA-1_GSM4013386",0.970214898929846
"CAGCATACATAGTAAG-1_GSM4013386",0.905981902208655
"TAGCCGGAGCTAGGCA-1_GSM4013386",0.616699287365477
"AAGGTTCCATCACGTA-1_GSM4013386",0.810906707809276
"GATCAGTAGTAGCGGT-1_GSM4013386",0.901743160045664
"TACCTATTCACAGTAC-1_GSM4013386",0.676048094266696
"CATCGAATCAAACCAC-1_GSM4013386",0.674791239684035
"CGAATGTGTTAGTGGG-1_GSM4013386",0.691524577730194
"GTACTCCAGTGTACCT-1_GSM4013386",0.677068374416765
"CGCTTCACAGTAAGAT-1_GSM4013386",0.546586719298013
"TGAGGGAGTGAAATCA-1_GSM4013386",0.771624458427312
"ATCTACTTCTGCCAGG-1_GSM4013386",0.98306480775646
"CCCAGTTTCCACGTGG-1_GSM4013386",0.653068661406364
"ACTGTCCGTCAATACC-1_GSM4013386",0.603660794191813
"ACTGATGCAAGCCTAT-1_GSM4013386",0.540694715742939
"TACTTACCACGAAGCA-1_GSM4013386",0.797959732588495
"GCGCAGTTCAGAGACG-1_GSM4013386",0.724348015425057
"CGAGCCAGTACAGTGG-1_GSM4013386",0.57627033034057
"AGTGTCAAGAGTCTGG-1_GSM4013386",0.638787935520224
"GTGGGTCAGTGCGTGA-1_GSM4013386",0.905116659509424
"CGACTTCTCGGTTCGG-1_GSM4013386",1.23116506005023
"TTAGGCATCACTTCAT-1_GSM4013386",1.02018060355535
"GTGTTAGTCCACTCCA-1_GSM4013386",0.756601204072415
"ATCACGATCGTGTAGT-1_GSM4013386",0.90714822567615
"CAAGTTGCAGCTGCAC-1_GSM4013386",0.598282974662338
"CCCATACGTGACTACT-1_GSM4013386",0.656388090344484
"GCAGTTATCATGTCTT-1_GSM4013386",0.842475058674739
"ACGGGCTTCTCAACTT-1_GSM4013386",0.474644824536182
"ACACCCTTCCTTTCGG-1_GSM4013386",0.673825682616488
"AGCGTATAGAATAGGG-1_GSM4013386",0.565544910493656
"GTGCTTCCAAACCCAT-1_GSM4013386",0.788299369537115
"ATCGAGTAGGCGACAT-1_GSM4013386",0.724680002078362
"TAGAGCTAGCTAACAA-1_GSM4013386",0.85600555971711
"AGAGCTTAGAATTGTG-1_GSM4013386",0.727868790161398
"TTAGGACGTTACGGAG-1_GSM4013386",0.915700794018858
"CGGACTGCAATGGAGC-1_GSM4013386",0.722164728047347
"CACAGTAGTAAGAGAG-1_GSM4013386",0.790521088420239
"GGACATTAGTGTGGCA-1_GSM4013386",0.903017578115564
"GTCAAGTCAGTCACTA-1_GSM4013386",1.002787017967
"TGTGTTTAGAAAGTGG-1_GSM4013386",0.902630603092227
"CGAACATGTAGCTCCG-1_GSM4013386",0.616289771715765
"CAAGAAAGTGGTAACG-1_GSM4013386",0.884935528960709
"CAGTAACCATCTATGG-1_GSM4013386",0.957182399865729
"CGAGCACTCTTGTATC-1_GSM4013386",1.00850345888874
"GCTCCTAGTAGAGTGC-1_GSM4013386",0.594079903749923
"ACTGCTCTCCGTCAAA-1_GSM4013386",0.881885375459673
"GGCGACTCATGCAATC-1_GSM4013386",0.989647860453772
"TCGTACCAGCTGCGAA-1_GSM4013386",0.962098186142971
"TTTACTGGTGACTACT-1_GSM4013386",0.99826168360396
"GACTGCGTCTCACATT-1_GSM4013386",0.70945854805566
"GTTAAGCAGCCAGTTT-1_GSM4013386",0.38701567960956
"ATTATCCTCAGTCCCT-1_GSM4013386",0.809017596490823
"CGAGAAGGTCACAAGG-1_GSM4013386",0.764702192618843
"GTGGGTCGTCCAACTA-1_GSM4013386",1.080773863455
"ACCTTTATCTTGACGA-1_GSM4013386",0.772420900729054
"GTGCATATCAGAGACG-1_GSM4013386",0.702569188512749
"CACAGTAAGAATAGGG-1_GSM4013386",0.619030474328975
"AGAGTGGTCGCAAGCC-1_GSM4013386",0.784322735708467
"TTTCCTCCAGCGATCC-1_GSM4013386",0.802611554877096
"CCTTACGGTGTGACGA-1_GSM4013386",0.853286167306095
"AGCCTAAGTCCTAGCG-1_GSM4013386",0.476585922567623
"GATGCTAGTACGCACC-1_GSM4013386",0.770908597947306
"TACGGTAGTTACAGAA-1_GSM4013386",0.510786829690233
"TGAGAGGGTCAGGACA-1_GSM4013386",0.821438998669477
"ATAAGAGAGATGAGAG-1_GSM4013386",0.968866726599807
"TCCACACCATTCCTGC-1_GSM4013386",0.909039756777486
"CAACCAAAGTATCGAA-1_GSM4013386",0.983248835937133
"TAAGAGATCCGGCACA-1_GSM4013386",0.95505078493133
"CGTGAGCCAGGTTTCA-1_GSM4013386",0.673486041559067
"GGCTCGACATCACGAT-1_GSM4013386",0.939657468888389
"CGGCTAGAGTGTTGAA-1_GSM4013386",0.6854845185468
"GGCGACTAGCTCCTCT-1_GSM4013386",0.627350443765463
"TGTCCCAGTGTGCCTG-1_GSM4013386",0.781924992883197
"CTCATTACAGCATACT-1_GSM4013386",1.00750189806849
"AGAATAGCAGGACGTA-1_GSM4013386",0.728484383431146
"CACAGGCTCACGAAGG-1_GSM4013386",0.306377497514069
"CAACTAGGTTGTACAC-1_GSM4013386",0.275709127455636
"CCATTCGCACGAGAGT-1_GSM4013386",0.494455763710805
"TTTGTCATCTTAACCT-1_GSM4013386",0.847319490553209
"GGTGAAGGTCAGTGGA-1_GSM4013386",0.871786362513046
"GCACTCTGTTCACGGC-1_GSM4013386",0.786928721318342
"ATCATCTCACCTTGTC-1_GSM4013386",0.715118638144605
"GACCTGGTCAGTTCGA-1_GSM4013386",0.950122138078385
"CTAGAGTAGGGTCGAT-1_GSM4013386",0.897170962991479
"CGATTGATCTCGTATT-1_GSM4013386",0.827595609622538
"TGTGTTTAGCGGCTTC-1_GSM4013386",0.682811297169412
"TATTACCTCATCACCC-1_GSM4013386",1.10541569943219
"CAGCCGAAGACAAGCC-1_GSM4013386",0.178653922054562
"GCGACCATCACCGTAA-1_GSM4013386",1.0281900251183
"GTACTTTTCCAGGGCT-1_GSM4013386",0.785251533097764
"CAAGAAAGTCAGAAGC-1_GSM4013386",0.719873798300684
"CGGACGTAGCCCAACC-1_GSM4013386",0.805004346410722
"TGCGTGGGTAAGTGGC-1_GSM4013386",0.519805923533896
"GGTGTTAAGGATTCGG-1_GSM4013386",0.498122297788671
"TCGGTAAAGGCTCATT-1_GSM4013386",0.901591481770891
"TGGACGCGTAGTGAAT-1_GSM4013386",0.748383416704602
"CTGTTTAGTCTCCACT-1_GSM4013386",0.462929731766849
"AAATGCCTCGTTGACA-1_GSM4013386",0.684299206557327
"TATCTCATCTTGAGGT-1_GSM4013386",1.08119102118717
"GGCTCGAAGCAAATCA-1_GSM4013386",1.041954238415
"GGGAATGGTGGCGAAT-1_GSM4013386",0.337240371997703
"TAAACCGGTTCATGGT-1_GSM4013386",0.429044702144264
"CGTAGGCCATTGGGCC-1_GSM4013386",0.938704129973499
"AACTGGTGTTCACCTC-1_GSM4013386",0.707168733251291
"CCCAATCGTGTCGCTG-1_GSM4013386",0.87896514556104
"CAGAATCCAATCACAC-1_GSM4013386",0.999977312509914
"GACTACATCACTATTC-1_GSM4013386",0.887105116041115
"TGTGTTTTCTGGTATG-1_GSM4013386",0.743505105563708
"ACTGCTCAGGCGTACA-1_GSM4013386",0.655122933479538
"GACACGCCAGGGTTAG-1_GSM4013386",0.34934305359842
"GGCGACTCAATCGAAA-1_GSM4013386",0.766322628696816
"ACACCAAGTTGCTCCT-1_GSM4013386",0.488355833378973
"TGGCCAGGTTCTGAAC-1_GSM4013386",0.6605362963453
"CTAATGGTCACGACTA-1_GSM4013386",0.729495832137392
"TACGGATAGTGAACAT-1_GSM4013386",0.644914517934448
"GTCACGGTCACAGGCC-1_GSM4013386",0.884951428722435
"GCTGCGACAGTGGGAT-1_GSM4013386",0.73216480883353
"GCATGATTCAGGTTCA-1_GSM4013386",0.302595541123407
"GGACAAGTCGGTTCGG-1_GSM4013386",0.514333448596792
"GGGTTGCGTATCTGCA-1_GSM4013386",0.843449435203415
"TTCTACAGTGCATCTA-1_GSM4013386",0.77502264773262
"TGGCTGGGTCTCTCGT-1_GSM4013386",0.804877363405002
"CGTCAGGCAAACCCAT-1_GSM4013386",0.534396456900712
"AGTGTCAAGATGGGTC-1_GSM4013386",0.670332696402214
"TGAGGGATCTGGTATG-1_GSM4013386",0.963239376599571
"TACCTATTCAGGTAAA-1_GSM4013386",1.11225800158232
"TACTTGTGTAAGCACG-1_GSM4013386",1.07107698362704
"CTTAGGAAGGACAGCT-1_GSM4013386",0.716185312938864
"TCAGATGGTAGCCTCG-1_GSM4013386",0.964980947001435
"TTTCCTCAGTCCATAC-1_GSM4013386",0.475296414134223
"TCGAGGCGTCCGAAGA-1_GSM4013386",0.65685769374329
"CAGTCCTTCTCAAGTG-1_GSM4013386",0.836078485585241
"GTTCTCGAGGCTCAGA-1_GSM4013386",0.646847449697538
"CGTGTAATCAGCATGT-1_GSM4013386",0.474076359460247
"CAACCTCAGTCATCCA-1_GSM4013386",0.648153020278119
"TTAGTTCTCAATCTCT-1_GSM4013386",0.852323074044199
"GTACTTTCACAGATTC-1_GSM4013386",0.664843533884246
"TCAGATGGTAATAGCA-1_GSM4013386",0.84442342183529
"ATGTGTGGTCGACTGC-1_GSM4013386",0.89489615955635
"AGCGTCGGTATAATGG-1_GSM4013386",0.911070657931845
"TATCAGGCAGCTTCGG-1_GSM4013386",1.07623645898037
"AAGCCGCTCTCTGAGA-1_GSM4013386",0.912409392913417
"TTCTCAAGTTCATGGT-1_GSM4013387",1.55416382284685
"CCTAGCTAGAAGGCCT-1_GSM4013387",1.5063672844048
"AAATGCCAGCTAGTTC-1_GSM4013387",1.53241136460957
"GTATTCTAGACGCTTT-1_GSM4013387",1.43194290501753
"CATGGCGGTCACAAGG-1_GSM4013387",1.53899811866594
"GATCTAGGTGCGCTTG-1_GSM4013387",1.5124447836326
"GTCACAAAGCTCAACT-1_GSM4013387",1.40791246692301
"CTCGTACTCCTGCAGG-1_GSM4013387",1.56991535348392
"CATCCACTCAGAAATG-1_GSM4013387",1.45055251117478
"CGGACACAGCTAAACA-1_GSM4013387",1.35262272072186
"TTGCGTCAGAGCTATA-1_GSM4013387",0.69640914974762
"CTAATGGTCTGCCAGG-1_GSM4013387",1.51841028897769
"TCAGCTCTCGCATGAT-1_GSM4013387",1.37420543898244
"CATTCGCGTATCAGTC-1_GSM4013387",1.4854039414439
"GATCAGTTCTGCTTGC-1_GSM4013387",0.893859542845513
"GATCAGTTCTCGCTTG-1_GSM4013387",1.46041689916679
"TTGCCGTTCTACGAGT-1_GSM4013387",1.42713413473034
"GTCTTCGAGCGCCTTG-1_GSM4013387",1.36920177932206
"TAGTGGTTCTGTCTCG-1_GSM4013387",1.42793751281426
"CCTAGCTAGGGCATGT-1_GSM4013387",1.37413313410736
"GGAAAGCAGCCAGAAC-1_GSM4013387",1.41291617840532
"GCTGCGATCTGTGCAA-1_GSM4013387",1.43665011826392
"CACATTTGTCGGGTCT-1_GSM4013387",1.53196160953324
"ATTACTCAGTATCGAA-1_GSM4013387",0.884672452430516
"CCTTACGAGATGCCAG-1_GSM4013387",1.43170173280832
"CTGTTTAAGGACTGGT-1_GSM4013387",1.53098185014716
"CGATTGATCTTGTATC-1_GSM4013387",1.39222320189706
"GTAACTGAGTGGTCCC-1_GSM4013387",1.44604156775646
"CCAGCGATCTTCGAGA-1_GSM4013387",1.49462865500869
"GCAATCAGTCGCGGTT-1_GSM4013387",1.52476502417202
"CTCATTACAACTGCTA-1_GSM4013387",1.3594624287946
"CAGTCCTAGAGTGAGA-1_GSM4013387",0.889471608091119
"TCTCTAATCTGTTGAG-1_GSM4013387",1.41362462838208
"CGATGTAGTCAACATC-1_GSM4013387",0.95699021854722
"CTAGTGACAAACCTAC-1_GSM4013387",0.896758073679431
"ATCATCTCACATTTCT-1_GSM4013387",0.891322733962277
"CGAATGTGTCTCTCGT-1_GSM4013387",0.861331503372823
"CGCGGTAGTGCGCTTG-1_GSM4013387",1.37160190322644
"GCCAAATAGACGCACA-1_GSM4013387",1.48847989960088
"TGGCGCACAGAGTGTG-1_GSM4013387",1.3470118972962
"TCGGGACTCAATCACG-1_GSM4013387",1.32412103090166
"CTAAGACTCTATCCCG-1_GSM4013387",0.765064806374351
"TAAGCGTGTAGGACAC-1_GSM4013387",1.40735696881489
"GGCTCGATCGCCAAAT-1_GSM4013387",1.42504605233328
"CTGTTTATCCATGCTC-1_GSM4013387",0.828542419496769
"CTGATCCTCATATCGG-1_GSM4013387",0.689871866138093
"CAGTAACCATGCAACT-1_GSM4013387",1.44279549976506
"TGCGTGGCATTGGCGC-1_GSM4013387",1.08501759941344
"GACTACAAGCCCAGCT-1_GSM4013387",1.39397235251238
"CAGCAGCTCCTATTCA-1_GSM4013387",1.34969931669343
"CATCAGAAGCCATCGC-1_GSM4013387",1.4770194155576
"TGACTAGCATATACCG-1_GSM4013387",0.835161989448222
"GACCAATCAGCCAATT-1_GSM4013387",1.38049348387001
"TGCGCAGCACAAGTAA-1_GSM4013387",0.729792866118662
"CATTCGCCACCAACCG-1_GSM4013387",1.3313114278845
"TTGGCAACATCCTTGC-1_GSM4013387",1.37059018230231
"GGACAAGTCTTCCTTC-1_GSM4013387",1.34384969207346
"ACACTGAGTTACTGAC-1_GSM4013387",1.37068688697503
"TGTTCCGTCACGATGT-1_GSM4013387",1.3961480291362
"AATCGGTTCCGCATCT-1_GSM4013387",1.33002558009753
"CAGCCGACAGCATGAG-1_GSM4013387",1.40109416148098
"CTGCCTAAGGCGACAT-1_GSM4013387",1.32421163430199
"ATAACGCGTTCTGGTA-1_GSM4013387",1.37726012644413
"CACAGGCGTTAAGGGC-1_GSM4013387",0.667305063693158
"AAACGGGAGGAATCGC-1_GSM4013387",1.38314817893775
"TACGGTAGTGTTAAGA-1_GSM4013387",1.39437395713134
"ACTGTCCTCCAACCAA-1_GSM4013387",1.34610942167738
"TAGGCATTCGCACTCT-1_GSM4013387",1.40370731419855
"CCTAAAGCATTACGAC-1_GSM4013387",0.697913503496907
"CTACCCAAGTATCTCG-1_GSM4013387",0.949514707312375
"TCTTCGGTCGTCTGAA-1_GSM4013387",1.35044479143792
"GAACGGAGTTTGTTGG-1_GSM4013387",1.34515990610075
"CTACCCATCTGCTTGC-1_GSM4013387",1.37671805752611
"GTATTCTTCAGCGACC-1_GSM4013387",0.934864057439285
"TCTATTGTCTCACATT-1_GSM4013387",1.41182453429357
"CAACTAGCATTTCACT-1_GSM4013387",0.909260988853684
"ACGCCGAAGGCAGGTT-1_GSM4013387",1.30669561009174
"ACGATACAGAATGTTG-1_GSM4013387",0.64702521466493
"ATGCGATTCGAGAGCA-1_GSM4013387",1.2918256943952
"CACCAGGGTAGAGGAA-1_GSM4013387",1.47915372340131
"CTCGTACAGCTGAACG-1_GSM4013387",1.36933812593502
"CTAGAGTCAACTGCGC-1_GSM4013387",1.34673208399158
"GACGGCTAGTACGTTC-1_GSM4013387",1.29283443595137
"GATGAAAGTCTTTCAT-1_GSM4013387",1.40570348866633
"GCGCAGTAGCGACGTA-1_GSM4013387",1.40341971195454
"AACTTTCTCATGCAAC-1_GSM4013387",1.42617182131225
"GTATTCTTCACGCATA-1_GSM4013387",0.612368345887672
"TTGCCGTCATTTCACT-1_GSM4013387",1.33769126604522
"AAGACCTCATCTCGCT-1_GSM4013387",1.24885753103036
"GGCCGATCATGATCCA-1_GSM4013387",1.36105212625029
"CCCATACCACGCTTTC-1_GSM4013387",1.33759226224669
"TTGGCAAGTCGCATCG-1_GSM4013387",1.40131010037226
"ACCCACTCAAGTAATG-1_GSM4013387",1.43089375051549
"CCCATACTCTTCAACT-1_GSM4013387",1.32535229261497
"TCGTAGACACCGTTGG-1_GSM4013387",1.40097416669097
"TTAACTCGTAGCTCCG-1_GSM4013387",1.06343077262147
"AACGTTGTCATCTGTT-1_GSM4013387",0.880402532447303
"GGCCGATAGTCATGCT-1_GSM4013387",0.878761542726742
"TAGACCAGTCTCAACA-1_GSM4013387",1.31702512891986
"AGTGTCAGTAGCGCTC-1_GSM4013387",1.29079722156946
"CTAGCCTTCTCAAACG-1_GSM4013387",1.28487201501953
"CTACGTCCAGCTCGCA-1_GSM4013387",1.37549502625373
"AAAGTAGTCACTCTTA-1_GSM4013387",1.35135176237625
"GGGTTGCCACGGCTAC-1_GSM4013387",1.34894460177134
"CCACCTATCTCATTCA-1_GSM4013387",1.34543512309381
"ACGCAGCGTGCACCAC-1_GSM4013387",1.26677059232443
"TGACTAGTCACTTACT-1_GSM4013387",0.782367053936371
"CCATGTCTCCTGCAGG-1_GSM4013387",1.36150222841039
"AGCCTAACAGCAGTTT-1_GSM4013387",1.46555331229135
"GACTAACCAATTCCTT-1_GSM4013387",1.41249310370204
"GGTGTTAGTACGCTGC-1_GSM4013387",0.58420646379379
"ACGATGTTCGTTTATC-1_GSM4013387",1.3548690199447
"GTATCTTTCCTGTACC-1_GSM4013387",1.32213793618137
"AACCATGTCGTTTGCC-1_GSM4013387",1.44745749524902
"CCCATACTCCAACCAA-1_GSM4013387",0.740966733731981
"AACTCTTGTCGATTGT-1_GSM4013387",1.30126547451308
"TCAGGTACAAGCTGAG-1_GSM4013387",1.32569962527688
"GCACTCTGTAGAAGGA-1_GSM4013387",1.27978945875641
"GGTGCGTTCCAGATCA-1_GSM4013387",1.29539538009568
"CGGTTAAAGTGTGGCA-1_GSM4013387",1.24896478889326
"AACACGTGTCATACTG-1_GSM4013387",1.19898546850125
"GTTCGGGAGCTTTGGT-1_GSM4013387",1.3544943152785
"CGGACTGTCTGTCAAG-1_GSM4013387",0.733692682171407
"CTACGTCTCGGCGGTT-1_GSM4013387",0.859139146541778
"GGCAATTTCTGTCTAT-1_GSM4013387",0.706587945823297
"ACAGCCGAGAGACTAT-1_GSM4013387",0.682523193844562
"TTTATGCTCAGAGGTG-1_GSM4013387",1.35974715624565
"CATTATCAGCATGGCA-1_GSM4013387",1.32390508594095
"ACGAGGAAGGGAAACA-1_GSM4013387",1.39348495766719
"TGATTTCAGCTAAACA-1_GSM4013387",1.39682274171715
"CAGATCACAAAGCAAT-1_GSM4013387",1.26420092842076
"CCACCTAAGTGAACAT-1_GSM4013387",1.20109417625224
"ACACCCTAGATCCGAG-1_GSM4013387",1.36250402119349
"CCTAAAGAGGACCACA-1_GSM4013387",1.23404441063988
"CAAGATCCAAGTTAAG-1_GSM4013387",1.3107076009159
"GCTCCTAAGATAGTCA-1_GSM4013387",1.3328691995888
"TACGGTAGTCCCTTGT-1_GSM4013387",1.25522133009577
"ACGGCCATCCCTTGTG-1_GSM4013387",1.28294728152315
"CTGCTGTCAGGGTTAG-1_GSM4013387",1.34389009264388
"TGGTTAGAGTAGCCGA-1_GSM4013387",1.52529763825058
"CCTCTGAAGCCTCGTG-1_GSM4013387",1.38742849942497
"GCTGGGTTCTTTACGT-1_GSM4013387",1.33298655910037
"TGTGGTAAGTTAACGA-1_GSM4013387",1.45855477436286
"AGTAGTCAGTGTGGCA-1_GSM4013387",1.30938736601478
"CGTTAGACATTGTGCA-1_GSM4013387",1.35332274040978
"CGTGAGCGTACGCACC-1_GSM4013387",1.2407767986827
"GTCATTTTCTGCAAGT-1_GSM4013387",1.39989359572751
"GACTAACAGTAGTGCG-1_GSM4013387",1.44962469249042
"GTTTCTAGTCGGCACT-1_GSM4013387",1.31580838475398
"TATCAGGCAATCCGAT-1_GSM4013387",1.30942684893157
"CCTCTGATCCTACAGA-1_GSM4013387",1.26977445807927
"ACGGCCATCATTTGGG-1_GSM4013387",1.19319128074265
"AGCCTAAGTCAGAAGC-1_GSM4013387",1.45365800843019
"AACTCAGTCGTGACAT-1_GSM4013387",1.2851592687079
"CACAGTAAGAAACCTA-1_GSM4013387",1.42264014688495
"CGGAGTCAGGAATGGA-1_GSM4013387",1.4036299988121
"GTTCGGGGTTCCAACA-1_GSM4013387",1.22030625241192
"CACCTTGGTCACACGC-1_GSM4013387",1.29954933285264
"CATCGAAGTGACGCCT-1_GSM4013387",0.804074418862618
"ACTTACTAGGAATGGA-1_GSM4013387",0.772581767123302
"AACCATGGTTAGTGGG-1_GSM4013387",1.36717950568138
"TGGTTAGTCATGCAAC-1_GSM4013387",0.728596697633783
"GGCAATTAGTAGTGCG-1_GSM4013387",1.25773566060605
"CAAGGCCTCGCCATAA-1_GSM4013387",1.18589773061704
"CCTTCCCGTCCTGCTT-1_GSM4013387",1.2602270377145
"TGTGTTTCATGTTCCC-1_GSM4013387",1.2691538022633
"TACACGAGTTCCATGA-1_GSM4013387",1.39543530695014
"CGTGTCTTCGTGTAGT-1_GSM4013387",1.23839239281945
"GGAATAATCGTATCAG-1_GSM4013387",0.797753275217591
"CGAATGTAGACAGAGA-1_GSM4013387",1.34080930863761
"CAGGTGCTCGGGAGTA-1_GSM4013387",1.34309405677976
"CCCAGTTCACTTGGAT-1_GSM4013387",1.35043412959383
"TCATTACCACAGGAGT-1_GSM4013387",1.25890009167061
"AGATCTGGTATCAGTC-1_GSM4013387",1.12050225471046
"TGAGCATCACGTAAGG-1_GSM4013387",1.27584863749088
"TATCTCACACATGACT-1_GSM4013387",0.731925237354674
"ATAGACCAGTCCTCCT-1_GSM4013387",1.1956664903655
"CGGACACGTCCGCTGA-1_GSM4013387",1.30704458133425
"CCACGGAGTGGCCCTA-1_GSM4013387",1.28965862660197
"CGAGAAGCAATAGCAA-1_GSM4013387",1.29647660291615
"CGCTGGATCCGCGGTA-1_GSM4013387",1.30696861057804
"GCACTCTCACATCCGG-1_GSM4013387",1.06772742607296
"CTCACACAGCTAAGAT-1_GSM4013387",1.36341489227255
"CCCATACCACAACGTT-1_GSM4013387",0.746338446851736
"CACAGGCGTTCTGTTT-1_GSM4013387",1.31872891395313
"AGTGTCACAACACCTA-1_GSM4013387",1.3608564421442
"GAAACTCTCCTATTCA-1_GSM4013387",1.30625394927735
"ATCACGAGTGGCTCCA-1_GSM4013387",1.32284101999605
"GCATACACATACGCTA-1_GSM4013387",1.30729274517287
"ATGCGATAGGAACTGC-1_GSM4013387",1.27531013381262
"AATCGGTCATGCCTAA-1_GSM4013387",0.801408844197168
"ACCTTTATCTTTACGT-1_GSM4013387",0.644895221109677
"ATAAGAGTCATTTGGG-1_GSM4013387",0.444660302412163
"GGGCACTAGTCACGCC-1_GSM4013387",0.817783124014521
"CAGATCACAATAACGA-1_GSM4013387",1.36319527458415
"CACCACTTCCGCATCT-1_GSM4013387",0.776107868784457
"CAGAGAGTCGTTGCCT-1_GSM4013387",0.719757295313265
"CTACCCAAGCGGATCA-1_GSM4013387",1.34562304919653
"TCCCGATCAGTATAAG-1_GSM4013387",0.866179427132073
"CGGAGCTCACTGTGTA-1_GSM4013387",1.40009548311028
"CAGCTAAAGTTGCAGG-1_GSM4013387",0.704136543453159
"GCACTCTAGCGTCTAT-1_GSM4013387",1.15122057979167
"ACACCGGTCGAATCCA-1_GSM4013387",1.27208586571983
"GATCTAGCATCACCCT-1_GSM4013387",1.27976097532529
"AAAGTAGGTACAGACG-1_GSM4013387",0.701247356026379
"GAATAAGAGAAGCCCA-1_GSM4013387",1.29349146764884
"AGATCTGTCCTAAGTG-1_GSM4013387",1.25476276328451
"CCCAGTTCACCAGATT-1_GSM4013387",1.29770321085162
"AGTGGGAGTGATGTCT-1_GSM4013387",1.36355985124431
"TTCTACACAGGGTACA-1_GSM4013387",0.888006965605044
"TTATGCTAGTAGCCGA-1_GSM4013387",0.829771897496174
"GGAACTTGTTTAGGAA-1_GSM4013387",0.794502275973801
"CCGGTAGTCATTGCGA-1_GSM4013387",1.3688037686767
"GCATGATCACAACTGT-1_GSM4013387",0.664392537237321
"CAGTAACAGTACCGGA-1_GSM4013387",1.33373673229445
"CTCTAATAGTGGAGTC-1_GSM4013387",0.581927334165151
"TCGAGGCAGTGTTTGC-1_GSM4013387",0.793695914755042
"CGAGCACAGTGCTGCC-1_GSM4013387",0.796510273725925
"GTCTTCGAGTAGATGT-1_GSM4013387",0.581910182463575
"GGTGTTATCATTCACT-1_GSM4013387",0.835767341502736
"CACACTCGTCGGATCC-1_GSM4013387",1.32585560233171
"TCAACGACAGTCACTA-1_GSM4013387",1.26727821346884
"TGAGGGACAAACGTGG-1_GSM4013387",1.02954415406535
"CCTAGCTCAATTCCTT-1_GSM4013387",1.30964089204298
"AGCTCTCGTGAAGGCT-1_GSM4013387",1.20591959085073
"TACGGATTCACTTATC-1_GSM4013387",1.19599538921372
"TGAGAGGTCCTTGACC-1_GSM4013387",1.22130492459361
"CTACCCACATCGGGTC-1_GSM4013387",0.996308925855816
"GCGGGTTAGGGAAACA-1_GSM4013387",1.40877245586167
"GGAAAGCTCAGTTTGG-1_GSM4013387",1.25319476497447
"TACTTACCAGTGAGTG-1_GSM4013387",1.08991425805739
"CACACTCCACAAGCCC-1_GSM4013387",1.39471072609573
"CGTTCTGGTATAATGG-1_GSM4013387",0.89868242291359
"CGAGCCATCATGTAGC-1_GSM4013387",1.23931332857462
"AACTTTCAGAACTGTA-1_GSM4013387",0.93432455226856
"CTGTGCTTCTCGTATT-1_GSM4013387",0.706397252517036
"GGACATTCAAGCTGAG-1_GSM4013387",1.33116658731321
"ACGGAGATCCATGAAC-1_GSM4013387",1.29263191191966
"TAGTTGGAGAGACTAT-1_GSM4013387",1.31478281378376
"TTAGTTCTCACCCTCA-1_GSM4013387",1.30268499424878
"CTCTACGAGCGATCCC-1_GSM4013387",0.792496630560292
"AGATTGCAGTGTACGG-1_GSM4013387",1.02935967163087
"GACCTGGAGATGTCGG-1_GSM4013387",1.26101072986699
"TCGGTAAAGTGGTCCC-1_GSM4013387",0.850263333150813
"TCAGGTAGTGTGGCTC-1_GSM4013387",0.717035307182651
"CATGCCTCAGTCCTTC-1_GSM4013387",1.00675474468316
"TCTTCGGTCGAACTGT-1_GSM4013387",1.35485207332006
"GGACAGAAGCACACAG-1_GSM4013387",1.00612396261389
"ACGGAGATCCATGCTC-1_GSM4013387",1.21336019480335
"GCTTCCACAAAGCGGT-1_GSM4013387",0.625863896650079
"TTAGGCAGTTGATTGC-1_GSM4013387",0.689477191653982
"CGAATGTTCGCCGTGA-1_GSM4013387",0.698111223733582
"CATCGAATCAGGTAAA-1_GSM4013387",1.0269936819549
"TGCTACCAGACTTTCG-1_GSM4013387",1.23391383347645
"ACTTGTTCATGACATC-1_GSM4013387",0.569506896777
"ATGGGAGTCTGACCTC-1_GSM4013387",0.901884985147283
"TCGTAGAAGACTTTCG-1_GSM4013387",1.38326303779765
"GTCGGGTAGGGAACGG-1_GSM4013387",1.42922414609687
"CCAATCCCATGACGGA-1_GSM4013387",1.24108853846303
"AATCGGTTCAAACCGT-1_GSM4013387",1.39134002816903
"GTTCTCGTCCAGAGGA-1_GSM4013387",1.31247078241285
"CTGAAACGTCAACATC-1_GSM4013387",1.22819330901879
"GTATCTTCATGTTCCC-1_GSM4013387",1.28192497469187
"ACACCAAGTGCAACGA-1_GSM4013387",0.945093244072013
"CACAGTACACGAAACG-1_GSM4013387",1.09861381216733
"TGCGCAGAGCCAACAG-1_GSM4013387",0.783371566711539
"CCTTCGAAGACCCACC-1_GSM4013387",0.847849848304927
"GGACATTCAGTGGAGT-1_GSM4013387",1.30853359209874
"CCTACCAGTACCGGCT-1_GSM4013387",0.782372029208575
"TTAGTTCAGAGGTTAT-1_GSM4013387",1.3547890356894
"TTTATGCGTTATCACG-1_GSM4013387",0.498184718187077
"GGATGTTGTACCGTTA-1_GSM4013387",1.28217535655178
"ATTGGTGGTATTAGCC-1_GSM4013387",1.15355361022554
"GTGCAGCAGACCGGAT-1_GSM4013387",0.496607690211268
"AAGGAGCTCGTACGGC-1_GSM4013387",1.16041911409595
"TCTATTGCACATCTTT-1_GSM4013387",1.20645635296564
"TGACTAGTCCTTGGTC-1_GSM4013387",1.14291854409794
"AGATTGCTCCTCCTAG-1_GSM4013387",1.29168553810804
"CATCCACCAATACGCT-1_GSM4013387",1.04034293885539
"TGCGCAGGTACACCGC-1_GSM4013387",1.21841168352033
"TGACTTTGTTACGGAG-1_GSM4013387",1.05101423353413
"GATCTAGAGACCGGAT-1_GSM4013387",1.22372146485408
"GTATCTTCACGCATCG-1_GSM4013387",0.727325899051582
"TTGCGTCCAAGCGATG-1_GSM4013387",0.970603827238662
"AGATCTGAGTCATCCA-1_GSM4013387",0.79447555408027
"GACGCGTTCCTCCTAG-1_GSM4013387",1.0329518652132
"GTAGTCAGTCCATGAT-1_GSM4013387",0.779456339718583
"CGGACTGCACCAGATT-1_GSM4013387",0.73696643853133
"CTAATGGGTGACAAAT-1_GSM4013387",0.818187245407974
"TCAGGATAGTGAACGC-1_GSM4013387",1.11381927656607
"GATCTAGAGACTTTCG-1_GSM4013387",1.0156690353798
"TTCTCCTTCGTAGGAG-1_GSM4013387",1.27992815139386
"GCCAAATGTTAAGATG-1_GSM4013387",1.05733592694417
"GTATCTTTCATGTCTT-1_GSM4013387",1.05693437095332
"TTCTCAACAGACGTAG-1_GSM4013387",1.32264520398187
"TAGTTGGTCTTGCATT-1_GSM4013387",0.828815245234561
"ACGATACGTGCAACGA-1_GSM4013387",1.30884600571273
"TTGCCGTAGGCAAAGA-1_GSM4013387",1.18372140429498
"TCAGCTCGTACCGCTG-1_GSM4013387",1.03898716639555
"CGAGAAGTCTCTAAGG-1_GSM4013387",1.25341686220825
"TAGGCATCAATAGCGG-1_GSM4013387",0.928042287216417
"CATATTCAGTTGAGAT-1_GSM4013387",0.869943747621123
"GTATTCTAGTTAAGTG-1_GSM4013387",0.802216476812772
"GAAGCAGTCGACCAGC-1_GSM4013387",1.21704706105806
"CTAAGACTCTAACTCT-1_GSM4013387",0.715458517459824
"CGCCAAGAGAAACGAG-1_GSM4013387",1.1912520386331
"CGATCGGGTTCTGAAC-1_GSM4013387",0.74370813781922
"CACAGTAAGAGGTTGC-1_GSM4013387",1.28936578873252
"TGTATTCAGAGTACAT-1_GSM4013387",1.17139137694191
"TCAGCAAGTGGCGAAT-1_GSM4013387",1.32903343164964
"ATTACTCGTATGAATG-1_GSM4013387",0.704051740742989
"CCATTCGGTGTGTGCC-1_GSM4013387",1.21016204468843
"GATGCTATCTCTTGAT-1_GSM4013387",1.28223027053906
"TCAGATGTCTGAGGGA-1_GSM4013387",1.41382943528065
"TCCACACCAGGTGGAT-1_GSM4013387",0.810470491646837
"CTACGTCAGTACGCGA-1_GSM4013387",1.02363645211379
"GCGAGAATCGAACGGA-1_GSM4013387",1.03477056616464
"CTCGAGGGTAGCGTAG-1_GSM4013387",0.701007839958224
"GCTGCGACACTACAGT-1_GSM4013387",0.934917566466657
"TCGTAGACACAGATTC-1_GSM4013387",1.3737576890591
"TTGACTTCACGAGGTA-1_GSM4013387",0.788381108993641
"AGAGCGAGTCACCTAA-1_GSM4013387",0.782141449005999
"GCGACCAGTAGTACCT-1_GSM4013387",1.29246765802155
"CCAATCCAGAGGGATA-1_GSM4013387",0.563752079889927
"GGCTCGATCCTTAATC-1_GSM4013387",1.27397260851063
"AACTGGTTCAGCTCTC-1_GSM4013387",1.256176668233
"TGCGGGTTCCGATATG-1_GSM4013387",1.18434264118642
"CTAACTTGTGGCAAAC-1_GSM4013387",0.921454723292677
"GCATACACATCTATGG-1_GSM4013387",0.60679870047335
"ATCATCTTCCAGAAGG-1_GSM4013387",1.30745711011178
"CACACTCAGTACACCT-1_GSM4013387",1.32793248455271
"AAAGTAGAGACAGGCT-1_GSM4013387",0.607021440357706
"GTCGGGTCACTTCTGC-1_GSM4013387",0.905900849843904
"GACGTGCCATCGATGT-1_GSM4013387",1.23612247976746
"CTCGGGATCTTACCTA-1_GSM4013387",1.18573312913868
"AAGCCGCGTAGTAGTA-1_GSM4013387",1.51364848402683
"CCTATTAAGAACAATC-1_GSM4013387",1.01425768782282
"TATGCCCTCCACTGGG-1_GSM4013387",1.22853475551305
"GGGCATCAGAGGGATA-1_GSM4013387",0.937954889294531
"CGACCTTCATATGAGA-1_GSM4013387",1.27414221671879
"TCAGATGTCGTTGCCT-1_GSM4013387",1.02755244882424
"CGGAGCTCAGATGGCA-1_GSM4013387",0.89539493150448
"CACCAGGAGTGGACGT-1_GSM4013387",0.825290685175728
"CAGATCATCCATGAAC-1_GSM4013387",1.10066060877437
"AACGTTGTCCGTAGGC-1_GSM4013387",0.810480286437363
"GTTCTCGGTCGCTTCT-1_GSM4013387",0.925174906313872
"ACGCAGCCAATGAATG-1_GSM4013387",0.999970067099158
"TTCTCAATCCAGTAGT-1_GSM4013387",0.939901137256399
"CGCTATCGTTAAGATG-1_GSM4013387",0.656052519934389
"ACGGCCAGTGGTCCGT-1_GSM4013387",1.00658068346015
"AATCGGTTCTACCAGA-1_GSM4013387",1.12487266798039
"GAACGGAAGCAAATCA-1_GSM4013387",1.29035059117324
"AAGCCGCAGATGGCGT-1_GSM4013387",1.24457161998322
"TCCACACAGCTAGTTC-1_GSM4013387",1.01518102157399
"GCGGGTTGTAGTAGTA-1_GSM4013387",0.79308947045834
"CTTGGCTTCCGTAGGC-1_GSM4013387",1.21823399230675
"CAAGAAATCATTATCC-1_GSM4013387",1.20966640924028
"ACGGGCTAGACTTTCG-1_GSM4013387",0.723114070411947
"ACGATACGTCTGATCA-1_GSM4013387",1.30256058648816
"TCTATTGCATGCCACG-1_GSM4013387",0.934935794465711
"AGCATACCAATAGAGT-1_GSM4013387",1.21284885147664
"AAGGCAGCACATCCAA-1_GSM4013387",0.630044283856147
"CGTCCATTCGCAAACT-1_GSM4013387",1.05822487224599
"GTTTCTATCGAGCCCA-1_GSM4013387",0.902686517445849
"ACGCCGACAGACAAGC-1_GSM4013387",1.24614524234665
"CGCCAAGTCTCGAGTA-1_GSM4013387",0.981384171083952
"AGGGTGACATGAGCGA-1_GSM4013387",1.29338231422342
"GCATGCGTCCCTTGCA-1_GSM4013387",1.04577255872513
"GGCGTGTCATTGTGCA-1_GSM4013387",1.08948065555899
"CAGATCAAGCGTTCCG-1_GSM4013387",1.10829751242971
"CTGATCCCATAGGATA-1_GSM4013387",1.21633393933316
"GATCTAGTCCGTTGCT-1_GSM4013387",1.11157733793683
"ACATGGTTCAGTCAGT-1_GSM4013387",1.0652599141696
"GGAACTTCATATACCG-1_GSM4013387",1.29088918053936
"AGTCTTTCAGTAAGAT-1_GSM4013387",0.615218716820141
"CTACGTCGTGGTCCGT-1_GSM4013387",0.701636857746177
"GTAGTCACAGACGCTC-1_GSM4013387",0.581307074738071
"TACCTATAGATAGGAG-1_GSM4013387",0.77739797032633
"CCTCAGTTCCGAGCCA-1_GSM4013387",1.13242889369019
"ACGGGTCTCATAAAGG-1_GSM4013387",0.953153823007969
"GTTCATTTCTGATACG-1_GSM4013387",0.899155508368012
"TGAAAGAGTTGGGACA-1_GSM4013387",0.95557113562291
"CCTAGCTCAAAGGAAG-1_GSM4013387",1.37252475181345
"TTGGAACAGTCGATAA-1_GSM4013387",1.1785254493505
"TAGAGCTTCTGGTGTA-1_GSM4013387",0.810391165302594
"TTTGTCACACCATCCT-1_GSM4013387",1.13355976075005
"CAGCGACCAGGTGGAT-1_GSM4013387",0.820499123034058
"TTCTCAAAGTCGAGTG-1_GSM4013387",0.625202496132793
"TACGGGCGTCTCTTAT-1_GSM4013387",1.32656910178418
"ATCCACCTCCCGACTT-1_GSM4013387",1.20674053296481
"CGTGTCTAGTTGAGTA-1_GSM4013387",0.630705007591394
"TGCCCTACATGTAGTC-1_GSM4013387",0.808835365362453
"AAGGTTCCAATAAGCA-1_GSM4013387",1.01874525374386
"ACTTGTTTCGTGTAGT-1_GSM4013387",0.904019186205376
"GACGTGCTCCCTAATT-1_GSM4013387",0.591872868677037
"CTCGAAAGTCATACTG-1_GSM4013387",1.15468177954082
"GTATTCTGTAGCGTAG-1_GSM4013387",0.768037945176978
"GTTAAGCTCTTTCCTC-1_GSM4013387",1.15933539890364
"TCTATTGAGCGTGTCC-1_GSM4013387",0.718976367210004
"AAGGAGCTCTACCAGA-1_GSM4013387",0.408765752534646
"ACGAGCCCAGGAACGT-1_GSM4013387",0.878637184857668
"GGCTGGTGTCCGAAGA-1_GSM4013387",1.14539733993529
"TAAGTGCGTACATGTC-1_GSM4013387",1.15526267606543
"TTCTTAGGTTTCGCTC-1_GSM4013387",1.07263524909798
"GACACGCCATCACAAC-1_GSM4013387",1.18401000683045
"ACGGGCTGTACTTGAC-1_GSM4013387",1.26572494568242
"TACTCATGTTAAGACA-1_GSM4013387",0.957165416863459
"CGGTTAATCTGGCGAC-1_GSM4013387",0.802270429383481
"ACTGATGGTTCAGACT-1_GSM4013387",0.990519068161812
"CCTTCCCAGCGAAGGG-1_GSM4013387",0.701834611214583
"AGTCTTTTCTCCAACC-1_GSM4013387",1.0756544436472
"TTAGTTCCAGTGGAGT-1_GSM4013387",1.03380975967928
"GCATGTAAGCGTTTAC-1_GSM4013387",1.17006472883109
"GATCTAGAGGAATTAC-1_GSM4013387",0.7527489903543
"CAGCTGGAGCCGATTT-1_GSM4013387",0.685835569264383
"TGACGGCGTCTTCGTC-1_GSM4013387",1.14088301154351
"GACTGCGTCACTTATC-1_GSM4013387",0.849725428312689
"GGTGAAGTCCGCGGTA-1_GSM4013387",1.28443209946052
"TGCCCTAAGTAGCGGT-1_GSM4013387",0.86044992305464
"CCCATACTCCGTCATC-1_GSM4013387",1.0244394898661
"AGTAGTCGTCTAGCCG-1_GSM4013387",0.732687758500394
"CATCGAAAGCTCCTTC-1_GSM4013387",0.980807958395053
"CTACGTCCAGCGTAAG-1_GSM4013387",0.717632883084504
"TTGGCAACACTTGGAT-1_GSM4013387",0.708905203080421
"GGTATTGCAGTTCCCT-1_GSM4013387",1.0190184114625
"CTTCTCTGTCATGCCG-1_GSM4013387",1.06697142158465
"CTTACCGGTAGCTTGT-1_GSM4013387",0.755917036272695
"GTCAAGTGTTGTGGCC-1_GSM4013387",0.543384584375755
"AGGCCACAGCCACGCT-1_GSM4013387",1.04051052131645
"AGAGTGGGTTAGTGGG-1_GSM4013387",1.03078786814186
"AGGTCCGGTCGAGTTT-1_GSM4013387",0.840935192877127
"AAACGGGTCTGTCTCG-1_GSM4013387",0.853078741577615
"GTGGGTCCAAGGTTCT-1_GSM4013387",1.28067734411374
"CTAAGACTCAAAGTAG-1_GSM4013387",0.616341049815796
"TGAAAGATCGGCGGTT-1_GSM4013387",0.408031262520283
"TCTGGAATCTGGCGTG-1_GSM4013387",0.991099260790792
"TAGACCAGTAGCCTAT-1_GSM4013387",0.520468635999371
"TTTGGTTGTCGGCACT-1_GSM4013387",1.16817246395236
"AGAGCGATCCGATATG-1_GSM4013387",1.07721844730694
"TTCTTAGCAGGACGTA-1_GSM4013387",1.06869395754211
"CCCAATCTCCTTGGTC-1_GSM4013387",0.902416158510631
"AGAGTGGAGCCCAGCT-1_GSM4013387",0.565633283199382
"GGGTCTGGTACACCGC-1_GSM4013387",0.911790447429089
"GTACTTTAGCGGCTTC-1_GSM4013387",1.05698488326454
"CAGAGAGCATCCGCGA-1_GSM4013387",1.12207175436287
"GAAGCAGAGGATGCGT-1_GSM4013387",1.04971451215009
"ACGCCAGAGTGATCGG-1_GSM4013387",0.942279067943697
"CTCACACGTGCGGTAA-1_GSM4013387",1.32172758728034
"TGACTAGGTTTGGGCC-1_GSM4013387",0.830442503932922
"CGGAGTCCACGGCGTT-1_GSM4013387",0.55301914436002
"AGCGGTCGTTCTGGTA-1_GSM4013387",1.22391046444657
"GACTACACATACGCCG-1_GSM4013387",0.725686707627395
"CGTCAGGCATACAGCT-1_GSM4013387",0.78610824251468
"AACGTTGCACGTCTCT-1_GSM4013387",0.60869390599699
"TGGCCAGTCGGAGCAA-1_GSM4013387",0.845141603148445
"GACCAATCAAGGTTTC-1_GSM4013387",1.04959746445889
"AAGGCAGCAGCTGCAC-1_GSM4013387",1.1989928781861
"CTGGTCTTCGCCAGCA-1_GSM4013387",0.985745807673689
"ATTTCTGGTCAGAAGC-1_GSM4013387",1.1780747401496
"CCTTACGAGACCGGAT-1_GSM4013387",1.18793566651151
"CAGAGAGGTGGCGAAT-1_GSM4013387",0.986196776170316
"TTAGGACGTACACCGC-1_GSM4013387",0.646860351147631
"ACACTGATCAAAGTAG-1_GSM4013387",0.433617774203837
"TTCCCAGGTAAATGTG-1_GSM4013387",1.26272305524627
"TAAGAGAAGATTACCC-1_GSM4013387",1.14368036175702
"TGACTAGGTAAGTTCC-1_GSM4013387",0.960964125857774
"GGGTCTGGTCAGAAGC-1_GSM4013387",1.19950485132523
"AATCGGTTCTCGATGA-1_GSM4013387",1.17953602164968
"TCAGATGGTAAACGCG-1_GSM4013387",0.826053179418534
"TGAGGGAAGATCGATA-1_GSM4013387",0.717804407472239
"AGAGCGAGTGTTTGTG-1_GSM4013387",0.63443763341043
"GCAAACTCATCACAAC-1_GSM4013387",1.08291217834619
"AGATTGCAGAACAACT-1_GSM4013387",0.695588692994475
"CCTCAGTGTTGATTGC-1_GSM4013387",1.20315162904762
"TGCGCAGAGGTGATAT-1_GSM4013387",1.32379389133719
"ACCAGTATCCTTGACC-1_GSM4013387",0.740533666756779
"GATCGTACATCCTTGC-1_GSM4013387",1.21462698920215
"GACTAACTCCAGAAGG-1_GSM4013387",0.905624116920863
"TTTATGCGTTGGACCC-1_GSM4013387",1.04077865118544
"GTTTCTAGTGGCGAAT-1_GSM4013387",0.601045309404667
"CACATTTGTATATCCG-1_GSM4013387",1.13209040752616
"ACTGATGCACTGTGTA-1_GSM4013387",0.641202855526753
"CGTCCATCACCACCAG-1_GSM4013387",1.29159167796462
"GGCGACTCAGGAATCG-1_GSM4013387",1.13488614105295
"CAGCTGGCATTCTCAT-1_GSM4013387",0.510718303482007
"CGGCTAGAGGCACATG-1_GSM4013387",0.506613347228538
"TTGACTTGTAAGGGCT-1_GSM4013387",1.21314922760291
"ACTGTCCCACGCATCG-1_GSM4013387",0.73021999187397
"CAGCTAACACAGATTC-1_GSM4013387",0.69018189392356
"AACTCCCCATTCGACA-1_GSM4013387",0.861860596592026
"ACATCAGTCTGGAGCC-1_GSM4013387",1.02291102400294
"CGAGAAGTCCCGACTT-1_GSM4013387",1.0871994793398
"GCACTCTTCACATAGC-1_GSM4013387",0.697073269726623
"CATCGAAGTAACGTTC-1_GSM4013387",0.48280145039299
"TAGGCATCATATGCTG-1_GSM4013387",0.827647362913746
"CACCTTGCATCCCATC-1_GSM4013387",1.09961241205201
"GGAATAAAGCCCTAAT-1_GSM4013387",0.479102961430275
"TACCTTAGTGCGGTAA-1_GSM4013387",0.835314742331052
"AGATCTGGTGCACTTA-1_GSM4013387",0.458545213419376
"CGTTGGGAGATGTGTA-1_GSM4013387",0.766553239726438
"GTTCGGGAGTGCTGCC-1_GSM4013387",1.14917048395627
"GAGGTGACATACCATG-1_GSM4013387",0.577163307476368
"ACTGAACCATTGGGCC-1_GSM4013387",1.14263231467866
"GCATGATTCATCGGAT-1_GSM4013387",1.06938774977176
"CCACTACTCAAAGACA-1_GSM4013387",1.23449376105713
"ACTTGTTAGCCTCGTG-1_GSM4013387",0.737034138853361
"GACTACAAGTGAACAT-1_GSM4013387",0.589151141308085
"ATTGGACGTTAGATGA-1_GSM4013387",1.3833826499239
"ACAGCTACACGTCTCT-1_GSM4013387",0.652816050878567
"TGACAACTCGCCTGAG-1_GSM4013387",1.28573206234626
"CACCTTGGTAAATACG-1_GSM4013387",0.460291407044345
"TCGAGGCTCACTTATC-1_GSM4013387",0.556257446805404
"TGGCGCATCTACCAGA-1_GSM4013387",1.01382689553109
"CTACGTCGTCAGGACA-1_GSM4013387",1.12616802733012
"CGATCGGTCTCAAGTG-1_GSM4013387",0.837545884877437
"CCATTCGTCGATAGAA-1_GSM4013387",0.532404673352026
"GTCACGGTCTCGCTTG-1_GSM4013387",0.615222893595456
"GACGTTAGTTCACGGC-1_GSM4013387",1.11782821982543
"TGGGAAGAGCTGCCCA-1_GSM4013387",1.18238929299529
"TACTTGTGTGCAGGTA-1_GSM4013387",1.14954773934518
"GGATGTTCACCGCTAG-1_GSM4013387",1.0431393420406
"GCTGGGTAGCTACCTA-1_GSM4013387",0.729487337994533
"ACGCCGAAGACGCTTT-1_GSM4013387",0.885477196391535
"AAAGCAAGTCTCTTAT-1_GSM4013387",1.29424669837596
"TCGAGGCGTTTGGCGC-1_GSM4013387",0.881357154018639
"CACAGTAGTGATGTGG-1_GSM4013387",1.27735451073465
"ACTTACTTCGCGTTTC-1_GSM4013387",0.862998025216901
"TAAGTGCCAGCTCGAC-1_GSM4013387",1.06153405966072
"GCGCGATTCAAACAAG-1_GSM4013387",1.16844069434224
"ATAGACCCAGTACACT-1_GSM4013387",0.746008292778326
"GATGAGGGTCCTCCAT-1_GSM4013387",0.6502770144442
"GTATCTTCAGATCGGA-1_GSM4013387",1.10943225000775
"TACGGTATCGTACGGC-1_GSM4013387",1.12358792235319
"TCTCTAAAGAATTGTG-1_GSM4013387",0.420226562378796
"GATGCTAAGTAGGCCA-1_GSM4013387",1.13785244352515
"CGCGGTATCGAGAACG-1_GSM4013387",1.27960937858344
"ATGCGATCAAGAGGCT-1_GSM4013387",0.503229974943961
"TCTGGAAAGATGGGTC-1_GSM4013387",0.567156712040176
"AGCAGCCCATCGACGC-1_GSM4013387",1.04055673772206
"AACTGGTTCACGATGT-1_GSM4013387",0.919834011232503
"ACGGAGAGTAATCACC-1_GSM4013387",0.693211497905101
"CTCGAGGTCCAGAGGA-1_GSM4013387",1.15635685400035
"CTCATTAAGGCTAGGT-1_GSM4013387",0.766933781854902
"AGATCTGAGCGCTTAT-1_GSM4013387",0.977121590306523
"CTACATTGTCTCTCGT-1_GSM4013387",0.903429995235353
"TGCTACCAGGATGGTC-1_GSM4013387",0.966188721639332
"CAGCCGATCAGAGACG-1_GSM4013387",1.0585437890912
"CTGCTGTCAAGCCCAC-1_GSM4013387",1.06028850106316
"TGAGGGATCCCATTAT-1_GSM4013387",0.476349268412711
"TTCGAAGCAGCTTAAC-1_GSM4013387",0.7369385365688
"TACACGAAGAATAGGG-1_GSM4013387",1.11200308485891
"CTTTGCGTCGACCAGC-1_GSM4013387",0.666275038853905
"TTTGTCAGTAAGTTCC-1_GSM4013387",1.03471514675925
"TTTGTCAGTCGAAAGC-1_GSM4013387",1.04063893698335
"TCATTTGCATGTAGTC-1_GSM4013387",1.16392482869311
"ATCATCTAGTTTGCGT-1_GSM4013387",0.792977622358622
"CACCAGGCAATGTAAG-1_GSM4013387",0.493608174364758
"AGAGTGGTCATTGCGA-1_GSM4013387",0.863781275269816
"CATCAAGTCGTAGGTT-1_GSM4013387",0.477044473562901
"CTCATTAAGATGCCTT-1_GSM4013387",1.09111550599479
"GGAATAAAGGAGCGTT-1_GSM4013387",1.05634544178617
"TAAGAGAGTACTCTCC-1_GSM4013387",1.00898910004197
"TTATGCTCAAGCGTAG-1_GSM4013387",0.441176927463876
"TGAGCCGGTACCCAAT-1_GSM4013387",1.08169664102953
"CTACACCTCTTGAGGT-1_GSM4013387",0.550676710712848
"AGGTCCGGTACATGTC-1_GSM4013387",0.574954195014225
"CTGCGGATCGTACGGC-1_GSM4013387",0.732697717773454
"CGACCTTAGTATCGAA-1_GSM4013387",0.957039932102544
"CAAGAAAGTACAGCAG-1_GSM4013387",0.358181588306157
"TTCTTAGTCATCATTC-1_GSM4013387",0.586946375903537
"ACGGGTCAGCTACCTA-1_GSM4013387",0.803109574352707
"TCCACACAGTCCATAC-1_GSM4013387",0.541890230883589
"AATCCAGCATCTGGTA-1_GSM4013387",1.05922479778352
"AAGGAGCAGGCAATTA-1_GSM4013387",0.507730132552878
"CCTAGCTAGGGTCTCC-1_GSM4013387",1.08158458539329
"ACTTTCAGTTCTGAAC-1_GSM4013387",0.574886931404377
"TCTGAGATCATCATTC-1_GSM4013387",0.565202484466945
"CTCGTACTCTGGCGAC-1_GSM4013387",0.682686700639048
"GGCGTGTAGCACCGTC-1_GSM4013387",1.21354999529478
"CACATTTAGCGAGAAA-1_GSM4013387",0.508108851238069
"TGCGGGTAGTTGCAGG-1_GSM4013387",1.16608634072797
"TACTTGTCAGGGAGAG-1_GSM4013387",0.474952568047297
"ATCACGAGTCGCGGTT-1_GSM4013387",0.523294478353708
"GTTACAGAGTAGTGCG-1_GSM4013387",0.700729867013998
"TTTCCTCCATGCTAGT-1_GSM4013387",1.24950981623672
"GGGCATCCATTGCGGC-1_GSM4013387",1.07552417033685
"CTAGCCTGTGCGGTAA-1_GSM4013387",0.642847549528623
"GAGGTGATCTGCGACG-1_GSM4013387",1.01813081181158
"ACGAGGACATCACCCT-1_GSM4013387",0.504809901966837
"GACTACACAAGCCGTC-1_GSM4013387",0.471672355380755
"ATTATCCAGTGAACGC-1_GSM4013387",0.519446019428731
"TCGGTAATCTGCCAGG-1_GSM4013387",0.604720318267912
"TGATTTCTCTGTACGA-1_GSM4013387",0.545139749902476
"GGCTGGTCATTAACCG-1_GSM4013387",0.56658010827781
"GTATCTTGTGCCTGGT-1_GSM4013387",0.580835073937684
"TAAGTGCGTTCGGGCT-1_GSM4013387",0.736567600276734
"TAAGCGTAGCCAACAG-1_GSM4013387",0.515434064182127
"AGTAGTCCAAAGTCAA-1_GSM4013387",0.814894520239174
"CAGATCACACAGTCGC-1_GSM4013387",1.20133814988322
"ATGTGTGAGTGTCCAT-1_GSM4013387",0.450221534608525
"TTGGAACAGTCAAGCG-1_GSM4013387",0.490629343130666
"ATTCTACAGATCCGAG-1_GSM4013387",0.786154346953577
"CTCACACCAATCGGTT-1_GSM4013387",0.983227424938095
"AGATCTGGTTCTGTTT-1_GSM4013387",1.03799412055584
"AAGTCTGAGCGTGAGT-1_GSM4013387",0.590397247057773
"TGCTGCTAGCGTCAAG-1_GSM4013387",0.757987304146917
"TCAACGAAGGTGATTA-1_GSM4013387",1.11913267092423
"TGAAAGATCAGGCAAG-1_GSM4013387",0.496121730899109
"CGAGAAGGTCTTGATG-1_GSM4013387",0.752879670984091
"CATGCCTGTGTGGCTC-1_GSM4013387",1.18945197501179
"AGATCTGTCAGCTTAG-1_GSM4013387",0.626720719624525
"GATTCAGGTCCAGTGC-1_GSM4013387",0.905596166218053
"CCAGCGACAGTCGATT-1_GSM4013387",0.509494223590825
"GTCACAATCAAGAAGT-1_GSM4013387",0.632696821493447
"TCCACACAGTGACATA-1_GSM4013387",0.623136476786255
"TAGACCACACCTATCC-1_GSM4013387",0.449397379510792
"CAGCAGCTCTCATTCA-1_GSM4013387",0.843270431755392
"CAAGAAATCATGTAGC-1_GSM4013387",0.514896776698239
"AGCTTGAGTGGTTTCA-1_GSM4013387",1.17353083734321
"CGGAGCTAGGCTAGAC-1_GSM4013387",1.06703117358699
"CACAGTAGTAAGGGCT-1_GSM4013387",0.861156326359255
"TGAAAGAAGTAGTGCG-1_GSM4013387",0.865669908859294
"GGTATTGGTTCAACCA-1_GSM4013387",0.920694956915683
"GGCTGGTGTCCAGTAT-1_GSM4013387",0.523862539847595
"GTCTCGTTCATGCATG-1_GSM4013387",1.09963834474099
"ACGATACTCTGTTTGT-1_GSM4013387",1.43588296416809
"GGAGCAATCTTCCTTC-1_GSM4013387",0.334273447971552
"ATAAGAGGTAATAGCA-1_GSM4013387",0.612161311091991
"TAAACCGCACTGTTAG-1_GSM4013387",1.08180349039188
"TGAGCATTCCGAGCCA-1_GSM4013387",0.778163815348195
"GCTGCTTGTGTGCCTG-1_GSM4013387",1.22404660965498
"GTGCGGTAGATGTCGG-1_GSM4013387",1.20448886726687
"AAAGATGTCCGTCATC-1_GSM4013387",0.669965870296284
"TGATTTCAGTGTCTCA-1_GSM4013387",0.553698961814658
"TGGGAAGAGTTAGCGG-1_GSM4013387",0.840288330354068
"AAACCTGCAAACCCAT-1_GSM4013387",0.55134110048936
"TCTCTAAGTTCCACAA-1_GSM4013387",0.542968139761707
"CACATTTTCACAGTAC-1_GSM4013387",0.59858165481636
"GTACTTTAGCGATGAC-1_GSM4013387",1.15408956185805
"TCAGCAATCGTAGGTT-1_GSM4013387",0.675225704792169
"ATCATGGGTGTGACCC-1_GSM4013387",0.799650250296277
"CCGTTCATCCATTCTA-1_GSM4013387",0.462360710783662
"CTCAGAAAGCGACGTA-1_GSM4013387",0.562961087812238
"TCACAAGTCGGAAACG-1_GSM4013387",0.465338447756211
"CTGCCTATCGGCTTGG-1_GSM4013387",0.437335094733809
"CAAGTTGTCCCAACGG-1_GSM4013387",0.573877376209284
"CCTTCCCTCCGCAAGC-1_GSM4013387",1.09946623324694
"CCTATTACAAGCCTAT-1_GSM4013387",0.458534273552409
"CTGGTCTAGCACCGCT-1_GSM4013387",1.14500618565928
"TCAGCTCCAGTCACTA-1_GSM4013387",0.542536057985964
"TAGAGCTAGCTCCTTC-1_GSM4013387",0.848019230814566
"TACTCATGTCAGAGGT-1_GSM4013387",0.517846928273958
"CGCCAAGTCTGTTGAG-1_GSM4013387",0.853149094676143
"CGGACTGCAGGGTACA-1_GSM4013387",0.660860197547623
"AGATTGCGTCCATCCT-1_GSM4013387",0.691015963870719
"CAGCATATCAAAGTAG-1_GSM4013387",0.859552070622997
"GTGCTTCTCCTTCAAT-1_GSM4013387",1.01802248643158
"GTATCTTAGATGTCGG-1_GSM4013387",0.673927451830723
"CAACCAATCCTGTAGA-1_GSM4013387",0.533738098350709
"AGCGTATTCCAAAGTC-1_GSM4013387",0.504666020639728
"CGATGTAAGTGCCATT-1_GSM4013387",0.528271726946853
"TGCTGCTTCGCCGTGA-1_GSM4013387",0.490267664266866
"TCCACACTCTAACGGT-1_GSM4013387",0.488424953058761
"CGATGGCGTGGGTATG-1_GSM4013387",1.07469060217277
"GGGTCTGTCTGGTGTA-1_GSM4013387",0.720210669858729
"TGTTCCGCAGTAAGAT-1_GSM4013387",1.12135562832916
"CCTTTCTGTTTGGGCC-1_GSM4013387",0.725564181190408
"ATGGGAGTCAGCCTAA-1_GSM4013387",0.873005479212497
"AACCGCGCAAGCGCTC-1_GSM4013387",0.697690290103381
"CACTCCAGTGTGACCC-1_GSM4013387",0.989298652497774
"TCGAGGCAGGTACTCT-1_GSM4013387",0.497591919857622
"GCCAAATAGATGTAAC-1_GSM4013387",0.469096333881636
"CCTTCGAAGGTGCTTT-1_GSM4013387",1.03641692466923
"AGGTCATCACAAGACG-1_GSM4013387",0.714226082906077
"CAGCTAAAGAAGAAGC-1_GSM4013387",0.851632442801521
"AACTCCCGTATTACCG-1_GSM4013387",1.08930624561986
"CGAACATGTAAGGGAA-1_GSM4013387",0.344092691675318
"CTCTACGAGTACACCT-1_GSM4013387",1.10714383903148
"TCAGCAACAATGTAAG-1_GSM4013387",0.451152605587755
"ATGAGGGCAAGACGTG-1_GSM4013387",0.540312658444862
"AGAATAGTCATAACCG-1_GSM4013387",0.580358019944562
"ATAAGAGAGCTACCGC-1_GSM4013387",1.076094016442
"GCGAGAAGTACCGTAT-1_GSM4013387",0.396819631657415
"AAGGTTCTCTGATTCT-1_GSM4013387",0.612949944184456
"GCAGTTAGTCAACTGT-1_GSM4013387",0.881411631808254
"CGTCTACGTCGCATCG-1_GSM4013387",0.677519325243485
"CTCCTAGGTGTTGAGG-1_GSM4013387",0.594602490436918
"CGTAGCGAGATGGCGT-1_GSM4013387",0.782223882540376
"AAGACCTCATCTCCCA-1_GSM4013387",0.633782003012245
"CTCTACGTCTGCTTGC-1_GSM4013387",0.549644770447501
"GTCAAGTCATACTCTT-1_GSM4013387",0.65211330678832
"GAACCTATCTGGCGTG-1_GSM4013387",1.1622444162589
"CAAGTTGCATGTCCTC-1_GSM4013387",0.419456801292107
"GGATTACTCACAACGT-1_GSM4013387",1.29459488443275
"TTTATGCAGAATCTCC-1_GSM4013387",0.607122776290662
"CAAGATCCAACCGCCA-1_GSM4013387",0.749123018824383
"ACGGAGAGTCTCTTTA-1_GSM4013387",0.499617863162269
"CTAGTGACAGTAAGCG-1_GSM4013387",0.598988355732771
"TAGAGCTAGCCGATTT-1_GSM4013387",0.428568772508554
"AGTGGGACACCTATCC-1_GSM4013387",1.04413916894272
"CTAGCCTGTTGCTCCT-1_GSM4013387",0.5543075275707
"GACTGCGAGTGCCAGA-1_GSM4013387",0.594818478922042
"AGCTCCTCACCGATAT-1_GSM4013387",0.718878812660533
"TCAGGTAAGCGTGAAC-1_GSM4013387",0.499204767403455
"TGCGCAGGTTAAGTAG-1_GSM4013387",0.802112190062267
"GTCACGGAGAGTGAGA-1_GSM4013387",0.735690299905261
"CGCGGTATCGCCATAA-1_GSM4013387",1.03553420104575
"CACATTTCATCCGGGT-1_GSM4013387",0.498373433675893
"CGACTTCGTTGATTGC-1_GSM4013387",0.966919055179839
"AACTGGTAGTCACGCC-1_GSM4013387",0.895881887472894
"GTATTCTTCGGCATCG-1_GSM4013387",0.655685742063214
"ACGGGTCCAAAGGTGC-1_GSM4013387",0.869084162231543
"GACTACAAGAACTGTA-1_GSM4013387",0.58109302710496
"TGGCGCACATAGGATA-1_GSM4013387",0.914942524389261
"GACGGCTGTCGAACAG-1_GSM4013387",0.680414234279175
"ACGCAGCCATCCCACT-1_GSM4013387",0.557786426687082
"GGCCGATTCGCGGATC-1_GSM4013387",0.732940522671309
"TTAGGACTCAGGTAAA-1_GSM4013387",0.410678012970526
"ATTCTACAGACGACGT-1_GSM4013387",0.845605615278047
"CCACTACAGCACAGGT-1_GSM4013387",0.519947851240661
"TGACGGCAGTCGCCGT-1_GSM4013387",0.69140427747456
"AAACCTGTCGGTCTAA-1_GSM4013387",0.481583694304178
"GGGCATCGTTGTCTTT-1_GSM4013387",0.878170673609257
"CGGACACTCGGGAGTA-1_GSM4013387",1.14742829273727
"CTAACTTAGGCAGGTT-1_GSM4013387",0.917042990521444
"TGCCCTACATCGACGC-1_GSM4013387",0.534405035810092
"GTCATTTAGTCAAGGC-1_GSM4013387",0.953493858103406
"TCCCGATAGTTGAGAT-1_GSM4013387",0.462239043442375
"CCTACCAGTGACAAAT-1_GSM4013387",0.789792896986989
"TAGTTGGAGGGTCGAT-1_GSM4013387",1.11287210125862
"GCAAACTCATGGTTGT-1_GSM4013387",0.521261812912981
"CGCGGTAGTTTAGCTG-1_GSM4013387",1.14204909855617
"CGGACACAGACAAAGG-1_GSM4013387",0.927961385012483
"AACGTTGGTGTGAAAT-1_GSM4013387",0.57151852204606
"TTTATGCGTCGCATCG-1_GSM4013387",0.568641018892993
"ATGCGATCAAAGTGCG-1_GSM4013387",1.06771826711209
"TAAACCGAGCACACAG-1_GSM4013387",0.787177415568563
"AAACGGGGTACCGGCT-1_GSM4013387",0.740911696235841
"TACGGATAGAAGGTGA-1_GSM4013387",0.808969914617752
"GGGCACTGTTCAGGCC-1_GSM4013387",0.517321708806446
"AGCATACGTAAATACG-1_GSM4013387",0.649340185014103
"AAGGAGCAGTCAAGCG-1_GSM4013387",0.668652275003511
"AGGCCGTTCGGAGCAA-1_GSM4013387",0.381348638532419
"TACTCATTCTCTGCTG-1_GSM4013387",0.812794028021409
"ATTGGTGCACATTTCT-1_GSM4013387",0.532843283663607
"CAGCGACTCGCCATAA-1_GSM4013387",0.54803356225241
"CAGCTGGAGGGTATCG-1_GSM4013387",1.16361099484104
"GCGGGTTAGAGGTTGC-1_GSM4013387",1.24098620837376
"TTCCCAGTCCTGCAGG-1_GSM4013387",0.557014567358258
"GGGCATCGTACATCCA-1_GSM4013387",0.381128823928261
"GTTACAGGTAAGTAGT-1_GSM4013387",0.922878895694781
"TACGGTATCTAAGCCA-1_GSM4013387",0.89291020493781
"TGCCAAACAACTTGAC-1_GSM4013387",0.831047736358088
"TGCCAAATCTGATTCT-1_GSM4013387",0.556475993375922
"CTCGAGGCAAACCCAT-1_GSM4013387",0.513883988596056
"CCATTCGGTCTAGTGT-1_GSM4013387",0.494645563671057
"TTAGGCACATGCTGGC-1_GSM4013387",0.507411578718713
"CAAGATCCATTGCGGC-1_GSM4013387",0.65759831232598
"TGACGGCCATATACCG-1_GSM4013387",0.48350735679546
"TAAGAGAAGAAACCTA-1_GSM4013387",0.466732015801499
"TGGCCAGCACTGCCAG-1_GSM4013387",1.10417295171266
"CAAGAAAGTCTGCCAG-1_GSM4013387",0.631365577292605
"TCGGTAAAGCTGTCTA-1_GSM4013387",0.656591452658856
"CACATAGTCTCCCTGA-1_GSM4013387",0.700407517184048
"AGACGTTTCCTGCAGG-1_GSM4013387",0.806233142139138
"CTCGAGGAGCGTAGTG-1_GSM4013387",0.557600101925588
"CACCACTGTAAATGAC-1_GSM4013387",0.984743738718417
"TCAGCAAGTCGAACAG-1_GSM4013387",1.28837290968895
"TACCTATCAACGATCT-1_GSM4013387",0.480564869352454
"CGGACACGTTACGGAG-1_GSM4013387",0.774212003614943
"TGCCCATCATGCGCAC-1_GSM4013387",0.466473502229531
"GGAATAATCCAGTAGT-1_GSM4013387",1.15670935248955
"ACGAGCCTCAACTCTT-1_GSM4013387",0.826334085486722
"TCGTACCAGTACGTAA-1_GSM4013387",0.793402014717074
"ATTTCTGAGAATAGGG-1_GSM4013387",1.0669894076035
"GCTGGGTCAATGGACG-1_GSM4013387",0.606255548259142
"GATCGTATCGACCAGC-1_GSM4013387",0.577084323392404
"ACGTCAAAGGCTCTTA-1_GSM4013387",0.423932411503022
"TTTGTCAAGTGGTAGC-1_GSM4013387",1.06714700291102
"GCAGCCACAACGATCT-1_GSM4013387",0.790057347640339
"TACCTTATCGCGATCG-1_GSM4013387",0.497772897011061
"CCTCAGTAGATGTGTA-1_GSM4013387",1.14287388928415
"CGGAGCTTCCACGTTC-1_GSM4013387",0.430768691452086
"TCATTTGTCCAAACAC-1_GSM4013387",0.905945275801419
"CAGGTGCAGAAGATTC-1_GSM4013387",0.921564191471667
"GGTATTGCAACTTGAC-1_GSM4013387",0.508755794494382
"CAGAGAGCATACTCTT-1_GSM4013387",0.615880161697149
"TCAGGATCAGTTCCCT-1_GSM4013387",0.503465782337857
"CATATTCTCTTCGGTC-1_GSM4013387",0.525208712329578
"CTACCCATCCATGCTC-1_GSM4013387",0.518509320376725
"ATCGAGTTCTCCCTGA-1_GSM4013387",0.391219540970314
"GGGATGAGTCAGAATA-1_GSM4013387",0.708145455867144
"CTGATAGGTCATATCG-1_GSM4013387",0.46647792351719
"CGCCAAGGTAAATGTG-1_GSM4013387",1.00817782163981
"TACTCATGTGATGTGG-1_GSM4013387",0.442813356132458
"GTGAAGGGTGCACCAC-1_GSM4013387",0.683494861095779
"TGTTCCGTCGGCGCTA-1_GSM4013387",0.621475600709746
"TGGGCGTGTTAAGATG-1_GSM4013387",0.676443205144578
"TTAACTCCACTTAACG-1_GSM4013387",0.38965483696252
"TGCCAAAAGCGCCTTG-1_GSM4013387",1.17719931392945
"GAATAAGTCTGCGGCA-1_GSM4013387",0.512040397505997
"AGGGAGTGTTGGAGGT-1_GSM4013387",1.13351352622015
"GCGCCAAAGCACGCCT-1_GSM4013387",0.471284966884105
"GCTGCTTGTTCATGGT-1_GSM4013387",0.319020226331961
"ATCTACTGTGTTGGGA-1_GSM4013387",0.451476653309024
"ATCTGCCGTAGAGGAA-1_GSM4013387",0.465108673555606
"AGAGTGGGTTAAAGAC-1_GSM4013387",1.09309896136289
"GGGAATGTCTCTAGGA-1_GSM4013387",0.544072956094447
"GTAACGTAGTCATGCT-1_GSM4013387",0.528226188868196
"ACGATGTAGCTCAACT-1_GSM4013387",0.647965506009672
"GCATGCGTCTAAGCCA-1_GSM4013387",0.28600485374888
"GTTCTCGAGGATATAC-1_GSM4013387",0.670512879442956
"GTAGGCCGTACGACCC-1_GSM4013387",0.642763149601136
"CACTCCAAGAGTCTGG-1_GSM4013387",0.421476247417111
"CAACTAGCATTGCGGC-1_GSM4013387",0.825325972023773
"CTCAGAATCCTTGACC-1_GSM4013387",0.511255611776254
"ACATGGTAGGGAGTAA-1_GSM4013387",0.618426776646822
"CTGATCCGTCCAGTAT-1_GSM4013387",0.447161061662892
"CTCAGAAGTTGGTAAA-1_GSM4013387",0.49003943922195
"TAGGCATCAGGAATCG-1_GSM4013387",0.406064271598736
"CGGACGTGTCACTGGC-1_GSM4013387",0.638447775150402
"TGGCCAGCACATTTCT-1_GSM4013387",0.751314817736377
"TCATTTGAGACAATAC-1_GSM4013387",0.670959265256706
"TACAGTGAGAAGGTTT-1_GSM4013387",0.482498777258043
"GTGCAGCAGGATGGAA-1_GSM4013387",0.889314609303276
"CTAATGGAGAAGGTGA-1_GSM4013387",0.616927867546107
"TGTATTCAGACAGGCT-1_GSM4013387",0.506005686578048
"CTAGCCTTCATCTGTT-1_GSM4013387",0.358349774950648
"CCTCAGTGTTACTGAC-1_GSM4013387",1.00094425177061
"CGTCACTGTCTGGTCG-1_GSM4013387",0.720880949416788
"GCAATCAAGGACATTA-1_GSM4013387",1.02764799932207
"ATTATCCCAAAGCGGT-1_GSM4013387",0.653642980919749
"CCGTACTTCATCGGAT-1_GSM4013387",0.939816658465179
"ATAACGCAGTGCGTGA-1_GSM4013387",0.508592813670844
"TGACAACTCCGCTGTT-1_GSM4013387",0.507933737540267
"CATATGGCACGAAATA-1_GSM4013387",0.964572334008943
"CGCTATCAGTGGTAAT-1_GSM4013387",0.907466155756058
"ATAGACCCACGAAAGC-1_GSM4013387",1.03961252985926
"GCTCCTAGTGCAGGTA-1_GSM4013387",0.706466948784408
"TGGCTGGTCCTGCTTG-1_GSM4013387",0.885731370970329
"GATGAGGCAATAGCGG-1_GSM4013387",0.730608300879591
"GTGTTAGCATCGGACC-1_GSM4013387",0.771544865707305
"CTAGCCTTCAATACCG-1_GSM4013387",0.829573586583248
"TACGGTATCTGGAGCC-1_GSM4013387",0.46790802650573
"TGAGGGAAGCCTTGAT-1_GSM4013387",1.05938622976064
"CCTTCCCGTCGAAAGC-1_GSM4013387",0.432951167133017
"ATAAGAGCAACACGCC-1_GSM4013387",0.493997202514913
"CTGCCTATCCTTTACA-1_GSM4013387",0.356363433215357
"AAAGATGGTTGAGTTC-1_GSM4013387",0.457060675381863
"ACGAGCCAGTTAGCGG-1_GSM4013387",0.420163397334252
"AGAATAGGTCCGTTAA-1_GSM4013387",0.595263247294775
"CCATTCGAGACAAGCC-1_GSM4013387",0.484320820079825
"ACTTGTTTCGCGGATC-1_GSM4013387",0.463124751226447
"GTACGTAGTAGGGTAC-1_GSM4013387",0.566134927238827
"ATCACGAGTGTTTGTG-1_GSM4013387",0.640531053570717
"CGTGTCTTCAGATAAG-1_GSM4013387",0.493796012151406
"TACTCATTCAACGAAA-1_GSM4013387",0.582495567629045
"ATCACGAGTGGACGAT-1_GSM4013387",0.581622100350215
"TACACGAAGGAGTTTA-1_GSM4013387",0.874526570921659
"CTGCTGTCAGCTCCGA-1_GSM4013387",0.403524403905335
"TCATTACTCACCGGGT-1_GSM4013387",0.388365610199682
"TCCACACGTTCACCTC-1_GSM4013387",0.535084256228088
"ATCGAGTCAATCCGAT-1_GSM4013387",0.508251414204341
"ATGCGATGTCGTTGTA-1_GSM4013387",1.02801696848062
"GAACGGACATCCGGGT-1_GSM4013387",0.965376746681353
"ACGCCAGCAGCCTTGG-1_GSM4013387",0.881319517335561
"TATCTCATCCTTTACA-1_GSM4013387",0.475611190547215
"TGGTTAGGTTGGAGGT-1_GSM4013387",0.517053268268011
"TACCTTACAGGCTCAC-1_GSM4013387",0.339392058573708
"CTGATAGTCCTTGCCA-1_GSM4013387",0.52778791383585
"ACGATGTAGGCCCTTG-1_GSM4013387",0.446858379627853
"TAGGCATGTGTCAATC-1_GSM4013387",0.672161925176189
"CAGCTAATCTGTTTGT-1_GSM4013387",0.581190546650455
"CACAAACCAAGTCTAC-1_GSM4013387",0.750809146419549
"GACGGCTCATCTCCCA-1_GSM4013387",0.789788405168647
"TTCTCAATCCGCATAA-1_GSM4013387",0.722779095974334
"GCAATCAGTGTTAAGA-1_GSM4013387",0.452274979983972
"ACTGAACGTCCAGTAT-1_GSM4013387",0.96107849576668
"GTTCTCGGTCAATGTC-1_GSM4013387",0.792278969602304
"ACTTTCATCATCATTC-1_GSM4013387",0.499922851963248
"AAGGAGCAGTTAAGTG-1_GSM4013387",0.826262268403189
"AGGCCACTCTGGCGAC-1_GSM4013387",0.625922442644077
"TACTCATGTCGCATAT-1_GSM4013387",1.09824744928216
"TAGACCAAGATGTGTA-1_GSM4013387",0.833405469500726
"CGACTTCTCTGCAAGT-1_GSM4013387",0.435590939357309
"ACAGCCGGTGTGCGTC-1_GSM4013387",0.401168060007971
"GCATGATTCATTGCCC-1_GSM4013387",0.922903754505337
"TACCTATTCCGAACGC-1_GSM4013387",0.528520230374795
"TGACGGCCATCTCCCA-1_GSM4013387",0.336109831627696
"ATAACGCCATCCCATC-1_GSM4013387",1.04728268178814
"TTCGGTCTCAATAAGG-1_GSM4013387",0.796452154843357
"ACGAGGAAGAGATGAG-1_GSM4013387",0.50949200086967
"TGACTTTTCTGGCGAC-1_GSM4013387",0.76864666178182
"GCATACACATGGTAGG-1_GSM4013387",0.420499245314921
"GAATGAACAACTGGCC-1_GSM4013387",1.05955404930211
"AGTGAGGTCAACGCTA-1_GSM4013387",0.446212943131833
"ATGGGAGGTGTGACCC-1_GSM4013387",1.12408751689573
"CGTAGGCGTGTCCTCT-1_GSM4013387",0.878386688840492
"TGGTTCCTCGTCCAGG-1_GSM4013387",0.368214841751193
"TAGAGCTGTTCGTGAT-1_GSM4013387",1.11820241714589
"GGTGAAGGTCGGCTCA-1_GSM4013387",0.689483235649374
"GTGAAGGGTAAATGTG-1_GSM4013387",0.589852080285202
"TTGGCAATCGGCCGAT-1_GSM4013387",0.625044685040137
"CACAAACAGTGGAGTC-1_GSM4013387",0.366426041434178
"CACATTTAGGTGTTAA-1_GSM4013387",0.607733383519745
"TGGTTCCTCTATGTGG-1_GSM4013387",0.513204586533561
"CATCGAACATGCCTTC-1_GSM4013387",0.420249086731831
"CATCGGGCATGTAGTC-1_GSM4013387",0.812240143429062
"TTTGTCACACCTTGTC-1_GSM4013387",0.412699291040745
"ACCGTAACAGGCGATA-1_GSM4013387",0.453896827395816
"TTGACTTTCGCCTGTT-1_GSM4013387",0.468563867168185
"TGAGCATAGGAGCGTT-1_GSM4013387",0.793530363431336
"AAACGGGTCGTCACGG-1_GSM4013387",0.465965386070271
"ATTACTCAGTAAGTAC-1_GSM4013387",0.660891885711727
"TTGCCGTAGTGACTCT-1_GSM4013387",0.49807005295761
"TTTGTCATCAGCTCTC-1_GSM4013387",0.490056963852331
"TAGTGGTGTCTCACCT-1_GSM4013387",1.13562591657085
"CAAGGCCGTATATGAG-1_GSM4013387",0.757088523280315
"CTAGTGATCACATACG-1_GSM4013387",0.728242781233445
"TGGTTAGTCCGGCACA-1_GSM4013387",0.331307170232925
"TGAGAGGTCACGGTTA-1_GSM4013387",0.54019610451071
"CGCTTCACAAAGCAAT-1_GSM4013387",0.492397849153038
"TGGTTAGGTAAGGGAA-1_GSM4013387",0.182991955513462
"ATTCTACAGTGAAGAG-1_GSM4013387",0.629363863148576
"CCACTACAGTATCGAA-1_GSM4013387",0.419770233988487
"CAACCTCAGCGGATCA-1_GSM4013387",1.08645322252041
"CGGAGCTAGACTAAGT-1_GSM4013387",1.01998425723421
"GGGAATGAGGGATGGG-1_GSM4013387",0.613108369596583
"AACTTTCCAACTGCTA-1_GSM4013387",0.499604897989398
"TCATTACAGTACCGGA-1_GSM4013387",0.468465973149699
"AGGTCATAGTGAACGC-1_GSM4013387",0.406901920090293
"TCGTACCAGGATTCGG-1_GSM4013387",0.53639835690275
"CCCAATCTCGGAGCAA-1_GSM4013387",0.731712432417601
"CAACCTCCAATCGGTT-1_GSM4013387",0.615924093296086
"AGATTGCTCCAACCAA-1_GSM4013387",0.516762495525657
"TTCTTAGGTCCCTTGT-1_GSM4013387",0.439778327542831
"AGCGGTCTCCGTAGGC-1_GSM4013387",0.474339171738129
"GATCGTAGTTCCAACA-1_GSM4013387",0.495887849285459
"AAGACCTCACTAGTAC-1_GSM4013387",0.289043256707146
"CATCAGATCGCCAGCA-1_GSM4013387",0.853094849124254
"ACATGGTTCTGGCGAC-1_GSM4013387",0.531119558995584
"ATGCGATAGAGCTGCA-1_GSM4013387",0.721242917551448
"GATCTAGTCCGAACGC-1_GSM4013387",0.457682403690747
"ACCCACTAGTACACCT-1_GSM4013387",1.14153964424824
"GCGACCACACTTCTGC-1_GSM4013387",0.492763934610347
"TCGGGACAGTTCGCGC-1_GSM4013387",0.435279061836218
"CAGTAACCAGCTGTGC-1_GSM4013387",0.768264523986991
"ATTGGTGCAGCGTTCG-1_GSM4013387",0.975925079712994
"GTATCTTAGTCACGCC-1_GSM4013387",0.310303924607996
"TACTTACCATGCATGT-1_GSM4013387",0.60648226152841
"TTCGAAGCACCGGAAA-1_GSM4013387",0.813330308042066
"AGTCTTTTCTGGGCCA-1_GSM4013387",0.878045353715839
"GGCGACTGTAATCGTC-1_GSM4013387",0.62935915979575
"TATGCCCCAGCGAACA-1_GSM4013387",0.400737279762053
"GCTGGGTTCCGTCAAA-1_GSM4013387",0.912016697614146
"ACCGTAACACGTTGGC-1_GSM4013387",0.657680503957511
"TAGTTGGCATGGTTGT-1_GSM4013387",0.952689142424759
"CTGGTCTAGAAGATTC-1_GSM4013387",0.534902721857672
"TGGACGCAGGTCGGAT-1_GSM4013387",0.866144390458097
"GGAATAACATCACGTA-1_GSM4013387",0.461703171631474
"AGTGGGAAGTGGGCTA-1_GSM4013387",0.447536742729911
"GAAACTCGTCGGCACT-1_GSM4013387",0.267274616001367
"ATTTCTGGTCAGTGGA-1_GSM4013387",0.524645403411075
"TGTGGTAGTTCGTCTC-1_GSM4013387",0.45791168524244
"TCGCGTTTCTCAAACG-1_GSM4013387",0.425267255246635
"GCGCAACAGCGTCAAG-1_GSM4013387",0.75911096121355
"GGAGCAAAGGACTGGT-1_GSM4013387",0.823530458388228
"TACCTTACATGGTAGG-1_GSM4013387",0.473986538977145
"GGGACCTCACGAAACG-1_GSM4013387",0.499781349080493
"AACGTTGGTGGCGAAT-1_GSM4013387",0.675872376205675
"ATGTGTGGTAATCACC-1_GSM4013387",0.514321862229029
"TGGGAAGGTCTCATCC-1_GSM4013387",0.389629708127257
"ATTGGACCATCTACGA-1_GSM4013387",0.216644803799863
"GTTCGGGTCGTCTGCT-1_GSM4013387",0.480520886144472
"AACTCTTAGAGTAATC-1_GSM4013387",0.682443656221902
"AACGTTGCATGCCTAA-1_GSM4013387",0.766467681760588
"CATCCACGTAAGTGTA-1_GSM4013387",0.758822597985511
"CACAGGCTCTGATACG-1_GSM4013387",1.05350285088881
"TCAACGAGTGTGCCTG-1_GSM4013387",0.53985172969745
"CACAGGCAGCAAATCA-1_GSM4013387",0.446535045506238
"CACCTTGGTTCCGGCA-1_GSM4013387",0.523087508210031
"ATGAGGGAGAAGCCCA-1_GSM4013387",0.895121673222875
"TACTCATAGACGCAAC-1_GSM4013387",1.06666442591968
"GGTGCGTAGGTTACCT-1_GSM4013387",0.972702274158086
"AGCTTGAGTCCGACGT-1_GSM4013387",0.395083599138305
"CTCTACGTCTTACCGC-1_GSM4013387",0.40289063102639
"GCCTCTAGTTCATGGT-1_GSM4013387",0.284694603096244
"GTTCATTAGACTGTAA-1_GSM4013387",0.957613522866708
"TGAGCATGTGACTACT-1_GSM4013387",0.44821166963271
"CATGACATCATCGGAT-1_GSM4013387",0.481674163649099
"GAGCAGACAACTGCGC-1_GSM4013387",0.440241483593939
"TGAGGGAGTAAGTAGT-1_GSM4013387",0.5887470158929
"AAGCCGCGTCCGTGAC-1_GSM4013387",0.511057910701805
"CTACACCTCAGCTGGC-1_GSM4013387",0.869689011302317
"CGGACGTAGAGCTATA-1_GSM4013387",0.507421142061446
"CTCATTATCTTAGAGC-1_GSM4013387",0.426004951173281
"TACGGATTCCGTACAA-1_GSM4013387",0.986774452615524
"CATCGAACAACCGCCA-1_GSM4013387",0.625999033164446
"CATCAAGTCTGCGTAA-1_GSM4013387",0.401461320482666
"TCAATCTAGACGCTTT-1_GSM4013387",0.833738582637398
"ACACCCTTCGTAGGAG-1_GSM4013387",0.419685770373682
"AGCTCCTCAATTGCTG-1_GSM4013387",0.263537555753692
"GCTTCCAAGGAGTAGA-1_GSM4013387",0.52881286500426
"CTCGTCACATTCTTAC-1_GSM4013387",0.474721785938092
"GACCAATCAAGCCGTC-1_GSM4013387",0.98069849954757
"GATGAGGAGGGTATCG-1_GSM4013387",0.629677633355965
"CATCAAGGTTCAGGCC-1_GSM4013387",0.502128918001449
"ATTCTACCACACAGAG-1_GSM4013387",0.941086474566606
"TGTCCCACAGGCTCAC-1_GSM4013387",0.599719803011825
"GCGCAGTCAGTCGTGC-1_GSM4013387",0.319496898536569
"TGGTTAGCACATAACC-1_GSM4013387",0.511840767837658
"CCCTCCTGTATTCTCT-1_GSM4013387",0.494991794972443
"CGATGGCGTTGTGGCC-1_GSM4013387",0.336109264599111
"GCTTCCACAATGACCT-1_GSM4013387",0.308670723695258
"AAGCCGCGTCGCGGTT-1_GSM4013387",1.02888047091345
"TATCAGGTCCGTTGTC-1_GSM4013387",0.662818265545626
"CCACTACTCTTCGAGA-1_GSM4013387",0.857615865223099
"CTAACTTGTGCGAAAC-1_GSM4013387",0.355516253881321
"AACTCCCCACCGGAAA-1_GSM4013387",0.521398325154029
"CTGTGCTTCGAGCCCA-1_GSM4013387",0.475570266325127
"CGTCTACAGATGTCGG-1_GSM4013387",0.522061655210115
"ACCAGTAGTAATTGGA-1_GSM4013387",0.658499405342653
"ATCCGAATCCCAAGTA-1_GSM4013387",0.326597494388914
"TCACAAGTCTGCGTAA-1_GSM4013387",0.493915552673753
"CACATAGGTGTGACGA-1_GSM4013387",0.572562575358168
"AATCGGTGTTCATGGT-1_GSM4013387",0.481718612313747
"ACACCGGAGAAGGCCT-1_GSM4013387",0.489768324100432
"AGATCTGAGTCCGTAT-1_GSM4013387",0.371855563569648
"CGACCTTCATGGGACA-1_GSM4013387",0.761560859358688
"GTGGGTCCAATCTGCA-1_GSM4013387",0.319353236678885
"TGCGGGTGTGTCCTCT-1_GSM4013387",0.605442318223674
"GTACTTTCATGAACCT-1_GSM4013387",0.606838566746649
"ACTGATGCAGGATCGA-1_GSM4013387",0.817699444330742
"TTGGAACAGACAGACC-1_GSM4013387",0.481490714552725
"TTTATGCGTATAGTAG-1_GSM4013387",0.466936693709881
"GGTATTGTCGAACGGA-1_GSM4013387",0.456599320468288
"CGGACTGTCTGCGTAA-1_GSM4013387",0.682727036586655
"TCGGGACGTAAACACA-1_GSM4013387",0.366481543593584
"TACCTTAGTTGCTCCT-1_GSM4013387",1.15574904707982
"ACTGAGTGTAGTAGTA-1_GSM4013387",0.555033208473834
"TCTATTGCATGGATGG-1_GSM4013387",0.500286573068778
"CAGAGAGCAAGTTGTC-1_GSM4013387",0.407493876551168
"GGGCACTTCGCCGTGA-1_GSM4013387",0.418537456667425
"TCAATCTGTCGCATCG-1_GSM4013387",0.692300907198551
"TTTGTCACACTTGGAT-1_GSM4013387",0.895117695110848
"TACGGGCAGTTCGCGC-1_GSM4013387",0.214745603829114
"GTCATTTTCACTTCAT-1_GSM4013387",0.884199875473134
"TATGCCCAGCACAGGT-1_GSM4013387",0.298644654878992
"AAGTCTGGTTGGTTTG-1_GSM4013387",0.749423033987017
"TACGGGCGTTCAGACT-1_GSM4013387",0.798121083536547
"AAATGCCAGCACACAG-1_GSM4013387",0.462164698145801
"TCGGTAAAGTATGACA-1_GSM4013387",0.247849772938853
"TCGGTAACAACACCCG-1_GSM4013387",0.851487631438936
"CGATCGGGTCAAAGAT-1_GSM4013387",0.509566106470093
"CAGGTGCTCACGAAGG-1_GSM4013387",0.310086960402429
"CTTAACTGTTACGCGC-1_GSM4013387",0.774433820401152
"TGCCCATTCAGCTGGC-1_GSM4013387",0.486997924167517
"AGCAGCCAGTGCCAGA-1_GSM4013387",0.847793219275001
"GTAACTGCAATGTTGC-1_GSM4013387",0.872082384104892
"GGCTGGTAGCGATCCC-1_GSM4013387",0.538830972614558
"TGTGGTAGTAAAGGAG-1_GSM4013387",0.540878681785782
"TACCTATGTTGTTTGG-1_GSM4013387",0.584418827955029
"ATAGACCAGGAGCGTT-1_GSM4013387",0.639761364288688
"GGAACTTAGTGTGAAT-1_GSM4013387",0.549287604112927
"CCATTCGGTCATGCAT-1_GSM4013387",0.348839221943696
"CTGGTCTCAAAGCGGT-1_GSM4013387",0.588426341612172
"TGGACGCTCTCAACTT-1_GSM4013387",0.441912349958958
"TCTTTCCAGGAGCGTT-1_GSM4013387",0.449840785590156
"TTGTAGGAGTGGTCCC-1_GSM4013387",0.439422882286961
"TAGTTGGAGCACACAG-1_GSM4013387",0.102132390363435
"GCTGCTTCAACCGCCA-1_GSM4013387",0.612359195430071
"AGCCTAAGTCCCTTGT-1_GSM4013387",0.788936415131271
"CATCAAGAGTGCGATG-1_GSM4013387",0.546846831287567
"TGGACGCAGTCGCCGT-1_GSM4013387",0.648952613431948
"TACACGAAGACAGAGA-1_GSM4013387",0.668689420088882
"TAAGAGAAGTATTGGA-1_GSM4013387",0.869084394088808
"TTGCGTCCAAAGGAAG-1_GSM4013387",0.686940423403585
"TCCCGATCAGTTTACG-1_GSM4013387",0.204567961676369
"AGCGTCGAGCGCTTAT-1_GSM4013387",1.00594924811571
"GCTGCAGCATTTGCCC-1_GSM4013387",0.557955327164111
"GTAACGTCAAAGCAAT-1_GSM4013387",0.453828283169582
"TTCCCAGTCTACGAGT-1_GSM4013387",0.521607253257816
"GTTAAGCGTTTGTTTC-1_GSM4013387",0.507008877946314
"CGTCACTGTGATGTGG-1_GSM4013387",0.223117727896257
"GCAATCAAGGGCATGT-1_GSM4013387",0.101807843223961
"TCTTTCCAGTCTTGCA-1_GSM4013387",0.546895751158038
"CGTCACTAGACAAAGG-1_GSM4013387",0.564634733630471
"CAAGGCCGTCATATCG-1_GSM4013387",0.555225372559659
"TAGAGCTTCATCGCTC-1_GSM4013387",1.27896219550587
"CAAGAAATCGTTGACA-1_GSM4013387",0.417347806248105
"TGGCTGGAGTGGACGT-1_GSM4013387",0.636633471163427
"GGGTTGCGTCCGAAGA-1_GSM4013387",0.321123728590798
"TTGAACGCAGGATCGA-1_GSM4013387",0.84220052013944
"GGTGTTACATTGTGCA-1_GSM4013387",0.571376906948482
"GACGTTAAGTAAGTAC-1_GSM4013387",0.705562806899649
"CGGACTGGTAGCTAAA-1_GSM4013387",0.461111768077843
"TATTACCAGCTGTTCA-1_GSM4013387",0.688532140986591
"CATATGGTCGCGCCAA-1_GSM4013387",0.699275258965265
"GCACATAAGGCCCTCA-1_GSM4013387",0.506115014829639
"TCACAAGAGTGCGTGA-1_GSM4013387",0.798278005660866
"TGCGCAGAGCTGCGAA-1_GSM4013387",0.463282792873837
"GCATGCGAGGCGACAT-1_GSM4013387",0.491064392046666
"AACCATGTCGGCTACG-1_GSM4013387",0.892630433283168
"CTAAGACCACTTCGAA-1_GSM4013387",0.407099386648963
"CTTGGCTGTTGATTCG-1_GSM4013387",0.389058525989883
"TCGTACCTCGGAAATA-1_GSM4013387",0.632114597611267
"AGTGAGGTCAGAGACG-1_GSM4013387",0.500433540372589
"TGAGAGGAGACCACGA-1_GSM4013387",0.763978437617625
"GCGACCAAGAAACCGC-1_GSM4013387",0.813583860365999
"TAGGCATAGGAATTAC-1_GSM4013387",0.506881372817267
"GTTACAGGTTTGACAC-1_GSM4013387",0.816517370105622
"TGGCCAGCACTTCGAA-1_GSM4013387",0.126709043039589
"AAATGCCGTACTCTCC-1_GSM4013387",0.408810639851508
"GTACGTAAGCGGCTTC-1_GSM4013387",0.675657445632534
"TGCACCTTCTAAGCCA-1_GSM4013387",0.546112121119982
"GGACATTAGCCGGTAA-1_GSM4013387",0.379890320471807
"CAGCAGCTCATTTGGG-1_GSM4013387",0.58373094545275
"CACACTCGTGGCTCCA-1_GSM4013387",0.5543125173378
"CATTCGCCACTTGGAT-1_GSM4013387",0.37362745380366
"CGCTGGATCCTTGGTC-1_GSM4013387",0.26898911016037
"ATAGACCCAAGCGATG-1_GSM4013387",0.540080511266295
"TTCTCAATCTTATCTG-1_GSM4013387",0.502088911425109
"GTTCGGGAGATCACGG-1_GSM4013387",0.481268662735295
"GTCTCGTTCTGTGCAA-1_GSM4013387",0.872417895512358
"TAGCCGGGTTGCCTCT-1_GSM4013387",0.373437008137773
"GCCTCTAGTCTGATCA-1_GSM4013387",1.08197882192985
"TGCCCATTCTCATTCA-1_GSM4013387",0.517277095072774
"AAAGCAACACAGACTT-1_GSM4013387",0.562568225561598
"GCTCTGTCAGACGCTC-1_GSM4013387",0.575684991191006
"GATCAGTTCAACGGGA-1_GSM4013387",0.709691853728932
"AAACCTGTCTGATTCT-1_GSM4013387",0.850145059042652
"GAGGTGATCATGCAAC-1_GSM4013387",0.447634119433245
"GCAGCCAAGGCATGTG-1_GSM4013387",0.796450285603246
"CGTAGGCAGGCATGTG-1_GSM4013387",0.560392284941126
"TCATTTGCACACGCTG-1_GSM4013387",0.504576343304161
"ACACCGGAGTCAAGCG-1_GSM4013387",0.476406292103167
"GCATACAAGAGTAAGG-1_GSM4013387",0.982037846797221
"AGGCCGTGTCAAGCGA-1_GSM4013387",0.420005782397302
"CTCCTAGAGACGCAAC-1_GSM4013387",0.456697224782825
"CCTTTCTTCCTACAGA-1_GSM4013387",0.509897667061225
"CCACCTAGTTACAGAA-1_GSM4013387",0.4986898852313
"GGGAGATGTATAATGG-1_GSM4013387",0.890682448494294
"CGCTGGATCGTCTGAA-1_GSM4013387",0.546287438951723
"TTGGCAAGTGGTAACG-1_GSM4013387",0.644719644341025
"CTGTTTATCTTTACAC-1_GSM4013387",0.462383432624019
"ATTGGTGGTTGGTTTG-1_GSM4013387",0.524004210690837
"TTCTACAAGTTGCAGG-1_GSM4013387",0.753691320618662
"ACGAGCCGTGGCCCTA-1_GSM4013387",0.447366239148513
"CATCAAGCATCTATGG-1_GSM4013387",0.40719906765773
"AGTCTTTAGCCCAATT-1_GSM4013387",0.742576004919937
"TGAGCATGTAGTAGTA-1_GSM4013387",0.489619870261733
"ATGGGAGCATTCACTT-1_GSM4013387",0.685266877095804
"GACGTTAGTCTAGTGT-1_GSM4013387",0.669917035242806
"GCATGTATCTGTCTCG-1_GSM4013387",0.584580660460063
"TCAGGATGTCGCTTTC-1_GSM4013387",0.767797909966424
"GCACTCTCATTCACTT-1_GSM4013387",0.467152611191859
"TTCGGTCAGACAAAGG-1_GSM4013387",0.738902335624412
"TCGCGAGGTATTACCG-1_GSM4013387",0.438774634122382
"GCATGATGTTATCCGA-1_GSM4013387",0.567040158782203
"TGATTTCGTATCAGTC-1_GSM4013387",0.892360508546663
"CTGATCCAGAGTACAT-1_GSM4013387",0.568045440175869
"ACACCGGTCACCCGAG-1_GSM4013387",0.446505963634291
"GGCGTGTTCCTGTAGA-1_GSM4013387",0.252443091061814
"GGGACCTTCCAGGGCT-1_GSM4013387",0.433353429586273
"GTTACAGAGGTAGCTG-1_GSM4013387",0.37992686046256
"ATTATCCGTGGTTTCA-1_GSM4013387",0.385658738544831
"TCATTTGGTCCGCTGA-1_GSM4013387",0.411457357615728
"CAGCTGGTCGCAAACT-1_GSM4013387",0.248679490263878
"GATCAGTTCAGCTCTC-1_GSM4013387",0.713740130077599
"AGAGTGGAGGCTAGAC-1_GSM4013387",0.515996065404952
"AGCTTGACAGTAAGAT-1_GSM4013387",0.835365408679038
"ATTGGTGTCGTCCGTT-1_GSM4013387",0.531698163879005
"GTACTTTAGCTAGGCA-1_GSM4013387",0.502352331180812
"GCACATAGTTCCTCCA-1_GSM4013387",0.499369272581603
"TACCTATCAGCCACCA-1_GSM4013387",0.507877802670043
"AGAGCTTCAGCCAGAA-1_GSM4013387",0.434097763990759
"CATCAGATCCCTCTTT-1_GSM4013387",0.450725467152028
"GAGTCCGAGCGTTCCG-1_GSM4013387",0.370139289249282
"TCATTACGTGCCTGGT-1_GSM4013387",0.28697102882193
"CGGACGTCACACATGT-1_GSM4013387",0.427994944546112
"GTACTCCGTGAGGGAG-1_GSM4013387",0.503252201860592
"GAATAAGCAAGCTGGA-1_GSM4013387",0.957515408294243
"TCCCGATTCACAATGC-1_GSM4013387",0.444148933123126
"ACGAGGATCAGAGGTG-1_GSM4013387",0.466156432885809
"TCGTACCAGTTTAGGA-1_GSM4013387",0.270325586326057
"GGCAATTTCTTGCAAG-1_GSM4013387",0.629810165341323
"CATCGGGAGTGTACCT-1_GSM4013387",0.482007985710145
"GCAGCCAAGACTACAA-1_GSM4013387",1.06266207003379
"ACGGCCAAGTCAAGCG-1_GSM4013387",0.927371079063539
"CACCAGGAGAGAGCTC-1_GSM4013387",0.722814199269068
"GGATTACCATGACGGA-1_GSM4013387",0.475821708798916
"GTCGTAACATTTGCCC-1_GSM4013387",0.487693806116637
"TCGTACCCATCACAAC-1_GSM4013387",0.396402423946692
"ACACCCTAGACTCGGA-1_GSM4013387",0.751359363683021
"TCGAGGCTCCAGTAGT-1_GSM4013387",0.426801621182496
"GTACTCCAGTTGAGTA-1_GSM4013387",0.815842357664473
"CGGCTAGGTTCATGGT-1_GSM4013387",0.625275760754564
"TTTATGCGTATAATGG-1_GSM4013387",0.636132466301969
"AGCGGTCAGTTCGATC-1_GSM4013387",0.124681476363147
"CTCAGAAAGTTCGCAT-1_GSM4013387",0.228205660702426
"GTCATTTAGTGGAGTC-1_GSM4013387",0.507575416655261
"GACTAACAGATCACGG-1_GSM4013387",0.41621785025811
"AAGGCAGTCAATCTCT-1_GSM4013387",0.394470684200212
"GCACTCTGTGAGGCTA-1_GSM4013387",0.845235016971691
"TCGCGAGCAATGCCAT-1_GSM4013387",0.581449921562863
"AGGCCGTCATGTAAGA-1_GSM4013387",0.484426465759992
"CAACCAAGTGCCTTGG-1_GSM4013387",0.502880757816201
"CTGTTTAGTCTGCGGT-1_GSM4013387",0.278580979011027
"CACCACTGTATTACCG-1_GSM4013387",0.595003276753938
"GGGCACTTCCATTCTA-1_GSM4013387",0.428801848596854
"CCATGTCTCTCTTATG-1_GSM4013387",0.277258843574005
"TTGGAACAGTGTGGCA-1_GSM4013387",0.842098442433917
"TCGGGACGTGATGTGG-1_GSM4013387",0.328569118806351
"TTTCCTCCATTGGCGC-1_GSM4013387",0.490689187108256
"CAACTAGAGCTAGGCA-1_GSM4013387",0.54196752835164
"CGGACGTCAGCCTTGG-1_GSM4013387",0.14426735177308
"GGCCGATAGATATGCA-1_GSM4013387",0.417972808383697
"TGGCGCACACACCGAC-1_GSM4013387",0.254830162710898
"CACACAAAGCTGTTCA-1_GSM4013387",0.594006529859693
"GGCTCGACACGTCTCT-1_GSM4013387",0.601631095542577
"CACCTTGGTGCAACGA-1_GSM4013387",0.661623463703573
"CAAGGCCTCGCGTAGC-1_GSM4013387",0.843938506769193
"TGCTGCTAGGACGAAA-1_GSM4013387",0.273187853612042
"ACCCACTCACCTGGTG-1_GSM4013387",0.367318458246946
"AATCCAGGTCACCCAG-1_GSM4013387",0.541961340656017
"GTGAAGGAGTAGGCCA-1_GSM4013387",0.399743854018706
"ACCAGTACATTCACTT-1_GSM4013387",0.4707865860755
"GCTTCCAGTGAGTATA-1_GSM4013387",1.12108852906135
"TGGGCGTGTATGCTTG-1_GSM4013387",0.334991543221595
"TAAGCGTCAACACGCC-1_GSM4013387",0.661784292182026
"ATCCGAATCGTGACAT-1_GSM4013387",0.698001088904715
"TCAGATGTCTTGTCAT-1_GSM4013387",0.503550331881273
"TCAGATGCAAACTGCT-1_GSM4013387",0.731576529526256
"GGACGTCCAGTTTACG-1_GSM4013387",0.340553741494069
"GACGTTATCACGAAGG-1_GSM4013387",0.603639439383059
"AGTGGGATCATGCAAC-1_GSM4013387",0.822674994404515
"TGGACGCAGCGGATCA-1_GSM4013387",0.723072119746812
"CTCTGGTCAGCCTTGG-1_GSM4013387",0.380155455261736
"TTGACTTGTATATCCG-1_GSM4013387",0.245426387504486
"ACCCACTGTCGCATAT-1_GSM4013387",0.706609244309196
"ATTTCTGGTACACCGC-1_GSM4013387",0.439900015665018
"CGAATGTCAAATACAG-1_GSM4013387",0.171143004415105
"ACTGATGTCCTCCTAG-1_GSM4013387",0.873255942717806
"GTCAAGTGTGTGAAAT-1_GSM4013387",0.375483167184172
"TGAGCATAGTCCAGGA-1_GSM4013387",0.290784253241073
"CGGACGTGTGGTCCGT-1_GSM4013387",0.863979084523828
"GGGACCTTCGGCTTGG-1_GSM4013387",0.273074293191769
"TCATTACGTAGCGTGA-1_GSM4013387",0.746802575189178
"GGCCGATCAATCGGTT-1_GSM4013387",0.790353959170767
"ACTGTCCAGATAGCAT-1_GSM4013387",0.24621632868928
"ACATGGTTCGGGAGTA-1_GSM4013387",0.280732282263643
"ATCATCTTCCCGGATG-1_GSM4013387",0.550496344526613
"CATTCGCCAAGACGTG-1_GSM4013387",0.547216906787181
"GCATACAAGCACAGGT-1_GSM4013387",0.326913329804204
"ATCCACCTCAAACCGT-1_GSM4013387",0.997859146441064
"TACTCATGTATATCCG-1_GSM4013387",0.404781407361537
"AGAATAGGTACTCAAC-1_GSM4013387",1.14745442518305
"CCAATCCGTTGAGGTG-1_GSM4013387",0.978888263807106
"CGTGAGCCAATAAGCA-1_GSM4013387",0.524380944149177
"CGCGTTTTCGGACAAG-1_GSM4013387",0.273619033076915
"AACCGCGGTGTAATGA-1_GSM4013387",0.599379071471836
"CACAGGCGTCAAGCGA-1_GSM4013387",0.778254870179545
"GGGAATGTCTTTAGGG-1_GSM4013387",0.852406505120621
"AGTCTTTGTACAGTGG-1_GSM4013387",0.10062003903589
"ATAGACCCACCAGTTA-1_GSM4013387",0.314165213861382
"GATCGCGAGTCTCAAC-1_GSM4013387",0.408212381912728
"TACTTACAGTCGTTTG-1_GSM4013387",0.714828395332665
"GGACAGACATGTTGAC-1_GSM4013387",0.821325625621005
"GCTGGGTTCTAACTCT-1_GSM4013387",0.466776760141318
"CTACCCACAAACGTGG-1_GSM4013387",0.4318091339161
"AAAGTAGAGGTGCACA-1_GSM4013387",0.370035633711837
"GTTCATTGTCGCATCG-1_GSM4013387",0.371977058432473
"GTCACGGGTATGGTTC-1_GSM4013387",0.616291033796788
"GGTGTTACAGTATGCT-1_GSM4013387",0.445261662354074
"CCAATCCCATGTAAGA-1_GSM4013387",0.946163879676375
"CGGAGCTGTATTCGTG-1_GSM4013387",0.24900412238369
"CGTTAGAAGCAATATG-1_GSM4013387",0.985204013083714
"AATCCAGCACGTCTCT-1_GSM4013387",0.324536518754415
"GTTTCTACAATGAATG-1_GSM4013387",0.347241860824765
"GCATACAAGAACAACT-1_GSM4013387",0.341688652160531
"CCTAGCTCACCAGGCT-1_GSM4013387",0.619056787257406
"GTAACTGCATGCGCAC-1_GSM4013387",0.625457465469888
"TGGCGCACATGGGAAC-1_GSM4013387",0.469701446722051
"CCTCTGACAAAGTCAA-1_GSM4013387",0.605985398958658
"CGAACATGTGAGGCTA-1_GSM4013387",0.781329202374499
"GCAATCATCTAACTTC-1_GSM4013387",0.603743946012934
"ATGCGATGTAAGTAGT-1_GSM4013387",0.609411770684084
"GTGTTAGGTCTAGCCG-1_GSM4013387",0.247338713417508
"GCTTGAACATCCTAGA-1_GSM4013387",0.442365875746294
"AGGGAGTAGATGTAAC-1_GSM4013387",0.589147145277063
"CAACTAGCATCCAACA-1_GSM4013387",0.57290427228994
"CATTCGCGTGATGCCC-1_GSM4013387",0.124306606546045
"AGGTCCGCACGACTCG-1_GSM4013387",0.132145826034601
"TTTCCTCGTTACGACT-1_GSM4013387",0.412064705959546
"ACACCAAAGGACAGCT-1_GSM4013387",1.08137747102227
"TGCTACCGTCGCATAT-1_GSM4013387",0.446096900797458
"GGGTTGCCATGGTTGT-1_GSM4013387",0.583542582194057
"CGTGTCTAGTACTTGC-1_GSM4013387",0.364750522133393
"GACTACATCGTATCAG-1_GSM4013387",0.26490936247114
"CAGGTGCAGGGTCTCC-1_GSM4013387",0.239538546251474
"GCATACAAGGATGCGT-1_GSM4013387",0.591631735481721
"TAAGAGAGTAAGGGAA-1_GSM4013387",0.497966911333862
"TGACTTTGTACTTCTT-1_GSM4013387",0.446518099658332
"GCGCGATCAAGAGGCT-1_GSM4013387",0.770745582763225
"TACTTACCACCCAGTG-1_GSM4013387",0.948999627514425
"GGATGTTAGAGACGAA-1_GSM4013387",0.832783849474039
"CCGTTCATCTCAAACG-1_GSM4013387",0.458222239081498
"CACCACTTCCGAACGC-1_GSM4013387",1.03559274823778
"CAGTAACGTACCCAAT-1_GSM4013387",0.170837997381857
"GACCAATCATGCCCGA-1_GSM4013387",0.22566184462487
"GGTGCGTAGCACCGCT-1_GSM4013387",0.565957968891124
"TTCGGTCGTCTAGAGG-1_GSM4013387",0.500221051597973
"CCGTGGAGTCTAGAGG-1_GSM4013387",0.247369882412417
"CGACTTCTCTCCGGTT-1_GSM4013387",0.434702077868557
"AGTGTCATCAAGGTAA-1_GSM4013387",0.824206600360791
"GGTGTTATCTTTCCTC-1_GSM4013387",0.521167964769223
"TTAACTCCACAACGTT-1_GSM4013387",0.435061302050189
"TACTTGTTCAGGTAAA-1_GSM4013387",0.466469690168431
"ACATGGTAGATGTGTA-1_GSM4013387",0.622553029097513
"CAGATCATCCTAAGTG-1_GSM4013387",0.928749982631031
"GATTCAGTCTTTCCTC-1_GSM4013387",0.46933350191343
"GATCTAGCAAGAGTCG-1_GSM4013387",0.248633410802297
"TATCTCAGTCCGAGTC-1_GSM4013387",0.689204225307201
"AACGTTGTCGGTGTCG-1_GSM4013387",0.308196581538524
"GAGCAGAAGTCGATAA-1_GSM4013387",0.737616827671807
"GCGAGAATCGCCGTGA-1_GSM4013387",0.599079892188111
"TCAGGTAGTGACAAAT-1_GSM4013387",0.354878183239959
"CTAGTGACAATCACAC-1_GSM4013387",0.399797032606012
"CAGCGACGTTATCACG-1_GSM4013387",0.958405274000113
"GGACAAGCACGAAGCA-1_GSM4013387",0.72370558740638
"GATCGCGTCTGTACGA-1_GSM4013387",0.800080140784093
"AGAGTGGGTCGCGAAA-1_GSM4013387",0.0575260636223731
"CACCAGGAGACGACGT-1_GSM4013387",0.547923491849399
"TGGTTAGGTTGAGGTG-1_GSM4013387",0.215200096702291
"CTGCTGTGTTGGTAAA-1_GSM4013387",0.388992763976412
"CGGGTCAAGTTAAGTG-1_GSM4013387",0.101435248156626
"TGGACGCCACTTCTGC-1_GSM4013387",0.489100073673938
"CTGTGCTCAGATCGGA-1_GSM4013387",0.419827269583831
"TACTTACAGCAATCTC-1_GSM4013387",0.706935518619564
"ACATGGTTCTGTTGAG-1_GSM4013387",0.162961452038105
"TCAACGAGTATCACCA-1_GSM4013387",0.316547965243637
"CAGTCCTGTGTCAATC-1_GSM4013387",0.363490919641997
"AGCTTGAGTCCGTCAG-1_GSM4013387",0.785003444950972
"GACGGCTTCAAGAAGT-1_GSM4013387",0.65221014316634
"TTTATGCAGCAATCTC-1_GSM4013387",0.622769865468605
"ACGATACCATTGGCGC-1_GSM4013387",0.388417230938344
"CCCATACCATAGAAAC-1_GSM4013387",0.793409889465535
"TACGGGCCAATGCCAT-1_GSM4013387",0.627851982436648
"GATCGATGTTGTTTGG-1_GSM4013387",0.692413912982098
"AAACGGGAGCGATGAC-1_GSM4013387",0.616394860162961
"AGGCCGTGTACCGGCT-1_GSM4013387",0.978809456135698
"TACGGATCACTTAACG-1_GSM4013387",0.262944036665749
"GCATACAGTCTGATTG-1_GSM4013387",0.249861405305316
"TGCACCTAGGATGGTC-1_GSM4013387",0.464629816764635
"TGGCGCAGTATTAGCC-1_GSM4013387",0.841824953596219
"GGGAATGAGCGTCAAG-1_GSM4013387",0.458540972445057
"GATGCTAAGCTAGCCC-1_GSM4013387",0.829527116080575
"GCAGTTAAGCTGCCCA-1_GSM4013387",0.405800199874548
"GAGTCCGAGTCATGCT-1_GSM4013387",0.352108530542098
"TAAACCGAGAGCTATA-1_GSM4013387",1.0076068275936
"TAAGAGATCACAAACC-1_GSM4013387",0.442224942886731
"CGTTGGGCAGACAGGT-1_GSM4013387",0.54876252654984
"AGGTCATGTACGCACC-1_GSM4013387",0.28742714760534
"GGTATTGTCCTAGTGA-1_GSM4013387",0.0460515911302998
"TCGGTAAAGACAGAGA-1_GSM4013387",0.422178555083317
"GGCGACTAGACTACAA-1_GSM4013387",0.245831557242213
"AGCAGCCTCGTAGGTT-1_GSM4013387",0.399020164009537
"CCATTCGCAGTAGAGC-1_GSM4013387",0.244186808472097
"AAGGAGCTCTCTGAGA-1_GSM4013387",0.847548797388521
"CGCCAAGAGACTAGAT-1_GSM4013387",0.387158126993635
"CTAGTGACACGAAGCA-1_GSM4013387",0.35004124174746
"AGTAGTCGTAAACGCG-1_GSM4013387",0.799761833399846
"TTCTCCTAGTACGCGA-1_GSM4013387",0.847770236266256
"GATTCAGCACATTTCT-1_GSM4013387",0.87356927929556
"CTAAGACCAATTGCTG-1_GSM4013387",0.48080834718758
"GTGCTTCGTGGCGAAT-1_GSM4013387",0.192063285475932
"TCATTTGGTACCAGTT-1_GSM4013387",0.32018096855086
"AACGTTGAGCGTGTCC-1_GSM4013387",0.652152567522901
"TGACAACGTTCATGGT-1_GSM4013387",0.703843413847238
"TGACAACGTAAGAGGA-1_GSM4013387",0.963642635648404
"CGCTTCAGTATAGGTA-1_GSM4013387",0.78685857897056
"CTGTGCTCAGCCTTTC-1_GSM4013387",0.219584002606369
"TGTTCCGAGGTGATAT-1_GSM4013387",0.60574103256697
"TGCTGCTAGCATCATC-1_GSM4013387",0.278006478960609
"GTCCTCATCCGTAGGC-1_GSM4013387",0.363784656571205
"AAGTCTGAGTTTAGGA-1_GSM4013387",0.48154385762855
"AGAGCGAGTGACGGTA-1_GSM4013387",0.280989956574181
"CGGAGCTCACGGTAGA-1_GSM4013387",0.25396979547273
"CGAGAAGTCATGCATG-1_GSM4013387",0.106079485509213
"CGGAGTCTCTTCAACT-1_GSM4013387",0.233999257341306
"TCGCGAGAGGCGCTCT-1_GSM4013387",0.286556223859205
"ACGGGCTTCTAACTCT-1_GSM4013387",0.306064625806955
"TTGCGTCAGTGTTTGC-1_GSM4013387",0.224556495231431
"TGCCCTAGTTGTACAC-1_GSM4013387",0.637426377177705
"AGGGAGTAGGGATACC-1_GSM4013387",0.436506124254331
"TTATGCTGTCCGAACC-1_GSM4013387",0.48472338470681
"GTTACAGAGATCTGCT-1_GSM4013387",1.01672692914547
"GACGTGCTCATGTCTT-1_GSM4013387",0.243337902128826
"CGTGTCTAGGATGGAA-1_GSM4013387",0.608145096006877
"CGATGTAAGCCCGAAA-1_GSM4013387",0.276905269893169
"CGGACTGTCAGTTTGG-1_GSM4013387",0.897063081961178
"GTACTCCGTTGTTTGG-1_GSM4013387",0.852173902764778
"CGAGCCAGTAATAGCA-1_GSM4013387",0.220802352380238
"ATTCTACTCAACCATG-1_GSM4013387",0.232663940103638
"ACGGGTCTCCTAGTGA-1_GSM4013387",0.842934005018312
"AACCGCGAGTCATCCA-1_GSM4013387",0.304878339204301
"AGTGTCAGTGGTCTCG-1_GSM4013387",0.629780782219706
"TTGTAGGTCCATGAAC-1_GSM4013387",0.12395253816111
"CAGCGACTCCTCAACC-1_GSM4013387",0.768306494430234
"AGGTCCGGTTGGGACA-1_GSM4013387",0.876745244622674
"GCAGCCAAGGGAACGG-1_GSM4013387",0.473624548879647
"GTTCGGGCACGCGAAA-1_GSM4013387",0.291315829630312
"ACGGAGACATGTTCCC-1_GSM4013387",0.871297336850397
"TACCTTAAGTACGCGA-1_GSM4013387",0.706449692183421
"ACATACGGTCGAATCT-1_GSM4013387",0.491451395431705
"TCACAAGAGTGGGCTA-1_GSM4013387",0.876906045555547
"TAGGCATTCGGATGTT-1_GSM4013387",0.695040787243698
"TTGGCAACATGCCTTC-1_GSM4013387",0.356757322701957
"GAATAAGGTACGAAAT-1_GSM4013387",0.692702386468187
"AGAATAGTCTGTACGA-1_GSM4013387",0.567767390934796
"GGAAAGCAGTACGTTC-1_GSM4013387",0.858202009293887
"CGCGGTACAGTAAGCG-1_GSM4013387",0.251983677532042
"CGAATGTAGATAGCAT-1_GSM4013387",0.465750999961834
"TCGTAGATCATCGGAT-1_GSM4013387",0.648231788878364
"GTCGGGTCAGCTGCTG-1_GSM4013387",0.715209451059303
"AGCTCTCAGCCACCTG-1_GSM4013387",0.769918677455919
"ATCTACTTCGCGTAGC-1_GSM4013387",0.254143518170916
"AGGCCACGTTTAAGCC-1_GSM4013387",0.193051993043183
"GTCATTTTCATTCACT-1_GSM4013387",0.722685220348795
"GTTACAGAGGGAACGG-1_GSM4013387",0.575436691386362
"CCACCTACATCCGCGA-1_GSM4013387",0.609057329261407
"CCGGTAGAGGTGGGTT-1_GSM4013387",0.278112595411788
"CCTAAAGAGGTCGGAT-1_GSM4013387",0.180438707138659
"GGATGTTGTTCAGGCC-1_GSM4013387",0.246519002345992
"CGCCAAGCACATCCGG-1_GSM4013387",0.208173264035394
"TTCTCAAAGTTACCCA-1_GSM4013387",0.186690794226037
"TGGTTAGAGTCCTCCT-1_GSM4013387",0.774962954297731
"TGGCTGGTCAGTTTGG-1_GSM4013387",0.468663286425208
"CAGAATCCAGGAACGT-1_GSM4013387",0.917574278243506
"TTCGAAGAGGCGATAC-1_GSM4013387",0.305064951773144
"GGGAGATGTCATATCG-1_GSM4013387",0.322997173904388
"GACTACACAAGTAGTA-1_GSM4013387",0.38062738904734
"GTGGGTCCAAGTTCTG-1_GSM4013387",0.446611265400796
"CTCTGGTAGACTAAGT-1_GSM4013387",0.118234720504404
"TCTCATACAATCCAAC-1_GSM4013387",0.949754974455407
"CTGAAGTGTACATCCA-1_GSM4013387",0.532807608480865
"CGTAGCGAGGGTATCG-1_GSM4013387",0.678049672202004
"CGACTTCCAAGCGAGT-1_GSM4013387",0.518983061212158
"TCTTCGGGTGTCCTCT-1_GSM4013387",0.923582295461236
"CGCTATCAGAATGTTG-1_GSM4013387",0.541489542965448
"TGCTGCTAGAATGTGT-1_GSM4013387",0.844529588775606
"CCATGTCGTTATCGGT-1_GSM4013387",0.467964742024361
"TGCCCATTCCTCTAGC-1_GSM4013387",0.85468439768129
"GGGAATGGTGGTACAG-1_GSM4013387",0.560167259271963
"TTCTTAGCAATAACGA-1_GSM4013387",0.238504113828258
"CATCAAGAGCGATATA-1_GSM4013387",0.431625421038373
"TTAACTCTCGTCTGCT-1_GSM4013387",0.750093800487579
"ACTTTCAGTGTTGGGA-1_GSM4013387",0.531894309521117
"TCTTTCCCAAGGACTG-1_GSM4013387",0.465456921785642
"TCTCATAGTCCTAGCG-1_GSM4013387",0.842767150976002
"TTCTTAGAGCGCTTAT-1_GSM4013387",0.10146816378909
"GGAGCAACATGCCCGA-1_GSM4013387",0.808797554259686
"AGCGTATGTATCACCA-1_GSM4013387",0.386899730150607
"CAGGTGCGTCCAGTAT-1_GSM4013387",0.688206540321656
"CATATGGTCTCCCTGA-1_GSM4013387",0.325111962114762
"CACAGGCCACCAGGTC-1_GSM4013387",0.518830844309439
"CGTCACTGTGAAATCA-1_GSM4013387",0.424734137940671
"CCAGCGATCTTATCTG-1_GSM4013387",0.690821439293992
"CGTCACTGTTAAAGAC-1_GSM4013387",0.7223538635217
"CTGTGCTGTTAAGATG-1_GSM4013387",0.0927620169672058
"TACTTGTGTCTTCAAG-1_GSM4013387",0.821290544579462
"TTATGCTAGGAATTAC-1_GSM4013387",0.890878094971324
"GGTATTGCATATACGC-1_GSM4013387",0.499125718342676
"CAGTCCTAGACCACGA-1_GSM4013387",0.448281613142812
"GATGCTACAGCTGCTG-1_GSM4013387",0.752594335425866
"CAGCCGAAGGGATGGG-1_GSM4013387",0.757201753588774
"GCCTCTATCCGCAAGC-1_GSM4013387",0.449760467132228
"GGAGCAAAGTGAACGC-1_GSM4013387",0.634926032918512
"AGGTCCGTCACATAGC-1_GSM4013387",0.817340300779171
"CAACCAAAGAAAGTGG-1_GSM4013387",0.750897431562068
"CATGACATCACTCTTA-1_GSM4013387",0.0838488556199617
"TTGACTTTCCTGCAGG-1_GSM4013387",0.659115035693049
"AAAGCAAGTACGAAAT-1_GSM4013387",0.572963429491887
"TTCTTAGTCGTCGTTC-1_GSM4013387",0.351962941730582
"TCACAAGTCACCACCT-1_GSM4013387",0.785593437488417
"CAACCAATCGCCAAAT-1_GSM4013387",0.348361099991463
"GGTGCGTAGAAACGAG-1_GSM4013387",0.20454403853163
"AGCTCTCTCTGGTTCC-1_GSM4013387",0.686696251451905
"ACATCAGCAATAACGA-1_GSM4013387",0.465988237852649
"ATCTACTTCTGTACGA-1_GSM4013387",0.391188426593526
"AAACGGGCATGTCCTC-1_GSM4013387",0.771759030278043
"AGACGTTTCTGTACGA-1_GSM4013387",0.944011623613856
"CGCTATCAGAACAATC-1_GSM4013387",0.850817594206744
"AGTCTTTCAGGTGGAT-1_GSM4013387",0.815406435335892
"GAACCTACACTATCTT-1_GSM4013387",0.843500002488846
"CTGAAGTTCAGGCCCA-1_GSM4013387",0.718703014676252
"TTATGCTAGGGCTTGA-1_GSM4013387",0.976791065186993
"TATCTCAGTAATCGTC-1_GSM4013387",0.627130592406555
"CAGCTGGTCAACACCA-1_GSM4013387",0.958119453501658
"GCATGCGGTCATCGGC-1_GSM4013387",0.487052250780721
"AGTGTCAAGGAGTAGA-1_GSM4013387",0.743983171830031
"AGCGGTCTCCCTGACT-1_GSM4013387",0.799805875533
"ACGAGGAGTTGGGACA-1_GSM4013387",0.795390324338414
"AAGACCTTCCGCGGTA-1_GSM4013387",0.818775528652358
"ATCATCTAGTAAGTAC-1_GSM4013387",0.615098780507517
"CGTCAGGCATCTATGG-1_GSM4013387",0.764400126095338
"TAGTTGGCAGTAGAGC-1_GSM4013387",0.812779491867012
"TTTATGCCAGTCACTA-1_GSM4013387",0.742899544686473
"CACCTTGCAAGCCGTC-1_GSM4013387",0.625580630043347
"TCGTACCAGGGTCGAT-1_GSM4013387",0.693246276556254
"CTCGGAGCACCCATTC-1_GSM4013387",0.698375086666939
"CAGTAACAGCCGTCGT-1_GSM4013387",1.09291846002252
"ACCAGTAAGGCCGAAT-1_GSM4013387",0.696987931836605
"CGAGCACCAGGTGCCT-1_GSM4013387",0.750753399038519
"GTCACGGTCGCCGTGA-1_GSM4013387",0.788176658448724
"CACTCCAAGACTGTAA-1_GSM4013387",0.791637724939655
"CTACATTTCTACCAGA-1_GSM4013387",0.959207969552376
"AGAGTGGTCGCTAGCG-1_GSM4013387",0.464653606536144
"AGATCTGCAATGGTCT-1_GSM4013387",0.735537343427957
"TATCTCACAAGGTTCT-1_GSM4013387",0.694605563936262
"CATCGAACAAGGTGTG-1_GSM4013387",0.61117538227211
"GATCTAGCACGGTAAG-1_GSM4013387",0.632833655069195
"TGTGTTTTCACGACTA-1_GSM4013387",0.887287946210045
"AGCCTAACAGACAAAT-1_GSM4013387",0.711823482505536
"AGTGTCAGTAGGCTGA-1_GSM4013387",0.623800526375959
"GCACTCTTCAGGATCT-1_GSM4013387",0.893892942528336
"ATAACGCGTTACTGAC-1_GSM4013387",0.790694767308848
"GCATGATCATCGGGTC-1_GSM4013387",0.483499401269282
"CTCTAATAGTGTACGG-1_GSM4013387",0.562562310390089
"CTGTTTAGTCTTGCGG-1_GSM4013387",0.62357912910022
"CAGCTAAAGGAGTTTA-1_GSM4013387",0.676593198382562
"CACAGTAGTACGCTGC-1_GSM4013387",0.635968717814199
"CCTCTGAAGAGACTTA-1_GSM4013387",0.905741985666692
"TTCTTAGCACAGCCCA-1_GSM4013387",0.920669127558899
"CACTCCAGTGCAGGTA-1_GSM4013387",0.687426888559505
"ATAACGCGTTAAGTAG-1_GSM4013387",0.471570919866241
"TGTCCCATCCTAGAAC-1_GSM4013387",0.671313728099545
"TACCTTAAGCCAGGAT-1_GSM4013387",0.508039919468027
"CTGTTTAGTACCAGTT-1_GSM4013387",0.741437973688674
"GCCAAATCAGTGGAGT-1_GSM4013387",0.768352128815773
"AACTCAGTCGTAGGTT-1_GSM4013387",0.71416983389012
"TAAGAGACAGAGCCAA-1_GSM4013387",0.642203261832281
"GAAGCAGTCCCATTAT-1_GSM4013387",0.67826795864905
"TAGCCGGAGACAAAGG-1_GSM4013387",0.835372318802523
"CATGGCGTCGTGGACC-1_GSM4013387",0.586316036575475
"CTACACCCACAGGCCT-1_GSM4013387",0.97372495005323
"GGATTACCAGCCTTGG-1_GSM4013387",0.82939872631533
"ACACTGATCACCTTAT-1_GSM4013387",0.69138775326637
"CAGCTAAGTGTTAAGA-1_GSM4013387",0.527681850518947
"CACAGTAGTTATTCTC-1_GSM4013387",0.538249871019179
"CCTAAAGGTCCAACTA-1_GSM4013387",0.723614498630288
"TAGTGGTGTAATAGCA-1_GSM4013387",0.590390702636163
"CTACATTGTGTTCTTT-1_GSM4013388",1.49357973028132
"CGGGTCAGTAACGCGA-1_GSM4013388",1.56596606597211
"AAATGCCAGTGATCGG-1_GSM4013388",1.56735465267511
"GACCTGGCACGTAAGG-1_GSM4013388",1.32887208439041
"AGGCCGTGTACAGTTC-1_GSM4013388",1.60100686899561
"AACACGTAGCCTATGT-1_GSM4013388",1.44319225679246
"CTAACTTCATTACCTT-1_GSM4013388",1.50748856330802
"CAGCATAGTAAAGTCA-1_GSM4013388",1.41079374977007
"GGGAGATGTTTGTTGG-1_GSM4013388",1.52903412830159
"ACGCCGACACGTCAGC-1_GSM4013388",1.58192584274682
"CTCGTACGTGACGCCT-1_GSM4013388",1.52552606310937
"TACAGTGCATGCGCAC-1_GSM4013388",1.44560642061683
"AGGTCATAGTGTACCT-1_GSM4013388",1.52077902691629
"CAGCTAAAGGCTCTTA-1_GSM4013388",1.52839867562658
"AGAATAGTCGGTGTCG-1_GSM4013388",1.49268248200335
"TAGTTGGCAAGGACTG-1_GSM4013388",1.48362558604733
"GCAAACTGTGTGGCTC-1_GSM4013388",1.5251616041357
"GTACGTAGTTCGAATC-1_GSM4013388",1.48503382277179
"TTATGCTGTCTCTCGT-1_GSM4013388",1.36334385039537
"ACCCACTTCCAGATCA-1_GSM4013388",1.47583535900044
"GTTACAGAGCGTTGCC-1_GSM4013388",1.44279869331122
"CATCAGAAGAATGTTG-1_GSM4013388",1.46115974631519
"CATCGAATCGCTGATA-1_GSM4013388",1.67317602508325
"CGGACGTCAGCTCGCA-1_GSM4013388",1.48469882128413
"CGTGAGCGTGTCGCTG-1_GSM4013388",1.52161450321196
"ATAACGCAGCGTGAAC-1_GSM4013388",1.65359534730279
"AGAGCGATCAGCTCGG-1_GSM4013388",1.44983160438278
"TCTTCGGAGGCTAGGT-1_GSM4013388",1.53174548272367
"GGCGTGTTCAGCGACC-1_GSM4013388",1.50411377716578
"CAAGGCCGTGCCTGTG-1_GSM4013388",1.41987327431168
"CATGACACAATGGATA-1_GSM4013388",1.53777466652464
"CCTTCCCGTACCGCTG-1_GSM4013388",1.43107999149535
"CCGTGGACAAACGTGG-1_GSM4013388",1.58980511702374
"TTGACTTAGTGCTGCC-1_GSM4013388",0.871070783225009
"GCGCCAAGTTACTGAC-1_GSM4013388",1.3934452918285
"TAGTTGGCAATCTGCA-1_GSM4013388",1.43358006798742
"GCGCAACCACTATCTT-1_GSM4013388",1.34210340970205
"CTGAAACTCACAAACC-1_GSM4013388",1.44050527569863
"GGAGCAAAGTGGGATC-1_GSM4013388",1.50924002553001
"AATCGGTGTAAAGTCA-1_GSM4013388",0.940774495303025
"GATCAGTTCTGCTGTC-1_GSM4013388",1.36769349678332
"ATCACGACATTAGCCA-1_GSM4013388",1.4962509645086
"TCACAAGCAATCAGAA-1_GSM4013388",1.44863405736733
"CACCAGGGTTCCACGG-1_GSM4013388",1.48320126616724
"AGATCTGGTGTAATGA-1_GSM4013388",1.42904940387947
"GCTGCGACACTTAACG-1_GSM4013388",1.52433016061684
"CGTTCTGAGATGTCGG-1_GSM4013388",1.57713618829449
"CCTTCGATCGCATGGC-1_GSM4013388",1.43844925782541
"GTTCGGGCACCAGGTC-1_GSM4013388",1.43917500553105
"GTTCGGGTCGATAGAA-1_GSM4013388",1.41933262050796
"TCCACACTCGCATGAT-1_GSM4013388",1.48034904497586
"ATCATGGCACCGAAAG-1_GSM4013388",1.50624025051539
"ACGATACGTTAAAGAC-1_GSM4013388",1.48513721715811
"TGCTACCCAGCATACT-1_GSM4013388",1.44615717775183
"GCGCGATTCGCCCTTA-1_GSM4013388",1.39806799264296
"GCTCCTATCCTCCTAG-1_GSM4013388",0.914686952370364
"TCGGTAACAGGAATCG-1_GSM4013388",0.793723127233796
"TCACAAGAGATCTGAA-1_GSM4013388",1.48026119310018
"CCGGGATAGTGCGATG-1_GSM4013388",1.47644863249032
"CTAATGGCATACCATG-1_GSM4013388",0.916623553648391
"TATCAGGTCGGCCGAT-1_GSM4013388",1.39586379680773
"TTAGGACTCTAACCGA-1_GSM4013388",1.43122310478124
"CATGACACATATACCG-1_GSM4013388",1.40724359888612
"GGAGCAATCGTACCGG-1_GSM4013388",0.685178792496069
"TGTCCCACATAGGATA-1_GSM4013388",0.697065290768124
"GCTGCTTAGAGCTGGT-1_GSM4013388",1.46951806424063
"CGCCAAGCAGTCCTTC-1_GSM4013388",1.37771737272422
"GGGATGATCCTGCAGG-1_GSM4013388",1.36112163174276
"AAAGCAACAGCATGAG-1_GSM4013388",0.922858476593637
"TACGGATAGAGGGCTT-1_GSM4013388",1.33300643328032
"CGTAGCGCATTAGGCT-1_GSM4013388",1.33076281078268
"TGACTTTTCCCTCTTT-1_GSM4013388",1.35258745664031
"CGTTGGGTCCTACAGA-1_GSM4013388",1.46568906526582
"GAGCAGAGTCTCGTTC-1_GSM4013388",1.50199543833719
"GTTAAGCCACATGTGT-1_GSM4013388",1.41083883155315
"TAAGAGAGTCTCCATC-1_GSM4013388",1.35175771760467
"CCTATTATCTGTGCAA-1_GSM4013388",1.2646543895905
"CCTTACGTCGGATGGA-1_GSM4013388",1.47095410993752
"ATCCACCTCGACAGCC-1_GSM4013388",0.879806353378175
"TGGTTAGTCCGTCATC-1_GSM4013388",1.38578000213435
"CTGCTGTAGTGGACGT-1_GSM4013388",1.25367368235616
"CGGAGCTGTCGCTTTC-1_GSM4013388",0.645058818482857
"CTAGTGACACCTATCC-1_GSM4013388",1.47343947970431
"GTGCAGCAGAGTGACC-1_GSM4013388",0.940204856157045
"TCGTACCAGGCCATAG-1_GSM4013388",0.799720399962426
"TCGAGGCCAATCCGAT-1_GSM4013388",1.39118413843397
"AACACGTTCAACGGGA-1_GSM4013388",0.787077865481006
"CTGCGGACAGCTCCGA-1_GSM4013388",1.36270064120819
"GACGGCTTCGGAAACG-1_GSM4013388",1.34708895878924
"CACATTTAGCGTGAAC-1_GSM4013388",1.35432098529909
"CGTAGCGAGCTTATCG-1_GSM4013388",1.47863738584666
"GTGTGCGAGGGAAACA-1_GSM4013388",1.40519410465988
"ATGCGATAGCCAGGAT-1_GSM4013388",1.47539652244777
"ATCACGACACTGTCGG-1_GSM4013388",1.37165119635139
"GGTGTTAAGAAGGTGA-1_GSM4013388",1.27655310688283
"GCATGATAGTGTCCAT-1_GSM4013388",1.31820800367123
"ACGATACCAAGCTGGA-1_GSM4013388",1.4704202370903
"AGGCCGTTCTAACTGG-1_GSM4013388",1.31219252462438
"GTCATTTAGGCATTGG-1_GSM4013388",1.32741580365237
"CCGGGATTCTGCGACG-1_GSM4013388",1.35923781680751
"ACCAGTAGTTCCATGA-1_GSM4013388",1.47378952542586
"CTGCCTATCCAAAGTC-1_GSM4013388",0.80049860582674
"ATTGGTGAGCGTTCCG-1_GSM4013388",0.826911979623205
"ATTTCTGTCCGCGCAA-1_GSM4013388",1.24151153956385
"ACCCACTTCTTTACGT-1_GSM4013388",1.47436287324592
"GCATACATCGGTCTAA-1_GSM4013388",1.4429038343143
"AAGACCTTCGGTTCGG-1_GSM4013388",1.52418837130166
"GCTGCTTAGAACTCGG-1_GSM4013388",0.641296230538305
"TACTTGTAGATAGGAG-1_GSM4013388",1.11047349358753
"CCTCAGTAGGATTCGG-1_GSM4013388",1.38773067207066
"TATCAGGCAAGCGTAG-1_GSM4013388",1.36710764976888
"GGGTCTGAGAATCTCC-1_GSM4013388",1.4716193669067
"AGGTCATCACCATCCT-1_GSM4013388",0.848062082174567
"TGAGGGATCTCAACTT-1_GSM4013388",1.37325674053071
"AGCGGTCCAGACGCCT-1_GSM4013388",0.829562846747567
"GCACATACAGCTATTG-1_GSM4013388",1.33424840641654
"GTTCTCGTCCGCATCT-1_GSM4013388",1.39560579027715
"AGGCCGTGTGAAAGAG-1_GSM4013388",1.43593631383653
"ATGAGGGCAGCTCGAC-1_GSM4013388",1.42529728577895
"CGCCAAGTCGAACGGA-1_GSM4013388",1.30782713500644
"TTCGAAGAGGTCGGAT-1_GSM4013388",1.49063187890017
"TATTACCCAGTATAAG-1_GSM4013388",1.34374642269945
"ATTCTACTCGAGGTAG-1_GSM4013388",1.35837696145833
"CGTCAGGGTCCCTTGT-1_GSM4013388",1.24358018413861
"CTGCGGAAGGATCGCA-1_GSM4013388",0.8186147567584
"ACGAGCCCAATAGCGG-1_GSM4013388",1.17931819140844
"ACGCAGCTCCCTAATT-1_GSM4013388",1.12510043595934
"TCTTCGGGTTAGATGA-1_GSM4013388",1.30435780143267
"CTGAAACTCGGTGTTA-1_GSM4013388",0.938227814789935
"AGCGTATGTGAGGCTA-1_GSM4013388",1.37824254007636
"CCGTGGACATTCTTAC-1_GSM4013388",1.28487632200511
"AGAGCTTTCAGTGCAT-1_GSM4013388",0.72983996253281
"AAAGCAAGTGTTTGTG-1_GSM4013388",1.3709695180288
"GTTCATTGTCTAGCCG-1_GSM4013388",1.23562589205785
"TACACGAAGCTGGAAC-1_GSM4013388",1.47912096732725
"GAGGTGATCACCTCGT-1_GSM4013388",0.810516690512674
"CTAACTTTCCAAGCCG-1_GSM4013388",1.3404403997528
"GCTCCTATCCTTGCCA-1_GSM4013388",1.38486306553037
"ATTTCTGTCGGCCGAT-1_GSM4013388",1.3014923774039
"GCAATCAGTTGTCTTT-1_GSM4013388",1.43239973252279
"ACAGCTACAGAGTGTG-1_GSM4013388",1.32087906007476
"CAAGTTGTCTAACTCT-1_GSM4013388",0.893486153925841
"CCTCTGAGTAAGTTCC-1_GSM4013388",0.787838786636011
"CAGAGAGAGTTAACGA-1_GSM4013388",0.757646150882557
"CAGTCCTTCTTCGGTC-1_GSM4013388",0.868617297399848
"CAGAGAGTCAAGCCTA-1_GSM4013388",0.737623446945521
"GCATGATCAGACGCTC-1_GSM4013388",1.34928970691005
"TCTGAGAAGCACGCCT-1_GSM4013388",1.11313660022958
"AACCGCGTCGAACGGA-1_GSM4013388",1.33930575906286
"CCTTACGGTCTCGTTC-1_GSM4013388",0.732803184661336
"AGGGTGAGTTGTTTGG-1_GSM4013388",0.819343730311945
"CGACTTCTCTGTCTAT-1_GSM4013388",0.757607875271419
"GGTGTTAAGAGATGAG-1_GSM4013388",0.744535973972562
"ACTGTCCCACGGATAG-1_GSM4013388",1.2821582535273
"GTATCTTCACTTACGA-1_GSM4013388",1.35889498192746
"GGCGACTCAATCGGTT-1_GSM4013388",0.992413458315208
"CCATGTCGTTAGGGTG-1_GSM4013388",1.24388681034637
"ATGCGATAGGCCCGTT-1_GSM4013388",1.18440564485469
"TACGGATGTCTGATTG-1_GSM4013388",1.43324690670539
"ACCTTTAGTTACTGAC-1_GSM4013388",1.34355837780477
"CTGCGGATCGGCGGTT-1_GSM4013388",1.23132136305999
"CACATTTCAGTAAGAT-1_GSM4013388",1.37596433737617
"GGAAAGCAGAACAATC-1_GSM4013388",1.48003683641954
"AAGGCAGCAATCAGAA-1_GSM4013388",1.05686869955846
"TACACGACATGGGAAC-1_GSM4013388",0.813729375335698
"TCATTACGTAGCGTAG-1_GSM4013388",1.49436212839342
"GTGAAGGGTCTAGTCA-1_GSM4013388",0.989720158396672
"TACTCATTCCCATTTA-1_GSM4013388",1.08063368556276
"CCTTTCTGTCTAAACC-1_GSM4013388",0.947890943084497
"GTTCGGGCACCGGAAA-1_GSM4013388",0.620900918766904
"GAGGTGACATCACAAC-1_GSM4013388",1.36651734825572
"AAGGAGCCAATGCCAT-1_GSM4013388",1.01709063785679
"TGGCCAGAGTGACTCT-1_GSM4013388",1.15614775923933
"CGGAGCTAGCAATATG-1_GSM4013388",1.25374184722782
"CCTCTGAAGGCAAAGA-1_GSM4013388",1.38663055277327
"ACAGCCGTCTGGTATG-1_GSM4013388",1.31504911181281
"GCGACCACATCCGTGG-1_GSM4013388",0.8564297334125
"ATCATGGCAAGCCCAC-1_GSM4013388",1.04443942333632
"CGATTGACAAAGCAAT-1_GSM4013388",1.06926089728616
"TGTGGTACATCTGGTA-1_GSM4013388",0.895580397159791
"TCAGGATGTTCTGGTA-1_GSM4013388",1.12348256876923
"ACCAGTAAGTTCGCAT-1_GSM4013388",0.703000656865349
"CCACCTAGTTCCACAA-1_GSM4013388",0.847983252575312
"ATTGGTGAGGTAGCTG-1_GSM4013388",0.753136514191452
"TGTGGTATCACCCTCA-1_GSM4013388",1.21149865453136
"TATGCCCCATGAGCGA-1_GSM4013388",1.12601609752171
"CTCGAGGAGCAGGCTA-1_GSM4013388",1.20349833981081
"TAGGCATAGATAGGAG-1_GSM4013388",0.658621398103232
"GATCGTACATAACCTG-1_GSM4013388",1.21212188482126
"TAAGTGCAGATGTCGG-1_GSM4013388",0.764337380910652
"TACCTTATCTGCGTAA-1_GSM4013388",1.40407878983183
"GGCGTGTTCTTGGGTA-1_GSM4013388",0.859995708478025
"GACTAACAGGTCATCT-1_GSM4013388",1.32241535449279
"GACTAACAGTCTCAAC-1_GSM4013388",1.32928792266623
"TTCGGTCCAGTACACT-1_GSM4013388",1.12670431033065
"CCCAGTTTCCTACAGA-1_GSM4013388",1.43586737218342
"TTTGGTTCAGCGTCCA-1_GSM4013388",1.42839976414892
"CCTTTCTTCTTATCTG-1_GSM4013388",1.1496632125817
"GATCTAGGTTCCATGA-1_GSM4013388",1.13148731977232
"TGCGGGTGTTTAGGAA-1_GSM4013388",1.10105452240467
"GTGCAGCCATTCTCAT-1_GSM4013388",1.35282262077205
"GCTCCTATCACAACGT-1_GSM4013388",1.09089426838999
"TAGAGCTAGATGTAAC-1_GSM4013388",1.32992549956204
"CGTTAGAGTCCTCTTG-1_GSM4013388",0.983815390245151
"TCGTAGATCTGCGTAA-1_GSM4013388",0.949893726088533
"CATCAAGAGAGCTGGT-1_GSM4013388",0.755398776506826
"CTGCCTATCACCAGGC-1_GSM4013388",1.32509830935579
"AAACCTGAGTGAAGAG-1_GSM4013388",0.899983400491246
"CGATTGAAGGCAGTCA-1_GSM4013388",0.699206309613629
"CGTCCATGTCGAGATG-1_GSM4013388",1.33534749420413
"CGTCAGGGTTATGTGC-1_GSM4013388",0.911136676136969
"ACTGATGAGACATAAC-1_GSM4013388",0.770777998711549
"CCCAGTTAGATGGGTC-1_GSM4013388",0.766021215779473
"GACGCGTTCGTTGACA-1_GSM4013388",0.960211356711118
"TAAGTGCTCTCCTATA-1_GSM4013388",0.722078454335283
"CTTACCGTCGAGGTAG-1_GSM4013388",1.28694939584299
"GGCTGGTAGACAGGCT-1_GSM4013388",0.723430221055595
"GACTAACGTCTAAAGA-1_GSM4013388",1.13172873631316
"TATGCCCGTAGCTTGT-1_GSM4013388",0.447970350626123
"GCAATCAAGGAGTCTG-1_GSM4013388",1.17717427570508
"AAAGCAAGTGCACTTA-1_GSM4013388",0.71988666272406
"ACTTGTTCATGCCCGA-1_GSM4013388",0.80650195723162
"ACGCCGAGTGCAGGTA-1_GSM4013388",1.12960732333819
"AGAATAGCAGGACGTA-1_GSM4013388",1.00568091731408
"AAACGGGTCATCGGAT-1_GSM4013388",1.31353752877421
"CTACACCGTGAAAGAG-1_GSM4013388",1.3463766874108
"GTTAAGCCAGCCTTGG-1_GSM4013388",0.998569679502628
"TTTGCGCTCTCTGAGA-1_GSM4013388",0.972124818567181
"CTCACACTCAAACCAC-1_GSM4013388",1.21962626818358
"TGTGGTATCGTCTGCT-1_GSM4013388",0.698732568409006
"CCGTTCAGTATGCTTG-1_GSM4013388",1.0494050183877
"ACTTACTAGAGTTGGC-1_GSM4013388",0.88184345194246
"CAGCTAATCACTTATC-1_GSM4013388",0.958635254665135
"TCCCGATGTCTGCCAG-1_GSM4013388",1.41563739536421
"TGTATTCGTGTTGAGG-1_GSM4013388",1.2887165272487
"CTTACCGTCGGTGTCG-1_GSM4013388",1.31806016875159
"TACCTATCACATCTTT-1_GSM4013388",1.1940379006142
"ACAGCCGAGCTCCTCT-1_GSM4013388",1.19580922626339
"TTTACTGGTAAGAGAG-1_GSM4013388",0.723907414298621
"CTCGGAGTCCGATATG-1_GSM4013388",0.84037703207936
"CGAGCACAGAGGTTGC-1_GSM4013388",1.31380526976363
"GTTTCTAAGTCGCCGT-1_GSM4013388",1.15799324631196
"GGGACCTAGCGATCCC-1_GSM4013388",0.931921900129193
"ACGTCAACACGCTTTC-1_GSM4013388",1.16506707998189
"GTCTTCGAGCAGGCTA-1_GSM4013388",0.923422113043368
"CGTTAGAGTTCAGACT-1_GSM4013388",1.1610148416322
"CAGCAGCCAACACGCC-1_GSM4013388",1.16325074350794
"GACTAACAGCTAGGCA-1_GSM4013388",1.26890995986671
"ACGGGTCGTTATTCTC-1_GSM4013388",0.994895525929637
"TCAGATGCACTAAGTC-1_GSM4013388",0.747382375946548
"CTTACCGGTACATGTC-1_GSM4013388",1.20233648254938
"TACAGTGAGTTTCCTT-1_GSM4013388",1.09843625012204
"CGGACTGGTTCGCTAA-1_GSM4013388",1.29418517178973
"ACGAGCCGTGAAATCA-1_GSM4013388",0.715350907769556
"CAAGGCCCATCAGTAC-1_GSM4013388",1.25085494478383
"TCAATCTTCTCTGAGA-1_GSM4013388",0.892422298722414
"GGTGAAGGTTCTGGTA-1_GSM4013388",1.15314880388349
"GGTATTGTCTTCCTTC-1_GSM4013388",1.25287088812422
"CAGAATCCAATCAGAA-1_GSM4013388",0.798670486190128
"CCCAATCCAATGTTGC-1_GSM4013388",0.877996150338417
"AACGTTGTCCCTGACT-1_GSM4013388",0.758475312166408
"TGCGCAGTCTCATTCA-1_GSM4013388",0.968078000677697
"CAACTAGGTGACAAAT-1_GSM4013388",1.24560363726603
"CCAGCGACAGGCAGTA-1_GSM4013388",0.852590974475888
"TAAGCGTCATCGGGTC-1_GSM4013388",0.683748638245447
"CAACCTCTCGTAGGTT-1_GSM4013388",1.22988504437398
"TTGACTTTCTCTAAGG-1_GSM4013388",0.858180683217682
"GACTACATCAGTGTTG-1_GSM4013388",1.17871887086985
"AAATGCCTCTTGACGA-1_GSM4013388",1.03255580381101
"ACAGCCGGTTCAGCGC-1_GSM4013388",0.799977506846746
"CATATTCTCCGAAGAG-1_GSM4013388",0.606761827862422
"CGAACATGTCCAAGTT-1_GSM4013388",0.861693408911147
"CGATGTAAGCCGCCTA-1_GSM4013388",1.3959891024507
"GGCTCGAAGCTGTTCA-1_GSM4013388",1.06937587212839
"AGAGCTTGTACAGCAG-1_GSM4013388",0.864836921662214
"CCTACCAAGGATGGAA-1_GSM4013388",1.10757395051196
"GGCAATTGTTCGGCAC-1_GSM4013388",1.18879410514497
"GCACATATCCGCATAA-1_GSM4013388",0.696621253336565
"ACGCCAGAGAGCTTCT-1_GSM4013388",1.2491941103456
"ACATGGTTCATCTGCC-1_GSM4013388",0.818698647436764
"GCATGTATCGAACTGT-1_GSM4013388",0.955272424608193
"GACAGAGTCGCCATAA-1_GSM4013388",0.972195024644791
"CGACCTTAGTCAAGCG-1_GSM4013388",1.11574736176836
"CTACACCAGTATGACA-1_GSM4013388",1.27973130820135
"GAAACTCCATCTATGG-1_GSM4013388",1.3192716493718
"TTCTCAACAGCTGTGC-1_GSM4013388",1.20418362167444
"GGACGTCCACACTGCG-1_GSM4013388",1.1652219247578
"CTCGGAGGTCGAATCT-1_GSM4013388",1.04745163992866
"AGCCTAATCACTGGGC-1_GSM4013388",1.27517411515046
"GGAAAGCAGTGGTCCC-1_GSM4013388",0.782047741587151
"ACCCACTAGCTTCGCG-1_GSM4013388",1.20689400323252
"GTATTCTTCTCGAGTA-1_GSM4013388",0.910396147931846
"CTAACTTGTATAGTAG-1_GSM4013388",0.556550211124185
"GACCTGGTCTTGAGAC-1_GSM4013388",1.23199744114777
"TTGAACGTCCAGGGCT-1_GSM4013388",1.13169124425884
"TCAGATGTCAGTGTTG-1_GSM4013388",1.12024499718032
"GAACATCCACCAGTTA-1_GSM4013388",0.812267087224186
"CGTCACTGTCCGAATT-1_GSM4013388",0.946132384817268
"AGATCTGGTGGCCCTA-1_GSM4013388",1.00968957753508
"GAGGTGAGTTAAGGGC-1_GSM4013388",0.62470065892821
"TGTCCCATCGTACCGG-1_GSM4013388",0.602817954717601
"TTAACTCGTCTACCTC-1_GSM4013388",1.05385767441573
"GACCAATCACAGTCGC-1_GSM4013388",0.911086633219978
"TCATTTGCATCTCGCT-1_GSM4013388",1.28496698438148
"GGAATAAGTATAATGG-1_GSM4013388",0.570185026380888
"GCTCCTAGTAAAGTCA-1_GSM4013388",0.783398912282071
"GGGACCTCAGACGCCT-1_GSM4013388",0.794497329683861
"CATTATCTCCGCGCAA-1_GSM4013388",1.25284459119567
"ACCAGTATCCTTTACA-1_GSM4013388",0.799279047766446
"CACACCTGTTGTACAC-1_GSM4013388",0.953101945580172
"ACACCGGTCTCTAAGG-1_GSM4013388",1.28619669393133
"TGCTACCGTCACCTAA-1_GSM4013388",1.0378380054198
"CAGTCCTTCATGTAGC-1_GSM4013388",0.939635996659355
"GGCTCGACATAAAGGT-1_GSM4013388",1.23212669718207
"GAGGTGAGTCAGAATA-1_GSM4013388",0.420252547980455
"ATGAGGGAGTCGCCGT-1_GSM4013388",0.82121057289141
"AGCCTAACATACGCCG-1_GSM4013388",0.529266536591408
"GTAACTGCAATGTTGC-1_GSM4013388",0.578252387551464
"CATTCGCAGTACATGA-1_GSM4013388",1.03228269263007
"ACGGGTCAGTGAAGAG-1_GSM4013388",1.22679975206277
"GTTACAGGTGAAGGCT-1_GSM4013388",1.21783096957044
"ATCATCTGTTCAGCGC-1_GSM4013388",0.790414700155467
"GGGCATCCAAACTGTC-1_GSM4013388",0.755748869458853
"AACTCCCCACATTTCT-1_GSM4013388",1.07807053609509
"TGCCCATCATGTTGAC-1_GSM4013388",0.753080734771925
"ACTGAACTCCAACCAA-1_GSM4013388",1.20858472848915
"GACAGAGAGGCTAGGT-1_GSM4013388",1.28405163273823
"GTACTCCCACGGTGTC-1_GSM4013388",1.15834993770919
"TTCTCAACACGCATCG-1_GSM4013388",1.18078710408533
"CTTTGCGCAGAGCCAA-1_GSM4013388",1.18413090287194
"CGTTCTGTCCTAAGTG-1_GSM4013388",1.20050576567029
"TAGCCGGTCGTCCGTT-1_GSM4013388",0.876385789616719
"CTGATCCAGACCGGAT-1_GSM4013388",0.9131178185745
"TTTACTGTCTCACATT-1_GSM4013388",0.916245834090592
"GACGGCTTCGGCATCG-1_GSM4013388",1.1383409676007
"GACTGCGGTGAGGGAG-1_GSM4013388",0.971022531676547
"GTACTCCCATCACGTA-1_GSM4013388",0.466526996074033
"TGAGAGGGTGACTACT-1_GSM4013388",0.288893410819919
"TTAGTTCAGAGGGATA-1_GSM4013388",0.66331610373261
"TGCGTGGTCTCCAGGG-1_GSM4013388",0.960182678692768
"CGCGGTAGTTATCCGA-1_GSM4013388",0.275027867159165
"TATCTCAAGCACAGGT-1_GSM4013388",0.592779456061962
"AAAGCAATCCTATGTT-1_GSM4013388",0.665450842984025
"CGTAGCGAGTACCGGA-1_GSM4013388",1.09452549034782
"CGGACGTTCTCAAGTG-1_GSM4013388",1.16976385537192
"TCGTAGACAGCGAACA-1_GSM4013388",1.2678909224654
"ACTGCTCTCCGTTGTC-1_GSM4013388",0.665325180806455
"TCTCATACAGGCAGTA-1_GSM4013388",1.11751667076593
"CTTCTCTAGCTGCCCA-1_GSM4013388",1.08677715273997
"GGAATAAGTCATTAGC-1_GSM4013388",0.928268855863511
"CGAGCCAAGACAAAGG-1_GSM4013388",1.21802445572445
"ATTCTACGTGGCCCTA-1_GSM4013388",0.527786210769233
"GTCAAGTCATGCGCAC-1_GSM4013388",0.875850531053735
"GAAGCAGTCGAGAGCA-1_GSM4013388",0.756757610559967
"TGTGGTAAGCGCCTTG-1_GSM4013388",0.909983991759143
"AGAATAGCAGCCACCA-1_GSM4013388",0.882588043750828
"GATCGCGTCTTAGCCC-1_GSM4013388",0.751862418122958
"GTGCTTCAGTTAGCGG-1_GSM4013388",1.1719692033569
"TAGTTGGCAGACGCTC-1_GSM4013388",0.531971544282985
"AACCATGCAGCTGTGC-1_GSM4013388",1.10816963766119
"ATTGGTGAGTGACTCT-1_GSM4013388",0.43684780540223
"ATCACGATCCAGTATG-1_GSM4013388",1.12308129939444
"AGCGTATCAACGCACC-1_GSM4013388",0.74770461628839
"CCGTGGATCACAGTAC-1_GSM4013388",0.562112917669782
"CTGAAGTAGAGTGACC-1_GSM4013388",0.260977435759871
"GTAACTGCATGGTCTA-1_GSM4013388",0.813608451061161
"GCGGGTTAGTGGCACA-1_GSM4013388",1.19300963826234
"GTATTCTAGACAAAGG-1_GSM4013388",0.940198354247473
"GCATGTATCACTATTC-1_GSM4013388",0.759846471516274
"AACTCTTAGAGTACCG-1_GSM4013388",0.576337430191844
"GGATGTTGTCAGTGGA-1_GSM4013388",1.175208100929
"GTGCGGTAGGCAGGTT-1_GSM4013388",1.01365238995658
"ACAGCTATCGACAGCC-1_GSM4013388",1.16460319367765
"CTCACACTCTAGAGTC-1_GSM4013388",1.19397644868013
"TCATTTGGTTACGACT-1_GSM4013388",1.02383308495227
"GACGTGCGTTAGTGGG-1_GSM4013388",0.680543746656418
"CAAGATCCACGAGAGT-1_GSM4013388",1.1402189903961
"CAGCTGGTCGAGCCCA-1_GSM4013388",1.23888948418945
"GGCTGGTCAGCTGTGC-1_GSM4013388",0.596795832014436
"TTAGGCAAGCCACGCT-1_GSM4013388",0.296640245910304
"GCGCAACTCGCCTGTT-1_GSM4013388",0.661381760461423
"CGTAGGCTCGATAGAA-1_GSM4013388",0.796448531434984
"AGCTCTCGTGGCCCTA-1_GSM4013388",1.13046923994487
"ATTGGACCATGTTGAC-1_GSM4013388",0.42473482881571
"GTGTTAGTCAACGAAA-1_GSM4013388",0.653768397845236
"ACGGGTCGTTGGTGGA-1_GSM4013388",1.05190658573705
"TAAGTGCCACATGGGA-1_GSM4013388",1.17986149762404
"TACGGTAAGATCGGGT-1_GSM4013388",0.990326080885485
"CACCACTAGTCGATAA-1_GSM4013388",0.33593743327924
"TTGCCGTTCCCTTGCA-1_GSM4013388",0.876924347062689
"AAACGGGTCGTTTGCC-1_GSM4013388",1.11644244455371
"GGAACTTTCCTTTCTC-1_GSM4013388",0.882491568341808
"GATCAGTGTCCGACGT-1_GSM4013388",1.2269409047132
"CGATCGGCAGACAAAT-1_GSM4013388",0.45667727351968
"AGAATAGCAATCCAAC-1_GSM4013388",1.12579922630214
"TGGTTCCGTTGCCTCT-1_GSM4013388",1.06868181115462
"CATATTCAGCTCCCAG-1_GSM4013388",0.259788117792848
"AGCGTCGCATACTCTT-1_GSM4013388",0.841057188119364
"TTGGCAAAGTGTACGG-1_GSM4013388",1.1966292528474
"ATCCGAATCTTCCTTC-1_GSM4013388",0.926679591437115
"GCGACCACACATGTGT-1_GSM4013388",0.824974405045628
"CACAAACCATGCCTTC-1_GSM4013388",1.12732088298791
"GCGAGAAGTTACTGAC-1_GSM4013388",1.05403058461771
"GATGAGGTCAGCACAT-1_GSM4013388",0.751941166620439
"TGAAAGAAGGAGTAGA-1_GSM4013388",1.02200849863503
"TGCTGCTTCTCGAGTA-1_GSM4013388",0.617881353189087
"CACTCCATCCCATTAT-1_GSM4013388",0.466252912220798
"GTCGGGTCATGTCTCC-1_GSM4013388",1.10692609667124
"GAATAAGGTATCAGTC-1_GSM4013388",0.152769739426295
"AAACGGGCAGTACACT-1_GSM4013388",0.604365874326256
"GCATACACATTGAGCT-1_GSM4013388",1.01149449545735
"TCGGGACGTGTGGCTC-1_GSM4013388",0.826522873333313
"ATCATGGGTAAGAGAG-1_GSM4013388",0.253967409243474
"CTCGGAGCAGGAATCG-1_GSM4013388",1.3862516781233
"ACTGAACAGGGTTCCC-1_GSM4013388",0.280687568803314
"CTCATTATCAACGCTA-1_GSM4013388",0.544866942275553
"AGTGAGGTCACAATGC-1_GSM4013388",1.09129219992334
"GCCTCTACATACAGCT-1_GSM4013388",0.925485898095635
"CTGTGCTCATATGGTC-1_GSM4013388",0.727197188354127
"CATCAGAGTACCGTTA-1_GSM4013388",1.0851367238238
"AAAGTAGCATCTGGTA-1_GSM4013388",0.659537981034298
"GTATCTTAGAAACGAG-1_GSM4013388",0.938569401527106
"AATCGGTCAGTTCCCT-1_GSM4013388",1.14562892912053
"ATGAGGGTCTCTGTCG-1_GSM4013388",0.506045863752358
"GCTGGGTAGAGGGATA-1_GSM4013388",0.563551464748536
"CTCTGGTTCGAACGGA-1_GSM4013388",0.942294114942011
"CATTATCAGCCCAACC-1_GSM4013388",0.265706460163698
"CTACATTCATAAGACA-1_GSM4013388",0.506210980381228
"GGATGTTAGCTAAGAT-1_GSM4013388",1.16941775305204
"CGGACGTGTAGATTAG-1_GSM4013388",1.11641371961756
"AAGGAGCTCACAACGT-1_GSM4013388",1.05318683309894
"CAACCTCCAGATGGGT-1_GSM4013388",0.939152054096638
"CGTGAGCAGCTAACAA-1_GSM4013388",0.717648708753905
"AGGCCGTTCCAGAGGA-1_GSM4013388",1.0005025640175
"TAGACCAGTCAGAGGT-1_GSM4013388",0.335549753755405
"AACTCAGAGTATGACA-1_GSM4013388",0.318825740148452
"TGCCAAAGTCCAAGTT-1_GSM4013388",1.05477773513043
"GAACCTATCACGGTTA-1_GSM4013388",0.294884904016711
"TTAGGACCAACACCTA-1_GSM4013388",0.497994499562429
"AGACGTTCAGCTATTG-1_GSM4013388",0.727158040498105
"ATCATCTAGTACGATA-1_GSM4013388",0.587617196552352
"ATCTGCCCAAGCCGTC-1_GSM4013388",0.851262339932714
"GCCAAATGTGCGATAG-1_GSM4013388",1.12083232059577
"CGACCTTTCTGCGACG-1_GSM4013388",0.739319941718603
"GCAAACTTCTTGCATT-1_GSM4013388",1.08150524667943
"CGTCACTCAAGTCTAC-1_GSM4013388",1.14074092259057
"AGAGCGATCGTATCAG-1_GSM4013388",0.714101318371095
"CACAAACGTGCAGACA-1_GSM4013388",0.213424350093674
"GCAGTTACATCCCACT-1_GSM4013388",0.771905771679507
"ATAGACCTCGGCGCTA-1_GSM4013388",0.555365429010366
"CTCACACGTTAAGAAC-1_GSM4013388",0.922690782967888
"AGCTTGAAGCAGGTCA-1_GSM4013388",0.94636350145323
"TTCGGTCGTCTAGGTT-1_GSM4013388",0.466573719203718
"AAGTCTGAGCTCTCGG-1_GSM4013388",0.172488635960614
"ATAAGAGGTCCGAATT-1_GSM4013388",0.90540174090868
"CCCATACTCCAGAGGA-1_GSM4013388",1.17045191822622
"CTGCGGATCATCGGAT-1_GSM4013388",0.302774124521634
"TCACAAGGTTTGGGCC-1_GSM4013388",0.273423601848403
"TGCTGCTAGTTCGATC-1_GSM4013388",0.58460406785482
"CGAGCCATCGCCGTGA-1_GSM4013388",0.897841091013037
"TTATGCTGTTGTGGAG-1_GSM4013388",0.26301415324179
"TGGTTAGTCCGCAGTG-1_GSM4013388",0.459795756180595
"ACGCCGACAGGCTCAC-1_GSM4013388",0.540738519385088
"TTTATGCGTATAGGGC-1_GSM4013388",1.05556642222056
"CAACTAGAGACCTAGG-1_GSM4013388",0.243905067355544
"CTGAAACCAATGCCAT-1_GSM4013388",1.17649695541382
"TAAGAGAAGCAATATG-1_GSM4013388",0.364490788375792
"ACGGCCACACCATCCT-1_GSM4013388",0.876269839996344
"CCATTCGGTACGCTGC-1_GSM4013388",0.593067486051562
"AGCATACAGCAACGGT-1_GSM4013388",1.15335332680385
"AGGCCGTCACAGAGGT-1_GSM4013388",0.312448413831283
"GTAACTGTCTATCCTA-1_GSM4013388",0.608003899995735
"TCATTTGAGCTCTCGG-1_GSM4013388",1.06970791224495
"CCATTCGAGGCACATG-1_GSM4013388",0.311074793291143
"TTGTAGGAGTTGCAGG-1_GSM4013388",1.07003447122591
"TGACTTTGTTGCTCCT-1_GSM4013388",0.974422229261866
"ACGTCAACAAGCTGGA-1_GSM4013388",0.723429299502003
"GTAGGCCTCTAACTCT-1_GSM4013388",0.879336422060012
"ACACTGAAGTACCGGA-1_GSM4013388",1.06633550932598
"GAAATGAAGAGTAAGG-1_GSM4013388",0.260557621521093
"GCGCAGTCAAACAACA-1_GSM4013388",0.426944034283669
"GGAACTTTCTTGTCAT-1_GSM4013388",1.12253243560292
"ACGGAGATCTTGTATC-1_GSM4013388",1.02792697163314
"TTCTTAGTCGCGTAGC-1_GSM4013388",1.25421232636415
"CTGAAACCATACGCTA-1_GSM4013388",0.884209363000061
"TCTATTGAGTCCAGGA-1_GSM4013388",0.785243819788988
"GAGGTGATCGGGAGTA-1_GSM4013388",0.429398167941569
"CATCCACGTACCAGTT-1_GSM4013388",0.532036163502762
"AGTGTCACACGGCTAC-1_GSM4013388",0.312854802773149
"CATGCCTAGGATGGTC-1_GSM4013388",0.314025441275177
"TTCTTAGTCAGCTGGC-1_GSM4013388",0.764804016161146
"AGTGAGGTCATAAAGG-1_GSM4013388",0.309130508275256
"TCTCATAAGTCGTACT-1_GSM4013388",0.285617785967989
"TGCACCTAGCGGATCA-1_GSM4013388",0.571591059525354
"CTGCCTATCGGCGGTT-1_GSM4013388",0.250662360006195
"CAGCCGAGTGCACCAC-1_GSM4013388",0.924235835551526
"TTCCCAGAGGATGTAT-1_GSM4013388",0.423139844899921
"GCTGGGTGTTACCGAT-1_GSM4013388",0.783706355762267
"AGCAGCCCACCCATGG-1_GSM4013388",0.874801020248255
"AGTTGGTGTACTCGCG-1_GSM4013388",1.05539509250104
"AGACGTTTCACAGTAC-1_GSM4013388",0.570485709581773
"CATATTCCACCATGTA-1_GSM4013388",0.594215194984213
"GTCGTAAAGTCAATAG-1_GSM4013388",1.04376787059791
"CAGAGAGCATGAAGTA-1_GSM4013388",0.558499047867901
"CACATAGCACGTAAGG-1_GSM4013388",0.953333915149373
"CAAGATCCACGTTGGC-1_GSM4013388",0.324484697007158
"GGTATTGTCTGTTTGT-1_GSM4013388",0.745897451785594
"ATCTGCCCAGACACTT-1_GSM4013388",0.730244304259209
"TGGACGCCAGTCGTGC-1_GSM4013388",0.253645151839088
"ACCAGTACAGGACGTA-1_GSM4013388",0.446231368926626
"ATGCGATAGACAGAGA-1_GSM4013388",1.2959264762914
"GAACCTATCAAAGACA-1_GSM4013388",0.540542716286447
"GGACAGAGTTTCGCTC-1_GSM4013388",0.83767654752411
"CATATGGCATCCCACT-1_GSM4013388",0.72450679240056
"CATGCCTGTACCGAGA-1_GSM4013388",0.765705494832645
"TGCCAAACATCCGGGT-1_GSM4013388",1.09281694893977
"GGGCATCTCAGTTCGA-1_GSM4013388",0.88829140488171
"TGTTCCGCAGGCGATA-1_GSM4013388",1.12845927174459
"AGTCTTTGTGGCCCTA-1_GSM4013388",0.151910721266526
"GGGTTGCCATTACGAC-1_GSM4013388",0.642677388545456
"CTCGAAACAGGTTTCA-1_GSM4013388",0.484134446533
"CAACCTCGTTCCCGAG-1_GSM4013388",0.303042513292625
"CATATTCAGATGTGTA-1_GSM4013388",0.318954957589385
"TTGCGTCGTACATGTC-1_GSM4013388",0.263102015252618
"AACTGGTGTCCGAATT-1_GSM4013388",0.904323210093747
"TGTATTCCACTACAGT-1_GSM4013388",0.354212186349402
"CCACTACTCCTTGCCA-1_GSM4013388",0.668374287512813
"CCTATTATCTTGGGTA-1_GSM4013388",0.688587593637175
"CCGGGATAGCCAGTTT-1_GSM4013388",1.04288630722476
"TCATTTGGTAAATGTG-1_GSM4013388",0.270007267852781
"AGAGTGGCATGCCTAA-1_GSM4013388",0.332212322227787
"AGGTCCGAGCTAAACA-1_GSM4013388",1.14229723626283
"AAAGATGCAAAGAATC-1_GSM4013388",0.984554569013137
"TGAGAGGGTTAAGGGC-1_GSM4013388",1.09298882499248
"AGGTCCGTCATTATCC-1_GSM4013388",0.672442620988589
"GCTGGGTCAAGCGAGT-1_GSM4013388",0.781596746686573
"ACGGAGACATATGCTG-1_GSM4013388",0.273473499223632
"GCGCAGTAGGCGACAT-1_GSM4013388",1.14106919031261
"GACTACACACTGTGTA-1_GSM4013388",0.530593167056543
"TGTTCCGTCTGAAAGA-1_GSM4013388",0.834761454599248
"TAGAGCTCATATACCG-1_GSM4013388",0.932781611166094
"TGGTTCCGTTCCACTC-1_GSM4013388",0.242653768396899
"ACTATCTGTAGATTAG-1_GSM4013388",0.356916867136997
"AACTCTTCACACGCTG-1_GSM4013388",0.468316010821213
"GGCAATTGTGCCTTGG-1_GSM4013388",0.285943231205838
"AAAGTAGAGATATACG-1_GSM4013388",0.303981824443269
"GCTTGAAGTCATTAGC-1_GSM4013388",1.10949936142941
"CATCCACTCTTGTACT-1_GSM4013388",0.451293011259963
"TATCTCAGTAAACACA-1_GSM4013388",0.226042143753029
"CTCGAGGCATTGTGCA-1_GSM4013388",1.27362035786443
"CTAACTTGTAAACACA-1_GSM4013388",0.656218747069963
"GAATGAAAGTGTCCCG-1_GSM4013388",0.491318894662336
"GTATCTTAGTTAGGTA-1_GSM4013388",0.57873744003287
"CAGCCGACACCCATGG-1_GSM4013388",0.231397638918034
"TTCCCAGGTTGATTGC-1_GSM4013388",0.223210284772277
"CTAGTGACACGGCGTT-1_GSM4013388",0.338908526402195
"AGCATACAGTCGTACT-1_GSM4013388",0.230312800924687
"ATCTACTTCCAAATGC-1_GSM4013388",0.784228073132926
"GGCAATTTCCCGACTT-1_GSM4013388",0.300371562710163
"AGTGTCAAGAGTAATC-1_GSM4013388",0.714099812348488
"AGAGCGAGTCGACTGC-1_GSM4013388",0.538587911862766
"GACTAACAGTGTTAGA-1_GSM4013388",0.465091311451317
"TACTTACTCTGCCAGG-1_GSM4013388",0.524514538443866
"CAGCTGGTCAACTCTT-1_GSM4013388",0.919693199103102
"CGCTATCTCCTTTCTC-1_GSM4013388",1.17806604298672
"TCGGGACGTTGGTAAA-1_GSM4013388",1.05940770359933
"GGTGAAGCAAACAACA-1_GSM4013388",1.25415965939138
"CGACCTTTCGCTTGTC-1_GSM4013388",0.755445465562013
"TTTCCTCAGAGTCTGG-1_GSM4013388",0.302752094922729
"CTCGTCAGTCTGATCA-1_GSM4013388",0.26572649810347
"TTAGGCACAAGCTGTT-1_GSM4013388",0.12716508249493
"AGTGAGGCACGAAAGC-1_GSM4013388",0.292257653508807
"TACGGTAAGTAATCCC-1_GSM4013388",0.535200711166848
"CGAACATTCTACCTGC-1_GSM4013388",0.300632770687663
"CGGCTAGCATCCTAGA-1_GSM4013388",0.243932823684471
"CTCCTAGGTGATGTGG-1_GSM4013388",1.25264916112093
"GACAGAGTCAGAGACG-1_GSM4013388",0.361118340056063
"TCTTCGGAGTGCCAGA-1_GSM4013388",0.890693250310809
"TCTGGAACAATCGAAA-1_GSM4013388",0.233460125329711
"GGGAGATGTCATATGC-1_GSM4013388",0.803315203130414
"GGGATGATCCGGGTGT-1_GSM4013388",0.284162448716435
"TATGCCCTCATGTGGT-1_GSM4013388",0.260195985141132
"GAATAAGAGTTAGGTA-1_GSM4013388",0.276042419781795
"GAATGAACAGCCAGAA-1_GSM4013388",0.990619494563996
"TTGAACGTCACCTCGT-1_GSM4013388",0.334741437535375
"TACGGTAGTCGTCTTC-1_GSM4013388",0.594274044529996
"ATCATGGGTCCAACTA-1_GSM4013388",1.02946342578094
"ATTTCTGTCTAGCACA-1_GSM4013388",0.256258285862545
"ATTATCCTCCGGCACA-1_GSM4013388",0.237674623181432
"GTGTTAGGTTAAGTAG-1_GSM4013388",0.354304381565878
"CTAGAGTCAATAGCAA-1_GSM4013388",0.261934089137973
"TGGCTGGAGGTGCTTT-1_GSM4013388",0.626223238007275
"AAGGCAGTCCTATTCA-1_GSM4013388",0.669140105347639
"GTAACTGAGCATCATC-1_GSM4013388",0.964657788348259
"TAGTTGGCAAACTGTC-1_GSM4013388",0.201484540692783
"CACAAACCAAGGTTTC-1_GSM4013388",0.164791554301113
"CCTACCAAGACTAGGC-1_GSM4013388",0.493548844972839
"ATAAGAGGTACGCTGC-1_GSM4013388",0.300652434310712
"GAGGTGAAGAGTTGGC-1_GSM4013388",0.947591111964168
"CCGTTCAAGCTGCGAA-1_GSM4013388",0.230549690629347
"GAACATCGTCCAGTTA-1_GSM4013388",0.295155019578791
"TCAACGACATTTGCCC-1_GSM4013388",1.0681196868967
"AGCGTATTCCTCATTA-1_GSM4013388",0.77999626649051
"ACTATCTTCACAAACC-1_GSM4013388",0.297667231161825
"ATCTACTTCTGTGCAA-1_GSM4013388",1.29046300405302
"CATGCCTTCCTTGCCA-1_GSM4013388",0.161517181340845
"AGCTCCTGTGTTTGTG-1_GSM4013388",0.244198373793448
"GTTAAGCTCGTGGTCG-1_GSM4013388",0.269469578716516
"CCTAAAGTCTTAGAGC-1_GSM4013388",0.419259903245804
"AAGTCTGGTAGCACGA-1_GSM4013388",0.300669525683425
"TCTCATAAGCGATAGC-1_GSM4013388",0.324484241834193
"TGATTTCCATTCCTGC-1_GSM4013388",0.264887191487827
"CCCATACCATACGCCG-1_GSM4013388",0.286488631811475
"TCTCTAAAGCTATGCT-1_GSM4013388",0.188825824160274
"AGATTGCAGCTCCCAG-1_GSM4013388",0.307813670611785
"TAGCCGGGTGATGTGG-1_GSM4013388",0.255598732074183
"GAGCAGAGTGAGCGAT-1_GSM4013388",1.09886441569499
"ATGTGTGTCACAATGC-1_GSM4013388",0.240323329871618
"GATCGATCATCGGGTC-1_GSM4013388",0.33518121910382
"CTCACACAGGGTGTTG-1_GSM4013388",0.320047518405644
"CTGAAGTCATCGGAAG-1_GSM4013388",0.443925399951528
"TACTTACTCCGTAGTA-1_GSM4013388",0.610989567603841
"TCCCGATCACGGCCAT-1_GSM4013388",0.216564695660177
"CTACCCAGTGCCTTGG-1_GSM4013388",0.239335456535081
"TACAGTGAGAAGCCCA-1_GSM4013388",0.296250873439656
"GTGGGTCCATTCCTGC-1_GSM4013388",1.06274808255794
"CCTTCGAGTAGTAGTA-1_GSM4013388",0.922349727969364
"CCATGTCTCTATCCTA-1_GSM4013388",0.890237517955761
"GTAACGTTCTACCTGC-1_GSM4013388",0.769981947630107
"CATCGAAGTCTGATTG-1_GSM4013388",0.285621702046782
"TGTTCCGCAGGCTCAC-1_GSM4013388",0.529033158201075
"GTACTCCGTGCCTTGG-1_GSM4013388",0.609948462412743
"GTACTTTCAGCCACCA-1_GSM4013388",0.25273229051936
"TGGGAAGAGAGGTAGA-1_GSM4013388",0.501395671008763
"TCAACGATCACGCATA-1_GSM4013388",0.648398134860178
"CTCGAAAGTTTGTGTG-1_GSM4013388",0.325010178214922
"CATGACAAGGGCTCTC-1_GSM4013388",0.587186867567697
"TGTATTCTCTTGCATT-1_GSM4013388",0.156005879483715
"CTTAGGATCTCAAACG-1_GSM4013388",0.280107435864435
"CTCGAAAGTTCCTCCA-1_GSM4013388",0.948567204435829
"CTAGTGATCAGAAATG-1_GSM4013388",0.272299703312999
"GCAAACTGTACTCTCC-1_GSM4013388",0.453812805736739
"TTGAACGGTCTAAAGA-1_GSM4013388",0.275887481881264
"GATCTAGTCATCACCC-1_GSM4013388",1.20495238285982
"TTTGCGCTCTATCCCG-1_GSM4013388",0.70480314471181
"AACCGCGGTGCAACTT-1_GSM4013388",0.240453469116573
"CCTAGCTCAAGCGAGT-1_GSM4013388",0.541660415309995
"AGGCCACAGGAATCGC-1_GSM4013388",0.461936872635796
"TTCGAAGTCCCTAACC-1_GSM4013388",0.272916315576779
"AAAGATGAGCCAGGAT-1_GSM4013388",0.284325971777778
"AACTTTCAGCTTCGCG-1_GSM4013388",0.732564999083517
"TCGTACCCATTGGCGC-1_GSM4013388",0.628920631494718
"GCATACAAGGTCGGAT-1_GSM4013388",0.612319808730395
"GAGGTGACATACCATG-1_GSM4013388",0.364961300235292
"TAGGCATTCGAGCCCA-1_GSM4013388",0.324063418856105
"TCAGGTATCCTCAACC-1_GSM4013388",0.222804563378443
"CTGAAACCAAATTGCC-1_GSM4013388",0.234276553060235
"ACTTACTGTAAACGCG-1_GSM4013388",0.235858295128814
"CGAGCACGTAATCACC-1_GSM4013388",0.537566869871009
"TGCTGCTTCTGTACGA-1_GSM4013388",0.751893475134393
"TGCCCATAGCCGGTAA-1_GSM4013388",0.317849687701746
"ACGATACCATTTGCCC-1_GSM4013388",0.887484938045245
"GTTCGGGTCTGCCAGG-1_GSM4013388",0.581362903382579
"CTGTTTACACGCGAAA-1_GSM4013388",0.227580601306421
"GTCAAGTGTTCACGGC-1_GSM4013388",0.589941250027576
"GCGCCAAGTCCGTCAG-1_GSM4013388",0.204211078515096
"ATCACGAAGAGCAATT-1_GSM4013388",0.226042465016234
"ATCACGAAGCTGGAAC-1_GSM4013388",0.696602999241884
"ACTGATGCATTACGAC-1_GSM4013388",0.896104495873663
"AGATCTGCACTTCTGC-1_GSM4013388",0.488566139587359
"GCAATCACAGCTGCAC-1_GSM4013388",0.225435102898489
"CTAGCCTCACGGTAGA-1_GSM4013388",0.327315373336181
"AATCCAGCAGTCTTCC-1_GSM4013388",0.831317010757897
"TCGTACCCATCGGTTA-1_GSM4013388",0.489721139291476
"CAACTAGCATACTACG-1_GSM4013388",0.508241196092294
"CTACATTGTTTGTTGG-1_GSM4013388",0.275405320600976
"GCATACACATTTCAGG-1_GSM4013388",1.13567494019736
"ATAGACCAGATCCGAG-1_GSM4013388",0.305468668737947
"CCATGTCTCTCCAACC-1_GSM4013388",0.24861193246505
"TGAGCCGTCAAGGCTT-1_GSM4013388",0.476104875646894
"ACTGTCCAGCGTCAAG-1_GSM4013388",0.25701358701631
"TGCCCTATCTACGAGT-1_GSM4013388",1.08244957551793
"GCGCCAAGTACAGACG-1_GSM4013388",0.78473218724111
"CAGCAGCTCTCCAGGG-1_GSM4013388",1.19673175133743
"TACAGTGGTTCTGTTT-1_GSM4013388",0.276972722008904
"GCATGTAAGAATGTGT-1_GSM4013388",0.343438599743699
"TTAGGACGTCGAATCT-1_GSM4013388",0.293588044190247
"CGCGTTTAGCTAAACA-1_GSM4013388",0.296131586532324
"CCACTACGTGCGAAAC-1_GSM4013388",0.076414815252769
"TACACGAGTCCAGTGC-1_GSM4013388",0.453829422418591
"AGAGCTTTCTGCAGTA-1_GSM4013388",0.285429398365795
"CAGTAACAGTACGCCC-1_GSM4013388",0.902945680255604
"AACTCTTTCAGGCCCA-1_GSM4013388",0.175280394986472
"GGAAAGCGTGTGGTTT-1_GSM4013388",0.300279920193833
"GGTATTGGTCTTTCAT-1_GSM4013388",0.340461554549095
"GGATTACCAGACGCTC-1_GSM4013388",0.121848480674091
"GTAACTGGTTTGACAC-1_GSM4013388",0.267105904674986
"CCGTTCAAGTTGTCGT-1_GSM4013388",0.182420676633871
"CTCTGGTGTCGGCATC-1_GSM4013388",0.26506237987204
"GTCACGGTCGAATCCA-1_GSM4013388",0.786701321875337
"TACAGTGTCATTGCGA-1_GSM4013388",0.947838097048341
"AGAGTGGGTCGAAAGC-1_GSM4013388",0.577588582220993
"CTTGGCTGTATCAGTC-1_GSM4013388",0.839072722868245
"TTCTCCTCAGACAGGT-1_GSM4013388",0.790267340478938
"TAAGTGCTCCACTCCA-1_GSM4013388",0.282386361367296
"GGAATAACAAACCCAT-1_GSM4013388",0.303247058322159
"TTGAACGCACCAGATT-1_GSM4013388",0.249596629907326
"TCAGCTCCAATGAATG-1_GSM4013388",0.441525065686835
"CGCTTCAGTGATGATA-1_GSM4013388",0.150325340173518
"AGTGTCATCCTCAACC-1_GSM4013388",0.278320257998828
"GTATCTTCAAAGGCGT-1_GSM4013388",0.477251239852209
"CAACCTCTCGTTGACA-1_GSM4013388",0.779590021406143
"GCGCAACCATGCGCAC-1_GSM4013388",0.271003748024557
"ATAAGAGTCCGCATCT-1_GSM4013388",0.257485508461826
"AAACGGGAGGAGTAGA-1_GSM4013388",0.322693228474041
"AAGTCTGGTTACGACT-1_GSM4013388",0.223000528520951
"ACCGTAATCGTAGGTT-1_GSM4013388",0.664195640879906
"GAGCAGAGTCTACCTC-1_GSM4013388",0.994249233025805
"CGATTGACATCCAACA-1_GSM4013388",0.249164342856993
"CTACACCGTTATGCGT-1_GSM4013388",0.284360785315
"CCGTTCATCTCTGTCG-1_GSM4013388",0.477991727406745
"GGATGTTAGATGGGTC-1_GSM4013388",0.361254967473294
"GTTCATTAGTAATCCC-1_GSM4013388",0.312824952179347
"ATTTCTGCACAGGAGT-1_GSM4013388",0.260233957945664
"ACACTGAAGCGATATA-1_GSM4013388",0.224839726980507
"CATCAGAGTCACAAGG-1_GSM4013388",1.07585485908323
"TAGCCGGTCAGCTTAG-1_GSM4013388",0.264036063186899
"ACATACGCAACTGGCC-1_GSM4013388",0.26390763039325
"GGGAGATCATTTCACT-1_GSM4013388",0.278038021873349
"GTGCATAAGGTGGGTT-1_GSM4013388",0.287329599458048
"TAAGCGTCATAGTAAG-1_GSM4013388",0.59065734628757
"CGTAGGCAGATGTGGC-1_GSM4013388",0.881951266778571
"ACTGTCCAGATCTGAA-1_GSM4013388",0.591864473758919
"CTGTGCTCAGTAAGAT-1_GSM4013388",0.353387037015778
"ATCATCTGTCCCGACA-1_GSM4013388",0.414747794878489
"CACCTTGTCTCGATGA-1_GSM4013388",0.992098845630296
"TCAGCAAGTCGAAAGC-1_GSM4013388",0.261034386161219
"CGAGCACTCTGGTATG-1_GSM4013388",0.611882908084055
"TCAATCTCAAGGCTCC-1_GSM4013388",0.25398565671895
"TGCCCATCACGTAAGG-1_GSM4013388",0.265675349222495
"ACCGTAACAGGGAGAG-1_GSM4013388",0.245981877953073
"AGTCTTTGTCAGCTAT-1_GSM4013388",0.320353807573987
"CCTACACCAGCTATTG-1_GSM4013388",0.43261727381615
"ACCGTAAGTCCTCTTG-1_GSM4013388",0.386464802115515
"TGAGCCGAGACTTTCG-1_GSM4013388",0.251775850942112
"GCTGCAGAGAAGATTC-1_GSM4013388",0.16267720928309
"ACATGGTAGAAACCGC-1_GSM4013388",0.302934060446074
"GCGCCAATCTCAAACG-1_GSM4013388",0.931625889171943
"TTCCCAGGTGCGATAG-1_GSM4013388",0.806434827796826
"CATCAAGTCGGCGCTA-1_GSM4013388",0.560053156026184
"AGAATAGTCCCTGACT-1_GSM4013388",0.291613701768057
"AGAGCTTGTCACTTCC-1_GSM4013388",0.823371568360892
"CCTTTCTAGCGTCAAG-1_GSM4013388",0.896255103698165
"ACCAGTACACAACTGT-1_GSM4013388",0.296286437444609
"TCTCTAAGTCTGGAGA-1_GSM4013388",0.514507022869972
"TACTCGCTCAACACGT-1_GSM4013388",0.679800433217508
"TCTCTAAAGTTGAGTA-1_GSM4013388",0.513415535945126
"TTTGCGCAGTCAAGCG-1_GSM4013388",0.223091798863483
"GAGCAGAAGAAGGTGA-1_GSM4013388",0.283928568364934
"TTTGCGCCAGCTTAAC-1_GSM4013388",0.27649088513208
"ACTGCTCGTGAAAGAG-1_GSM4013388",0.229240780874649
"GTGAAGGAGAAGGTTT-1_GSM4013388",0.274707540231879
"TCGTAGACATTGTGCA-1_GSM4013388",0.602868393732046
"CGACTTCAGTGTTTGC-1_GSM4013388",0.840047459420721
"CGAATGTAGGTGTTAA-1_GSM4013388",0.185324188500922
"CAACTAGCAGATCCAT-1_GSM4013388",0.242350338270378
"CCACCTAGTCTTCGTC-1_GSM4013388",0.628697191064302
"AAACCTGTCATTGCCC-1_GSM4013388",0.502598382184809
"TTGGAACCACAGGCCT-1_GSM4013388",0.271739902397561
"GCATGCGAGTTCCACA-1_GSM4013388",0.142847750162084
"TTGAACGCAAGACACG-1_GSM4013388",0.261108218623118
"ACGGCCAAGCCTCGTG-1_GSM4013388",0.446414311499935
"CGTGAGCTCTGATTCT-1_GSM4013388",0.610269783659545
"CATGCCTCAATGACCT-1_GSM4013388",0.334570948858516
"TTCCCAGGTAATTGGA-1_GSM4013388",0.279542086082417
"CGAATGTAGCTACCTA-1_GSM4013388",0.257955169398258
"GTCGTAACATTGTGCA-1_GSM4013388",0.22441076682425
"AGGCCGTGTGTCAATC-1_GSM4013388",0.273302433141861
"AGGTCATGTCGATTGT-1_GSM4013388",0.275855665217906
"AGATTGCTCCGAAGAG-1_GSM4013388",0.227675065723282
"TAAGTGCTCTGCCAGG-1_GSM4013388",0.513559666601014
"TTAGGACAGAACTCGG-1_GSM4013388",0.199144483009977
"CGTCACTTCCAAACTG-1_GSM4013388",0.27387577958177
"TAAGAGAAGGGTGTTG-1_GSM4013388",0.284995223277835
"CGTCAGGTCTCCAACC-1_GSM4013388",0.928039852409633
"TACACGACAAAGGCGT-1_GSM4013388",0.326328146306387
"AAGACCTAGTGTACCT-1_GSM4013388",0.351475678193344
"GTACTCCCAGACTCGC-1_GSM4013388",0.264720921195244
"ACTGAACCACGTCTCT-1_GSM4013388",0.28351068869266
"ACCAGTAAGAGGTACC-1_GSM4013388",0.206937818781718
"AGGGTGAAGGCCATAG-1_GSM4013388",0.530795984845225
"GGAACTTTCAACACGT-1_GSM4013388",0.387980335474544
"TAGTGGTAGCCAGTAG-1_GSM4013388",0.605421462911796
"CAAGAAAAGATGTGGC-1_GSM4013388",1.04446731785245
"TCTTCGGGTGCAACTT-1_GSM4013388",0.416390151600609
"GAATAAGCAGTCCTTC-1_GSM4013388",0.307652453448884
"GGCTCGAGTATGGTTC-1_GSM4013388",0.299370049506691
"AGTGAGGTCGTAGATC-1_GSM4013388",0.266434175944196
"CTGATCCGTGTGGCTC-1_GSM4013388",0.335308918384532
"TTCTTAGTCAGTTGAC-1_GSM4013388",0.259582664073885
"CCTTCGACACAAGACG-1_GSM4013388",0.776329049121725
"CGGACACGTTCCATGA-1_GSM4013388",0.264642935050954
"TGGCCAGAGACACTAA-1_GSM4013388",0.315098180823711
"CTCAGAAGTAGCGATG-1_GSM4013388",0.930051036859266
"ACTGTCCTCACTGGGC-1_GSM4013388",1.06378688375163
"GCGCCAAGTTAGATGA-1_GSM4013388",0.871542763820553
"AACACGTGTCTGCAAT-1_GSM4013388",0.272475677106691
"GTTAAGCAGAGCCCAA-1_GSM4013388",0.262299918239797
"TGGCGCAAGAGGGCTT-1_GSM4013388",0.795652874713093
"TTTATGCGTGGTACAG-1_GSM4013388",0.318173899894176
"CAACTAGAGCACCGTC-1_GSM4013388",1.21420540081626
"CGTTGGGCATACTACG-1_GSM4013388",0.639686079865273
"GCGCCAAAGCTCCTCT-1_GSM4013388",0.265789299949424
"CTAGCCTGTACACCGC-1_GSM4013388",0.532794351187053
"GCATGATAGACTGTAA-1_GSM4013388",0.758436845991258
"CCCAATCCATTAGCCA-1_GSM4013388",0.823687017005053
"CGCTATCGTTCCACTC-1_GSM4013388",0.346872680063534
"GAACGGAGTCTTCAAG-1_GSM4013388",0.307591720045891
"AACCATGCAGTATGCT-1_GSM4013388",0.296052863456381
"ACACCGGAGCAGACTG-1_GSM4013388",0.243484979837278
"CTAATGGGTTGAGTTC-1_GSM4013388",0.564631403752782
"CTAGTGAAGCCTTGAT-1_GSM4013388",0.59951293839241
"CTCGAAATCGGTGTCG-1_GSM4013388",0.238118029269234
"GCACATAGTACGCACC-1_GSM4013388",0.526000784543616
"AGTAGTCGTAGAGGAA-1_GSM4013388",0.319275837082103
"AAAGTAGAGGCGTACA-1_GSM4013388",1.00010070248926
"ATCCGAATCCTTGACC-1_GSM4013388",0.640050126627095
"GCTGCTTCACTTGGAT-1_GSM4013388",0.620539545300793
"ATGTGTGTCGAATGCT-1_GSM4013388",0.205889199466158
"CATATGGCAGCGATCC-1_GSM4013388",0.0330386136634222
"TGATTTCGTAACGACG-1_GSM4013388",0.0961094633122103
"TGGCTGGCACATTCGA-1_GSM4013388",0.67337945662457
"GTAGTCACAATGAAAC-1_GSM4013388",0.483046402585671
"CACAGTAGTGATGCCC-1_GSM4013388",0.270582363908968
"GCGAGAAGTAGCAAAT-1_GSM4013388",0.267893232196222
"CCATTCGTCACAAACC-1_GSM4013388",0.316822563148873
"AGCTCTCCAGATTGCT-1_GSM4013388",0.427115211938979
"ACATCAGCAAGAGGCT-1_GSM4013388",0.218588918427753
"CTCGGAGAGATGGCGT-1_GSM4013388",0.30396633271897
"ACTGATGCAATCACAC-1_GSM4013388",0.210074743901055
"GGGTTGCTCGCTTAGA-1_GSM4013388",0.203614377549735
"AGGCCACAGCTAGGCA-1_GSM4013388",0.771214307591646
"GCGACCAAGTTGTCGT-1_GSM4013388",0.516563526083826
"GGAACTTCATACCATG-1_GSM4013388",0.945650637370521
"GGACAGACAACGATGG-1_GSM4013388",0.596713289274992
"CGAATGTGTGCCTTGG-1_GSM4013388",0.274445313302649
"ACGCCGAGTTGGGACA-1_GSM4013388",0.373634320191828
"TGGCTGGAGGGCTTCC-1_GSM4013388",0.322677384149311
"GCCAAATAGCTTATCG-1_GSM4013388",0.694204079739787
"AAGACCTGTCAATACC-1_GSM4013388",0.133380656273845
"CTACACCCAGTATAAG-1_GSM4013388",0.790263503303466
"ACACCCTTCTCGCTTG-1_GSM4013388",0.258420644616026
"AGTCTTTTCTGACCTC-1_GSM4013388",0.24434547041133
"GCTCCTATCAAGCCTA-1_GSM4013388",1.05869636047637
"TCAGCTCAGGCCCGTT-1_GSM4013388",0.802066422821554
"CATGACACATACAGCT-1_GSM4013388",0.212738813496489
"TAAGCGTCACACGCTG-1_GSM4013388",1.21801822201663
"CATGCCTGTCAAAGAT-1_GSM4013388",0.216799527000328
"CTCAGAAGTTCAGACT-1_GSM4013388",0.611052717617158
"ATAACGCCAGCAGTTT-1_GSM4013388",0.286624159767847
"CGCTATCAGTCACGCC-1_GSM4013388",0.960766953023528
"AGCGTATAGCTGCCCA-1_GSM4013388",0.276064110113985
"CCTACACCAGATCGGA-1_GSM4013388",1.18569077551217
"GACGTGCAGAGCCCAA-1_GSM4013388",0.223878363313575
"CGCCAAGGTACAGTTC-1_GSM4013388",0.244275043421172
"CTCGGAGCATCCAACA-1_GSM4013388",0.73278220077172
"TACGGGCTCCTACAGA-1_GSM4013388",0.261000823225419
"CTGATCCCAGGGTTAG-1_GSM4013388",0.239056147989562
"TCACAAGCAACGATGG-1_GSM4013388",0.257113781053876
"GGACAGAAGACTAAGT-1_GSM4013388",0.210967639523187
"AGTCTTTTCATCATTC-1_GSM4013388",0.220153153086527
"CCCATACGTTGACGTT-1_GSM4013388",0.836937779924267
"GCATGCGTCATGGTCA-1_GSM4013388",0.26103685591203
"GGACATTTCGCGATCG-1_GSM4013388",0.25620857500982
"TCAGCTCTCTGTCTCG-1_GSM4013388",0.890028695938795
"TGAGCCGTCGCCAAAT-1_GSM4013388",0.179377307670732
"GTGTTAGCAAGTACCT-1_GSM4013388",0.727582615540205
"TGAGGGAGTGGTCTCG-1_GSM4013388",0.202414103187546
"TTCGAAGTCTACTTAC-1_GSM4013388",0.287042518077026
"TGGCGCAGTAATTGGA-1_GSM4013388",0.263017232382416
"AATCGGTCATGTTGAC-1_GSM4013388",0.188560838910652
"CACACCTAGTCTTGCA-1_GSM4013388",0.290548643578886
"TAGCCGGAGGATTCGG-1_GSM4013388",0.482051118509163
"AAGACCTTCCATGAGT-1_GSM4013388",0.255728477140028
"GGAGCAATCGAGGTAG-1_GSM4013388",0.133770606523213
"TCGTACCTCTTGTCAT-1_GSM4013388",0.568026831968941
"GACGTTATCCGTCATC-1_GSM4013388",0.234900747950169
"CTAATGGGTCGACTAT-1_GSM4013388",0.496150370456597
"TGGACGCTCGAATGCT-1_GSM4013388",0.179277187336723
"ATCTACTAGTCGTACT-1_GSM4013388",0.508209605466109
"CGTCAGGCACGCGAAA-1_GSM4013388",0.184583207839059
"GACTACATCACGACTA-1_GSM4013388",0.0323820019051421
"TTCGAAGGTCCGAGTC-1_GSM4013388",0.779938875014208
"CATCGGGAGTGAACGC-1_GSM4013388",0.740872230436273
"AACTGGTCAGGACGTA-1_GSM4013388",0.644777911601505
"CTGATCCCATCGGAAG-1_GSM4013388",0.765223719212191
"TATGCCCTCTTGGGTA-1_GSM4013388",0.198548784172745
"TCGGTAATCCATGAGT-1_GSM4013388",0.221183950609387
"AGCTCCTCAAGCTGGA-1_GSM4013388",0.613548340761637
"GCGCAGTTCACAACGT-1_GSM4013388",0.286728265798753
"CCGGGATTCCAGATCA-1_GSM4013388",0.209682661762589
"GGTATTGCATCGGAAG-1_GSM4013388",0.225762582871836
"GAACATCGTTTGTTGG-1_GSM4013388",0.323543044777896
"CGGGTCACAACAACCT-1_GSM4013388",0.824536996043111
"TGGACGCAGACAATAC-1_GSM4013388",0.332394788280193
"GACAGAGGTAAACGCG-1_GSM4013388",0.295448326723662
"CTGTGCTTCCGTTGCT-1_GSM4013388",0.244828994465587
"AAGACCTCAGTACACT-1_GSM4013388",0.312097607332481
"CTGCTGTTCATGCTCC-1_GSM4013388",0.237804053702403
"CCGGGATAGCTAGCCC-1_GSM4013388",0.120190186057322
"CGTTCTGTCCCAGGTG-1_GSM4013388",0.281949916098322
"CAGCAGCCATTAACCG-1_GSM4013388",0.259698932710852
"TCACGAATCGCTTGTC-1_GSM4013388",0.651591059992361
"AACCGCGGTGTGGTTT-1_GSM4013388",0.575334350770215
"CCGTACTCAAGACGTG-1_GSM4013388",0.89633034938817
"TATCTCAAGTTCGATC-1_GSM4013388",0.842735781041652
"ATCCGAACACACATGT-1_GSM4013388",0.984041137604673
"CCTATTATCGGTGTTA-1_GSM4013388",0.24441737063793
"GAGCAGAAGCCACGCT-1_GSM4013388",0.282584474072034
"GATGAGGTCATCGATG-1_GSM4013388",0.282669297680825
"TGCGCAGCATTCCTGC-1_GSM4013388",0.80953236765752
"ATCTACTCAGACGCCT-1_GSM4013388",0.994808971331164
"GTCTTCGGTCTAGGTT-1_GSM4013388",0.245059301206855
"TCATTACGTCAAGCGA-1_GSM4013388",0.721972340524221
"GTAGTCAGTCCCGACA-1_GSM4013388",0.165594113913589
"CATATGGGTGAACCTT-1_GSM4013388",0.255442770680733
"TAGCCGGAGCCCAACC-1_GSM4013388",0.232185606251499
"AGAGCGAGTGAGTGAC-1_GSM4013388",1.07045529284377
"GTATCTTCATACTCTT-1_GSM4013388",0.362498065385186
"CACCTTGCAGACAAGC-1_GSM4013388",0.244769793492049
"TCGCGTTCAACTGGCC-1_GSM4013388",0.693517846468022
"GTTAAGCAGCAGCGTA-1_GSM4013388",0.288999178478833
"GGACAGAGTCCGTTAA-1_GSM4013388",0.276748088730683
"GCTGCGATCCGCAAGC-1_GSM4013388",0.79108603490792
"GAAACTCCAATCCGAT-1_GSM4013388",0.303439131424651
"TTGTAGGTCCAGGGCT-1_GSM4013388",0.227539811049219
"GACCAATTCCCAACGG-1_GSM4013388",0.297719465847478
"CCACTACTCTGCTTGC-1_GSM4013388",0.518309458163516
"GTAACGTTCTCCCTGA-1_GSM4013388",0.274232606664912
"CGTAGCGTCATGTCTT-1_GSM4013388",0.115915741496458
"TATCAGGCAGCAGTTT-1_GSM4013388",0.25336780876312
"GGACAGAAGCTCAACT-1_GSM4013388",0.182862759725425
"TCAGCAAGTCTAAAGA-1_GSM4013388",0.614100842911317
"TGCACCTTCGTGACAT-1_GSM4013388",0.833388820963684
"GTCAAGTAGTTACCCA-1_GSM4013388",0.251282823535167
"GCAAACTTCCACTGGG-1_GSM4013388",0.237911014460077
"GCGCCAACACCAACCG-1_GSM4013388",0.889275454681668
"TGGCTGGTCTTGTTTG-1_GSM4013388",0.214275182481954
"GCGCCAAAGCGTCAAG-1_GSM4013388",0.610781053522291
"CGATGGCTCCTTGACC-1_GSM4013388",0.295067967995286
"AGAGCGAGTCAGAATA-1_GSM4013388",0.243432734076549
"TGCTGCTTCACAGGCC-1_GSM4013388",0.764545151140792
"CTACATTAGGCTACGA-1_GSM4013388",0.272606535681647
"CACTCCATCAGTGTTG-1_GSM4013388",0.271379955178343
"GTGCAGCTCATCGCTC-1_GSM4013388",0.432403284039167
"TACTTACCAGGGAGAG-1_GSM4013388",0.902145105100348
"ATCGAGTTCGAACTGT-1_GSM4013388",0.707626209971742
"CGAACATGTAAATGTG-1_GSM4013388",0.939473273615765
"ACACCGGAGTTAAGTG-1_GSM4013388",0.376328346106792
"GGACGTCTCGCTTAGA-1_GSM4013388",0.910812638673389
"CGTTAGAGTCGCTTCT-1_GSM4013388",0.941098585412152
"TGCCAAACAAAGTGCG-1_GSM4013388",0.765462836968649
"TTCTTAGGTCGCTTTC-1_GSM4013388",0.394798789555507
"CCTTACGTCAGTTCGA-1_GSM4013388",0.301252471524488
"GGACGTCCAAACAACA-1_GSM4013388",0.931789121562247
"TTGTAGGCAGGGCATA-1_GSM4013388",0.495691735394399
"TACCTTACAACGATCT-1_GSM4013388",0.759831142205584
"TCGTACCCATCCTAGA-1_GSM4013388",0.264639208441305
"GCTGCGAAGTCCGGTC-1_GSM4013388",0.967420874543191
"CTCGGGACAGGTGGAT-1_GSM4013388",0.348744019629659
"AACTCAGAGAGTCGGT-1_GSM4013388",0.26858337286479
"ACACTGAAGAAACGCC-1_GSM4013388",0.837095295435848
"GCCTCTAAGGATGCGT-1_GSM4013388",0.871777458365709
"TCCACACCACAGCCCA-1_GSM4013388",0.218134285961339
"TGGCCAGCATGCTGGC-1_GSM4013388",0.30630180149888
"GTAACGTAGCTTATCG-1_GSM4013388",0.706051698879944
"CTAACTTCACCAACCG-1_GSM4013388",0.650578535290793
"TATTACCAGGTCATCT-1_GSM4013388",0.956416139618205
"TCGAGGCGTATGGTTC-1_GSM4013388",0.930925094023907
"CTGAAACGTAGATTAG-1_GSM4013388",0.669201060080198
"GACACGCGTATGAAAC-1_GSM4013388",0.233966277221858
"CTGAAACGTTTGGCGC-1_GSM4013388",0.0801478656000785
"TGACTAGGTCACTGGC-1_GSM4013388",0.204375448400518
"GCCAAATCATGCCACG-1_GSM4013388",0.962479355971723
"TCGCGAGCATAGAAAC-1_GSM4013388",0.838089794511468
"CTCCTAGGTATGAATG-1_GSM4013388",0.270094971026309
"CAACTAGTCACTTATC-1_GSM4013388",1.15708119296681
"GCTCTGTTCTATCCTA-1_GSM4013388",0.27746344534939
"AGGCCGTCATGCCCGA-1_GSM4013388",0.208741007296834
"TCTTTCCAGACTTGAA-1_GSM4013388",0.262180744984655
"TCCCGATCACAGAGGT-1_GSM4013388",0.249542093219005
"CGGACTGCAGTTCCCT-1_GSM4013388",0.866064349682098
"TTAGGCAGTTGTGGAG-1_GSM4013388",0.551491603491234
"CGGGTCACATTATCTC-1_GSM4013388",0.775056519816572
"TGCTGCTAGCCCTAAT-1_GSM4013388",0.205120441970178
"TGCGGGTGTCCCTTGT-1_GSM4013388",0.240050286811332
"TTAGGACAGCTGAACG-1_GSM4013388",1.0283097724911
"GCGACCACATGCTGGC-1_GSM4013388",0.606025054927718
"AGTTGGTCAGGCGATA-1_GSM4013388",0.17217448246797
"CGATTGACACAGACAG-1_GSM4013388",0.304327711591002
"TGAGCATCACCGAATT-1_GSM4013388",0.644601134030627
"AACCATGTCAGCTCTC-1_GSM4013388",0.18912415314801
"TCTATTGGTCCTGCTT-1_GSM4013388",0.201237296410564
"AGCTTGACAAGTCATC-1_GSM4013388",0.598578534020388
"AGGTCATTCTCAAGTG-1_GSM4013388",0.26945683863158
"CACATAGTCGGTGTCG-1_GSM4013388",0.246496255267856
"AGGCCACCACAGATTC-1_GSM4013388",0.290816082049284
"GGGTCTGTCCTAAGTG-1_GSM4013388",0.303109449108283
"CACACTCAGTACGTTC-1_GSM4013388",0.367052072113613
"CGACCTTAGTCGTACT-1_GSM4013388",0.169260849432171
"AGCATACGTCTGATTG-1_GSM4013388",0.297333194542801
"CAGCATAGTAGGAGTC-1_GSM4013388",0.277576408599578
"TGCCCTAGTTAGGGTG-1_GSM4013388",0.29567269578342
"ACTGCTCCAGCTGTGC-1_GSM4013388",0.294376584942885
"CGAATGTTCAGAGACG-1_GSM4013388",0.314758433611855
"ACGGAGACACTAAGTC-1_GSM4013388",0.716501648679337
"ATGCGATGTCACTTCC-1_GSM4013388",0.26366751052158
"ACTTTCACAAAGGTGC-1_GSM4013388",0.283307435576904
"CCGTGGATCTCGTTTA-1_GSM4013388",0.691953370488589
"ACTGAACAGGGATGGG-1_GSM4013388",0.831661247619889
"GTATCTTTCTAAGCCA-1_GSM4013388",0.480997334813782
"CCACGGATCGGAAACG-1_GSM4013388",0.106509555306678
"GATGAAAGTCCAGTAT-1_GSM4013388",0.23151623927783
"ACGAGCCAGATGCCAG-1_GSM4013388",0.486880324592588
"GCTGCAGTCCACGAAT-1_GSM4013388",0.520182602128008
"TGCGGGTCACTTGGAT-1_GSM4013388",0.156546879608601
"CCCATACGTAAATGTG-1_GSM4013388",0.338100588581738
"GCGGGTTTCGAATGCT-1_GSM4013388",0.00223170047311602
"GGACAGACATCGGTTA-1_GSM4013388",0.327604662628885
"AGGCCGTTCTAGCACA-1_GSM4013388",0.967200081925219
"TTTGGTTAGCGCCTTG-1_GSM4013388",0.956904937059234
"TTAGGACAGACAAAGG-1_GSM4013388",0.280768762868323
"GACGTGCAGTTTAGGA-1_GSM4013388",0.234320256393102
"TAAACCGCAATGGACG-1_GSM4013388",0.691782519174633
"TGGGCGTCATATGAGA-1_GSM4013388",0.205384741652986
"GTACGTAAGCCTCGTG-1_GSM4013388",0.139512057187426
"TCACAAGTCGAATGGG-1_GSM4013388",0.248716284628419
"TAGAGCTAGGGTCTCC-1_GSM4013388",0.801863584836986
"GCAGCCAAGGTGATTA-1_GSM4013388",1.03721446567694
"CCACCTAAGATCTGAA-1_GSM4013388",0.211894478740909
"CCATTCGCATGCATGT-1_GSM4013388",0.562470238259903
"CGGTTAATCGGCCGAT-1_GSM4013388",0.814970624337343
"CATCAGACACGTCAGC-1_GSM4013388",0.0993512294016802
"GAACCTACATTGAGCT-1_GSM4013388",0.249605520106371
"CATATGGAGCTTTGGT-1_GSM4013388",0.685827688371603
"CCAATCCTCACTTACT-1_GSM4013388",0.323607743420821
"CTCGAGGCATGCATGT-1_GSM4013388",0.234659974686476
"CGGAGCTAGGTGATTA-1_GSM4013388",0.134504614542163
"CGAGCACTCGAATCCA-1_GSM4013388",0.896635580341747
"GGCAATTCACAGCCCA-1_GSM4013388",0.340470059990717
"GTACGTATCCATTCTA-1_GSM4013388",0.210618682864594
"TCGTACCGTCGCTTTC-1_GSM4013388",0.857104369814677
"CAAGTTGAGTCTCCTC-1_GSM4013388",0.631858616489114
"GATCGCGGTTAAAGAC-1_GSM4013388",0.650155076213996
"CTACACCCATGCAACT-1_GSM4013388",0.303634169214823
"GGGAGATGTCTTCGTC-1_GSM4013388",0.158732837667158
"GGGAGATAGCACAGGT-1_GSM4013388",0.251738390343077
"GGGTTGCCATCAGTAC-1_GSM4013388",0.949267707472943
"CGTGAGCAGTAACCCT-1_GSM4013388",0.19897091787459
"TGCTACCCAGCTGCTG-1_GSM4013388",0.204282708107632
"TCCACACTCTTCGAGA-1_GSM4013388",0.183469916215664
"TCGCGTTAGATGCCAG-1_GSM4013388",0.280009095407338
"ACGATACGTTACTGAC-1_GSM4013388",0.417351464089805
"ATAGACCGTGGTACAG-1_GSM4013388",0.764528504641217
"TCAGGATGTGCATCTA-1_GSM4013388",0.619069775170242
"GATTCAGGTCATATGC-1_GSM4013388",0.168372403209401
"ACCGTAAAGGGTCTCC-1_GSM4013388",0.696400842209569
"TACTCATCACAAGCCC-1_GSM4013388",0.748238787659048
"TAAACCGCAGGCTCAC-1_GSM4013388",0.234503914448805
"GACACGCCAAGGGTCA-1_GSM4013388",0.5803436452643
"AGATTGCTCCTGCTTG-1_GSM4013388",0.369862562845348
"AGGCCGTCAAGGTGTG-1_GSM4013388",0.254060563869194
"TTGGCAAAGGAATGGA-1_GSM4013388",0.792798877857049
"CGCTATCGTGTGGTTT-1_GSM4013388",0.925677644222398
"CCATTCGGTACCAGTT-1_GSM4013388",0.564358629789881
"TAGCCGGTCCTTCAAT-1_GSM4013388",0.337139382571798
"TCAGCTCTCACCTTAT-1_GSM4013388",0.600098865897507
"CCTTACGTCACCTCGT-1_GSM4013388",0.913464536562536
"ACGGGCTAGCTGATAA-1_GSM4013388",0.23472384765407
"CCCTCCTCAAGAAAGG-1_GSM4013388",0.1549408377631
"AGAGTGGTCTAACTTC-1_GSM4013388",0.946320561634551
"CCTACACCATTAGCCA-1_GSM4013388",0.940204817890847
"GTGTTAGCATGCAACT-1_GSM4013388",0.561725315556889
"TTCGAAGTCGGATGTT-1_GSM4013388",0.209331743809252
"GGGACCTAGAACAATC-1_GSM4013388",1.01788173312687
"CTAATGGAGGCCATAG-1_GSM4013388",0.598630320204047
"TACTTGTCAGGTCTCG-1_GSM4013388",0.78091226262099
"ATCCACCCAGCTGTGC-1_GSM4013388",0.583195287657815
"CATGGCGCAAGTCATC-1_GSM4013388",0.406469368458182
"CTCCTAGCATACCATG-1_GSM4013388",0.218947347646566
"TTAGGACAGCGTGTCC-1_GSM4013388",0.00223170047311602
"TACGGGCAGGGCTTCC-1_GSM4013388",0.216228031691317
"CAAGGCCCACAGCCCA-1_GSM4013388",0.626914857242749
"TGCTACCAGGGCACTA-1_GSM4013388",0.487308186288934
"GGAATAACAAGCCATT-1_GSM4013388",0.653161493017723
"CTGTGCTGTTCGGCAC-1_GSM4013388",0.966628296843486
"ACGATGTTCGTAGGTT-1_GSM4013388",0.758430042592446
"GACTACACAGGTGCCT-1_GSM4013388",0.233240874288756
"CATCAGATCACCTCGT-1_GSM4013388",0.711666217601494
"TTTCCTCAGCACGCCT-1_GSM4013388",0.225813980613465
"AAACCTGTCCATGAGT-1_GSM4013388",0.686074369667921
"AAATGCCGTGACCAAG-1_GSM4013388",0.632439196208434
"CGGTTAATCTTCCTTC-1_GSM4013388",0.814904699193613
"TGCCCATTCCAAATGC-1_GSM4013388",0.14168249555251
"GGGTTGCTCTCAACTT-1_GSM4013388",0.266703756427118
"CTCACACTCATGTCTT-1_GSM4013388",0.985988542676218
"CGTAGGCAGGCCCTTG-1_GSM4013388",1.03730240562431
"CAAGTTGAGGTCGGAT-1_GSM4013388",0.183960498704989
"CGAGCACAGAAACGCC-1_GSM4013388",0.936489757958671
"CTCGTCATCCGCAAGC-1_GSM4013388",0.490240478250619
"ATCATCTGTCCGACGT-1_GSM4013388",0.930248339920179
"GTGCATAAGGGTGTTG-1_GSM4013388",0.563711823041637
"TGTTCCGGTTACCAGT-1_GSM4013388",0.552093500554158
"CCTATTAAGTCTCCTC-1_GSM4013388",0.820201213685182
"CCCAATCAGGTAGCCA-1_GSM4013388",0.198590410519802
"ACACCAACATGATCCA-1_GSM4013388",0.263612801508848
"GTGCATAAGACTGTAA-1_GSM4013388",0.626013835774021
"CTACGTCGTGGTCTCG-1_GSM4013388",0.629580042710651
"ATCTGCCCACAACTGT-1_GSM4013388",0.532779193771591
"CTGCCTACATGCCTAA-1_GSM4013388",0.232372758907274
"CCTTCGATCTCCAACC-1_GSM4013388",0.43147936648805
"CGTAGCGTCGGCTTGG-1_GSM4013388",0.517122532200511
"GGCTCGATCCCTTGCA-1_GSM4013388",0.969330903224675
"GCTTGAAAGACAATAC-1_GSM4013388",0.270986164788354
"CAGCTAATCCCGGATG-1_GSM4013388",0.717223692113528
"TCAGCAAGTACGCACC-1_GSM4013388",0.49745672788836
"TTCTCCTCATGCCTAA-1_GSM4013388",0.650215328010848
"TCATTACGTCTTGCGG-1_GSM4013388",0.783025735308031
"GACGGCTTCAGAGGTG-1_GSM4013388",0.617176177073138
"GGAACTTCAGGGTTAG-1_GSM4013388",0.536653720073936
"CCTAAAGTCACATACG-1_GSM4013388",0.747709846824317
"TTCTCAACACCTCGTT-1_GSM4013388",0.845469644124541
"CACAGTAGTAGCGATG-1_GSM4013388",0.651417138985285
"TAAGTGCTCCGAAGAG-1_GSM4013388",0.765212804641633
"CCTATTATCGCAGGCT-1_GSM4013388",1.04622655033853
"CTCATTATCCAAACAC-1_GSM4013388",0.727805500725293
"TCCACACTCTTTACGT-1_GSM4013388",0.465877558256346
"TCTATTGCAAAGAATC-1_GSM4013388",0.966653539327517
"GGCTGGTGTGTAAGTA-1_GSM4013388",0.46051560608529
"CTCGAGGAGCCTTGAT-1_GSM4013388",0.957152792142775
"TGCGTGGTCGGATGTT-1_GSM4013388",0.436781817618958
"TCCACACGTCTGGAGA-1_GSM4013388",0.777405603324371
"TGAAAGAGTGCAGGTA-1_GSM4013388",0.74903210239852
"CTTCTCTCACAAGTAA-1_GSM4013388",0.777094978356577
"CACACAAAGGTTCCTA-1_GSM4013388",0.662051643905319
"CACTCCAAGCATGGCA-1_GSM4013388",0.84167017354064
"CGTTCTGTCGGATGGA-1_GSM4013388",0.734390841913317
"TTGCCGTTCAGTCCCT-1_GSM4013388",0.73526937727444
"GTGTTAGGTTCCACTC-1_GSM4013388",0.634457108646448
"TAAGCGTGTTAGATGA-1_GSM4013388",0.485799229474665
"CAAGAAAAGAAGGACA-1_GSM4013388",0.752071552608006
"TTAACTCGTTGGTTTG-1_GSM4013388",0.848899624242115
"GTACGTACAGTGACAG-1_GSM4013388",0.7762723060768
"CTCAGAAAGACAAGCC-1_GSM4013388",0.430287736460844
"ACCGTAATCCAAGCCG-1_GSM4013388",0.946833659333568
"AACGTTGGTCGCATCG-1_GSM4013388",0.564034053801165
"ACGATGTGTGTGTGCC-1_GSM4013388",0.495569362651643
"TGACAACCATACGCTA-1_GSM4013389",1.45054987843796
"CTCTGGTTCCATGAGT-1_GSM4013389",1.49714354988464
"TACGGATCAAGGCTCC-1_GSM4013389",1.47296428929915
"CAACCAAAGTCTCAAC-1_GSM4013389",1.04133100783657
"CGTGAGCGTGACTCAT-1_GSM4013389",1.501707572259
"CCCATACTCATACGGT-1_GSM4013389",1.43031990389533
"TAGACCAAGTAATCCC-1_GSM4013389",1.4633764595592
"CAGTAACAGTACATGA-1_GSM4013389",1.50724590850163
"ACATGGTAGATGGCGT-1_GSM4013389",0.909514670395982
"CGGACGTAGTCATCCA-1_GSM4013389",1.48313273766798
"GGGACCTTCTGCCAGG-1_GSM4013389",1.48797391542179
"CAGCCGAAGCGATATA-1_GSM4013389",1.46434789640795
"AACGTTGCATGGATGG-1_GSM4013389",1.42654666397085
"TCCACACAGTGTCCCG-1_GSM4013389",1.5000111908374
"TACCTATGTTATGCGT-1_GSM4013389",1.49041991387197
"CATCAAGGTGAAATCA-1_GSM4013389",1.51216473711421
"TGCACCTAGCTAACTC-1_GSM4013389",1.42889524761463
"CTCTACGAGCTTCGCG-1_GSM4013389",1.49781125846683
"GTCTCGTTCTTGCAAG-1_GSM4013389",1.44505539309849
"GGACATTAGATAGTCA-1_GSM4013389",1.54339189128525
"GGACAAGCAGCATACT-1_GSM4013389",1.48500878926406
"TCAGCTCTCCTGCAGG-1_GSM4013389",1.48055119246664
"CTCCTAGAGGGCTTGA-1_GSM4013389",1.47753188003545
"CTTACCGCACATGACT-1_GSM4013389",1.4223077336827
"ATAGACCCAGTTTACG-1_GSM4013389",1.52909250365993
"CGCTATCAGTCTCCTC-1_GSM4013389",1.43924351975681
"CACACTCAGTAAGTAC-1_GSM4013389",1.44350030020059
"TGGGCGTCAGATGAGC-1_GSM4013389",1.54922870787007
"CCTTTCTTCGCTGATA-1_GSM4013389",1.43215986328859
"ACTGAACCATTCCTGC-1_GSM4013389",1.38774854367712
"TGACTAGCACCTGGTG-1_GSM4013389",1.48549722237522
"GCTGCAGTCTGAAAGA-1_GSM4013389",1.4942741920276
"TACTCATTCTGCCCTA-1_GSM4013389",1.4670512492398
"CGAGCCACAGGGATTG-1_GSM4013389",1.4097501874197
"AAGACCTCATGCATGT-1_GSM4013389",1.53893049868546
"CAAGTTGGTGACCAAG-1_GSM4013389",1.45666684684002
"ACTGAACGTGAGGGTT-1_GSM4013389",1.47602056210161
"ACCGTAACAGACAAAT-1_GSM4013389",1.49528053550338
"CGGAGCTCAAAGTCAA-1_GSM4013389",1.51325884525927
"AGTGAGGAGCGCCTCA-1_GSM4013389",1.44387347205296
"TTCTCAATCCACGAAT-1_GSM4013389",1.35867531988081
"TGACTTTAGACTAGGC-1_GSM4013389",1.61174655592525
"GTAACTGAGGGTATCG-1_GSM4013389",1.42475097597529
"GGACAAGGTCACCCAG-1_GSM4013389",1.40214079913894
"ACGGGCTGTCTCCACT-1_GSM4013389",1.45095885957981
"CTACCCATCGTGACAT-1_GSM4013389",1.4971298746086
"TGGTTCCCATTTGCCC-1_GSM4013389",1.43043168406573
"TCTATTGCATCGACGC-1_GSM4013389",1.46930387727926
"AGCTTGAGTAACGTTC-1_GSM4013389",1.40707480587717
"CATCGAAGTTCCGGCA-1_GSM4013389",1.61895859626527
"GATCGTAAGCGTAGTG-1_GSM4013389",1.46642148720486
"TACGGTATCTAACTGG-1_GSM4013389",0.873350977177146
"ATAGACCGTTACGCGC-1_GSM4013389",1.6056466395032
"ACTTACTCACCGTTGG-1_GSM4013389",1.48268114586213
"TTTCCTCGTATAATGG-1_GSM4013389",1.41903564616154
"TTTGTCAAGGGTATCG-1_GSM4013389",1.49152684069917
"GCTGCAGCAAGACACG-1_GSM4013389",1.39690426397198
"AGTAGTCGTAGAGTGC-1_GSM4013389",0.996276812964428
"CTTCTCTTCAACTCTT-1_GSM4013389",1.36993748859489
"TAGAGCTAGAGACTTA-1_GSM4013389",1.50118727324657
"CAACCTCCAGGGTACA-1_GSM4013389",1.39429709280388
"CCATTCGCAGTAGAGC-1_GSM4013389",1.40859361035721
"TTCGAAGCACATAACC-1_GSM4013389",1.32473679335535
"CCTAGCTGTCCATGAT-1_GSM4013389",1.5105355292275
"AGAGTGGAGAACTCGG-1_GSM4013389",1.43776770432154
"GCACTCTAGAGCCCAA-1_GSM4013389",1.45583547743776
"TACTCATTCAGGTTCA-1_GSM4013389",1.35932039232467
"GCACATAAGAAGGTTT-1_GSM4013389",1.45239164100287
"GCGCGATAGTGATCGG-1_GSM4013389",1.50418404077026
"GGAACTTTCGCTGATA-1_GSM4013389",1.49314610279071
"GTGCATATCCAAACTG-1_GSM4013389",1.04119602693945
"ATCACGAGTCTCCACT-1_GSM4013389",1.37805280669843
"CTAGAGTTCGGCTACG-1_GSM4013389",1.36159706643563
"ATCTACTTCAATACCG-1_GSM4013389",1.40654581633141
"CTCGTACAGTGCAAGC-1_GSM4013389",1.36893004881885
"AAAGATGGTAAACACA-1_GSM4013389",0.823489736815126
"GAGCAGACACGGACAA-1_GSM4013389",1.41882807431613
"TAAGAGATCGCCCTTA-1_GSM4013389",1.53929136147968
"ATCACGATCCACGTTC-1_GSM4013389",0.791953707426527
"GCGCAGTCACCGTTGG-1_GSM4013389",1.48105393755409
"CTTTGCGAGCTGAAAT-1_GSM4013389",1.40566393536504
"TCGTACCCATGGTCTA-1_GSM4013389",1.50410906440025
"ATTGGACCAGCTGCTG-1_GSM4013389",1.37930591029676
"GCAATCAGTGCTGTAT-1_GSM4013389",1.35511409350667
"CGTCTACGTCGCGGTT-1_GSM4013389",1.38635239204174
"AAAGTAGTCGTTGACA-1_GSM4013389",1.43422587147393
"CTGTTTAGTGAAAGAG-1_GSM4013389",1.48228023994311
"ACCGTAAAGAACAACT-1_GSM4013389",1.32976777641133
"AAGCCGCCATGTCCTC-1_GSM4013389",1.36598181174352
"ACTTACTGTAGCTTGT-1_GSM4013389",1.41548375434678
"ACCTTTACAAAGGCGT-1_GSM4013389",1.38502921216148
"AGTGAGGGTCCAACTA-1_GSM4013389",1.37083153340334
"TATCAGGGTCGCTTTC-1_GSM4013389",1.38590560894995
"GACTACATCACAACGT-1_GSM4013389",1.42704761068556
"AGACGTTAGTCCCACG-1_GSM4013389",1.28547964527955
"AACACGTGTTGACGTT-1_GSM4013389",1.38829998643038
"TCACAAGGTGTTGGGA-1_GSM4013389",1.36159848590859
"AGCATACCACAAGCCC-1_GSM4013389",1.49829339228258
"GTGGGTCTCAAACAAG-1_GSM4013389",1.2800031993928
"TTGGAACAGTGTTAGA-1_GSM4013389",1.47077229277164
"AAAGCAACACGAAAGC-1_GSM4013389",1.26074057492238
"CACACTCGTCGCTTCT-1_GSM4013389",0.94457298711856
"CGTTAGAAGACAAGCC-1_GSM4013389",1.04272659489683
"TCACGAAAGACCACGA-1_GSM4013389",1.37713954913451
"GAAACTCGTAGCGCTC-1_GSM4013389",1.36643262883637
"ACGAGGACAGCCTGTG-1_GSM4013389",1.32388985096898
"ACCGTAAAGATACACA-1_GSM4013389",1.32773612990186
"CCGTTCAAGCGTAATA-1_GSM4013389",1.00832378471501
"CGTGTCTAGGGCTTGA-1_GSM4013389",0.955471368309946
"TTTACTGAGCTGCCCA-1_GSM4013389",1.24104440986038
"ACAGCCGAGACAGGCT-1_GSM4013389",0.989270244371862
"TACAGTGTCACCAGGC-1_GSM4013389",1.3805241132516
"CTCGTACTCCCTAATT-1_GSM4013389",1.37798746656252
"GATCGATGTATGGTTC-1_GSM4013389",1.28964454355633
"TAGGCATCATCTGGTA-1_GSM4013389",1.38547441812962
"ACTGTCCAGGGATGGG-1_GSM4013389",1.38602149312255
"CAGTCCTGTTAAAGTG-1_GSM4013389",1.24501186359777
"TGCTACCTCTTCGAGA-1_GSM4013389",1.2003095587284
"AAACGGGCAGGGTTAG-1_GSM4013389",1.40152816959533
"ATAGACCTCACGCATA-1_GSM4013389",1.35226897667815
"GCGCAACCAAAGCAAT-1_GSM4013389",1.2967270271589
"GAGGTGACAATCCAAC-1_GSM4013389",1.36420535218671
"GTCACGGGTGCAGTAG-1_GSM4013389",1.34073448029609
"GTCCTCAGTTACGTCA-1_GSM4013389",1.44137278955257
"CACACCTTCTCATTCA-1_GSM4013389",1.42711549693328
"ACAGCTAGTATTACCG-1_GSM4013389",1.04813709456479
"TACGGTAAGACCACGA-1_GSM4013389",1.37328540341788
"CTCGGGATCAACGGCC-1_GSM4013389",1.34573832780387
"AAGACCTAGGGCATGT-1_GSM4013389",1.34469708870307
"ACCCACTCAAGCGATG-1_GSM4013389",1.3344147995024
"ATCCGAAGTGTGCCTG-1_GSM4013389",1.42244809719796
"AAAGATGGTCAGCTAT-1_GSM4013389",1.06717777712006
"TGTATTCTCATGGTCA-1_GSM4013389",1.37764272732404
"GCAGTTATCGCGGATC-1_GSM4013389",1.33900292434419
"TGGCTGGAGGTACTCT-1_GSM4013389",1.36766121756125
"ACATACGGTACTTGAC-1_GSM4013389",1.41305637603182
"GTTCATTGTATTCTCT-1_GSM4013389",1.27602301694492
"CCATTCGAGGAGTAGA-1_GSM4013389",1.30017453708872
"GGGAATGGTTAAAGTG-1_GSM4013389",0.604349630427679
"ACTGTCCCACCATCCT-1_GSM4013389",1.27113998256461
"CGATCGGTCTGTGCAA-1_GSM4013389",0.662933127249404
"TGCTGCTTCAAGGCTT-1_GSM4013389",1.34641950778738
"CCTTCCCCAGTCAGCC-1_GSM4013389",1.32204466320904
"TGCTACCCACCGGAAA-1_GSM4013389",1.40035199616819
"AAGTCTGAGATGCGAC-1_GSM4013389",0.879414843459041
"TGGGAAGGTTTGGCGC-1_GSM4013389",1.35487281744103
"GTTAAGCGTTGTCTTT-1_GSM4013389",1.28033307591343
"GGGATGATCCGCAGTG-1_GSM4013389",1.41276681356742
"CTACATTAGTTAACGA-1_GSM4013389",1.08744401588968
"TTCTCCTCACTTAAGC-1_GSM4013389",1.31257137684403
"AGTGTCAGTGACTACT-1_GSM4013389",0.859521308978894
"CTGCGGAAGGTAAACT-1_GSM4013389",1.28047083642299
"GTCGTAACATTGGTAC-1_GSM4013389",1.34325747620111
"GCTGGGTTCGTCCGTT-1_GSM4013389",1.42127009506541
"GGAAAGCCAGCCAATT-1_GSM4013389",1.23399572359982
"AGGCCACTCGACCAGC-1_GSM4013389",1.06341662817307
"CTCCTAGAGGCGATAC-1_GSM4013389",0.742083595563898
"GAACGGACACACAGAG-1_GSM4013389",0.741444092700964
"GGAACTTGTCAACATC-1_GSM4013389",1.3403961163668
"TACGGGCTCAACGGCC-1_GSM4013389",0.842050849563348
"CCACTACGTAGGCATG-1_GSM4013389",1.52980262594681
"GCTTGAAAGCCTCGTG-1_GSM4013389",0.739668227365663
"TGCCCTAGTCCTCTTG-1_GSM4013389",1.16279604387371
"CGCGGTATCGCAGGCT-1_GSM4013389",1.25501285819075
"CTACACCGTTACCGAT-1_GSM4013389",1.3399108761929
"CTGAAACGTGATAAAC-1_GSM4013389",0.827352744180361
"TTGCGTCGTACAGACG-1_GSM4013389",0.547968529829519
"GCATACATCAACACGT-1_GSM4013389",1.21860588224606
"CTAGTGAGTCTGGTCG-1_GSM4013389",1.36886797223395
"TATCTCAGTTTGGCGC-1_GSM4013389",1.29687264859941
"CGCGGTAGTCAAAGCG-1_GSM4013389",1.27825255555879
"AAACCTGAGGCAAAGA-1_GSM4013389",0.639462417637303
"CCTAGCTGTGACAAAT-1_GSM4013389",1.29849007238394
"CGTCACTTCGCGGATC-1_GSM4013389",1.32388088482793
"AGATTGCTCCTGTACC-1_GSM4013389",1.25042633279808
"CGGCTAGCAAGTTCTG-1_GSM4013389",1.19585651648507
"CACAGGCTCTGGTTCC-1_GSM4013389",1.22120032519896
"CATCAAGCATGTTGAC-1_GSM4013389",0.436192559357812
"GCACTCTAGCCCAATT-1_GSM4013389",1.34380203915388
"GGCGACTCAAGCGTAG-1_GSM4013389",1.34491689139519
"TCGGTAATCAACACGT-1_GSM4013389",1.30027435946633
"CCGTGGATCTTAACCT-1_GSM4013389",1.05547089866457
"AGGGTGAGTGCTTCTC-1_GSM4013389",1.29451333357157
"TCTTTCCCACAAGACG-1_GSM4013389",1.26563404256326
"GACACGCGTGGACGAT-1_GSM4013389",1.25479438540673
"TCAGGATTCGCGGATC-1_GSM4013389",1.28310054326204
"GAGGTGACAGCTGTAT-1_GSM4013389",0.824724502516929
"GACGGCTGTCTCTTTA-1_GSM4013389",0.809928895740278
"CCGTACTGTTCCATGA-1_GSM4013389",1.411268236439
"GGCTGGTAGGCTACGA-1_GSM4013389",0.785360952545534
"CTTAACTAGCAAATCA-1_GSM4013389",0.722391980939526
"AACGTTGAGCTGAAAT-1_GSM4013389",0.844354174176137
"GTAGGCCGTGTGGTTT-1_GSM4013389",1.24621338113635
"CACAGGCAGGCTAGAC-1_GSM4013389",1.30617951081613
"TCGTAGAGTCATCCCT-1_GSM4013389",1.3711406221582
"CTGAAGTCACAGACTT-1_GSM4013389",1.15075891581139
"CCTAGCTGTAACGCGA-1_GSM4013389",0.79205109083768
"GTGCGGTGTACCGTAT-1_GSM4013389",1.34394236850914
"GAATAAGAGTACCGGA-1_GSM4013389",1.15527070197956
"GGATTACTCTGAGGGA-1_GSM4013389",1.3007941638795
"CATCGGGTCCTCTAGC-1_GSM4013389",1.30392553366311
"TGGCCAGGTCAATACC-1_GSM4013389",0.753334801946021
"ACGGCCACAGTTCCCT-1_GSM4013389",0.957731192467032
"TACACGAGTTGATTGC-1_GSM4013389",1.2793754046595
"ATCTGCCTCGCAAACT-1_GSM4013389",0.839960590803868
"CCTTCGACACGAGGTA-1_GSM4013389",0.697657398842713
"CGCGTTTGTCTCGTTC-1_GSM4013389",0.877063862279131
"GTTACAGCATCGGTTA-1_GSM4013389",0.679830676074463
"TGTGTTTGTTCACGGC-1_GSM4013389",1.34672731404133
"CCAATCCAGCGATCCC-1_GSM4013389",0.724150855784691
"ATAACGCGTCCAGTTA-1_GSM4013389",1.22697943047504
"TCACAAGAGGCCCTTG-1_GSM4013389",1.15729229562457
"CCTTACGTCTGCAGTA-1_GSM4013389",0.935666885466613
"AAAGATGTCCTGCAGG-1_GSM4013389",1.14940231656502
"CGTCCATCAAGCCCAC-1_GSM4013389",1.29431369839743
"TTGGAACTCGGCGCAT-1_GSM4013389",1.04874078984891
"CATGCCTCAGGAACGT-1_GSM4013389",0.77687657455035
"TGACGGCTCAAACAAG-1_GSM4013389",1.27748409981442
"CGTAGCGAGCAGACTG-1_GSM4013389",1.21588481499941
"TAGGCATTCGGTTCGG-1_GSM4013389",0.737978600844819
"GTAGTCAAGCCAGAAC-1_GSM4013389",1.30194618190058
"CTTGGCTCACACTGCG-1_GSM4013389",1.39500036210056
"ACTGATGAGTCATCCA-1_GSM4013389",1.28888093751485
"GCGGGTTCAGCGAACA-1_GSM4013389",1.31352579147545
"GCTCTGTAGGACAGAA-1_GSM4013389",0.947732253438878
"AGTAGTCGTGTTTGGT-1_GSM4013389",1.27481462864042
"CTCGGGACATGCTGGC-1_GSM4013389",1.19628291121061
"AAACGGGCATGTAGTC-1_GSM4013389",1.09945897950724
"TCATTTGGTTACGTCA-1_GSM4013389",1.30811591386208
"GTGGGTCTCAGTTAGC-1_GSM4013389",1.24057865319329
"GCATGATGTTTAGCTG-1_GSM4013389",1.20000467445221
"CATCAGACATGAGCGA-1_GSM4013389",0.914789914121995
"TCGCGAGAGAGATGAG-1_GSM4013389",1.19503101721724
"GATGAGGTCATTGCCC-1_GSM4013389",0.796582168846525
"AGAGCTTCACTAAGTC-1_GSM4013389",1.1367182984569
"CATCAAGGTGCCTTGG-1_GSM4013389",1.34809709139183
"GTCGTAAGTGCTGTAT-1_GSM4013389",0.627636646416222
"CCCAGTTCATAAGACA-1_GSM4013389",1.24304119758491
"CTAACTTTCTGCTGCT-1_GSM4013389",1.21415814594863
"GTGTTAGCACCAGCAC-1_GSM4013389",1.33990323578609
"TTGGCAATCTTCTGGC-1_GSM4013389",0.777451112852027
"GACTACACACGGATAG-1_GSM4013389",1.09471862531171
"CGGACACTCAACGCTA-1_GSM4013389",1.26944956039746
"TTCCCAGAGAAACCAT-1_GSM4013389",0.790725417755052
"CTGCGGAGTTCCGTCT-1_GSM4013389",1.3336666272125
"TGCGGGTGTCTCTTAT-1_GSM4013389",0.98711689499745
"TGACGGCGTAAGGGAA-1_GSM4013389",0.655943360224319
"GACAGAGCAGACGTAG-1_GSM4013389",1.27489553651676
"AAAGTAGCAGGTCGTC-1_GSM4013389",1.21732729812373
"CCGGGATAGGAGCGTT-1_GSM4013389",0.837041469812619
"GTAGGCCCAATGGACG-1_GSM4013389",1.34831642417502
"CGATCGGCAGACAAAT-1_GSM4013389",1.16986247102689
"TGCTACCAGAAACCGC-1_GSM4013389",1.30781034289231
"CCACCTAAGAGCTTCT-1_GSM4013389",0.773730959210914
"CAGCGACTCCTACAGA-1_GSM4013389",1.27598124870681
"AGATCTGTCGTCGTTC-1_GSM4013389",1.17761832662557
"ACGATGTTCGTCTGAA-1_GSM4013389",1.10872798836837
"AGATTGCAGTGTACGG-1_GSM4013389",0.855613972751217
"ACGATACCATCTCGCT-1_GSM4013389",1.20151729268947
"CGAGCACTCGACCAGC-1_GSM4013389",1.0300586529753
"CTCACACTCGAGGTAG-1_GSM4013389",1.13155384919176
"CTCTAATGTAAATGTG-1_GSM4013389",0.329533056899411
"TGCTACCAGCTTATCG-1_GSM4013389",0.759640763280347
"GCTGGGTCATCAGTCA-1_GSM4013389",0.834850790380626
"TCGGTAACAGTATCTG-1_GSM4013389",1.34137298087944
"CTACGTCCACGAGAGT-1_GSM4013389",1.22588679902178
"AGATTGCTCTTTAGGG-1_GSM4013389",1.18756625784137
"TGAGCATCAGCCTTGG-1_GSM4013389",0.709405143273087
"ACACCAATCGTCCGTT-1_GSM4013389",0.707100729478168
"TACGGTAAGAGCCCAA-1_GSM4013389",0.964536246675661
"GGGAGATCATAGACTC-1_GSM4013389",1.14085530917783
"TGTTCCGCAAAGTCAA-1_GSM4013389",1.16509449695755
"CGCTTCATCGTACGGC-1_GSM4013389",1.28685283080106
"AATCGGTAGGTAAACT-1_GSM4013389",1.11097405827808
"ATTTCTGAGACAGAGA-1_GSM4013389",1.1244116216826
"ACTGAGTGTATTACCG-1_GSM4013389",1.18520939517499
"TCATTACGTTACCGAT-1_GSM4013389",0.846439285401623
"CAAGATCCATAAGACA-1_GSM4013389",0.888497544662075
"CGAGCACGTCTCAACA-1_GSM4013389",1.36667863346485
"CGTGAGCCAATGACCT-1_GSM4013389",1.04981357774302
"CCTTCGATCGCGTAGC-1_GSM4013389",0.73514201789127
"AGATTGCAGTGTTAGA-1_GSM4013389",1.17026052945266
"TCACGAAGTTCCACTC-1_GSM4013389",0.650101923197306
"AGTAGTCAGAAACGCC-1_GSM4013389",1.17826739697221
"CTGCGGACAGACGCAA-1_GSM4013389",1.09420071705346
"TTGAACGTCGGATGGA-1_GSM4013389",0.954247901861259
"ACTGAGTCACATGGGA-1_GSM4013389",0.813496492704229
"GAGCAGACACGAAGCA-1_GSM4013389",0.479377871570835
"TAAGTGCGTACATGTC-1_GSM4013389",0.58179996473767
"ACGGGCTAGCCAACAG-1_GSM4013389",0.806741986889098
"CACTCCATCTTGCCGT-1_GSM4013389",1.21595597283985
"GTACGTACATCACGAT-1_GSM4013389",0.811433529969138
"TAAGCGTAGTGTTGAA-1_GSM4013389",1.18100472320903
"ACGGGTCAGGCATGTG-1_GSM4013389",1.19636552810528
"TGAGCCGGTAGAGGAA-1_GSM4013389",1.19998207288383
"TCATTACCACAGCCCA-1_GSM4013389",0.795235304059029
"GTCATTTCATCCGTGG-1_GSM4013389",1.15063562773481
"GTGGGTCAGAGTTGGC-1_GSM4013389",1.21795011154934
"CGTCTACCACAAGACG-1_GSM4013389",1.18004700010982
"ATTGGACCACACCGAC-1_GSM4013389",0.850557990264992
"CAACCAACAACACGCC-1_GSM4013389",1.21756307457349
"CACAGGCTCTCGTTTA-1_GSM4013389",0.949041934971871
"AGCTCCTCATGCGCAC-1_GSM4013389",0.907086034477794
"TCAGGATGTAGTACCT-1_GSM4013389",1.00799701197684
"ACAGCTAAGCTACCGC-1_GSM4013389",0.779287880287197
"GTCTCGTTCGGACAAG-1_GSM4013389",0.966335338449602
"ACATACGTCCAGGGCT-1_GSM4013389",1.14830510752971
"CTGATAGTCAACACCA-1_GSM4013389",1.21888500190361
"TGACAACAGGATGCGT-1_GSM4013389",1.2370483591863
"GAAATGACATCGTCGG-1_GSM4013389",1.1443330104134
"GTGCATAAGGAATGGA-1_GSM4013389",1.02043134625594
"AAAGTAGGTTGTTTGG-1_GSM4013389",1.13974081394336
"AGGCCGTGTCGCCATG-1_GSM4013389",1.13964826931626
"ACGATGTGTAGCGATG-1_GSM4013389",0.605314735306201
"TTGGAACGTGTTTGGT-1_GSM4013389",1.2872790232507
"AGAGTGGAGCCCGAAA-1_GSM4013389",1.1881176688197
"CTTTGCGTCCGCATCT-1_GSM4013389",0.311879934853578
"GCATACACATTAGGCT-1_GSM4013389",1.16393931198088
"ATCATCTGTCAATACC-1_GSM4013389",1.21206104578617
"CACTCCATCTAGAGTC-1_GSM4013389",1.11619753633753
"CCTATTAAGGGTGTTG-1_GSM4013389",0.734661558479253
"ACGCAGCCAAGGTGTG-1_GSM4013389",1.13458655477619
"CTACCCAAGTTAAGTG-1_GSM4013389",0.82857424198107
"GCATACAGTTAAAGTG-1_GSM4013389",0.912326947785323
"GCATGCGCATTAGGCT-1_GSM4013389",0.757786796704732
"AATCGGTGTGCGAAAC-1_GSM4013389",0.588278596109537
"GGCTCGAAGCATCATC-1_GSM4013389",0.757314323903387
"CCACGGACAAACGTGG-1_GSM4013389",0.664324161998554
"CAACTAGAGATGAGAG-1_GSM4013389",0.823510484417849
"AACTGGTTCTTAGCCC-1_GSM4013389",0.750951456630926
"CGCGGTAAGCCCAATT-1_GSM4013389",1.24621490710624
"ATGAGGGAGCTGCAAG-1_GSM4013389",0.794465801526125
"TAAGAGATCTTGGGTA-1_GSM4013389",0.583435514476639
"GGGATGACAACACGCC-1_GSM4013389",0.325470233005518
"TAAGCGTGTCTAAAGA-1_GSM4013389",1.18067069753946
"GCTTGAACAGATCTGT-1_GSM4013389",1.02731906182116
"CAGCTGGCAGAGCCAA-1_GSM4013389",1.09714223514603
"CAGCTAAAGAGGTTGC-1_GSM4013389",0.753993732488829
"TTTGCGCAGGGAACGG-1_GSM4013389",1.18609485021867
"ACTGATGGTATATGAG-1_GSM4013389",0.885371741232565
"ACATACGCAGACGCTC-1_GSM4013389",0.670773204452147
"CAGCATATCTCCAACC-1_GSM4013389",1.03926632726278
"GTCATTTTCTCCTATA-1_GSM4013389",1.00985377183659
"CGGACGTGTCTGCGGT-1_GSM4013389",1.16075514694533
"TCAGATGAGTGTGGCA-1_GSM4013389",0.795369934056057
"GTTCTCGTCCTCCTAG-1_GSM4013389",0.72867881243662
"CATTATCCACCGAAAG-1_GSM4013389",0.828786693471295
"AACTTTCAGTCAATAG-1_GSM4013389",0.892680539518905
"CATATTCCATGGTTGT-1_GSM4013389",0.931105728742663
"TGCCCTAGTATGAAAC-1_GSM4013389",1.49271816566181
"GATCAGTTCGAGGTAG-1_GSM4013389",0.61001677482183
"CTGAAACGTAAGGGAA-1_GSM4013389",1.13785600472118
"AAATGCCTCGGAATCT-1_GSM4013389",1.03873325426947
"GATGAAATCCTTTACA-1_GSM4013389",0.861352470363487
"AGGGTGATCTTCAACT-1_GSM4013389",0.771889550661316
"CCGTGGAAGAGCTGCA-1_GSM4013389",0.967193321601845
"AAGTCTGAGATCACGG-1_GSM4013389",0.938255913330669
"CACAAACGTCCAGTAT-1_GSM4013389",1.25088612095661
"ATCCACCAGTTAAGTG-1_GSM4013389",1.06459345692559
"ATGTGTGAGCTAAGAT-1_GSM4013389",1.03638695933179
"CGACTTCGTACCAGTT-1_GSM4013389",1.09274946384656
"TCTATTGCACACAGAG-1_GSM4013389",1.10786291344069
"GACTAACAGCACAGGT-1_GSM4013389",1.0407721420657
"GCCAAATAGGTAGCTG-1_GSM4013389",1.00612984631243
"AGGGAGTGTCATTAGC-1_GSM4013389",0.569280618827323
"CTTAGGAGTGCAGGTA-1_GSM4013389",0.259003823572651
"GGATTACAGCCACTAT-1_GSM4013389",0.544764268002244
"GTCGGGTGTACATGTC-1_GSM4013389",0.714187069739689
"TGATTTCAGATCCCGC-1_GSM4013389",1.04238049148258
"CGGGTCAGTACTCTCC-1_GSM4013389",1.03897889881553
"TATGCCCTCGGCGCAT-1_GSM4013389",0.772249169981921
"GGACAAGAGTGGTAGC-1_GSM4013389",1.11977493407533
"GGTGCGTGTGGACGAT-1_GSM4013389",0.789201660878627
"CCCAATCAGGGTATCG-1_GSM4013389",0.981025945482576
"CTACATTCATCCTTGC-1_GSM4013389",1.17973072062097
"TTATGCTTCATTGCCC-1_GSM4013389",1.04174890027318
"AGACGTTGTGCGCTTG-1_GSM4013389",1.1208381976076
"ATAACGCTCTTACCTA-1_GSM4013389",1.05204596301677
"GTACTCCGTGCAGACA-1_GSM4013389",0.768702198332472
"TGAGCATCAAGGCTCC-1_GSM4013389",0.846715870338189
"ACGATACCACTTCTGC-1_GSM4013389",1.03685644217514
"ATCCACCCAGACAAGC-1_GSM4013389",1.00262464742588
"CACCACTAGCCATCGC-1_GSM4013389",1.03112177388267
"GGTGAAGAGAGGTTAT-1_GSM4013389",1.20138342158012
"CTAGCCTGTTGTCTTT-1_GSM4013389",1.09803655565831
"ACGCCAGGTGCAGTAG-1_GSM4013389",1.11478008583278
"CGTAGCGAGAAGAAGC-1_GSM4013389",1.25619118036624
"CGTCCATGTTCACCTC-1_GSM4013389",1.01008887120526
"TGACAACTCTTACCTA-1_GSM4013389",0.89105667571206
"GCAAACTCAGGTGCCT-1_GSM4013389",0.756284803570757
"AGAATAGTCGCGCCAA-1_GSM4013389",0.640158393200628
"GAAGCAGGTTCCACAA-1_GSM4013389",0.585502614437532
"GACCAATCATACGCTA-1_GSM4013389",0.68824738367913
"TACAGTGCATGTCCTC-1_GSM4013389",1.20178717149895
"CAGCTGGTCGTTACAG-1_GSM4013389",0.958326391982467
"CGATTGACATCGATGT-1_GSM4013389",0.869005311948245
"CTCGAAAAGTGGAGTC-1_GSM4013389",0.899514775106578
"CCTTCCCTCTTGACGA-1_GSM4013389",0.900255183295294
"TCGGGACGTCTAGGTT-1_GSM4013389",0.251565670229694
"TCGTAGATCAGAGGTG-1_GSM4013389",0.891936096202613
"GGACAAGAGTGCGATG-1_GSM4013389",0.826133860348709
"ACCGTAAGTCTCTCTG-1_GSM4013389",0.719995929475757
"ACGCCGACAGGGTTAG-1_GSM4013389",0.998019282580886
"CACCTTGAGGGCATGT-1_GSM4013389",0.969308841068292
"CGCGGTAAGGTGCTTT-1_GSM4013389",0.361651738622741
"AGTGGGATCGCCATAA-1_GSM4013389",1.08947114113895
"GCTCCTAGTGGAAAGA-1_GSM4013389",0.623489650836706
"GGACGTCAGTTGAGTA-1_GSM4013389",0.348861709078786
"TATCAGGCACAGAGGT-1_GSM4013389",0.3467329266598
"TTGCGTCAGGCTACGA-1_GSM4013389",0.652922903755623
"TCTCTAACAATGAAAC-1_GSM4013389",1.21628977236554
"GATCAGTAGGTCATCT-1_GSM4013389",0.725975001658249
"GACGTGCTCATGTCCC-1_GSM4013389",0.837257318182639
"CGTAGCGTCAGGCGAA-1_GSM4013389",0.906599954920227
"CTAGTGAGTGCGATAG-1_GSM4013389",0.713863931739614
"TAGTTGGGTCTAGTGT-1_GSM4013389",0.845331450810789
"GGTGTTAGTGCCTTGG-1_GSM4013389",1.01375502501266
"CACTCCATCCGCATCT-1_GSM4013389",0.6768443808347
"GCTCTGTGTCGCTTCT-1_GSM4013389",0.656693329943306
"GTGCGGTTCAGCACAT-1_GSM4013389",0.77516123052716
"GTCGGGTCAAACTGTC-1_GSM4013389",0.525650997269849
"AAGGAGCCATCGGACC-1_GSM4013389",0.953529361096142
"AGTGGGAAGTACATGA-1_GSM4013389",1.08828386983499
"AACCGCGGTTAAGTAG-1_GSM4013389",0.576537337466332
"GGTATTGCAGGCTGAA-1_GSM4013389",1.11807747344412
"TCGTACCAGCCGTCGT-1_GSM4013389",0.5652004810197
"CGGTTAACAGGCTCAC-1_GSM4013389",1.2002718375893
"TCCACACGTATAATGG-1_GSM4013389",1.01639318484971
"ATCCACCCATTTGCCC-1_GSM4013389",0.75334297276839
"GACGCGTGTGAGGCTA-1_GSM4013389",0.856574572594681
"GACCAATCAGGGCATA-1_GSM4013389",0.782232773033085
"TGACTTTGTCAATACC-1_GSM4013389",0.809809682473628
"GTCACGGAGGGCTTGA-1_GSM4013389",0.714838849993414
"CATATTCCAGGAATGC-1_GSM4013389",0.947112480351481
"GCTGCTTCACGAGGTA-1_GSM4013389",0.667774926474057
"ACAGCTACAGACGTAG-1_GSM4013389",0.377398155175691
"AGCTCCTAGCTGTTCA-1_GSM4013389",0.9435250274931
"GGGCACTAGCACGCCT-1_GSM4013389",0.722702596099164
"CGTAGGCGTGTAAGTA-1_GSM4013389",0.983258675592594
"TTAGGCACACATCCGG-1_GSM4013389",1.03214140448551
"GCTCTGTCAGACGCCT-1_GSM4013389",1.11038255444182
"GGGCATCCACATGACT-1_GSM4013389",1.02599160860069
"GATCTAGGTCGAGATG-1_GSM4013389",0.556583540266958
"TATGCCCAGTCAAGCG-1_GSM4013389",0.956381615038046
"AAGGCAGGTCCATGAT-1_GSM4013389",1.11922802338122
"GATTCAGGTTCGGGCT-1_GSM4013389",0.996488017980449
"CCTTACGTCGTTGCCT-1_GSM4013389",0.642455406600983
"ATCCGAATCAGCCTAA-1_GSM4013389",0.459577123614616
"CTTAACTAGTTAACGA-1_GSM4013389",0.288288156586599
"ACTTGTTAGGATGCGT-1_GSM4013389",0.620309093663442
"CTCGGAGTCGCGTTTC-1_GSM4013389",0.805599640411151
"CAGGTGCGTCATGCAT-1_GSM4013389",0.975777908097226
"TGCGCAGCAGCCAGAA-1_GSM4013389",0.505204677028358
"CGAGCACAGATCTGAA-1_GSM4013389",1.01734542652933
"CAAGATCTCGCCATAA-1_GSM4013389",1.00100508502146
"CGTGAGCTCGTGACAT-1_GSM4013389",0.851286051856609
"GTTCATTAGAAACCAT-1_GSM4013389",1.12188652100571
"ATGAGGGCAAGCGATG-1_GSM4013389",0.626322299964499
"GGCCGATGTCATGCCG-1_GSM4013389",1.04768789365128
"TGACGGCTCTGGTGTA-1_GSM4013389",0.932637917118749
"AGCTCTCGTGCAACGA-1_GSM4013389",0.931668305388896
"CCGTGGATCGTAGATC-1_GSM4013389",0.209246216920449
"TAGCCGGTCCGCAAGC-1_GSM4013389",0.760884336729364
"ATCATGGCACATTCGA-1_GSM4013389",0.83028304759534
"GTACGTAAGTACACCT-1_GSM4013389",0.347085077605761
"CGAGAAGTCGTTTAGG-1_GSM4013389",0.496907158155828
"GTCCTCAAGATGTTAG-1_GSM4013389",0.852294534591319
"CACACCTCAATCCGAT-1_GSM4013389",0.583460415694825
"CGGGTCATCCCTCAGT-1_GSM4013389",0.589649048575539
"AGATCTGAGCACAGGT-1_GSM4013389",0.520741075947084
"GATCAGTAGACGCAAC-1_GSM4013389",1.03093199066708
"TACAGTGCAAAGCAAT-1_GSM4013389",0.820206187696571
"ACCGTAAAGTACCGGA-1_GSM4013389",0.866595115110574
"TACTTGTGTAGCCTCG-1_GSM4013389",0.252930789844911
"TACTCGCAGCGATGAC-1_GSM4013389",0.999578517681369
"CCTATTAGTTCCATGA-1_GSM4013389",0.769780544053866
"CTGGTCTGTCCGAGTC-1_GSM4013389",0.548553287355799
"GCGACCAAGAGACTTA-1_GSM4013389",0.896699079289126
"CACAAACAGGACAGAA-1_GSM4013389",0.429086831355257
"TGCCCTATCCAGTATG-1_GSM4013389",0.456841112825147
"CTTAACTAGAGGTACC-1_GSM4013389",0.857712089962357
"CTTCTCTGTCCCTACT-1_GSM4013389",0.731838089401873
"TTGAACGTCATTTGGG-1_GSM4013389",0.776301728636462
"CCGGGATCATTATCTC-1_GSM4013389",0.949466860165552
"TTGACTTCAGGAACGT-1_GSM4013389",0.247160561898272
"TGAGGGAAGGGCTCTC-1_GSM4013389",0.298927464452642
"TCGGGACGTGGCAAAC-1_GSM4013389",0.550466214749349
"ACTTGTTTCACGGTTA-1_GSM4013389",0.667499278441899
"GTTCTCGTCGAACGGA-1_GSM4013389",0.906821994679415
"GATCGTATCCGTCATC-1_GSM4013389",0.817732549825546
"AGTGAGGTCAATACCG-1_GSM4013389",0.826953070795977
"CAGCCGAGTGCACGAA-1_GSM4013389",0.725288312007017
"AGTGTCAGTGCGCTTG-1_GSM4013389",0.701473234289364
"AAAGTAGTCCTCAATT-1_GSM4013389",0.630943974097719
"TTGGCAACAAGCGCTC-1_GSM4013389",0.542015620504731
"TGAGCATAGTATCGAA-1_GSM4013389",0.833439518521603
"ATCATCTTCAAACGGG-1_GSM4013389",1.06361037495654
"TTAGGACTCCGCGGTA-1_GSM4013389",0.239288955272511
"CGCTATCCAATAGAGT-1_GSM4013389",0.316800288231446
"TGATTTCCACGGTTTA-1_GSM4013389",0.871507310410977
"GTGGGTCCAGCCACCA-1_GSM4013389",0.906527163925556
"CATGACATCGGTTAAC-1_GSM4013389",0.482471153051468
"CGGACTGAGCTGCCCA-1_GSM4013389",1.0024439981349
"AAAGTAGTCGTTACGA-1_GSM4013389",0.849115848828906
"CCTATTATCGCTAGCG-1_GSM4013389",0.639946323969232
"CCCATACTCCTATGTT-1_GSM4013389",0.632025785569064
"AGGTCATCAGCGAACA-1_GSM4013389",1.09342072398987
"AGTCTTTGTCGAGTTT-1_GSM4013389",0.735554619298554
"GATTCAGTCATCGATG-1_GSM4013389",0.203520298086613
"TTGCGTCGTGACAAAT-1_GSM4013389",0.946496316697216
"CGTTAGAGTCTCATCC-1_GSM4013389",0.168632214479481
"CGCTGGATCCATTCTA-1_GSM4013389",0.756002043550097
"GGTGAAGTCATCACCC-1_GSM4013389",0.831384760515407
"TTGTAGGGTTAGATGA-1_GSM4013389",0.553166772444017
"CTGAAACAGCCAGGAT-1_GSM4013389",0.108418207743336
"GGCCGATCATGGGACA-1_GSM4013390",1.43901779502746
"CAAGTTGAGTACGCCC-1_GSM4013390",1.40586999796928
"GGCTCGATCAATAAGG-1_GSM4013390",1.47345204724656
"CTGGTCTTCACCCGAG-1_GSM4013390",1.47579759790569
"GAACATCTCCAAAGTC-1_GSM4013390",1.42020437218821
"GGGAGATTCCAAAGTC-1_GSM4013390",1.50455703918732
"AGCCTAAGTAACGTTC-1_GSM4013390",1.39307000169505
"GGACGTCGTGGTAACG-1_GSM4013390",1.43267521625781
"CGTCAGGCACCCTATC-1_GSM4013390",1.40756718281353
"GCAGCCATCAGCGATT-1_GSM4013390",1.29899299724965
"GACAGAGTCTTACCTA-1_GSM4013390",1.40017999765307
"GGGTTGCCAAGCTGGA-1_GSM4013390",1.45279395133989
"CATCGGGGTTCCACGG-1_GSM4013390",1.37286702032687
"GACTACAAGGTCGGAT-1_GSM4013390",1.51272860083425
"GGGTCTGTCACGGTTA-1_GSM4013390",1.48601980039845
"GGGCATCTCATCGGAT-1_GSM4013390",1.34506789120119
"CCTAAAGGTGCATCTA-1_GSM4013390",1.43772927153324
"CTTAACTGTCTTTCAT-1_GSM4013390",1.4503816645433
"ACGCAGCCAGTGACAG-1_GSM4013390",1.44611540409351
"TAAGTGCCATGCCACG-1_GSM4013390",1.47993655905152
"AAAGTAGTCGATCCCT-1_GSM4013390",1.42996505010998
"CACATTTTCTGGTTCC-1_GSM4013390",1.35319743049392
"CTGAAGTCAGACACTT-1_GSM4013390",1.41482965371127
"CTTCTCTGTAGCTAAA-1_GSM4013390",1.41573424298742
"GGGCATCCAGGTCGTC-1_GSM4013390",1.40132256656409
"GACGGCTTCGAATGGG-1_GSM4013390",1.43154560815233
"TGAGGGACAACGATCT-1_GSM4013390",1.39962535995178
"CAAGAAAGTCTCATCC-1_GSM4013390",1.42736342640474
"CCTACACGTTACGACT-1_GSM4013390",1.34892507741004
"CTCGAGGAGTCGTACT-1_GSM4013390",1.35849716594329
"CTCGTCATCCCTCAGT-1_GSM4013390",1.34721770555589
"GCAAACTTCTGGCGAC-1_GSM4013390",1.41559219564383
"TCGTACCTCTTGCAAG-1_GSM4013390",1.40949046040874
"TGCCAAACATGGTAGG-1_GSM4013390",1.4760998658519
"GCTCCTAAGTTCGCGC-1_GSM4013390",1.34315890550499
"GTCAAGTTCATGCAAC-1_GSM4013390",1.33800380828223
"TTAGGACTCGGCATCG-1_GSM4013390",1.39725675733308
"GTACTCCCAGCCACCA-1_GSM4013390",1.43850684357294
"ACTGAGTAGCTTATCG-1_GSM4013390",1.28474084367457
"AAGGAGCGTGAGCGAT-1_GSM4013390",1.42890289056747
"TTGTAGGTCATTGCGA-1_GSM4013390",1.47787731705544
"CTACATTTCCATGAGT-1_GSM4013390",1.45631025672374
"TCATTTGTCAACGCTA-1_GSM4013390",1.47824368464517
"CGGACGTAGCAACGGT-1_GSM4013390",1.38311704101825
"TGGTTAGAGATGTCGG-1_GSM4013390",1.4119153750164
"GTTACAGCACATCCAA-1_GSM4013390",1.42507350730893
"CACCAGGCAGGCTGAA-1_GSM4013390",1.46710532429594
"GCATGATAGGGTGTTG-1_GSM4013390",1.2831982223665
"CGCTGGAGTTGGAGGT-1_GSM4013390",1.35014277840649
"CAACTAGGTATCTGCA-1_GSM4013390",1.40539885427857
"TCGGGACGTCGCATAT-1_GSM4013390",1.50784413033173
"CACAGGCTCGCTAGCG-1_GSM4013390",1.42074507712102
"ACGCCAGAGTAGCCGA-1_GSM4013390",1.45291025973125
"CATCAAGTCTACCAGA-1_GSM4013390",1.38226553821336
"TATCAGGCACGCATCG-1_GSM4013390",1.45200985059181
"GTCTCGTTCTAGAGTC-1_GSM4013390",1.40986186517773
"TGAGAGGAGTGGTAGC-1_GSM4013390",1.40898061445356
"TATGCCCGTGTTAAGA-1_GSM4013390",1.42471801553522
"CAGTAACCATCTACGA-1_GSM4013390",1.49082401482205
"GAGTCCGCATCCTTGC-1_GSM4013390",1.54208659104118
"ATCATGGTCTTGTCAT-1_GSM4013390",1.41671381190873
"GAAACTCAGGTTCCTA-1_GSM4013390",1.46041025248319
"ACGCCAGGTGGTGTAG-1_GSM4013390",1.35680522508862
"CCTTTCTAGCAAATCA-1_GSM4013390",1.4640817296459
"TGGCCAGTCGCATGAT-1_GSM4013390",1.27541971339081
"CCACGGAAGACGCACA-1_GSM4013390",1.44097484579163
"TTGACTTGTATCTGCA-1_GSM4013390",1.36823718294359
"GACGTGCAGCCTATGT-1_GSM4013390",1.50033312882437
"TAGCCGGAGAATAGGG-1_GSM4013390",1.43074646969413
"CTTAGGACAATCTGCA-1_GSM4013390",1.35229025357923
"GCTCTGTGTTAGAACA-1_GSM4013390",1.44125039300909
"GCAGCCAAGTCACGCC-1_GSM4013390",1.35164287109954
"ACACCCTAGCTAAGAT-1_GSM4013390",1.36008907103442
"CTAACTTTCACCGGGT-1_GSM4013390",1.46194124562257
"CCACGGACATTTCAGG-1_GSM4013390",1.5063086625292
"ATCATCTTCCTAGGGC-1_GSM4013390",1.32015615367677
"CCCATACGTTACGACT-1_GSM4013390",1.49711348327873
"GTGCATAAGACTAGGC-1_GSM4013390",1.42786328977193
"GGAACTTTCTCTAGGA-1_GSM4013390",1.39588682800684
"GCCTCTACAGGCTGAA-1_GSM4013390",1.38789165485995
"CTTAGGAGTAGAGTGC-1_GSM4013390",1.42718797979494
"GTGCGGTAGACGACGT-1_GSM4013390",1.29337747801862
"ACGAGCCTCTGCGTAA-1_GSM4013390",1.38492189175262
"CCCAGTTAGGGATACC-1_GSM4013390",1.47824282033092
"CTGAAACAGTCACGCC-1_GSM4013390",1.45869332423217
"GTGTGCGAGCAGCCTC-1_GSM4013390",1.45919996608824
"GGGCATCCACTGTCGG-1_GSM4013390",1.41158936042944
"GGGTTGCTCACATGCA-1_GSM4013390",1.32999811156099
"ACGTCAATCATCACCC-1_GSM4013390",1.40450704791529
"CTAGTGAAGATCGGGT-1_GSM4013390",1.48597321720386
"GCTGCGAAGGATCGCA-1_GSM4013390",1.50390322504008
"TTCGGTCGTCATTAGC-1_GSM4013390",1.42884548650655
"GCACATACAAAGCAAT-1_GSM4013390",1.35738697171884
"GATCAGTAGTACTTGC-1_GSM4013390",1.42116731932829
"GATGCTACAGTACACT-1_GSM4013390",1.49058945812915
"ATAGACCCATTACCTT-1_GSM4013390",1.46870196962389
"ATCTACTTCAATCTCT-1_GSM4013390",1.31967230611891
"GTATCTTAGTTCGCAT-1_GSM4013390",1.49482381830917
"AAGACCTCATGTTGAC-1_GSM4013390",1.37975945241118
"AACCATGTCATGTAGC-1_GSM4013390",1.39343074688757
"ATGTGTGTCTTAGAGC-1_GSM4013390",1.39667239256525
"CTCTACGAGCCAGAAC-1_GSM4013390",1.39318693315273
"GACTGCGCACAGGAGT-1_GSM4013390",1.40538089386681
"TGACAACTCTTATCTG-1_GSM4013390",1.44625955324026
"ACTGAACAGGCTCTTA-1_GSM4013390",1.32800126591747
"TGACTAGAGGGAAACA-1_GSM4013390",1.42311367123153
"GTGGGTCAGTGCCAGA-1_GSM4013390",1.48613824620451
"CTACCCAAGACCCACC-1_GSM4013390",1.43932986161951
"CGCTATCCATCCGCGA-1_GSM4013390",1.35982262756631
"CTGAAACCAGATGAGC-1_GSM4013390",1.46144296500114
"GGACGTCCAACTGCTA-1_GSM4013390",1.51443372802953
"AACTCCCGTCTAACGT-1_GSM4013390",1.38287207097101
"GGACAGAAGTCCTCCT-1_GSM4013390",1.30587255191926
"CTGAAGTCATAGGATA-1_GSM4013390",1.40358961997505
"TGCCCATAGTTCGCAT-1_GSM4013390",1.42575105339917
"GTAACGTCACCTCGGA-1_GSM4013390",1.38638027264823
"CGAACATGTTGTGGAG-1_GSM4013390",1.47341035694478
"GGCCGATAGCTGTTCA-1_GSM4013390",1.43835084128409
"TTCCCAGGTGTCGCTG-1_GSM4013390",1.54272861164393
"AGCCTAAAGTCAATAG-1_GSM4013390",1.27050759626445
"AAGGTTCTCGGTGTCG-1_GSM4013390",1.37788592790724
"CACCACTCATTGGCGC-1_GSM4013390",1.3218978505519
"TACTCATAGATATGGT-1_GSM4013390",1.37959052304273
"AAACCTGTCACATACG-1_GSM4013390",1.26960682703114
"GAACCTATCACAGGCC-1_GSM4013390",1.35403089754509
"TGGGAAGTCTGTCTAT-1_GSM4013390",1.39783082264608
"AGGGTGATCAGAGCTT-1_GSM4013390",1.35117306393079
"TCAATCTGTTGGTGGA-1_GSM4013390",1.34901438630266
"ACTGAGTAGGCTCATT-1_GSM4013390",0.875727087979435
"GGGAGATGTAGCCTAT-1_GSM4013390",1.47005213945909
"TACAGTGGTCGAGTTT-1_GSM4013390",1.44139214416963
"ATTCTACGTCGGCTCA-1_GSM4013390",1.35415938339473
"AGTGAGGCAATGGATA-1_GSM4013390",1.31645463630327
"CAGTAACAGAGCTTCT-1_GSM4013390",1.36621800477081
"CTAGTGACAATTGCTG-1_GSM4013390",1.46534936435254
"CGAATGTAGAGTGAGA-1_GSM4013390",1.20263378869659
"CCAGCGAAGGGATGGG-1_GSM4013390",1.46209776623735
"AGCAGCCCACCAACCG-1_GSM4013390",1.43135725784996
"ATTTCTGTCAAACGGG-1_GSM4013390",1.46667767261547
"GTACTCCCATGATCCA-1_GSM4013390",1.35204905603491
"AAACCTGAGACGACGT-1_GSM4013390",1.53266689489488
"TTAGGCATCTTTACAC-1_GSM4013390",1.37620929505704
"CTGCGGACACTTGGAT-1_GSM4013390",1.36017686616495
"TTTCCTCTCACAGGCC-1_GSM4013390",1.3299770286328
"AGGTCATGTTCACCTC-1_GSM4013390",1.28570981654424
"ACACCGGGTAGGGTAC-1_GSM4013390",1.31305973064224
"CCACTACAGGGTGTGT-1_GSM4013390",1.49081543467995
"TACGGGCCACCATCCT-1_GSM4013390",1.26857526920181
"ACTGTCCTCCAGTAGT-1_GSM4013390",1.40758988774126
"GGGAATGCAAAGTCAA-1_GSM4013390",1.40457519242609
"CGCTTCAGTCGGCACT-1_GSM4013390",1.47789558872834
"GACTACAGTTGGAGGT-1_GSM4013390",1.45003036159257
"TTAGGCATCACCAGGC-1_GSM4013390",1.42596787894332
"AGGCCACAGTGAACAT-1_GSM4013390",1.43762729729698
"ACCGTAATCTGTCCGT-1_GSM4013390",1.42913907317541
"GCTGCGATCTCAAACG-1_GSM4013390",1.41115064942932
"CCATTCGCATCCAACA-1_GSM4013390",1.38209874088385
"GATTCAGTCGTTTATC-1_GSM4013390",1.4582587885755
"GGATTACAGCTGCGAA-1_GSM4013390",1.36758176137624
"ACGAGCCAGGTAAACT-1_GSM4013390",1.3051191882432
"CGATCGGGTAAACCTC-1_GSM4013390",1.23815646269838
"GGGACCTCAGCGAACA-1_GSM4013390",1.36591602311286
"CCACGGACATCGGACC-1_GSM4013390",1.41705620936038
"ACATGGTAGCGATCCC-1_GSM4013390",1.22242752968019
"CTCGGGATCCCTTGTG-1_GSM4013390",0.757634414077345
"CTTACCGCAGCTTAAC-1_GSM4013390",1.31288041397069
"CCTCAGTCATACTCTT-1_GSM4013390",1.33774482795045
"TCGTACCGTCTCCCTA-1_GSM4013390",0.813412638410423
"ATTACTCGTCTACCTC-1_GSM4013390",1.35599347569229
"CACACCTAGAGCTGGT-1_GSM4013390",1.35495606421249
"ACACCCTGTATGAAAC-1_GSM4013390",1.41771500936864
"TGGGCGTTCTTAACCT-1_GSM4013390",1.32384619425513
"ACCAGTATCGGATGGA-1_GSM4013390",1.40295113606998
"CATGCCTTCCGAGCCA-1_GSM4013390",1.2387453555959
"CGTCCATTCGTACCGG-1_GSM4013390",1.36153688773407
"ATGTGTGAGGTGCTAG-1_GSM4013390",1.3670685070658
"CCATTCGGTAGCTCCG-1_GSM4013390",1.35597887202435
"ATCATCTAGCACGCCT-1_GSM4013390",1.35255651702172
"TCGCGAGAGGCTCATT-1_GSM4013390",1.43743455444815
"TCACGAAAGCTAGTCT-1_GSM4013390",1.43212548049252
"ACATGGTAGTGTTAGA-1_GSM4013390",1.38453292157113
"TAAACCGCAATTGCTG-1_GSM4013390",1.24239500815393
"GACTAACCAGTAGAGC-1_GSM4013390",0.843046490538986
"TTAGGACTCATGTCCC-1_GSM4013390",1.39068241383467
"GTGCTTCGTAAGTAGT-1_GSM4013390",1.43031660037359
"CTCGGGAAGCGATAGC-1_GSM4013390",1.36147805279124
"GCGAGAAAGTTAGCGG-1_GSM4013390",1.36674460244318
"ACACCAACACAGCGTC-1_GSM4013390",1.31046882762617
"GGCGTGTTCGAATGCT-1_GSM4013390",1.28566923836717
"GTTACAGGTACCGTTA-1_GSM4013390",1.30147507048429
"AAGGAGCGTCTCTCGT-1_GSM4013390",1.56976578773252
"GATCGCGCACGACGAA-1_GSM4013390",1.39191582468561
"CATGCCTTCTTACCTA-1_GSM4013390",1.35670209904532
"CCGGTAGCAGCTCCGA-1_GSM4013390",1.42310497439133
"GGCCGATCATCTGGTA-1_GSM4013390",1.41960309137467
"TCCACACAGGAGTTTA-1_GSM4013390",1.28138231951817
"TACGGTAGTACCGTTA-1_GSM4013390",1.29780228501527
"CACATAGCAATCACAC-1_GSM4013390",1.31876704779386
"GCGCCAAGTAAGTGTA-1_GSM4013390",1.42048385674333
"GAAATGACATTGCGGC-1_GSM4013390",1.35376882116613
"CTCGAAAAGCAAATCA-1_GSM4013390",1.44127542065037
"GTTACAGCAAGGTTTC-1_GSM4013390",1.34483710708765
"ACGAGCCAGCGATATA-1_GSM4013390",1.38300388268896
"CAAGGCCAGCCATCGC-1_GSM4013390",1.3030750854424
"TGAGCATCAATGCCAT-1_GSM4013390",1.47690625615016
"AAAGATGAGCCCAACC-1_GSM4013390",1.38133781191908
"ACAGCCGTCTTGGGTA-1_GSM4013390",1.34989653843046
"TCCCGATTCTTAACCT-1_GSM4013390",1.33148950294808
"AGGGTGAGTCCAGTAT-1_GSM4013390",1.30706943618225
"TGGGCGTCAAAGCAAT-1_GSM4013390",1.26443355877178
"CAGCTGGGTAATAGCA-1_GSM4013390",1.36778890225479
"GCTCTGTCATTCCTGC-1_GSM4013390",1.28716696014793
"GATCTAGCACCCATGG-1_GSM4013390",1.36768052502745
"CGTTAGACAGCTGTTA-1_GSM4013390",1.41500980894777
"CGTAGGCAGTGTTTGC-1_GSM4013390",1.44109652998621
"TATCTCAGTACCGGCT-1_GSM4013390",1.39090409441578
"TGCTACCGTCTCTCGT-1_GSM4013390",1.43289462761314
"CGTGTAATCAACGCTA-1_GSM4013390",1.46518696166848
"CAACCAATCTGCTGCT-1_GSM4013390",0.702780319641875
"CTGAAACCATTGTGCA-1_GSM4013390",1.36444788459432
"TATGCCCTCAGCAACT-1_GSM4013390",1.03644269865294
"CTGTGCTGTTACGACT-1_GSM4013390",1.44804231357075
"AGGCCGTAGCTGTCTA-1_GSM4013390",1.46390943376363
"ATTCTACTCACTTCAT-1_GSM4013390",1.28939888737325
"CCCAATCAGTATCGAA-1_GSM4013390",1.27624605442675
"TGCCCTATCAGAGGTG-1_GSM4013390",1.35955955537351
"AAGGAGCGTCAACATC-1_GSM4013390",1.28417827874448
"TGGGAAGTCGGATGGA-1_GSM4013390",1.38775327104314
"AGGCCGTGTTCACCTC-1_GSM4013390",1.527909486755
"AAGGTTCCAGATCTGT-1_GSM4013390",0.899866359981464
"CTTGGCTGTCTTGTCC-1_GSM4013390",1.36867722389808
"TCAGGATAGTATTGGA-1_GSM4013390",1.31224252718487
"GCTGCGACACTACAGT-1_GSM4013390",1.49084481598041
"TATGCCCAGACTTGAA-1_GSM4013390",1.42560645813544
"ACACCGGAGATCTGCT-1_GSM4013390",1.3393502214676
"TTCTACAAGATGTAAC-1_GSM4013390",1.32951151885438
"CGTGAGCCACGTTGGC-1_GSM4013390",1.47252218589768
"ATTACTCTCGGGAGTA-1_GSM4013390",1.45705634499809
"CAAGGCCCATTCCTCG-1_GSM4013390",1.2782612308135
"AGCGTATTCAGCGACC-1_GSM4013390",1.30171966307929
"TACTTACGTTCCACGG-1_GSM4013390",1.31557260135402
"CACCACTTCTGCAAGT-1_GSM4013390",0.750377613978899
"CACTCCACAATCGGTT-1_GSM4013390",1.25024304207386
"CTCTGGTGTCCGAATT-1_GSM4013390",1.2702515809112
"CATCGAACAATGTAAG-1_GSM4013390",0.695508136752695
"CCGGTAGCAGACAAAT-1_GSM4013390",1.29964935555272
"GCTCCTAAGGCCCTCA-1_GSM4013390",1.39368445085069
"GTCGTAAAGAAGGGTA-1_GSM4013390",1.31483310939447
"CTGGTCTCATCGGGTC-1_GSM4013390",1.33180157268318
"CGTCAGGTCAGCGATT-1_GSM4013390",1.46179503129419
"GATGCTAAGTTACGGG-1_GSM4013390",1.43306297930994
"TTCTCAACACAGGCCT-1_GSM4013390",1.39129124671955
"GCTGCGAAGACTAAGT-1_GSM4013390",1.3867321013147
"TTAGGCAAGTGATCGG-1_GSM4013390",1.39303590291569
"GTAACTGGTCCTCTTG-1_GSM4013390",1.34175901175976
"ACTTGTTTCTGACCTC-1_GSM4013390",0.830367771472667
"GTCCTCAGTTGTCTTT-1_GSM4013390",1.22481051288424
"CAGCATACACGACTCG-1_GSM4013390",0.954539885443025
"GCTTCCAGTGTTTGTG-1_GSM4013390",1.36142863374489
"ACACTGAAGTCCCACG-1_GSM4013390",1.40232071913756
"CACACAATCCCATTAT-1_GSM4013390",1.27768632964292
"ACCTTTATCTCGCTTG-1_GSM4013390",1.25961124063706
"ATAACGCCAAACGTGG-1_GSM4013390",1.20992604458783
"CCTTCGAAGTGGAGTC-1_GSM4013390",1.24388534458437
"CATCAAGCATCGGGTC-1_GSM4013390",1.32362659227565
"CAAGTTGCAAAGCAAT-1_GSM4013390",0.698879474702854
"CGTCACTTCAGTGCAT-1_GSM4013390",1.4329307167767
"CTTACCGAGGGTTCCC-1_GSM4013390",1.23677687864037
"CGCTATCCAAGCCGTC-1_GSM4013390",1.39099750257632
"ATAGACCGTAAACACA-1_GSM4013390",1.26645860946025
"GCCAAATAGTGTACCT-1_GSM4013390",1.31713133161626
"TCGTACCAGAGCCCAA-1_GSM4013390",1.38887306097747
"GCGCAACTCTCGCTTG-1_GSM4013390",1.30892591083883
"CAGCAGCTCTGCTGTC-1_GSM4013390",1.23379743412115
"TGACAACCAGGCAGTA-1_GSM4013390",1.2555282083304
"TCCACACGTCGGCATC-1_GSM4013390",1.30801555207782
"CAAGGCCCAACACCCG-1_GSM4013390",1.20668222039852
"TTTACTGGTTTAAGCC-1_GSM4013390",1.29048765828015
"TTGGCAATCCGCATCT-1_GSM4013390",1.33876980604166
"ATGGGAGAGTGCTGCC-1_GSM4013390",1.36369943728708
"AGAGCGAGTATGAATG-1_GSM4013390",1.22867403742462
"ACTGATGAGGGTTCCC-1_GSM4013390",1.31282222963515
"ACGCCGAGTTCTCATT-1_GSM4013390",1.34024149361272
"CCTACACTCTAGAGTC-1_GSM4013390",1.33223724252448
"AAAGATGTCATCGATG-1_GSM4013390",0.773683085715927
"GGAAAGCCAGCGATCC-1_GSM4013390",1.24466971268086
"TACTTGTCACGGTTTA-1_GSM4013390",1.19098096573875
"CGATCGGGTCTAACGT-1_GSM4013390",1.23196447515942
"ACGTCAAGTCGCATCG-1_GSM4013390",1.2582053341023
"CAGTAACTCAGGTAAA-1_GSM4013390",1.27533425485353
"TATCAGGAGTTTAGGA-1_GSM4013390",1.26475945507401
"TTTGGTTCACAGCGTC-1_GSM4013390",1.3408615752143
"GTGCATAGTCCAACTA-1_GSM4013390",1.27202099919917
"CGGACACTCAACACAC-1_GSM4013390",1.21242234942464
"CAGTCCTAGGTGACCA-1_GSM4013390",1.2264203259918
"CATCCACAGGTCATCT-1_GSM4013390",1.23979954037431
"CATCAGACAACGCACC-1_GSM4013390",1.2102618489688
"TTCTACACAGCTGTGC-1_GSM4013390",1.4130387668054
"TATGCCCTCGCGCCAA-1_GSM4013390",1.3300033949909
"ACTTGTTCACAGACTT-1_GSM4013390",1.53502902757912
"CATCGAAAGAGGTTAT-1_GSM4013390",1.28664185580951
"TACTTGTAGGTACTCT-1_GSM4013390",1.23777410400251
"TTAACTCGTAAGTGGC-1_GSM4013390",1.34726954650606
"GCGCAACAGTAGCGGT-1_GSM4013390",1.30071842837558
"CCTCTGATCCGCTGTT-1_GSM4013390",0.775606493292016
"GATCGATAGCTCTCGG-1_GSM4013390",1.32384074662104
"CAAGAAACAAGTCTAC-1_GSM4013390",1.1505140571966
"CTACGTCAGACAATAC-1_GSM4013390",1.38275438377808
"GACGGCTGTAGAGTGC-1_GSM4013390",1.26043852648967
"CAGCAGCGTTTAAGCC-1_GSM4013390",1.17215324974432
"GACAGAGAGCTTATCG-1_GSM4013390",0.718504640021593
"TCAGCTCCACGGCTAC-1_GSM4013390",1.31570370137306
"ATGGGAGTCGTAGGTT-1_GSM4013390",1.38035173026083
"TGAGCATTCAACACAC-1_GSM4013390",1.36527338527758
"CCACGGATCCTAGTGA-1_GSM4013390",0.663505429621315
"CATGACAGTAGCTCCG-1_GSM4013390",1.29943232867113
"CCGTTCATCTACTCAT-1_GSM4013390",1.26796960288302
"GACGTGCAGCGTAGTG-1_GSM4013390",0.824452027802367
"CGCTTCACAAAGCAAT-1_GSM4013390",1.27377098341744
"AGCAGCCAGGAATCGC-1_GSM4013390",1.27472676607981
"CAGCAGCTCTTCCTTC-1_GSM4013390",1.31866250564853
"TATGCCCTCCATTCTA-1_GSM4013390",0.948106015089116
"TAAACCGTCAGCAACT-1_GSM4013390",1.36648407694932
"GTTACAGGTTCATGGT-1_GSM4013390",0.985413426469706
"GAGTCCGTCGTAGGAG-1_GSM4013390",1.30801253999007
"AGCATACAGCGATTCT-1_GSM4013390",1.21552530545274
"ACTGATGCAAGACACG-1_GSM4013390",1.33733849069093
"CATATTCTCAAGGTAA-1_GSM4013390",1.31843520280341
"GGGATGACACGGTAGA-1_GSM4013390",0.782415306225338
"AGATTGCTCGAACTGT-1_GSM4013390",1.21581127282839
"TGCACCTTCTTCTGGC-1_GSM4013390",1.22327426286538
"ACACTGAAGCTGCCCA-1_GSM4013390",1.33063332502863
"CTCATTACACAGTCGC-1_GSM4013390",1.20497309527003
"AGTCTTTGTCTCGTTC-1_GSM4013390",1.33960775547833
"TTTACTGAGTAGCCGA-1_GSM4013390",1.09758777718104
"AGCTCTCTCATTTGGG-1_GSM4013390",1.39753483011588
"AGAATAGAGTGGACGT-1_GSM4013390",1.33917425640676
"CTGTTTAGTTAGGGTG-1_GSM4013390",1.37757153513885
"CTCAGAATCTTTACAC-1_GSM4013390",1.39211379237302
"GCCAAATCAAGCTGAG-1_GSM4013390",1.32398598969998
"TGAAAGACAATGGAGC-1_GSM4013390",1.34371701807827
"GGCCGATGTAGCCTCG-1_GSM4013390",1.23032053203602
"CAAGTTGGTAAGCACG-1_GSM4013390",1.18962503977942
"TAGACCAGTCGGCACT-1_GSM4013390",1.45239864720925
"TCCCGATGTGTCGCTG-1_GSM4013390",1.26773304753572
"ACCGTAAAGAATTCCC-1_GSM4013390",0.692150101668537
"GCCTCTATCATTTGGG-1_GSM4013390",1.24720298141636
"ACGGCCATCCGTAGGC-1_GSM4013390",1.12834323155458
"GATGCTAAGGGATACC-1_GSM4013390",1.22770007227648
"TCTCTAATCGACAGCC-1_GSM4013390",1.48356484667158
"GCACATATCTGGCGAC-1_GSM4013390",1.13575970372786
"CTGAAGTTCGTCGTTC-1_GSM4013390",1.30513693830097
"GGAAAGCGTAAACGCG-1_GSM4013390",1.27718506969033
"ATCCACCGTTCGTTGA-1_GSM4013390",1.2885444871934
"CTAATGGTCGCACTCT-1_GSM4013390",1.25045153316469
"AATCCAGCACGGATAG-1_GSM4013390",1.21589132195111
"GGACAAGAGCTGCCCA-1_GSM4013390",1.15807838591805
"GGGTTGCCAACACGCC-1_GSM4013390",1.28638580377503
"CACAAACCAGTCAGAG-1_GSM4013390",1.21355890404533
"TTCTCCTCATTAGGCT-1_GSM4013390",0.858680776656716
"CGATTGAGTCTAAAGA-1_GSM4013390",1.36282609495682
"GGGCATCCAAGCTGAG-1_GSM4013390",1.3010723620277
"CTTTGCGCAGATGGCA-1_GSM4013390",1.29148171759093
"ATAAGAGAGTCGCCGT-1_GSM4013390",1.12675038941806
"AAGCCGCCATTCCTCG-1_GSM4013390",1.15052013917702
"AACTGGTCATGCAACT-1_GSM4013390",1.32447664204101
"TGCGGGTTCACATACG-1_GSM4013390",1.42191191253206
"CTAGCCTTCTGCTGCT-1_GSM4013390",1.35646222491113
"CATTATCCACGGACAA-1_GSM4013390",1.22038104713429
"AACCATGGTCAGCTAT-1_GSM4013390",1.40132006501652
"CGTCCATCAGGGAGAG-1_GSM4013390",1.23197295896198
"CACAGGCCACCTCGGA-1_GSM4013390",1.28997097719889
"CGGACGTTCATGTCCC-1_GSM4013390",1.30486232215649
"CATGACACAGGGTATG-1_GSM4013390",1.23510570421173
"ATCCACCGTGCATCTA-1_GSM4013390",1.21551729001077
"CACACCTAGGTAGCTG-1_GSM4013390",1.26632766432031
"GATCAGTCAATGCCAT-1_GSM4013390",1.14270022583816
"GGGTCTGCACAACGCC-1_GSM4013390",1.27108949520584
"TGCGTGGCAGCCTTGG-1_GSM4013390",1.32707642296746
"CGATGTATCACAGTAC-1_GSM4013390",1.27890906117532
"GAAACTCTCTTGCATT-1_GSM4013390",1.25789174165446
"CTCTGGTTCCTTGGTC-1_GSM4013390",1.35051118932829
"CACAGGCTCTTGTCAT-1_GSM4013390",1.33561692908384
"ACTGTCCCATCCGGGT-1_GSM4013390",1.34342883264329
"GCTGCGAGTTGTGGCC-1_GSM4013390",1.32618094520618
"GTCTTCGGTATATCCG-1_GSM4013390",1.31003317417726
"CAGAATCGTACCGAGA-1_GSM4013390",1.25941111242806
"ATTATCCGTTAGGGTG-1_GSM4013390",1.22554884351408
"CTAATGGGTACTTCTT-1_GSM4013390",1.20729622742427
"ATCCACCTCTCCCTGA-1_GSM4013390",1.03007385419052
"GTAACTGGTCGGATCC-1_GSM4013390",1.37069992717205
"TCAGCAAGTAAACGCG-1_GSM4013390",1.35714161437364
"GACGCGTTCTCGCATC-1_GSM4013390",1.34594115128479
"ACCCACTGTTCAGTAC-1_GSM4013390",1.29775976147851
"AACCGCGGTTCACGGC-1_GSM4013390",1.25918889537325
"CATCGAACAATAGCAA-1_GSM4013390",1.4130582924448
"CATTCGCTCTGCAGTA-1_GSM4013390",1.16622045208701
"CGTTAGAAGCCTTGAT-1_GSM4013390",1.25724582594889
"TACAGTGCAGTCCTTC-1_GSM4013390",1.29723612571253
"TATCAGGTCATGTGGT-1_GSM4013390",1.29821988206882
"ATCTGCCCACATCCAA-1_GSM4013390",1.16479097863824
"ACACCAACAGATCCAT-1_GSM4013390",1.28446117234534
"TCTATTGAGAGCTGGT-1_GSM4013390",1.25018521759126
"ACGCCAGAGACCCACC-1_GSM4013390",1.25462065957329
"TATCTCATCCAGATCA-1_GSM4013390",1.30808330472087
"TGCCCTACACAGGCCT-1_GSM4013390",0.89495700496478
"GCGCAACGTTTGGGCC-1_GSM4013390",1.21791393477373
"TCTTTCCCACATCCGG-1_GSM4013390",1.32211261390073
"CCACCTAAGTTAAGTG-1_GSM4013390",1.28226129517229
"GGCGACTAGCGATATA-1_GSM4013390",0.938784817419597
"AGTCTTTGTCAAAGCG-1_GSM4013390",1.31175151409412
"TTGGAACTCCTTTACA-1_GSM4013390",1.30964192425844
"ACGCCAGCACACCGAC-1_GSM4013390",1.2931130911062
"ACGCCAGCAGTTAACC-1_GSM4013390",1.33241107557678
"TATCAGGGTTGACGTT-1_GSM4013390",1.27090741941773
"AAAGATGGTCGTCTTC-1_GSM4013390",1.00788692027962
"GGCTCGATCGTTTATC-1_GSM4013390",1.26260547289714
"CGGAGCTTCTCGGACG-1_GSM4013390",1.19239116036911
"GAACCTACAAGAGTCG-1_GSM4013390",1.2098174971514
"GCATGCGTCGCAAACT-1_GSM4013390",0.689001398020444
"TCAGCAATCTGCGTAA-1_GSM4013390",1.28463716943894
"CATATTCAGAGTTGGC-1_GSM4013390",1.30396342532724
"TGTGGTAGTCTAGAGG-1_GSM4013390",1.27417512448697
"TAGTGGTCAAGCCATT-1_GSM4013390",1.24691701174241
"ACGTCAATCCCGACTT-1_GSM4013390",0.848462081925646
"CGCCAAGCATTCCTGC-1_GSM4013390",0.852430047425017
"CTCGAGGCAAGGTTCT-1_GSM4013390",1.19417561513378
"TGCTGCTTCGGTGTTA-1_GSM4013390",1.20142553874862
"ATCACGAAGGACCACA-1_GSM4013390",1.25144183332205
"CCACGGAGTTCATGGT-1_GSM4013390",1.21777997174696
"GTCCTCAGTGGTCTCG-1_GSM4013390",1.26857558780328
"CTGGTCTGTAACGCGA-1_GSM4013390",1.2655203714204
"ATCTACTGTCATGCCG-1_GSM4013390",1.27479780414927
"TACACGACATCGATTG-1_GSM4013390",1.471695888334
"GCAGTTATCCGCGTTT-1_GSM4013390",1.28220440397872
"CCGGGATGTTAGATGA-1_GSM4013390",1.26408195368036
"GGGAGATAGCCGATTT-1_GSM4013390",1.34961916306579
"CTTCTCTCACTGCCAG-1_GSM4013390",1.32666363372773
"AGAATAGAGGTCATCT-1_GSM4013390",1.31148580818194
"AACCATGTCTGCCAGG-1_GSM4013390",1.16945308410597
"ACGGGTCGTCATGCCG-1_GSM4013390",1.29084023705215
"TCGAGGCCAGGTCCAC-1_GSM4013390",1.16431071305899
"CCTCAGTCAATCACAC-1_GSM4013390",1.31805258830451
"TACCTTAGTACCATCA-1_GSM4013390",0.801850613013802
"ACGGGCTAGGCAAAGA-1_GSM4013390",1.32422641956247
"CAGCTAAAGCGACGTA-1_GSM4013390",1.39261065891468
"TAGTGGTTCTCCCTGA-1_GSM4013390",0.674064882242587
"GACGCGTAGGGCATGT-1_GSM4013390",1.22140813461232
"TTGAACGGTTATGTGC-1_GSM4013390",1.35092425660021
"CTAGCCTAGTATCTCG-1_GSM4013390",1.2292510270759
"TGAGAGGTCCGAACGC-1_GSM4013390",1.33026602594013
"GTACTCCTCGAATCCA-1_GSM4013390",1.24380441342512
"GGGCATCTCACAGTAC-1_GSM4013390",1.22352657209304
"CTTAACTAGCCGATTT-1_GSM4013390",1.25582664686019
"CAACTAGGTTAAAGAC-1_GSM4013390",1.20726245824282
"CGGCTAGTCCATGAAC-1_GSM4013390",1.36794900888144
"TAGACCATCCGCGCAA-1_GSM4013390",1.34469906367074
"AGTGGGACATTCTCAT-1_GSM4013390",0.743107839477817
"GATCGTACAGATGGCA-1_GSM4013390",1.21862392056108
"TGGCCAGCAATGAATG-1_GSM4013390",1.21842875322275
"ATTTCTGCATTGGTAC-1_GSM4013390",1.2323421442339
"TTGGAACAGCACGCCT-1_GSM4013390",1.32555019274363
"AAGTCTGGTTCGGCAC-1_GSM4013390",1.22350782996562
"GGGAATGCAAGTCTGT-1_GSM4013390",1.35158156285892
"CGCGTTTGTACAGTTC-1_GSM4013390",0.653423308516236
"ACGGGCTCAGGTGGAT-1_GSM4013390",1.33905290366673
"CTAACTTGTGGCTCCA-1_GSM4013390",1.27927421070849
"ACACCCTAGTGCGATG-1_GSM4013390",1.32185764251808
"CTGTTTATCAAGATCC-1_GSM4013390",1.30007186633068
"CAAGGCCGTGACAAAT-1_GSM4013390",1.20144448276331
"AAAGCAACAGTCGATT-1_GSM4013390",1.2316750662624
"GATGAAATCTAGCACA-1_GSM4013390",1.24867842727583
"TGACAACAGCACGCCT-1_GSM4013390",0.767664903260864
"CAGCCGAAGAGGGATA-1_GSM4013390",0.754808599445208
"CGACCTTGTGATGATA-1_GSM4013390",1.22299487358854
"CATGACACATGTCGAT-1_GSM4013390",1.39919666558162
"GCCAAATCAAGTTCTG-1_GSM4013390",1.32633394622506
"GGGAGATGTTGATTGC-1_GSM4013390",1.16730251772542
"CGAGAAGCATGCTAGT-1_GSM4013390",0.923668962605174
"GTAACTGCATTGCGGC-1_GSM4013390",1.24236821011978
"TACTCATGTACAGCAG-1_GSM4013390",1.33525759056126
"CCACCTAGTACATGTC-1_GSM4013390",1.34109519287223
"GGCGACTAGGCAGGTT-1_GSM4013390",1.42817539958359
"TGGTTAGCATGGTAGG-1_GSM4013390",1.34607528683313
"ACTGCTCTCCGTAGGC-1_GSM4013390",1.26730348317645
"TGGTTCCAGGCATGTG-1_GSM4013390",1.44865152441477
"CGAACATAGACAAAGG-1_GSM4013390",1.2734634427975
"GAATGAAAGCGTTGCC-1_GSM4013390",1.33737777430791
"GACGGCTGTTGCGCAC-1_GSM4013390",1.29656777946549
"GTAGGCCCAAGTAATG-1_GSM4013390",1.3323035829502
"TGCACCTCAAGCTGTT-1_GSM4013390",1.20192788110921
"GCTGCGAGTCGCATCG-1_GSM4013390",1.27834934165408
"CTTCTCTTCAACGAAA-1_GSM4013390",1.2697715849628
"CCTTTCTTCGCCTGTT-1_GSM4013390",1.23765730039463
"AGGGATGAGCGATTCT-1_GSM4013390",1.47951650649627
"ACTGAACGTAGCTCCG-1_GSM4013390",1.27221322551014
"GATCAGTTCGGCGCTA-1_GSM4013390",1.24918290155874
"TTATGCTAGAAGGTGA-1_GSM4013390",1.44980813284732
"CTGAAACGTACATGTC-1_GSM4013390",1.3179604141116
"AAGGAGCCATACTCTT-1_GSM4013390",1.24682678958441
"CTGCGGACATCAGTCA-1_GSM4013390",0.827614241473339
"TAAACCGTCTCGTATT-1_GSM4013390",1.31172963352753
"AACACGTTCTACCAGA-1_GSM4013390",1.29346271090939
"CTACACCAGGTGCACA-1_GSM4013390",1.27137773461118
"AACACGTGTATATGGA-1_GSM4013390",1.16633369440452
"GTGAAGGCACGAAACG-1_GSM4013390",1.39784788805767
"GTTCATTAGTAGCGGT-1_GSM4013390",0.52166648020919
"TGCCAAATCACAGTAC-1_GSM4013390",1.3758335828612
"TTAGGACTCTCCAACC-1_GSM4013390",1.24794105201518
"GGCTCGATCCATGCTC-1_GSM4013390",1.26504174775488
"GTGAAGGGTTACGTCA-1_GSM4013390",1.24105363322297
"CACTCCAGTAAGTTCC-1_GSM4013390",1.29611205541277
"GATCAGTGTACCAGTT-1_GSM4013390",1.29386401301419
"TTAGGACTCTACCTGC-1_GSM4013390",1.25813721916607
"CTAGCCTCAAGTACCT-1_GSM4013390",1.33101930033556
"CTCGAGGAGGTGATAT-1_GSM4013390",1.31588227257223
"GTAACTGAGAGTCTGG-1_GSM4013390",0.790388815393113
"CGCCAAGCATCACCCT-1_GSM4013390",1.21121810135614
"AAGACCTGTAATCGTC-1_GSM4013390",1.17545264683886
"ACGCAGCAGGGTGTGT-1_GSM4013390",1.31830788445059
"GCACTCTTCAAAGACA-1_GSM4013390",1.20597235878719
"GTATTCTGTTCCACGG-1_GSM4013390",1.27798370500599
"CTTACCGAGACGACGT-1_GSM4013390",1.2660921148609
"CTGATCCCACCCATGG-1_GSM4013390",1.33028688656944
"CACAGGCGTGCGAAAC-1_GSM4013390",1.23172542564009
"AGCGGTCTCAACACTG-1_GSM4013390",1.27738328926244
"GAGGTGATCACATGCA-1_GSM4013390",1.3714720620367
"GTTACAGGTTGTCGCG-1_GSM4013390",1.16778583410264
"CGGTTAAAGAGCTGGT-1_GSM4013390",1.32725372388839
"CATATTCGTAAGGGCT-1_GSM4013390",1.36750230143648
"TTATGCTGTTGGAGGT-1_GSM4013390",1.31894049877256
"TGGGAAGCATGGTTGT-1_GSM4013390",1.25954677721269
"TGACAACTCTGGTGTA-1_GSM4013390",1.24467903058787
"AAGGAGCAGATATGGT-1_GSM4013390",1.29637303433641
"GCAGCCAAGTGTACGG-1_GSM4013390",1.34438545184583
"CGTCAGGGTCGGCATC-1_GSM4013390",1.23815651629507
"AGTTGGTAGATAGGAG-1_GSM4013390",1.2654205062273
"GTGTTAGAGAGTACCG-1_GSM4013390",1.32418338703079
"GGGAGATGTACTCAAC-1_GSM4013390",1.13105649172059
"AACTCCCTCGATAGAA-1_GSM4013390",0.76465078381235
"ACACCCTCATGGTCAT-1_GSM4013390",1.33066384940238
"CCGTTCATCATATCGG-1_GSM4013390",1.31955143125393
"ACGCCAGTCCCATTAT-1_GSM4013390",1.28947229815443
"CGAGCCATCAACTCTT-1_GSM4013390",1.19015268002704
"TCGCGTTAGAATCTCC-1_GSM4013390",1.26522266198513
"GCCAAATAGAAACCGC-1_GSM4013390",1.31505568621033
"GTACGTAAGCCGTCGT-1_GSM4013390",1.33114058093041
"GTTCATTAGTGGAGAA-1_GSM4013390",1.28812512475199
"GCAATCAGTTGGTAAA-1_GSM4013390",1.33586946847378
"GCGAGAACATGGGAAC-1_GSM4013390",1.21524830312949
"TGATTTCCACCTCGTT-1_GSM4013390",1.38948516622217
"GATGAAATCTGAAAGA-1_GSM4013390",1.27169039723654
"AAACGGGTCGGAAATA-1_GSM4013390",1.18127383860944
"CGCTATCTCCCTGACT-1_GSM4013390",1.30992131991335
"AGATTGCCATGACATC-1_GSM4013390",1.25006254047179
"GACGGCTAGGCTAGCA-1_GSM4013390",1.28713263632066
"GTCGTAAAGGAATTAC-1_GSM4013390",1.35038872620352
"TTTGCGCAGTGAACAT-1_GSM4013390",1.23941458311512
"CACACAATCGCCAAAT-1_GSM4013390",1.28476730191151
"CAGTAACTCAACCAAC-1_GSM4013390",0.627485648850979
"CCAGCGAAGGGCATGT-1_GSM4013390",0.748611944580094
"TTGACTTTCCTGTAGA-1_GSM4013390",1.25293650076946
"GTCACGGTCCGAAGAG-1_GSM4013390",1.23596265200782
"GTGAAGGCAAAGGAAG-1_GSM4013390",0.753342391639364
"CGAGCACCAATCTACG-1_GSM4013390",1.26799993608152
"CTCGTCAGTGTTCGAT-1_GSM4013390",1.17276208354329
"GATGCTAAGCGTCAAG-1_GSM4013390",1.26070857514054
"GCGAGAATCTACCAGA-1_GSM4013390",0.745342287556738
"CTTCTCTGTACTCTCC-1_GSM4013390",1.34432324375145
"CGGACTGTCTATCGCC-1_GSM4013390",1.30455356005477
"AAGTCTGTCCAGTAGT-1_GSM4013390",1.14828861855403
"CGTCCATCACTCGACG-1_GSM4013390",1.29702793863611
"GCTTGAACACACTGCG-1_GSM4013390",1.1573070700233
"AGGCCGTAGATCCCAT-1_GSM4013390",1.26404508903338
"AGATCTGAGATCGGGT-1_GSM4013390",1.27366266685335
"TACGGGCCATCACGAT-1_GSM4013390",1.33391023863942
"ACCCACTAGCTGAAAT-1_GSM4013390",1.27079073841545
"TGACTTTGTCTGATCA-1_GSM4013390",1.35372672726218
"CATTATCAGTAAGTAC-1_GSM4013390",1.25297741358217
"AGTCTTTAGTGGTAAT-1_GSM4013390",1.35099816179194
"GAATGAACATACGCCG-1_GSM4013390",1.20945861678361
"TCAACGAAGTCGATAA-1_GSM4013390",1.23418013637266
"CCTAAAGCAATCTACG-1_GSM4013390",1.38513574612168
"TAGCCGGCATTTCACT-1_GSM4013390",1.15979331729538
"AACACGTTCCACGACG-1_GSM4013390",1.32386560652582
"CGGAGTCTCCAGTATG-1_GSM4013390",1.36139776228861
"CTGAAGTTCCTAGGGC-1_GSM4013390",1.17907640102814
"CCACGGAAGCTAGTGG-1_GSM4013390",1.34748977014552
"GGCCGATGTACATCCA-1_GSM4013390",1.22422369513149
"AAGACCTGTACTCAAC-1_GSM4013390",1.27584336057563
"TCGGGACAGCCCAACC-1_GSM4013390",1.27791664387447
"CGATGGCTCGGGAGTA-1_GSM4013390",0.884888039659684
"ACATCAGGTTTGTTGG-1_GSM4013390",1.26922350452211
"GAGGTGATCACCAGGC-1_GSM4013390",1.46512192507246
"TAAGCGTTCCTCTAGC-1_GSM4013390",1.24937976576359
"GGCAATTGTGCAGGTA-1_GSM4013390",1.19088893346924
"ACTTACTAGCAGGCTA-1_GSM4013390",1.29083222401012
"ACCGTAATCAACGAAA-1_GSM4013390",1.32196857284731
"CCGTGGATCATGTGGT-1_GSM4013390",1.31533291013552
"TCTGGAATCAACACAC-1_GSM4013390",1.22647157557459
"CGTCTACAGCGTCTAT-1_GSM4013390",1.32343903462319
"TTCTCAACACGAGGTA-1_GSM4013390",1.25032327202238
"TCAGATGGTTGTGGCC-1_GSM4013390",1.23654419978876
"TATGCCCAGCTGTCTA-1_GSM4013390",1.38910841470128
"GAAACTCGTCCGAGTC-1_GSM4013390",1.17691399594795
"CACATAGTCGGCGCTA-1_GSM4013390",1.39596448061848
"CTCGAAAGTGATGTCT-1_GSM4013390",1.35313379013298
"CTAGCCTTCGGAAATA-1_GSM4013390",1.27363665657864
"TTCTCCTGTTATGTGC-1_GSM4013390",1.2791598227658
"GTTCATTTCATGGTCA-1_GSM4013390",1.33229494683386
"CCTATTAAGATATGGT-1_GSM4013390",1.35113337343945
"CGTAGGCAGATACACA-1_GSM4013390",1.2983171058689
"CATATGGGTCCTCTTG-1_GSM4013390",1.31201875083533
"ACTGTCCGTATAGTAG-1_GSM4013390",1.28384967521986
"CTAACTTAGTGGGATC-1_GSM4013390",1.15805518280852
"ACGGGTCGTCCGAGTC-1_GSM4013390",1.26731695450444
"GCGACCAAGTCTCGGC-1_GSM4013390",1.34434977925228
"AACTCAGCAAACCTAC-1_GSM4013390",1.37187475802189
"GCATGCGAGTACTTGC-1_GSM4013390",1.22084364518663
"GACCTGGCATGCGCAC-1_GSM4013390",1.29695945834345
"GCATACACACATGGGA-1_GSM4013390",0.740998486690019
"TTGAACGTCCTTGACC-1_GSM4013390",1.36088026401217
"CTAATGGGTCTTCGTC-1_GSM4013390",1.21328564151121
"GGACAGATCTCAAGTG-1_GSM4013390",1.16462784860518
"AGGGATGTCCCTCTTT-1_GSM4013390",1.25806062783129
"TACCTATAGTTCGCAT-1_GSM4013390",1.22719515694779
"CACCACTTCAAGGTAA-1_GSM4013390",1.31286528240572
"CCGTACTGTATAGGTA-1_GSM4013390",1.2915114289639
"AACTGGTGTTTACTCT-1_GSM4013390",1.23606647368768
"CTAACTTAGTGGAGAA-1_GSM4013390",1.25359341682009
"TCAGGATCAAGGGTCA-1_GSM4013390",1.29220941770359
"AAAGCAACAATGTAAG-1_GSM4013390",1.24069607333692
"GCGCAGTTCGGCGCAT-1_GSM4013390",1.29869400339613
"GCACTCTAGGGTGTTG-1_GSM4013390",1.35075528532618
"AAACCTGAGTTCCACA-1_GSM4013390",1.17786008364285
"TCTCTAATCTTGAGAC-1_GSM4013390",1.29375054949625
"ACGCCAGAGATGGGTC-1_GSM4013390",1.27080221646947
"CTCACACTCGGCGCAT-1_GSM4013390",1.26266375895044
"CCATTCGGTTCGTTGA-1_GSM4013390",1.2087889677009
"GATCGTATCCACGAAT-1_GSM4013390",1.1914788128009
"ATCATCTGTAGTACCT-1_GSM4013390",1.21072063564733
"GTGCAGCCACTGTGTA-1_GSM4013390",1.21116504100931
"TTGGAACCATGTAGTC-1_GSM4013390",1.38179673113354
"GCTTGAATCAGCATGT-1_GSM4013390",1.31696479626569
"CTAATGGTCCAATGGT-1_GSM4013390",0.970894639335496
"CTGCTGTCAAGAAGAG-1_GSM4013390",1.25749041827474
"GTGTGCGAGTGCCATT-1_GSM4013390",1.25919899344426
"AACTTTCCAGGATCGA-1_GSM4013390",1.30359890293983
"GAAATGAGTTGTACAC-1_GSM4013390",1.21584210635248
"GAACCTAAGAATTCCC-1_GSM4013390",1.19370682601889
"CGAACATGTATAGTAG-1_GSM4013390",1.25867110124534
"TTTCCTCAGAGTGAGA-1_GSM4013390",1.20061939745211
"CCATGTCGTAGAGGAA-1_GSM4013390",1.1816885547134
"GTAGTCACAAGCCTAT-1_GSM4013390",1.28218362495138
"AAGGAGCGTCACCTAA-1_GSM4013390",1.33193232237259
"CCGTGGAAGTGGACGT-1_GSM4013390",1.3172612124517
"TGCGGGTAGTTCGCGC-1_GSM4013390",1.3444021843706
"CTAAGACAGACAATAC-1_GSM4013390",1.1743977039725
"GCGCGATAGAGACGAA-1_GSM4013390",1.31271302374334
"ACACCGGTCGGAAACG-1_GSM4013390",1.18444235474351
"GTTACAGAGGAGCGAG-1_GSM4013390",0.756043089505282
"GTGCGGTAGATCTGCT-1_GSM4013390",1.25509016925663
"CTACCCAAGCCAGAAC-1_GSM4013390",1.25207762148228
"TGTATTCGTCTAGTCA-1_GSM4013390",1.21351727166732
"GTCGTAAAGTTAAGTG-1_GSM4013390",1.32919320119577
"GACGTTATCCCAGGTG-1_GSM4013390",1.19167017855057
"TAGTGGTAGATCGATA-1_GSM4013390",1.25754659121772
"ACCTTTAGTCAGGACA-1_GSM4013390",1.24744817207107
"CTACACCAGGGTTTCT-1_GSM4013390",1.20437760598451
"CGTCTACAGATCGGGT-1_GSM4013390",1.3091380933544
"ACGCAGCGTAGGCATG-1_GSM4013390",1.27001614103916
"TAGCCGGCATGCCCGA-1_GSM4013390",1.16524209865639
"GTACGTAGTACCGCTG-1_GSM4013390",1.26558836180775
"CTTGGCTCATTCTCAT-1_GSM4013390",1.35179584751179
"ATTTCTGGTCTTGATG-1_GSM4013390",1.28326549534742
"CTGGTCTTCAAAGACA-1_GSM4013390",1.31305983152197
"GTCCTCAAGTGTACCT-1_GSM4013390",1.20513977864169
"CTGCTGTAGGTGCACA-1_GSM4013390",1.24424999074603
"TCGTACCGTCTTGCGG-1_GSM4013390",1.22959626973844
"TACGGGCGTTAAGACA-1_GSM4013390",1.48296864036692
"CGTCACTCAGCCTTGG-1_GSM4013390",1.32572871202134
"CTGAAGTGTACATGTC-1_GSM4013390",1.08527502050647
"TGCGGGTTCCTAAGTG-1_GSM4013390",1.27020771590148
"ACTGAGTGTGTGCGTC-1_GSM4013390",1.36206869503068
"TCGGTAAGTGTAAGTA-1_GSM4013390",1.3304409547723
"TGTCCCAAGTCCATAC-1_GSM4013390",1.27758323395573
"CGTCTACAGAAGGTTT-1_GSM4013390",1.19282842977808
"GCTTGAAGTACTCGCG-1_GSM4013390",1.17788251942586
"TGCGCAGCACTGTGTA-1_GSM4013390",1.47453789772648
"CCACCTAGTCTAAACC-1_GSM4013390",1.19409143013793
"AACTCTTAGCGTAGTG-1_GSM4013390",1.28569446595172
"GACGTTAAGTATTGGA-1_GSM4013390",1.19950030579193
"GTCCTCACATTTGCTT-1_GSM4013390",1.25190774184492
"GTCGTAAAGGAATCGC-1_GSM4013390",1.31223619555256
"AGCGTATCATGTCCTC-1_GSM4013390",1.18923380865009
"CCAGCGATCTACTATC-1_GSM4013390",1.28063602353311
"CTGATAGTCCGAACGC-1_GSM4013390",1.21781704747425
"GGACATTTCCGTTGCT-1_GSM4013390",1.0790017127508
"TGTGTTTAGACAATAC-1_GSM4013390",1.22870493057935
"CTCACACGTAAGTGTA-1_GSM4013390",1.25583577599825
"TACTCGCAGCAATATG-1_GSM4013390",1.31748076443577
"AACCGCGGTAGGGACT-1_GSM4013390",1.1707415850175
"TCGTACCGTCAGTGGA-1_GSM4013390",1.21162425895854
"GATCGTACAGACGCTC-1_GSM4013390",1.30536371515746
"CTAACTTTCGGACAAG-1_GSM4013390",1.2317020224229
"GGACAGAAGACGCACA-1_GSM4013390",1.39461962098314
"ACATGGTTCCTACAGA-1_GSM4013390",1.24760938366508
"CACAGTAAGCTAGTCT-1_GSM4013390",1.33021223382933
"TACGGTAGTCGTTGTA-1_GSM4013390",1.3225999035865
"GCAATCAGTTCACGGC-1_GSM4013390",1.26312287596645
"GTATTCTGTAAACCTC-1_GSM4013390",1.2634297182195
"CATTATCAGTGTTGAA-1_GSM4013390",1.34259877602172
"GGCCGATAGACAGGCT-1_GSM4013390",1.2769684654459
"CATCGAATCTGCTGTC-1_GSM4013390",1.23605680348172
"TCCACACTCATGTCCC-1_GSM4013390",1.35534894584906
"AGCTCTCCAGGGTATG-1_GSM4013390",1.20812252374458
"CTTGGCTTCGTTGCCT-1_GSM4013390",1.21606608667566
"GCTGCGAAGTGTCCAT-1_GSM4013390",1.17337884412633
"TTGCCGTGTACCTACA-1_GSM4013390",0.595415980552115
"CTGATAGCAAACGCGA-1_GSM4013390",1.27852256960423
"CATGCCTGTAACGCGA-1_GSM4013390",1.26288873629556
"CATCAGAGTCCGACGT-1_GSM4013390",1.25928023648447
"GGGTCTGTCTCTGCTG-1_GSM4013390",1.2856000533417
"GGGATGAAGGGAACGG-1_GSM4013390",1.20358521783173
"AGAATAGTCCCTGACT-1_GSM4013390",1.15216447182644
"TCAGGTAGTACATCCA-1_GSM4013390",1.27711502212849
"GGACGTCGTACAGTGG-1_GSM4013390",1.20723798142511
"CACTCCAAGAGTTGGC-1_GSM4013390",1.43285890118982
"ATGTGTGCATGCATGT-1_GSM4013390",1.38110619767366
"GCTCTGTTCATATCGG-1_GSM4013390",1.38429979033762
"TACCTATAGACTCGGA-1_GSM4013390",1.21575227039519
"CGAGAAGCAATTGCTG-1_GSM4013390",1.24649714332064
"CGCTGGAGTGTAACGG-1_GSM4013390",1.22944026067432
"TACTTGTTCAATCACG-1_GSM4013390",0.807639363371463
"GCTGGGTTCACCGGGT-1_GSM4013390",1.29102834345671
"GTGCATATCACCATAG-1_GSM4013390",1.26061739505891
"CTCGTACTCACCGTAA-1_GSM4013390",1.26326864832988
"AGATTGCGTGCACTTA-1_GSM4013390",1.20592871924191
"CTCAGAAAGGAGTTTA-1_GSM4013390",1.23849096815351
"CCTTTCTGTAATCGTC-1_GSM4013390",1.30075356611779
"TTAGTTCCAGCTATTG-1_GSM4013390",1.19949681785736
"GCTGCTTGTATCACCA-1_GSM4013390",1.32539503741524
"GATCGATGTCATATGC-1_GSM4013390",0.83236273878895
"ACGGGTCGTGCTGTAT-1_GSM4013390",1.23744404744378
"GACTAACTCGGAAACG-1_GSM4013390",1.33363238840351
"CCTCAGTGTCAATACC-1_GSM4013390",1.32806079716363
"GCAATCACAGTCTTCC-1_GSM4013390",1.13861577131179
"GTTCTCGAGCGCCTTG-1_GSM4013390",1.1907522438011
"CCGGTAGTCCTTAATC-1_GSM4013390",1.33276474551738
"TAGAGCTCACAAGCCC-1_GSM4013390",0.798641455300851
"CGCTTCAGTTGCGTTA-1_GSM4013390",1.13975002380599
"CGTCAGGAGGGATCTG-1_GSM4013390",1.23211965299825
"CCGGTAGCAGTGGAGT-1_GSM4013390",1.23222003956036
"GAACGGAAGCTTCGCG-1_GSM4013390",0.825559141052506
"ACATACGAGGTGCTTT-1_GSM4013390",1.31340365881621
"CGATTGAGTAATTGGA-1_GSM4013390",1.3202482579466
"GAAATGATCATCGGAT-1_GSM4013390",1.26175379571064
"CGAATGTCATGCTGGC-1_GSM4013390",0.773628813195548
"CTCGAAAGTATGAATG-1_GSM4013390",1.22797557163516
"AGCATACTCCGCAGTG-1_GSM4013390",1.33037717710352
"GAGGTGAAGGTAGCCA-1_GSM4013390",1.12197386917414
"ACTTTCATCTTGCATT-1_GSM4013390",1.35851080899664
"CATGGCGGTGGTAACG-1_GSM4013390",1.25288549414511
"AACTCTTCATCCTTGC-1_GSM4013390",1.22221143875772
"GGATTACCACTCGACG-1_GSM4013390",1.21164378672356
"CGGACGTCACGGCCAT-1_GSM4013390",1.18963214428185
"CTCGGGATCAGTTTGG-1_GSM4013390",1.17654606414554
"TCTTCGGTCTGCGACG-1_GSM4013390",0.691125387418958
"CGATCGGAGTGAAGTT-1_GSM4013390",1.31072597346605
"CATATGGTCAAGGCTT-1_GSM4013390",1.32526368370193
"AGAGCTTCATTGTGCA-1_GSM4013390",1.20636248453309
"CCTTTCTTCTTGAGAC-1_GSM4013390",1.3554618811788
"AGGGTGATCGTCCAGG-1_GSM4013390",1.21484550867006
"GCTGCTTTCGATAGAA-1_GSM4013390",1.25933790494498
"CAGGTGCTCCGATATG-1_GSM4013390",1.22719324749723
"TGCCCATTCATCGATG-1_GSM4013390",1.32869780846105
"GGCTGGTAGGCAAAGA-1_GSM4013390",1.31774759688798
"ACATGGTTCTTGCCGT-1_GSM4013390",1.26224919875604
"TAGCCGGGTGACAAAT-1_GSM4013390",1.35581871697306
"TTGCCGTAGGCCGAAT-1_GSM4013390",1.20329115168927
"CTAGAGTGTCCATGAT-1_GSM4013390",1.21701560492302
"TCAGCTCCAAGGACAC-1_GSM4013390",1.29843061760342
"CCTCAGTAGTCGTTTG-1_GSM4013390",0.704495713980595
"CGCTGGAAGAGGTTGC-1_GSM4013390",1.23279570641424
"CTGCCTATCCGTCATC-1_GSM4013390",1.26257009405499
"ATCTGCCCATTGGTAC-1_GSM4013390",1.19210791738326
"ACTATCTTCTGTACGA-1_GSM4013390",1.15681518725726
"CCATTCGCAAGAGGCT-1_GSM4013390",0.818042312367623
"TCTATTGTCTTTCCTC-1_GSM4013390",1.1248398332394
"GGTGCGTGTCGACTAT-1_GSM4013390",1.33389955425429
"AGCTCCTCATGCAATC-1_GSM4013390",1.19175621092507
"TTAGGACTCTACTCAT-1_GSM4013390",1.25573014103194
"GACCAATGTGGTAACG-1_GSM4013390",1.29760932769953
"GTGCAGCTCGCGGATC-1_GSM4013390",1.13743621991265
"TATTACCCATAACCTG-1_GSM4013390",1.14566019799399
"GTTAAGCCACGGTTTA-1_GSM4013390",1.23938032538707
"TATTACCGTAAACCTC-1_GSM4013390",0.963818784577676
"CGACTTCAGTAGTGCG-1_GSM4013390",0.706375071174836
"CGCGTTTTCAACACGT-1_GSM4013390",1.24501156156484
"GTGTTAGCACAGACAG-1_GSM4013390",0.650019017786383
"GACGCGTTCGGGAGTA-1_GSM4013390",1.21935366849415
"CATCCACAGGAATCGC-1_GSM4013390",1.08746757980301
"TCGGGACCAATAGCAA-1_GSM4013390",1.18060333703676
"ACACCCTTCTTCGAGA-1_GSM4013390",1.18459017015916
"TCACGAATCTCACATT-1_GSM4013390",0.764068031894825
"TGAGCATAGTCGTTTG-1_GSM4013390",1.32859375581288
"CGATTGACAGGCTCAC-1_GSM4013390",1.26311407359235
"GATTCAGAGTCATGCT-1_GSM4013390",1.3470588383468
"CTACCCAGTCCCGACA-1_GSM4013390",1.34920894041079
"TACGGATAGCTACCGC-1_GSM4013390",0.732409874120241
"ATCGAGTTCAACACTG-1_GSM4013390",1.27607008015998
"AGTGTCAAGATAGCAT-1_GSM4013390",1.28775780508445
"TCAGATGTCCTGCTTG-1_GSM4013390",1.1185310135703
"TCACGAAGTAGCAAAT-1_GSM4013390",1.23470926674754
"CTGTGCTCAAGAGTCG-1_GSM4013390",1.18682426005332
"GCTGGGTAGCGTTTAC-1_GSM4013390",1.18303489465446
"ACGGGCTGTACGACCC-1_GSM4013390",1.14495971296977
"CTTAGGAGTACCGAGA-1_GSM4013390",0.641953644050976
"GGCCGATCAGGTGGAT-1_GSM4013390",1.32132393267964
"GTCGGGTGTTCGCGAC-1_GSM4013390",1.27475847092323
"GTCAAGTGTCGCATCG-1_GSM4013390",1.2721083757601
"CAAGGCCAGCTCCCAG-1_GSM4013390",1.350524777256
"GGGAGATTCACCTCGT-1_GSM4013390",1.29696917035494
"TTGGCAACAGGGTATG-1_GSM4013390",1.17988454869033
"CTTGGCTGTTGCGCAC-1_GSM4013390",1.25126874437584
"AAGACCTGTCTCTTAT-1_GSM4013390",1.35585082897899
"GCAGTTAAGCTGATAA-1_GSM4013390",1.24976664572369
"TTCTACAGTAGTACCT-1_GSM4013390",1.31864398952535
"GATCAGTTCACAGTAC-1_GSM4013390",1.29397547362346
"AGACGTTGTTAAAGTG-1_GSM4013390",1.36653054551599
"TTCTTAGAGTGAAGTT-1_GSM4013390",1.2341191604476
"GGCTGGTAGAAACCAT-1_GSM4013390",1.28251265016043
"CGGGTCATCAAAGTAG-1_GSM4013390",1.35522956819442
"CCTAGCTGTAGGGTAC-1_GSM4013390",1.16838012603135
"CACAAACTCTAACTGG-1_GSM4013390",1.34145121468033
"TGGCCAGTCTACCTGC-1_GSM4013390",1.26580564019724
"ACACCAAAGTTCGATC-1_GSM4013390",1.36815534604039
"ATGGGAGTCACCGGGT-1_GSM4013390",1.23477118342171
"GAGCAGATCCGAAGAG-1_GSM4013390",1.20802409733321
"GGAACTTCATCCCATC-1_GSM4013390",1.20455632292987
"TGTATTCCAAACTGTC-1_GSM4013390",0.695553235231173
"ATCACGATCGCCATAA-1_GSM4013390",1.24447428049482
"AGGGATGTCTCGATGA-1_GSM4013390",1.16025153131602
"CACATTTAGAAACCGC-1_GSM4013390",0.99273954305349
"AGCCTAAAGCTAACTC-1_GSM4013390",0.722238571286649
"TCTTTCCCACGACGAA-1_GSM4013390",1.23770116334246
"AGGCCGTAGTGAACGC-1_GSM4013390",1.29108296948106
"GATCGATGTCTGCGGT-1_GSM4013390",1.16331272509085
"GGTGCGTGTAACGACG-1_GSM4013390",1.23429306535083
"CTTTGCGCAGGTCCAC-1_GSM4013390",1.07327954634957
"TGAGCATAGATATACG-1_GSM4013390",1.31100993867026
"GCGGGTTTCTTGCATT-1_GSM4013390",1.37545742250356
"TGCCCTACAAACAACA-1_GSM4013390",1.27434640542249
"GTCAAGTGTGGGTATG-1_GSM4013390",1.29112563751019
"GTGTTAGAGTCCAGGA-1_GSM4013390",1.21179894048037
"GCATGCGAGTCAATAG-1_GSM4013390",1.1725755319695
"GGGAGATGTCTTCAAG-1_GSM4013390",1.19482757775821
"CTACCCAGTCCCTTGT-1_GSM4013390",1.17680925173432
"AACGTTGAGGCATGGT-1_GSM4013390",1.19252588137022
"AAACGGGTCAGTTTGG-1_GSM4013390",1.22665819525583
"CTACACCCAAGCGTAG-1_GSM4013390",1.35604381987699
"CGGAGTCAGACAAGCC-1_GSM4013390",1.27340318584309
"GTGCATAAGATGCGAC-1_GSM4013390",1.14244684985171
"CTCTACGGTAAAGTCA-1_GSM4013390",1.43150225863456
"GGTGCGTAGTGGACGT-1_GSM4013390",1.20428846310665
"AGGGAGTGTACCAGTT-1_GSM4013390",1.18861884225402
"AGCTCCTTCCTATGTT-1_GSM4013390",1.27923623802335
"AAATGCCAGCTACCGC-1_GSM4013390",1.25881955380487
"CTACATTGTCGACTAT-1_GSM4013390",0.948820111307658
"GAATAAGCACGGTGTC-1_GSM4013390",1.25787544448098
"TCTTCGGTCACCTTAT-1_GSM4013390",1.17521538885999
"TCTTCGGTCCTTCAAT-1_GSM4013390",1.2881604061327
"CGGAGCTTCGTACGGC-1_GSM4013390",1.30050787205699
"GCTGCGAGTGACCAAG-1_GSM4013390",1.18050813795426
"GACACGCCAGATAATG-1_GSM4013390",1.30106182356793
"AACACGTGTTGTGGAG-1_GSM4013390",1.19768864209914
"CCCAATCTCGGATGTT-1_GSM4013390",1.19805408263103
"GGACATTCAACGCACC-1_GSM4013390",1.27149796568231
"GAATAAGAGGCAGTCA-1_GSM4013390",1.19575141856309
"CCGGTAGTCTAAGCCA-1_GSM4013390",0.669419566551792
"TACCTATGTGATGCCC-1_GSM4013390",1.18972020174112
"GACTAACGTTAGAACA-1_GSM4013390",1.27052196269607
"ACATGGTGTACGCTGC-1_GSM4013390",1.39646100701623
"CTACGTCAGTTAGGTA-1_GSM4013390",1.20977865743941
"CAGCCGAAGTACGCCC-1_GSM4013390",1.28934837131605
"TGAGCCGCATACGCCG-1_GSM4013390",1.08425436973057
"CAGAATCGTTACGGAG-1_GSM4013390",0.62915195045976
"CGGTTAACAAATCCGT-1_GSM4013390",1.30231970845789
"AATCGGTAGTACGCGA-1_GSM4013390",0.860034708653391
"CGCGGTACATGGATGG-1_GSM4013390",1.28580343556237
"GATGAAAGTAAGTGGC-1_GSM4013390",1.16129368172159
"TTAGTTCTCAGGCCCA-1_GSM4013390",1.33352203147197
"CTGCTGTTCTTTACAC-1_GSM4013390",1.18360515188976
"ATTACTCCATGCCTAA-1_GSM4013390",1.21219752315822
"GTTCGGGCACTAGTAC-1_GSM4013390",1.25075922582215
"TGGGAAGGTCGCTTCT-1_GSM4013390",1.220671892486
"GTCGGGTTCTCCAGGG-1_GSM4013390",1.17158157136035
"AGTTGGTCAATAAGCA-1_GSM4013390",1.27077545228631
"AGGTCATTCTAGAGTC-1_GSM4013390",1.26485012648654
"GGCGACTAGGCTATCT-1_GSM4013390",1.32701565274587
"CTCAGAACAAAGCAAT-1_GSM4013390",1.20034956297625
"GTGTTAGCATCGACGC-1_GSM4013390",1.2618382912401
"CGGACACCAGTGACAG-1_GSM4013390",1.18734941280772
"AGTCTTTGTTACAGAA-1_GSM4013390",1.06427310741391
"TCGGGACCATTGGGCC-1_GSM4013390",1.15083541727575
"CCTAAAGCAGTCACTA-1_GSM4013390",1.13965781521633
"GTCAAGTAGCTCCTCT-1_GSM4013390",1.30158621053258
"ATTGGACAGGCCATAG-1_GSM4013390",1.35938999387156
"CCTCTGAGTATAGGTA-1_GSM4013390",1.24199155839626
"TAAGAGACACCACCAG-1_GSM4013390",1.09688930809731
"GTCGGGTGTGTCAATC-1_GSM4013390",1.34025360031037
"GGACGTCCAATGTTGC-1_GSM4013390",1.13958253765617
"AGAGTGGCACCGCTAG-1_GSM4013390",1.23684007424092
"TGTTCCGGTCTGCAAT-1_GSM4013390",1.29537467608169
"CAAGTTGGTTAAGACA-1_GSM4013390",1.20872213601598
"ACGGGCTGTGATAAGT-1_GSM4013390",0.673083807361875
"ACGCCGATCACGAAGG-1_GSM4013390",1.26159301949173
"ACCTTTAGTTGTTTGG-1_GSM4013390",1.25666335926704
"CGTTCTGTCGGTGTCG-1_GSM4013390",1.24051177807591
"CATATTCAGCATCATC-1_GSM4013390",1.1905801610468
"TCTTTCCAGTCGCCGT-1_GSM4013390",1.22182344371925
"ACTTACTCAAATCCGT-1_GSM4013390",0.640832564384982
"AACCGCGCAGTTCCCT-1_GSM4013390",1.35896941791029
"GCATACATCACTGGGC-1_GSM4013390",1.27411894221872
"AACCATGGTGCAGGTA-1_GSM4013390",1.38444574208608
"TCTATTGGTAGTGAAT-1_GSM4013390",1.25569177538519
"ACGAGCCGTAAGTTCC-1_GSM4013390",1.30186435964903
"AGATTGCAGCGTCTAT-1_GSM4013390",0.67154758015393
"GTGTTAGTCTGTCTAT-1_GSM4013390",1.34285893149883
"ATGCGATTCCAAAGTC-1_GSM4013390",1.32299242875908
"GCGCCAAAGACTACAA-1_GSM4013390",1.1417782792101
"GGCGTGTGTTCAGGCC-1_GSM4013390",1.15142712277896
"CGCGGTAAGTGAAGTT-1_GSM4013390",1.14626698898669
"GTACTTTGTCGGGTCT-1_GSM4013390",1.17189272474724
"CGGACACGTCACCCAG-1_GSM4013390",1.09769556504399
"TAAGCGTAGAATGTGT-1_GSM4013390",1.22574634816706
"CCGGTAGGTACCATCA-1_GSM4013390",0.772399498877067
"ACTATCTCACACTGCG-1_GSM4013390",0.675889383460756
"CGCTGGATCCACGACG-1_GSM4013390",1.1896074612455
"TAAACCGAGCTGCGAA-1_GSM4013390",1.10489678545452
"CAGCTGGAGAAGGTGA-1_GSM4013390",1.23449171357745
"AGATTGCAGGGCACTA-1_GSM4013390",1.155294529426
"CAAGTTGCAAAGAATC-1_GSM4013390",1.30520933820623
"TTGACTTGTTAAGACA-1_GSM4013390",0.729761032882585
"CGCGTTTGTGTGCGTC-1_GSM4013390",1.26298768045878
"CGATGGCGTTGGGACA-1_GSM4013390",0.857221832349788
"ACTGATGTCGTTTGCC-1_GSM4013390",1.35518782961612
"TTGCGTCAGAAGGTTT-1_GSM4013390",1.19471320020253
"ACGGAGAAGCTGTCTA-1_GSM4013390",1.36628743419561
"TTCCCAGAGGATTCGG-1_GSM4013390",1.23012488819979
"AGAATAGTCCTGTACC-1_GSM4013390",1.19920387640757
"TAGTGGTTCTCATTCA-1_GSM4013390",1.31642481312747
"ATCATCTGTGCGCTTG-1_GSM4013390",1.18092594116394
"TGCGGGTAGTTCCACA-1_GSM4013390",1.23997415916639
"TCAGCTCAGAAACCGC-1_GSM4013390",1.19646735954865
"AGTGAGGAGATAGGAG-1_GSM4013390",1.23850905659226
"TGAGCCGCATTTGCCC-1_GSM4013390",1.2690097793075
"GATGAGGAGGCAAAGA-1_GSM4013390",1.35380227953005
"TACACGAAGGCCGAAT-1_GSM4013390",1.21695997302083
"TCATTACCATCGATTG-1_GSM4013390",1.30460689431003
"CTAGTGACATCACGTA-1_GSM4013390",1.02130606745278
"CGGACACGTCATGCCG-1_GSM4013390",1.29632333985981
"TATTACCCACAGATTC-1_GSM4013390",1.3339702422831
"CTGAAGTGTCGAAAGC-1_GSM4013390",1.01594590546637
"GGATTACAGTACTTGC-1_GSM4013390",1.34068632495235
"CTCGGAGTCGAGGTAG-1_GSM4013390",1.29798126247645
"TAAGTGCGTCAACTGT-1_GSM4013390",1.22442019448612
"TGACGGCCACGTCTCT-1_GSM4013390",1.26604681222211
"AGCTCTCGTAAGTGTA-1_GSM4013390",1.23575245109418
"GATCGCGTCAGCGACC-1_GSM4013390",1.18212810702159
"TGCTGCTTCTTTAGGG-1_GSM4013390",1.31560794137984
"CGTGTAAAGCGTTCCG-1_GSM4013390",1.21040908246898
"AACTCAGTCGCGTAGC-1_GSM4013390",1.16789987208956
"TGCGCAGCACATGACT-1_GSM4013390",1.2986324599181
"AAACCTGGTCTTTCAT-1_GSM4013390",1.21093487642458
"ACGAGCCGTCCATCCT-1_GSM4013390",1.27254867401569
"CCCAATCAGTCGTTTG-1_GSM4013390",1.22857660403691
"GGGTTGCAGTGCTGCC-1_GSM4013390",1.19626341283006
"CACTCCAGTCTAAAGA-1_GSM4013390",1.1568816302288
"GCTTGAAGTTCCTCCA-1_GSM4013390",1.17889609983141
"TAAGCGTTCATTATCC-1_GSM4013390",1.25022563463903
"CTAGCCTAGCACCGTC-1_GSM4013390",1.33356070677562
"GGAGCAAGTTCAGACT-1_GSM4013390",1.38105091476133
"TGACGGCCATATACCG-1_GSM4013390",1.15760861827621
"TGACTTTCACCCTATC-1_GSM4013390",1.33274239397156
"CATCGAAAGTATCGAA-1_GSM4013390",0.680739450622549
"GTACGTAGTCGAAAGC-1_GSM4013390",1.31673879274495
"AGATCTGCAGCTATTG-1_GSM4013390",1.24992158996493
"TTGCGTCCAAAGTCAA-1_GSM4013390",1.31337628284049
"CTTAACTCAATGGTCT-1_GSM4013390",1.17501223806904
"CTCGTCACACATGGGA-1_GSM4013390",1.07750212408775
"GGGTTGCGTCAATACC-1_GSM4013390",1.31429189457488
"CACACCTGTCAATGTC-1_GSM4013390",0.646130626997254
"CGTTGGGCAGCCACCA-1_GSM4013390",1.24314857294694
"TGGTTAGTCCTCAACC-1_GSM4013390",1.16059415295098
"CACACCTAGTTAACGA-1_GSM4013390",1.24811688794959
"CGTGAGCCAAGGCTCC-1_GSM4013390",1.15911300071123
"CATCGGGTCTGATTCT-1_GSM4013390",1.41052632473449
"AGCGGTCGTACAGTGG-1_GSM4013390",1.09465476525966
"GTCGTAACAAGGTGTG-1_GSM4013390",1.32228562179489
"ACAGCCGAGCAGGTCA-1_GSM4013390",1.25858710669035
"GTGGGTCGTGACTACT-1_GSM4013390",1.29434237898467
"ATCACGAAGTGTGGCA-1_GSM4013390",1.2187942002611
"GTAACTGAGACCACGA-1_GSM4013390",1.33673164673465
"CGCTATCTCATCTGCC-1_GSM4013390",1.30344291480398
"CAACTAGAGCCCAGCT-1_GSM4013390",1.25718439812465
"CAGAGAGAGATCGGGT-1_GSM4013390",1.39245879508107
"TTCGAAGGTTGTTTGG-1_GSM4013390",1.21828120016857
"ACGATACGTATGAAAC-1_GSM4013390",0.821646485665069
"GACAGAGGTAATCACC-1_GSM4013390",0.649470236537351
"TTCTCCTTCTGAAAGA-1_GSM4013390",1.27263337062838
"CAGCGACAGTGCCATT-1_GSM4013390",1.24882621536067
"GATCAGTCATAGACTC-1_GSM4013390",1.22690725903148
"GTAGGCCTCTTGTTTG-1_GSM4013390",1.32560620680695
"GTGTTAGAGGGAAACA-1_GSM4013390",1.2457775763242
"CGGGTCAAGGAGCGAG-1_GSM4013390",1.25067821250046
"TACTTGTTCGCCGTGA-1_GSM4013390",0.930619280473526
"GGGCACTGTAAGGATT-1_GSM4013390",1.29901249847887
"AGTGTCAGTCATCGGC-1_GSM4013390",1.20697868230366
"AAGCCGCCAGCAGTTT-1_GSM4013390",1.20939206954386
"TGCACCTCAAGTACCT-1_GSM4013390",1.16147611767124
"CTGAAGTTCTAACTTC-1_GSM4013390",1.25479558227051
"CCTTCCCAGAATAGGG-1_GSM4013390",1.2492126609248
"CTGCGGACATGACATC-1_GSM4013390",1.23051918324713
"TTCCCAGCACACATGT-1_GSM4013390",1.27192168108361
"TCCCGATAGACGCAAC-1_GSM4013390",0.868621911694772
"CAGCATAAGACTAGAT-1_GSM4013390",1.20085202359456
"TACGGATTCTACGAGT-1_GSM4013390",1.27455476663341
"AAGCCGCGTATCACCA-1_GSM4013390",1.17962056864389
"CGTAGCGGTGGAAAGA-1_GSM4013390",1.14500039574971
"ATCCGAATCTCTGAGA-1_GSM4013390",1.23626467617403
"ACGAGCCTCAGCGATT-1_GSM4013390",1.09599516624782
"TTGGAACCAAGCTGAG-1_GSM4013390",0.957442197150842
"CTTGGCTCAGGGAGAG-1_GSM4013390",1.27035165214802
"AGCGTCGAGTACGCGA-1_GSM4013390",1.26822087323984
"ACTGAACGTCGGCATC-1_GSM4013390",1.18879302903066
"GCCTCTACACATGACT-1_GSM4013390",0.89164359176424
"AGAATAGCATCCCACT-1_GSM4013390",1.24525053710646
"CGTCTACTCACAAACC-1_GSM4013390",0.828893057726765
"ATCCGAAGTTACTGAC-1_GSM4013390",1.29033483458662
"CCAGCGAAGACGCTTT-1_GSM4013390",1.16515562833391
"AACTCCCCATCCTTGC-1_GSM4013390",1.248520846452
"GTAGGCCGTGCCTTGG-1_GSM4013390",0.985174639965901
"AGATCTGTCACAGTAC-1_GSM4013390",1.11559740078844
"GAGGTGACACAGTCGC-1_GSM4013390",1.14575479755283
"TAGCCGGGTATAAACG-1_GSM4013390",1.29414150398807
"GGGATGAAGTGTGAAT-1_GSM4013390",1.32517756768216
"CGAATGTTCATGCATG-1_GSM4013390",1.08450712621863
"GGACGTCTCGGCATCG-1_GSM4013390",1.24463132630561
"GTCGGGTTCAAGGCTT-1_GSM4013390",0.669744957757269
"ACAGCTAAGGTGTGGT-1_GSM4013390",1.26455604223074
"TACCTTACAACAACCT-1_GSM4013390",1.30692845036131
"GAACGGAGTACTCGCG-1_GSM4013390",0.796726221944977
"GTACTCCCAATGTTGC-1_GSM4013390",1.22966129255665
"CCGGGATAGATCCCGC-1_GSM4013390",1.26611154288283
"TGACTTTGTCCATCCT-1_GSM4013390",0.800066320321289
"CTCGGAGGTACGCTGC-1_GSM4013390",0.646477715129614
"CGGAGCTTCAGTGCAT-1_GSM4013390",1.23490791937718
"ATGTGTGCACTGAAGG-1_GSM4013390",0.753545347808662
"CTAATGGGTATATGAG-1_GSM4013390",0.73585826842968
"TCGAGGCCACGAAATA-1_GSM4013390",1.27269070698071
"TGCCCTATCCGTTGTC-1_GSM4013390",1.11786061986417
"TGCTGCTAGCGATATA-1_GSM4013390",1.21404059699299
"ATTATCCTCTTACCTA-1_GSM4013390",1.16766085057105
"TAGAGCTCAATCGGTT-1_GSM4013390",1.17730900498237
"AACCATGTCATACGGT-1_GSM4013390",1.28103806331567
"TATGCCCTCGAGGTAG-1_GSM4013390",1.22790439914291
"GTCGTAAAGTTAGCGG-1_GSM4013390",0.79965608071853
"CACATTTTCGCGTTTC-1_GSM4013390",1.19796598983871
"AACCGCGAGATCTGCT-1_GSM4013390",1.30088263484544
"TTCTCAATCTCCGGTT-1_GSM4013390",1.27106665808397
"CGAGAAGCAGGCTCAC-1_GSM4013390",1.27177263634854
"AAGTCTGAGGGTTTCT-1_GSM4013390",1.32218406224062
"GGACAAGCAAAGTCAA-1_GSM4013390",1.42751720159864
"GGCGTGTAGATAGTCA-1_GSM4013390",1.43055067123204
"ACCAGTATCCGTAGGC-1_GSM4013390",0.938182900559688
"GGCTGGTTCGGAATCT-1_GSM4013390",1.41661200692977
"TTAGGCATCACAAACC-1_GSM4013390",1.11376781402466
"TCTTTCCCACCATCCT-1_GSM4013390",0.777984181305773
"TCTGGAAAGCAAATCA-1_GSM4013390",1.15199363535051
"ATCACGAAGGTTCCTA-1_GSM4013390",0.663331290126694
"CAACCAAAGGCAGTCA-1_GSM4013390",1.2557499431446
"TTAACTCTCTCGCTTG-1_GSM4013390",1.16131592112228
"ATTTCTGAGATGTGGC-1_GSM4013390",1.30926459108575
"TAGTGGTCATTGGCGC-1_GSM4013390",1.17236536734258
"CACATAGAGACCGGAT-1_GSM4013390",0.700709577838637
"TGTATTCGTTCTGGTA-1_GSM4013390",0.789887251330954
"AGCATACAGACTAGGC-1_GSM4013390",1.11238305052846
"TAAGAGACACAACTGT-1_GSM4013390",1.08758175188829
"CCGGGATGTTCGCTAA-1_GSM4013390",1.25936782113047
"ACCAGTAAGGGATCTG-1_GSM4013390",1.27159550091326
"TCTTCGGTCCTTGCCA-1_GSM4013390",1.34136835135564
"GTACTTTCATCAGTAC-1_GSM4013390",1.13522874270967
"TCGGTAAAGGCTAGGT-1_GSM4013390",1.27596871063137
"ACATGGTCAGGTGCCT-1_GSM4013390",1.21545012566785
"CCTATTATCAGCTTAG-1_GSM4013390",0.954805480143117
"CTTACCGTCTTATCTG-1_GSM4013390",1.31570474359891
"TGCGGGTTCGACGGAA-1_GSM4013390",1.42029726080478
"TGACGGCAGTTGTCGT-1_GSM4013390",1.12876484883257
"GACGTTATCGGCTTGG-1_GSM4013390",1.26373362183864
"TGTGTTTCAGATCCAT-1_GSM4013390",0.708221979784219
"ATCACGAAGTGATCGG-1_GSM4013390",1.15347486010038
"GTATTCTGTTCCACAA-1_GSM4013390",1.20820899743065
"GGATGTTCAATAGAGT-1_GSM4013390",1.26073171871649
"TTCTTAGTCTGGGCCA-1_GSM4013390",1.26686376223946
"GACGTGCAGCTGTTCA-1_GSM4013390",0.985863008440293
"CGAGCACCACAGTCGC-1_GSM4013390",1.02035377377843
"TAGAGCTGTGCACGAA-1_GSM4013390",1.18618086149693
"CGGACGTTCTTATCTG-1_GSM4013390",0.889132814308888
"CGAGCCAAGCTACCTA-1_GSM4013390",0.683994498904229
"TCAGGATAGTCAAGCG-1_GSM4013390",1.27759812887151
"TAAGTGCTCGTAGGAG-1_GSM4013390",1.19236020336679
"GGGCACTTCCCGGATG-1_GSM4013390",1.14646004490787
"ATCATGGCAATCCGAT-1_GSM4013390",0.814825573199982
"CTAACTTGTAAACACA-1_GSM4013390",1.46725045834167
"GCTCCTAGTGTGCCTG-1_GSM4013390",0.950346442981891
"TCTTTCCTCCCACTTG-1_GSM4013390",1.15454199645179
"GTTACAGAGACACGAC-1_GSM4013390",1.22624304276895
"TGACTAGAGAGCAATT-1_GSM4013390",0.823547897359895
"TTGGAACGTGTCTGAT-1_GSM4013390",1.14035042212064
"CGAGCCACAAGCCGTC-1_GSM4013390",1.23235909181287
"TACCTTAGTCATCGGC-1_GSM4013390",1.13189976873093
"TCAACGAAGTATCTCG-1_GSM4013390",0.712520629055209
"TCGTAGAGTTATTCTC-1_GSM4013390",1.25186902834724
"AAGACCTTCATTTGGG-1_GSM4013390",0.995402724768237
"TGCGTGGTCTCGGACG-1_GSM4013390",1.13357431651877
"CATGCCTCACCTTGTC-1_GSM4013390",1.22568558924888
"ATTGGACTCATAGCAC-1_GSM4013390",1.18134014117849
"CACACCTAGTGACATA-1_GSM4013390",1.18515278221545
"CAGCTGGTCACGAAGG-1_GSM4013390",0.763536018964985
"GTGCGGTGTTGTCTTT-1_GSM4013390",0.611982674966646
"GTAGGCCTCGCCAGCA-1_GSM4013390",0.801671201935167
"CTCAGAAAGTCCAGGA-1_GSM4013390",1.29857025812521
"GTCATTTCAGGTCTCG-1_GSM4013390",0.700532517865435
"CATTATCGTTTGACTG-1_GSM4013390",1.11395073960556
"AGCTCTCCACTGCCAG-1_GSM4013390",1.10141640390173
"GTCATTTGTGGTGTAG-1_GSM4013390",1.22053355678888
"TGACTAGTCCGTCAAA-1_GSM4013390",0.828898573045955
"TGGCTGGAGACTAGAT-1_GSM4013390",1.14503150760504
"TTCGAAGCAGCGAACA-1_GSM4013390",1.23437199419891
"CAGTAACCAACTGCGC-1_GSM4013390",1.15262184733257
"TATGCCCAGTACGTTC-1_GSM4013390",1.31089372097187
"CCCATACCAATGAAAC-1_GSM4013390",0.712644448103168
"TCAACGATCTTCCTTC-1_GSM4013390",1.15228622733734
"CAGTAACCAAGCGTAG-1_GSM4013390",0.807640496348083
"AGCCTAAAGATATGCA-1_GSM4013390",1.13250614960767
"GGTGTTAAGGGATCTG-1_GSM4013390",1.19730118806795
"CGACCTTCATATGGTC-1_GSM4013390",1.26248826482071
"CCGTGGACAACACGCC-1_GSM4013390",1.04327191576428
"GTGGGTCGTCTTGCGG-1_GSM4013390",1.1149777395188
"AGCGGTCTCCGCGGTA-1_GSM4013390",1.02670785546616
"GTTCGGGTCGGTGTTA-1_GSM4013390",1.17176920881937
"AAACCTGTCTTAGAGC-1_GSM4013390",1.22591696513389
"ACTGAGTAGTAGCCGA-1_GSM4013390",1.1015019395354
"AACGTTGTCCTCATTA-1_GSM4013390",1.15752171708147
"TGCCCATAGTCCAGGA-1_GSM4013390",1.17799499715048
"TGGACGCAGAGTAAGG-1_GSM4013390",1.21426262180976
"CATCAGAAGGACATTA-1_GSM4013390",1.25921174591953
"AGCGTCGAGCGTAATA-1_GSM4013390",0.516963446692049
"TGGCTGGGTTTGACAC-1_GSM4013390",1.17429239022258
"AACTTTCAGTCAAGGC-1_GSM4013390",1.26738537492955
"TCACAAGGTGTAAGTA-1_GSM4013390",1.32263616607627
"TTTGGTTGTTCGCGAC-1_GSM4013390",0.743272688212739
"CGATCGGCAGTCAGAG-1_GSM4013390",1.1104966957499
"GTGTGCGAGTGCGATG-1_GSM4013390",1.27571555196394
"AGTTGGTAGAAACGCC-1_GSM4013390",1.19902516801252
"CCGTACTTCTCGTATT-1_GSM4013390",1.27835793276683
"CGATGGCAGGGTCGAT-1_GSM4013390",0.996511190591684
"CAGTCCTTCGGAAATA-1_GSM4013390",1.11940219852909
"TAGGCATAGCGTCAAG-1_GSM4013390",1.25006892094843
"AGCATACCATGCCACG-1_GSM4013390",1.13562508675524
"GTTAAGCGTTGGACCC-1_GSM4013390",1.362066161811
"GGATTACCAGATCCAT-1_GSM4013390",1.05097555294867
"GCGGGTTTCCAGATCA-1_GSM4013390",1.24612663252522
"CGATGGCGTGGACGAT-1_GSM4013390",0.916836083549
"CCTTCGATCAGGTTCA-1_GSM4013390",1.26874174582601
"ATGGGAGAGACGCAAC-1_GSM4013390",0.709651332502155
"CAGCCGATCCTGCAGG-1_GSM4013390",1.11516875831874
"GATGAGGTCATGTAGC-1_GSM4013390",1.11848885805524
"GGAACTTAGACTTTCG-1_GSM4013390",1.24687776704709
"TTCGAAGGTCTCAACA-1_GSM4013390",1.21623803499197
"GTGTGCGGTCCAGTAT-1_GSM4013390",1.28746447547739
"GCAGCCAGTATCTGCA-1_GSM4013390",1.21272658121128
"GCATACAAGAGACTAT-1_GSM4013390",1.20872418706762
"GTATCTTTCTTCATGT-1_GSM4013390",1.20356909321578
"CTCTGGTGTAGCGTGA-1_GSM4013390",1.26523648285916
"TCATTACAGGCGCTCT-1_GSM4013390",1.2814673911563
"GCACATAGTCGATTGT-1_GSM4013390",1.31441489514689
"TCGCGTTAGTCCGTAT-1_GSM4013390",1.09736874843246
"AGTGGGAGTGTGTGCC-1_GSM4013390",1.20321180542271
"TCAGCTCGTAGCTCCG-1_GSM4013390",1.0883990083206
"CACCAGGAGATTACCC-1_GSM4013390",1.01390592324652
"TACGGGCAGAAACCTA-1_GSM4013390",0.783961908244752
"CGTGTCTAGTTGAGTA-1_GSM4013390",1.24406149337153
"CCCATACTCTTTAGTC-1_GSM4013390",1.07000216816314
"TACTTGTGTAGAGTGC-1_GSM4013390",1.3054258661574
"ATGTGTGCATGCTAGT-1_GSM4013390",1.06978149051464
"TTCTCAAAGGGCATGT-1_GSM4013390",0.772548648652149
"CGTGTCTGTTCACGGC-1_GSM4013390",1.03552272474141
"CGGAGCTAGTGATCGG-1_GSM4013390",1.13337957353603
"GAGGTGACAGTTCCCT-1_GSM4013390",1.27291869907413
"ACGCCGAAGGGTCTCC-1_GSM4013390",1.19673968991424
"GCAATCATCACAGTAC-1_GSM4013390",1.17543186081858
"TGAGCCGAGGCAATTA-1_GSM4013390",1.16788431490048
"CGGACTGAGACTAGAT-1_GSM4013390",1.15896003611705
"GATCGTATCCACGTTC-1_GSM4013390",1.20174085840671
"CTTGGCTTCGGCGGTT-1_GSM4013390",1.01651639382257
"ATCATGGTCATCTGCC-1_GSM4013390",1.18686732918116
"TAAGAGACAGTATAAG-1_GSM4013390",0.723904484785324
"AGACGTTGTTTCGCTC-1_GSM4013390",1.23955554726396
"GATCGTACAAGCTGTT-1_GSM4013390",1.24519969539214
"TGGACGCAGGGATACC-1_GSM4013390",0.644822929648889
"CTAGTGACACGGTAGA-1_GSM4013390",1.24940170030649
"GACACGCAGTACACCT-1_GSM4013390",1.13515351464243
"TCACGAAAGCGCCTTG-1_GSM4013390",1.10360053856945
"ATAACGCCAGGGATTG-1_GSM4013390",1.17864365236811
"AGGGATGAGGCCATAG-1_GSM4013390",0.918495627064355
"TATCTCAAGCAGACTG-1_GSM4013390",0.614056415123611
"GCTTCCAGTACTCTCC-1_GSM4013390",0.8070097007815
"TCAGCAAAGACGCACA-1_GSM4013390",1.18761223203497
"GCGCAGTTCCTACAGA-1_GSM4013390",1.02443815636235
"GACCAATTCACCCGAG-1_GSM4013390",0.76273250484293
"GAATGAATCACTATTC-1_GSM4013390",1.24793874506819
"GAGGTGATCAGTCAGT-1_GSM4013390",0.840700614080902
"GCGCAGTGTCACACGC-1_GSM4013390",1.15551596011378
"TCATTTGGTAACGTTC-1_GSM4013390",1.28899820565166
"CTTACCGCATCGATTG-1_GSM4013390",1.20043031201845
"GTGAAGGTCCTTCAAT-1_GSM4013390",1.03743335294051
"ACTGCTCGTTATTCTC-1_GSM4013390",0.82602893599023
"TCGCGTTCACTTCTGC-1_GSM4013390",1.23011377570433
"CTGCGGAAGCTGAAAT-1_GSM4013390",1.28305441192839
"TACGGTAAGACTAAGT-1_GSM4013390",0.717764159998733
"GCTTCCACATACCATG-1_GSM4013390",1.24413948819988
"CGAATGTTCAGCTCTC-1_GSM4013390",1.17630961601315
"CAACTAGGTATTACCG-1_GSM4013390",1.25217951609617
"CATCAAGCATGTAGTC-1_GSM4013390",1.08815033895131
"GATCGTACACAGGTTT-1_GSM4013390",1.09616690887594
"TGGTTAGCAAGAAAGG-1_GSM4013390",0.739430332095332
"GAACGGAAGCGTAGTG-1_GSM4013390",1.0987654658406
"TTGCGTCGTCTCAACA-1_GSM4013390",1.25930194354274
"TACGGATTCTTTAGGG-1_GSM4013390",1.30316827220279
"CGCTTCAAGGGTCTCC-1_GSM4013390",1.19304570618446
"AGGTCCGGTTCCACAA-1_GSM4013390",1.05409238465667
"ACATACGGTTGTGGCC-1_GSM4013390",1.15873569749341
"GAAACTCTCCAACCAA-1_GSM4013390",1.37375664945472
"GTTAAGCAGGATATAC-1_GSM4013390",1.25588358899128
"ACTGAACGTCCTCTTG-1_GSM4013390",1.18548366572046
"GCAGTTAAGTCAAGCG-1_GSM4013390",0.980213604174395
"CATCCACGTGCTTCTC-1_GSM4013390",1.34639474500352
"TACGGATTCCGTCATC-1_GSM4013390",0.700251753581506
"CGAGCACAGCAGACTG-1_GSM4013390",1.07716876001369
"CTAGTGACAATGTTGC-1_GSM4013390",1.3388783370656
"GCACTCTAGCAAATCA-1_GSM4013390",1.1029648490312
"CACCAGGAGCTAGCCC-1_GSM4013390",0.88247269121792
"CACCTTGCACCCATGG-1_GSM4013390",0.888129177378288
"GTTCTCGCATGATCCA-1_GSM4013390",1.07531419614115
"GACCTGGGTCCGTGAC-1_GSM4013390",1.2884468221418
"AAGACCTCAATGAATG-1_GSM4013390",1.08619223434187
"GATCAGTTCCACGACG-1_GSM4013390",0.924139239672795
"GAACGGATCCTGTAGA-1_GSM4013390",1.11148553342201
"AACTTTCTCCGAGCCA-1_GSM4013390",1.37718915736553
"GTAGGCCAGAAACCAT-1_GSM4013390",0.81849042598725
"GTATCTTAGCCTATGT-1_GSM4013390",1.19826895386398
"GTCACGGTCTCTTGAT-1_GSM4013390",0.633735329561446
"GATCTAGCACCATGTA-1_GSM4013390",1.17952269909459
"GGGAATGTCTCTAGGA-1_GSM4013390",1.2158569981429
"AGGTCCGAGGAACTGC-1_GSM4013390",1.06119728540924
"TATCTCAGTGCGGTAA-1_GSM4013390",0.810922624617597
"ACTGTCCGTACAGACG-1_GSM4013390",1.23523018566921
"CGAACATGTCGAGTTT-1_GSM4013390",1.276417548399
"GTCTTCGAGAGGTAGA-1_GSM4013390",1.27034217844169
"TAGTGGTTCGCTGATA-1_GSM4013390",1.33421113132418
"CCCAGTTTCGTGGTCG-1_GSM4013390",0.632101812798249
"CTCTGGTTCTCTGTCG-1_GSM4013390",1.28772793481569
"CCGTTCACATCCGGGT-1_GSM4013390",1.30242920664243
"GACTAACGTCAGAGGT-1_GSM4013390",0.962643376456726
"TATCTCACAAGCCGTC-1_GSM4013390",1.18930804138615
"CATCGAATCTCCAACC-1_GSM4013390",1.06791979946136
"TGTGGTATCTCCAGGG-1_GSM4013390",1.00326791352627
"CTCGAGGAGACAGGCT-1_GSM4013390",0.759746576230728
"ATCATCTAGAGGGCTT-1_GSM4013390",0.969810553035385
"CCGTGGATCCGTCAAA-1_GSM4013390",1.18256633722647
"TAGAGCTTCAGTCAGT-1_GSM4013390",1.23286040130393
"CTGCTGTTCAACGCTA-1_GSM4013390",1.32489543101053
"ATGTGTGAGTGTCCCG-1_GSM4013390",1.20187735680965
"CTGATAGTCACTCTTA-1_GSM4013390",1.1400683649658
"ACTGATGTCTCGAGTA-1_GSM4013390",1.16205167544863
"ATCCGAACACGTGAGA-1_GSM4013390",1.26816220318062
"TCACAAGTCTGAGGGA-1_GSM4013390",1.1909911728958
"GAACCTACATCACGAT-1_GSM4013390",0.626609141074338
"TTCCCAGGTAGCGCTC-1_GSM4013390",1.20288747361149
"GTATCTTAGCAGCCTC-1_GSM4013390",1.0254845822494
"CTAGCCTCATAACCTG-1_GSM4013390",1.07703655185163
"TAAACCGTCAGGCAAG-1_GSM4013390",1.08672216118891
"AAACCTGTCCCAAGTA-1_GSM4013390",0.796998056356196
"TTAGGACAGAAGATTC-1_GSM4013390",0.722370079638598
"TTGACTTCATAGGATA-1_GSM4013390",1.22283372853195
"CCCTCCTGTAGCTAAA-1_GSM4013390",1.08003155131501
"GTTCGGGAGGGAGTAA-1_GSM4013390",0.949052524903274
"ATCTGCCTCATCTGCC-1_GSM4013390",1.17831808113013
"GCTCCTATCACTCCTG-1_GSM4013390",1.22871124081019
"CTGAAACTCTTGTACT-1_GSM4013390",1.10744814246669
"CTAACTTAGTGAACAT-1_GSM4013390",1.3666315681815
"GCTCTGTCACAGCGTC-1_GSM4013390",0.743687880628878
"AGCAGCCTCAGCGACC-1_GSM4013390",1.18878829537644
"ATGTGTGTCTGGCGAC-1_GSM4013390",1.06531891786526
"ACACCGGAGGGTTTCT-1_GSM4013390",1.18954177150711
"GGACGTCGTCCATGAT-1_GSM4013390",1.33279381908867
"ATTACTCGTAGGCATG-1_GSM4013390",0.958947490808995
"CATTATCAGCTAGCCC-1_GSM4013390",1.20392859381794
"GTGCATAGTTATTCTC-1_GSM4013390",1.13466818992563
"GATCGCGTCAGGTAAA-1_GSM4013390",1.35083468190553
"ACTGATGAGTACATGA-1_GSM4013390",1.16382212595841
"GGACATTCAGCCTGTG-1_GSM4013390",0.648778921208555
"TCACGAAGTCTCCCTA-1_GSM4013390",1.34078991439241
"TCACAAGCATGGATGG-1_GSM4013390",0.789325385428538
"TGCGCAGTCAGCAACT-1_GSM4013390",0.876759656213597
"TACTCGCAGAGTTGGC-1_GSM4013390",1.17780804271151
"TCAGCTCAGCGTGAGT-1_GSM4013390",1.15447728403611
"ATCGAGTGTAAAGGAG-1_GSM4013390",1.06488959849054
"TGGCTGGCATGGAATA-1_GSM4013390",0.823777193281352
"ACTTGTTAGGATGTAT-1_GSM4013390",0.884981667955387
"CACACTCGTGGTGTAG-1_GSM4013390",1.17833613096083
"TTATGCTGTCCGACGT-1_GSM4013390",1.09341638836388
"CACACAATCATCGATG-1_GSM4013390",1.13436591259202
"AACTCTTTCATATCGG-1_GSM4013390",0.735062045557379
"TGCCAAATCACAAACC-1_GSM4013390",1.13727018082009
"CGTTGGGGTCAGAATA-1_GSM4013390",1.12268347415632
"GCAGTTAAGGCTACGA-1_GSM4013390",1.08257431874225
"CTCGGAGCAGCCTTGG-1_GSM4013390",1.1897897704166
"TACTCATTCTTTAGTC-1_GSM4013390",1.17181663188184
"ACTTGTTTCTGTGCAA-1_GSM4013390",0.626387985312143
"CGATTGAGTATGAATG-1_GSM4013390",1.09638855333193
"GTTCTCGTCTCGTATT-1_GSM4013390",1.04432511512922
"CGGTTAATCTTAGCCC-1_GSM4013390",1.0896200792956
"TCAGGTAGTGATGTGG-1_GSM4013390",1.19195877402366
"ACACCCTTCGGTGTTA-1_GSM4013390",1.17130568883119
"TCACGAAGTACTCGCG-1_GSM4013390",0.958505478533541
"CGGACGTCATATGGTC-1_GSM4013390",0.706448191512892
"ACTTGTTAGTGTTAGA-1_GSM4013390",1.16478972435303
"GCTCTGTGTGGTACAG-1_GSM4013390",0.923783499016606
"TGCCCTAGTTATGTGC-1_GSM4013390",1.20981913099789
"CTCCTAGTCGTTGACA-1_GSM4013390",1.24511928881466
"CCGGGATGTGTGTGCC-1_GSM4013390",0.665886550903896
"TAGACCAAGTAGCCGA-1_GSM4013390",0.741874801361694
"CGACTTCGTTTACTCT-1_GSM4013390",1.27952793347749
"AAGGTTCGTAGCGCTC-1_GSM4013390",1.30451872194155
"TTTATGCAGTGGAGTC-1_GSM4013390",1.03734424874249
"GTCAAGTGTTTCCACC-1_GSM4013390",0.964129649354456
"CACTCCAAGAGGGATA-1_GSM4013390",0.923190900236594
"TCGTACCCAGTATAAG-1_GSM4013390",1.17401323404279
"GTACGTACATTCTCAT-1_GSM4013390",0.971720768190994
"GTTCTCGTCAGCAACT-1_GSM4013390",0.760425371594126
"CAGAGAGAGTGACATA-1_GSM4013390",1.23427280957569
"TGATTTCGTTAAGACA-1_GSM4013390",0.861561071198433
"ACTGAGTCATGCAACT-1_GSM4013390",0.939140753357459
"GCATACACACTGTCGG-1_GSM4013390",1.28845560943647
"AAGCCGCGTCCGCTGA-1_GSM4013390",1.20712159630879
"GCGGGTTAGGCCCTTG-1_GSM4013390",1.18606428978696
"GTACTCCCATTTCAGG-1_GSM4013390",1.20289479081305
"GGGACCTAGCCGATTT-1_GSM4013390",0.923946655043281
"TAGAGCTGTTTGTGTG-1_GSM4013390",0.663757243990398
"GGCGTGTCAAGACACG-1_GSM4013390",0.715537900824066
"ACGATACCAACTGCTA-1_GSM4013390",0.963976860732233
"CATTCGCTCCAAACTG-1_GSM4013390",1.15575304329777
"GCTTCCACAAGCGCTC-1_GSM4013390",1.04189550485147
"GCTCCTATCTGCGGCA-1_GSM4013390",1.1223445849704
"CAGCGACTCGACAGCC-1_GSM4013390",0.834727865608529
"CTAACTTTCGCTTAGA-1_GSM4013390",0.859503311501455
"GATGAAATCCTGCAGG-1_GSM4013390",1.2300932028585
"ATGCGATCACGACTCG-1_GSM4013390",1.32578638948099
"AAGCCGCCATTTGCTT-1_GSM4013390",0.768946587069614
"GTATTCTCATTTCAGG-1_GSM4013390",1.03024637448131
"GCAATCAGTGTGAATA-1_GSM4013390",0.73015293153257
"AGGGATGAGAAACGAG-1_GSM4013390",0.788207102966495
"AAGTCTGGTAAAGGAG-1_GSM4013390",0.681381614696859
"CATATTCGTCTTGATG-1_GSM4013390",1.2844082597448
"CTGGTCTGTCAGAAGC-1_GSM4013390",1.33299865316012
"CTCAGAACAAAGCGGT-1_GSM4013390",0.795843861349192
"TGAGAGGGTTGATTCG-1_GSM4013390",1.16858651803185
"AGCGGTCGTACTTGAC-1_GSM4013390",0.802749530616515
"CTCGAAAAGCCCAATT-1_GSM4013390",0.783226121534539
"GGTGTTAAGGCATGGT-1_GSM4013390",1.11951747073369
"ACGATACAGAGTTGGC-1_GSM4013390",1.17084848315408
"CCCAGTTCATCCGCGA-1_GSM4013390",1.05480678588668
"GGTGAAGGTATTCGTG-1_GSM4013390",0.555389651838635
"GCGACCATCTTACCGC-1_GSM4013390",1.10594066149534
"CTGTGCTAGGCTAGCA-1_GSM4013390",1.09830078918003
"CGTTGGGTCACCAGGC-1_GSM4013390",1.3211651786205
"TGTGGTATCTGTGCAA-1_GSM4013390",1.26049085732682
"ACAGCCGTCCGAAGAG-1_GSM4013390",0.942187286355589
"TGATTTCCATTCGACA-1_GSM4013390",1.19608862863344
"TGCTGCTCATCGGTTA-1_GSM4013390",0.740608069993598
"CTAGTGAAGGACATTA-1_GSM4013390",1.30896468463806
"GAGCAGAAGTCGTACT-1_GSM4013390",1.14287821909264
"GTATCTTGTACGCTGC-1_GSM4013390",0.806913447021618
"CTCGGGACATCGACGC-1_GSM4013390",1.16547086844653
"GCTGCAGTCTCCAGGG-1_GSM4013390",1.01421212668836
"CGGCTAGCAAAGTGCG-1_GSM4013390",1.22026278066911
"TCACGAATCTCGTTTA-1_GSM4013390",0.717579039852756
"CTGTGCTGTAGCTTGT-1_GSM4013390",1.22504212308287
"CTAACTTCACATTTCT-1_GSM4013390",0.713240000188129
"TAGAGCTTCCTAGTGA-1_GSM4013390",1.26117287771129
"AGCTCCTCAAGAAGAG-1_GSM4013390",1.06370272293877
"CTCAGAAGTCAAAGAT-1_GSM4013390",1.15066439277326
"AACTCTTAGATACACA-1_GSM4013390",1.2347613513746
"GCGCAGTTCACTTATC-1_GSM4013390",1.06528144901699
"ATCCACCAGATTACCC-1_GSM4013390",0.740983324911178
"CCCAATCAGCCTCGTG-1_GSM4013390",1.1635462583203
"TGACGGCAGCTTATCG-1_GSM4013390",1.14226666231581
"ACATACGTCTTTACGT-1_GSM4013390",1.19326514552796
"TTGCGTCCACGGTGTC-1_GSM4013390",0.981712082283836
"TTCGAAGGTGTGTGCC-1_GSM4013390",1.26478895752592
"TGTTCCGGTACGCTGC-1_GSM4013390",1.10475892913413
"CGTCCATGTACCGTAT-1_GSM4013390",1.02392130970547
"TTCCCAGTCTTTACGT-1_GSM4013390",1.15060491920163
"GCATGTACAGATCCAT-1_GSM4013390",1.28335507415117
"ACGCCGAAGGCATTGG-1_GSM4013390",1.30496152249466
"TCGCGAGAGAACTGTA-1_GSM4013390",0.710165260403773
"AGCTTGAAGTCAAGGC-1_GSM4013390",1.17451703645657
"CATCCACTCTGTTTGT-1_GSM4013390",0.808022921156258
"CGACCTTTCAACCAAC-1_GSM4013390",1.09650897730037
"ACGGGTCGTAGGGACT-1_GSM4013390",0.791839898346267
"CATTCGCGTCGATTGT-1_GSM4013390",1.30619619605471
"GCTGGGTGTCTTCTCG-1_GSM4013390",0.762032975297131
"ACTGAGTTCCGTAGGC-1_GSM4013390",0.758445415554052
"CATCAGAAGTGTGGCA-1_GSM4013390",1.17681753581974
"CGTGTCTTCAGGATCT-1_GSM4013390",1.11540745516029
"CTACGTCGTACCGTAT-1_GSM4013390",1.30178857820076
"TCGGGACGTCAACATC-1_GSM4013390",1.10810395490417
"TAGGCATCAATCAGAA-1_GSM4013390",1.19331019078414
"AGTGTCACATGGGAAC-1_GSM4013390",1.10922272293526
"ACTGATGGTGAGCGAT-1_GSM4013390",0.759047535388712
"CACCTTGAGTCTCGGC-1_GSM4013390",0.865205664445754
"TGGCGCAAGTTTGCGT-1_GSM4013390",0.758239175649009
"CAGCCGATCTATCCCG-1_GSM4013390",1.15885911014504
"CACAGGCGTGCAGTAG-1_GSM4013390",1.17330472303924
"GATGCTAGTGAGCGAT-1_GSM4013390",1.27675551159023
"CGTTCTGGTCATACTG-1_GSM4013390",0.678862711817625
"GACGTTAGTTCAGACT-1_GSM4013390",0.730941240986742
"AGGTCATGTTACCGAT-1_GSM4013390",0.99893723345629
"TCGGGACGTGAAAGAG-1_GSM4013390",1.13203040532477
"TTTATGCCAATGGAGC-1_GSM4013390",0.755455366778041
"ACTGCTCCAATTCCTT-1_GSM4013390",1.04255157599033
"ACGCCAGTCTCTTGAT-1_GSM4013390",0.672498661148888
"CCTCTGATCGTACCGG-1_GSM4013390",1.25710410993883
"CTCGAGGTCAAAGACA-1_GSM4013390",0.998440952330481
"CCTTCGATCCTTCAAT-1_GSM4013390",1.04380767913815
"TAGACCACACGGCCAT-1_GSM4013390",0.982972459565719
"AAACCTGAGTACTTGC-1_GSM4013390",1.14643861942548
"AGTTGGTAGGCAGGTT-1_GSM4013390",1.22058295370524
"GACGGCTTCGTTACAG-1_GSM4013390",0.757868840621317
"GAACGGATCCAGTAGT-1_GSM4013390",1.16489563259386
"TACCTTATCAGATAAG-1_GSM4013390",1.2730759985489
"GCATACAGTCTCATCC-1_GSM4013390",1.16177725235065
"TAAACCGCAGACAAGC-1_GSM4013390",0.872861582774211
"CCATTCGGTCTAGTGT-1_GSM4013390",0.680813636834587
"AGATTGCGTTAGTGGG-1_GSM4013390",1.16680880261174
"TTTATGCAGTCGATAA-1_GSM4013390",1.0972471287894
"CTAGCCTCAGGCAGTA-1_GSM4013390",1.22862984822003
"GCGCAACTCGCTAGCG-1_GSM4013390",0.663651401612533
"CCATTCGAGCCAGTAG-1_GSM4013390",1.06972261324878
"CATATGGGTGGTGTAG-1_GSM4013390",0.622634509554282
"ATTACTCTCGTTGCCT-1_GSM4013390",0.234549475932517
"TCTATTGTCGCCAAAT-1_GSM4013390",1.16563203754793
"CATATGGCAATGGTCT-1_GSM4013390",1.19405030416874
"TAGACCACACAGGTTT-1_GSM4013390",1.13433791498934
"GTTCTCGTCACAGGCC-1_GSM4013390",1.18124218213112
"ATTGGTGCATCGATGT-1_GSM4013390",1.08439316922799
"TAGTGGTAGCATCATC-1_GSM4013390",1.14892543969649
"CACACAAAGTGAACAT-1_GSM4013390",1.23291698785844
"CCTAGCTGTGACAAAT-1_GSM4013390",0.965298548159563
"CCACCTATCTACGAGT-1_GSM4013390",1.18350962286427
"TCGTAGAGTCTCCATC-1_GSM4013390",0.547675982186922
"GGCGTGTAGTGTCCAT-1_GSM4013390",1.35383530393555
"AGTAGTCGTCTAGAGG-1_GSM4013390",1.33316662462575
"TAGACCACACATGACT-1_GSM4013390",1.33359718227307
"TCAGCAATCGAATGCT-1_GSM4013390",1.18938010444131
"GCGCGATCACGCGAAA-1_GSM4013390",1.05570991725773
"AATCGGTGTAATCACC-1_GSM4013390",1.10129556910478
"CCAGCGATCGCCGTGA-1_GSM4013390",1.21880710375424
"AGCGGTCTCGGCTACG-1_GSM4013390",0.645538979780574
"TGTGTTTAGAGGTAGA-1_GSM4013390",1.04581802107119
"TCTTTCCGTAAGTGGC-1_GSM4013390",1.22008922931479
"GTGCTTCGTATCGCAT-1_GSM4013390",1.23934698004744
"CAGCATATCTGCCCTA-1_GSM4013390",1.32429408246572
"TACTCGCGTTCAGTAC-1_GSM4013390",0.687180942854755
"AGCTTGACATGACATC-1_GSM4013390",1.08889772762028
"ACTGATGGTTAAGACA-1_GSM4013390",1.18770989160759
"CAACTAGCATAAAGGT-1_GSM4013390",1.131280231897
"GAACATCCAAATCCGT-1_GSM4013390",1.07935331458856
"AAGGCAGGTAGCGATG-1_GSM4013390",1.05129212376059
"TCGAGGCTCCTTGACC-1_GSM4013390",1.35484141305584
"CCCTCCTTCGTGACAT-1_GSM4013390",0.787829958622667
"AGATCTGAGGCTATCT-1_GSM4013390",1.12252058006372
"CCCATACGTCAGGACA-1_GSM4013390",1.11052368340669
"AGCTCCTGTAGCTCCG-1_GSM4013390",1.1889007540474
"ACGGGTCAGAAGAAGC-1_GSM4013390",1.30512017321976
"CGGACACCATGGTAGG-1_GSM4013390",1.22479901282261
"GTACTCCTCCTCTAGC-1_GSM4013390",0.827816053547804
"CCAATCCTCTTGACGA-1_GSM4013390",0.936461649883095
"AAAGATGTCAGGCAAG-1_GSM4013390",1.31253197448239
"ACGGGCTCACGACTCG-1_GSM4013390",0.759508238240967
"GGAACTTTCGTCACGG-1_GSM4013390",0.725878844981145
"AGATCTGCATGTCCTC-1_GSM4013390",1.16023417076724
"CCTAGCTTCGCCTGAG-1_GSM4013390",1.05299501282727
"AACGTTGAGTCCATAC-1_GSM4013390",0.939421389611605
"TTAACTCAGTAGGCCA-1_GSM4013390",0.980643094464443
"ACATGGTAGCACCGCT-1_GSM4013390",1.04076405694628
"ACCCACTCAGTCAGCC-1_GSM4013390",1.05802417659734
"ACATACGAGAACTCGG-1_GSM4013390",1.07196682016236
"TCAGGATGTCGAGATG-1_GSM4013390",1.26628386517191
"TTCGAAGGTTAAGATG-1_GSM4013390",1.27493448253923
"CTCGGAGCAAGCCTAT-1_GSM4013390",1.16168361976854
"TACGGATGTCATCCCT-1_GSM4013390",0.701131798332834
"GTCACAATCTGAGGGA-1_GSM4013390",0.878501635237691
"AACACGTTCTCGTTTA-1_GSM4013390",0.658797488548237
"ATTGGACCATCACCCT-1_GSM4013390",1.19644009442162
"TGACAACCACTGAAGG-1_GSM4013390",1.22863310661372
"TCTGGAATCGGCGCTA-1_GSM4013390",1.19544824001867
"TATCAGGTCAATACCG-1_GSM4013390",0.667082682787976
"GAGCAGATCCACGAAT-1_GSM4013390",1.10946428735594
"GTTCATTAGGCAGGTT-1_GSM4013390",0.51646152370492
"CGTCTACTCAGTCAGT-1_GSM4013390",1.37675046638903
"ATCTGCCAGTTGTCGT-1_GSM4013390",1.06579994708353
"CTCGAGGGTAACGCGA-1_GSM4013390",0.828312676616236
"GTGCTTCTCCCTCAGT-1_GSM4013390",0.864724900552332
"CGTCTACCAAGTTCTG-1_GSM4013390",1.11813774707931
"CAGAGAGGTTGAACTC-1_GSM4013390",1.22911593407464
"GACACGCCAAATTGCC-1_GSM4013390",1.13487150638857
"GTACTCCTCATGCATG-1_GSM4013390",1.22396902553682
"ACCCACTGTCCAGTTA-1_GSM4013390",1.23613205297474
"ATCATGGGTATTAGCC-1_GSM4013390",1.28259114716219
"CCAGCGAGTCTTGTCC-1_GSM4013390",1.26729325247857
"TACAGTGAGCTAGTCT-1_GSM4013390",1.14944588186137
"CTTTGCGTCTATCCCG-1_GSM4013390",0.608455473644133
"TGCCAAATCCCTAACC-1_GSM4013390",0.838714737288273
"TCATTACCATCCTAGA-1_GSM4013390",1.38881576815313
"CTAGAGTTCGGACAAG-1_GSM4013390",0.979767939665876
"CGCTTCAAGGAATCGC-1_GSM4013390",0.859119404152229
"GAAATGAGTCAAGCGA-1_GSM4013390",1.09850454258831
"CCTACCAGTCTGCAAT-1_GSM4013390",1.11520546593189
"AACTCTTTCTGGAGCC-1_GSM4013390",1.08030318157184
"GCGGGTTAGGAGTCTG-1_GSM4013390",0.807874365015486
"TGACAACTCTTTCCTC-1_GSM4013390",0.848495088714637
"TCTATTGGTGTTTGGT-1_GSM4013390",0.62652365375717
"TCAGGTATCCTCATTA-1_GSM4013390",0.669815016250853
"GTAACGTCACCCTATC-1_GSM4013390",0.758900317114154
"AGGGAGTGTGCAACGA-1_GSM4013390",1.08249582494331
"TAGAGCTGTTCCACGG-1_GSM4013390",0.797005192699045
"ACGCCAGCAAGACACG-1_GSM4013390",1.20734719067212
"AGGTCCGGTAAGGGCT-1_GSM4013390",0.915940488934414
"CGTTCTGCATGTAGTC-1_GSM4013390",0.793733299792937
"GATGCTAAGCCACGCT-1_GSM4013390",0.833315676319681
"ACGATGTCACCGCTAG-1_GSM4013390",1.08838995004267
"AAGACCTCAGCGTAAG-1_GSM4013390",1.07278138611054
"TTTGCGCGTACGCACC-1_GSM4013390",1.20680694246618
"TCACGAATCTCGCTTG-1_GSM4013390",0.709305647748275
"TTTGCGCAGTGTACGG-1_GSM4013390",1.13755013770576
"AAGGTTCCATTCCTCG-1_GSM4013390",0.680447744497493
"CGTGTCTCAGCTCGCA-1_GSM4013390",1.02339122498618
"TCAGCTCCATGGTAGG-1_GSM4013390",0.784849507895195
"CTCAGAATCATCTGTT-1_GSM4013390",0.922320136851381
"GATCGATGTTAGATGA-1_GSM4013390",0.93686721452037
"TTTGCGCTCCGTAGTA-1_GSM4013390",1.27372792744439
"ATAAGAGAGTCGTTTG-1_GSM4013390",0.846869033943995
"ACGAGCCAGCCACGTC-1_GSM4013390",0.916524469682741
"GTCACGGAGAAGGGTA-1_GSM4013390",0.965923236057202
"GTGCAGCTCGCGCCAA-1_GSM4013390",1.20661613388095
"TCGCGAGAGTTTCCTT-1_GSM4013390",1.17580720289679
"GATCGATCATGTCTCC-1_GSM4013390",0.99250901774795
"CGATCGGCAACTTGAC-1_GSM4013390",0.833023277497009
"CCTACCAGTTCTGTTT-1_GSM4013390",1.04472003849989
"TGGTTCCTCACATGCA-1_GSM4013390",0.96979423576083
"ACGCAGCGTGGTTTCA-1_GSM4013390",0.940772646739536
"TCACGAATCACTTATC-1_GSM4013390",1.04671529620803
"GTGTGCGCATAGACTC-1_GSM4013390",1.2210830792668
"TCTCTAACATCTACGA-1_GSM4013390",0.739752221371028
"CCTTCCCCAAGTACCT-1_GSM4013390",0.794305406353725
"CCTCTGACAGGAATCG-1_GSM4013390",0.825059077324037
"AACGTTGAGGGAGTAA-1_GSM4013390",1.12987133758312
"TGCGCAGAGTTGAGAT-1_GSM4013390",0.937045976810788
"GTGGGTCGTTAAGACA-1_GSM4013390",1.18788999636703
"CATCAAGAGGCCCGTT-1_GSM4013390",1.17729671717101
"AAACCTGCAGTATGCT-1_GSM4013390",0.78179364337067
"GAGCAGAAGAGACGAA-1_GSM4013390",1.16266891855598
"CGTCAGGAGAGACGAA-1_GSM4013390",1.06055198887765
"CGCTATCGTAGCTCCG-1_GSM4013390",1.10772472122131
"TGTGGTACAAGCTGGA-1_GSM4013390",1.11145483533533
"CTACGTCGTAGGAGTC-1_GSM4013390",1.18271026020976
"CCTATTACAAAGTGCG-1_GSM4013390",0.853723863570497
"GCTGCAGCAGTGGGAT-1_GSM4013390",1.14297525841653
"ATCGAGTCAAGTCTGT-1_GSM4013390",1.36157598616849
"CGTCACTAGATAGTCA-1_GSM4013390",1.04352854522573
"CAGCAGCAGTCATGCT-1_GSM4013390",0.597621580727271
"GGCCGATAGCTGCGAA-1_GSM4013390",1.09875016703104
"GCAGCCAGTCTTCAAG-1_GSM4013390",1.0465818286944
"AAATGCCCATGGTAGG-1_GSM4013390",0.980261415157029
"GAACCTACACGTAAGG-1_GSM4013390",0.953143230168074
"CATCAAGCATTCGACA-1_GSM4013390",0.660370733681544
"ATCTGCCAGTTTAGGA-1_GSM4013390",1.10836212405696
"TCGGTAAAGAAGCCCA-1_GSM4013390",1.13323831861355
"CCAATCCCAAATACAG-1_GSM4013390",0.848116914671259
"CCTTCCCTCGGCATCG-1_GSM4013390",0.843564397096248
"ATAGACCTCTCGCTTG-1_GSM4013390",0.839154035895308
"ATGAGGGTCTGATTCT-1_GSM4013390",0.916834760437522
"TCGTAGACACATGGGA-1_GSM4013390",0.99833425682408
"GAGGTGATCTGAGGGA-1_GSM4013390",1.0818916049979
"GACACGCTCTTCGGTC-1_GSM4013390",0.843493500708787
"CCCTCCTTCAATAAGG-1_GSM4013390",1.10642353612391
"CGAGCACAGTTAAGTG-1_GSM4013390",1.00961597732511
"TGCTACCAGGTGTGGT-1_GSM4013390",0.863168025846117
"GCTGCAGCAGGTCTCG-1_GSM4013390",1.21342764278655
"TACTCGCGTATATGGA-1_GSM4013390",1.22722866521774
"GTTACAGCATAAAGGT-1_GSM4013390",1.23243669457064
"TGCTACCCATGTCGAT-1_GSM4013390",1.21976273260834
"TAGTGGTTCTCCAACC-1_GSM4013390",0.794943185062521
"CCAATCCAGATCCTGT-1_GSM4013390",0.645959039635237
"GTTCTCGGTCAACTGT-1_GSM4013390",0.834442355637092
"CATTATCGTCGTGGCT-1_GSM4013390",1.1049597880175
"TTCCCAGAGCGCCTTG-1_GSM4013390",1.22136417586289
"CAACTAGAGTCATGCT-1_GSM4013390",1.13126089163667
"CAGATCATCGGCTACG-1_GSM4013390",1.06317270811713
"CAACCTCGTGCAACTT-1_GSM4013390",1.22361274295079
"TACAGTGGTCCGCTGA-1_GSM4013390",1.17503032599932
"GGCTGGTCATCACCCT-1_GSM4013390",1.12908116070324
"GTATCTTAGGACACCA-1_GSM4013390",1.15366601072243
"GTTCTCGCAAGTTGTC-1_GSM4013390",1.14572966337255
"TCAGGATTCTGATTCT-1_GSM4013390",0.884467244496878
"CAGCCGACAATAACGA-1_GSM4013390",1.09382511799281
"AGCGGTCAGTTAAGTG-1_GSM4013390",0.788692462673059
"TCCACACTCTATCGCC-1_GSM4013390",1.2566589974741
"TACTTACGTACTCTCC-1_GSM4013390",1.07495789409334
"GTAGGCCGTTTGGCGC-1_GSM4013390",1.30148622196632
"TATCAGGCATAACCTG-1_GSM4013390",0.921099865301781
"ACGCCAGCACTTAAGC-1_GSM4013390",1.20051547908598
"TTTGGTTAGGCATGGT-1_GSM4013390",1.11337705783774
"AGCGTCGCATTGTGCA-1_GSM4013390",0.815728738732665
"TCTATTGAGCCACGCT-1_GSM4013390",0.857344921762275
"GGACAGATCATTATCC-1_GSM4013390",1.06535403217541
"AAACGGGTCCTTGACC-1_GSM4013390",1.04554596996498
"GGAAAGCAGCACCGCT-1_GSM4013390",1.10616054587324
"AAGACCTTCCAAACTG-1_GSM4013390",0.680825773379056
"CTCTAATAGGTACTCT-1_GSM4013390",1.10055562637792
"ATCATGGGTTCGAATC-1_GSM4013390",0.665719232594173
"ATAGACCGTACTTGAC-1_GSM4013390",0.8650985532982
"CATCAAGAGTTTAGGA-1_GSM4013390",0.899448854277302
"CAACCTCGTCGGGTCT-1_GSM4013390",1.17033260847024
"TTTCCTCCAACTGCGC-1_GSM4013390",0.699665210472214
"GTCCTCACACACATGT-1_GSM4013390",1.09494009142582
"ACTGAACTCAATCACG-1_GSM4013390",0.981340224378181
"GTTCGGGGTCGTGGCT-1_GSM4013390",0.612070771274266
"GGGATGACACATTAGC-1_GSM4013390",0.648863659923035
"TTATGCTGTCTAAAGA-1_GSM4013390",0.586360177551148
"AGATTGCCAAGTTGTC-1_GSM4013390",0.75232634666524
"CGAGAAGAGAATGTGT-1_GSM4013390",0.720012769516337
"TGACTAGGTTATGTGC-1_GSM4013390",1.19141629641035
"CGTTCTGTCTAGAGTC-1_GSM4013390",0.965669285408371
"ATGTGTGTCCGAATGT-1_GSM4013390",0.755287190810587
"TTCTTAGCAGTAAGCG-1_GSM4013390",0.911001747562921
"TTCTCCTCAGCTGCAC-1_GSM4013390",0.642608380534418
"AACACGTAGTGAAGTT-1_GSM4013390",0.822338299301894
"CCGTTCATCCTTGGTC-1_GSM4013390",1.28184796927718
"CAGCATAGTATCGCAT-1_GSM4013390",1.07563397528792
"ACGAGCCAGTTCCACA-1_GSM4013390",1.16066248035913
"AGTGTCACAGGTCTCG-1_GSM4013390",0.859080313579603
"AGCCTAAGTTAAGAAC-1_GSM4013390",1.11788088544147
"GACGGCTAGCTCCTCT-1_GSM4013390",0.747208618326223
"TCAGGATTCAACGGGA-1_GSM4013390",0.905581269876858
"GGATGTTAGTACCGGA-1_GSM4013390",1.14935240073823
"GCGAGAATCATGCTCC-1_GSM4013390",0.692240100746405
"GATGAAACACGTAAGG-1_GSM4013390",1.16385244980793
"TCGAGGCCAGGGCATA-1_GSM4013390",1.0508697798995
"GACCTGGCATGGGAAC-1_GSM4013390",1.08733345005709
"CTTGGCTGTCGGATCC-1_GSM4013390",0.968469275653796
"CAGCATACATGCTGGC-1_GSM4013390",0.590736465331336
"GGACAGAAGTGGGTTG-1_GSM4013390",1.16067994973323
"TTAACTCAGATCACGG-1_GSM4013390",0.977684868192138
"TATCTCAAGTTATCGC-1_GSM4013390",0.917517775359026
"CGAGAAGTCGGTCCGA-1_GSM4013390",1.27807257545432
"GTTACAGCAGTCGATT-1_GSM4013390",0.855691619539459
"CAACTAGCATGCATGT-1_GSM4013390",0.757889769921859
"CTGATCCTCATAAAGG-1_GSM4013390",1.04455386047206
"CCTCAGTAGGCTCATT-1_GSM4013390",0.660905857125439
"CGGAGTCTCTCTAGGA-1_GSM4013390",1.07714828846673
"TTTGGTTTCGCCATAA-1_GSM4013390",0.972974758498085
"ATTTCTGAGCTCTCGG-1_GSM4013390",1.09207018631828
"GCTTCCATCTGTACGA-1_GSM4013390",0.77346884037426
"TATTACCAGATATGGT-1_GSM4013390",0.980845714757578
"GCAATCACATATACCG-1_GSM4013390",1.03663160934388
"AGGGATGGTTTGACAC-1_GSM4013390",1.20570217401852
"ACTTTCATCCGTTGCT-1_GSM4013390",1.23066079333332
"CATCAGAAGTGTCTCA-1_GSM4013390",0.963004185441824
"TACCTATTCTCCTATA-1_GSM4013390",0.752874547394089
"TGGGAAGAGTCCAGGA-1_GSM4013390",0.620607602307499
"TACTTGTGTTCCGGCA-1_GSM4013390",1.15547408549214
"AACTGGTGTAAACACA-1_GSM4013390",0.779355015829983
"CATTATCCATCATCCC-1_GSM4013390",1.09575349506235
"GACGCGTAGTCCCACG-1_GSM4013390",0.999104528753165
"AGTGAGGAGTCCGGTC-1_GSM4013390",0.94523011870156
"CGAGCACCACACTGCG-1_GSM4013390",1.07662337916659
"GACGTTAAGGGCTTGA-1_GSM4013390",1.06270710978947
"AAGGTTCTCTATCGCC-1_GSM4013390",1.09228303067535
"CACAAACCATGTCTCC-1_GSM4013390",1.00788582074671
"TGGGAAGCACCAACCG-1_GSM4013390",1.03362051621494
"GGCCGATCATTTGCTT-1_GSM4013390",1.03386272344488
"CACACTCAGCTGAAAT-1_GSM4013390",1.24418701093806
"CACACAACAATCAGAA-1_GSM4013390",0.842227425473149
"CCGGGATCAGCGAACA-1_GSM4013390",1.15490834089405
"TGGTTAGGTTCAGCGC-1_GSM4013390",1.22589466455344
"AGCTCTCAGAATGTTG-1_GSM4013390",0.758962852875219
"CTCGGAGCATCCGCGA-1_GSM4013390",0.730326429585839
"TGGTTAGAGGCTCATT-1_GSM4013390",0.898874790887196
"GCTGCGACACGTAAGG-1_GSM4013390",1.01905650444977
"TGCGTGGTCAGCGATT-1_GSM4013390",0.93266741963855
"GACTGCGTCATGCAAC-1_GSM4013390",0.697830265515467
"GGGAATGGTCACCCAG-1_GSM4013390",0.904085409493756
"ACGTCAACACGCCAGT-1_GSM4013390",0.791687892894992
"ATCACGAGTCGCTTCT-1_GSM4013390",0.686765251555485
"TTAGGACGTGAAATCA-1_GSM4013390",1.09537168107054
"CAGCAGCTCCCAAGTA-1_GSM4013390",0.948211072696398
"GGGAGATAGGCATGGT-1_GSM4013390",0.695375494800547
"ACTGCTCGTTCAGACT-1_GSM4013390",1.0177583489804
"GTCCTCACAGCTGCTG-1_GSM4013390",0.692449689525129
"AGGTCATGTACTCGCG-1_GSM4013390",0.951137848519109
"CTGCCTAGTCCAGTGC-1_GSM4013390",1.08101624155085
"GCATGCGTCATTATCC-1_GSM4013390",0.654278715936631
"TTAGTTCAGTCAAGCG-1_GSM4013390",1.02429643861085
"GGAGCAAGTGTAAGTA-1_GSM4013390",1.17752189198098
"GACGGCTTCACAATGC-1_GSM4013390",0.767553075329332
"TCGGTAAGTTAAGATG-1_GSM4013390",0.743312152115467
"TGAGCATTCCTTTACA-1_GSM4013390",1.07587878599316
"CGTAGCGTCTCTAAGG-1_GSM4013390",1.23175772910141
"GTACTCCCATACGCCG-1_GSM4013390",1.06807202069707
"GTATCTTAGTACGCGA-1_GSM4013390",1.07850122441354
"CTCTACGCAATAACGA-1_GSM4013390",0.973494865427639
"GCAAACTGTCGAACAG-1_GSM4013390",1.03993119984257
"CTGATCCTCAGTTGAC-1_GSM4013390",0.968688711816507
"AAAGCAACAACGATCT-1_GSM4013390",0.778599951412605
"CAGCGACTCGGTGTTA-1_GSM4013390",0.681466605489427
"TAAGAGACATGTAGTC-1_GSM4013390",0.518206219005705
"GGTGAAGGTCGACTAT-1_GSM4013390",0.750767009854226
"GACCTGGGTGGGTATG-1_GSM4013390",0.609989331839817
"CTTAGGAGTCGGCATC-1_GSM4013390",0.975306875558424
"CAAGGCCAGATCGGGT-1_GSM4013390",0.847136279967141
"ATCACGAGTCTAGAGG-1_GSM4013390",0.90465666540897
"GCATGATCAGCTCCGA-1_GSM4013390",0.830639976307902
"GGCGACTTCGCTTAGA-1_GSM4013390",1.01420832492699
"ACCGTAACATTCACTT-1_GSM4013390",0.718968601993666
"TACGGGCCAAGCCTAT-1_GSM4013390",1.11747505146244
"CGATCGGGTCAGAGGT-1_GSM4013390",0.61224969375704
"GTGTTAGCACGTAAGG-1_GSM4013390",0.645721191036175
"TTGAACGAGTACGCGA-1_GSM4013390",0.706945842366636
"GATGAGGGTTGGTTTG-1_GSM4013390",1.10059186879874
"GTCTCGTTCACCCGAG-1_GSM4013390",0.636143219664316
"GCATGATGTACAGCAG-1_GSM4013390",1.13364384786397
"TCAGATGTCGCCATAA-1_GSM4013390",1.2370391235737
"GCTTGAAAGAGACGAA-1_GSM4013390",1.11875431853171
"GAGGTGAAGTGTCTCA-1_GSM4013390",0.679370534576134
"CTCATTATCTAAGCCA-1_GSM4013390",0.972577270842638
"ACGAGGAGTTATGTGC-1_GSM4013390",0.978490243332218
"CAACCTCCAGGATCGA-1_GSM4013390",0.750365457690765
"GATCGCGGTTCCGTCT-1_GSM4013390",0.868083265327265
"TTCGGTCAGTACTTGC-1_GSM4013390",1.06173889731811
"TTATGCTTCCAGAGGA-1_GSM4013390",1.04621132444918
"TGACTTTCAAATTGCC-1_GSM4013390",1.06604944932114
"ACTGAACAGTTGTCGT-1_GSM4013390",0.792136749102439
"GACAGAGAGGGTGTTG-1_GSM4013390",0.681135668114583
"GTGCATAAGCTAACAA-1_GSM4013390",0.923989618278919
"TGCGCAGAGCCACTAT-1_GSM4013390",1.03635093547116
"ACGGAGATCTCTGTCG-1_GSM4013390",0.861710512335027
"GAATAAGTCAGTGTTG-1_GSM4013390",0.895289172868983
"TCACAAGGTTAGATGA-1_GSM4013390",0.725000929343694
"ATGAGGGAGCTAACTC-1_GSM4013390",1.17764949935457
"CGTAGCGGTAGGGTAC-1_GSM4013390",0.836636932255136
"CCGGGATCAGGGTACA-1_GSM4013390",1.26415631218652
"GGGCACTTCACCTCGT-1_GSM4013390",0.715030113607467
"GACGTGCGTCGTTGTA-1_GSM4013390",0.85794529407961
"CTGATAGCAGTCCTTC-1_GSM4013390",1.09366687195804
"GCATACAAGCGTCAAG-1_GSM4013390",0.977882717503671
"AACCATGAGAAAGTGG-1_GSM4013390",1.23285873532203
"ATAAGAGAGCGTTGCC-1_GSM4013390",0.688196425726897
"AACTTTCCATCATCCC-1_GSM4013390",0.612892205122563
"TGAAAGAGTGTAACGG-1_GSM4013390",0.846924511415163
"CTTTGCGTCGGTCTAA-1_GSM4013390",0.747421292178799
"ACTGCTCGTATTAGCC-1_GSM4013390",0.998095480460818
"GAAGCAGGTTAAGAAC-1_GSM4013390",0.795598531753192
"AATCGGTTCAGCGATT-1_GSM4013390",1.22693297062038
"TAGGCATTCAGAGCTT-1_GSM4013390",1.00792251924598
"ATCATGGCAAGCCGCT-1_GSM4013390",0.930383114703043
"TCTTCGGGTGTCGCTG-1_GSM4013390",1.07142582498066
"CCTAAAGTCTGATACG-1_GSM4013390",1.05707243144813
"TCAACGAGTCGCATCG-1_GSM4013390",1.20397707553624
"TCACGAAAGGGCATGT-1_GSM4013390",1.12631107250188
"TGCGGGTTCTATCCCG-1_GSM4013390",1.2034074172084
"CGGGTCAGTTAGTGGG-1_GSM4013390",0.527053235060241
"AAACGGGTCTACTATC-1_GSM4013390",1.21659465415242
"GTCTCGTAGCGTGAGT-1_GSM4013390",1.17991496155244
"AAGCCGCGTTACCGAT-1_GSM4013390",0.895738398388107
"CTGATCCAGGCTCATT-1_GSM4013390",1.00468834738466
"TCGAGGCGTCTACCTC-1_GSM4013390",0.638337023501545
"GGTGCGTAGCACCGTC-1_GSM4013390",0.999006047746431
"AAAGCAAGTTATCCGA-1_GSM4013390",0.978391704803527
"CGCGGTAAGTGCGATG-1_GSM4013390",1.18314516443176
"AACACGTAGACTTGAA-1_GSM4013390",1.23481769016147
"CACAAACTCGCATGAT-1_GSM4013390",0.500068150275524
"GAAATGATCCAAATGC-1_GSM4013390",1.05585282156541
"TCGCGTTGTCATGCCG-1_GSM4013390",1.18448541609206
"CTAATGGGTTAAGGGC-1_GSM4013390",0.774439368177988
"CGTGTAATCGAATCCA-1_GSM4013390",1.19451322938253
"AGCCTAACAGGACGTA-1_GSM4013390",1.22973506690319
"ATTCTACCACGGCCAT-1_GSM4013390",0.702113592431645
"TAGGCATGTACACCGC-1_GSM4013390",0.815208230575793
"TACTTGTGTAATCGTC-1_GSM4013390",0.987857070309442
"AGTCTTTCAAAGTCAA-1_GSM4013390",0.798052066067843
"CGGCTAGTCGAACTGT-1_GSM4013390",0.83907320807451
"CTCGGGAAGGAGTCTG-1_GSM4013390",0.889205346322585
"GGTGTTACATGTCGAT-1_GSM4013390",0.648609324636154
"GTCGTAATCCTCATTA-1_GSM4013390",0.717529346101376
"CTAGTGAAGTGGAGAA-1_GSM4013390",1.12437875384802
"GACTACATCCATGAAC-1_GSM4013390",0.671180110111614
"AGCGGTCAGTACGTTC-1_GSM4013390",0.995617661352682
"GTCGGGTCATTTCAGG-1_GSM4013390",0.605861889103437
"GGCAATTTCACGCGGT-1_GSM4013390",1.06495582626036
"CTCGAAACAGAGTGTG-1_GSM4013390",1.11580076637761
"TCTTTCCCAATTGCTG-1_GSM4013390",1.07583948578341
"TAGAGCTTCGGAGCAA-1_GSM4013390",0.815260054433998
"CAAGATCAGCCACTAT-1_GSM4013390",0.752904160247196
"TGGGCGTGTCTGCAAT-1_GSM4013390",0.572483788743964
"GTCGTAAAGGAGCGTT-1_GSM4013390",0.908288719756648
"GCAGTTACACGAGGTA-1_GSM4013390",0.960671335422018
"CCTTCCCAGTTAAGTG-1_GSM4013390",0.864127679829111
"TACTTGTCACTGTTAG-1_GSM4013390",0.663951384126147
"TGAGCATGTAGCTAAA-1_GSM4013390",1.1923760822016
"TGTTCCGGTCTTCGTC-1_GSM4013390",0.922064259685672
"TTAGTTCGTAAACGCG-1_GSM4013390",1.00843243365231
"TGACTTTGTCTAGTGT-1_GSM4013390",1.0851576411749
"GTCTCGTAGCCGTCGT-1_GSM4013390",0.820600980093667
"CTACGTCTCAGCTGGC-1_GSM4013390",0.601410251914363
"CGTCCATCATGGGACA-1_GSM4013390",1.08886454257804
"TGCGGGTTCATCGGAT-1_GSM4013390",0.886906021916441
"ACGCAGCAGGCGTACA-1_GSM4013390",0.677753992535748
"CTGTTTAAGAGACTAT-1_GSM4013390",1.07637651289815
"CCGTGGATCGATGAGG-1_GSM4013390",1.1573862687843
"TTATGCTCACCACGTG-1_GSM4013390",0.647274805296088
"AAGCCGCGTATATGAG-1_GSM4013390",1.19430132470352
"CTGCGGACATCGGAAG-1_GSM4013390",0.890266580078854
"TACTCATCAATGTTGC-1_GSM4013390",1.14554907949316
"GCGGGTTCAACTGCTA-1_GSM4013390",0.905585964481758
"TCACAAGGTCATCGGC-1_GSM4013390",0.980830419436484
"GATCAGTTCATACGGT-1_GSM4013390",0.844123920898722
"ACCCACTGTATATGAG-1_GSM4013390",1.04202305955562
"GACTGCGAGCGAGAAA-1_GSM4013390",0.789961788232104
"CTACGTCCACTAAGTC-1_GSM4013390",1.02100898255821
"TTTCCTCTCCAAGTAC-1_GSM4013390",0.633461458249433
"ATAGACCCATGCTGGC-1_GSM4013390",0.920687246970451
"TTCTTAGCAGCTTCGG-1_GSM4013390",1.15758294714653
"TGTATTCGTAACGACG-1_GSM4013390",1.14612576257118
"CTACGTCCAACGATGG-1_GSM4013390",0.81689974548701
"TGTTCCGCAGACTCGC-1_GSM4013390",0.689343896697952
"TTTGTCAGTCTCATCC-1_GSM4013390",0.948691520125133
"ACGATACTCGTTGACA-1_GSM4013390",0.833585615694771
"ATTGGACAGTCGTTTG-1_GSM4013390",1.01899726843449
"GGTGTTAGTGGGTATG-1_GSM4013390",1.08619870977629
"TACGGGCGTTCCCGAG-1_GSM4013390",0.891275645373719
"ACGGCCATCCTGCCAT-1_GSM4013390",0.915729265682238
"GACCTGGGTAGCGATG-1_GSM4013390",0.953868835081523
"TAAGCGTCATGTCCTC-1_GSM4013390",0.510188940639614
"ATCCACCCAATAGCAA-1_GSM4013390",1.11696397166884
"CGGAGTCGTTTAGCTG-1_GSM4013390",1.06312536184909
"GATTCAGGTACCGGCT-1_GSM4013390",0.777071834356299
"TGGCTGGAGCCGTCGT-1_GSM4013390",0.497195415573945
"TCGCGTTAGATGTCGG-1_GSM4013390",1.15659107471332
"AGGTCATTCGTACCGG-1_GSM4013390",0.567584171029199
"TTTGCGCCAGGTCGTC-1_GSM4013390",1.08385873198504
"TTTCCTCAGCTCCTCT-1_GSM4013390",0.847432271092376
"TACAGTGAGCCCTAAT-1_GSM4013390",0.462744106998945
"GATCGCGGTGTGCGTC-1_GSM4013390",1.18551593785274
"CGGAGTCAGCTCCTTC-1_GSM4013390",1.07037811509537
"TTCGAAGCATTGCGGC-1_GSM4013390",0.59990270143633
"AGGGAGTTCAACCATG-1_GSM4013390",0.705993661128855
"AGCTCCTTCTGTCTAT-1_GSM4013390",0.933895363550987
"TTGGCAACACCAGATT-1_GSM4013390",0.836341107527397
"TCGTAGACACTCGACG-1_GSM4013390",0.769045006463189
"AAGCCGCAGAGTAAGG-1_GSM4013390",0.341019554920569
"CGTCAGGAGGCACATG-1_GSM4013390",1.00274713245861
"CCACGGATCTGACCTC-1_GSM4013390",0.592946522588866
"CACAAACCACAAGACG-1_GSM4013390",1.1561284960212
"CTGGTCTGTTAAAGTG-1_GSM4013390",1.06688789302475
"CCTATTAGTTTGTTGG-1_GSM4013390",0.916557469776419
"GGCCGATAGTCGCCGT-1_GSM4013390",0.984051941993987
"AGGTCATTCCGCGCAA-1_GSM4013390",0.899264757736504
"GTTCTCGCACGCGAAA-1_GSM4013390",1.03622532096683
"TGACGGCTCTGCTTGC-1_GSM4013390",1.26558843207845
"TACAGTGAGTCAAGCG-1_GSM4013390",0.665048701971632
"CAGATCATCCGCGGTA-1_GSM4013390",0.905432713366239
"GTTCGGGAGCCTATGT-1_GSM4013390",0.621540794841721
"ACTTGTTGTCGCATAT-1_GSM4013390",1.2254728104467
"GGTGAAGTCTGTTTGT-1_GSM4013390",0.908705880937684
"CACAGGCAGGATGCGT-1_GSM4013390",1.10087253641303
"CCAATCCGTTACGACT-1_GSM4013390",0.655595338015044
"CCTTCGAGTCGAACAG-1_GSM4013390",0.842359772873409
"GTCACGGAGATATGCA-1_GSM4013390",0.641709345753959
"TGTGTTTTCTGATTCT-1_GSM4013390",0.984274185561176
"CACTCCAGTTCATGGT-1_GSM4013390",1.08018125791278
"CACAGTATCACCCTCA-1_GSM4013390",0.544014904388113
"TGTATTCTCAGATAAG-1_GSM4013390",0.590945695174149
"TAAGAGAGTTAAAGAC-1_GSM4013390",0.78675021788916
"GCGAGAACAAGTAATG-1_GSM4013390",1.20798452309832
"CAGCCGAAGTCGTTTG-1_GSM4013390",0.610681060445913
"AACTTTCAGACACTAA-1_GSM4013390",0.998690578254817
"CATCAAGCAGTTCATG-1_GSM4013390",1.16350259857474
"TAGAGCTTCACGCGGT-1_GSM4013390",0.589615852909841
"CACCAGGCAGCTTCGG-1_GSM4013390",0.805627619115326
"CCATTCGTCGCGATCG-1_GSM4013390",0.773222690045435
"GCTGCGACAAGCTGGA-1_GSM4013390",0.66282966937154
"GTCTCGTTCCCGGATG-1_GSM4013390",0.934370426055555
"AGCAGCCCATTTGCTT-1_GSM4013390",0.777228461727961
"GATCGCGGTGCGATAG-1_GSM4013390",0.883363661309439
"AGCGTCGAGATGCCAG-1_GSM4013390",1.27508726155197
"CTCGTCATCGTTACGA-1_GSM4013390",0.568353466602061
"GATGAGGAGTTCCACA-1_GSM4013390",1.00793219795625
"AAAGCAAGTCGCCATG-1_GSM4013390",0.611906578235459
"ATCCGAAAGTCTCCTC-1_GSM4013390",0.51297244933871
"TGAGCATCATGGGAAC-1_GSM4013390",0.69979465738583
"GGCGTGTAGTGCCATT-1_GSM4013390",1.09913278894524
"CTACACCTCCCAGGTG-1_GSM4013390",0.845690419482149
"TGGCCAGCACTTACGA-1_GSM4013390",0.577705704986833
"ACACTGAAGCGTTGCC-1_GSM4013390",0.578525989193062
"CTACACCGTCTTTCAT-1_GSM4013390",0.726305941798809
"TACCTATTCTGATTCT-1_GSM4013390",0.962127844327956
"GATGAAATCCTTTCTC-1_GSM4013390",0.754734507099276
"CTCCTAGTCGACAGCC-1_GSM4013390",0.706934507582667
"TACTTGTCACTATCTT-1_GSM4013390",1.07610237651777
"ACTGAACCAGCCTTTC-1_GSM4013390",1.06121581005288
"TTCTCAATCTGAGTGT-1_GSM4013390",0.963028628281467
"TGGTTAGTCGGTGTTA-1_GSM4013390",0.916699322834483
"ACGGAGACATTTCAGG-1_GSM4013390",0.612045093061525
"ATCTACTCAAAGCGGT-1_GSM4013390",0.958248148158592
"GCATACAAGTATTGGA-1_GSM4013390",1.03540299676618
"GGAAAGCAGCTGAACG-1_GSM4013390",0.993813801980123
"TCTGAGAAGACTAAGT-1_GSM4013390",0.737636604319403
"CGTCAGGAGGTGCACA-1_GSM4013390",0.808046646751635
"GTGAAGGCACGCCAGT-1_GSM4013390",1.08443267127156
"CACAGGCAGTAGGTGC-1_GSM4013390",0.880030124339859
"CTCCTAGTCAACACAC-1_GSM4013390",0.570332780617843
"GGGACCTCAGCTGTTA-1_GSM4013390",1.13842818594971
"TATTACCGTCTCCACT-1_GSM4013390",0.906449786331309
"CGCGTTTTCGGATGTT-1_GSM4013390",1.12508408089092
"CAGCATAGTCTCCATC-1_GSM4013390",1.09450885841347
"GCTCTGTTCGACAGCC-1_GSM4013390",0.437557492462979
"AAGGTTCCACACAGAG-1_GSM4013390",0.729061218111692
"TACTTGTTCACTTATC-1_GSM4013390",1.01235624782774
"TACTTGTTCCAGAAGG-1_GSM4013390",0.667649382524114
"GCATGCGGTGTTAAGA-1_GSM4013390",0.710413284667569
"GTGTGCGAGCTCCTTC-1_GSM4013390",1.11232408122223
"CGGAGTCTCATGCATG-1_GSM4013390",0.665215390508241
"GTAGTCAAGTATCGAA-1_GSM4013390",1.03470214204722
"TTAGTTCGTACCGTTA-1_GSM4013390",0.606551595388309
"ACACCGGGTCTAGTCA-1_GSM4013390",0.920380256688478
"GAACGGATCTTTACGT-1_GSM4013390",1.07053509083414
"CATTCGCGTTTGACAC-1_GSM4013390",0.976746789634114
"TGTGGTAAGCTGAAAT-1_GSM4013390",1.04365189764219
"CGAATGTAGTACGCGA-1_GSM4013390",1.14209328219629
"TCATTACTCGGTGTTA-1_GSM4013390",0.657473336995436
"CAGCAGCGTTCCACGG-1_GSM4013390",0.480791803181733
"GGCGTGTGTGTGGCTC-1_GSM4013390",0.574975582373625
"CTTAGGATCGGATGGA-1_GSM4013390",0.941785760445313
"CTCGGGAAGGGTTTCT-1_GSM4013390",0.853715605085935
"TAGACCAGTCAGAAGC-1_GSM4013390",0.882412435656106
"TTCTTAGGTTGCCTCT-1_GSM4013390",1.10828676358863
"AAACCTGGTACCTACA-1_GSM4013390",1.18048467427276
"TATGCCCCAGATCGGA-1_GSM4013390",0.465051789020544
"GCTGGGTAGTGTTAGA-1_GSM4013390",0.62207900519695
"GACTAACGTTTCCACC-1_GSM4013390",1.07990129680731
"TTCGGTCAGCAACGGT-1_GSM4013390",0.394027182333837
"CGAGAAGCACGCGAAA-1_GSM4013390",0.616274820151674
"CACACAAGTCTTGTCC-1_GSM4013390",1.08696382550243
"TTCCCAGTCCAGAGGA-1_GSM4013390",0.834709740227218
"GCGAGAAGTCAGATAA-1_GSM4013390",1.11790830176967
"ACTTGTTAGAGACTAT-1_GSM4013390",0.950776824289077
"AGAGCGACACTGAAGG-1_GSM4013390",0.927608573855928
"ACGCCGAAGAAGATTC-1_GSM4013390",0.696914119850709
"CCGTGGACAAGCTGGA-1_GSM4013390",0.848449421589012
"CTTCTCTCATGGTTGT-1_GSM4013390",0.993205054492775
"CCAATCCGTAAATGTG-1_GSM4013390",1.04785695885478
"CGTTCTGCAACAACCT-1_GSM4013390",1.07130533501319
"TATCAGGGTTCCACGG-1_GSM4013390",1.05087368943334
"ATTATCCTCCTATTCA-1_GSM4013390",0.885916748857972
"GGATTACAGCTCTCGG-1_GSM4013390",0.718355929743739
"CATATGGAGGAGTAGA-1_GSM4013390",0.532553846839723
"ACAGCTAGTTCGTTGA-1_GSM4013390",1.20844578961364
"TGTATTCCAACGCACC-1_GSM4013390",1.1412012482566
"CTCAGAATCTCGTATT-1_GSM4013390",0.743316274446998
"CATATTCGTACGCTGC-1_GSM4013390",0.624702000106757
"TTTCCTCGTTCGTCTC-1_GSM4013390",0.834337938762322
"CTACATTTCGTCGTTC-1_GSM4013390",0.841435194390326
"ACCTTTACAGGTGGAT-1_GSM4013390",0.901019945059486
"AAACGGGTCCCAAGTA-1_GSM4013390",1.02334209391878
"CTGATCCTCTTGCATT-1_GSM4013390",0.809697516941142
"GCGAGAAGTTGCGTTA-1_GSM4013390",0.950578889926524
"TGACGGCTCTGAAAGA-1_GSM4013390",0.8846481645276
"GCTCCTAGTGCTCTTC-1_GSM4013390",0.370584243759748
"AGAGTGGAGAGCTTCT-1_GSM4013390",0.666133277911897
"TGAGAGGTCGCCATAA-1_GSM4013390",0.647737750342379
"GATCTAGTCATGCATG-1_GSM4013390",1.13078919187388
"CGATCGGAGCTAAGAT-1_GSM4013390",0.778223455902449
"GGGTTGCGTGTTAAGA-1_GSM4013390",0.645029548647514
"ATTTCTGGTGCCTTGG-1_GSM4013390",0.949757413151242
"GTCGGGTCACGACTCG-1_GSM4013390",0.561003239384816
"TGGTTAGTCGGCATCG-1_GSM4013390",0.829804423132342
"ACTTACTGTAGCTTGT-1_GSM4013390",0.882577879338039
"TGAGCCGAGACCCACC-1_GSM4013390",1.21527767406931
"CGTTCTGTCGCACTCT-1_GSM4013390",0.821119565836436
"TGAGAGGAGATGTGGC-1_GSM4013390",0.704180702029498
"AGTTGGTCACCCAGTG-1_GSM4013390",0.695208572294318
"TGGCTGGCACATCCGG-1_GSM4013390",0.804361361083059
"ACACTGAAGCTACCTA-1_GSM4013390",0.932337790793131
"GGACAGAAGCATCATC-1_GSM4013390",0.676922593925104
"CGGACGTTCTGGCGAC-1_GSM4013390",0.437302527797137
"CACAGGCAGTATCGAA-1_GSM4013390",0.570383513363677
"CCAATCCCAGTACACT-1_GSM4013390",0.568777367703057
"CGTAGGCGTGCAACGA-1_GSM4013390",0.592746579088346
"TCGAGGCCAAAGCAAT-1_GSM4013390",1.07694297012438
"GACTACAGTCACTGGC-1_GSM4013390",0.784296966889706
"TGTGGTATCCCAAGAT-1_GSM4013390",1.1127721021435
"CGTCCATGTGATGTCT-1_GSM4013390",1.12742306378221
"GAGTCCGAGATACACA-1_GSM4013390",0.395682012968099
"AACCGCGTCGCACTCT-1_GSM4013390",1.13680633570155
"GGACATTAGGTCGGAT-1_GSM4013390",0.468925846979504
"ACTGAACAGCTGTTCA-1_GSM4013390",0.797246840761456
"CGACTTCTCGCTAGCG-1_GSM4013390",0.822207304975127
"TGTATTCCATATACGC-1_GSM4013390",1.19884064436592
"ACTATCTGTGTATGGG-1_GSM4013390",0.403553502228256
"TTAGGCAGTCTAAACC-1_GSM4013390",1.10365353200879
"CACATAGAGCACAGGT-1_GSM4013390",0.588455691773147
"TTTGCGCCAATGTAAG-1_GSM4013390",0.68977815982731
"AACACGTGTCAGCTAT-1_GSM4013390",0.329290908391043
"TTTGGTTTCTGTCCGT-1_GSM4013390",1.14153246816176
"TCAGCAAGTCAAAGAT-1_GSM4013390",0.808792126288119
"TGCCCATGTTTGACTG-1_GSM4013390",1.0407437869915
"ATCATCTGTGGGTCAA-1_GSM4013390",0.845763750918152
"GGCTCGAAGACTACAA-1_GSM4013390",0.714716338495679
"ATAGACCCAGACGCTC-1_GSM4013390",1.0620231627848
"AATCGGTCAATCCAAC-1_GSM4013390",0.67889045160575
"CGAGCACAGGCATGTG-1_GSM4013390",1.10670142267624
"AGATCTGGTTGTGGCC-1_GSM4013390",0.732032686502113
"CCTCAGTAGGCCCGTT-1_GSM4013390",1.08962303663443
"TTGGAACTCTTTACGT-1_GSM4013390",0.650490839073661
"TTGCCGTAGTAGATGT-1_GSM4013390",0.993054322603452
"ACTGTCCCATTAGCCA-1_GSM4013390",0.672614005112158
"ATAACGCTCGCATGAT-1_GSM4013390",1.04287396977636
"ACTGAACAGTACGTAA-1_GSM4013390",0.279735547461963
"TTTATGCGTGTGCCTG-1_GSM4013390",0.76221207803704
"GTCCTCAAGCTGCGAA-1_GSM4013390",0.823714455376335
"ATTTCTGGTAGCGCAA-1_GSM4013390",0.877794428410042
"CCGGTAGCAGGTCCAC-1_GSM4013390",1.18281437192381
"TACGGATGTACGACCC-1_GSM4013390",0.846755469769892
"TCAGCTCAGCAAATCA-1_GSM4013390",0.797113865623934
"CATTCGCAGAAACCGC-1_GSM4013390",0.944341842353644
"GTTAAGCCAAGCTGAG-1_GSM4013390",0.643258810504321
"AGAGCGAAGGTACTCT-1_GSM4013390",0.808222789197052
"CACTCCACATCACGTA-1_GSM4013390",0.76235113374687
"GCTGCTTCAGGCAGTA-1_GSM4013390",0.531446578131524
"TCTCATATCGAGAACG-1_GSM4013390",0.692747243610575
"AGTGGGACAGCGAACA-1_GSM4013390",0.49901050871071
"CACCTTGGTGACGCCT-1_GSM4013390",0.978356854449457
"GAGTCCGGTTCGGCAC-1_GSM4013390",0.951298371752328
"CTCAGAAAGCCAGTTT-1_GSM4013390",0.614479580158774
"TCAGGTAGTTCCTCCA-1_GSM4013390",0.676787675894364
"GTTTCTATCGTGACAT-1_GSM4013390",0.761027667829758
"TTATGCTGTGAACCTT-1_GSM4013390",1.01462895634268
"TGGCTGGCACACGCTG-1_GSM4013390",0.942278427577705
"ACGAGGACACGCATCG-1_GSM4013390",1.00814942545571
"ACGGGTCGTCTAGCGC-1_GSM4013390",0.649061845035512
"CAGCTGGAGACTAGAT-1_GSM4013390",0.511423879518357
"AGCAGCCCAAACTGCT-1_GSM4013390",1.05435476706502
"TCGCGTTTCGGTCTAA-1_GSM4013390",0.825670207787954
"CCCTCCTGTCACTTCC-1_GSM4013390",0.816028578872195
"TGGACGCAGAGGTTAT-1_GSM4013390",0.885131416878812
"TCTTTCCTCAGTCAGT-1_GSM4013390",0.971701747920579
"TTCTCAAAGGCGTACA-1_GSM4013390",1.11621307552057
"GTTACAGCAGACAAAT-1_GSM4013390",0.885877205177811
"GAACGGACAGACGCCT-1_GSM4013390",0.737561657687434
"CGGACGTTCTGTCTCG-1_GSM4013390",0.775182871700195
"CCTATTACAATCGAAA-1_GSM4013390",0.758320895620899
"GTTCATTGTAAAGTCA-1_GSM4013390",0.200567971309694
"CGTCACTTCAGGATCT-1_GSM4013390",0.377347839357346
"ATTACTCCAGACGCAA-1_GSM4013390",1.07882859978629
"AGCTTGATCTGTTGAG-1_GSM4013390",0.942614646724624
"CAGCCGAAGGGATCTG-1_GSM4013390",0.916870123838963
"CTCGAAAAGGATGCGT-1_GSM4013390",0.663747124955631
"AGCCTAAAGCGTCAAG-1_GSM4013390",0.914953430389625
"CTACGTCCAGTGGAGT-1_GSM4013390",0.59284376049891
"TGCCCATCACGTCAGC-1_GSM4013390",0.504243102275682
"CCCAGTTGTCATGCCG-1_GSM4013390",0.500710042974193
"CATCGAAGTTACAGAA-1_GSM4013390",1.15453775693186
"TCAACGAGTCTAGCGC-1_GSM4013390",0.895322525210039
"ATTATCCAGGCTACGA-1_GSM4013390",0.963293968147307
"CGGACTGCACGGATAG-1_GSM4013390",1.07788484256458
"AGATCTGTCTGTTTGT-1_GSM4013390",1.13006654882573
"GTAACGTCAATAGCGG-1_GSM4013390",0.935118253766546
"AGGGAGTCAGGTGCCT-1_GSM4013390",0.767371532173486
"CAGAATCGTTCGTGAT-1_GSM4013390",0.579661161071205
"CATGACAGTAGATTAG-1_GSM4013390",1.14638927444396
"CCACCTATCGTTGACA-1_GSM4013390",0.479291829067474
"CACTCCACATCCAACA-1_GSM4013390",0.911076251243645
"ACGTCAAAGTCGTTTG-1_GSM4013390",0.858322562719534
"GACGTGCTCTGCAAGT-1_GSM4013390",0.801588410290772
"CATGGCGTCGAATGGG-1_GSM4013390",0.970001890720459
"TTTATGCGTTCATGGT-1_GSM4013390",0.898919842263491
"ACAGCTACATGAAGTA-1_GSM4013390",0.840105664760687
"CACATAGAGGTGATTA-1_GSM4013390",0.741665376185373
"GAGCAGAGTCGGCATC-1_GSM4013390",0.973923236008519
"GGAATAAGTCGTTGTA-1_GSM4013390",0.680163638277144
"GTGCAGCGTTACAGAA-1_GSM4013390",0.932434172447982
"CTCGTCAAGCGCCTCA-1_GSM4013390",0.426149298387955
"CCTATTACAGTACACT-1_GSM4013390",0.593909482640038
"GCCTCTAAGGATGCGT-1_GSM4013390",1.12920945504781
"ATCACGACACATGGGA-1_GSM4013390",0.88259177886123
"ACGCAGCAGGCAAAGA-1_GSM4013390",0.883807924648402
"TGCACCTCAGGGCATA-1_GSM4013390",0.946757068118315
"GTGCAGCAGCTGCCCA-1_GSM4013390",1.0593997556658
"TATTACCTCATTGCCC-1_GSM4013390",0.553850986089812
"TCATTACTCTTTACGT-1_GSM4013390",0.724132441211317
"GCGCAACAGGAGTAGA-1_GSM4013390",0.922568177844066
"TAAACCGGTGCAACGA-1_GSM4013390",0.591321163351181
"CGACTTCTCTGAGGGA-1_GSM4013390",0.661754490503383
"ACACCGGCAGGGTATG-1_GSM4013390",0.600515956611243
"CATTCGCAGCTTATCG-1_GSM4013390",0.705182064830954
"CACAGGCGTTAAGTAG-1_GSM4013390",0.812600682568744
"TTGAACGTCTCTTATG-1_GSM4013390",0.440347103917131
"TAAGAGAGTCTAACGT-1_GSM4013390",0.859727545494607
"TAAGCGTGTCTGCGGT-1_GSM4013390",0.545055897126453
"TGGCTGGTCTTGCCGT-1_GSM4013390",0.56563926212924
"GGGCATCTCTTGGGTA-1_GSM4013390",0.720153254694088
"CGCGGTAAGCGTCAAG-1_GSM4013390",0.65239592032942
"TTAGTTCTCAGCTGGC-1_GSM4013390",0.455931544797804
"GTCTCGTGTTCACCTC-1_GSM4013390",0.978524223904963
"TGGACGCAGCGATTCT-1_GSM4013390",0.499934423476911
"CTCTAATCACATGGGA-1_GSM4013390",0.426600370074113
"ACATGGTGTCGAGATG-1_GSM4013390",1.24168300039977
"TTATGCTAGCAAATCA-1_GSM4013390",0.959344850328956
"CTGCTGTGTACCTACA-1_GSM4013390",1.09224568865297
"ACCCACTCATCCGTGG-1_GSM4013390",0.800422549077203
"CAAGGCCAGACACGAC-1_GSM4013390",0.902231468056486
"TCGGGACCAATCTGCA-1_GSM4013390",0.427219751705677
"TGACTTTGTCATGCAT-1_GSM4013390",0.660716159576483
"CAACCTCTCGAATCCA-1_GSM4013390",0.682569625046836
"AGTGTCACAATACGCT-1_GSM4013390",0.795098276587299
"CGTCAGGCATTACCTT-1_GSM4013390",0.746440089498633
"GCAAACTAGAGTAAGG-1_GSM4013390",0.662912223204228
"ATTATCCGTTCGTGAT-1_GSM4013390",0.579714181974355
"CAGGTGCTCCAAGCCG-1_GSM4013390",0.776971820424101
"CTACACCGTTCCTCCA-1_GSM4013390",1.05095954661351
"ACTTACTCAGCGAACA-1_GSM4013390",0.543939883307718
"GTGTGCGAGTGTACCT-1_GSM4013390",0.637624370890561
"GATGAAACACGGTAAG-1_GSM4013390",0.659071443158629
"CGTCTACCAGTTAACC-1_GSM4013390",0.527052410779672
"CTCGAAAGTCATATGC-1_GSM4013390",0.558658679225982
"GTATCTTAGTGTTGAA-1_GSM4013390",0.635556357950592
"GACTGCGGTAGCGTGA-1_GSM4013390",0.933948542190657
"TGAAAGAGTGGTACAG-1_GSM4013390",0.720958265702875
"CTCGAGGCACCCATTC-1_GSM4013390",0.740951681388199
"CAAGGCCTCATCACCC-1_GSM4013390",0.836061751630513
"AAAGATGGTCTCCCTA-1_GSM4013390",0.918978314597506
"GCGACCACAGTACACT-1_GSM4013390",0.91743862441646
"CTCGGAGAGTACGCGA-1_GSM4013390",0.761746984614528
"ACGAGGATCGTGACAT-1_GSM4013390",1.15930229968075
"CTTCTCTGTACATGTC-1_GSM4013390",0.901026774008131
"CACAGTATCCGCGGTA-1_GSM4013390",0.517889894494505
"CATCCACAGCCAGTAG-1_GSM4013390",1.16854874100055
"GCTGCAGTCTGTCAAG-1_GSM4013390",0.940102083439199
"CCACTACAGGCAATTA-1_GSM4013390",0.790161711562489
"GTAACTGGTGTTGAGG-1_GSM4013390",0.438168299026347
"TTCCCAGAGTGTTGAA-1_GSM4013390",0.430474418911591
"TCGCGAGGTCCAGTTA-1_GSM4013390",0.770351495788525
"CCTTTCTTCCTTAATC-1_GSM4013390",0.729666039553101
"GCATGTACAGCTGTTA-1_GSM4013390",0.982706183819812
"CTGTTTATCTTGGGTA-1_GSM4013390",0.950354378234191
"ACAGCCGGTAAAGGAG-1_GSM4013390",0.785777583244868
"ACTTGTTCATCTCGCT-1_GSM4013390",1.07842727738521
"GCCTCTAGTACCTACA-1_GSM4013390",0.595358081712617
"GTCACAATCAGTTAGC-1_GSM4013390",0.914975347192397
"TGAGCATCAACACCTA-1_GSM4013390",0.84917502935169
"CAACCAATCCAGAAGG-1_GSM4013390",0.571970236698008
"CCACGGATCGCGTAGC-1_GSM4013390",0.92323887909666
"AAGGCAGTCTCGAGTA-1_GSM4013390",0.576339326615649
"AAGCCGCCATGGAATA-1_GSM4013390",0.899153831710021
"AACGTTGCATGTTCCC-1_GSM4013390",0.575233376728534
"AGCTCCTAGTGACTCT-1_GSM4013390",0.706994852964724
"GTAACGTCAAAGGTGC-1_GSM4013390",0.709982594201169
"ACTTACTGTCAGAAGC-1_GSM4013390",0.936095551144088
"CCACTACCAGCCAATT-1_GSM4013390",0.246539613092234
"GACAGAGGTTCCACAA-1_GSM4013390",0.934461759019344
"CCCTCCTTCTGCAAGT-1_GSM4013390",0.60072090152782
"ACTGAACAGATCACGG-1_GSM4013390",1.04709189320034
"GATCGCGAGGAGTACC-1_GSM4013390",1.25410369701356
"CCATGTCGTCTGCCAG-1_GSM4013390",0.917778335467635
"TGGCTGGCAAACCCAT-1_GSM4013390",0.979924273092547
"AGAGCGACACGAGAGT-1_GSM4013390",0.863399987247301
"ACGATACCAGCTCGAC-1_GSM4013390",0.831445522002103
"CTTTGCGAGCGATATA-1_GSM4013390",0.547690442979918
"GCATACACAGCTGCTG-1_GSM4013390",1.04771577885692
"CTAAGACGTGGTGTAG-1_GSM4013390",0.974477827434419
"GCTGCTTAGATCTGCT-1_GSM4013390",0.556346579574008
"GTAACGTCAAGGTTTC-1_GSM4013390",0.582881684881199
"TGAGCCGAGCGCTTAT-1_GSM4013390",0.730973200360785
"GCATACAGTAAAGGAG-1_GSM4013390",0.534729597115667
"GGCGTGTGTTGGGACA-1_GSM4013390",0.823352631477847
"CTGTGCTCACCTCGTT-1_GSM4013390",0.566646343197192
"CGGTTAACACTGCCAG-1_GSM4013390",0.693158693568822
"GTCACAATCGCTTGTC-1_GSM4013390",0.620848958554649
"AGGGAGTAGGCCATAG-1_GSM4013390",0.326132999964501
"CTACACCCACCGAAAG-1_GSM4013390",1.1207060806263
"ACTATCTCACATTAGC-1_GSM4013390",0.972885658405165
"CAAGAAAGTGACGCCT-1_GSM4013390",0.812077754576378
"CGTTGGGAGGAGTACC-1_GSM4013390",0.884874878415724
"TTGCCGTGTCAAACTC-1_GSM4013390",0.262051115155295
"GGCTCGAGTCTAGCGC-1_GSM4013390",0.860481692459759
"ACGAGGAAGCTGTTCA-1_GSM4013390",0.879680735837931
"CTCCTAGAGAGAACAG-1_GSM4013390",0.889868222252916
"TCACAAGGTTATGTGC-1_GSM4013390",0.65754575987718
"TTTCCTCAGTGGCACA-1_GSM4013390",0.742820964362012
"CGTGTCTCATATACGC-1_GSM4013390",0.671910325368185
"GTGCAGCTCACGACTA-1_GSM4013390",0.791359906909749
"ACGGGTCGTCACAAGG-1_GSM4013390",0.457753065862271
"GCCTCTAAGTGGTAGC-1_GSM4013390",0.809813175900201
"TGTGGTAGTCCGCTGA-1_GSM4013390",0.910219709437979
"ACATCAGTCAAGCCTA-1_GSM4013390",1.10069521680882
"TGTGTTTCAGTGAGTG-1_GSM4013390",0.53366936683233
"AACTCCCCACCCATTC-1_GSM4013390",0.667347540835809
"TTGCCGTAGCGATGAC-1_GSM4013390",0.866192541876566
"CGCTATCCATTACGAC-1_GSM4013390",1.04370904459319
"CTCAGAAAGGAGCGAG-1_GSM4013390",0.943538715910203
"TGTGGTACAACACCTA-1_GSM4013390",0.861815202741471
"CAGAGAGTCCCTAATT-1_GSM4013390",0.482174613121494
"GTCGGGTGTCAACATC-1_GSM4013390",0.424581384968783
"AATCCAGCAGGATCGA-1_GSM4013390",0.954437165091995
"ACACTGAGTCAGTGGA-1_GSM4013390",0.988657287473315
"GGTGTTATCTATCGCC-1_GSM4013390",1.10487889445052
"AGAATAGTCGGAGCAA-1_GSM4013390",0.566410454485795
"ATCGAGTTCCACGTGG-1_GSM4013390",0.289555660858302
"CATCAGAGTGAGCGAT-1_GSM4013390",0.740884756470438
"TACTTACTCATGTCCC-1_GSM4013390",0.870508699066548
"TACCTATCATGGATGG-1_GSM4013390",0.852286990784277
"GTCTTCGCACGGTTTA-1_GSM4013390",0.9285074348727
"AGGGATGCAAGCGTAG-1_GSM4013390",1.02807340695833
"TAGAGCTAGAGCAATT-1_GSM4013390",0.831437860521361
"CAGTAACTCGCATGGC-1_GSM4013390",0.830242252937186
"GAACATCCAACGATGG-1_GSM4013390",0.890052579429896
"ACACCAAGTTCCCGAG-1_GSM4013390",0.867738522426597
"CGGCTAGTCTCCAACC-1_GSM4013390",0.696723612364804
"GCAGCCAAGATAGGAG-1_GSM4013390",0.995320310066736
"TCCACACTCCAGATCA-1_GSM4013390",0.444083244216719
"GCGCCAATCCACTCCA-1_GSM4013390",0.884384145660783
"ATGTGTGGTGCTGTAT-1_GSM4013390",0.701427223104353
"CTGTTTACACACCGAC-1_GSM4013390",0.578943650232837
"TGCCCATCAAAGTGCG-1_GSM4013390",0.762137210997674
"TACGGATGTTGATTGC-1_GSM4013390",1.0201578065484
"ATCCACCGTTGGGACA-1_GSM4013390",0.903986040098263
"CCTTTCTTCTGCGTAA-1_GSM4013390",0.350522992383286
"ATTTCTGTCGAATGCT-1_GSM4013390",0.317932510137337
"AACTCCCCAAGCTGAG-1_GSM4013390",0.509101888832439
"GTCATTTCAATACGCT-1_GSM4013390",0.576490779928484
"TTAACTCCAGCTCCGA-1_GSM4013390",0.902484679778701
"ACCTTTATCGTGTAGT-1_GSM4013390",0.914751280914436
"CTGCGGAGTTCGTGAT-1_GSM4013390",0.505888376914776
"GTTCTCGAGTATCGAA-1_GSM4013390",0.582413630811169
"AGTCTTTTCGGTGTCG-1_GSM4013390",0.66146775128449
"TTCCCAGCACGAAGCA-1_GSM4013390",0.637790698188277
"CAGCCGACACTCTGTC-1_GSM4013390",0.966020485223483
"TCTTCGGCACCAGATT-1_GSM4013390",0.588445644221413
"TCGCGTTCACCAACCG-1_GSM4013390",0.601424119839591
"AGAATAGCAGCCTATA-1_GSM4013390",0.42444201006938
"ACGCAGCTCCTAGTGA-1_GSM4013390",0.748223939623043
"CGGGTCACACCGATAT-1_GSM4013390",0.731157679115046
"GGGTCTGCAGGTCGTC-1_GSM4013390",0.603974430336861
"TGTGTTTAGTGCGTGA-1_GSM4013390",0.628754748658615
"CGTGTAAGTCTCACCT-1_GSM4013390",0.918342358347298
"GATCAGTTCATTCACT-1_GSM4013390",1.04664998316447
"GTGAAGGAGTTACGGG-1_GSM4013390",0.689433244778011
"TCCCGATTCCTTCAAT-1_GSM4013391",1.45097781237004
"TGACTAGGTCATGCAT-1_GSM4013391",1.48933805339717
"CGTTGGGCATGGAATA-1_GSM4013391",1.44780811366065
"GGACATTTCAAACCGT-1_GSM4013391",1.46643411393655
"GATTCAGTCGTTACAG-1_GSM4013391",1.48131444377562
"CCCTCCTGTATCTGCA-1_GSM4013391",1.4366382910464
"GTACTCCTCAGTACGT-1_GSM4013391",1.40158437101146
"GTTCATTGTCCGTTAA-1_GSM4013391",1.44511759548036
"CGGACTGTCGGTGTTA-1_GSM4013391",1.42640511075881
"CCGTGGACATATGGTC-1_GSM4013391",1.3948171016485
"TAGCCGGTCCTATTCA-1_GSM4013391",1.49211446867013
"ATTGGACGTCGCGGTT-1_GSM4013391",1.41013721301216
"TGACTAGCATCCGCGA-1_GSM4013391",1.30861118538618
"CTAGAGTCAAGCCTAT-1_GSM4013391",1.09491435703762
"CCTATTACAGTCAGAG-1_GSM4013391",1.34619439613563
"CGAATGTAGGAGCGTT-1_GSM4013391",1.44067243569016
"GGCGACTTCTCTGTCG-1_GSM4013391",1.40440630859947
"TAAGCGTGTCTTGATG-1_GSM4013391",1.42215299349238
"CACCTTGAGTTAACGA-1_GSM4013391",1.3646026481492
"GATGAAAAGGCTAGAC-1_GSM4013391",1.41050763548845
"TTTGCGCGTCTGCCAG-1_GSM4013391",1.41030965848939
"CGAGAAGTCAGTCCCT-1_GSM4013391",1.46319890863618
"TCAACGAGTACTCGCG-1_GSM4013391",1.45747591932375
"TTTATGCGTACGCACC-1_GSM4013391",1.58280007470264
"CGGTTAAGTTGGTTTG-1_GSM4013391",1.43845056016514
"GTGCAGCCAAGGTTCT-1_GSM4013391",1.48176433752479
"GATCGCGGTCTCATCC-1_GSM4013391",1.36055278851123
"GGGATGATCTCTGAGA-1_GSM4013391",1.4574690176425
"CGTGTCTCAGGGTATG-1_GSM4013391",1.49052480683665
"GATCGCGGTTGAGGTG-1_GSM4013391",1.33295128481986
"TGAAAGATCAAACGGG-1_GSM4013391",1.32736237161781
"CTTAACTGTGCTAGCC-1_GSM4013391",1.51245903152839
"AAGGCAGAGGAATTAC-1_GSM4013391",1.33013115086241
"CCGGTAGAGTGTTAGA-1_GSM4013391",1.35883635931592
"GACGGCTGTAGCGCAA-1_GSM4013391",1.42497634811362
"GACGGCTTCAGGTAAA-1_GSM4013391",1.35885838652914
"AAAGTAGCATGAAGTA-1_GSM4013391",1.39259598330436
"ACCTTTATCAGGTTCA-1_GSM4013391",1.38915669238835
"CTACATTCAGTTCATG-1_GSM4013391",1.44445496564667
"TCTGAGACAGTAACGG-1_GSM4013391",1.39174171624465
"GACTAACCAGGACGTA-1_GSM4013391",1.43330483083722
"ATCCACCAGATGTCGG-1_GSM4013391",1.46802753872474
"GTGTTAGCACTTCGAA-1_GSM4013391",1.51457273851247
"AGACGTTTCAGGTTCA-1_GSM4013391",1.40520841710708
"TTCTCCTAGCGATATA-1_GSM4013391",1.49432310365967
"AGATCTGCACCCAGTG-1_GSM4013391",1.46669503847468
"CAGAATCGTTCGTCTC-1_GSM4013391",1.42078185498153
"ACCCACTTCGGCCGAT-1_GSM4013391",1.37022328377113
"TGTTCCGAGTGGGCTA-1_GSM4013391",1.4791357298735
"TACTCATAGAAACCTA-1_GSM4013391",1.41480107262054
"GACTACAGTGCACGAA-1_GSM4013391",1.38782236162946
"CACAAACCATCAGTCA-1_GSM4013391",1.44374642364884
"GTACGTAAGGCTCATT-1_GSM4013391",1.42442976661332
"GCGCAACCATGGTCAT-1_GSM4013391",1.53623901642653
"AAATGCCTCAGCGATT-1_GSM4013391",1.40869266990198
"GCGCCAATCTCTAAGG-1_GSM4013391",1.42941239783136
"ACACTGACATTCCTGC-1_GSM4013391",1.51194770581775
"CTAATGGAGATCTGAA-1_GSM4013391",1.4655418191587
"CTGCTGTCAAGACGTG-1_GSM4013391",1.42175498781459
"ATCCACCAGGGAAACA-1_GSM4013391",1.49488642436898
"ATGAGGGGTAGCGTAG-1_GSM4013391",1.41553650784333
"CGGTTAAGTAGCGATG-1_GSM4013391",1.46179305797961
"CTACATTTCTTCAACT-1_GSM4013391",1.50237028522981
"TTATGCTAGCATGGCA-1_GSM4013391",1.29550429774369
"CAGAGAGCAGCTGCAC-1_GSM4013391",1.37987068708072
"CGGAGTCTCTCTGAGA-1_GSM4013391",1.45802900840777
"GGATTACAGTAGTGCG-1_GSM4013391",1.46487140687981
"ACACCCTCATTTCACT-1_GSM4013391",1.44448610604957
"CGTTGGGCATGGGACA-1_GSM4013391",1.40864459930499
"GGATGTTAGCACCGTC-1_GSM4013391",1.48785320925088
"CGTCACTTCAGTTCGA-1_GSM4013391",1.48061107135648
"ATCGAGTTCACAAACC-1_GSM4013391",1.40951504341724
"CGAATGTAGTGCAAGC-1_GSM4013391",1.44643621563233
"GGATGTTAGCAATCTC-1_GSM4013391",1.35084642191823
"GACTAACCATGGTAGG-1_GSM4013391",1.43985981593786
"GGGAATGTCATTGCGA-1_GSM4013391",1.2898040140701
"CCCATACAGGCACATG-1_GSM4013391",1.36897426906213
"GTTTCTACATAGACTC-1_GSM4013391",1.3998335827669
"AGGTCATCAAGTCTGT-1_GSM4013391",1.49288130443182
"CAGTAACTCCGAATGT-1_GSM4013391",1.4915321274291
"AGGGATGTCATCTGCC-1_GSM4013391",1.334970378687
"TGGCGCACACGTGAGA-1_GSM4013391",1.51311483734027
"AGGCCACTCAACGCTA-1_GSM4013391",1.38576125840383
"GACAGAGGTCTGGAGA-1_GSM4013391",1.3974714095322
"GATGCTACAATGGAGC-1_GSM4013391",1.38743861897842
"AAGGCAGGTCGATTGT-1_GSM4013391",1.4758296844361
"TGCACCTCATCGTCGG-1_GSM4013391",1.49714786998332
"GTATCTTTCATTGCCC-1_GSM4013391",1.34207691266531
"CTCGAGGGTCGCGGTT-1_GSM4013391",1.41767244483075
"CCAGCGAAGCGCCTCA-1_GSM4013391",1.51842815851248
"TAGTTGGAGTACGCGA-1_GSM4013391",1.39582786561292
"TGCGTGGAGCAAATCA-1_GSM4013391",1.47334113958108
"TCGAGGCTCTGACCTC-1_GSM4013391",1.40285178997207
"CCCTCCTAGGAATGGA-1_GSM4013391",1.53298766899249
"TAAACCGAGACTACAA-1_GSM4013391",1.32994584855275
"TCCCGATGTGAGGGAG-1_GSM4013391",1.45425992319204
"TACGGGCAGGAGTACC-1_GSM4013391",1.50399798011169
"TGATTTCGTTAAAGTG-1_GSM4013391",1.49525154335497
"TAGTTGGGTCGACTAT-1_GSM4013391",1.49491337461093
"TTCGAAGCAAGTAGTA-1_GSM4013391",1.39013642367586
"ATTATCCTCCCAGGTG-1_GSM4013391",1.48588728618446
"TACACGAAGTACACCT-1_GSM4013391",1.39290400206643
"ATGCGATAGTGATCGG-1_GSM4013391",1.36056374363784
"CTCGGGAAGGATGCGT-1_GSM4013391",1.43058137332353
"CTCGAAACACGTCTCT-1_GSM4013391",1.46522972079592
"GTCACAAAGGTGACCA-1_GSM4013391",1.48520277321677
"AGCTTGATCTTGGGTA-1_GSM4013391",1.43768060788329
"TACACGAAGATCTGCT-1_GSM4013391",1.44163026347408
"CCATGTCAGTTAGCGG-1_GSM4013391",1.46938312375761
"CAAGAAATCGAGCCCA-1_GSM4013391",1.464707583379
"CCATGTCCACAACGCC-1_GSM4013391",1.46512407953724
"TTGCCGTCAAGTTCTG-1_GSM4013391",1.400870733115
"ACGCCAGGTAGCTCCG-1_GSM4013391",1.45244758446817
"CATCAGAAGATATGGT-1_GSM4013391",1.43230837585193
"GTGGGTCCATTTGCTT-1_GSM4013391",1.44079370546338
"GGTGAAGCATACGCCG-1_GSM4013391",1.32311350071874
"TATCTCAGTAAGTAGT-1_GSM4013391",1.46840807229958
"GTGAAGGGTGGCGAAT-1_GSM4013391",1.44392085923619
"ACGCCGAGTGCAACTT-1_GSM4013391",1.43579215366408
"TTAGGCAGTGAAATCA-1_GSM4013391",1.37831037890709
"TGCACCTCACACCGCA-1_GSM4013391",1.39755673708758
"AGTGGGACACACTGCG-1_GSM4013391",1.33529483963608
"GTGTGCGGTATATCCG-1_GSM4013391",1.29058355385291
"CTGCTGTCAGCGAACA-1_GSM4013391",1.41170292751482
"CATCGAAGTTATCCGA-1_GSM4013391",1.40658079392353
"ACATCAGTCAAGGTAA-1_GSM4013391",1.36725327329364
"AAGGTTCGTTCATGGT-1_GSM4013391",1.25906815234462
"GGCAATTAGTGAAGTT-1_GSM4013391",1.5948926750302
"CTACATTAGTACGTTC-1_GSM4013391",1.31788494430438
"GCGGGTTAGTGGCACA-1_GSM4013391",1.42218028171167
"CGACCTTAGATGTGTA-1_GSM4013391",1.52365117232762
"ATCATCTCAGACGCTC-1_GSM4013391",1.43704266374951
"GGTATTGCACCAGCAC-1_GSM4013391",1.33451334330927
"TTGGAACAGAATTGTG-1_GSM4013391",1.41032675753423
"AGCTTGAAGTACGATA-1_GSM4013391",1.47142727446689
"CCAGCGAGTATATGAG-1_GSM4013391",1.41385062902922
"CTTAGGAGTAAATGTG-1_GSM4013391",1.32551933733258
"AGCTCCTTCGCAAACT-1_GSM4013391",1.41867112912963
"CTCGTCAGTAGCCTAT-1_GSM4013391",1.37622237783489
"TGGCCAGAGGTACTCT-1_GSM4013391",1.51052752990131
"CAGTAACAGTTGTCGT-1_GSM4013391",1.35342950017513
"CGTCCATTCTTGGGTA-1_GSM4013391",1.32992913663395
"ACGGGCTTCAAGATCC-1_GSM4013391",1.39082579414344
"AGCATACTCCACTCCA-1_GSM4013391",1.38847477158581
"TTTGGTTTCAGTTTGG-1_GSM4013391",1.32957817667628
"AAGGAGCAGTTGAGTA-1_GSM4013391",1.41394544156765
"AAGGAGCTCGTTTAGG-1_GSM4013391",1.41364679867941
"GGCGTGTAGCGAAGGG-1_GSM4013391",1.45065857112091
"AGAATAGGTCATTAGC-1_GSM4013391",1.36828405884736
"AGTCTTTCAGATCCAT-1_GSM4013391",1.37680171615898
"ACTTACTGTTGAACTC-1_GSM4013391",1.37796215646021
"AGCTCTCGTCTCTTAT-1_GSM4013391",1.20077182719456
"GATGAAAAGTCCGGTC-1_GSM4013391",1.38698265654826
"TGGCGCAAGTCAAGGC-1_GSM4013391",1.33791636459688
"AGACGTTTCAGAGGTG-1_GSM4013391",1.3306988980924
"AAACGGGCAATCCGAT-1_GSM4013391",1.40090260423215
"ATTCTACTCCAAATGC-1_GSM4013391",1.28482259183969
"CACCAGGGTTTAGGAA-1_GSM4013391",1.40821317562109
"TAGCCGGAGTTACCCA-1_GSM4013391",1.36265880918291
"ACTGATGTCAATCTCT-1_GSM4013391",1.33672581917982
"GGATTACGTTATGTGC-1_GSM4013391",1.46246434560183
"CTCATTAGTAGCGTGA-1_GSM4013391",1.43858290574418
"CATGACACAAGGGTCA-1_GSM4013391",1.39595047125005
"CATGGCGAGTGGCACA-1_GSM4013391",1.32558430410431
"CTGCTGTTCTGCGGCA-1_GSM4013391",1.41358646403473
"CGTAGCGGTGGTAACG-1_GSM4013391",1.38215321345906
"TTAACTCCATTCTCAT-1_GSM4013391",1.29594580935682
"CTTGGCTGTGTCCTCT-1_GSM4013391",1.34148470541913
"CCTCTGAGTCATACTG-1_GSM4013391",1.38209775146418
"CAGATCAGTCTGCAAT-1_GSM4013391",1.46416260056805
"ACCAGTAAGCGATAGC-1_GSM4013391",1.42503870887807
"CGCTTCAAGATACACA-1_GSM4013391",1.49471748503719
"CCCTCCTTCCAAGCCG-1_GSM4013391",0.813366931714859
"GTTACAGCAGTCGTGC-1_GSM4013391",1.42673259141409
"ACTGTCCTCAGAAATG-1_GSM4013391",1.35743175761078
"AACTCTTTCAACGAAA-1_GSM4013391",0.88533309327443
"TACTCATGTACTCAAC-1_GSM4013391",1.35487599461842
"TCCACACCAAGAAAGG-1_GSM4013391",1.35496999974545
"GCGCAGTAGTGTACCT-1_GSM4013391",0.634752466753688
"TACCTTAAGCGTGTCC-1_GSM4013391",1.43784793992075
"CCCTCCTAGTATTGGA-1_GSM4013391",0.615228366969888
"TCATTTGCAGATCCAT-1_GSM4013391",0.828946125743188
"TGCCCATGTCGGCACT-1_GSM4013391",0.712191629798013
"TCAACGATCCACGCAG-1_GSM4013391",1.40302132627644
"CCTTACGCATGCAACT-1_GSM4013391",1.32732630559498
"GCCAAATTCACTTATC-1_GSM4013391",1.36256601657748
"TGGACGCGTTGATTGC-1_GSM4013391",1.42190728312717
"CAGCTAACAATGGACG-1_GSM4013391",1.39569632591104
"GACTAACAGACCGGAT-1_GSM4013391",1.33077274395455
"CTGAAACCACCGAAAG-1_GSM4013391",1.2961369054468
"CAGCCGATCGGCTTGG-1_GSM4013391",0.631646899222155
"TGCGGGTGTCGCTTCT-1_GSM4013391",1.40741924890744
"CGCGGTACACATGTGT-1_GSM4013391",1.34265445430872
"GGAACTTAGGATCGCA-1_GSM4013391",1.37003252661938
"CGGACACAGGAGTACC-1_GSM4013391",1.38044041285895
"AGCCTAACACCAGGTC-1_GSM4013391",1.01578223194215
"TGACTTTGTAGCGCAA-1_GSM4013391",1.34880961861406
"GTGCATAAGTGTACTC-1_GSM4013391",1.41489725841352
"CGATCGGAGTTAGGTA-1_GSM4013391",1.30584231059652
"CGTGTAAGTCGGCTCA-1_GSM4013391",1.47054443264139
"GTCTCGTCACCCATGG-1_GSM4013391",1.38405990975425
"AGAATAGTCCACGAAT-1_GSM4013391",1.35322584958077
"TTCCCAGCACGGTTTA-1_GSM4013391",1.39439114141617
"TGTTCCGGTTACTGAC-1_GSM4013391",1.35362787237199
"CAACCAAGTTCGGGCT-1_GSM4013391",1.3069158926433
"CGTAGGCAGCAAATCA-1_GSM4013391",1.38556506383304
"ACGAGGATCAGGCGAA-1_GSM4013391",1.46190035897173
"ATCATGGTCTACTTAC-1_GSM4013391",1.40197615008258
"TGAAAGAGTTAGATGA-1_GSM4013391",0.673569020170866
"TGCCAAAAGACGCAAC-1_GSM4013391",1.21897626940937
"CGCCAAGCAACCGCCA-1_GSM4013391",1.30873510218459
"ACTTGTTCACGGATAG-1_GSM4013391",0.747212178556357
"ATCTGCCCAGCTCGCA-1_GSM4013391",1.37091689436602
"GACGCGTGTGTGAATA-1_GSM4013391",1.25431826700877
"CATATTCGTACTTAGC-1_GSM4013391",1.38646508589232
"TGGCTGGTCGATGAGG-1_GSM4013391",1.4073169967922
"GCGCGATCATAGGATA-1_GSM4013391",1.55129003153796
"CTTAGGATCAATAAGG-1_GSM4013391",1.54469304927506
"CTGTTTACATTGGTAC-1_GSM4013391",1.22331309328818
"TGCGTGGGTCGCGTGT-1_GSM4013391",1.57540072070092
"CGATGTAGTATATCCG-1_GSM4013391",1.35572370618328
"CTCTACGGTATATCCG-1_GSM4013391",1.41710829698473
"TTTACTGGTGCACGAA-1_GSM4013391",0.601743059826359
"AAGACCTTCGAGCCCA-1_GSM4013391",1.36328678704422
"CGAGAAGTCAGATAAG-1_GSM4013391",1.56549926984429
"CAGCCGAGTAGCTTGT-1_GSM4013391",1.41210415471319
"TTTCCTCAGGTAGCCA-1_GSM4013391",1.50021233465826
"CATGGCGTCTCGTTTA-1_GSM4013391",1.31665720668125
"ACACCAATCCCTAACC-1_GSM4013391",1.3696840342277
"TTAACTCCACCTTGTC-1_GSM4013391",1.37948337586992
"CGTCAGGGTCCGAATT-1_GSM4013391",1.36019481334781
"CAGTAACAGGCTCAGA-1_GSM4013391",1.24171412031128
"TTTACTGAGGCACATG-1_GSM4013391",0.699799633609823
"AACACGTTCCTGCAGG-1_GSM4013391",1.42865060188802
"CAGCGACTCGCACTCT-1_GSM4013391",1.29250987465447
"CCTTTCTCACTCTGTC-1_GSM4013391",0.763466139935329
"CATCAAGGTGTCGCTG-1_GSM4013391",1.37659439090742
"TTAGTTCCAGCTGTTA-1_GSM4013391",1.32790650098615
"TCTATTGAGAAACGAG-1_GSM4013391",1.11114968390782
"AGATCTGAGTCATGCT-1_GSM4013391",1.25217327961488
"AACTCCCCAATGCCAT-1_GSM4013391",1.4609612380925
"GGGCACTTCAGCGACC-1_GSM4013391",1.53200859206248
"CAGAATCAGCCAGGAT-1_GSM4013391",1.26748492398158
"CTCCTAGAGACCTAGG-1_GSM4013391",1.33906593724401
"CGATCGGAGCCATCGC-1_GSM4013391",1.36638799811387
"TCTTTCCTCCACTCCA-1_GSM4013391",1.44054930496112
"CAGCTGGTCTTCCTTC-1_GSM4013391",1.25690686067757
"GGCGACTAGTGACTCT-1_GSM4013391",1.41343609414228
"CTAACTTGTCTTGTCC-1_GSM4013391",1.4093093344459
"TACTTACTCGTTTGCC-1_GSM4013391",1.37310540274956
"CGACCTTCAGCATGAG-1_GSM4013391",1.21022270535091
"AACCATGGTTGCGCAC-1_GSM4013391",1.30576507925484
"ATTATCCTCATGTCCC-1_GSM4013391",1.31370454473277
"CCAGCGAGTAGAAAGG-1_GSM4013391",1.4152710032585
"CACAGTAAGAATTCCC-1_GSM4013391",1.3076541628851
"CACAGGCGTCCATGAT-1_GSM4013391",0.760769268734843
"CCACTACTCTGGGCCA-1_GSM4013391",1.1848578706055
"TCTGGAAGTGTTCGAT-1_GSM4013391",1.37902786522348
"CAAGAAAAGTTATCGC-1_GSM4013391",1.28623282230176
"ACGTCAAAGCACGCCT-1_GSM4013391",1.21595058273487
"TCACGAACAGCCAATT-1_GSM4013391",1.24144031377802
"TATCAGGGTCTGATTG-1_GSM4013391",1.39296536367433
"CTAAGACGTAGGGACT-1_GSM4013391",1.40220818420763
"CTACCCACACATCTTT-1_GSM4013391",1.1447274486164
"ACCTTTAGTAGGACAC-1_GSM4013391",1.39427865563906
"AGCGTCGCAGTAACGG-1_GSM4013391",1.34958018757987
"CTGCCTACAAACTGTC-1_GSM4013391",1.16971241855468
"ATTACTCTCACAGTAC-1_GSM4013391",1.36694819717861
"CTAACTTCAAGAAGAG-1_GSM4013391",1.33070626128694
"TTAACTCTCTACGAGT-1_GSM4013391",1.26657407276952
"GGACATTGTGGACGAT-1_GSM4013391",1.39159109368426
"TGAGCCGTCACCGGGT-1_GSM4013391",1.28716011938991
"GCCTCTAGTGTCAATC-1_GSM4013391",1.42663622416446
"TAGTGGTCATACTACG-1_GSM4013391",0.714153577830846
"TCACGAATCATACGGT-1_GSM4013391",1.22064885036556
"ATCGAGTGTACCAGTT-1_GSM4013391",1.09434791064373
"TTCTACACATTCTCAT-1_GSM4013391",1.23741135954494
"CATATTCCAGCATGAG-1_GSM4013391",1.32104670029122
"GGGCATCTCCCTAATT-1_GSM4013391",1.31055495682772
"CGTCACTGTCTTTCAT-1_GSM4013391",1.06717057121346
"GACTGCGAGGACAGAA-1_GSM4013391",0.710745042532033
"CAAGTTGCAAGCCGCT-1_GSM4013391",1.34043574368716
"AGACGTTGTATTACCG-1_GSM4013391",1.33257329485768
"TACCTATGTATAGGGC-1_GSM4013391",1.25262895897821
"AGGCCGTAGCCAGAAC-1_GSM4013391",0.870852275487626
"AACTCAGCAGCCTTGG-1_GSM4013391",1.28272534665649
"ATAGACCTCCTTGGTC-1_GSM4013391",0.897139538081265
"GAACATCCATCGTCGG-1_GSM4013391",1.20214570609676
"ATGCGATGTTATGCGT-1_GSM4013391",0.717414971509819
"TGAGGGACAAGGACTG-1_GSM4013391",0.730573543067652
"AAAGTAGGTACCGGCT-1_GSM4013391",0.642708371193327
"CATCAGACATTACCTT-1_GSM4013391",0.791488075169324
"CACTCCACAAGCGAGT-1_GSM4013391",1.35247399388556
"AGCTCTCCATTGTGCA-1_GSM4013391",1.21364624429585
"TGCTGCTTCTCTAGGA-1_GSM4013391",1.28965226332662
"AGAGCTTGTCTTGATG-1_GSM4013391",1.40648245592859
"CACCAGGTCACTGGGC-1_GSM4013391",1.26819075903492
"GAAGCAGTCAGGATCT-1_GSM4013391",0.658486712088089
"GATGAGGAGGGCTCTC-1_GSM4013391",0.898910016040588
"AGAGTGGTCTGATACG-1_GSM4013391",1.39049928882162
"ATCACGATCCGAAGAG-1_GSM4013391",1.32903608308954
"TGAGAGGTCTAAGCCA-1_GSM4013391",1.33009276296572
"TCACAAGAGATCCCAT-1_GSM4013391",1.29098940318068
"GGCTCGACACTATCTT-1_GSM4013391",1.36065957692778
"CTTAGGATCACAGGCC-1_GSM4013391",1.26528654336757
"ACCAGTATCGGCGGTT-1_GSM4013391",0.78370977007424
"TGGCTGGTCCACGAAT-1_GSM4013391",1.32153516939955
"GCTTGAAAGTTTCCTT-1_GSM4013391",0.846318754930466
"GCCAAATGTCTTTCAT-1_GSM4013391",1.16790963177608
"TGCTACCGTCTGGTCG-1_GSM4013391",1.14776220199284
"ACTGCTCTCACCCTCA-1_GSM4013391",1.10722819888654
"ATGCGATAGTACGCCC-1_GSM4013391",1.37987390614596
"CAGTCCTAGTTACGGG-1_GSM4013391",1.16117201014866
"CGTTGGGGTAAACCTC-1_GSM4013391",1.35405822498139
"ACTATCTCACTAAGTC-1_GSM4013391",1.27351223986388
"CGGTTAATCCTTGCCA-1_GSM4013391",1.22437690410755
"CGACTTCTCGGTTAAC-1_GSM4013391",1.27712501768964
"TATGCCCAGAGGGCTT-1_GSM4013391",1.21444772393832
"CCGTTCAGTTGTGGAG-1_GSM4013391",1.21847734655796
"ATCTGCCCAAGCCGTC-1_GSM4013391",1.27972558348861
"CGCCAAGCAGGATCGA-1_GSM4013391",1.29372482683626
"TCACAAGAGCTAGTCT-1_GSM4013391",1.28980924577957
"TTGAACGCAACTGCGC-1_GSM4013391",1.38345524008824
"TCTATTGCATGGTTGT-1_GSM4013391",1.34120917462352
"GTTCATTCAATGTAAG-1_GSM4013391",1.30421526787227
"AGTGAGGCATGAACCT-1_GSM4013391",0.620497087077198
"CGCCAAGCATATACCG-1_GSM4013391",0.782801766641137
"CCATTCGGTTACAGAA-1_GSM4013391",1.26727289735099
"AGGCCACAGATACACA-1_GSM4013391",1.3907063810772
"CCTAGCTAGCTGTCTA-1_GSM4013391",1.22778734939277
"TAGACCATCGGTTCGG-1_GSM4013391",1.18162446976859
"CGAGCACTCTATCCTA-1_GSM4013391",1.39448144593515
"GACTAACGTCGCATCG-1_GSM4013391",0.715553634190654
"CATCGAATCCGTTGTC-1_GSM4013391",1.19114849063274
"AGTGAGGGTTTGTTGG-1_GSM4013391",1.31373366812042
"CTGGTCTTCTGTCTAT-1_GSM4013391",1.33242452329827
"AGATTGCTCTTCGGTC-1_GSM4013391",1.19755166091779
"CGTCCATTCTTGCAAG-1_GSM4013391",1.36831667586292
"AGCAGCCCAAGTTGTC-1_GSM4013391",1.14048201797449
"TCTTTCCGTACGAAAT-1_GSM4013391",1.3061258656784
"CACACCTTCTGCTGCT-1_GSM4013391",1.18139127396248
"CATTATCTCGTATCAG-1_GSM4013391",1.49715345104138
"TTCTACAAGGTGATAT-1_GSM4013391",1.19585400430302
"TGCTACCAGGATGGTC-1_GSM4013391",1.2143637223568
"GATCAGTCACTACAGT-1_GSM4013391",1.33625332596606
"TTCTCCTAGGAGTAGA-1_GSM4013391",1.38475843469537
"TTGGCAAAGTGGGCTA-1_GSM4013391",1.18882578152647
"CAAGGCCGTAGAAAGG-1_GSM4013391",1.3609733541277
"CAGCGACTCGCAAGCC-1_GSM4013391",1.25653460260212
"GGGTCTGCACGAAATA-1_GSM4013391",1.32053649505378
"GAAATGACACGGTAAG-1_GSM4013391",1.04335806563279
"CGTTCTGTCCTTAATC-1_GSM4013391",1.32026716346607
"CACCAGGTCTGCTGTC-1_GSM4013391",1.23208394152421
"AACCATGGTTTAGCTG-1_GSM4013391",1.41957774781006
"GAACGGATCTGCCCTA-1_GSM4013391",1.35593167890227
"CCCAGTTAGTGGGATC-1_GSM4013391",1.2772416988592
"CGGACGTAGTGTGGCA-1_GSM4013391",1.28924362973951
"GTCACAAAGTACATGA-1_GSM4013391",1.25188192328882
"GTGGGTCTCCGCATAA-1_GSM4013391",1.36927028066882
"TAGTTGGTCAGCTCGG-1_GSM4013391",0.862294962962895
"AGTGGGATCTGCTTGC-1_GSM4013391",1.43115988865901
"TGGCCAGCACGTAAGG-1_GSM4013391",0.655015913411698
"CGTTCTGGTCCGCTGA-1_GSM4013391",1.2778303623983
"GATCAGTCAAATTGCC-1_GSM4013391",1.27543281505872
"CAAGGCCAGAACTCGG-1_GSM4013391",1.39444023429837
"TAAGAGACACAGATTC-1_GSM4013391",0.752556996092668
"CATATGGAGTGGCACA-1_GSM4013391",1.3141803971435
"ACAGCCGGTTGCTCCT-1_GSM4013391",1.30476606638491
"ACGAGGAAGTCGTTTG-1_GSM4013391",1.23349402978288
"TTCTTAGGTGAGTATA-1_GSM4013391",1.1616543080638
"CCATGTCTCGCACTCT-1_GSM4013391",1.34633083968646
"GGCGACTAGCCATCGC-1_GSM4013391",1.28029448314573
"GTAGGCCCACTACAGT-1_GSM4013391",1.14755452450805
"TATGCCCGTGAAATCA-1_GSM4013391",1.22619953815547
"ACACCCTAGCCTCGTG-1_GSM4013391",0.725162184328549
"AAAGCAATCAGAGGTG-1_GSM4013391",1.22622501576256
"GCGAGAAAGCTAGTTC-1_GSM4013391",1.27399788671726
"GAGTCCGAGTGAAGTT-1_GSM4013391",1.31804212287452
"GGCGACTGTAGAAGGA-1_GSM4013391",1.27660543197627
"AAAGTAGGTAGGGACT-1_GSM4013391",1.26081734427175
"TTCTACAGTTTAGCTG-1_GSM4013391",0.91264643142924
"CGTTAGAAGTCTCGGC-1_GSM4013391",1.33408685918517
"GGTGAAGAGAGTCGGT-1_GSM4013391",1.31768557229719
"ATAGACCGTGATGTGG-1_GSM4013391",1.28200914759802
"ACATACGGTGACAAAT-1_GSM4013391",1.19224353195104
"CACCACTTCCTTCAAT-1_GSM4013391",1.34316359360116
"AAAGCAACACCCATGG-1_GSM4013391",1.31010768350364
"CGGACACTCGGATGTT-1_GSM4013391",1.23093059305105
"TAGGCATCATCAGTCA-1_GSM4013391",1.31094659184222
"GTACTCCTCGTGGGAA-1_GSM4013391",1.25751643089272
"TTGAACGCAAACTGCT-1_GSM4013391",1.25032767511852
"TGCTGCTAGAGTACAT-1_GSM4013391",1.22159768050134
"CAAGATCGTATATCCG-1_GSM4013391",1.16772444086916
"GGTGAAGGTATAGGGC-1_GSM4013391",1.31538139222411
"AGACGTTCAGTCCTTC-1_GSM4013391",1.30435799508997
"TGAGGGATCCCTTGCA-1_GSM4013391",1.43265796638499
"CTCGAAAGTCATACTG-1_GSM4013391",1.27988065562118
"CGTCAGGAGTGACTCT-1_GSM4013391",1.23385555477251
"AAGGTTCTCCCATTTA-1_GSM4013391",1.35305793587445
"TTCTTAGTCATGCATG-1_GSM4013391",1.15440024063976
"GGAATAAAGCATCATC-1_GSM4013391",1.21795546545326
"AACTCAGGTATTCGTG-1_GSM4013391",1.36432296109163
"CTACATTCAAGCCATT-1_GSM4013391",1.30562695842589
"TTCGGTCTCTCTAGGA-1_GSM4013391",1.37103978251793
"TCGGGACCAAACTGTC-1_GSM4013391",1.36631566752367
"GTCCTCACACGAAATA-1_GSM4013391",1.28767725969437
"GTAACTGCACCACGTG-1_GSM4013391",1.29099977244778
"AAAGTAGGTCGGCACT-1_GSM4013391",1.3485167766217
"GGGCATCCACAACGTT-1_GSM4013391",1.22328888490001
"CACAGTAGTCGGATCC-1_GSM4013391",1.28146281549225
"TAAGTGCTCAGCTCGG-1_GSM4013391",1.40353686520983
"ACTGAACAGGTTACCT-1_GSM4013391",1.29075687622476
"ACATCAGGTCCAACTA-1_GSM4013391",1.28435061662802
"GAACATCGTCGAGTTT-1_GSM4013391",1.3768650469805
"AACTCAGGTTCGCTAA-1_GSM4013391",1.20273611086237
"CCTAAAGTCCTGTACC-1_GSM4013391",1.17217415391057
"ATAACGCAGAAGGTTT-1_GSM4013391",1.32688733547062
"TACTCGCGTAATCACC-1_GSM4013391",0.72909066273819
"CAGCTGGAGGATGTAT-1_GSM4013391",1.22352006102433
"TGCTGCTGTGATGATA-1_GSM4013391",0.684504408511908
"AGATCTGGTAAGTGGC-1_GSM4013391",1.37221013493536
"CTGTGCTCAAAGAATC-1_GSM4013391",0.525493080673052
"GACCTGGCACTGTCGG-1_GSM4013391",1.32408054451139
"TTCTCCTTCCTTTACA-1_GSM4013391",1.33996927807996
"CCATTCGTCACTTATC-1_GSM4013391",1.26186156684284
"AGAGCTTCAGATCCAT-1_GSM4013391",1.28661353880718
"CGGTTAACATTAACCG-1_GSM4013391",0.776793290344206
"ACATACGAGCGCTCCA-1_GSM4013391",1.25516953501825
"CGTTAGAAGAGTAAGG-1_GSM4013391",1.34832784070246
"CTTAACTTCTCAACTT-1_GSM4013391",1.25922290559563
"CTCCTAGAGTTCGATC-1_GSM4013391",1.24895847920514
"ACCGTAAAGGCGATAC-1_GSM4013391",1.25748310444096
"CACACCTAGTAGGCCA-1_GSM4013391",1.21521043417213
"AGAGTGGCAACGATGG-1_GSM4013391",1.30852362349087
"GAAACTCTCATCGATG-1_GSM4013391",1.29629377116444
"ACGAGCCAGCTTATCG-1_GSM4013391",1.31734853324366
"CAGCATACATACGCTA-1_GSM4013391",1.28029173630166
"GTTCTCGAGACAGACC-1_GSM4013391",1.30267345187452
"TTTATGCTCGCTAGCG-1_GSM4013391",1.37186685971519
"AGTCTTTGTTGCGCAC-1_GSM4013391",0.773184836779561
"CCCATACGTTTACTCT-1_GSM4013391",1.18727085863795
"CATATGGTCCCACTTG-1_GSM4013391",1.32653200896026
"CTGTGCTCACTAGTAC-1_GSM4013391",1.30864788550939
"CGAACATGTTATTCTC-1_GSM4013391",1.22856227242735
"AGGCCACGTCAAGCGA-1_GSM4013391",1.25112485941187
"TACACGAGTCGGGTCT-1_GSM4013391",1.37871136676201
"GTGCAGCGTGCCTGTG-1_GSM4013391",1.17276936403503
"AGCGTATTCAGCAACT-1_GSM4013391",1.26435919149999
"CTTCTCTCAATGAATG-1_GSM4013391",1.31025576510613
"AAAGTAGGTCCAGTGC-1_GSM4013391",1.30635133148478
"GGGTCTGGTAACGACG-1_GSM4013391",1.34841996310054
"ACACCCTAGAAACGCC-1_GSM4013391",1.28585656479053
"AGGTCCGTCACTTCAT-1_GSM4013391",1.24055974423065
"TGACGGCCACGGTGTC-1_GSM4013391",1.26409532932973
"GACGCGTAGCGGCTTC-1_GSM4013391",1.2422004835807
"AGGCCGTAGAAGGTTT-1_GSM4013391",1.28987709860117
"CCACTACAGGCTCAGA-1_GSM4013391",1.00503590164399
"TCGCGTTGTACGACCC-1_GSM4013391",1.35338251727811
"TGCCCTACATCTGGTA-1_GSM4013391",1.29428835504685
"AGTGAGGCACGTAAGG-1_GSM4013391",1.26522946751968
"CAGAATCAGCAGGCTA-1_GSM4013391",1.20969797364232
"GGAATAAAGGGTTTCT-1_GSM4013391",1.1009691568684
"CTACATTAGACGCTTT-1_GSM4013391",1.26557184008296
"CCTATTACAGTACACT-1_GSM4013391",1.40613750357998
"CGTTGGGCAGGTCCAC-1_GSM4013391",1.37829042673315
"CTGAAGTAGTGAAGTT-1_GSM4013391",1.24216414689493
"ACGTCAAGTGAGTGAC-1_GSM4013391",0.700189401273585
"GCTGCGATCCAAATGC-1_GSM4013391",1.27537899272184
"CCGTACTTCTGTCAAG-1_GSM4013391",1.37006636167839
"GCGGGTTTCCAACCAA-1_GSM4013391",1.19993834145448
"TGCGGGTAGCCATCGC-1_GSM4013391",1.40211875563841
"ACGCAGCAGTGGTAGC-1_GSM4013391",1.26250562277495
"CGTTCTGTCATGTCCC-1_GSM4013391",1.23441704012501
"AACTCTTAGGCCCTCA-1_GSM4013391",1.33095224172673
"GAAATGAGTGTTGGGA-1_GSM4013391",1.28700715265429
"CCGTGGAGTCCAGTTA-1_GSM4013391",1.41817115176571
"CAAGAAATCTTTACGT-1_GSM4013391",1.29654311264873
"TAGTGGTCATCCAACA-1_GSM4013391",1.22908908051278
"TGCTGCTGTCATATGC-1_GSM4013391",1.10846047415724
"TGGTTCCCACCCATTC-1_GSM4013391",1.15099145093412
"GTCATTTGTGTCCTCT-1_GSM4013391",1.29835518219558
"CTCGAGGAGACCTAGG-1_GSM4013391",1.20089316276524
"AAGCCGCAGCGATAGC-1_GSM4013391",1.19578805405564
"CGAGAAGTCCTGCCAT-1_GSM4013391",1.24854843630324
"GTTACAGAGCTGAACG-1_GSM4013391",1.27357911624011
"CTGATAGCAGCATACT-1_GSM4013391",1.17812058223747
"AGAGCGAGTCAAACTC-1_GSM4013391",1.39902840299543
"AGGCCACTCGGCGCTA-1_GSM4013391",1.34327558684505
"GGATGTTTCGTTTGCC-1_GSM4013391",1.23380985771794
"CACTCCAGTCGTTGTA-1_GSM4013391",1.26498538031162
"GGGTTGCGTCAATACC-1_GSM4013391",1.31006828872294
"AAACCTGGTGTGACGA-1_GSM4013391",1.23723990137615
"ACACCGGTCGACGGAA-1_GSM4013391",1.2621456306712
"CAGCAGCAGTACGCCC-1_GSM4013391",1.29260097778739
"GATCGCGCAGCGTCCA-1_GSM4013391",1.17893311955216
"TACAGTGGTGCACGAA-1_GSM4013391",1.27024910553002
"TCGCGAGTCAACGAAA-1_GSM4013391",1.17839085455199
"GAAGCAGTCCGTACAA-1_GSM4013391",1.22827184432133
"CTACCCAGTTACGACT-1_GSM4013391",1.34882240880735
"TGACAACAGTAGGCCA-1_GSM4013391",1.23043211652922
"TCGCGTTTCCCAGGTG-1_GSM4013391",1.35792788737819
"CAGGTGCGTTGTCTTT-1_GSM4013391",1.17387423741943
"AGAGTGGTCAAACGGG-1_GSM4013391",0.986782560497354
"CAACCAATCTACTCAT-1_GSM4013391",1.27342926712627
"CGCTATCTCCCTTGCA-1_GSM4013391",1.21141460694055
"TTCGAAGGTAGCGCAA-1_GSM4013391",1.31885747071746
"CGATGGCCACTGTTAG-1_GSM4013391",1.33948677947012
"CATATTCGTGTAACGG-1_GSM4013391",1.39100930290444
"TGTATTCGTTCAGCGC-1_GSM4013391",1.21752756870456
"TATCAGGGTACCGGCT-1_GSM4013391",1.2030560053173
"CGTAGCGCAAGGGTCA-1_GSM4013391",1.23321328136309
"GTCTTCGCAATGAATG-1_GSM4013391",1.34951264374952
"GTGCATATCGTGACAT-1_GSM4013391",1.33020467461981
"CGTTAGAAGGGTTCCC-1_GSM4013391",1.40827393487374
"CATTCGCTCGGTCTAA-1_GSM4013391",1.34517816489271
"TGGTTCCAGGGATGGG-1_GSM4013391",1.29625259045443
"TCTGAGAGTGTGCCTG-1_GSM4013391",0.721645541631007
"TGACTAGTCGTACGGC-1_GSM4013391",1.16376682267567
"ACTTACTCAGATGGGT-1_GSM4013391",1.30148589254699
"CGTTGGGTCACGCGGT-1_GSM4013391",1.28858629964768
"AGGGAGTCAGCTGGCT-1_GSM4013391",1.32828283508765
"CGGTTAACAAGTTCTG-1_GSM4013391",1.26625153740759
"CGGAGCTCAGTATGCT-1_GSM4013391",1.25902869931034
"TGAGGGACACGAGGTA-1_GSM4013391",1.36725388517911
"GAGCAGATCAGAAATG-1_GSM4013391",1.35378632110369
"AGCAGCCGTGGTACAG-1_GSM4013391",1.35151753516592
"CTCGGGACACTCAGGC-1_GSM4013391",1.01411252074978
"GTTTCTAGTGAGGGTT-1_GSM4013391",1.30956199727124
"CTTAACTCAAAGTGCG-1_GSM4013391",1.34636172757059
"ATCTGCCTCGTCTGAA-1_GSM4013391",1.30167825236631
"TCATTTGCAGATGGCA-1_GSM4013391",1.34980882519488
"GCAGCCAGTGAGTGAC-1_GSM4013391",1.29255477084277
"CTCTACGCAATGGAGC-1_GSM4013391",0.695965343167192
"GTGCTTCAGTAAGTAC-1_GSM4013391",1.22084221410098
"ACCCACTTCTTCAACT-1_GSM4013391",1.34299217700617
"GGGACCTCAGGAATCG-1_GSM4013391",1.249052212473
"TATCAGGGTTAAGACA-1_GSM4013391",1.31153438554463
"TGACAACAGGCAGGTT-1_GSM4013391",1.33854845181439
"GGCGACTGTTGGGACA-1_GSM4013391",1.27784950688025
"TCGGTAAAGTGGTAGC-1_GSM4013391",1.1888242987312
"AGTGTCATCCTTGACC-1_GSM4013391",1.20503631021403
"GTAGGCCAGAATTGTG-1_GSM4013391",0.750361475373704
"CATCAAGAGGAGTACC-1_GSM4013391",1.25186274438603
"GGTGTTAGTCATCGGC-1_GSM4013391",1.38563250214566
"CACAGTACAATCTACG-1_GSM4013391",1.37896199417368
"TCTTCGGAGATGTAAC-1_GSM4013391",1.18314179213985
"CGCGTTTCACCAGGTC-1_GSM4013391",1.25254714175978
"TATTACCGTAGCGTCC-1_GSM4013391",1.22350580157526
"TACAGTGCAGTCAGAG-1_GSM4013391",1.24916651613569
"CGTCCATGTCTAAACC-1_GSM4013391",1.21240087299759
"CGTGAGCTCCTATTCA-1_GSM4013391",1.24433856121671
"GGAGCAACAGTCCTTC-1_GSM4013391",1.2925488813826
"GTACTCCCATCCGGGT-1_GSM4013391",1.26831721348204
"TTGGCAATCACAGGCC-1_GSM4013391",1.28922120404113
"GACAGAGAGCACGCCT-1_GSM4013391",1.24378967950244
"GAACCTAGTACAGCAG-1_GSM4013391",1.39850012760729
"CCATTCGAGAGACGAA-1_GSM4013391",1.34526207772007
"TTATGCTTCATCGATG-1_GSM4013391",1.23708352201657
"CGTAGCGGTCAGTGGA-1_GSM4013391",1.31508039559212
"AGGCCGTTCGCGCCAA-1_GSM4013391",1.18107082317998
"CGCGTTTCATCACAAC-1_GSM4013391",1.19652802667921
"TTTGGTTGTAGGAGTC-1_GSM4013391",1.37026730241786
"CACACAAAGGCTCATT-1_GSM4013391",1.24135988734536
"GTGCTTCCAATAACGA-1_GSM4013391",0.601642150030943
"GTCACAAAGACTTTCG-1_GSM4013391",1.30355445118757
"GATCGCGAGAGTACAT-1_GSM4013391",1.11952737414048
"GTGGGTCTCTTCGAGA-1_GSM4013391",1.20141761729242
"ACGCCGATCACAGTAC-1_GSM4013391",1.20381274773249
"CGTCAGGTCTTGTACT-1_GSM4013391",1.26597053334026
"TTTGCGCCAGGTCCAC-1_GSM4013391",0.973296468762308
"ACATCAGCATGGGAAC-1_GSM4013391",0.863921967220357
"ACTTGTTGTTCCATGA-1_GSM4013391",1.23053407518115
"GAATGAAAGTTGTAGA-1_GSM4013391",1.2090649722998
"TGTTCCGTCATTGCCC-1_GSM4013391",1.2353080003846
"CTGCCTAGTTCGCGAC-1_GSM4013391",1.00737958713273
"TGCCAAAAGTATCGAA-1_GSM4013391",1.21806798662736
"TTAACTCAGTGCGATG-1_GSM4013391",1.30299237394925
"TGAGAGGTCAAACCGT-1_GSM4013391",1.3756989743073
"CTTAACTTCAACGGCC-1_GSM4013391",1.23582126735757
"TCTTCGGTCCCTCAGT-1_GSM4013391",1.41184063055791
"GCAGTTAAGTGAACGC-1_GSM4013391",1.17515234333913
"CTAACTTAGTGCCATT-1_GSM4013391",1.37215658679168
"TAGTTGGTCAAGGTAA-1_GSM4013391",0.880703732483947
"GACGTGCGTTCTGAAC-1_GSM4013391",1.15290812574682
"CGTGAGCCAGGAACGT-1_GSM4013391",1.28934479732221
"ACTTTCACAAACGTGG-1_GSM4013391",1.14290331447776
"CAGCATAGTCTGCGGT-1_GSM4013391",1.19084542999857
"ACGCAGCGTAGAGGAA-1_GSM4013391",1.23803746232023
"AGTGTCACATGAGCGA-1_GSM4013391",1.41444258913127
"GGCAATTGTGTATGGG-1_GSM4013391",1.17265965954066
"GTGGGTCCAAGCGTAG-1_GSM4013391",1.16929937949067
"TCGAGGCGTTGATTGC-1_GSM4013391",1.3558626270012
"AGCGTCGTCACCACCT-1_GSM4013391",1.28240802142129
"AGTGAGGCATCTCGCT-1_GSM4013391",1.17273094264636
"TCACGAACAAGACGTG-1_GSM4013391",1.19894607456191
"TGGTTCCAGCGATCCC-1_GSM4013391",1.28356204636467
"TTCTCAATCAATAAGG-1_GSM4013391",1.27273240485699
"ACGAGCCTCCTCCTAG-1_GSM4013391",0.888738169727237
"ATCTGCCAGGCACATG-1_GSM4013391",1.30711299702181
"CCTTCGAAGGATGGTC-1_GSM4013391",1.31374795436344
"GACAGAGAGTCCATAC-1_GSM4013391",1.42587273807445
"TGACTAGGTAGCGCTC-1_GSM4013391",1.39840503297826
"AAACCTGAGATGTTAG-1_GSM4013391",1.21581246674318
"GTGCTTCAGCCACGTC-1_GSM4013391",1.23061089149779
"ACGGAGATCAGCGATT-1_GSM4013391",1.08101294518151
"CGTAGGCGTGTGCCTG-1_GSM4013391",1.27272267038832
"CTGAAGTGTTATTCTC-1_GSM4013391",0.825798541271434
"TGAGAGGGTAGGGACT-1_GSM4013391",1.18414174434468
"ACACCGGGTTTAAGCC-1_GSM4013391",0.830435794482031
"GCAGTTACATACGCCG-1_GSM4013391",1.42018136709495
"AGAGTGGAGGAGTTGC-1_GSM4013391",1.19418691200006
"GACGCGTCAACACCTA-1_GSM4013391",1.09252618158729
"GGATGTTGTGCTAGCC-1_GSM4013391",1.02584288497157
"ACGATGTCATCACAAC-1_GSM4013391",1.25775371995391
"CCTCTGAAGTGCGATG-1_GSM4013391",1.29032423855159
"TTAGGCACAGTTTACG-1_GSM4013391",1.28323676574258
"ACACCCTGTACAGTTC-1_GSM4013391",1.35814986625891
"GGGTCTGGTCATGCCG-1_GSM4013391",1.29226219934785
"GTGCGGTAGGATGCGT-1_GSM4013391",1.24391299529429
"CTCGTACAGCTAGTGG-1_GSM4013391",1.10982043681995
"TGACTTTAGGCTAGAC-1_GSM4013391",0.807056068978224
"CGTTGGGAGCGTCAAG-1_GSM4013391",0.75120514769276
"AGCTCTCAGCTAGTCT-1_GSM4013391",1.31874762117133
"GCCTCTAAGTGCCAGA-1_GSM4013391",1.19975982651261
"TATCAGGGTGCGGTAA-1_GSM4013391",1.23254487096132
"CAAGATCGTATAGGGC-1_GSM4013391",1.39621094707927
"CTGTTTATCAACACCA-1_GSM4013391",1.31369737459669
"GGTGCGTGTCCAACTA-1_GSM4013391",1.33581624787399
"CGCTGGAAGAGTAAGG-1_GSM4013391",1.15455730612185
"TCTGAGAAGCCACCTG-1_GSM4013391",1.24617864797166
"CTCGGGAAGCCCTAAT-1_GSM4013391",1.29985796171929
"ACGATGTCATCCTTGC-1_GSM4013391",1.29692735809097
"GTACTCCTCTCAAACG-1_GSM4013391",1.2173920013836
"CTTCTCTCAGATCTGT-1_GSM4013391",0.74980188929185
"ACTGCTCGTCACCTAA-1_GSM4013391",0.566184066845002
"AAGACCTCATCTCGCT-1_GSM4013391",1.27441135952762
"TCAATCTTCAGAAATG-1_GSM4013391",0.58558625794151
"GCACATATCGCTAGCG-1_GSM4013391",0.682366975046442
"GATCGCGGTACAGCAG-1_GSM4013391",1.25488408806843
"CAACTAGAGATAGGAG-1_GSM4013391",0.721069549937471
"GACCTGGTCACAGGCC-1_GSM4013391",1.20592439931782
"TAGCCGGCAAGCGTAG-1_GSM4013391",0.873138181150976
"GTCTCGTGTCTAGTGT-1_GSM4013391",1.26892634265825
"ATTCTACGTCAAGCGA-1_GSM4013391",1.33403627095326
"CTCTAATGTTAGTGGG-1_GSM4013391",1.34036888789238
"CCATGTCTCTGTCTAT-1_GSM4013391",1.25793228330491
"TTAACTCAGCCCAGCT-1_GSM4013391",1.30308627328038
"TGCGCAGAGCGATAGC-1_GSM4013391",1.31374052401797
"AGCTCTCGTTGTGGCC-1_GSM4013391",0.865569443032982
"GATGAGGAGCGAAGGG-1_GSM4013391",0.737080161954408
"GCGGGTTAGATGCCAG-1_GSM4013391",1.2122788566901
"CGAACATGTGTGACCC-1_GSM4013391",1.32075606453733
"CACATAGCACGACTCG-1_GSM4013391",0.515431536442647
"GCATGATCAAACTGCT-1_GSM4013391",1.30898307700687
"GTTTCTATCAGTACGT-1_GSM4013391",1.22111711657628
"CTGCTGTGTTCGCTAA-1_GSM4013391",1.31890165681279
"CTCTACGAGATCCGAG-1_GSM4013391",1.07286342057059
"AGGTCATGTCACAAGG-1_GSM4013391",1.24577296483526
"GTCGTAACATTCCTGC-1_GSM4013391",1.24641029450364
"TTCCCAGAGTGGGATC-1_GSM4013391",0.730047486065081
"ACGGAGAAGTACGACG-1_GSM4013391",1.4353475434242
"AGGCCACTCAGCTGGC-1_GSM4013391",1.36690723916348
"CCAGCGACAAGTTAAG-1_GSM4013391",1.35479039509428
"AAAGATGAGTACGCGA-1_GSM4013391",1.25636022194591
"ATTTCTGAGTGACTCT-1_GSM4013391",1.03319738169947
"CTTACCGCATTGTGCA-1_GSM4013391",1.36578195638667
"TACACGAAGTACGCGA-1_GSM4013391",1.17206525042994
"CACACAATCCGAGCCA-1_GSM4013391",1.25585744201064
"GGATTACGTCGCGTGT-1_GSM4013391",1.25945445573625
"GACGTTATCATCGATG-1_GSM4013391",1.26568119983051
"TGACAACGTCATTAGC-1_GSM4013391",1.39388268173206
"CGTAGGCTCGCGTAGC-1_GSM4013391",1.21910392547635
"AAATGCCCATTGGGCC-1_GSM4013391",1.24504090105902
"CAGATCAAGGCTCTTA-1_GSM4013391",1.23908013004783
"TCAATCTGTCTTGCGG-1_GSM4013391",0.617427624270396
"TTAACTCTCCTTTCGG-1_GSM4013391",1.34884165119533
"CACACTCCATATGGTC-1_GSM4013391",1.17941419839223
"ACGTCAATCCTTTACA-1_GSM4013391",0.852480442856682
"CCTAGCTGTTAGTGGG-1_GSM4013391",1.17169778276841
"ATCTGCCTCAGGCAAG-1_GSM4013391",1.37816741763852
"CGCGTTTAGGAATCGC-1_GSM4013391",1.38862153521732
"CATGACAAGCAGCCTC-1_GSM4013391",1.30495337747002
"CGCGGTAAGGCCGAAT-1_GSM4013391",1.35370029878336
"ACGGCCACATCTCGCT-1_GSM4013391",1.24832781686299
"CTCGGAGAGGCATGTG-1_GSM4013391",1.33205169218291
"GATGAGGCAGAGTGTG-1_GSM4013391",1.35186308861088
"CTACCCAGTAGCGCAA-1_GSM4013391",1.00346912421726
"GCTTGAACAAAGCAAT-1_GSM4013391",0.669800208386341
"TACTTACCACTTAACG-1_GSM4013391",1.32363082042152
"GACCAATTCAAGGCTT-1_GSM4013391",1.27249941465157
"TCGGTAAGTAAGTTCC-1_GSM4013391",1.24334089796542
"TTGCCGTCAGATCGGA-1_GSM4013391",1.36638662818433
"TGTATTCCATCCTTGC-1_GSM4013391",1.31140048403317
"ATTACTCGTCCAACTA-1_GSM4013391",0.949099381367005
"GTCAAGTAGGTTACCT-1_GSM4013391",1.26640354285852
"CCAGCGAAGTTGCAGG-1_GSM4013391",1.25267069629802
"AACTCAGCATACCATG-1_GSM4013391",1.24451192155328
"GTCATTTTCCCGACTT-1_GSM4013391",1.11111991307056
"GTATTCTCATTCCTGC-1_GSM4013391",1.30798705947033
"GACGTTATCACCATAG-1_GSM4013391",1.23491318679611
"ACGGGCTAGACAGACC-1_GSM4013391",0.745584643913543
"TCGCGAGTCACGATGT-1_GSM4013391",0.686374458508531
"CGTCAGGCAATAACGA-1_GSM4013391",1.21196614461173
"CACATAGAGTCCATAC-1_GSM4013391",1.34216871001886
"GTGCTTCGTTAGAACA-1_GSM4013391",0.692334701819176
"ATGCGATTCGCGTAGC-1_GSM4013391",1.2905615443612
"TTAGGCAAGTCCGGTC-1_GSM4013391",0.778662719863858
"GGAACTTGTCGTCTTC-1_GSM4013391",1.18630061719562
"CCGGTAGGTTTGTGTG-1_GSM4013391",1.25358033131222
"TGGTTAGGTTCTGGTA-1_GSM4013391",1.21468733120607
"CGTCACTGTGTTCTTT-1_GSM4013391",1.17594507175793
"CCCAATCTCATAACCG-1_GSM4013391",1.28051383043823
"GTGTTAGTCACCCGAG-1_GSM4013391",1.59778714889284
"ACGTCAAGTAGAAGGA-1_GSM4013391",1.33687991966225
"GGCAATTTCTCCCTGA-1_GSM4013391",1.17509266700055
"CTACCCATCGGAAATA-1_GSM4013391",0.708174957004467
"CACATAGAGATATGGT-1_GSM4013391",1.32060150341621
"CCGTACTTCATAACCG-1_GSM4013391",1.26244237417871
"AAGCCGCTCTACCTGC-1_GSM4013391",1.30594226016947
"CGAATGTGTACAAGTA-1_GSM4013391",1.2730725576266
"ACTTGTTGTCAATACC-1_GSM4013391",1.32731216999909
"TGGGCGTGTACCGCTG-1_GSM4013391",0.666916626529921
"GCATGTAAGCAGCGTA-1_GSM4013391",1.12927611547119
"CTTTGCGGTCCAGTAT-1_GSM4013391",0.787226642289415
"GGGAGATGTTGTGGCC-1_GSM4013391",1.32682653920453
"AACTCCCTCACAGGCC-1_GSM4013391",1.25493246662583
"ACGATACGTTCTGGTA-1_GSM4013391",1.26606015198502
"CTAAGACAGTAGCGGT-1_GSM4013391",0.848793084095602
"CTCATTACAAGTCTAC-1_GSM4013391",1.25023396096915
"GTAACGTAGACAAAGG-1_GSM4013391",0.536285968943754
"CGAGAAGTCGGAAACG-1_GSM4013391",1.35084995138878
"GGACAAGGTTGTGGCC-1_GSM4013391",1.31087781588608
"CTACATTTCGCAAGCC-1_GSM4013391",1.4063654941522
"CATGCCTGTCGGATCC-1_GSM4013391",1.1392147250153
"ATCTGCCCAATGAAAC-1_GSM4013391",1.38128604527234
"TATTACCAGCTGAACG-1_GSM4013391",1.16873223474425
"CGTCACTCACAACGTT-1_GSM4013391",1.38024736315923
"GTATTCTCACAGGTTT-1_GSM4013391",1.28202390063497
"GTCGGGTAGGCTCATT-1_GSM4013391",1.38652973671009
"CTAGTGACACGGCCAT-1_GSM4013391",1.10808307609192
"TTGCCGTCATCTACGA-1_GSM4013391",0.648147896155352
"GTCACAAAGGTCGGAT-1_GSM4013391",1.19006898235921
"TACCTTATCCCTAACC-1_GSM4013391",1.17889802203176
"GCATACACAGCGTCCA-1_GSM4013391",1.21106905319013
"CGAATGTTCGTGTAGT-1_GSM4013391",1.28937697061974
"AACCATGAGGAGTCTG-1_GSM4013391",1.27691533481425
"GATCAGTGTTCGGCAC-1_GSM4013391",1.28137372446094
"AGCTCTCTCCAGAAGG-1_GSM4013391",1.24242072045153
"TAAACCGCACTGCCAG-1_GSM4013391",1.27994633004464
"GAATAAGTCTGTTGAG-1_GSM4013391",0.631425800500715
"AAAGATGTCATGTGGT-1_GSM4013391",1.38448138296157
"ATCGAGTCATAACCTG-1_GSM4013391",1.24771823676312
"TGCGTGGGTCCGACGT-1_GSM4013391",1.24428774410065
"TTATGCTGTCATTAGC-1_GSM4013391",1.30172080263637
"AGCCTAATCAAAGACA-1_GSM4013391",1.27253357321314
"CCTAGCTCACACCGCA-1_GSM4013391",0.782323211755278
"CTGCCTAGTTACCAGT-1_GSM4013391",1.19645872774027
"CATTCGCCACCGCTAG-1_GSM4013391",1.15080143330352
"CATTATCCAGCTGCTG-1_GSM4013391",1.23185839550133
"TCAGCAATCTAACTGG-1_GSM4013391",1.14899462687338
"TCAGATGCAATAGCGG-1_GSM4013391",0.76396757052834
"GTGTTAGAGCCACGTC-1_GSM4013391",1.23783338348221
"ATCTGCCTCCGTCAAA-1_GSM4013391",1.24434200844592
"CAGCTAACATTGAGCT-1_GSM4013391",1.28683149701046
"CAGCGACGTAAATGTG-1_GSM4013391",1.33216501651092
"CTCGAAAAGCCTCGTG-1_GSM4013391",1.31110846985571
"AGCATACAGCTAGTCT-1_GSM4013391",1.16255104229479
"CATTCGCGTTACCGAT-1_GSM4013391",1.3029862005325
"ACCTTTAAGGGATACC-1_GSM4013391",1.24539031486547
"GCTCCTATCCGAGCCA-1_GSM4013391",1.22330641994834
"TGACAACCATTATCTC-1_GSM4013391",1.22090712335732
"AGAGTGGGTACAGACG-1_GSM4013391",1.23312590272396
"CTCCTAGAGTGCTGCC-1_GSM4013391",1.37686712691423
"AGCGTATTCAAACCGT-1_GSM4013391",1.19264056171121
"TTCTCAACAGATCGGA-1_GSM4013391",1.39493231826144
"TAGTTGGCATGCCTTC-1_GSM4013391",1.40350728926606
"TACTCGCTCATTGCCC-1_GSM4013391",1.26300480393417
"AAGCCGCCACCCTATC-1_GSM4013391",1.15828390500368
"GTCAAGTGTCAAGCGA-1_GSM4013391",1.01967105358961
"CAGAGAGGTTACAGAA-1_GSM4013391",1.33807791135092
"TCCCGATAGGTAGCTG-1_GSM4013391",1.19317155004606
"AAGACCTCATCCGGGT-1_GSM4013391",1.21175918262128
"TGCGGGTTCTAACTTC-1_GSM4013391",1.15856983858636
"TCAGCAAAGACAATAC-1_GSM4013391",1.27368255418994
"CCTAGCTGTAGCAAAT-1_GSM4013391",1.24327768531032
"CAAGAAACAGCTGCTG-1_GSM4013391",1.16482499184923
"CTGAAGTCATGCAACT-1_GSM4013391",0.831097940341806
"GCTGCGATCAGGTAAA-1_GSM4013391",1.29319267739908
"AGAATAGAGAGTAATC-1_GSM4013391",1.09815499282217
"CGTCACTAGAGACTTA-1_GSM4013391",1.20583930268916
"GTCACAATCAATAAGG-1_GSM4013391",1.30360277478451
"ATTATCCCAACACGCC-1_GSM4013391",1.18626743873227
"CCACTACCAATTGCTG-1_GSM4013391",1.13530136893208
"TTCCCAGTCAAGGCTT-1_GSM4013391",1.328430770769
"GGAATAAGTCTTCGTC-1_GSM4013391",1.23664963972346
"CACACTCGTAGGGTAC-1_GSM4013391",1.13897464231923
"TCTCTAATCAACACCA-1_GSM4013391",1.13196487874669
"CGACTTCCAGCGAACA-1_GSM4013391",0.591021358017689
"TGATTTCGTCAGAAGC-1_GSM4013391",1.28387211996621
"AACTCTTTCGCTTGTC-1_GSM4013391",1.33066805566794
"GGCTGGTGTTCGTTGA-1_GSM4013391",1.22669952007604
"GACACGCAGTTGTCGT-1_GSM4013391",1.13426229009568
"ACTGCTCTCACCACCT-1_GSM4013391",0.840015589524741
"AAGGCAGAGGTGTTAA-1_GSM4013391",0.885629149291095
"GGAATAAGTAGCTTGT-1_GSM4013391",1.25787974424274
"AAAGATGTCAGCGACC-1_GSM4013391",1.19037903783788
"GGTGCGTAGATAGTCA-1_GSM4013391",1.29404762994833
"TACTCATGTGCACGAA-1_GSM4013391",1.12311552615738
"CACAGGCAGACTAGAT-1_GSM4013391",1.3938020114995
"TCAGCAAGTAGCCTAT-1_GSM4013391",1.36115516312268
"GCGCAACCACCTATCC-1_GSM4013391",1.30419663140574
"AGGCCACGTTTGACAC-1_GSM4013391",1.26673237340938
"TCGCGTTTCCACGAAT-1_GSM4013391",0.929762143351872
"ATTATCCCAATAAGCA-1_GSM4013391",1.28670900249213
"ATTCTACTCCTTGGTC-1_GSM4013391",1.1559171528998
"ATTGGACGTCGGCACT-1_GSM4013391",1.24507637289909
"CTCCTAGGTTCCGTCT-1_GSM4013391",1.23615380527682
"CCTTTCTCAAGACACG-1_GSM4013391",1.31421237372834
"AGGCCACTCGTAGGTT-1_GSM4013391",1.21260552393256
"ATGGGAGCAATCTACG-1_GSM4013391",1.26461923876344
"AGATTGCCAGTTCATG-1_GSM4013391",1.14107390477091
"TCACGAAGTCACTTCC-1_GSM4013391",1.14378263005138
"GTCGTAATCTTTCCTC-1_GSM4013391",1.2455960049958
"TAGTTGGAGTGGGTTG-1_GSM4013391",1.15711783275582
"CGAATGTGTCAATACC-1_GSM4013391",0.578137473580204
"GACAGAGAGTGTGAAT-1_GSM4013391",1.28854932551018
"CTTACCGGTACCAGTT-1_GSM4013391",1.07079774822565
"TGCTGCTTCTGAGGGA-1_GSM4013391",1.30435203159463
"GCCTCTACACAGAGGT-1_GSM4013391",1.23206449203073
"TGACTTTCACGGTAAG-1_GSM4013391",0.697932618663483
"TCGCGAGCAATGGATA-1_GSM4013391",1.47743505932033
"CACCTTGGTCGAGTTT-1_GSM4013391",1.2857862522607
"TCCCGATAGCCACGCT-1_GSM4013391",1.16378519277044
"TACTCGCCAATGTAAG-1_GSM4013391",0.996381335954096
"CTGAAGTAGCGTTGCC-1_GSM4013391",1.18826752855808
"TCACGAAAGCAATATG-1_GSM4013391",0.794264586653692
"CAACCTCTCGTGGTCG-1_GSM4013391",1.13265640254208
"GTCTTCGTCTCCCTGA-1_GSM4013391",0.969067244731713
"ACGATACTCGCGTTTC-1_GSM4013391",0.708452860376984
"TCGAGGCCAGCGTTCG-1_GSM4013391",1.0324552186072
"GGCGTGTTCGTACGGC-1_GSM4013391",1.08595299713818
"AGTCTTTCATCGGGTC-1_GSM4013391",1.30380210298736
"AACTCCCAGTTAAGTG-1_GSM4013391",1.23921578178153
"AGAATAGTCCTAGGGC-1_GSM4013391",1.26966649981844
"ATTACTCGTAGCTAAA-1_GSM4013391",0.972830279443456
"GGGTCTGCATCCAACA-1_GSM4013391",1.24132400234616
"ACTGATGCACAAGTAA-1_GSM4013391",1.1432637463768
"GTGTTAGAGTACGCCC-1_GSM4013391",1.03020453933404
"TCAGATGGTCCTCCAT-1_GSM4013391",0.884321923026702
"GACCTGGAGAGTCTGG-1_GSM4013391",1.01990363345375
"ACTATCTGTTATCCGA-1_GSM4013391",0.618227600347859
"TAGACCATCCGGCACA-1_GSM4013391",0.926576209651268
"GTGAAGGCAGTATAAG-1_GSM4013391",1.19364249525863
"CCCATACGTGGCTCCA-1_GSM4013391",1.03256371714845
"GTGTTAGGTCTCTTAT-1_GSM4013391",1.12802877002244
"ACAGCCGTCGCCATAA-1_GSM4013391",1.32862821530324
"TCCACACAGACAGACC-1_GSM4013391",0.588378607361437
"TAGTGGTCAATCTGCA-1_GSM4013391",1.28085198974577
"CACATAGCAGGGCATA-1_GSM4013391",0.674110954646977
"CTGAAACAGGTCATCT-1_GSM4013391",1.18043589117595
"GTCGTAACATTGGCGC-1_GSM4013391",1.2071120290007
"AGAGTGGTCTCTGTCG-1_GSM4013391",0.787674431557019
"ATCCGAAGTATTCGTG-1_GSM4013391",1.27104415210889
"ACATACGCATACTCTT-1_GSM4013391",0.723953533593347
"TACGGTATCATATCGG-1_GSM4013391",0.9552010303896
"GGCTGGTGTTCTGAAC-1_GSM4013391",0.628355069912754
"GTCCTCATCCTAGAAC-1_GSM4013391",1.19707523728148
"CCCAGTTTCCAAGTAC-1_GSM4013391",0.720153656228982
"ACGTCAACACCATGTA-1_GSM4013391",1.35545256774943
"GGACAAGGTAAATGTG-1_GSM4013391",0.772593481614532
"GCCTCTAAGTCCGGTC-1_GSM4013391",1.3252791950918
"CATATGGTCTGGTTCC-1_GSM4013391",1.1708369046819
"CTAGCCTTCGGGAGTA-1_GSM4013391",1.25911936810642
"ACATGGTGTGAGGGAG-1_GSM4013391",1.13500694132625
"TGCTACCCAAGGACAC-1_GSM4013391",1.04617079031531
"ACGATGTAGGTAGCTG-1_GSM4013391",0.669038780638405
"AGCTCCTCAAGGCTCC-1_GSM4013391",1.17088741516248
"GACAGAGCACCCAGTG-1_GSM4013391",0.698602053244705
"GCTGGGTGTTGAACTC-1_GSM4013391",0.734651170577774
"GACAGAGAGCGCTCCA-1_GSM4013391",1.15613867895995
"ACTGATGCATATGAGA-1_GSM4013391",0.622807123851271
"GGTGTTACAGCTTCGG-1_GSM4013391",1.24085927423705
"GCAGCCATCATCGGAT-1_GSM4013391",1.17375395033438
"CAGTCCTTCAGCATGT-1_GSM4013391",1.22785602048413
"CGTCAGGCATGCGCAC-1_GSM4013391",1.33225149227562
"GATCTAGCATGTTGAC-1_GSM4013391",1.11091320743875
"GCTGGGTAGGTAGCTG-1_GSM4013391",1.35845486008474
"CAAGATCCAAAGCAAT-1_GSM4013391",1.26638690579423
"ATTTCTGCAGTGGAGT-1_GSM4013391",1.11073440396245
"GCTGCTTAGGAGTTTA-1_GSM4013391",1.26493564598816
"ACGCAGCGTTCCCGAG-1_GSM4013391",1.12235517682494
"TAGTTGGTCTGCGTAA-1_GSM4013391",0.987563709430296
"GTTCGGGAGGTGCAAC-1_GSM4013391",1.19627891171333
"CTGAAGTAGAGCCCAA-1_GSM4013391",0.452786090344478
"CAGCCGACACTTAACG-1_GSM4013391",1.27409827798036
"CTTGGCTTCATTCACT-1_GSM4013391",0.651459218431386
"TTGCGTCGTGCTAGCC-1_GSM4013391",1.27218929398644
"CGGACTGCACGCGAAA-1_GSM4013391",1.13422702079746
"GGCGTGTAGTCGCCGT-1_GSM4013391",1.17847471721069
"TCACAAGAGACAATAC-1_GSM4013391",1.24846724647195
"CAGAGAGGTCAACATC-1_GSM4013391",1.27154399676537
"CACACCTGTAATCACC-1_GSM4013391",0.864055064199206
"TTGGAACTCAACACAC-1_GSM4013391",1.1767020760253
"GATCTAGCAACTGCTA-1_GSM4013391",1.39386783560039
"GAAGCAGGTCGAACAG-1_GSM4013391",1.34085162158075
"GTATTCTGTAGAGTGC-1_GSM4013391",1.2241104717
"TTAACTCTCTCCGGTT-1_GSM4013391",1.2834467267754
"ACATGGTCATCTCCCA-1_GSM4013391",1.3276617054212
"CATCAAGAGACTTGAA-1_GSM4013391",0.695937916503361
"CTTAACTTCTCATTCA-1_GSM4013391",1.17072126066972
"CCTTCCCGTTTACTCT-1_GSM4013391",1.10014497182065
"TGCACCTCAGTTAACC-1_GSM4013391",1.20454717840784
"ACACTGAAGGGATGGG-1_GSM4013391",0.780181971691634
"GCTGGGTTCTAACGGT-1_GSM4013391",0.699728525478928
"GCGCAACGTTTACTCT-1_GSM4013391",0.754411226457413
"CTACCCATCAGTTTGG-1_GSM4013391",0.737595739467351
"ACTTGTTAGTAACCCT-1_GSM4013391",1.26917356280957
"CGATGGCTCCATGAGT-1_GSM4013391",1.2397523760038
"CCTCTGAGTTAGATGA-1_GSM4013391",1.33475248158169
"GGAATAAGTTCGCGAC-1_GSM4013391",1.15012788351917
"GAAGCAGAGCCAGGAT-1_GSM4013391",1.13053901907998
"ATCTGCCTCATTATCC-1_GSM4013391",1.04796688308659
"CGTGAGCAGCGGCTTC-1_GSM4013391",1.12365090856264
"AACTTTCAGGGAGTAA-1_GSM4013391",0.774592131961487
"TACCTTATCACGACTA-1_GSM4013391",0.815670768115747
"GTGCATAGTAGCCTCG-1_GSM4013391",0.590738616560433
"GGGCACTAGCGCCTTG-1_GSM4013391",1.29155236024133
"TACTTACGTTGGGACA-1_GSM4013391",0.926552888008901
"TAAGCGTGTCTAACGT-1_GSM4013391",0.541558848294111
"GCGACCACAGATAATG-1_GSM4013391",1.31752008385281
"GATCGCGTCATTCACT-1_GSM4013391",1.3159209463418
"CGACTTCGTTCGCGAC-1_GSM4013391",0.700508154085777
"GGCTCGACACCAACCG-1_GSM4013391",1.26954406601831
"TTCCCAGGTGCCTGGT-1_GSM4013391",1.3621526843934
"ACTGATGAGTCCTCCT-1_GSM4013391",1.30410389041108
"GGAAAGCTCAAACAAG-1_GSM4013391",1.22925252801317
"CATCGAAGTCCGAAGA-1_GSM4013391",1.16655212339747
"GCTGCGATCCGCGGTA-1_GSM4013391",1.17914098040363
"CGGACACTCTGAGGGA-1_GSM4013391",0.793039454355924
"CACACAAGTCTCGTTC-1_GSM4013391",1.27902502093703
"AATCGGTGTGATGCCC-1_GSM4013391",1.26510785563495
"TTGAACGGTCCAACTA-1_GSM4013391",1.14153917856741
"GACGCGTAGGTGCAAC-1_GSM4013391",0.696234897943701
"CGGTTAACACAAGTAA-1_GSM4013391",1.23964145950424
"AAACGGGGTTCCCTTG-1_GSM4013391",0.859512953154467
"TCAGATGTCGACCAGC-1_GSM4013391",1.1754785053003
"TGCGGGTGTTTGTTTC-1_GSM4013391",1.34728603557771
"CGATGGCCAGATGGCA-1_GSM4013391",0.615555478352136
"CCCATACGTCAGTGGA-1_GSM4013391",0.872298852215669
"TTCTTAGGTCCTCTTG-1_GSM4013391",1.24230029301776
"GACGGCTTCTATCGCC-1_GSM4013391",1.26612268396477
"CGTAGGCTCAGCTCTC-1_GSM4013391",1.17989434878111
"GAAGCAGCAATTGCTG-1_GSM4013391",1.18613276807463
"ACTGTCCTCTAACTGG-1_GSM4013391",1.15372913478973
"AGATTGCGTCAGAATA-1_GSM4013391",1.17246164555853
"TGAGCCGGTTTAGCTG-1_GSM4013391",1.27881982412058
"GACTACAGTTCGTGAT-1_GSM4013391",0.961115010240378
"GTGCATACACGGATAG-1_GSM4013391",1.13526413758729
"TACTCGCCAGTTCCCT-1_GSM4013391",1.29669546278055
"TATCTCAAGCTGTTCA-1_GSM4013391",1.12635728574057
"AGCGTATGTAAACGCG-1_GSM4013391",1.24573622840685
"ACATGGTCAGTAGAGC-1_GSM4013391",1.20177888855445
"GGGCACTTCAACGGCC-1_GSM4013391",1.26222553438059
"CGGACACAGTACGCGA-1_GSM4013391",1.32587432049839
"AGAGTGGTCCAGGGCT-1_GSM4013391",1.30289910944685
"GTCACAACACTGTCGG-1_GSM4013391",0.688933585260713
"GACGTGCTCGTCTGCT-1_GSM4013391",0.578535762451344
"AAACCTGCACCGCTAG-1_GSM4013391",1.22431262763796
"CTTTGCGTCAAAGTAG-1_GSM4013391",1.24553874139634
"CGGAGTCAGGAGTCTG-1_GSM4013391",0.858573772910433
"CCATGTCTCAGAGGTG-1_GSM4013391",1.25026718692042
"CCGGGATCATCACGTA-1_GSM4013391",0.944541064100633
"CTACGTCAGCGTGTCC-1_GSM4013391",1.24395925711537
"CCCTCCTAGGATGTAT-1_GSM4013391",0.822313128358556
"GGGTTGCTCCGCGTTT-1_GSM4013391",1.26952874148378
"CAACCTCGTATCGCAT-1_GSM4013391",0.778683946059658
"AGGTCCGTCCTAGGGC-1_GSM4013391",0.755996891871172
"GAGGTGAGTCTAAACC-1_GSM4013391",0.991168616023562
"TTAACTCAGCAGACTG-1_GSM4013391",0.771194462452441
"TGAGCCGGTGTTTGTG-1_GSM4013391",1.17407086438117
"CATCAGACATCATCCC-1_GSM4013391",0.674382005154739
"TCGAGGCTCAGTTCGA-1_GSM4013391",0.823125587282271
"CGAATGTAGGCTCAGA-1_GSM4013391",1.13909832226463
"AACTCAGTCTTGGGTA-1_GSM4013391",1.12572151680014
"CTCCTAGCATGACATC-1_GSM4013391",0.657777654453202
"GTCACAATCCTATGTT-1_GSM4013391",1.14337089544879
"GACGTTATCCTGCTTG-1_GSM4013391",1.17661438834476
"CACACAATCAGCTGGC-1_GSM4013391",1.18150798801083
"TGGCGCAAGGCTCAGA-1_GSM4013391",0.734406272974556
"GCCTCTAAGTATTGGA-1_GSM4013391",1.17658714528195
"ACGAGGAGTACTTGAC-1_GSM4013391",1.34668010430137
"GGATTACAGTGAATTG-1_GSM4013391",1.06781192607993
"CCATGTCGTCTCTTAT-1_GSM4013391",1.20177994057354
"AGATTGCTCAGTCAGT-1_GSM4013391",1.16772057801117
"CATTATCAGGTCGGAT-1_GSM4013391",1.20954773142883
"AGGGTGAGTCAGAATA-1_GSM4013391",1.32878147320528
"CCGGGATGTCAGATAA-1_GSM4013391",1.21824786452448
"AACTCCCTCATGCATG-1_GSM4013391",1.09958526442905
"TGTTCCGGTAAATACG-1_GSM4013391",1.37696317934119
"AGTAGTCGTCTAGCGC-1_GSM4013391",1.27002340288415
"GGACAGATCTGTCCGT-1_GSM4013391",1.17438780523899
"TGAGCATTCATGTCCC-1_GSM4013391",0.830274119298515
"ACGATACTCTACGAGT-1_GSM4013391",1.18903346956532
"GATCGTAAGGTAAACT-1_GSM4013391",1.2130018662386
"CCGTGGAGTGGTAACG-1_GSM4013391",0.760568263787268
"CCACGGATCGGATGGA-1_GSM4013391",1.23276631510607
"GGGACCTGTCTAGTCA-1_GSM4013391",0.922336175120164
"AGGGAGTGTCCGCTGA-1_GSM4013391",1.25956087782426
"CGTTCTGGTTATGTGC-1_GSM4013391",1.20656104286306
"TCAACGAGTCTCGTTC-1_GSM4013391",0.717887500367767
"GGCCGATAGTCTTGCA-1_GSM4013391",1.08413573141878
"AAATGCCGTCCTCCAT-1_GSM4013391",0.956641914945758
"CCACTACGTGTGACCC-1_GSM4013391",0.755190073101569
"CACACAATCCATTCTA-1_GSM4013391",1.17707819690993
"ACGCAGCGTACAGACG-1_GSM4013391",0.673894433955668
"GGATGTTTCATACGGT-1_GSM4013391",1.29043650156302
"TTCGGTCGTCAAAGCG-1_GSM4013391",1.16189808415149
"CGAGCCAGTCCAGTGC-1_GSM4013391",0.585865070982022
"TTCTACAAGCCGATTT-1_GSM4013391",1.32402974835909
"GACGCGTTCAAACCAC-1_GSM4013391",1.1399952375902
"TTTGGTTGTTAGGGTG-1_GSM4013391",1.25931489045758
"TGAGAGGGTCCGTCAG-1_GSM4013391",0.979184990309364
"CCACCTACAATTGCTG-1_GSM4013391",0.910643972932149
"TTGGAACGTGGTACAG-1_GSM4013391",1.09745810737536
"CAGCTAACATCCGTGG-1_GSM4013391",1.21797654416456
"TTTGGTTCAAGCTGTT-1_GSM4013391",1.18919613964096
"TCAATCTCAGACGCCT-1_GSM4013391",0.91330972772747
"CTTAACTGTCAGGACA-1_GSM4013391",1.23236201452793
"TTAACTCAGAGGGATA-1_GSM4013391",1.13576783651865
"CCTAGCTCACCACCAG-1_GSM4013391",1.22170360397273
"CTCGAGGGTATAAACG-1_GSM4013391",1.26718389247178
"GGACATTGTCTAGAGG-1_GSM4013391",1.07604280594494
"AGGGTGAGTTGATTGC-1_GSM4013391",1.14008178821894
"TTGCGTCAGTGCCAGA-1_GSM4013391",1.22102641330962
"GCAATCACAAGCTGAG-1_GSM4013391",0.969854177329871
"ATCATGGCAGACGTAG-1_GSM4013391",1.16234784848429
"GCATACATCCTTAATC-1_GSM4013391",0.626450490252997
"CTTTGCGCAATCCGAT-1_GSM4013391",1.36911000418556
"AAGACCTAGCCCAATT-1_GSM4013391",1.03450785151463
"TCGGTAACAGATTGCT-1_GSM4013391",0.758229524684056
"TCTTTCCTCCTTGACC-1_GSM4013391",1.25540857818892
"TCACGAACAGTTAACC-1_GSM4013391",1.22708367762375
"GATCGCGCAGGTCTCG-1_GSM4013391",1.18109170751779
"GTAACTGTCGGAGGTA-1_GSM4013391",1.33111787887826
"GATCGTAGTCGACTGC-1_GSM4013391",1.23434481315769
"AGCGTATTCTACGAGT-1_GSM4013391",1.23216155501162
"AGCATACCAAGAGTCG-1_GSM4013391",1.1689757783173
"AATCGGTGTAATAGCA-1_GSM4013391",0.777921695173692
"TAGTTGGAGTACGTAA-1_GSM4013391",1.22314173781198
"CAAGGCCTCTATCCCG-1_GSM4013391",1.08400287391265
"AGGCCGTGTTAAGATG-1_GSM4013391",1.00293805202785
"CCTACACGTACTTGAC-1_GSM4013391",1.31609379859869
"AGCTCCTCATGGAATA-1_GSM4013391",1.1677319046077
"AAGGCAGAGCTGAACG-1_GSM4013391",1.28795646614675
"CGACCTTTCTTGTATC-1_GSM4013391",1.20219522192169
"ACGATGTTCAACGGCC-1_GSM4013391",0.958543614341744
"CGTTGGGAGCCAACAG-1_GSM4013391",1.28371043172047
"TCTCTAAAGACCTTTG-1_GSM4013391",0.935301890269161
"GGAAAGCTCCGTCATC-1_GSM4013391",1.27105682794784
"GTTACAGTCACCGTAA-1_GSM4013391",1.2635907954926
"CCACCTATCCTTGCCA-1_GSM4013391",1.33734634576543
"CATGGCGGTAGGACAC-1_GSM4013391",1.13004278690596
"ACTTGTTGTTGGTAAA-1_GSM4013391",1.20091264389961
"CGATGTACAAGCTGGA-1_GSM4013391",1.00038451186551
"CGTGAGCCATTTGCCC-1_GSM4013391",0.682290732810387
"AGAATAGAGGCTCATT-1_GSM4013391",0.67658794598556
"CCTAAAGAGGCCCGTT-1_GSM4013391",1.35326297389418
"TTAACTCAGAGCAATT-1_GSM4013391",0.681727785822648
"CGTTCTGAGTACATGA-1_GSM4013391",0.591743637064079
"AAGGCAGAGTGGGATC-1_GSM4013391",0.710852264595288
"GCGCAACAGGTAGCCA-1_GSM4013391",0.799586503627237
"CTTCTCTTCTGGCGAC-1_GSM4013391",1.07178040478991
"GTCACAAGTACCGAGA-1_GSM4013391",0.849369332713295
"CCGTTCATCTCCAACC-1_GSM4013391",0.884538541495062
"GAACATCTCTGGTATG-1_GSM4013391",0.950282421574085
"GGGACCTGTGGTAACG-1_GSM4013391",1.24899430136277
"TACGGATTCTTGGGTA-1_GSM4013391",1.01167288266758
"CGAACATGTCTCAACA-1_GSM4013391",1.27777177415631
"CGAGCACCAACGCACC-1_GSM4013391",1.12267604329764
"GGAAAGCCAAGCCTAT-1_GSM4013391",1.24944818871057
"CTCGTCAAGAAACCAT-1_GSM4013391",0.7701585927061
"CTAGAGTGTTAAGACA-1_GSM4013391",1.17411204158686
"TCGTAGAGTACGACCC-1_GSM4013391",0.723565818541189
"GATGAGGTCCAACCAA-1_GSM4013391",1.24498003139701
"GCAAACTTCTAACTCT-1_GSM4013391",1.25900281075824
"CGGACACCAATCCAAC-1_GSM4013391",1.11292248795436
"AGGGTGACATGGGAAC-1_GSM4013391",1.11346040596633
"CCTAAAGTCTCTTGAT-1_GSM4013391",1.15876693393724
"CTGCGGACAACAACCT-1_GSM4013391",1.20505169999127
"CTACCCAAGGGATCTG-1_GSM4013391",1.29844786369992
"AAGCCGCGTCATCGGC-1_GSM4013391",1.13981060791409
"TTCTCCTAGCTAACTC-1_GSM4013391",1.21326364173331
"TACCTATCAAAGTCAA-1_GSM4013391",1.21423874676378
"AGATTGCGTCTCCCTA-1_GSM4013391",1.15104961815642
"AGGGAGTCAAACCTAC-1_GSM4013391",1.26051931715946
"CTGGTCTAGGAGCGAG-1_GSM4013391",1.18838405801706
"AAAGATGAGAAACCTA-1_GSM4013391",1.06862477423987
"TTTCCTCGTCTAGAGG-1_GSM4013391",1.20737104731029
"CGGACTGAGGGATACC-1_GSM4013391",1.2588539425357
"ATGCGATTCTGTACGA-1_GSM4013391",1.11622082331058
"GAATGAAGTCATACTG-1_GSM4013391",0.600427915674215
"TTTGCGCGTGTGACGA-1_GSM4013391",1.15973033797765
"TTTCCTCCAACCGCCA-1_GSM4013391",1.08467942616471
"CGATGTATCTTTACGT-1_GSM4013391",1.13240954076118
"CATGGCGGTCAGATAA-1_GSM4013391",1.17921816655989
"CTGAAGTCAGGTCCAC-1_GSM4013391",1.31647492698425
"CAGAATCTCAACCAAC-1_GSM4013391",1.22339301582557
"ATCTACTGTGCTAGCC-1_GSM4013391",1.27197467673544
"CAAGGCCGTTACGACT-1_GSM4013391",0.713166284816023
"CGATGTAGTACCGAGA-1_GSM4013391",1.34744245612383
"CAGAATCGTCGATTGT-1_GSM4013391",1.11777249935341
"ACCAGTATCAGAGACG-1_GSM4013391",1.16810786092244
"GCTGCGAAGTCTTGCA-1_GSM4013391",1.10692248588897
"TCCACACAGAATTCCC-1_GSM4013391",0.953901372809425
"TCAGCTCAGCAATATG-1_GSM4013391",1.01152833545645
"CTGCGGAAGGCCGAAT-1_GSM4013391",1.35471027950065
"CGGCTAGGTCGACTGC-1_GSM4013391",1.30095575023536
"GTGTTAGCAGTCGATT-1_GSM4013391",0.65503566378615
"CGCTGGAAGTGAACAT-1_GSM4013391",1.00081539143113
"GCTCCTATCTCGCATC-1_GSM4013391",1.18436657653434
"CAGCGACTCCGTAGGC-1_GSM4013391",1.21505073051096
"CTCAGAAAGGCGTACA-1_GSM4013391",1.25229270789285
"CACCAGGGTCTAAAGA-1_GSM4013391",1.17374670992903
"TATCTCATCGAGCCCA-1_GSM4013391",1.25973018481694
"ACACTGAAGATCACGG-1_GSM4013391",1.20506914431816
"GATTCAGTCTTGTTTG-1_GSM4013391",1.08867746862622
"GTAGTCAAGGAGTAGA-1_GSM4013391",0.579601891090905
"CGGACGTGTTCCAACA-1_GSM4013391",1.23819279459153
"GAACGGATCACCTCGT-1_GSM4013391",1.17979477962143
"AGGGATGTCTACCAGA-1_GSM4013391",0.866473689074855
"ACACCAACAGAGCCAA-1_GSM4013391",1.26275087616453
"GCGCAACCAGCCAATT-1_GSM4013391",1.17650590124403
"TGCCCATCACGAAGCA-1_GSM4013391",1.28460959006412
"CATGACAGTACATCCA-1_GSM4013391",1.15628427150818
"GTCAAGTAGCTTATCG-1_GSM4013391",1.24386892198737
"CGTCCATAGGCACATG-1_GSM4013391",0.815197357795379
"AAAGTAGCAGGGTACA-1_GSM4013391",0.84872709352337
"TATGCCCGTGTAACGG-1_GSM4013391",1.35516227334431
"CCTCTGATCATACGGT-1_GSM4013391",1.26962760050043
"CCTTCGAGTGCCTGCA-1_GSM4013391",1.17536227197788
"AACACGTAGCCACGCT-1_GSM4013391",1.09380528160996
"TACTTGTAGCGTTTAC-1_GSM4013391",0.924376927615596
"CCACCTAGTTCGTTGA-1_GSM4013391",1.09983792128062
"ATAAGAGGTCATCCCT-1_GSM4013391",1.11861719633166
"TCAGCTCCATTGGCGC-1_GSM4013391",1.17643754120194
"CACATAGAGTTCGATC-1_GSM4013391",1.12883543538654
"ACCCACTAGGTGCACA-1_GSM4013391",0.825694936771429
"CATATTCTCGGCTTGG-1_GSM4013391",1.21105182631217
"GAGGTGACATGAAGTA-1_GSM4013391",0.836261024010489
"GTTCGGGTCAACGCTA-1_GSM4013391",1.26501366016185
"TGCTACCTCTTGTATC-1_GSM4013391",0.790332383132232
"CCTAAAGAGATCTGAA-1_GSM4013391",1.40877466185569
"ACTTTCAGTCGCTTCT-1_GSM4013391",1.17744746456904
"TGGGCGTGTCTCTCTG-1_GSM4013391",1.08845085258349
"ACATGGTCATGATCCA-1_GSM4013391",1.21439871555186
"TGCGGGTAGACATAAC-1_GSM4013391",0.524559763512509
"ACGGGCTGTAAGAGAG-1_GSM4013391",1.24060116694299
"GCAGTTAAGCGCCTTG-1_GSM4013391",1.38585623505084
"GGACGTCCATACTACG-1_GSM4013391",1.10280198476896
"CTACCCAAGAGTGAGA-1_GSM4013391",1.05469233422432
"AGCTCCTAGAACAATC-1_GSM4013391",1.31190276843913
"GCATACACAAACCCAT-1_GSM4013391",1.23321439566448
"GGGACCTCATTCCTCG-1_GSM4013391",1.10371753328939
"AATCGGTCACACGCTG-1_GSM4013391",0.532241242601929
"AACGTTGGTGCTAGCC-1_GSM4013391",1.16897224427086
"AGATCTGAGAAAGTGG-1_GSM4013391",1.36786978525325
"AGTTGGTTCCCTCAGT-1_GSM4013391",1.22239948001553
"TGGTTAGGTGACTACT-1_GSM4013391",0.550988598552389
"CAAGTTGTCATGTGGT-1_GSM4013391",0.928764384289102
"GAGGTGATCGGATGGA-1_GSM4013391",1.19774765505456
"TGAGCATAGCGTAGTG-1_GSM4013391",1.20504524901511
"TGACTTTGTTCCACGG-1_GSM4013391",0.935003269645799
"TAGACCAGTCGCGAAA-1_GSM4013391",1.21206737522604
"ATAGACCAGGATATAC-1_GSM4013391",1.06396098221032
"CCATGTCAGCGTTGCC-1_GSM4013391",1.16535348101059
"CTCTACGGTGCCTGGT-1_GSM4013391",1.07417022290177
"TATGCCCAGAGTCTGG-1_GSM4013391",1.0775743723318
"TATCTCAAGAAACCTA-1_GSM4013391",0.831053237579115
"TAGGCATAGAGCTGCA-1_GSM4013391",1.26240446032482
"CCGGTAGAGAGTCTGG-1_GSM4013391",1.13109885957773
"GCTGCGAAGTACGTTC-1_GSM4013391",1.20064921812627
"AGAGCGAGTAAACACA-1_GSM4013391",1.09361336644433
"ACACCAACACTTAACG-1_GSM4013391",1.11135617321415
"CTTGGCTCAAGTACCT-1_GSM4013391",1.24823949288647
"GGACGTCAGTGGAGTC-1_GSM4013391",1.17021223829228
"AACGTTGAGTGGGATC-1_GSM4013391",1.39491575028784
"TGAGCCGCAGGATTGG-1_GSM4013391",0.940558352715233
"GCGCCAATCCCTCAGT-1_GSM4013391",1.31621395861736
"GGGACCTTCTGTACGA-1_GSM4013391",1.1916560710964
"CGAGCACAGCCTATGT-1_GSM4013391",1.08640400580105
"GCATGCGAGGATGGAA-1_GSM4013391",1.20995118694057
"AGGCCGTAGCTGAAAT-1_GSM4013391",1.10591411302899
"GATCGCGGTACAGTGG-1_GSM4013391",0.723959935432193
"GCTCTGTGTTACCGAT-1_GSM4013391",1.29997324561477
"CTCAGAAGTAGCTCCG-1_GSM4013391",0.776573616951886
"AGATCTGCATTAGGCT-1_GSM4013391",0.585498041044766
"CTAGCCTCAGGATTGG-1_GSM4013391",1.05539485298191
"GGGCATCCATTTGCTT-1_GSM4013391",1.14895595623194
"TAGACCAGTACTTGAC-1_GSM4013391",1.04771601389349
"TAGCCGGGTTGATTGC-1_GSM4013391",1.33545131496503
"TTCGGTCCATGAGCGA-1_GSM4013391",1.34378811734994
"GCATGTATCTGGTGTA-1_GSM4013391",1.015481252415
"AAGCCGCCAATGTAAG-1_GSM4013391",1.2278054303024
"TCGAGGCGTTGCCTCT-1_GSM4013391",1.10633104954866
"ATCCACCAGATGTGTA-1_GSM4013391",1.06126161782732
"CTACACCCAGCTTCGG-1_GSM4013391",1.15841414613074
"CAGCGACAGACGCAAC-1_GSM4013391",1.30885399237377
"ACGGGTCAGTGGAGAA-1_GSM4013391",1.23548368510716
"CCATGTCAGAAGGTTT-1_GSM4013391",1.13873276196136
"CAGGTGCAGTATGACA-1_GSM4013391",0.796201304456768
"GAGTCCGGTATGGTTC-1_GSM4013391",0.840435444437849
"AACACGTGTCGACTGC-1_GSM4013391",1.33129385181685
"GTTCTCGGTACAGCAG-1_GSM4013391",1.04465834501442
"CTCTAATCAAACGCGA-1_GSM4013391",0.873449701101448
"TTCGGTCGTTAAGGGC-1_GSM4013391",1.32254265472104
"GCTCTGTCACTATCTT-1_GSM4013391",0.709290704487864
"TTTACTGCAGTTCATG-1_GSM4013391",0.724706029435084
"GTGCATAAGGACCACA-1_GSM4013391",0.945382431489177
"TCTCTAAGTTCCAACA-1_GSM4013391",0.750404691824836
"CCTATTACAAGTAATG-1_GSM4013391",0.91048958811238
"TACCTTAAGTGGAGAA-1_GSM4013391",0.888083828771327
"AGCATACGTTGGTTTG-1_GSM4013391",1.22846094377165
"CCTATTACAGCTGTTA-1_GSM4013391",1.31383422379474
"AGCGGTCGTTGTCGCG-1_GSM4013391",0.7037824137312
"CTCGAAAAGCCACTAT-1_GSM4013391",1.18526340121445
"GTGCGGTTCACCGGGT-1_GSM4013391",1.02580653491068
"GGGAGATAGGTGACCA-1_GSM4013391",1.0761106593184
"GCTCTGTTCAAACGGG-1_GSM4013391",0.959431755316559
"TGGTTCCGTTAAGGGC-1_GSM4013391",1.16592041100892
"CGGAGTCAGGTACTCT-1_GSM4013391",0.744519871605595
"TTGCCGTTCACCCGAG-1_GSM4013391",0.762140451074917
"CTTTGCGCACAAGTAA-1_GSM4013391",0.767003380614809
"AGGGATGGTAGCGCTC-1_GSM4013391",1.13744686539288
"TTAACTCAGCGATAGC-1_GSM4013391",1.09628046623042
"TGGCTGGCACGAAGCA-1_GSM4013391",1.12562045137617
"ACTGCTCGTATAGGTA-1_GSM4013391",1.14368563454493
"CCGGGATCACATCCGG-1_GSM4013391",1.43218409726642
"CCTACACTCATGTCTT-1_GSM4013391",1.07319669905112
"GGGAGATTCAGCTGGC-1_GSM4013391",0.767101606157675
"AGGGTGACATCTCCCA-1_GSM4013391",1.15391111979396
"GGGCATCCAGCCACCA-1_GSM4013391",1.20413470894294
"CAACTAGCATTGGTAC-1_GSM4013391",1.34645570722856
"CAGAGAGCACACCGCA-1_GSM4013391",0.807286530372106
"TGGCGCATCAGTACGT-1_GSM4013391",0.929487867677353
"AGATCTGGTCATTAGC-1_GSM4013391",1.17248888578943
"AGCGGTCGTAAATGAC-1_GSM4013391",1.15279950333849
"GCTGCTTCATACTCTT-1_GSM4013391",1.13450869749127
"AGGGTGAGTACGCACC-1_GSM4013391",1.18020112059366
"CTCGGAGTCTGTTTGT-1_GSM4013391",0.975987916766799
"TGGCCAGTCGGGAGTA-1_GSM4013391",1.24643433415703
"CGGCTAGTCCCTCAGT-1_GSM4013391",1.23808507405094
"AGAGCGACAAACGTGG-1_GSM4013391",1.28284646765923
"ACATCAGTCCACGAAT-1_GSM4013391",1.24066031114797
"AGTAGTCTCGAACTGT-1_GSM4013391",1.15738775414544
"CCGGGATCAAGTCTAC-1_GSM4013391",1.07963588307699
"ATCTGCCCACCTCGTT-1_GSM4013391",1.06792020522993
"TCAGGATGTATTACCG-1_GSM4013391",0.768790259711314
"CTGATAGTCTTGAGGT-1_GSM4013391",1.11622295765813
"CGCTGGATCAATCTCT-1_GSM4013391",1.12709857189667
"CTGCCTACATATGGTC-1_GSM4013391",1.14774199041089
"TACGGATAGCCTCGTG-1_GSM4013391",1.10843758883484
"TAGCCGGGTCAAACTC-1_GSM4013391",1.18677095654604
"AGCTCTCAGTTGCAGG-1_GSM4013391",0.776378301206278
"GATTCAGCAGGGAGAG-1_GSM4013391",1.10175272061616
"GTCGGGTCACCACCAG-1_GSM4013391",1.10820242328058
"TACGGTAGTGTGGCTC-1_GSM4013391",1.05692449029927
"AGGCCACAGTGTGAAT-1_GSM4013391",0.691621239414162
"GGCAATTAGCTCTCGG-1_GSM4013391",0.966108536734486
"GTCATTTTCACGCGGT-1_GSM4013391",0.892650707321486
"TAAGTGCAGCGATCCC-1_GSM4013391",0.859178441948561
"ACACCCTTCAGCATGT-1_GSM4013391",1.06126340684023
"TGGTTAGGTTTGGCGC-1_GSM4013391",1.12227341483422
"ACATACGCAGAGTGTG-1_GSM4013391",1.23718361116733
"TGAGGGAGTCTGCGGT-1_GSM4013391",1.24955473094315
"ACGGGTCGTTCGCTAA-1_GSM4013391",1.26226675324459
"ACGGAGAGTCCGTCAG-1_GSM4013391",1.16835904572439
"TCGTACCGTAGCTTGT-1_GSM4013391",0.752204005053929
"TACAGTGCAGTAAGCG-1_GSM4013391",1.08764235328097
"CCACGGAAGAACAATC-1_GSM4013391",1.03871351432138
"TATTACCGTTGAACTC-1_GSM4013391",0.994670158960201
"ATAGACCTCCGCGCAA-1_GSM4013391",1.13595411167001
"TAAGCGTTCTGGCGAC-1_GSM4013391",0.774947685579007
"CAGCAGCGTGCACGAA-1_GSM4013391",1.13002422541034
"CACCTTGAGCGTTCCG-1_GSM4013391",1.07169221859255
"AATCGGTAGCTGCAAG-1_GSM4013391",0.722856615124972
"ATCGAGTAGGTGCTAG-1_GSM4013391",1.12735520021742
"ACTTGTTTCTCTTATG-1_GSM4013391",0.718368463265905
"ACGAGCCTCTAGCACA-1_GSM4013391",0.590565146491585
"ATTGGTGAGGCTAGGT-1_GSM4013391",1.01326943744998
"CCACCTAGTGACAAAT-1_GSM4013391",1.02242216125561
"ATGGGAGCATGCGCAC-1_GSM4013391",1.27753036530699
"CGGACGTAGACTAAGT-1_GSM4013391",0.791195827299736
"CTCGGGATCAGTTTGG-1_GSM4013391",0.852040242634983
"AGATTGCAGGCATGGT-1_GSM4013391",0.971436777312999
"ATCATGGTCGAATCCA-1_GSM4013391",0.868560675693876
"ACTGCTCAGCTAGGCA-1_GSM4013391",0.751572939050025
"CTAGTGAAGAGCAATT-1_GSM4013391",0.553651066622441
"CTCATTATCCTCAACC-1_GSM4013391",1.33802534343457
"CATCAGAGTACGACCC-1_GSM4013391",0.812680697744144
"GGCCGATTCAACTCTT-1_GSM4013391",1.15107007807405
"TACCTATCACATTCGA-1_GSM4013391",0.703065973712819
"TCTCTAACAATAACGA-1_GSM4013391",1.14489305046258
"CAGCATAGTACCTACA-1_GSM4013391",1.03309696018456
"AAAGCAACAATAACGA-1_GSM4013391",1.27650617465194
"GGCTCGAAGATCCGAG-1_GSM4013391",0.677873475298884
"GTACTCCGTCCATGAT-1_GSM4013391",1.27929630183678
"ACACCGGCAATCTACG-1_GSM4013391",1.22281302025199
"CGTGAGCAGTGCTGCC-1_GSM4013391",0.911122683839825
"TGAGAGGGTTAAGATG-1_GSM4013391",0.868563490346655
"TAGTTGGTCAATCACG-1_GSM4013391",0.742330045663327
"AAGGTTCCATTCGACA-1_GSM4013391",1.1093295315093
"CTCGAGGGTCTTCGTC-1_GSM4013391",0.86979020698054
"TGACGGCGTGCACTTA-1_GSM4013391",1.19365916241093
"TCTGGAAGTCTGGTCG-1_GSM4013391",1.1000759076445
"GCACTCTCATGTAAGA-1_GSM4013391",1.13669442716389
"TGGGAAGTCGACCAGC-1_GSM4013391",1.17709962002301
"TCAGGATGTCTCTTAT-1_GSM4013391",1.30787817140786
"TGCGCAGTCACGACTA-1_GSM4013391",0.850935383413972
"TGACTTTCACCTCGGA-1_GSM4013391",0.661964009340965
"CGTCACTAGGAATCGC-1_GSM4013391",1.04221765668847
"ACACCAAAGTCTCCTC-1_GSM4013391",1.06663079599812
"GCTCTGTAGCGATCCC-1_GSM4013391",1.24160961727787
"CCTCAGTAGCAGCCTC-1_GSM4013391",0.602427968086916
"CGAACATGTTCCCTTG-1_GSM4013391",1.31088068990693
"GATCGCGCACTCAGGC-1_GSM4013391",1.09772389953575
"GAGGTGAAGGACGAAA-1_GSM4013391",1.0888650106656
"GTATCTTCACTTGGAT-1_GSM4013391",0.840835888223244
"CGAGAAGTCCGCGCAA-1_GSM4013391",0.842452248548283
"TGCGCAGTCTGTCTCG-1_GSM4013391",0.757982077660726
"ACACCCTTCAAGCCTA-1_GSM4013391",1.1555269979955
"CATATGGGTTACAGAA-1_GSM4013391",0.90421849790313
"TCTGAGAAGTGAACAT-1_GSM4013391",1.11875474046876
"TAGAGCTCACCGTTGG-1_GSM4013391",0.877629418422577
"CAGGTGCAGTGGAGTC-1_GSM4013391",1.2076748320063
"GTTCATTCAGTCGTGC-1_GSM4013391",1.19692519523133
"GTGCTTCTCTACGAGT-1_GSM4013391",0.543244948319765
"GTAGGCCGTCTTCTCG-1_GSM4013391",0.495005179385061
"GTATTCTAGGACATTA-1_GSM4013391",1.32171214601654
"CGTAGCGGTCACAAGG-1_GSM4013391",0.621192921163455
"CCCAGTTTCTCCAACC-1_GSM4013391",1.29258350858474
"GACAGAGTCTACCTGC-1_GSM4013391",0.911516642575661
"ACGATGTCATAGTAAG-1_GSM4013391",1.26956472906106
"CAGTCCTAGTTGTCGT-1_GSM4013391",1.10528655233073
"ATGGGAGGTCATCCCT-1_GSM4013391",0.598838222550806
"ACCAGTAAGCGATGAC-1_GSM4013391",1.23275529063839
"ACCGTAAGTCTAGCCG-1_GSM4013391",0.593796271592762
"AGTGTCAGTAGATTAG-1_GSM4013391",1.22827229919027
"GCACTCTAGTATCGAA-1_GSM4013391",0.846754504951418
"GACGGCTAGCTAACAA-1_GSM4013391",1.16954554350481
"CAGTAACGTTCGGGCT-1_GSM4013391",1.31179324033675
"CTTACCGTCGCAAACT-1_GSM4013391",0.680652208724515
"GGAAAGCTCAGAGACG-1_GSM4013391",1.05876374753049
"GGACATTGTGTCAATC-1_GSM4013391",0.827394560098578
"GAGGTGAAGAAGAAGC-1_GSM4013391",1.04445822922326
"GACTGCGCACGGTAAG-1_GSM4013391",0.741296261628039
"AATCCAGAGATGTGTA-1_GSM4013391",1.08558123167951
"TGCGTGGTCATGTCTT-1_GSM4013391",1.10347614374003
"AGAGCTTAGCGTTGCC-1_GSM4013391",0.835570532935096
"CAGCTAAAGCCAGGAT-1_GSM4013391",1.0470212673367
"CGTCAGGAGCTATGCT-1_GSM4013391",0.7572405469095
"GTGCGGTAGACAAAGG-1_GSM4013391",0.6257326772932
"AAACGGGAGAGTTGGC-1_GSM4013391",0.667541440608287
"GCCTCTATCCCAACGG-1_GSM4013391",1.22493304961171
"TTCTTAGAGCAAATCA-1_GSM4013391",0.979293923975814
"GACGGCTGTCTCTCGT-1_GSM4013391",1.00219173851216
"TTTGCGCGTCTAGAGG-1_GSM4013391",1.18931805038619
"GATCGATTCCTAGTGA-1_GSM4013391",0.813117612425264
"CTGGTCTTCCTGCCAT-1_GSM4013391",1.04643113011751
"GACTACAAGGAGTAGA-1_GSM4013391",0.630910532652231
"TTCCCAGAGAATAGGG-1_GSM4013391",0.673200576852887
"CTACACCAGGTAGCTG-1_GSM4013391",1.13020397857843
"GCGCAACCACATCCAA-1_GSM4013391",1.08896360268944
"GAAATGACATGGTTGT-1_GSM4013391",0.622983364241615
"CGTAGGCAGCTCAACT-1_GSM4013391",0.87001937334742
"TTCTCAACATCAGTCA-1_GSM4013391",1.24645647048596
"CACATAGTCGAGAGCA-1_GSM4013391",0.955258634738868
"CTGGTCTTCTCCGGTT-1_GSM4013391",0.743609790677828
"TCGGGACCAAAGGAAG-1_GSM4013391",1.18466247781328
"TCTTCGGGTACCGTAT-1_GSM4013391",0.828143913303352
"TGCTACCAGTCCAGGA-1_GSM4013391",1.04380926649565
"CTTTGCGTCCCTTGCA-1_GSM4013391",0.787246706176935
"GTCTCGTGTTCTGGTA-1_GSM4013391",1.16283523473296
"TTTGCGCTCACGCGGT-1_GSM4013391",0.812003374190415
"GCGCGATTCTCTGAGA-1_GSM4013391",0.882029639588537
"TTCTACATCTATCGCC-1_GSM4013391",1.02561891394306
"GTGCAGCGTTAAGGGC-1_GSM4013391",1.21565330535948
"GTGCAGCAGCGCTTAT-1_GSM4013391",1.15414649420302
"AGCTCTCTCTTTACAC-1_GSM4013391",1.12816596117261
"CGTTAGATCAGTGTTG-1_GSM4013391",1.03623611045312
"TCATTTGCAGCGAACA-1_GSM4013391",1.26048830013868
"GCTGGGTTCACAATGC-1_GSM4013391",0.876837481782042
"ACCGTAATCTGCGACG-1_GSM4013391",1.17967988345757
"GGACAAGGTCGAACAG-1_GSM4013391",0.651657802105645
"TGACTAGCATACAGCT-1_GSM4013391",1.34770668771666
"CAGATCATCAACACAC-1_GSM4013391",1.15692415755635
"CTGCCTACAGAAGCAC-1_GSM4013391",1.03571103447967
"CTCGTACGTTCCTCCA-1_GSM4013391",1.03333479141477
"CTGGTCTAGGCTACGA-1_GSM4013391",0.96588260821582
"CAAGTTGAGAATGTTG-1_GSM4013391",0.918308744553155
"AGAGCTTGTAGCGCTC-1_GSM4013391",1.11389998398653
"CACACAACATCTATGG-1_GSM4013391",1.14135615575156
"GACCAATGTAAAGGAG-1_GSM4013391",0.671046216104118
"ATTTCTGTCTCAAGTG-1_GSM4013391",0.734893052053055
"TGAAAGAAGTATTGGA-1_GSM4013391",1.1590731209984
"TTTGCGCAGCAGGCTA-1_GSM4013391",0.858020941818029
"CTGATCCCACGACGAA-1_GSM4013391",1.01447916779737
"CTGCCTATCTCGAGTA-1_GSM4013391",0.977656645269932
"CATCCACCAAACAACA-1_GSM4013391",0.868626467184343
"TCGCGAGGTGCAGGTA-1_GSM4013391",0.8682346079833
"TCTGGAAGTACTCGCG-1_GSM4013391",1.09817349776952
"ATGCGATGTGAGTATA-1_GSM4013391",0.836548198129677
"CCATTCGTCACTCTTA-1_GSM4013391",1.06835982370708
"CCACCTACATGCGCAC-1_GSM4013391",1.03695497984404
"ATTGGACTCATGGTCA-1_GSM4013391",1.07641351744031
"TCCACACCAGCTGCAC-1_GSM4013391",1.1031927497764
"GAAACTCAGGGCTTCC-1_GSM4013391",1.1575332977734
"CAGCATAAGACCGGAT-1_GSM4013391",0.681743721681978
"GATCGCGCAAGAAGAG-1_GSM4013391",0.959944594199762
"ACCGTAAGTAGCTGCC-1_GSM4013391",1.10940751562846
"TCAGATGTCCTTTCGG-1_GSM4013391",1.33600521281187
"GCGCAGTTCTCTGTCG-1_GSM4013391",1.17800811259999
"CGTTGGGAGGGTTCCC-1_GSM4013391",0.945570218561585
"GCCAAATGTAGGGTAC-1_GSM4013391",0.75245508438542
"GTCACAAGTGGGTCAA-1_GSM4013391",0.810742955159786
"CACATAGCAATTCCTT-1_GSM4013391",1.08564869801265
"GCACATACACTCGACG-1_GSM4013391",0.981201581378098
"GTTACAGCATGGTTGT-1_GSM4013391",0.830818665471325
"TATCTCACAGCGATCC-1_GSM4013391",1.07813859407317
"CCAGCGATCCTTCAAT-1_GSM4013391",0.840114587277171
"CAGCAGCGTCGAAAGC-1_GSM4013391",1.0371334889901
"GCATACATCAGCTGGC-1_GSM4013391",1.08798693455475
"ACCTTTATCGCGCCAA-1_GSM4013391",1.14458297355124
"TATGCCCCAAAGCGGT-1_GSM4013391",1.05890475077015
"CTCGGAGAGACTAAGT-1_GSM4013391",0.849581597553055
"CCAATCCTCAATCTCT-1_GSM4013391",0.791569208202555
"AGCGGTCGTACTTCTT-1_GSM4013391",1.23162253997067
"CAGCGACAGCCAGTTT-1_GSM4013391",0.887923803235479
"TTCCCAGCAACGATCT-1_GSM4013391",0.899805801684824
"AACCATGCACACCGAC-1_GSM4013391",1.15183257068678
"GTTCGGGGTTGTCGCG-1_GSM4013391",0.719718848073827
"GGTGAAGCAGCTGCTG-1_GSM4013391",0.674097005722913
"CCTAGCTCAATACGCT-1_GSM4013391",1.07938970798753
"GTATTCTAGCTCAACT-1_GSM4013391",0.671776798888808
"GGAATAAGTCGCGAAA-1_GSM4013391",0.713827445822249
"AGAATAGTCGTCCAGG-1_GSM4013391",1.09683668067676
"CAGTAACGTAAATGAC-1_GSM4013391",0.996147376745283
"CCACCTAAGAGGTTGC-1_GSM4013391",1.10109476948786
"CTGCGGATCGTCCGTT-1_GSM4013391",0.630775400300137
"ATCACGACATGGGACA-1_GSM4013391",1.24360310178794
"TCTTTCCCAGCCAATT-1_GSM4013391",1.16833778617807
"GTACTTTAGGTAGCCA-1_GSM4013391",0.625867487478638
"TCTCTAACATGGGAAC-1_GSM4013391",0.824035159154473
"CAACCTCAGCCCAATT-1_GSM4013391",0.911281362036041
"CTCCTAGGTAGATTAG-1_GSM4013391",1.14618670204961
"AGCGGTCAGAAGGTTT-1_GSM4013391",0.548349750094609
"AAATGCCGTGTCGCTG-1_GSM4013391",1.1715658644689
"ACAGCCGAGGGTTCCC-1_GSM4013391",0.969849663954919
"TACTTGTAGCCAACAG-1_GSM4013391",0.654131296945061
"CGTCTACTCGGATGGA-1_GSM4013391",1.35500905579095
"GAACGGATCCCAAGAT-1_GSM4013391",1.1743021030721
"TACTCATTCTACTTAC-1_GSM4013391",1.01611601843361
"GGATGTTAGCCCTAAT-1_GSM4013391",1.07700552299848
"ACATCAGGTCTAGCGC-1_GSM4013391",0.628387900952903
"TACCTTATCTGCGTAA-1_GSM4013391",0.721187281429723
"TAGCCGGGTACCGGCT-1_GSM4013391",0.980032362739962
"ACCAGTACAATCGGTT-1_GSM4013391",0.844262812890742
"ATTATCCCATGCCTTC-1_GSM4013391",0.648044260959261
"ATAAGAGTCATTCACT-1_GSM4013391",1.01609055001359
"GGACGTCTCTTCAACT-1_GSM4013391",0.480653548116768
"GACGGCTTCTTGGGTA-1_GSM4013391",1.02339011318468
"GCTCTGTAGTACGCCC-1_GSM4013391",1.08859067222439
"TGGACGCCAATGACCT-1_GSM4013391",0.682708174608127
"CTCACACTCAAAGACA-1_GSM4013391",0.81659667479834
"TCCCGATGTAAGAGAG-1_GSM4013391",0.70725053770554
"GAACGGATCGGAAATA-1_GSM4013391",0.890358124372307
"GTCATTTCAGGGCATA-1_GSM4013391",1.0381589843666
"TCGCGAGCAATTGCTG-1_GSM4013391",1.12542808079796
"CTGATCCTCAGTCCCT-1_GSM4013391",0.785847614639756
"CTGGTCTAGAGGACGG-1_GSM4013391",0.930645469826905
"CCACGGAAGCTAAGAT-1_GSM4013391",0.56531547102707
"CCGGTAGGTCTGCGGT-1_GSM4013391",0.979272803010685
"TGGCTGGTCTAACCGA-1_GSM4013391",0.901732773925453
"GATCGCGCATCCGTGG-1_GSM4013391",1.04240651805744
"TTCGGTCCATTCGACA-1_GSM4013391",1.12864150404747
"ATAGACCGTTGGTGGA-1_GSM4013391",1.07254845904838
"AGATTGCGTACAGCAG-1_GSM4013391",0.750950560643859
"GATTCAGTCGACCAGC-1_GSM4013391",1.07709576265025
"TGTGGTACATGAAGTA-1_GSM4013391",0.690987692962275
"CCTCAGTTCGATCCCT-1_GSM4013391",1.08634143707543
"CAGCCGAAGCAGGCTA-1_GSM4013391",0.728673264377099
"TGCTACCTCCCAAGAT-1_GSM4013391",0.714262841672052
"AGGTCATTCACGCGGT-1_GSM4013391",1.12119790993933
"GTCACAAAGAGATGAG-1_GSM4013391",0.670786701140982
"ACGATACCAGTATCTG-1_GSM4013391",0.860458693203275
"ACTTGTTAGCAGATCG-1_GSM4013391",1.22043949102176
"TTCTACAAGACATAAC-1_GSM4013391",0.947997337326891
"CCCAGTTAGCCAGAAC-1_GSM4013391",0.652776229557423
"GGATGTTGTGCTTCTC-1_GSM4013391",0.692132865181116
"TCGCGTTAGTTGAGAT-1_GSM4013391",0.854466819534986
"GATGCTATCGTGGGAA-1_GSM4013391",0.203189479403819
"TCAGGTAAGAGCTATA-1_GSM4013391",1.05121986812986
"CACCACTAGCAGATCG-1_GSM4013391",1.06384911193512
"TAGGCATAGACCCACC-1_GSM4013391",0.910310471486464
"GCATGATCAGGATTGG-1_GSM4013391",0.525581153717579
"TTTGTCAAGTAATCCC-1_GSM4013391",0.583821169983886
"GTACGTAAGCCAGGAT-1_GSM4013391",1.14444824618846
"AAGGAGCGTCATATCG-1_GSM4013391",0.978610294358841
"TGTGTTTGTCGGCACT-1_GSM4013391",1.03288189943796
"AAGGCAGTCGGCTTGG-1_GSM4013391",0.811157433365335
"TACCTATTCAACACTG-1_GSM4013391",0.682188157984982
"GACTAACCATGTCCTC-1_GSM4013391",1.00652606731805
"AGCTTGACACATGGGA-1_GSM4013391",0.672292057542915
"CCCTCCTTCCAGTATG-1_GSM4013391",1.08389623815165
"GATGCTAGTGCGAAAC-1_GSM4013391",0.913941821228115
"TACGGATCAATTGCTG-1_GSM4013391",0.770882807657067
"AACTGGTAGCAACGGT-1_GSM4013391",1.18383210434954
"TGGTTCCAGTGTTTGC-1_GSM4013391",0.600644914261626
"TACAGTGAGTGATCGG-1_GSM4013391",0.855979841208842
"GATCGATTCCAAATGC-1_GSM4013391",0.4646782328025
"TATCAGGCAGTAAGAT-1_GSM4013391",0.964486987038475
"TCCCGATGTCCGTCAG-1_GSM4013391",0.992686005203535
"TACTCGCGTAGCGTCC-1_GSM4013391",0.688287061798175
"CTGCTGTAGACAATAC-1_GSM4013391",0.586216875395944
"TGACTTTAGATCCCAT-1_GSM4013391",0.643085780678098
"TGCACCTCAATACGCT-1_GSM4013391",0.991320998931522
"ACGGAGAGTTATCACG-1_GSM4013391",1.03150505937229
"CTAATGGGTACAGCAG-1_GSM4013391",1.23772301392673
"GCAAACTAGACATAAC-1_GSM4013391",1.2297480474706
"TAAGCGTCACTAAGTC-1_GSM4013391",1.05701277611932
"ACATACGCACCTCGGA-1_GSM4013391",1.05152706149285
"CCTAGCTTCGGCTACG-1_GSM4013391",1.14723390024796
"GCGGGTTAGTACATGA-1_GSM4013391",1.07991266583044
"ATCTACTAGCGACGTA-1_GSM4013391",1.21691394398457
"GCATACATCTTGACGA-1_GSM4013391",0.688582276369378
"GAATGAATCTAACTCT-1_GSM4013391",1.30513992127147
"TGCGGGTTCCAAATGC-1_GSM4013391",0.692277425229508
"GCATGCGTCCGCAAGC-1_GSM4013391",0.788067649295162
"GTGCGGTCACTATCTT-1_GSM4013391",1.36973868380194
"GGATTACCAGCTGTGC-1_GSM4013391",0.943091678673896
"CCGGTAGTCGAGCCCA-1_GSM4013391",1.30976163613246
"GTATTCTAGTGTACTC-1_GSM4013391",0.777915422008517
"CCTTCCCGTTCGAATC-1_GSM4013391",0.890333436140272
"GCTCTGTTCACAAACC-1_GSM4013391",1.33307119635261
"CATCCACCACCATGTA-1_GSM4013391",1.00015156033491
"GACGGCTAGCACCGTC-1_GSM4013391",0.781248686267168
"GCGCGATAGCTGTCTA-1_GSM4013391",0.989221294223916
"GGGAATGGTAAGGGCT-1_GSM4013391",1.06013412411682
"CAGCATAGTAGGACAC-1_GSM4013391",0.757069839987144
"CCAATCCAGCATCATC-1_GSM4013391",1.01797718097534
"CCTTACGGTTCAGTAC-1_GSM4013391",0.718787152549159
"GTGTTAGTCGTTTATC-1_GSM4013391",0.878384329785152
"TAAGTGCCAGTCAGAG-1_GSM4013391",1.03384856615551
"AACCATGCATGCATGT-1_GSM4013391",1.07653803555472
"ACGAGCCCATTGCGGC-1_GSM4013391",1.02638941928007
"TGCCCATCATGAACCT-1_GSM4013391",0.643040499991704
"GACGTTATCCATGCTC-1_GSM4013391",1.04373257780642
"CGGTTAAGTCGAATCT-1_GSM4013391",1.35068923968988
"GTCAAGTAGTGCCATT-1_GSM4013391",0.985562094291424
"AACCGCGCAAAGCAAT-1_GSM4013391",0.875022712674974
"TACTCATCAATCAGAA-1_GSM4013391",0.988813682203046
"TGGACGCAGGCAATTA-1_GSM4013391",1.19574218666846
"AACTCCCGTTATCCGA-1_GSM4013391",1.04752708909964
"ATCTACTTCTGTCTAT-1_GSM4013391",0.879722246508714
"CCTACACAGTTAAGTG-1_GSM4013391",1.25926437410081
"CATCAGAGTTGTGGAG-1_GSM4013391",0.835301574643807
"GACAGAGCAAACAACA-1_GSM4013391",0.427218867747586
"CGGTTAACAGACGCTC-1_GSM4013391",0.603142907746759
"ATTATCCCACGCATCG-1_GSM4013391",1.08589920349027
"GGGCACTCAAAGTCAA-1_GSM4013391",1.11046022310412
"TTCGAAGAGGCCCTTG-1_GSM4013391",1.14399747292687
"GCTGGGTGTTGTCTTT-1_GSM4013391",0.975048736704152
"TAGACCATCAACCATG-1_GSM4013391",0.680267532651228
"TCAGGATCACGGATAG-1_GSM4013391",1.17320529379573
"GGGATGATCCAAGCCG-1_GSM4013391",0.883436241255659
"CATCGAACAGGCGATA-1_GSM4013391",0.619257217996609
"CCTTTCTCAGAGCCAA-1_GSM4013391",1.11816432110409
"CGTTGGGTCGGTCCGA-1_GSM4013391",1.06847544139457
"GGCAATTAGACCTTTG-1_GSM4013391",0.723120821226675
"ATTACTCTCGGATGGA-1_GSM4013391",0.981899563094846
"TCATTACTCATCGATG-1_GSM4013391",1.03734681026081
"ACGGAGAAGAGTGACC-1_GSM4013391",0.694918310593772
"CCGGTAGTCGTTTATC-1_GSM4013391",0.651138438678606
"TACTTACCATCCCATC-1_GSM4013391",0.938564087649864
"CTCGAGGCAAGTCTAC-1_GSM4013391",1.13566567456605
"GGTGCGTTCGCTGATA-1_GSM4013391",0.97825733111947
"ACATACGGTCGCATAT-1_GSM4013391",1.17985182065148
"CTAGAGTAGGGCTTCC-1_GSM4013391",0.773465525834251
"AGTGGGACAACGCACC-1_GSM4013391",0.809290092400108
"TCCCGATGTACCAGTT-1_GSM4013391",0.953640467199395
"AGGGAGTTCATCGCTC-1_GSM4013391",0.945396205387472
"CTTTGCGGTTCCACTC-1_GSM4013391",0.641902173621845
"CCGGGATGTTGAGTTC-1_GSM4013391",0.95425668415809
"GGATGTTAGGGATCTG-1_GSM4013391",0.713226344645655
"ATAACGCCAGCTGCTG-1_GSM4013391",0.940996560639783
"GTACGTATCAGCTGGC-1_GSM4013391",0.691465462750638
"GTTAAGCCATGCAACT-1_GSM4013391",1.00709063990622
"CAGCCGAAGTGGGATC-1_GSM4013391",1.16388175026891
"CGGACACTCGTTGCCT-1_GSM4013391",1.02889912601051
"CACAAACTCAGTTAGC-1_GSM4013391",0.942997173354015
"CGACTTCTCCGTCATC-1_GSM4013391",0.934062398267552
"TGACGGCAGACTCGGA-1_GSM4013391",0.371948000634484
"TTCCCAGCAGATAATG-1_GSM4013391",1.05429812680046
"TATGCCCCACCAACCG-1_GSM4013391",0.723796633264831
"ACCCACTAGTACGTTC-1_GSM4013391",0.680745181177152
"GAAATGAGTGCACGAA-1_GSM4013391",0.677606299774235
"CGCTGGATCTGGTGTA-1_GSM4013391",0.732413022654572
"GGAATAATCGCCCTTA-1_GSM4013391",0.632833329960942
"CTACATTGTCAGAGGT-1_GSM4013391",0.916599764213616
"CCACGGACACGACGAA-1_GSM4013391",0.999935380919015
"ACGGAGATCTCTAGGA-1_GSM4013391",1.15940767507986
"TTTGTCAGTCCCTTGT-1_GSM4013391",0.997230959168602
"CAACTAGGTGCCTGTG-1_GSM4013391",0.985357771248776
"TCGGGACTCGCAAGCC-1_GSM4013391",1.12511442394655
"CGGCTAGTCGACGGAA-1_GSM4013391",1.28612542312384
"CTACCCATCGCTGATA-1_GSM4013391",0.823641695528784
"CGACCTTTCGTAGGAG-1_GSM4013391",1.04422348153561
"TCAGCTCTCTCGATGA-1_GSM4013391",0.963293129114918
"GGCGACTTCAACCATG-1_GSM4013391",0.638228299573326
"TGGCTGGTCCCAAGAT-1_GSM4013391",1.15807434483697
"CCGTGGATCTACCAGA-1_GSM4013391",0.539539896015412
"ACGTCAACACGAAAGC-1_GSM4013391",0.657655258300986
"TCAGATGCATGGAATA-1_GSM4013391",0.84756813166901
"GCGGGTTAGCACAGGT-1_GSM4013391",0.842869241991913
"CTGGTCTGTACTTAGC-1_GSM4013391",1.14939572334906
"GGAGCAACACCCATTC-1_GSM4013391",1.08256887303835
"CGTTGGGTCAGCATGT-1_GSM4013391",1.22319191267384
"AAATGCCGTGATGTGG-1_GSM4013391",1.1123939057097
"GCGCAACTCGGCCGAT-1_GSM4013391",0.736632923055482
"CTGCGGATCGTTTAGG-1_GSM4013391",0.869595454447757
"ACGCAGCGTCTTTCAT-1_GSM4013391",0.862953808563133
"CAGCATATCGCCTGTT-1_GSM4013391",1.03475715879182
"TCGGGACGTGATGATA-1_GSM4013391",1.08560393820701
"TAGGCATTCCGTTGCT-1_GSM4013391",1.08045358899471
"AGTCTTTTCGGAATCT-1_GSM4013391",0.882856235212588
"AAAGCAAAGGGTATCG-1_GSM4013391",0.838980914430038
"AACCGCGCAGATTGCT-1_GSM4013391",0.645505997543729
"ATCCACCCAGCGAACA-1_GSM4013391",0.779454144427146
"CGCTTCAGTAATTGGA-1_GSM4013391",1.13397677371397
"ATCTGCCAGCTAGGCA-1_GSM4013391",0.716286802230478
"CTCACACCATCATCCC-1_GSM4013391",0.674928838493763
"CCTTCCCGTCCATGAT-1_GSM4013391",0.783455644965135
"GGAATAAAGAGTCGGT-1_GSM4013391",0.691282784320365
"CTGAAGTTCGTCGTTC-1_GSM4013391",0.890861145117802
"TTCTACATCTGGGCCA-1_GSM4013391",0.910411773342387
"TGGGCGTTCAAAGACA-1_GSM4013391",1.0973101211887
"AGCGGTCGTCTCGTTC-1_GSM4013391",0.908716938618983
"TTCTACACATCCTTGC-1_GSM4013391",1.03817885599426
"CTCTACGCATACAGCT-1_GSM4013391",0.870173328769367
"GTACTCCGTCATCCCT-1_GSM4013391",0.457235440854312
"CGATGTACAAGTACCT-1_GSM4013391",0.578835611274989
"CTAGTGACACGGTTTA-1_GSM4013391",1.03638221975082
"TTAGGACAGGGTCGAT-1_GSM4013391",0.860510200942756
"GCCAAATGTCTTGCGG-1_GSM4013391",1.22509652618363
"TTCTACAAGCTGATAA-1_GSM4013391",0.788085795704567
"CGAGCACTCTGGCGAC-1_GSM4013391",1.17413908109091
"CACACCTTCACAACGT-1_GSM4013391",0.94802068873573
"ACCGTAATCTTCATGT-1_GSM4013391",0.749606636002806
"TGTTCCGTCGAACGGA-1_GSM4013391",1.01441999584963
"CTGAAACAGCTAGGCA-1_GSM4013391",1.1078607945915
"ACGCCAGGTATCGCAT-1_GSM4013391",0.538918060612327
"TGAGGGATCCGCATAA-1_GSM4013391",0.533883759312583
"AGGGTGAAGCTGTTCA-1_GSM4013391",0.506450241153086
"TCTGGAAGTAAACACA-1_GSM4013391",1.13935407199993
"ACTTACTGTGTGCCTG-1_GSM4013391",0.796129563555421
"TATCTCAAGGACAGCT-1_GSM4013391",0.96156284253012
"TCGGGACTCTCATTCA-1_GSM4013391",1.09292900733824
"AGCCTAATCTGGTGTA-1_GSM4013391",1.14503583429845
"CATATGGAGATGGGTC-1_GSM4013391",1.11059610824012
"TTTGGTTCACACAGAG-1_GSM4013391",0.769612144243348
"AAGGCAGCAGGTCCAC-1_GSM4013391",1.02350161172475
"CCTTCCCCACCCTATC-1_GSM4013391",0.605631144256914
"GGAATAAGTCCGTCAG-1_GSM4013391",0.699148979918725
"TGAGCATAGCAGGTCA-1_GSM4013391",0.148240584235335
"CACCACTTCGCCATAA-1_GSM4013391",0.593649792589012
"AGCTTGATCTGTACGA-1_GSM4013391",0.752434241374188
"AGGTCATTCGAGCCCA-1_GSM4013391",0.825501518102954
"AGATCTGTCGACCAGC-1_GSM4013391",1.02681482400877
"TAAACCGAGCCAGAAC-1_GSM4013391",1.05949202856569
"GAAGCAGGTTACAGAA-1_GSM4013391",0.911592174457881
"GGACAAGGTGTCAATC-1_GSM4013391",0.673477124401343
"GAAGCAGGTCGCTTCT-1_GSM4013391",1.12907348283024
"TTCGAAGAGACTTTCG-1_GSM4013391",1.27698637045105
"AACTGGTCAGACAAAT-1_GSM4013391",0.98583271337136
"GTGTGCGTCTCAACTT-1_GSM4013391",0.837571842783244
"CTCATTAAGAAACCTA-1_GSM4013391",0.961501448092382
"TGGGAAGGTAAATGAC-1_GSM4013391",0.748698087632967
"CAGTCCTCAAACGCGA-1_GSM4013391",1.16263528697847
"AGATTGCAGACAAGCC-1_GSM4013391",0.808306866620511
"CGGACTGGTGGGTCAA-1_GSM4013391",0.888754764463551
"AACCGCGGTAGAAGGA-1_GSM4013391",0.777300085956393
"TCAACGAGTGGTCTCG-1_GSM4013391",0.994787226359044
"GCAATCACACGAAATA-1_GSM4013391",0.724880845524199
"TGTGTTTAGGTAGCCA-1_GSM4013391",0.89716149736768
"TGGACGCCAGACTCGC-1_GSM4013391",0.8269244189393
"GGATGTTAGTTGAGAT-1_GSM4013391",0.756309333940539
"CGACTTCTCCCATTTA-1_GSM4013391",1.09071801225825
"AACCGCGTCCAATGGT-1_GSM4013391",0.571143231359562
"GAATGAATCACTGGGC-1_GSM4013391",0.7914592216261
"ACTGATGAGTTCGCAT-1_GSM4013391",0.663342215798469
"ACGCCGAGTTACGGAG-1_GSM4013391",1.16380772134844
"GTGGGTCGTCCGAATT-1_GSM4013391",0.598520530099342
"CGTTGGGTCATAGCAC-1_GSM4013391",1.02534078560782
"GGACAGAAGCCACGTC-1_GSM4013391",0.818934026639238
"CGTTAGAGTGATAAAC-1_GSM4013391",0.841656339627935
"AGAGTGGTCAACGGCC-1_GSM4013391",0.516134614410666
"CAGCATATCTAACTCT-1_GSM4013391",0.714785145091986
"TACTTGTAGGTCGGAT-1_GSM4013391",0.746149568360697
"TTCCCAGAGCTGCCCA-1_GSM4013391",0.649595613474299
"CGTTAGATCCTTGACC-1_GSM4013391",0.585796623358435
"CTCAGAAAGTCCATAC-1_GSM4013391",1.04832003044189
"TGACTAGGTCCGAGTC-1_GSM4013391",0.836520139075346
"GGACAAGTCTTGACGA-1_GSM4013391",1.02540115643895
"CACCTTGGTCTACCTC-1_GSM4013391",0.886772047352514
"ACGGGCTAGCCGATTT-1_GSM4013391",0.680371178176783
"GGCGTGTCAGATTGCT-1_GSM4013391",1.09467890616387
"GTGCGGTCAATGCCAT-1_GSM4013391",0.681399911452987
"TCAGCTCCATGGTCAT-1_GSM4013391",0.992227177295094
"CACATAGCATTTCACT-1_GSM4013391",0.703477466481303
"CGTGAGCTCGACAGCC-1_GSM4013391",1.07588960030964
"GCCAAATAGGTTCCTA-1_GSM4013391",0.770750518393003
"GACAGAGGTCCCGACA-1_GSM4013391",0.939337895625848
"TCACAAGTCGCTTAGA-1_GSM4013391",0.961887722243993
"TCAGGATTCACCTTAT-1_GSM4013391",0.832479791466108
"AAGTCTGCATGACATC-1_GSM4013391",0.548267865393536
"AACTGGTGTTCCTCCA-1_GSM4013391",0.580129620132855
"CGATTGAGTATGAATG-1_GSM4013391",0.642666320969804
"ACATCAGCAGGCAGTA-1_GSM4013391",0.744242525597512
"GCTCTGTAGGTGTTAA-1_GSM4013391",0.926095179638604
"AGATTGCTCTCTTGAT-1_GSM4013391",0.929270122601019
"CAGAGAGCATAAAGGT-1_GSM4013391",0.719391298080951
"CCGTTCAGTTACGACT-1_GSM4013391",0.789162504739027
"CGCTGGAAGACTTTCG-1_GSM4013391",0.982769795235889
"ACGGCCAAGAGTCGGT-1_GSM4013391",0.647764004321133
"TTAGTTCTCGTCTGCT-1_GSM4013391",0.299892858729005
"AGCGTCGAGCGCTCCA-1_GSM4013391",0.97298120736258
"CCTTTCTAGTGGTAGC-1_GSM4013391",0.576800684448243
"AGCCTAAGTAAACACA-1_GSM4013391",0.89580499785403
"TGAGCCGCACGTTGGC-1_GSM4013391",1.30526785474769
"ACGGGTCAGTACGCGA-1_GSM4013391",1.17852880469806
"CGATGTACAAGGCTCC-1_GSM4013391",0.957357597065667
"GAAATGACACGGTAGA-1_GSM4013391",1.04635481861827
"AAGACCTAGTGATCGG-1_GSM4013391",0.857442995721095
"CAACCAAGTAATAGCA-1_GSM4013391",0.593459043087829
"AGAGCTTGTGTTCTTT-1_GSM4013391",0.96262366576421
"GGTATTGTCAAGGTAA-1_GSM4013391",0.575524787416544
"CCCTCCTCACTCTGTC-1_GSM4013391",0.853303645422951
"CTCGGGACAGCCTTTC-1_GSM4013391",1.08885071848662
"ATCGAGTTCCGCAAGC-1_GSM4013391",0.814196003643513
"GTGTTAGCAGCCTATA-1_GSM4013391",1.17612096504363
"TTGAACGTCACTTACT-1_GSM4013391",1.1383899311724
"GTAGTCACATAAAGGT-1_GSM4013391",0.906399242680934
"GGGAGATGTTGGGACA-1_GSM4013391",0.86563848375884
"GGTGCGTTCGGATGTT-1_GSM4013391",0.797658299603767
"TTAGTTCAGTCAAGGC-1_GSM4013391",0.655851811251853
"TCGGGACCAGGGTACA-1_GSM4013391",1.07547263355766
"CTCGAAATCCATGAGT-1_GSM4013391",0.617476412564064
"TTTGTCACATCACGAT-1_GSM4013391",0.860370998749483
"AAAGTAGTCACATACG-1_GSM4013391",1.03751868015232
"GCCTCTAGTCAGTGGA-1_GSM4013391",0.928526906738375
"GGAACTTCACTTGGAT-1_GSM4013391",0.604432916169843
"CACAGGCCATGGGAAC-1_GSM4013391",0.919132134884713
"TTAGGCATCGAGAACG-1_GSM4013391",0.855910153536824
"GTTAAGCGTCCGTTAA-1_GSM4013391",1.15483464608497
"CAGGTGCGTTCCAACA-1_GSM4013391",0.372907510129632
"CGTAGGCTCTTGCAAG-1_GSM4013391",0.575134896019657
"ATTTCTGGTTACCGAT-1_GSM4013391",0.845593229419257
"CCGTTCAAGATGAGAG-1_GSM4013391",0.806545134628941
"ATCCGAAGTCCGAAGA-1_GSM4013391",0.76382660811869
"ATAGACCGTGAAAGAG-1_GSM4013391",0.788405735596529
"CTCTGGTCATCTGGTA-1_GSM4013391",0.792587231880355
"TTTGGTTAGCGACGTA-1_GSM4013391",0.520738664972118
"CACAGTAAGCCACTAT-1_GSM4013391",0.783368424242486
"TCTGAGATCTGCTGTC-1_GSM4013391",0.88950068773122
"CGTTAGAAGATAGCAT-1_GSM4013391",0.994137316447509
"GCTGCGACACCGGAAA-1_GSM4013391",0.740889546618875
"CTAGCCTCAACGATGG-1_GSM4013391",0.843688666047434
"CGTCCATAGCTGCGAA-1_GSM4013391",0.58210488536106
"GCGCAACCAGTTCATG-1_GSM4013391",0.539919836947566
"CGATGGCTCGCGTAGC-1_GSM4013391",0.689057767106683
"ATCGAGTCACATGGGA-1_GSM4013391",0.505076042343046
"AAGACCTCAAAGTCAA-1_GSM4013391",1.0407857728638
"CTCAGAACAGCGATCC-1_GSM4013391",0.759885544282674
"GGGACCTAGTAAGTAC-1_GSM4013391",0.323017851655463
"CTCTAATGTTATGCGT-1_GSM4013391",0.918185003454786
"TGAGCCGGTCTTGCGG-1_GSM4013391",1.04296672667173
"TGAAAGAGTACAGCAG-1_GSM4013391",0.79059211048089
"CACATAGAGTTCGCGC-1_GSM4013391",1.30292573553166
"GCTTGAATCTGAGGGA-1_GSM4013391",0.950700313921066
"ACAGCCGAGCTACCTA-1_GSM4013391",0.81784741080154
"GTTCGGGCATCGGAAG-1_GSM4013391",1.00397167793289
"ACTTGTTAGAACTCGG-1_GSM4013391",0.448199326239305
"TATCAGGGTTCAGGCC-1_GSM4013391",0.583555926757092
"AAGGTTCCAAGTAATG-1_GSM4013391",1.01828128183116
"TTTATGCGTGGTAACG-1_GSM4013391",0.912616740870654
"CTGTTTATCCTAGAAC-1_GSM4013391",0.607430034341308
"AACGTTGTCAAGGCTT-1_GSM4013391",1.0997734044142
"GATGCTAAGCAATCTC-1_GSM4013391",0.646249720756281
"CCAATCCGTTACGTCA-1_GSM4013391",0.884817225133404
"GCAGCCATCAGAGCTT-1_GSM4013391",0.532499167697162
"TCCACACTCGTGGACC-1_GSM4013391",1.12149477971226
"GCTGCTTTCTGTCTAT-1_GSM4013391",0.871980897248698
"CTCGAGGAGTGGGCTA-1_GSM4013391",0.459687243378438
"AGCAGCCCAGGGTACA-1_GSM4013391",0.92399356834277
"GCCAAATTCCCAAGTA-1_GSM4013391",0.834349792291834
"TTGACTTAGAGTGAGA-1_GSM4013391",0.582406176709131
"CTACCCAGTGTCGCTG-1_GSM4013391",0.716634409916554
"CCTATTACATGGTTGT-1_GSM4013391",0.637846646347941
"CATCAGACACTACAGT-1_GSM4013391",1.13351393285813
"CGTGAGCCAAATACAG-1_GSM4013391",0.797478934080856
"AAGCCGCTCAATCACG-1_GSM4013391",0.857605678620501
"TCAGGTAAGTTAAGTG-1_GSM4013391",1.10407070754641
"CTGAAGTAGATCCGAG-1_GSM4013391",0.83049344653689
"CATATGGTCGTGACAT-1_GSM4013391",0.799408116874869
"ATTGGTGCATTGGGCC-1_GSM4013391",0.799780019022285
"GGAACTTTCGGAATCT-1_GSM4013391",0.747060305942733
"AACCGCGTCTCTTATG-1_GSM4013391",0.971502259761015
"CCGGTAGAGTACGATA-1_GSM4013391",1.03161740538382
"TGCGGGTCAGGGTTAG-1_GSM4013391",1.10058909364101
"AGAGCTTGTTGGTAAA-1_GSM4013391",0.923529427039124
"ATAGACCAGATTACCC-1_GSM4013391",1.12230227255124
"GCAGTTAGTAGCGATG-1_GSM4013391",0.600597894810364
"CAGAGAGCAAGCTGGA-1_GSM4013391",0.840141306137857
"CATATGGCAGACGTAG-1_GSM4013391",0.250143975663498
"GATGAGGAGCCATCGC-1_GSM4013391",0.4155477049305
"CTACCCAAGGGTGTTG-1_GSM4013391",0.762821192355313
"GCAATCATCGTTGACA-1_GSM4013391",1.08187762414834
"AGGCCACTCTGTCAAG-1_GSM4013391",0.687920876832376
"GGAAAGCCAGTGACAG-1_GSM4013391",0.740786206866395
"CAGAATCCAATCTGCA-1_GSM4013391",0.553140987697787
"CGTAGGCGTACCTACA-1_GSM4013391",1.0862612164198
"TGATTTCCACTCAGGC-1_GSM4013391",0.648920853473059
"GACACGCTCCTAGTGA-1_GSM4013391",0.743612864510581
"TGAGAGGTCCTTTCTC-1_GSM4013391",1.0995068278262
"TCGGTAAAGTCTCAAC-1_GSM4013391",0.813457749823821
"TCGTACCAGTTAGCGG-1_GSM4013391",0.730374490464035
"ATCCGAATCAGCTTAG-1_GSM4013391",0.685203610585076
"ACGGAGATCCGTCAAA-1_GSM4013391",0.578406838146954
"AGGGTGAGTCCAGTTA-1_GSM4013391",0.754415268109399
"ATCATCTTCCAAACTG-1_GSM4013391",0.689984524511053
"TTCTTAGTCACATAGC-1_GSM4013391",0.582121628362928
"TAGTTGGCAAATACAG-1_GSM4013391",0.744308171837582
"GTGAAGGTCGCTAGCG-1_GSM4013391",0.788250925222381
"TAGGCATCACTTAAGC-1_GSM4013391",1.00808532078884
"TAGAGCTTCCAAGCCG-1_GSM4013391",0.934574012829067
"TTGAACGAGCACAGGT-1_GSM4013391",0.328332521496464
"CATCGAATCAGCAACT-1_GSM4013391",0.860715606105666
"CCTAGCTGTAATTGGA-1_GSM4013391",1.07301224673033
"ACTTGTTAGGCCGAAT-1_GSM4013391",0.905072108961596
"GTGCGGTTCGGCGCAT-1_GSM4013391",0.299853862919495
"TGGTTCCCAGCCACCA-1_GSM4013391",0.908047111800251
"CAGCGACTCTCCTATA-1_GSM4013391",0.627910294655101
"TGACAACTCGGTCTAA-1_GSM4013391",0.502994220068178
"TGGTTAGCATAGAAAC-1_GSM4013391",0.865722601656403
"CAAGTTGGTTATGCGT-1_GSM4013391",0.950160012494342
"CACACCTGTGTCGCTG-1_GSM4013391",0.661109299212508
"CATGACAAGCTAGCCC-1_GSM4013391",0.687058028073522
"TTTCCTCTCGGTTCGG-1_GSM4013391",0.604871214117845
"ATAAGAGAGAAACCTA-1_GSM4013391",1.11988640557171
"AGAGCGACAGGTGGAT-1_GSM4013391",0.913780314771596
"CTTAACTGTCGCCATG-1_GSM4013391",0.968669296975728
"CGTAGGCAGGACTGGT-1_GSM4013391",0.703183171118306
"GTCTCGTAGTTCGATC-1_GSM4013391",0.379165052434998
"CGGGTCATCGTTACGA-1_GSM4013391",0.930904146131512
"TGAGCATCAGTACACT-1_GSM4013391",0.675007931367898
"CTTCTCTTCCAAGCCG-1_GSM4013391",1.01097877197075
"GACGTGCAGCCAACAG-1_GSM4013391",0.547599872640957
"CCATTCGAGAGCTTCT-1_GSM4013391",0.308345781601338
"ACCAGTATCACGGTTA-1_GSM4013391",0.59534332421632
"TTCCCAGTCCGTCATC-1_GSM4013391",0.987362960062931
"GGAAAGCGTTCTGAAC-1_GSM4013391",0.64939261160334
"AACTTTCCAACGATCT-1_GSM4013391",0.982804795429548
"TGACGGCCACTGTGTA-1_GSM4013391",0.76596953493381
"GATCGATAGTACGACG-1_GSM4013391",1.00274515621727
"CACACAAAGTGTACTC-1_GSM4013391",0.958885360087012
"GCATGCGTCTTGTTTG-1_GSM4013391",0.654615499841225
"TTGCCGTGTCGACTAT-1_GSM4013391",0.978686736540228
"GTGCGGTTCAAAGACA-1_GSM4013391",0.686226870922579
"TCGAGGCGTCCAAGTT-1_GSM4013391",0.546740276612603
"GACCTGGGTCTCAACA-1_GSM4013391",0.99581021774714
"TTTGGTTTCTCTTATG-1_GSM4013391",0.566542311867639
"ACAGCTAGTTATCCGA-1_GSM4013391",0.887625721703237
"TTAGGCAGTAAATGAC-1_GSM4013391",0.838343765706912
"CTTAACTCATCCTTGC-1_GSM4013391",0.729624333518263
"CGTTCTGAGATCCTGT-1_GSM4013391",0.862905906595441
"GAACATCTCTGCCAGG-1_GSM4013391",0.723870061419864
"ATCCGAACAGTTTACG-1_GSM4013391",0.662526368240789
"CTAATGGTCCAGAAGG-1_GSM4013391",0.992374520440972
"CCGTTCAAGGACGAAA-1_GSM4013391",0.533429299381594
"GGGACCTCAGGGATTG-1_GSM4013391",0.907130857614436
"TGACTTTAGGTGTGGT-1_GSM4013391",0.490718722225429
"CACACCTGTTCCCGAG-1_GSM4013391",0.637075177471563
"ACACTGATCGGCGGTT-1_GSM4013391",0.356442076164034
"ATGAGGGCACCCATTC-1_GSM4013391",0.940322392219994
"CATGGCGTCCATGAAC-1_GSM4013391",0.984738164861446
"GGATGTTAGGCTATCT-1_GSM4013391",0.875128961400581
"ATCCACCCAGCGTCCA-1_GSM4013391",0.548732321234816
"CCTACCAGTTGCTCCT-1_GSM4013391",0.970123763560807
"AGGGTGACAATGAATG-1_GSM4013391",0.890644139098935
"CTCATTACATGCGCAC-1_GSM4013391",0.698717595728151
"TCGCGTTGTTATGTGC-1_GSM4013391",0.564436413909383
"CAGCTAAGTTCCACAA-1_GSM4013391",0.607215301165273
"CTACATTGTTCAACCA-1_GSM4013391",0.702528071413212
"ATAACGCGTCTCTTTA-1_GSM4013391",0.869867212272848
"ATAACGCGTGCCTTGG-1_GSM4013391",1.00400788006137
"GAGGTGAAGTGGGCTA-1_GSM4013391",0.840233513553949
"TGACAACAGAGCTGCA-1_GSM4013391",0.790032519851104
"AAAGTAGCACACGCTG-1_GSM4013391",0.862252712632005
"GCTGCGAGTTGAGGTG-1_GSM4013391",0.763287632757585
"CCTTTCTTCATGTCCC-1_GSM4013391",0.394799393392431
"GAATGAATCTTTACGT-1_GSM4013391",0.543634203699741
"GGTGCGTTCGGATGGA-1_GSM4013391",1.04683520760349
"AGAGCTTGTACAGTTC-1_GSM4013391",0.760667318077421
"AGGGATGTCCGCAAGC-1_GSM4013391",0.0528994925539656
"CTCGTCAAGGCCATAG-1_GSM4013391",0.444134634903465
"GCTTGAACAGTCGTGC-1_GSM4013391",0.68225867535456
"CCAATCCTCCCAAGAT-1_GSM4013391",0.492752356549862
"AGGGTGATCGTGACAT-1_GSM4013391",1.10691928976355
"TGAGGGAGTGATGTCT-1_GSM4013391",0.852434964694604
"ATCATCTAGCCGTCGT-1_GSM4013391",0.990568555056299
"CGGACGTTCCTAGAAC-1_GSM4013391",0.0632099519437924
"CCTAGCTTCGTCGTTC-1_GSM4013391",0.869407523955586
"AGTGTCATCTTGAGAC-1_GSM4013391",0.577537427691659
"ACGGAGACATGCCTTC-1_GSM4013391",0.549163807440578
"CTCGAAACAAGGACTG-1_GSM4013391",1.09660875374248
"ACGCCAGCAATAGCAA-1_GSM4013391",0.654246217519533
"CGTCTACTCAGCATGT-1_GSM4013391",0.728407281915503
"TTTGTCAAGGCAGGTT-1_GSM4013391",0.542966157551561
"AGCGTATCAGCATACT-1_GSM4013391",0.829379300476445
"GACGTTATCGCGGATC-1_GSM4013391",0.662772511022498
"TAGACCAAGCTAAGAT-1_GSM4013391",0.668353502645973
"GTATTCTTCTGCTGCT-1_GSM4013391",0.881450276745965
"ATGGGAGCAAGAGGCT-1_GSM4013391",1.08482706784358
"ATGTGTGCAAGGTTCT-1_GSM4013391",0.789440787437516
"ACTGAGTAGCGGATCA-1_GSM4013391",0.838646149779881
"CTCGGAGCATCTATGG-1_GSM4013391",0.578989408586625
"AGCTCCTTCAACGAAA-1_GSM4013391",1.03562058264369
"TCATTTGGTTGATTCG-1_GSM4013391",0.49275396788895
"TTAGGACGTAAGAGAG-1_GSM4013391",0.605176502164576
"ACCTTTATCGCAAGCC-1_GSM4013391",0.733583424622054
"GTAGGCCCACCTCGGA-1_GSM4013391",0.930046095164009
"CATGACAGTGGGTATG-1_GSM4013391",0.756958003771012
"GATGAGGCATGGAATA-1_GSM4013391",0.842702508546556
"ACCGTAAAGCAGCCTC-1_GSM4013391",0.63882219314884
"ATGCGATGTTGTGGAG-1_GSM4013391",0.56401257926048
"TGAGCCGAGTACACCT-1_GSM4013391",0.558191392119648
"TACGGTAAGGGATGGG-1_GSM4013391",0.752675071946366
"GTCATTTAGGCAAAGA-1_GSM4013391",0.570895850820882
"GCATGCGAGACGCACA-1_GSM4013391",0.540310245250272
"TTCTACATCCACTGGG-1_GSM4013391",0.625283801500954
"CACACAAGTCCGCTGA-1_GSM4013391",0.936814795559147
"GCACTCTCAACCGCCA-1_GSM4013391",1.03390494667246
"TACGGATAGCGTGTCC-1_GSM4013391",0.668069672044493
"CCACCTATCCACGTGG-1_GSM4013391",0.611201824310541
"GGACGTCCAAGCGCTC-1_GSM4013391",0.984970089897327
"TGAAAGAGTAGCGCAA-1_GSM4013391",0.6848813389404
"ACGGAGAAGTGCTGCC-1_GSM4013391",0.805087154450353
"TGGGAAGAGGTACTCT-1_GSM4013391",0.320555831939441
"TCGAGGCTCCAAATGC-1_GSM4013391",0.780355092005694
"GGACAAGAGAGTACCG-1_GSM4013391",0.383129461526816
"GACTGCGTCCGCAGTG-1_GSM4013391",0.957896377812748
"TTAGGCAGTGATAAAC-1_GSM4013391",0.598035536243091
"CGTCTACCACCCATTC-1_GSM4013391",0.578182676321655
"AAGGCAGGTGTGGCTC-1_GSM4013391",0.671612500289813
"ACGGGTCTCCAGATCA-1_GSM4013391",0.707672976594993
"TTGGCAAGTCAAAGAT-1_GSM4013391",0.506393228113976
"GATCGTACACGAAATA-1_GSM4013391",0.352296541902161
"GGACGTCCACCCTATC-1_GSM4013391",0.431662682730007
"ACTATCTTCGATCCCT-1_GSM4013391",0.56619307329875
"GTGAAGGTCGGAGCAA-1_GSM4013391",0.855669570974196
"CTCTAATGTCTCTCTG-1_GSM4013391",0.64815386778267
"CACTCCAAGCGATCCC-1_GSM4013391",0.809803495174228
"GTTAAGCAGGGTGTGT-1_GSM4013391",0.491133320657058
"TCGGGACGTCTTGTCC-1_GSM4013391",0.85487779479963
"CGATGTACATTCCTGC-1_GSM4013391",0.788608156880754
"GTAACGTAGCGGATCA-1_GSM4013391",0.574827861682846
"GCTCTGTCACAGACTT-1_GSM4013391",1.24849001284115
"TGATTTCCACCAGGCT-1_GSM4013391",0.649194511775494
"TAGACCAAGCACCGTC-1_GSM4013391",1.08023388446053
"AACTCCCGTCAAACTC-1_GSM4013391",0.978928432161701
"GGCGACTTCAGCATGT-1_GSM4013391",0.822730703841248
"TTAACTCTCATAACCG-1_GSM4013391",0.486947239233254
"GTACGTAGTTAGTGGG-1_GSM4013391",1.01519859179927
"TTTATGCAGCCAGGAT-1_GSM4013391",0.764496781450117
"CGGACACTCAGCGATT-1_GSM4013391",0.518227398214885
"ATTCTACCATTTCAGG-1_GSM4013391",1.04009073088924
"AGCTCTCGTCGAATCT-1_GSM4013391",0.00223170047311602
"AGTCTTTAGAACTCGG-1_GSM4013391",0.714787293717409
"CTCGAGGGTATATCCG-1_GSM4013391",0.473748779449502
"TGGCGCATCGTCGTTC-1_GSM4013391",0.319068127929846
"CGTGAGCCAGCCTGTG-1_GSM4013391",0.758624814083685
"TCTGGAAGTGACGCCT-1_GSM4013391",0.448167445460293
"ACTTACTAGGGTGTTG-1_GSM4013391",0.482150245442563
"GTCCTCAAGGACTGGT-1_GSM4013391",0.958089930275535
"ACGGGCTAGATGCGAC-1_GSM4013391",0.616585753831592
"ATCTGCCAGCTTTGGT-1_GSM4013391",0.924965797365262
"TGGTTCCTCTAACGGT-1_GSM4013391",0.575281568580503
"GCGCAGTCAGTAGAGC-1_GSM4013391",0.379261371822532
"TTTGGTTCATGCCACG-1_GSM4013391",0.905706081213801
"CGAGCACAGACTAGAT-1_GSM4013391",0.778390313217326
"GTTCGGGGTCCGAGTC-1_GSM4013391",0.719261165364306
"GGACAAGTCAACGAAA-1_GSM4013391",0.717448514684504
"GGCCGATCAGCCTTTC-1_GSM4013391",0.761681944340698
"GGAGCAAAGGATGCGT-1_GSM4013391",0.602540453332187
"TAAGAGAAGATATACG-1_GSM4013391",0.912643766749738
"CTCGTACGTTCAGCGC-1_GSM4013391",0.644528945517764
"AAGGAGCCAGGGCATA-1_GSM4013391",0.752165609595824
"TTTACTGCAAAGGAAG-1_GSM4013391",0.946883943565381
"TGGGAAGAGAGCTGGT-1_GSM4013391",0.549801531316773
"AGAGTGGGTCTCACCT-1_GSM4013391",0.880224344914701
"TGAAAGAGTACTTAGC-1_GSM4013391",0.843786270039249
"GCGCCAATCCCTTGCA-1_GSM4013391",1.09846028397405
"TCGCGTTAGTGGGTTG-1_GSM4013391",0.858380582408768
"AGATTGCGTCTTGCGG-1_GSM4013391",0.653809076552056
"TGGCCAGCAATTCCTT-1_GSM4013391",0.633542414080703
"CACCACTGTTCAGGCC-1_GSM4013391",0.770325482161768
"GATCGTAGTTCGGCAC-1_GSM4013392",1.43230611063535
"AAACGGGGTACGAAAT-1_GSM4013392",1.5424454872804
"TCGCGTTTCTCACATT-1_GSM4013392",1.42810436315551
"GGCCGATGTGGTACAG-1_GSM4013392",1.63767848210998
"GCACATATCTTAGCCC-1_GSM4013392",1.64915976891437
"CGGACTGTCCTACAGA-1_GSM4013392",1.58736267757158
"TCGCGTTAGCGTGAGT-1_GSM4013392",1.50044847810845
"CATGGCGCACAGTCGC-1_GSM4013392",1.31033215589866
"TGGCCAGAGGACCACA-1_GSM4013392",0.71914428424965
"CACAAACGTCTGATCA-1_GSM4013392",1.55634530825876
"AGCATACCACGGATAG-1_GSM4013392",1.50657479202356
"GCTCTGTGTGTCTGAT-1_GSM4013392",1.466261410879
"AATCCAGAGAAGGTTT-1_GSM4013392",1.46053116322733
"TGACAACAGCTGCGAA-1_GSM4013392",1.46113888045274
"GGAAAGCAGCGTCTAT-1_GSM4013392",1.49094934621456
"AGCAGCCCAAAGAATC-1_GSM4013392",1.47412033732299
"GGACAGATCCGTAGTA-1_GSM4013392",1.58682108713546
"TACCTTAAGGCAGTCA-1_GSM4013392",1.51554780830874
"TACTCGCGTAGCTGCC-1_GSM4013392",0.797904958140076
"GTCTCGTCACTCAGGC-1_GSM4013392",1.46184417267114
"CGCGGTAGTTACCAGT-1_GSM4013392",1.49302226743992
"GACACGCAGACAAAGG-1_GSM4013392",1.40820799662039
"TCTCATACATAACCTG-1_GSM4013392",1.39315446004581
"TAGCCGGCAATCGAAA-1_GSM4013392",1.22281056487592
"TGGACGCTCACATACG-1_GSM4013392",1.44539372679765
"GTCATTTAGGGAAACA-1_GSM4013392",1.37151985707461
"CCGTTCAAGTTGTCGT-1_GSM4013392",1.48292602001739
"TGCCCTATCGGAAACG-1_GSM4013392",1.44386762274634
"TACTCATGTACCGCTG-1_GSM4013392",1.47249004051986
"GTATCTTAGTATGACA-1_GSM4013392",1.36247067360207
"GAATGAATCGTCTGCT-1_GSM4013392",1.51556664127751
"TACTTACTCTGATTCT-1_GSM4013392",0.910192066645202
"CACATAGCATACAGCT-1_GSM4013392",1.40008946789204
"GCGCCAACAATCTACG-1_GSM4013392",0.90013248068346
"CGAGCCAGTTAAGAAC-1_GSM4013392",1.51921751304924
"CTCAGAATCTGTTTGT-1_GSM4013392",1.44627249642853
"GCGACCAAGCTAAACA-1_GSM4013392",0.944438667593419
"AGGCCACGTATCTGCA-1_GSM4013392",1.40979415708776
"GGCCGATAGACCACGA-1_GSM4013392",1.02794425262504
"CCTACACTCGGACAAG-1_GSM4013392",1.4585067275664
"CCTCTGACATCCGCGA-1_GSM4013392",1.33161397487298
"GGTGAAGCATTATCTC-1_GSM4013392",1.31156653294494
"CAACCTCCATTAACCG-1_GSM4013392",1.44221972656497
"CCCTCCTTCGCCAAAT-1_GSM4013392",1.25075850477407
"GTGTGCGCAGCGTCCA-1_GSM4013392",1.49337679523993
"ATGTGTGTCAGGTAAA-1_GSM4013392",1.36636760632257
"ACACCCTCAGCTCGCA-1_GSM4013392",1.23523513879388
"GCGAGAAGTCCGACGT-1_GSM4013392",1.11396883020025
"CTGCTGTAGGGCACTA-1_GSM4013392",1.10308673918881
"AGTGGGAAGGCGACAT-1_GSM4013392",0.789772274324821
"GGACAGAGTGGCTCCA-1_GSM4013392",1.51767931465413
"CACACTCCAGTAAGCG-1_GSM4013392",1.38745656199818
"GGATGTTCATTCTTAC-1_GSM4013392",0.831547945147609
"GATCGTACAAGGACAC-1_GSM4013392",1.46170300247485
"TTGGCAATCTTTAGTC-1_GSM4013392",0.898334089777509
"CACACCTAGACAATAC-1_GSM4013392",1.35301898241026
"GATCGATTCCAAACAC-1_GSM4013392",1.33235150802791
"AACTCTTTCACGCATA-1_GSM4013392",0.752751349426979
"AGGGTGAAGGAATGGA-1_GSM4013392",1.47786919551521
"GATCGATTCGCGATCG-1_GSM4013392",1.5026668255059
"CTGATAGCATGTAGTC-1_GSM4013392",1.34920915683009
"CTACACCCAACGCACC-1_GSM4013392",1.49353787207098
"CCGTACTAGCTAGTTC-1_GSM4013392",0.887034756629176
"TGTGGTACACACATGT-1_GSM4013392",1.41351989755643
"ATGTGTGGTTGCGTTA-1_GSM4013392",1.46430534465753
"TTGGCAACAGATAATG-1_GSM4013392",1.47135702019844
"GGATTACGTCTTCGTC-1_GSM4013392",0.836484246285939
"GGAAAGCCACCAGTTA-1_GSM4013392",1.37597404457678
"ATAGACCTCAAACCGT-1_GSM4013392",0.822476962726808
"CTTTGCGCAATCACAC-1_GSM4013392",1.36941283934057
"TGGACGCTCCAGAGGA-1_GSM4013392",1.3363817893042
"GTTTCTAAGCCGCCTA-1_GSM4013392",1.46394815419752
"GACCTGGTCTTCTGGC-1_GSM4013392",0.615853399206961
"ATGGGAGCAGGGAGAG-1_GSM4013392",0.984437123209253
"CTGAAACAGAAGATTC-1_GSM4013392",1.40775674762824
"CTAAGACAGAAGAAGC-1_GSM4013392",1.38717259293902
"CCACTACTCAAGGCTT-1_GSM4013392",1.30082376077229
"AAAGTAGTCTCGCTTG-1_GSM4013392",1.51112454828747
"GATCGCGCATGGAATA-1_GSM4013392",1.38307780509036
"GCTCCTACACGGATAG-1_GSM4013392",1.42651222302305
"AGAATAGTCCTCAATT-1_GSM4013392",0.973066612610016
"TCTTCGGCATGCTAGT-1_GSM4013392",0.876333115128971
"GGTGAAGCAATGGATA-1_GSM4013392",1.4448815513768
"CACTCCAGTTCGTGAT-1_GSM4013392",0.760046658629185
"CCTTTCTCAGACGCTC-1_GSM4013392",1.26847226671854
"CGTTGGGGTCGCGGTT-1_GSM4013392",0.755760663376037
"ACGGCCAAGATTACCC-1_GSM4013392",1.19004048761556
"AGTAGTCGTGAAATCA-1_GSM4013392",0.721710809704055
"TTATGCTGTCTGATCA-1_GSM4013392",1.2833273405576
"CGAGAAGGTGAGCGAT-1_GSM4013392",1.31429121474462
"TCGTAGATCCTGCTTG-1_GSM4013392",1.32314405179857
"CACCACTAGACAGAGA-1_GSM4013392",1.49977948696439
"CTAATGGCAAATACAG-1_GSM4013392",1.26860306017233
"TGGTTCCGTGTCGCTG-1_GSM4013392",1.3560529035285
"GTCCTCAGTCAATGTC-1_GSM4013392",1.25952618234294
"TCGGTAATCCAAAGTC-1_GSM4013392",1.32942886550249
"CTCTAATTCCTTTACA-1_GSM4013392",1.39552152796594
"TGCACCTGTGGTTTCA-1_GSM4013392",1.38488314162608
"CTACGTCTCCAGGGCT-1_GSM4013392",1.32014655568899
"TGACGGCGTTCCTCCA-1_GSM4013392",1.40028927676008
"CATGGCGGTAATAGCA-1_GSM4013392",1.28183985293996
"AGGTCATCAATAGAGT-1_GSM4013392",1.48349443646436
"ATTACTCGTAGAAAGG-1_GSM4013392",0.887432808641318
"ATAACGCGTTAGGGTG-1_GSM4013392",1.33977784458954
"CCCAATCCATCTCCCA-1_GSM4013392",0.877214073954067
"GGACAGATCCAAGCCG-1_GSM4013392",1.39350392508906
"AGAGTGGCAAGCCGCT-1_GSM4013392",1.45524713155908
"CAGCAGCAGTGTACGG-1_GSM4013392",1.42096386318709
"GAGTCCGCACGGATAG-1_GSM4013392",1.14318002927113
"TCGCGAGAGTAAGTAC-1_GSM4013392",0.812231369236879
"GACCTGGTCACCCGAG-1_GSM4013392",1.4690315339585
"TCGCGAGGTCGAACAG-1_GSM4013392",1.31890187390094
"GTCACAACAAGCTGGA-1_GSM4013392",1.34910797782561
"CTCGTCAAGTGCGTGA-1_GSM4013392",1.36985193400026
"GGACAAGAGTGTCCAT-1_GSM4013392",1.312848172172
"GCGCAACCACGGATAG-1_GSM4013392",1.29655296237279
"CTGATAGAGTTAAGTG-1_GSM4013392",1.40342339620015
"TCGTACCGTTGGTTTG-1_GSM4013392",0.77400720770917
"CAAGGCCGTTACGGAG-1_GSM4013392",1.32695728079208
"GTCGTAATCTATCCTA-1_GSM4013392",0.62000208243581
"TACAGTGGTAAGTGTA-1_GSM4013392",1.36717357259296
"TCTTCGGAGGTGCACA-1_GSM4013392",0.846423737316276
"ATAAGAGAGCACACAG-1_GSM4013392",0.762586735195275
"TCACAAGCATATACGC-1_GSM4013392",1.11216114282025
"CTGCGGAAGTGCCATT-1_GSM4013392",1.39595105590285
"TTGGAACGTTCCCGAG-1_GSM4013392",1.35005216698275
"AGGCCGTTCAAACCAC-1_GSM4013392",1.44388159902793
"CACCACTAGTCCTCCT-1_GSM4013392",1.34487147602265
"TACCTTACATGCTAGT-1_GSM4013392",1.46615946753595
"TGCTACCGTTATGCGT-1_GSM4013392",1.39504052544601
"CCAGCGAAGTTAGGTA-1_GSM4013392",1.33651751685666
"CGGGTCACATTGGTAC-1_GSM4013392",1.48258434046124
"GACTAACTCATGTCTT-1_GSM4013392",1.38621486215091
"CTGTTTAGTTCATGGT-1_GSM4013392",1.26842001361839
"ATCCGAACAGACAAGC-1_GSM4013392",0.855182397584673
"GGGAATGAGTGTACGG-1_GSM4013392",1.32713807362354
"GGTGCGTAGTTACGGG-1_GSM4013392",0.641512907252065
"CGTTCTGAGAGGTAGA-1_GSM4013392",1.27206571695389
"TTGCGTCTCCAGAGGA-1_GSM4013392",1.34240145092278
"AACTCCCTCTCGTATT-1_GSM4013392",0.698551733664679
"CGATGGCTCAAACGGG-1_GSM4013392",1.35059047638951
"ACGAGCCAGAGGACGG-1_GSM4013392",1.43568506228293
"CACATTTTCAGAGGTG-1_GSM4013392",1.39024582327804
"GTGTTAGCATTATCTC-1_GSM4013392",1.46829632649353
"AAGTCTGCAAGTAGTA-1_GSM4013392",1.4664452288143
"TTTGCGCCAGCCTGTG-1_GSM4013392",1.47070768762492
"CGAGCCATCACCTCGT-1_GSM4013392",1.37432594784219
"CGCTGGAGTAGTACCT-1_GSM4013392",1.42964114419674
"AATCGGTAGCCCAATT-1_GSM4013392",1.37514509612923
"ACGGAGATCATATCGG-1_GSM4013392",1.32436323671956
"TATGCCCTCTGCAAGT-1_GSM4013392",1.51209999674633
"ATGCGATAGCTCTCGG-1_GSM4013392",0.81883389987689
"TCTGGAATCTTCGGTC-1_GSM4013392",1.39179719319323
"CTGAAGTGTTCAGACT-1_GSM4013392",1.3389356567647
"TGTCCCATCAGAGACG-1_GSM4013392",0.796532498475982
"ACATGGTTCAACACTG-1_GSM4013392",0.765018645086706
"GAGGTGATCTCCTATA-1_GSM4013392",1.35733349471438
"TGTATTCAGGCTCTTA-1_GSM4013392",1.42716361499138
"TTCGGTCAGCGAGAAA-1_GSM4013392",0.700342143422865
"AGCTTGAGTAAATACG-1_GSM4013392",1.16967380940698
"AGCTCTCGTCATGCCG-1_GSM4013392",1.41537887441651
"CCTATTACACATGACT-1_GSM4013392",1.31239957567978
"TTGACTTCAATAAGCA-1_GSM4013392",1.28262782398626
"AGGTCATGTGGTACAG-1_GSM4013392",1.44299759739264
"CCGGTAGAGATGAGAG-1_GSM4013392",1.29009007750339
"ATGCGATTCTTGGGTA-1_GSM4013392",1.36186701682709
"TAAACCGGTGGTCTCG-1_GSM4013392",1.42281552915409
"CTCGTACGTTGGTAAA-1_GSM4013392",1.42938986486777
"TTCGAAGCATGGTTGT-1_GSM4013392",1.35571827284326
"TACCTATCAATCTACG-1_GSM4013392",1.34445420718346
"AAGCCGCGTAAGAGAG-1_GSM4013392",1.2750879484672
"AGTTGGTAGCTAGCCC-1_GSM4013392",1.25537687245105
"CTAAGACGTCAATACC-1_GSM4013392",1.36753678934227
"TACAGTGGTCGCATAT-1_GSM4013392",1.39878623854148
"GACACGCAGCGATTCT-1_GSM4013392",0.64396488970687
"GGTGTTACATGAAGTA-1_GSM4013392",1.37733127325772
"ACCGTAATCAAGAAGT-1_GSM4013392",0.834964173667446
"CTGCGGAAGTGTGGCA-1_GSM4013392",1.44108635005127
"ACTGTCCGTCTGATTG-1_GSM4013392",1.11515294584663
"AGCTCCTGTACTTAGC-1_GSM4013392",1.37436698177602
"CCATTCGGTCAATGTC-1_GSM4013392",1.32520625031056
"AGAGTGGCAAACTGCT-1_GSM4013392",0.609073143718609
"GTTCTCGCAACTGGCC-1_GSM4013392",1.44943899810164
"ATCACGATCGGAAACG-1_GSM4013392",1.30999887970528
"CGCGGTAAGTACGTAA-1_GSM4013392",1.28468526378369
"GTCACGGTCTCCAACC-1_GSM4013392",1.09965012019039
"TACTTGTCAAAGTGCG-1_GSM4013392",1.35745880382723
"ACACCGGGTGCGGTAA-1_GSM4013392",0.722443903924561
"TGAAAGACAAACCTAC-1_GSM4013392",1.38704888488912
"CGTTAGAAGCGCTCCA-1_GSM4013392",1.27351625280793
"CGGGTCACACATAACC-1_GSM4013392",0.678731618346894
"CACATAGCATCTACGA-1_GSM4013392",1.25716616114181
"TGAGGGAAGGGTCTCC-1_GSM4013392",1.44343178731593
"TTGTAGGAGTCCATAC-1_GSM4013392",0.839749432541173
"TACACGACAGTAACGG-1_GSM4013392",1.28141085452386
"GTTCTCGAGAAGAAGC-1_GSM4013392",1.45965998879648
"AACCGCGGTCTTGTCC-1_GSM4013392",0.937934804263649
"TTAACTCAGCGATATA-1_GSM4013392",1.41640363550845
"TTGCGTCCATGAACCT-1_GSM4013392",1.33150587104962
"GACTACAAGACGCTTT-1_GSM4013392",1.30664948614266
"CGTAGCGCATTTCAGG-1_GSM4013392",0.641681745758044
"ACACTGAAGGCACATG-1_GSM4013392",1.29287009543307
"TTAGGCATCCTACAGA-1_GSM4013392",1.32834214264433
"CAGCGACCAATTCCTT-1_GSM4013392",1.35492101690604
"TATGCCCGTCTGGAGA-1_GSM4013392",1.39178916616363
"TACTTACTCAACGCTA-1_GSM4013392",0.74749060831039
"ATCTGCCTCTACGAGT-1_GSM4013392",1.38533706337765
"GTACTTTCAGACAAGC-1_GSM4013392",1.35675056581145
"GTCACAAGTCTTCAAG-1_GSM4013392",1.22341968083169
"AACTCCCCAGCCTTTC-1_GSM4013392",1.36226976414332
"CGTTAGAGTACCTACA-1_GSM4013392",1.3688941366246
"GGCTGGTTCGCATGGC-1_GSM4013392",1.34046530923066
"ACACCGGAGAGTCTGG-1_GSM4013392",0.922046176767904
"GCTTCCAGTAATTGGA-1_GSM4013392",1.18646136350445
"CGGTTAAAGCTAAGAT-1_GSM4013392",1.29870290627766
"CCTTACGAGTACGATA-1_GSM4013392",1.36676482484265
"TAGAGCTTCCTTGGTC-1_GSM4013392",1.06639996372779
"ATTCTACCAAGTCATC-1_GSM4013392",1.31857381062758
"CAGTCCTTCACCTCGT-1_GSM4013392",1.27341295108028
"CTGCGGAAGACTTTCG-1_GSM4013392",1.39725839173669
"CACATAGGTCGCATAT-1_GSM4013392",1.24618343108311
"AGAGCGACAGGAATCG-1_GSM4013392",1.40475854868084
"TATTACCTCATCTGTT-1_GSM4013392",1.4131319796332
"ATGGGAGTCGTCCAGG-1_GSM4013392",1.38214640138822
"CGGAGTCGTGCGCTTG-1_GSM4013392",1.09472689156046
"TCAGCAATCGAACTGT-1_GSM4013392",0.780747470118364
"AAAGTAGAGTGGTAGC-1_GSM4013392",1.33596604892616
"TACCTATAGTACTTGC-1_GSM4013392",0.836484820574198
"GGCTCGACAAAGTCAA-1_GSM4013392",1.17348838041695
"TCTATTGGTGAGGGAG-1_GSM4013392",1.13810878965963
"CTGCTGTTCAGGATCT-1_GSM4013392",0.700523981860906
"ACGAGGATCGTATCAG-1_GSM4013392",1.28911862371938
"GTGTGCGAGGGTTCCC-1_GSM4013392",0.815001442803253
"TACGGATCATGTAAGA-1_GSM4013392",1.32692897367428
"GCTTGAAGTATCTGCA-1_GSM4013392",1.38902892184993
"CGGTTAAGTCGAGATG-1_GSM4013392",1.40931368492731
"TCTGAGACAAACTGTC-1_GSM4013392",1.06301346889004
"GTGCAGCAGCACGCCT-1_GSM4013392",1.35643406067002
"CGGGTCAAGGCAAAGA-1_GSM4013392",1.27705648042426
"CTAGCCTAGATCGATA-1_GSM4013392",1.37096375246544
"AAACCTGAGCAAATCA-1_GSM4013392",1.24687268875874
"CTGGTCTAGTGCGATG-1_GSM4013392",1.11086610820411
"CGTGAGCTCCAAATGC-1_GSM4013392",0.845642288469786
"CAGATCACACGGACAA-1_GSM4013392",0.817456548663653
"CCTCTGACAGGATTGG-1_GSM4013392",1.36735117382697
"CCGGGATCAATCGAAA-1_GSM4013392",1.20672703506009
"CAGATCATCGGCTACG-1_GSM4013392",0.831540593724804
"TGTGTTTGTACGCACC-1_GSM4013392",1.23357914066223
"GTGAAGGCAAGCCATT-1_GSM4013392",0.780893345918349
"AGCTCCTCAGCTGGCT-1_GSM4013392",0.811481875025269
"ACGGCCACATGCTGGC-1_GSM4013392",1.39648133921235
"CAGAATCAGAGACTTA-1_GSM4013392",1.20399736316483
"GAGCAGAGTTATTCTC-1_GSM4013392",1.35873456684931
"CGCTATCTCGGAAACG-1_GSM4013392",1.24372668720259
"TCGTAGACAATCTGCA-1_GSM4013392",0.821988146017965
"AGAGTGGGTCCTAGCG-1_GSM4013392",1.36778416220033
"CACACAACATGCAACT-1_GSM4013392",1.38422324030334
"TACTCATTCACTTCAT-1_GSM4013392",1.22459633323986
"CACACCTAGCGGATCA-1_GSM4013392",1.3716132445833
"CCACTACAGGCAGGTT-1_GSM4013392",1.35139357561
"TCGTAGAGTTCTGGTA-1_GSM4013392",1.33595522970414
"CTGATAGCAATCCAAC-1_GSM4013392",1.37049687254469
"GCACTCTCAGCTCGCA-1_GSM4013392",1.34254811565332
"TACTTGTCACACCGCA-1_GSM4013392",0.771170604835412
"ACGGGTCGTCACCTAA-1_GSM4013392",1.43537870495919
"CACACTCGTCATATGC-1_GSM4013392",1.33434837003303
"AGATTGCTCTAACTTC-1_GSM4013392",1.02534169527914
"CGGACACCACATGTGT-1_GSM4013392",1.25141867038118
"GCAAACTGTAAACGCG-1_GSM4013392",1.34857786487093
"TTAGTTCGTTAAAGAC-1_GSM4013392",1.04044283593374
"CGCTTCACAGCCACCA-1_GSM4013392",1.02073975336797
"ACGAGGAGTGCCTGGT-1_GSM4013392",1.25359502403662
"ATCATCTCAGGGTTAG-1_GSM4013392",1.37859782069176
"AAGCCGCCAACCGCCA-1_GSM4013392",1.28821864817316
"CCGTGGATCGGAATCT-1_GSM4013392",1.30070481268794
"TCTGAGATCCGTAGGC-1_GSM4013392",1.40947505728144
"ACTGTCCGTGATAAAC-1_GSM4013392",1.51771391110367
"AGATCTGGTCGGGTCT-1_GSM4013392",1.37332890890915
"CATGGCGCATGAACCT-1_GSM4013392",0.954070700608706
"CGATGGCTCTTGCCGT-1_GSM4013392",1.08505425273241
"TCAATCTAGATGTAAC-1_GSM4013392",1.00426037668387
"TAAGTGCAGGGATACC-1_GSM4013392",1.23055510902526
"AGTGAGGCAGATCGGA-1_GSM4013392",0.749030723382014
"CGTCTACGTTGTGGAG-1_GSM4013392",1.43051007861565
"CTGTGCTGTTTACTCT-1_GSM4013392",1.40350241438648
"CCGGGATTCGGATGGA-1_GSM4013392",1.38700125281293
"TTGAACGCAGCCACCA-1_GSM4013392",1.10496386570769
"ATGTGTGCAGGTGCCT-1_GSM4013392",1.44945663443754
"GGGTCTGAGAGTCGGT-1_GSM4013392",1.39277873853944
"ACACCCTGTCCAGTAT-1_GSM4013392",0.856005512366966
"GTAACGTCATCACCCT-1_GSM4013392",1.20431267990567
"ATCACGAAGCACAGGT-1_GSM4013392",0.98082492730366
"CCTTCCCAGCAGATCG-1_GSM4013392",1.30283666141436
"CACAGGCCAGCCTTTC-1_GSM4013392",0.948903019029728
"CTTGGCTAGTACGATA-1_GSM4013392",1.29259215419657
"CTAGCCTCAGCTTAAC-1_GSM4013392",1.15453180802408
"ATGAGGGTCTGGCGAC-1_GSM4013392",1.25391305755724
"CGGCTAGAGGACAGAA-1_GSM4013392",1.28189200800789
"CAGAGAGAGCTAGTCT-1_GSM4013392",1.26728968353639
"AACGTTGTCAAAGACA-1_GSM4013392",0.972853540352781
"TACAGTGCAGTAGAGC-1_GSM4013392",1.28755627250164
"TTAGGACTCTTAACCT-1_GSM4013392",1.18534746675326
"ACATACGGTACATCCA-1_GSM4013392",1.332406282462
"GCATGATAGCAGACTG-1_GSM4013392",1.13067108929887
"ACTTACTTCCCGGATG-1_GSM4013392",0.991735001401461
"CTCAGAAGTTATCCGA-1_GSM4013392",1.0910865673937
"GACTAACAGAATGTGT-1_GSM4013392",1.00163482605759
"ACTGCTCTCCAACCAA-1_GSM4013392",0.858852042447759
"GACTGCGCACGGTAAG-1_GSM4013392",1.30255741616421
"GCGGGTTTCCCTCTTT-1_GSM4013392",1.30684107101886
"GCAAACTCAGCGTAAG-1_GSM4013392",1.22717759123938
"ACACCCTAGTCTCGGC-1_GSM4013392",1.32257342494704
"CGAGAAGTCTCACATT-1_GSM4013392",1.40659904299738
"CATGGCGGTGGTCCGT-1_GSM4013392",1.29821746681869
"AGTTGGTGTCACCCAG-1_GSM4013392",1.28097500184385
"GCGACCAAGAATTGTG-1_GSM4013392",1.40589672806039
"TATTACCAGGAGCGAG-1_GSM4013392",1.3350236224147
"TACTTGTGTCTCCACT-1_GSM4013392",0.624235609216191
"AGGCCACGTGCCTGTG-1_GSM4013392",0.632310274995801
"GACGTTAAGACTGTAA-1_GSM4013392",1.3248724848773
"TGCGGGTTCCGAGCCA-1_GSM4013392",0.786313865030313
"GCTGCAGTCAAGATCC-1_GSM4013392",1.22352583153437
"GGGTTGCGTTATTCTC-1_GSM4013392",1.15253241346873
"AGAATAGAGGTTACCT-1_GSM4013392",1.42938134262167
"AGGGTGAGTCGATTGT-1_GSM4013392",1.27548289095279
"GCAAACTAGGACAGAA-1_GSM4013392",1.12059394007169
"GCACATATCGTGGTCG-1_GSM4013392",1.2588937561004
"CGATTGATCTAAGCCA-1_GSM4013392",0.604169758359271
"GATCGTAAGCCCGAAA-1_GSM4013392",1.1598760593723
"TCTCTAATCTGGCGTG-1_GSM4013392",1.19819581661607
"TGAGAGGCAGATCGGA-1_GSM4013392",1.29406167311646
"TGTGTTTTCATTATCC-1_GSM4013392",1.30176694577351
"GATGCTATCTATGTGG-1_GSM4013392",0.971111709844958
"GCAGTTAGTATATCCG-1_GSM4013392",0.77931198720647
"CCACCTATCATGTCCC-1_GSM4013392",1.09613250283562
"CTAACTTCAAGGTGTG-1_GSM4013392",1.39423035831452
"TGCCCATCATCGTCGG-1_GSM4013392",0.934504092604596
"GGGAATGTCAGGATCT-1_GSM4013392",0.587865719359464
"ATGGGAGTCGAATGCT-1_GSM4013392",0.671118865800827
"GATGAAATCACTCCTG-1_GSM4013392",0.728545734337902
"AGTGAGGCAAGCCGTC-1_GSM4013392",0.818515154425105
"GGACAAGCATGGGACA-1_GSM4013392",0.895155414010951
"CAACTAGTCGCGCCAA-1_GSM4013392",1.37404097398318
"GTGCTTCGTCCAGTAT-1_GSM4013392",1.01501745645772
"CTGATAGAGCGTGTCC-1_GSM4013392",0.61603896702996
"CATCCACGTGTAACGG-1_GSM4013392",1.36733636618754
"AGCGTATTCCAAAGTC-1_GSM4013392",1.41576989309177
"GTCTTCGCATACAGCT-1_GSM4013392",0.586966643017629
"CCATTCGGTTGAGGTG-1_GSM4013392",0.817821256658481
"GCCAAATCAACCGCCA-1_GSM4013392",0.765572292626703
"GAAATGAAGACTTGAA-1_GSM4013392",1.35873819513285
"TCAACGACACGTCAGC-1_GSM4013392",1.03264932565343
"GAATGAATCTGAGTGT-1_GSM4013392",0.738847594755475
"AACACGTTCCGCAAGC-1_GSM4013392",1.29627349813976
"ACACTGATCAGGTAAA-1_GSM4013392",1.31699030305921
"TTCCCAGAGTGTGAAT-1_GSM4013392",0.828165391340665
"GCGGGTTCAGCGTAAG-1_GSM4013392",0.774133036404082
"TGGTTCCGTCTTCTCG-1_GSM4013392",1.45816798172037
"GCTTCCACATCCGCGA-1_GSM4013392",1.03086345970027
"AGGCCGTCACTTGGAT-1_GSM4013392",0.782996900224938
"ACGGAGAAGCGTCAAG-1_GSM4013392",0.89775158927319
"GAGTCCGAGTTAGCGG-1_GSM4013392",1.40190354658174
"CATCAAGCAATCTACG-1_GSM4013392",1.36937547548399
"GCTGCAGTCCGCATAA-1_GSM4013392",1.23038465603757
"TGACAACCATCACGTA-1_GSM4013392",0.880502592853005
"ACAGCCGAGGCCATAG-1_GSM4013392",1.32515819851454
"GAGCAGACATGTTCCC-1_GSM4013392",0.890099137223511
"TACTTGTCAGCTGGCT-1_GSM4013392",1.12967722111426
"TGCTACCGTGCGATAG-1_GSM4013392",1.09058272705088
"AGAATAGTCGTTGACA-1_GSM4013392",1.4759247864505
"GTCCTCATCTTACCTA-1_GSM4013392",1.0511078013464
"CAGCATAGTAGTACCT-1_GSM4013392",0.901279547351277
"TGAAAGATCATGTCTT-1_GSM4013392",1.14615022751169
"TCGTACCGTAAGAGAG-1_GSM4013392",1.17326383007038
"GCATGATCAGTGAGTG-1_GSM4013392",1.02083605118259
"AAAGATGGTCAGCTAT-1_GSM4013392",0.771833662897157
"CCCAATCGTTGACGTT-1_GSM4013392",1.22157887467749
"AACTCAGTCTCGCATC-1_GSM4013392",1.18051600190723
"CTAAGACGTATCTGCA-1_GSM4013392",1.37891126751255
"ACCGTAAAGACAATAC-1_GSM4013392",0.94263210261244
"CTACGTCTCCTATGTT-1_GSM4013392",1.09795150055615
"CACATAGCAAGTACCT-1_GSM4013392",1.43160716298333
"GGCGTGTTCCAGTAGT-1_GSM4013392",1.28518696184871
"TGCTACCGTAAGTAGT-1_GSM4013392",1.38060214401159
"AGATCTGCATACTCTT-1_GSM4013392",1.05321906255398
"TGATTTCAGTAAGTAC-1_GSM4013392",0.712761504917531
"GTCTTCGCACACATGT-1_GSM4013392",0.701633377943187
"ACTGTCCTCCTCTAGC-1_GSM4013392",0.800598383585247
"TACAGTGGTTCCACTC-1_GSM4013392",1.017431881686
"CGAATGTCAAGACACG-1_GSM4013392",1.07794831405051
"ACACCGGTCTGCGGCA-1_GSM4013392",0.774866045653913
"ATCATGGGTCTCATCC-1_GSM4013392",1.21574716901997
"TGGCCAGTCAATACCG-1_GSM4013392",0.923104348473356
"AGCGGTCGTCACCCAG-1_GSM4013392",0.955245419852785
"AGAGCTTAGGGCTTCC-1_GSM4013392",1.03479685340945
"ACCAGTATCGTGGTCG-1_GSM4013392",0.834211285315971
"CTACCCAGTCTAACGT-1_GSM4013392",1.24709729450425
"GCTGCAGCAGTACACT-1_GSM4013392",1.11717478137026
"GTGCATACAAGGCTCC-1_GSM4013392",0.759371170046423
"CTGAAACTCTTAGAGC-1_GSM4013392",0.797435324563711
"TGTCCCAGTGACGGTA-1_GSM4013392",1.26554432636619
"ATGGGAGCATTACCTT-1_GSM4013392",0.828498130753705
"ACAGCTAGTACCAGTT-1_GSM4013392",0.857011264653888
"GTAACTGTCTATGTGG-1_GSM4013392",1.14257703545343
"TACCTTATCGTCGTTC-1_GSM4013392",1.21868661472753
"CGGGTCAGTGGAAAGA-1_GSM4013392",1.06767021844372
"AACCGCGGTACCAGTT-1_GSM4013392",0.707559834866363
"CAGCTGGGTCACCTAA-1_GSM4013392",0.838510183227796
"CATATGGTCGGTCTAA-1_GSM4013392",0.649242493462825
"GCATGTAAGCTGAACG-1_GSM4013392",1.35108183742377
"CTACGTCGTTAGGGTG-1_GSM4013392",1.1508869888195
"CAGGTGCTCGCCAGCA-1_GSM4013392",0.945938538028403
"ACCGTAAAGAGCTATA-1_GSM4013392",0.99387766883389
"ATAACGCTCCATGCTC-1_GSM4013392",0.741431952690698
"AAGGTTCGTAGGCATG-1_GSM4013392",1.20727656712112
"TCGCGAGCAAGGTTCT-1_GSM4013392",1.21812996487236
"ACGGAGAAGGGTCTCC-1_GSM4013392",0.820374849128557
"ACTGCTCAGCTCCTCT-1_GSM4013392",0.784462522170012
"CTCACACCAAGCCGTC-1_GSM4013392",0.682000441514211
"TCTCTAATCGGCGCAT-1_GSM4013392",1.17741021806286
"TGCGCAGTCGAGCCCA-1_GSM4013392",1.18121141130088
"CATCAGAGTAAGAGGA-1_GSM4013392",1.34758404370562
"GTTACAGGTTAGGGTG-1_GSM4013392",0.4162640101834
"GTTAAGCTCCTTGGTC-1_GSM4013392",1.03628726438242
"AGCTCCTAGCGCCTCA-1_GSM4013392",1.09185897360481
"CGTCACTCAGCTATTG-1_GSM4013392",1.30676345598446
"CGTGTCTAGCCAGTAG-1_GSM4013392",0.908130553316429
"GGCTGGTAGCTGCCCA-1_GSM4013392",0.667880639259715
"CCTACACAGTGTCCAT-1_GSM4013392",0.796106946152818
"AACTCAGTCTTGCCGT-1_GSM4013392",0.869348043895521
"GCGCCAACACAACGTT-1_GSM4013392",0.939155639686681
"GGACAGAAGCGATGAC-1_GSM4013392",1.07533400884679
"ATCACGACACGTAAGG-1_GSM4013392",1.35947862064448
"ACCGTAATCGCTTGTC-1_GSM4013392",0.987606348125452
"AAATGCCCAATCCAAC-1_GSM4013392",1.25237776977439
"ACTGAGTTCGGCATCG-1_GSM4013392",1.18478111569675
"CTGAAACCATGCGCAC-1_GSM4013392",1.26845650175926
"TGTGGTACATACGCTA-1_GSM4013392",0.971006719271375
"TCATTACAGGTGGGTT-1_GSM4013392",1.03684885491515
"CTAAGACTCCGCGTTT-1_GSM4013392",1.11789438999826
"GCATACACAATGTAAG-1_GSM4013392",1.07319692662562
"AGTCTTTTCGTCTGCT-1_GSM4013392",1.37765427819305
"CCACTACTCCCTTGCA-1_GSM4013392",1.2733222901784
"CTGAAGTTCTGTACGA-1_GSM4013392",0.98342459065562
"TAGTTGGCAGCGTAAG-1_GSM4013392",1.30988401024474
"CATTATCGTAATAGCA-1_GSM4013392",1.16233448068031
"AACTGGTGTACTCTCC-1_GSM4013392",1.08283446193919
"GGACGTCGTAGAGCTG-1_GSM4013392",0.99396655015711
"AGTGGGATCGTAGATC-1_GSM4013392",1.31348055217962
"CCCTCCTAGCGATGAC-1_GSM4013392",1.27502938729751
"CGTAGCGTCTGGCGTG-1_GSM4013392",0.74210371566296
"GACACGCCATCGTCGG-1_GSM4013392",1.04721971516191
"AGGGAGTGTCAACATC-1_GSM4013392",0.915916139558869
"GACGTTATCAACGAAA-1_GSM4013392",0.782145010100819
"TCGGTAACAATCACAC-1_GSM4013392",1.42448025091893
"GAGCAGATCCCTTGCA-1_GSM4013392",0.688823171025389
"GAACCTACATCACGTA-1_GSM4013392",1.2630800301177
"CTGATAGAGAAACGAG-1_GSM4013392",1.0972238980877
"TACTTACTCGTCCGTT-1_GSM4013392",1.34780095113121
"ATCATGGTCGGTTAAC-1_GSM4013392",1.3436843086508
"GTCATTTAGCTGCCCA-1_GSM4013392",1.41426246378672
"CGAACATTCATGGTCA-1_GSM4013392",1.18231152459774
"AAAGATGTCAGTCAGT-1_GSM4013392",1.17594466756326
"AGTGTCAAGCGTGAAC-1_GSM4013392",0.762505615920672
"CGCGGTAGTTCAGCGC-1_GSM4013392",1.22373504088541
"CCTTTCTAGTTGAGAT-1_GSM4013392",0.982477959589013
"CTCGGGAAGAAACCGC-1_GSM4013392",1.06473561836785
"CCATTCGAGGGTCGAT-1_GSM4013392",1.02116984359671
"TTGGAACGTAGGCATG-1_GSM4013392",0.876771941231453
"AACCATGTCGAGGTAG-1_GSM4013392",0.609064075831621
"GGATGTTCAATTCCTT-1_GSM4013392",1.07789489685957
"TGAGGGATCACTTCAT-1_GSM4013392",1.24705579851509
"GTAACTGGTCTGCGGT-1_GSM4013392",1.10760889950772
"CTGGTCTGTCTAAACC-1_GSM4013392",0.775837828947063
"ATAAGAGAGGTAAACT-1_GSM4013392",1.2285715031153
"CCATGTCTCGGCCGAT-1_GSM4013392",1.32657519018962
"TCGTACCTCAGCTCTC-1_GSM4013392",1.182474889307
"CTACACCAGTGGACGT-1_GSM4013392",0.926985957468056
"CCACTACTCACGAAGG-1_GSM4013392",1.27359079197259
"GGATTACGTCAGTGGA-1_GSM4013392",0.718890787154728
"GGCTCGAAGTAACCCT-1_GSM4013392",0.686679714604815
"TACGGGCGTCTAGTCA-1_GSM4013392",1.24816110941737
"CCAATCCAGCTGAAAT-1_GSM4013392",0.462192962639113
"ATGCGATTCTCAAGTG-1_GSM4013392",1.08544322631488
"TACTTGTGTCTTGATG-1_GSM4013392",1.26288332764489
"ACGCCGAGTCCAAGTT-1_GSM4013392",1.34123528379822
"ACACCCTTCCATTCTA-1_GSM4013392",1.28752127742699
"CGTGAGCGTGGTGTAG-1_GSM4013392",0.631432120125471
"CAAGATCGTGCATCTA-1_GSM4013392",1.25619304948923
"GTTCGGGTCGTACGGC-1_GSM4013392",1.27791177033911
"CACACTCTCACCTTAT-1_GSM4013392",1.24711068917836
"CTAACTTCAGCTGTAT-1_GSM4013392",0.904153957601252
"TGTTCCGAGGGTTCCC-1_GSM4013392",1.09167796404986
"CGATTGAGTAAATGAC-1_GSM4013392",0.781821264018022
"GAACATCCAGGGATTG-1_GSM4013392",1.18570958408549
"ATTACTCAGTCAAGCG-1_GSM4013392",0.705517361234039
"TCAATCTAGATCCCGC-1_GSM4013392",0.95744592103276
"TGGCCAGGTCTAGTGT-1_GSM4013392",1.07969904224703
"TATGCCCGTTTAGGAA-1_GSM4013392",1.20217078898457
"CATCAAGTCATACGGT-1_GSM4013392",1.16615992433159
"GAGTCCGTCGCTAGCG-1_GSM4013392",1.24926701764892
"AGATCTGCATTAACCG-1_GSM4013392",1.24981154338695
"CACTCCAGTAGCGTCC-1_GSM4013392",0.877453470203575
"TAGAGCTGTCGAACAG-1_GSM4013392",1.06927068833927
"CTGCTGTCAGTATCTG-1_GSM4013392",1.18240510423765
"CCTTCCCAGCTGATAA-1_GSM4013392",1.16210849902234
"CCTTCCCAGCCACTAT-1_GSM4013392",1.10211060412976
"GTTAAGCAGAGGTTAT-1_GSM4013392",1.11279115730884
"TACCTATCAACAACCT-1_GSM4013392",1.33078455329631
"CTGCCTAAGTCTTGCA-1_GSM4013392",1.28012606850082
"CATTATCGTGCAGGTA-1_GSM4013392",1.11290959245788
"GTTAAGCTCCTGTAGA-1_GSM4013392",1.01074750173555
"CGATTGATCAACCATG-1_GSM4013392",1.12312043115975
"GTCGTAACAAGTCATC-1_GSM4013392",1.06826070000251
"ACGAGGAAGACGACGT-1_GSM4013392",1.19982361446232
"TTTACTGAGAATTCCC-1_GSM4013392",1.02733287280208
"TGGGCGTTCCTGCAGG-1_GSM4013392",1.1842723077231
"GCACTCTAGAAGGGTA-1_GSM4013392",1.27787716188591
"CCGGTAGAGTCTCAAC-1_GSM4013392",0.715546786673166
"GTCATTTAGTCGCCGT-1_GSM4013392",1.33339119957238
"GAGGTGAAGCCTCGTG-1_GSM4013392",0.951936615885411
"GTTACAGTCCATGAGT-1_GSM4013392",0.924416192043624
"GCATGCGGTTTAAGCC-1_GSM4013392",0.838006986653821
"ACACCCTCATGTAAGA-1_GSM4013392",1.12842524008914
"GACCAATCACGCCAGT-1_GSM4013392",1.4099678290996
"ACGATGTCAGAGCCAA-1_GSM4013392",1.27794994091341
"CCACTACTCTCACATT-1_GSM4013392",0.563478830742701
"GCGCCAAGTGTCCTCT-1_GSM4013392",0.843649981104919
"CTTAACTTCGAATCCA-1_GSM4013392",1.14670133752986
"GTCATTTCAGCAGTTT-1_GSM4013392",0.724280688087301
"ACGGGTCAGACAGAGA-1_GSM4013392",1.07018667795857
"CGAACATCATGGTAGG-1_GSM4013392",0.855378802972904
"AGACGTTGTGTTTGGT-1_GSM4013392",1.27303441005274
"ACATACGTCGTCTGCT-1_GSM4013392",1.28156743729497
"ACTTACTTCCTTCAAT-1_GSM4013392",0.529130681763293
"AATCGGTTCAGGTTCA-1_GSM4013392",0.960855177686927
"GATCGATGTGTGCGTC-1_GSM4013392",1.14976843035378
"TGATTTCAGAAGGTTT-1_GSM4013392",1.30390020613953
"CAGAGAGTCAAACAAG-1_GSM4013392",0.812281175623186
"ACTTTCATCATTTGGG-1_GSM4013392",1.24942842278835
"ACTGTCCAGTGCGTGA-1_GSM4013392",0.637036474227365
"TGGTTAGCAGGCGATA-1_GSM4013392",1.11253362931
"TTAACTCAGTAATCCC-1_GSM4013392",0.961357572515332
"CTTACCGAGAATTGTG-1_GSM4013392",1.33945070344562
"ATAACGCCATGATCCA-1_GSM4013392",1.08237539744602
"CCCTCCTTCAACTCTT-1_GSM4013392",1.28584483399746
"GGACAGAAGCCGTCGT-1_GSM4013392",1.248296274072
"CCTTCGATCGGTGTCG-1_GSM4013392",0.964352834950517
"CGATTGATCACATAGC-1_GSM4013392",0.994861677642295
"GTAGTCAAGTTAGGTA-1_GSM4013392",0.857320089390842
"ATCACGACATAGTAAG-1_GSM4013392",1.10354357685597
"CGTTCTGAGGTGACCA-1_GSM4013392",0.956026691395844
"AATCGGTGTGAGCGAT-1_GSM4013392",1.18977317652713
"CGGTTAACATAGAAAC-1_GSM4013392",1.39736865920475
"GACCAATAGGGAGTAA-1_GSM4013392",0.760890686980541
"ACTTTCACAGCTATTG-1_GSM4013392",0.813424179016398
"CCCAGTTTCTGGTTCC-1_GSM4013392",1.04224873776811
"ATCGAGTCATAGGATA-1_GSM4013392",0.969410585965164
"TAGTTGGCATCACAAC-1_GSM4013392",1.26384061136899
"CTGATCCAGGTGTTAA-1_GSM4013392",1.03147802742507
"AGACGTTTCCATGAGT-1_GSM4013392",1.07581412173585
"GATCGCGGTCAAAGAT-1_GSM4013392",0.527661836543819
"CAAGGCCGTAAATGTG-1_GSM4013392",0.945595553994319
"CCGTGGAGTAAAGTCA-1_GSM4013392",1.37460386630824
"TCTGAGAAGTCACGCC-1_GSM4013392",0.80878937424241
"AGAGCGACAATTGCTG-1_GSM4013392",0.889506084813232
"ATTGGACTCTGACCTC-1_GSM4013392",1.13297611553179
"AGTTGGTTCATTCACT-1_GSM4013392",1.01607641057167
"GCTTCCAGTCTGATCA-1_GSM4013392",0.797855689947324
"CTTGGCTGTGTAACGG-1_GSM4013392",1.21782748409853
"CGAATGTTCCACTCCA-1_GSM4013392",1.16906409139822
"CAGTAACGTAGAGGAA-1_GSM4013392",0.753882610540245
"TGAGCCGAGCTCAACT-1_GSM4013392",1.10476226798091
"GGACGTCAGGTACTCT-1_GSM4013392",0.962967092676498
"GGACGTCAGACAGGCT-1_GSM4013392",1.39182814527959
"GTACTCCCATGTCTCC-1_GSM4013392",0.568649384827487
"GGACGTCTCGACAGCC-1_GSM4013392",0.761986408866919
"AACCGCGAGGCTAGGT-1_GSM4013392",1.11898796021717
"AGGGATGCACAGACAG-1_GSM4013392",1.30031266775747
"CACTCCATCACGGTTA-1_GSM4013392",0.945061491768206
"GAAACTCGTAACGTTC-1_GSM4013392",0.777438335948155
"TCAATCTAGATCGGGT-1_GSM4013392",1.00001981851159
"GAAATGATCGAGCCCA-1_GSM4013392",0.629076712358638
"AACTCAGGTCCGAAGA-1_GSM4013392",1.1457390371948
"AAGCCGCCACACGCTG-1_GSM4013392",1.26520320530597
"GTGTGCGGTCGATTGT-1_GSM4013392",1.24036013813244
"CGATGGCGTGTATGGG-1_GSM4013392",1.2788520612303
"TCATTACTCTCGCTTG-1_GSM4013392",0.655019078686943
"CAGAGAGGTACCGTTA-1_GSM4013392",0.468979163336952
"CGCTGGAAGTACGATA-1_GSM4013392",1.06857067849834
"GAATGAACATTCTCAT-1_GSM4013392",0.876342087125196
"ACGAGGACAAGCCTAT-1_GSM4013392",0.721583885581848
"AGTGTCACATGTAGTC-1_GSM4013392",0.476259152507825
"TTCTTAGGTACCGTTA-1_GSM4013392",1.12074211167781
"AGACGTTAGTTATCGC-1_GSM4013392",0.579707194389041
"GTCGTAAAGACGCTTT-1_GSM4013392",0.709026373519002
"CGTAGGCCAGACGCTC-1_GSM4013392",1.42440859886558
"CCCATACTCATGCTCC-1_GSM4013392",0.308778143257791
"CTACATTTCAGGTAAA-1_GSM4013392",1.11901846594411
"GCGGGTTCATGCAATC-1_GSM4013392",0.714094046656021
"TGAAAGAAGACCTTTG-1_GSM4013392",1.31504013044743
"ACCGTAAGTGGCCCTA-1_GSM4013392",0.780277475721826
"AGATTGCGTACGACCC-1_GSM4013392",0.802752580021841
"CATCGGGTCCTAGAAC-1_GSM4013392",0.840608709706233
"GTAGTCACAGATGGCA-1_GSM4013392",1.15271809441204
"TCGCGAGAGATAGTCA-1_GSM4013392",0.995078617267657
"CTCCTAGCACAGTCGC-1_GSM4013392",1.21987571481116
"TTGCGTCTCGGAGCAA-1_GSM4013392",0.847983670385372
"TGGTTCCAGTGGGTTG-1_GSM4013392",1.13964795317049
"ACGCCAGCATGCCACG-1_GSM4013392",0.892495646797044
"CTGATCCGTGGTCTCG-1_GSM4013392",0.807084543547248
"AGTGTCAAGCTGCCCA-1_GSM4013392",0.994959789766347
"GCGCAACGTAGGGACT-1_GSM4013392",1.31422334013855
"CCTCAGTGTGGGTCAA-1_GSM4013392",1.1968541592821
"GGGTTGCCATTCTTAC-1_GSM4013392",0.867642629067724
"ATGCGATCATGATCCA-1_GSM4013392",1.1834037888834
"AGTCTTTTCAGCTCTC-1_GSM4013392",0.724258817087671
"TGTTCCGAGCGTAATA-1_GSM4013392",0.824668702734727
"GAGGTGATCTAACTTC-1_GSM4013392",1.30388768870445
"CCCTCCTGTCTAAACC-1_GSM4013392",0.833054641870168
"CGTAGCGAGGTGCTAG-1_GSM4013392",0.575230377435556
"TACCTATGTGGTTTCA-1_GSM4013392",1.01239143937156
"CGATTGACAAGAGGCT-1_GSM4013392",1.24608459953249
"CAGTCCTTCTTATCTG-1_GSM4013392",0.704327502781545
"CAGAATCCAGTATGCT-1_GSM4013392",1.22178285057171
"GTATCTTTCGATAGAA-1_GSM4013392",1.23850021006753
"CACACTCGTAGCGATG-1_GSM4013392",0.73077548008117
"ACGAGGACACCTCGTT-1_GSM4013392",1.14178834055609
"GTGCTTCGTATATGAG-1_GSM4013392",1.19822461832131
"AGAATAGAGTACTTGC-1_GSM4013392",1.26656190149205
"AGCTCTCCAATGGACG-1_GSM4013392",0.720552645420183
"GTGAAGGGTAAGCACG-1_GSM4013392",1.06502221823259
"CTGAAGTCATTAACCG-1_GSM4013392",1.19431393230057
"GAACGGATCGGATGTT-1_GSM4013392",1.30635181308614
"ACGCCAGGTCAGGACA-1_GSM4013392",0.621812479458598
"GTGTGCGCACCAACCG-1_GSM4013392",0.969349674731187
"AGTGAGGAGCAATCTC-1_GSM4013392",1.11585322751956
"TCTATTGCAGCCTGTG-1_GSM4013392",0.732023217376721
"CACAGGCGTCCAGTGC-1_GSM4013392",0.688625023585416
"ACACTGATCAGAGGTG-1_GSM4013392",1.14944654380017
"AACTCAGAGGGTTCCC-1_GSM4013392",0.966106731289528
"CTACACCGTTAAGAAC-1_GSM4013392",1.02229043595333
"CTCGTACAGAAGATTC-1_GSM4013392",1.05105040743303
"CCTCTGAGTCTTCAAG-1_GSM4013392",1.26840667232342
"TCGGGACCACGTGAGA-1_GSM4013392",1.10964507342129
"GTTCGGGTCGGAATCT-1_GSM4013392",1.08863610323043
"CCAGCGACAATGAATG-1_GSM4013392",1.26263975309553
"GTGCTTCCAATTCCTT-1_GSM4013392",0.951347877473826
"TAGGCATGTCAATGTC-1_GSM4013392",0.80650464560377
"CTTAACTGTATTAGCC-1_GSM4013392",1.24479954290941
"ACGGCCAGTGGCCCTA-1_GSM4013392",0.708031340642177
"CCCTCCTAGTCCTCCT-1_GSM4013392",0.911806353311713
"AACCATGGTCTAAACC-1_GSM4013392",0.310423607433455
"CACTCCATCATGCAAC-1_GSM4013392",0.726029118146452
"GTACTTTAGTGCGATG-1_GSM4013392",1.25804019821001
"TGGGCGTAGTGTGAAT-1_GSM4013392",0.829363569844738
"GACACGCCAAGTTGTC-1_GSM4013392",0.859978687197172
"CACACTCGTTAAGTAG-1_GSM4013392",1.06639040270724
"GCGACCATCCATGCTC-1_GSM4013392",1.26465058180258
"AAGTCTGCAGGTCTCG-1_GSM4013392",1.17059554113356
"TGTCCCACAAGGTTCT-1_GSM4013392",1.19644843095383
"AACCATGTCCTAAGTG-1_GSM4013392",0.836061692415485
"ATGGGAGTCATTATCC-1_GSM4013392",1.02575819072784
"TGGCGCATCGGAGGTA-1_GSM4013392",0.194662473571763
"ATTCTACAGAGCCTAG-1_GSM4013392",0.658612436861199
"GGACATTAGTGTTGAA-1_GSM4013392",0.813286560052469
"AGCGTATAGAGTCGGT-1_GSM4013392",0.710679109551781
"AAGCCGCTCCGTAGGC-1_GSM4013392",1.11025671816771
"CCTAGCTAGTGGGTTG-1_GSM4013392",1.09775419438734
"CAGCTAAGTCGATTGT-1_GSM4013392",0.825903168182299
"ATAGACCGTGTGCGTC-1_GSM4013392",1.10850260638624
"CTCTAATGTGCTGTAT-1_GSM4013392",0.67346049181449
"CTACATTAGATATGCA-1_GSM4013392",1.06850617375411
"GCATGCGGTACTTCTT-1_GSM4013392",0.874672685218512
"GTTACAGTCCACGCAG-1_GSM4013392",0.740970095524955
"CGCGTTTCAAAGAATC-1_GSM4013392",0.714390605209613
"TCGCGTTGTACTCAAC-1_GSM4013392",1.08201654563933
"CCGTGGAAGTACATGA-1_GSM4013392",1.05627820306833
"TCTTCGGCAGCGTTCG-1_GSM4013392",1.18837701163799
"TTCCCAGAGACAATAC-1_GSM4013392",0.415443683292014
"CCTTACGAGAATGTTG-1_GSM4013392",0.735334763043862
"GCGGGTTGTCGAGATG-1_GSM4013392",0.663763007337391
"CGTCTACCATCGGAAG-1_GSM4013392",0.420878131573355
"TCGTACCTCATCACCC-1_GSM4013392",0.351421022171262
"TCAGCTCCAAACTGCT-1_GSM4013392",1.28424724810566
"CATATTCCACTTACGA-1_GSM4013392",0.770530567573576
"TGACTAGTCGGCCGAT-1_GSM4013392",0.950401128865292
"TCACGAACAAGGACTG-1_GSM4013392",0.328953610108967
"ATCACGAAGGGAGTAA-1_GSM4013392",0.94987960554476
"ATCATCTCAAAGTGCG-1_GSM4013392",0.49845950941822
"CGATTGAAGCTATGCT-1_GSM4013392",0.755953406994469
"TAGCCGGCACGCTTTC-1_GSM4013392",1.23878243621524
"CGATTGATCACCTTAT-1_GSM4013392",0.328244990448435
"TTTATGCAGGTCGGAT-1_GSM4013392",0.935174368690099
"TTAGGACCAATTGCTG-1_GSM4013392",0.911345333157301
"TCTGAGATCCTAGGGC-1_GSM4013392",0.773465982238223
"GATCAGTAGAAGGCCT-1_GSM4013392",0.802409525956116
"CACACCTCAATCTACG-1_GSM4013392",1.21551510347551
"GCATGCGAGAAGATTC-1_GSM4013392",1.17139544156829
"CCCTCCTTCTCCTATA-1_GSM4013392",0.51758296489105
"CGCGGTAGTACCGGCT-1_GSM4013392",1.12866468553167
"TGCTGCTGTTATGTGC-1_GSM4013392",0.303036448477713
"GGAATAATCAGTTGAC-1_GSM4013392",1.02725547572416
"TGTGTTTGTTACCGAT-1_GSM4013392",0.621657155085843
"AACCGCGAGGTAAACT-1_GSM4013392",1.17011497783686
"GGTATTGAGCAATCTC-1_GSM4013392",0.754520186595281
"CCATGTCTCAGCTTAG-1_GSM4013392",1.1039360695687
"GGCCGATGTTCGTGAT-1_GSM4013392",0.996036355508976
"TATGCCCTCTCCAGGG-1_GSM4013392",0.830921326208802
"CAAGTTGAGAGACTTA-1_GSM4013392",0.843635677952491
"GACCAATTCTCTGAGA-1_GSM4013392",0.941568110027645
"AGAGTGGAGCCGGTAA-1_GSM4013392",0.671988884287466
"TCACAAGTCTTTAGGG-1_GSM4013392",0.846936732248036
"AAGTCTGAGACTACAA-1_GSM4013392",1.13530368886284
"GCTGCAGGTACGACCC-1_GSM4013392",0.290999278312739
"ACACTGAGTCCGTGAC-1_GSM4013392",0.734640252035844
"GATCAGTCAGGTGGAT-1_GSM4013392",0.781802263015995
"ATGCGATTCCTAGAAC-1_GSM4013392",1.14733823281369
"GCACATAGTTATCGGT-1_GSM4013392",1.14327842726165
"CTCGGGACAACTGCGC-1_GSM4013392",0.635356984119568
"GAATAAGTCTAGAGTC-1_GSM4013392",0.373152979824384
"ATTGGTGCACAGACAG-1_GSM4013392",0.379626720462997
"CTACATTAGATCTGAA-1_GSM4013392",1.00214249708437
"AGGTCCGAGATGTAAC-1_GSM4013392",1.03211920090457
"CCATTCGAGCTTTGGT-1_GSM4013392",0.792373268275558
"TCACGAAGTTGCGTTA-1_GSM4013392",0.893649285904997
"TGGCTGGTCAGTACGT-1_GSM4013392",0.942197936299056
"CATATGGTCTACCAGA-1_GSM4013392",0.502503983394557
"ATGCGATAGGCCATAG-1_GSM4013392",0.282927687817454
"CCTTACGTCAAGAAGT-1_GSM4013392",0.635944471569939
"GGTGCGTCATGGTAGG-1_GSM4013392",0.987976660146272
"GACGTTACAGACACTT-1_GSM4013392",0.87698632557293
"GGCAATTTCAGCGACC-1_GSM4013392",1.17631640455541
"ATTGGTGCATGCCCGA-1_GSM4013392",0.648486017063643
"ATTGGTGAGTGAATTG-1_GSM4013392",0.26253152394994
"ACTGTCCAGTGGCACA-1_GSM4013392",1.17202707485283
"CCGTACTAGGATGTAT-1_GSM4013392",0.415642125294619
"ATTGGTGGTGCAACTT-1_GSM4013392",0.99388381797912
"TGGCGCAAGTAGGTGC-1_GSM4013392",0.59865523541674
"CAGCAGCGTCATGCCG-1_GSM4013392",0.893292398352002
"ATCATGGTCATCGCTC-1_GSM4013392",0.805168782910894
"ACGCCGAGTGATAAGT-1_GSM4013392",0.50443147308897
"AGCGTCGTCTTTACAC-1_GSM4013392",1.24111872500152
"CCGGGATAGGTTCCTA-1_GSM4013392",0.258746998883612
"CTCACACAGCCTATGT-1_GSM4013392",1.41273373090163
"TTCTACAAGGTGCTTT-1_GSM4013392",0.411651522116577
"GCAATCAAGGACGAAA-1_GSM4013392",1.17260316720508
"GGCCGATAGGGTGTTG-1_GSM4013392",0.980124988850276
"TACTTACCACGAGGTA-1_GSM4013392",1.148867600515
"TAAGCGTTCTTTAGGG-1_GSM4013392",0.324394461974119
"TGGGAAGCAGATCGGA-1_GSM4013392",0.255654997085859
"ACGTCAAGTTCAGGCC-1_GSM4013392",1.0543574386957
"GCTGCAGCAGCTTCGG-1_GSM4013392",0.953748226563449
"CTCATTACACCACGTG-1_GSM4013392",1.20569467260605
"GTGCTTCAGCAGCGTA-1_GSM4013392",0.303616030558683
"CCGTTCATCGATCCCT-1_GSM4013392",1.16512910708646
"GGGTCTGGTTAGAACA-1_GSM4013392",1.00426542875033
"CTGCTGTTCAACCAAC-1_GSM4013392",0.530857348988875
"ACAGCTATCATCGGAT-1_GSM4013392",0.445921529747742
"TCGTACCGTGCGCTTG-1_GSM4013392",1.27306631716605
"GAGGTGATCGTAGGAG-1_GSM4013392",0.306826371021453
"GGACGTCGTACCGCTG-1_GSM4013392",1.03224847475222
"CTAGAGTAGTCAAGGC-1_GSM4013392",0.608593341852492
"GAATGAAAGAGGTACC-1_GSM4013392",0.349377230690884
"TAGTTGGCATACGCTA-1_GSM4013392",0.567958868794901
"CGAATGTAGAAGAAGC-1_GSM4013392",0.528826822345071
"TACGGATAGTGGAGAA-1_GSM4013392",1.02674394557594
"TTAGGCACAATGGAAT-1_GSM4013392",0.35062375954536
"GGTATTGCAAGAGGCT-1_GSM4013392",0.582542156933647
"GTACGTACAGGATTGG-1_GSM4013392",0.208524961164802
"GCAATCATCCCAAGTA-1_GSM4013392",0.757842133164735
"GCAATCAAGCTGAAAT-1_GSM4013392",0.27509035868886
"TAGACCAAGGTCGGAT-1_GSM4013392",0.567016220915914
"TAGTGGTTCATGCTCC-1_GSM4013392",1.25720120295802
"GTCCTCATCGGAGGTA-1_GSM4013392",1.08250078642234
"CGTGTAAGTGATGATA-1_GSM4013392",0.856060627852404
"TTTACTGCAGGAACGT-1_GSM4013392",0.965075896894017
"CTCATTACAGGGTATG-1_GSM4013392",1.03970566203915
"GTTACAGTCCAAGCCG-1_GSM4013392",0.413841006714136
"TGCCCTAAGAGCAATT-1_GSM4013392",1.26416567472647
"CGCTATCAGTGTTTGC-1_GSM4013392",0.300255458148655
"CTGATCCTCGGCCGAT-1_GSM4013392",0.35050027911605
"CCTTCCCCATTCCTGC-1_GSM4013392",0.983915912297138
"AGAATAGGTACCGTAT-1_GSM4013392",0.446787346394886
"CTAGTGATCAACACAC-1_GSM4013392",0.585285522651043
"CTAATGGAGCGCCTCA-1_GSM4013392",1.03811154741084
"TTTATGCAGACTGTAA-1_GSM4013392",0.799608551819265
"CTAACTTCATGTCCTC-1_GSM4013392",0.309764054907662
"CAGAGAGGTAGGACAC-1_GSM4013392",1.09867443276155
"TGGACGCGTACCTACA-1_GSM4013392",0.460819016333221
"ATAAGAGGTCTAGCCG-1_GSM4013392",0.357182085265137
"GTATCTTCAGGAACGT-1_GSM4013392",1.23405585902486
"CGGAGCTTCTGCAGTA-1_GSM4013392",0.365705765288196
"TACTCGCAGGCATGTG-1_GSM4013392",0.625952903097875
"CTAGCCTCATCCCACT-1_GSM4013392",0.759000245018274
"CCGTGGATCCAACCAA-1_GSM4013392",1.06677158653721
"CTAAGACCAGGTGCCT-1_GSM4013392",0.563336102622554
"ACACCGGGTCACCCAG-1_GSM4013392",0.468235178225536
"AAACCTGTCCGCATCT-1_GSM4013392",0.304509309832375
"CAGGTGCCAGTCCTTC-1_GSM4013392",1.11751131142704
"GTTCGGGTCACCATAG-1_GSM4013392",0.940051476692004
"TGGCCAGAGCCACGCT-1_GSM4013392",0.58537591420719
"CAGGTGCTCGATCCCT-1_GSM4013392",1.14663939880459
"GATTCAGTCGCTAGCG-1_GSM4013392",0.88604216001213
"GACGTTAAGTGTCCCG-1_GSM4013392",0.422091017955074
"CACACTCAGGTGACCA-1_GSM4013392",0.570585965643925
"CCTACACCAATGACCT-1_GSM4013392",0.58392327499035
"GCCAAATCATGGAATA-1_GSM4013392",0.364414960187099
"GATGAAATCAGTACGT-1_GSM4013392",0.520268508164521
"AGCGTATCACGAAAGC-1_GSM4013392",1.20533832149797
"AACCATGTCAGAAATG-1_GSM4013392",1.12048658361073
"GTCATTTCACTTACGA-1_GSM4013392",0.921688322750651
"AGAATAGCACGTCAGC-1_GSM4013392",0.900368788814518
"GTGCATATCTTACCTA-1_GSM4013392",1.08836042338782
"GACGCGTAGATGTTAG-1_GSM4013392",0.284045179011188
"CACCAGGCACGAGAGT-1_GSM4013392",0.499611539069857
"TATCTCACATCCTTGC-1_GSM4013392",0.304600247353549
"GGATGTTCAGATCGGA-1_GSM4013392",1.02243219358779
"CCCAATCTCAGCTCGG-1_GSM4013392",0.346081444698727
"CTACATTGTCAAGCGA-1_GSM4013392",1.00102201670176
"GTCGTAACATGCCTAA-1_GSM4013392",0.605952444151449
"GGGCACTGTTCAGGCC-1_GSM4013392",0.797111029203913
"CTCTACGGTACGCTGC-1_GSM4013392",0.382889957122725
"CTGCGGATCTGGAGCC-1_GSM4013392",0.408845348151434
"TGCCCATGTTCCACAA-1_GSM4013392",1.04289226902402
"GGGAATGGTGGTCTCG-1_GSM4013392",0.889531417655493
"CCCAATCGTAGCCTAT-1_GSM4013392",0.30949555587468
"TACCTATTCGATGAGG-1_GSM4013392",1.15377075592628
"CTCTGGTAGACTAGAT-1_GSM4013392",0.916509957187068
"GGGAATGGTAGCGCTC-1_GSM4013392",0.32837864702728
"GGCGTGTGTAAGCACG-1_GSM4013392",1.21933001865706
"CGTTGGGCAGTCGATT-1_GSM4013392",1.02742549403704
"AATCCAGAGTGGGATC-1_GSM4013392",0.575278015915238
"CTTCTCTTCACTTATC-1_GSM4013392",0.65728694774472
"CCCAGTTCATGCAACT-1_GSM4013392",0.35756631544434
"GCACTCTAGCAATCTC-1_GSM4013392",0.484857462749388
"GTATTCTCACAAGTAA-1_GSM4013392",0.385347730908364
"GGCCGATAGATATGCA-1_GSM4013392",0.772376671724641
"TACCTTAAGTTCGCGC-1_GSM4013392",1.14621747541302
"GTAGTCAGTCCCTTGT-1_GSM4013392",0.381839430490279
"TGGACGCTCGTAGGAG-1_GSM4013392",0.603793217395027
"CGCGGTAAGGGAGTAA-1_GSM4013392",0.628028938591052
"TCGCGAGAGGAATCGC-1_GSM4013392",0.83242247803193
"GGACAAGAGAGGGATA-1_GSM4013392",0.510430539486836
"TTCTCCTCATTCGACA-1_GSM4013392",1.01283202973972
"CGATCGGAGCAGGCTA-1_GSM4013392",0.948867990375022
"ATAACGCAGTAAGTAC-1_GSM4013392",1.0020962728287
"TGGACGCCACATCCGG-1_GSM4013392",0.349733827121103
"GCTTCCAGTTGAACTC-1_GSM4013392",0.705103427755107
"ATTGGACTCATTTGGG-1_GSM4013392",0.552239478802318
"CGAACATGTCGAGTTT-1_GSM4013392",0.785436872218958
"TAGTTGGCAACCGCCA-1_GSM4013392",0.729715573219724
"TACGGATTCTACTTAC-1_GSM4013392",0.512874155146489
"TTCTTAGAGTCGATAA-1_GSM4013392",0.983426452187368
"CGCTTCATCCTAAGTG-1_GSM4013392",0.524546697620951
"CTTGGCTCAAACCTAC-1_GSM4013392",1.08699068604201
"TTGGAACTCTGCTTGC-1_GSM4013392",0.656731390238874
"TCACGAATCCAAAGTC-1_GSM4013392",0.461675580187725
"AACTCAGTCTTCATGT-1_GSM4013392",1.19275336133226
"TCAATCTTCAGCTGGC-1_GSM4013392",0.229324433965599
"TATCAGGGTTAAGGGC-1_GSM4013392",0.461543863386311
"ACCAGTATCAGCTCGG-1_GSM4013392",1.09171082372299
"CTCAGAACAAGGACAC-1_GSM4013392",0.274612203162215
"TCACGAATCTTCAACT-1_GSM4013392",0.85300471419592
"CGATTGAAGTAGCCGA-1_GSM4013392",0.954436504696524
"CACAGTAAGTCCGGTC-1_GSM4013392",0.558163337437457
"CATTCGCCATCGACGC-1_GSM4013392",0.332342845006623
"ATAGACCAGTTAAGTG-1_GSM4013392",0.306545770853196
"GATCAGTCACGCTTTC-1_GSM4013392",0.398197390089436
"GACAGAGTCGGTCCGA-1_GSM4013392",0.686628447261596
"GTTAAGCTCCATGAAC-1_GSM4013392",0.771572209767605
"TATCAGGCATCGGAAG-1_GSM4013392",0.364708459236669
"GTTCGGGCAATCTACG-1_GSM4013392",1.20586103214134
"CGTAGCGCAGGACCCT-1_GSM4013392",0.407218395155851
"CATCGGGGTTATCCGA-1_GSM4013392",1.04705665221317
"GCGCCAATCCCAGGTG-1_GSM4013392",0.819313769545792
"CATATGGAGACAAGCC-1_GSM4013392",0.947070344982298
"TGTGTTTGTCAGAGGT-1_GSM4013392",0.737390903015968
"CTGTGCTAGGCTCTTA-1_GSM4013392",0.976898153185753
"AAACGGGCATTAACCG-1_GSM4013392",0.449476487934512
"GTTAAGCCAGTTAACC-1_GSM4013392",0.605646678992951
"ACCAGTATCCATGCTC-1_GSM4013392",0.960461620239123
"ACATACGCAGCTATTG-1_GSM4013392",0.663970799653265
"CCGTTCACAAGCCATT-1_GSM4013392",1.0737959380986
"CACCTTGAGATCGATA-1_GSM4013392",0.821788754505172
"ACTGTCCCAAACCCAT-1_GSM4013392",0.267568137784587
"CACACTCTCACCACCT-1_GSM4013392",0.285726138839491
"CACATTTAGCAAATCA-1_GSM4013392",0.278400225848288
"ACATGGTGTCCAGTGC-1_GSM4013392",0.866203453490513
"GGGACCTTCCGCTGTT-1_GSM4013392",0.478830552208115
"TCGGTAACACCAGATT-1_GSM4013392",1.1331033656367
"TGAGAGGAGAGACGAA-1_GSM4013392",0.592687940253463
"GGGACCTCAGCTGGCT-1_GSM4013392",1.08424065072974
"GGATGTTCACAGATTC-1_GSM4013392",0.193808326209863
"TGAAAGATCAAACGGG-1_GSM4013392",0.240802849057773
"GGGTCTGAGGAGTACC-1_GSM4013392",0.388533471386186
"GTAGGCCGTGTTGAGG-1_GSM4013392",0.23688997968432
"CTGCTGTTCACGCGGT-1_GSM4013392",0.645144869953215
"TAAACCGCATCTCCCA-1_GSM4013392",1.40966445165341
"TTAGGACGTAAGGGCT-1_GSM4013392",0.924938169698218
"TGCCCTACAAACCTAC-1_GSM4013392",1.13261296583108
"CACACCTGTTCCACAA-1_GSM4013392",0.847209164268939
"GGACAAGCACAGGAGT-1_GSM4013392",0.301827402782077
"TCAGGTAAGTACGCCC-1_GSM4013392",0.307620513389365
"ATCTGCCGTCTAGCGC-1_GSM4013392",1.01512701934997
"AATCCAGTCGTAGGAG-1_GSM4013392",1.01238628273622
"ATCATCTGTGCAGTAG-1_GSM4013392",1.0970920181589
"CTCTAATGTAGCAAAT-1_GSM4013392",0.465114727916602
"CTTTGCGAGAGCAATT-1_GSM4013392",1.06096042546743
"TACACGAAGTGCGATG-1_GSM4013392",0.408335042374854
"TAGAGCTCATCTCCCA-1_GSM4013392",1.08127604318974
"AAGTCTGTCCTTCAAT-1_GSM4013392",0.75752369983737
"CCCAATCAGGGATACC-1_GSM4013392",0.421002839967521
"GGAACTTTCCACGCAG-1_GSM4013392",0.426022339800014
"GGGAATGTCCGTAGGC-1_GSM4013392",0.681139214280497
"ACCTTTAGTAAGAGGA-1_GSM4013392",0.284968688586489
"GCACTCTGTGATGCCC-1_GSM4013392",0.945890719697125
"ATTTCTGAGCACAGGT-1_GSM4013392",1.04756050848312
"TTAGGCAAGGCGCTCT-1_GSM4013392",0.299884392146892
"GCTTCCACAGCAGTTT-1_GSM4013392",0.458476249435209
"ACTGATGTCACAAACC-1_GSM4013392",0.772150447686172
"AAATGCCGTGGCAAAC-1_GSM4013392",0.891937297117125
"CTAGCCTGTACTTGAC-1_GSM4013392",0.944167512999968
"ACACTGACAAGCGTAG-1_GSM4013392",0.720926902664593
"CTCATTAGTTAGAACA-1_GSM4013392",0.249987252565829
"GCGACCAGTCTGGAGA-1_GSM4013392",0.524996532894539
"TTGGAACCAACAACCT-1_GSM4013392",0.297589558010244
"TGCGCAGTCTTGTTTG-1_GSM4013392",0.892827665407772
"TAAACCGCACGGTTTA-1_GSM4013392",0.33238062341737
"TGCTGCTGTTTCCACC-1_GSM4013392",0.860692487634092
"AAACCTGAGTCTTGCA-1_GSM4013392",0.565656931540046
"ATTGGACAGATCGGGT-1_GSM4013392",0.27561580767039
"TAAGCGTTCGTTTATC-1_GSM4013392",0.308508095796266
"TACGGGCGTCGACTGC-1_GSM4013392",0.332718582461793
"CACATTTGTAGCCTAT-1_GSM4013392",0.283850191645353
"CTGCTGTTCGAGCCCA-1_GSM4013392",1.30524282512675
"GTAACGTGTGACTCAT-1_GSM4013392",0.645843739409058
"ATGCGATGTAAGTGGC-1_GSM4013392",0.252865552338811
"AAGACCTAGTAGGTGC-1_GSM4013392",0.297995919457797
"CATTATCCACATGTGT-1_GSM4013392",0.253372039670181
"TCGGGACAGGAGTTGC-1_GSM4013392",0.261729476773021
"CAGATCAGTGACGGTA-1_GSM4013392",0.359493938175668
"CCGTTCAAGTTTAGGA-1_GSM4013392",0.209384115692875
"TATCAGGAGAATCTCC-1_GSM4013392",0.664036941496182
"TCGCGAGTCTATCGCC-1_GSM4013392",0.620228062566197
"TGAGAGGAGGTACTCT-1_GSM4013392",1.10934951878739
"GCACATAAGGACGAAA-1_GSM4013392",0.698372536096605
"ACGCCAGCATGGTTGT-1_GSM4013392",1.12618223740564
"CGAGAAGGTTAAAGAC-1_GSM4013392",0.267506255558075
"GATGAAAAGTATGACA-1_GSM4013392",0.322593323225074
"TTTACTGTCATAAAGG-1_GSM4013392",0.551010697967205
"GCTGCAGAGCTGAAAT-1_GSM4013392",0.709622661877341
"ACTGAGTTCGCTAGCG-1_GSM4013392",0.355357618121628
"CGCTTCAGTAGTAGTA-1_GSM4013392",0.611425039352968
"AGTCTTTCACGCCAGT-1_GSM4013392",0.740919437972516
"CAGCAGCTCTCGGACG-1_GSM4013392",0.26380206387081
"CTGCTGTAGGAGTAGA-1_GSM4013392",0.390297622741911
"GACTGCGGTGCAGACA-1_GSM4013392",0.867111653814027
"AGATCTGTCCTAGGGC-1_GSM4013392",0.318371483461632
"GGGAATGTCTTTACAC-1_GSM4013392",0.0256480432119633
"ACTTTCACACCGTTGG-1_GSM4013392",0.272931317720329
"GCGCAGTTCACGACTA-1_GSM4013392",1.01998395627298
"TCACAAGCATTGAGCT-1_GSM4013392",0.277731873453706
"AGCGGTCTCGGAATCT-1_GSM4013392",0.330311567544815
"CCACGGACATGCATGT-1_GSM4013392",0.0294188405477624
"GTCTCGTGTTCCGTCT-1_GSM4013392",0.605544331442371
"AGCGTCGTCAAGCCTA-1_GSM4013392",1.06425751298304
"TGGACGCCAGGAACGT-1_GSM4013392",1.09616321007808
"GATTCAGCATGGTTGT-1_GSM4013392",0.25934896060078
"CAGATCAGTGAAATCA-1_GSM4013392",0.291281677226777
"CGTTGGGAGCTAGTTC-1_GSM4013392",0.176480303623132
"CCTACCACAACACCCG-1_GSM4013392",0.475583673831013
"GCTGGGTAGGCATGTG-1_GSM4013392",0.59555940702267
"ACCCACTGTCCAACTA-1_GSM4013392",0.367053856840796
"TTGGCAAAGCACAGGT-1_GSM4013392",0.30206475926775
"AATCCAGAGTTGTAGA-1_GSM4013392",1.14056139393781
"AGACGTTCACCTGGTG-1_GSM4013392",0.484911377441406
"CTAACTTAGCTTATCG-1_GSM4013392",0.520669429042016
"GTACTCCTCCTCTAGC-1_GSM4013392",0.833514820501027
"TAAACCGCAAGCCATT-1_GSM4013392",0.529995920944379
"TCACGAAGTCAAAGAT-1_GSM4013392",1.03162232003165
"TGGCTGGAGTCAATAG-1_GSM4013392",0.171032741643361
"CGGAGCTCACCAGGTC-1_GSM4013392",0.565249336939733
"GGGAGATGTAAGTGGC-1_GSM4013392",0.80942973379352
"GACACGCGTAGCTGCC-1_GSM4013392",0.945688805859975
"ACCAGTAGTCAGAAGC-1_GSM4013392",1.00476769269205
"AGTGTCACAATAGCGG-1_GSM4013392",1.17266677851068
"CTTCTCTTCTTGCATT-1_GSM4013392",0.351149990892409
"ATCCACCAGATCGGGT-1_GSM4013392",0.283081050921574
"AGAATAGCAGCTTCGG-1_GSM4013392",0.828685419663003
"AGTGGGAAGCGTTGCC-1_GSM4013392",0.322568625112841
"GTATCTTAGCACCGCT-1_GSM4013392",0.93494129498875
"GTATTCTTCCCACTTG-1_GSM4013392",0.329219465809999
"CTCAGAAAGCCACCTG-1_GSM4013392",0.933144903673831
"GTGAAGGGTACCGTAT-1_GSM4013392",0.735483494296115
"TACTCATGTCAACATC-1_GSM4013392",0.954295940065962
"CACAGGCCAAGCTGGA-1_GSM4013392",0.93690275853636
"ACGGGTCCATGTTGAC-1_GSM4013392",0.865772169106491
"CTAACTTAGGACAGCT-1_GSM4013392",0.342590548873118
"GTGCGGTAGCATCATC-1_GSM4013392",0.87582348291832
"TGATTTCTCCTAGAAC-1_GSM4013392",1.07428997115178
"GGTGAAGAGTCTCAAC-1_GSM4013392",0.235429920934701
"AGTAGTCTCTGTCCGT-1_GSM4013392",0.700825243838532
"ACTGAGTGTCATCGGC-1_GSM4013392",0.367773657440458
"CATCAAGCAAGCGTAG-1_GSM4013392",0.281645734847764
"GGTATTGCATAAGACA-1_GSM4013392",0.324204606295201
"ACAGCCGCAGCGATCC-1_GSM4013392",0.362288959191603
"CTCGTCAGTAATTGGA-1_GSM4013392",0.339563744687783
"CTTGGCTGTGTAAGTA-1_GSM4013392",0.816348011200921
"GGCTCGAGTCTCCACT-1_GSM4013392",0.270521746511193
"ACATGGTCACATGTGT-1_GSM4013392",0.344109969170434
"ATTCTACCACTCGACG-1_GSM4013392",0.892976984083174
"GATGAAAGTCTGCAAT-1_GSM4013392",0.542460758863802
"ATCTACTAGAAACGAG-1_GSM4013392",0.424987884766196
"ACTTTCACATCCGTGG-1_GSM4013392",0.380918853622815
"ACGCCAGGTTCACGGC-1_GSM4013392",0.861702811276409
"GACGTGCAGTGGTAAT-1_GSM4013392",0.310627304591743
"CGCTTCATCGGAAATA-1_GSM4013392",0.430747418449324
"TACGGATGTACATGTC-1_GSM4013392",1.10081751236024
"TCAGCAAGTTGGTAAA-1_GSM4013392",0.452903338551147
"ACGAGGACAATTCCTT-1_GSM4013392",0.482197207266925
"TAGAGCTCAGGATTGG-1_GSM4013392",0.325648942181248
"AGTAGTCTCTCGCATC-1_GSM4013392",0.287481546517947
"ACCCACTCAGTCAGCC-1_GSM4013392",0.252538268180634
"TACGGATTCGAGCCCA-1_GSM4013392",0.714179584107039
"TCTGGAACATGACGGA-1_GSM4013392",0.305977238551296
"CTAGTGACAAGAAAGG-1_GSM4013392",0.736729371062387
"TACCTTAGTAAGGGAA-1_GSM4013392",0.725639857167903
"GTACGTAAGTGGAGAA-1_GSM4013392",0.692864448826942
"GGAAAGCGTACCAGTT-1_GSM4013392",0.242262811328552
"TCGAGGCTCTGGCGAC-1_GSM4013392",1.25128689785535
"AACTCAGAGAAACCAT-1_GSM4013392",0.284681458173061
"TATGCCCCATGAGCGA-1_GSM4013392",0.518135369214938
"AGAATAGGTGGTCCGT-1_GSM4013392",0.286178759313072
"CGAATGTTCCCTAACC-1_GSM4013392",0.714441653362383
"GGACAAGGTTTAAGCC-1_GSM4013392",0.80681718170816
"GCACATACAGATCTGT-1_GSM4013392",0.39300373509358
"CCGGGATAGGACACCA-1_GSM4013392",0.832069406841662
"AACTCTTTCATAGCAC-1_GSM4013392",0.292014165957812
"CATCAGAGTAGAGTGC-1_GSM4013392",0.346370783070714
"TGACTTTCAGGGTACA-1_GSM4013392",0.346414263027137
"AGTAGTCGTCCCTACT-1_GSM4013392",0.358576416458132
"TGCTGCTCAGTATCTG-1_GSM4013392",0.24408486077285
"AAGGTTCCAGTAAGCG-1_GSM4013392",0.338145427243307
"CATGGCGAGTAGGTGC-1_GSM4013392",0.28381178872084
"GTAACTGGTTCCTCCA-1_GSM4013392",0.265288560505157
"ACATACGGTCCGACGT-1_GSM4013392",0.253453590418047
"TAAGCGTCAGACGCAA-1_GSM4013392",0.460035499162219
"CGTCCATTCAGCACAT-1_GSM4013392",0.273949636853463
"AACTCAGTCTCAAACG-1_GSM4013392",0.940321708639171
"CCTAGCTCACTAGTAC-1_GSM4013392",0.932559308988711
"TATCAGGCAGGAATCG-1_GSM4013392",0.0801293254470569
"CGCGTTTAGCGACGTA-1_GSM4013392",0.247210359624589
"CTCGAAATCGGAATCT-1_GSM4013392",0.266662123510526
"ACTGCTCGTCTAGAGG-1_GSM4013392",1.13698264600217
"GCGCCAACAATGTAAG-1_GSM4013392",1.18953708628002
"AGGTCCGAGGACAGAA-1_GSM4013392",0.316653587211997
"GTACTCCGTAACGACG-1_GSM4013392",1.22011710744315
"TCAGCAACAATCTGCA-1_GSM4013392",0.295640193856829
"TACTTACAGTTCCACA-1_GSM4013392",0.263978940327551
"CTGCTGTCACCTGGTG-1_GSM4013392",0.502646725839726
"ATAAGAGAGGGCATGT-1_GSM4013392",0.296739598478692
"GCAAACTCATAGTAAG-1_GSM4013392",1.07575685373031
"CGTCTACTCGTTACAG-1_GSM4013392",0.549662392994366
"TGGTTAGCACACCGCA-1_GSM4013392",0.133003568301749
"ACTGTCCGTGTTCGAT-1_GSM4013392",0.650118853451688
"AAAGCAATCCACGCAG-1_GSM4013392",0.492607369614777
"TCATTTGTCAGAGCTT-1_GSM4013392",0.47122360614118
"AGGGATGTCTTCAACT-1_GSM4013392",0.276535276070896
"GCGCAGTAGTTTCCTT-1_GSM4013392",0.499512781026582
"ATCATGGCAGATCCAT-1_GSM4013392",0.429523719989318
"GAAATGACAGGAATCG-1_GSM4013392",0.364240984771742
"GCATACACATGGTTGT-1_GSM4013392",1.13849562853399
"GACACGCAGACGCTTT-1_GSM4013392",0.84252757684156
"ATAACGCCATGGGAAC-1_GSM4013392",0.0780652938418055
"GTTCATTGTTGGACCC-1_GSM4013392",0.681494945505869
"TCGAGGCAGGCGCTCT-1_GSM4013392",0.356935665774179
"ATCGAGTGTGGGTCAA-1_GSM4013392",0.297543191386097
"GCTGGGTCATTGCGGC-1_GSM4013392",0.535942879222265
"CATTCGCGTTGTCTTT-1_GSM4013392",0.880281504963355
"ACGGCCACACGCCAGT-1_GSM4013392",0.308741022846537
"GCTTCCATCCACGAAT-1_GSM4013392",0.64699177640039
"AGACGTTTCCGATATG-1_GSM4013392",0.310402914193293
"GAATGAAGTCTGCCAG-1_GSM4013392",0.430468019306527
"GCTCCTAGTCAACATC-1_GSM4013392",0.641554518155633
"ATCTACTAGAATGTTG-1_GSM4013392",0.244513316337977
"TGCACCTCATGCCACG-1_GSM4013392",0.318568971240643
"TGGGCGTCAATAGCAA-1_GSM4013392",0.231727777422666
"GATCGCGAGATCCCAT-1_GSM4013392",0.282675513160085
"CGAATGTAGTGTGAAT-1_GSM4013392",0.883789255856304
"CTGCGGACAGCTTCGG-1_GSM4013392",0.359129963644331
"AGTAGTCAGCTGAAAT-1_GSM4013392",0.340187067926893
"GAGGTGACACGGTGTC-1_GSM4013392",0.498210489813694
"GGGAGATAGCTGCAAG-1_GSM4013392",0.45072192739894
"AGTGAGGGTGAGCGAT-1_GSM4013392",0.49861222586552
"CTAGAGTAGGTCATCT-1_GSM4013392",0.303022767741827
"ACCCACTGTCCTCCAT-1_GSM4013392",0.252542015694362
"TCAGATGAGACGCACA-1_GSM4013392",0.590669193563266
"GACGTGCAGACTAGAT-1_GSM4013392",0.515808274620087
"CTCGAGGCATGTCTCC-1_GSM4013392",0.274529030118554
"GTAGGCCTCTGGAGCC-1_GSM4013392",0.365306915641106
"AGTGAGGTCGATCCCT-1_GSM4013392",1.10916325381949
"CCTTTCTAGTATTGGA-1_GSM4013392",1.04769273495386
"GTAGTCACATCTCGCT-1_GSM4013392",0.243464276108411
"GTTCTCGCAGATCGGA-1_GSM4013392",0.992784692398085
"AGGTCATAGTTGTAGA-1_GSM4013392",0.285700730628005
"CCGGGATTCTGAAAGA-1_GSM4013392",0.56574057783578
"GAGCAGAGTAGGACAC-1_GSM4013392",0.27709564298492
"CTGAAACGTGGTTTCA-1_GSM4013392",0.981421771422863
"AGATCTGGTAAGGGAA-1_GSM4013392",0.729601482723099
"TACCTATAGATGGCGT-1_GSM4013392",1.00186436976175
"AGCCTAAAGATTACCC-1_GSM4013392",1.05126816661793
"CAGCTGGGTACCGAGA-1_GSM4013392",0.292186113998658
"AAAGCAAGTCACACGC-1_GSM4013392",1.2644324764399
"CGAACATCATTTGCTT-1_GSM4013392",0.345185141759662
"AGCTTGACATTATCTC-1_GSM4013392",0.250618522425866
"ACTTACTCAAGCCATT-1_GSM4013392",0.392694917612501
"GGTGTTAGTTCATGGT-1_GSM4013392",0.432951850829485
"TCGTAGAAGGAGCGTT-1_GSM4013392",0.278542777093467
"ATTTCTGCATCCTTGC-1_GSM4013392",0.805527944883162
"CCCATACCATGTCTCC-1_GSM4013392",0.376696320981331
"GTGCTTCCAGACGCTC-1_GSM4013392",0.819703110437648
"ACGAGCCCATTAGGCT-1_GSM4013392",0.389111622467892
"TTAGGACAGTGGGATC-1_GSM4013392",0.287556428175053
"GTAACTGTCATTTGGG-1_GSM4013392",0.243358027466956
"CACACTCTCTTCCTTC-1_GSM4013392",0.367142282053498
"TTGGCAATCTGCTTGC-1_GSM4013392",0.271767964845044
"GCGAGAAGTACCGCTG-1_GSM4013392",0.427531439291118
"AAAGCAATCGTTGACA-1_GSM4013392",0.497407402234725
"TCAGGTACACGAAAGC-1_GSM4013392",0.718840299000993
"CAGTCCTGTAGCAAAT-1_GSM4013392",0.927697463991125
"TCATTTGGTATCACCA-1_GSM4013392",0.268324790134376
"TGAGAGGGTGTGAAAT-1_GSM4013392",0.657475800587346
"CTAAGACAGGAGTTTA-1_GSM4013392",0.34785519982849
"GTCTTCGTCTTGTATC-1_GSM4013392",0.831156286001568
"AGCAGCCTCTTTACGT-1_GSM4013392",1.0166559532819
"TCCACACGTCAGAAGC-1_GSM4013392",0.460555203636336
"TGATTTCTCGTTACGA-1_GSM4013392",0.568465890742887
"AACCGCGCATAGTAAG-1_GSM4013392",0.574873204391309
"CAGCAGCTCTGAGTGT-1_GSM4013392",1.11505570227554
"GCTGCGAGTAAGTAGT-1_GSM4013392",0.637661523621949
"CTCGGGATCGTACGGC-1_GSM4013392",0.293548315496702
"AAGCCGCTCAACGAAA-1_GSM4013392",0.26908591453011
"GTAGTCATCTGACCTC-1_GSM4013392",0.295720312621569
"CGTTCTGTCAACCATG-1_GSM4013392",0.271509297722019
"GTGCGGTTCGTTTGCC-1_GSM4013392",0.144866294031682
"GGTGTTAGTTGCCTCT-1_GSM4013392",0.0535972056143097
"TCGAGGCCAGGAATGC-1_GSM4013392",0.786964047449941
"GATCGATTCCTGTACC-1_GSM4013392",0.323705044847345
"GACGGCTAGACTAAGT-1_GSM4013392",0.265430095849404
"CATGGCGTCTAACTGG-1_GSM4013392",0.267702107951016
"CACACCTCACTGAAGG-1_GSM4013392",1.08525486925006
"AACTGGTCACTGTTAG-1_GSM4013392",1.12398973214346
"CCTTCGATCTGACCTC-1_GSM4013392",0.827491398388095
"ATCCACCCATGTAGTC-1_GSM4013392",0.330159354211299
"GTCATTTTCCCATTAT-1_GSM4013392",0.378473509508465
"CGCGTTTTCCACGACG-1_GSM4013392",0.506195946573001
"GGTGAAGGTTTGACAC-1_GSM4013392",0.269403716383072
"TCTTCGGAGCAGGCTA-1_GSM4013392",0.256532197163679
"CAACCTCCACGCGAAA-1_GSM4013392",1.23314781045651
"CGGAGCTCAGAGTGTG-1_GSM4013392",0.28662199577925
"CTCTACGTCGACAGCC-1_GSM4013392",0.32539551108414
"TCTGGAAAGCTGAAAT-1_GSM4013392",0.322354740418476
"CGATGTATCAAGCCTA-1_GSM4013392",0.741817235906883
"CGCGGTATCAACACCA-1_GSM4013392",0.898211876519042
"CCGTGGAGTGACGCCT-1_GSM4013392",0.299948295757422
"AACCATGAGCAGCCTC-1_GSM4013392",0.483623992642174
"GGGTCTGCAAAGCGGT-1_GSM4013392",0.437179741715484
"TGCACCTCATAGTAAG-1_GSM4013392",0.956751218869362
"ATTATCCCAGTATCTG-1_GSM4013392",1.01215836098633
"TGGTTCCGTATAAACG-1_GSM4013392",0.287292949249567
"AGGGATGTCGCAAGCC-1_GSM4013392",0.678056485475172
"CAAGATCGTCTAAACC-1_GSM4013392",0.283169449197109
"CTTTGCGTCGGAAACG-1_GSM4013392",0.273685554199804
"AGATTGCAGTGGACGT-1_GSM4013392",1.25366803941338
"CGACCTTCATGCGCAC-1_GSM4013392",0.314570900461105
"CGAGCCATCGCGTAGC-1_GSM4013392",0.762937103123414
"GATTCAGAGGTAGCCA-1_GSM4013392",0.686313682810467
"TGAGAGGTCTACCAGA-1_GSM4013392",1.05026344894234
"AAATGCCCAAGCGAGT-1_GSM4013392",0.260645663527245
"CCCTCCTGTAGCAAAT-1_GSM4013392",0.738289149643584
"GTGCAGCCAGCTGTAT-1_GSM4013392",1.11317260893697
"GATCGATAGCTCCTCT-1_GSM4013392",0.238191203334949
"GCAGTTAAGACTGTAA-1_GSM4013392",0.285482980203001
"CCTTCGAGTGCAACGA-1_GSM4013392",1.01909743607195
"CCTTACGCAGGAACGT-1_GSM4013392",0.314196261282991
"CCTTCCCTCTGCGTAA-1_GSM4013392",0.797208067019943
"GCAAACTCACTCTGTC-1_GSM4013392",0.27852933432135
"TGTATTCAGCCAACAG-1_GSM4013392",0.278137047930157
"CGATGTACAAGACACG-1_GSM4013392",0.573937942782716
"ATTATCCAGCAGCGTA-1_GSM4013392",0.817718938340021
"GGGCACTTCTCTGTCG-1_GSM4013392",0.365395018031405
"CCTTCCCTCTCATTCA-1_GSM4013392",0.212521579106759
"TGCTGCTCATCCCACT-1_GSM4013392",0.229180553107672
"CTGCTGTAGACTGTAA-1_GSM4013392",0.765135822092577
"ACGAGCCTCACTTATC-1_GSM4013392",0.893866003869557
"GCAGTTAGTCTCTCTG-1_GSM4013392",0.645164654475601
"GTGTTAGAGTTGAGTA-1_GSM4013392",0.331537875776994
"TCAGGTATCTCGTTTA-1_GSM4013392",0.69585879994722
"TGACAACTCAGATAAG-1_GSM4013392",0.849629852404481
"TGTGTTTAGTTCGCAT-1_GSM4013392",0.278319089571848
"ACGCCGACAGCTGGCT-1_GSM4013392",0.220282207177067
"AAACGGGTCCACGTGG-1_GSM4013392",0.266187790391652
"ACGGGCTAGTCTCCTC-1_GSM4013392",0.0963764431128181
"ACGGCCAAGTCCCACG-1_GSM4013392",0.738999280374177
"AGTGTCAAGAGACTTA-1_GSM4013392",0.636744223713114
"CGGAGCTGTCAGAGGT-1_GSM4013392",0.699152682136078
"AAGGAGCTCACTTATC-1_GSM4013392",0.1461837689528
"TACCTATTCGCAAGCC-1_GSM4013392",0.258668098896903
"GGAATAAAGCGCCTTG-1_GSM4013392",0.709127938730927
"AATCGGTAGGATGTAT-1_GSM4013392",0.265047300534725
"TTTACTGCAAGCCCAC-1_GSM4013392",1.10214985488115
"TCAATCTGTTAGGGTG-1_GSM4013392",0.266379149314638
"ATGGGAGGTCCGTCAG-1_GSM4013392",0.31297255617171
"ACGGGTCAGACACGAC-1_GSM4013392",1.05675253616309
"GATGAAACAACTGCTA-1_GSM4013392",0.860102185147981
"AGGCCACCATGGTCAT-1_GSM4013392",0.197410347201213
"TGCTACCTCTCTGTCG-1_GSM4013392",0.921755372603923
"CTCATTACACTGAAGG-1_GSM4013392",0.52920466448085
"TGAGAGGGTCTTGCGG-1_GSM4013392",0.220926385434503
"GGACAGACAAACCCAT-1_GSM4013392",0.286293097718167
"AGGTCCGAGAGGTAGA-1_GSM4013392",0.69986405445932
"GTCCTCAGTGAGTGAC-1_GSM4013392",0.333414584175622
"GTCTCGTGTGAGCGAT-1_GSM4013392",0.310095571895199
"ACATGGTCAGCATGAG-1_GSM4013392",0.8648802850266
"GGAGCAAAGATACACA-1_GSM4013392",0.740409468491033
"TCCCGATGTGCACGAA-1_GSM4013392",0.21989260403248
"AAGCCGCGTAAAGGAG-1_GSM4013392",0.313683251041146
"CAGCAGCTCCAGATCA-1_GSM4013392",0.324237506282135
"GTACTTTGTTCCACTC-1_GSM4013392",0.255750172174926
"CCATGTCGTGTGCCTG-1_GSM4013392",0.463844208092874
"GACTACAGTTGACGTT-1_GSM4013392",0.338590857900057
"CTCGTACAGTGGACGT-1_GSM4013392",0.065638532664288
"TTGTAGGCAACTTGAC-1_GSM4013392",0.494029084968804
"ATTGGACGTCCGACGT-1_GSM4013392",0.236709483444502
"TGAGCATCACAGGAGT-1_GSM4013392",0.964471626733285
"TTCTCCTGTCCGCTGA-1_GSM4013392",0.9980206433969
"CACAGGCCATTGGGCC-1_GSM4013392",0.265176844467644
"CTTACCGTCCCAGGTG-1_GSM4013392",0.080668176012159
"TCATTTGCACGGTTTA-1_GSM4013392",0.909839744821668
"GCACATAAGTAGCCGA-1_GSM4013392",0.278835104264635
"AACCATGAGGTGTGGT-1_GSM4013392",0.503316821179309
"TAGAGCTGTCGGATCC-1_GSM4013392",0.283227201203111
"ACACTGACAGCTTAAC-1_GSM4013392",0.267693712677349
"TCTCATAGTTATCCGA-1_GSM4013392",0.932080636642648
"GGGACCTAGTATCGAA-1_GSM4013392",0.299515706075419
"CTAACTTTCACGCGGT-1_GSM4013392",0.319173494901162
"AGAGTGGTCTGTTGAG-1_GSM4013392",0.277593290847646
"TTGCCGTGTGAGCGAT-1_GSM4013392",0.557259212144049
"CCGTGGACACCAGGTC-1_GSM4013392",0.162623717643012
"CAAGATCGTCTCATCC-1_GSM4013392",0.572144625301941
"CTCTACGGTTGAACTC-1_GSM4013392",0.369854811484182
"CACCAGGCAGCTGCTG-1_GSM4013392",0.365409704841952
"GGGAATGTCTCCAACC-1_GSM4013392",0.263398574482765
"AGGGATGGTGTGAAAT-1_GSM4013392",0.303762608873616
"GCAATCAGTCCATCCT-1_GSM4013392",0.563217656270767
"TCGGTAAGTACGAAAT-1_GSM4013392",0.770784689241331
"GGGACCTGTCACTTCC-1_GSM4013392",0.111022591688198
"AGGTCCGTCTTACCTA-1_GSM4013392",0.564619896440998
"ATGGGAGTCACTCCTG-1_GSM4013392",0.0987720864598134
"TGCCAAACATTGGCGC-1_GSM4013392",0.279361048732304
"ACAGCCGCAGTCGTGC-1_GSM4013392",0.28606255341784
"CCCAGTTCAGCTGTAT-1_GSM4013392",0.307046843699588
"GTTCATTGTAAATGAC-1_GSM4013392",0.198028158220168
"GGCTGGTCACAGCGTC-1_GSM4013392",0.267400693448693
"TGTTCCGGTAGATTAG-1_GSM4013392",0.889926658760013
"CTGCGGAAGAGACTAT-1_GSM4013392",1.10186507651217
"GTAGGCCCAGATGAGC-1_GSM4013392",0.255210612593207
"GATTCAGCACCCATTC-1_GSM4013392",0.787687022153451
"TGTATTCTCTACTTAC-1_GSM4013392",0.383755357657225
"TCAGGTAAGCTGTTCA-1_GSM4013392",0.291130900067198
"TTCTCCTTCTTGAGAC-1_GSM4013392",0.305066214718248
"ACGATGTAGAACAACT-1_GSM4013392",0.192850406088267
"CGACCTTGTGATGTGG-1_GSM4013392",0.223005400190635
"TACGGATTCCGAAGAG-1_GSM4013392",0.872630647585609
"TGTTCCGAGATGGCGT-1_GSM4013392",1.1216616529446
"CTCGAGGGTTAGTGGG-1_GSM4013392",0.270136983712834
"GGATGTTAGACGACGT-1_GSM4013392",0.415628102772641
"AGTGAGGTCTTGAGAC-1_GSM4013392",0.995946403577319
"CCAGCGACATCGGGTC-1_GSM4013392",0.764185902070192
"ACATGGTGTTCTGAAC-1_GSM4013392",0.849931778691958
"ACCTTTATCGCCGTGA-1_GSM4013392",0.270065952728149
"AGCGTATAGTAAGTAC-1_GSM4013392",0.522260174375823
"GCAATCACAGGTGGAT-1_GSM4013392",0.254993917642525
"ACTGAGTCAGGTCGTC-1_GSM4013392",0.272891509020716
"ACGAGGATCACAGGCC-1_GSM4013392",0.406290406591999
"TCTCTAATCCCTGACT-1_GSM4013392",0.154016219510791
"CTAGTGAAGACACGAC-1_GSM4013392",0.321632623224379
"TTGCGTCTCTGCAAGT-1_GSM4013392",0.880390056675113
"AGCGGTCTCGAGCCCA-1_GSM4013392",0.981858192833476
"ACCAGTAGTCGACTAT-1_GSM4013392",0.467541381909742
"TATTACCCATGTAAGA-1_GSM4013392",0.26964953468565
"CTACCCACATGTTCCC-1_GSM4013392",0.589886490359668
"TTCTACAAGATGCGAC-1_GSM4013392",0.476102240892597
"GTTCTCGCAAACGCGA-1_GSM4013392",0.469314005326841
"AGAATAGTCTGCTGCT-1_GSM4013392",0.310876212155182
"AGAATAGCAGCCTTGG-1_GSM4013392",0.155079187808909
"GATCGCGCAGTATAAG-1_GSM4013392",1.21336183927394
"AACTCAGAGAGTTGGC-1_GSM4013392",0.65329014925718
"TGTGGTAAGGTGCAAC-1_GSM4013392",0.237459345692356
"TGACGGCCATTACGAC-1_GSM4013392",0.264084379196102
"GCATGTAGTATATGAG-1_GSM4013392",0.304816030329222
"CGTAGCGTCCTATTCA-1_GSM4013392",0.997484022174461
"GGAGCAACAGCATACT-1_GSM4013392",0.259345159311292
"TCGCGAGAGCTCCCAG-1_GSM4013392",0.967335645881537
"AGGGTGATCTCCGGTT-1_GSM4013392",0.687387363533004
"CAACCTCGTCAATACC-1_GSM4013392",1.16087123518355
"CTAACTTTCTAGAGTC-1_GSM4013392",0.149814246459097
"CGTCACTTCTGTCCGT-1_GSM4013392",0.182803727859252
"AGGCCACCAATACGCT-1_GSM4013392",0.515964997290645
"TGGCTGGAGCTCTCGG-1_GSM4013392",0.736822011849219
"TGAGAGGGTTTGTGTG-1_GSM4013392",0.404408862380976
"CTCAGAAGTAGAAAGG-1_GSM4013392",0.481938246314671
"GTCGTAACATCAGTCA-1_GSM4013392",0.262391380446751
"CTCGAAAGTGCACTTA-1_GSM4013392",0.277454225486268
"GTATTCTTCCACGAAT-1_GSM4013392",0.00223170047311602
"TGCGTGGCAAGTCTAC-1_GSM4013392",0.192981268688051
"TGGCGCACAGGACGTA-1_GSM4013392",0.68354596206729
"AGGGAGTAGAACAACT-1_GSM4013392",0.918583095231714
"GCTGCGAGTCGCATCG-1_GSM4013392",0.25503226968685
"TATGCCCGTTATCACG-1_GSM4013392",0.681284171579241
"TGCTGCTTCGGAAATA-1_GSM4013392",0.87788118223056
"AGTCTTTCACAGCGTC-1_GSM4013392",0.31542897827836
"CAACCAAGTTGCCTCT-1_GSM4013392",0.268503930246507
"TTCTCCTTCCTAGGGC-1_GSM4013392",1.01001522480217
"GACTAACTCAGGCCCA-1_GSM4013392",1.01033916856509
"CGACTTCGTACAGTTC-1_GSM4013392",0.30091583868965
"CGTAGGCTCAATACCG-1_GSM4013392",0.187469996122014
"CATGACATCAGCATGT-1_GSM4013392",0.258383036568684
"CGGGTCAAGTGGGCTA-1_GSM4013392",0.465070075110285
"TCTCATAAGGCTAGCA-1_GSM4013392",0.73897764590821
"GAAATGAAGCTTTGGT-1_GSM4013392",0.320059229436187
"TTCTCCTGTGTTCGAT-1_GSM4013392",0.660389282319558
"TTCTTAGAGTGCCATT-1_GSM4013392",0.314563261887931
"GAGGTGAGTACTTGAC-1_GSM4013392",0.276396118184022
"CCTTCCCCATGCAATC-1_GSM4013392",0.640934794214926
"CCGTGGAAGACAGAGA-1_GSM4013392",0.250232306382503
"TCGGGACCATGGTTGT-1_GSM4013392",1.10906843600397
"CTCTACGCAATCCGAT-1_GSM4013392",0.875227787827793
"AGTGAGGCACGCGAAA-1_GSM4013392",0.215810865647854
"GCATGCGTCTAACCGA-1_GSM4013392",0.975488824411499
"TGACTAGAGATGTCGG-1_GSM4013392",0.269898308048656
"CAGCTGGTCGCAGGCT-1_GSM4013392",0.794554689646046
"CTAGTGAGTCTACCTC-1_GSM4013392",0.307494662139804
"ACTTACTGTAAATGAC-1_GSM4013392",0.488760752611872
"AAAGTAGGTGTAATGA-1_GSM4013392",0.464936533194928
"TCAGGATCAAATTGCC-1_GSM4013392",0.28986932851377
"GGTGTTAGTTAAGGGC-1_GSM4013392",0.413203251783765
"TGGGAAGTCAGAAATG-1_GSM4013392",0.292832938482575
"ACGAGGATCGGTTCGG-1_GSM4013392",0.27814396284523
"AGTAGTCAGGAGCGTT-1_GSM4013392",1.01725277883695
"ATCATGGGTGTAATGA-1_GSM4013392",0.671996170535671
"GTCGTAAAGCCACTAT-1_GSM4013392",0.457567737554741
"GTTAAGCGTGTTGAGG-1_GSM4013392",0.810496451013396
"GTACTTTGTAGCGTCC-1_GSM4013392",0.284814532336626
"CCATTCGGTAAAGTCA-1_GSM4013392",0.874667916267791
"TTGAACGTCTGTTTGT-1_GSM4013392",0.730543592658741
"GAGCAGAAGTCGCCGT-1_GSM4013392",0.200362914904702
"CTACCCACATACGCCG-1_GSM4013392",0.223580725646127
"CTCACACGTTGGTTTG-1_GSM4013392",1.15693724983387
"TTGACTTCAACAACCT-1_GSM4013392",0.46664947829272
"GGGATGAAGAAGAAGC-1_GSM4013392",0.716501411388177
"GCAGCCAAGAGACGAA-1_GSM4013392",0.783695432911716
"CAGCCGACAAGCCTAT-1_GSM4013392",0.126223874997848
"GCTGCTTAGAATTCCC-1_GSM4013392",0.283545228437658
"GACCTGGCAATGAAAC-1_GSM4013392",0.26506821174941
"TGGGCGTGTGATGTCT-1_GSM4013392",0.328669505704009
"TTCCCAGAGGCTATCT-1_GSM4013392",0.59372557053545
"GCTTGAACATTGTGCA-1_GSM4013392",0.485709952433658
"AGATCTGGTAAGAGAG-1_GSM4013392",0.326813127019092
"TGACTTTCAAACGTGG-1_GSM4013392",0.85320604943885
"GCTTGAAAGGACAGCT-1_GSM4013392",0.257717964411228
"CCTATTATCTACGAGT-1_GSM4013392",1.18610049530551
"TCTCATATCCTATGTT-1_GSM4013392",0.291862681854066
"CCACCTAGTCCGAATT-1_GSM4013392",0.272089569125908
"GATCGATAGGAACTGC-1_GSM4013392",0.809217091339934
"CTAAGACTCCATTCTA-1_GSM4013392",0.931075812900877
"ACATGGTCACAGCCCA-1_GSM4013392",0.80903901136387
"TAGTGGTCAGATCGGA-1_GSM4013392",0.240994650909203
"ATCTACTGTCTCACCT-1_GSM4013392",0.899806417881701
"CAGCGACAGACCACGA-1_GSM4013392",0.287857144188634
"CCACGGACATGTCTCC-1_GSM4013392",0.722222007754975
"CGGACGTCAAGGTGTG-1_GSM4013392",0.57576800667208
"GCAATCAGTCTGGAGA-1_GSM4013392",0.658419813056903
"CGTAGCGGTCCATCCT-1_GSM4013392",0.572172783571706
"TCAATCTGTTGCGTTA-1_GSM4013392",0.295902473617708
"TCGAGGCAGGCTAGGT-1_GSM4013392",0.345963079965589
"CTCTACGCACATCCAA-1_GSM4013392",0.257368017664636
"GCGCGATCACAAGTAA-1_GSM4013392",0.296125197975438
"ACGGGTCAGTCAATAG-1_GSM4013392",0.209239302657574
"TACCTTACAAAGCGGT-1_GSM4013392",0.568717880176699
"TCATTACTCACATGCA-1_GSM4013392",0.211391999971497
"GGGTCTGTCAGCTCTC-1_GSM4013392",0.222834298164293
"CTCTAATTCGGCGCAT-1_GSM4013392",0.228740543643977
"GTCATTTTCTGCAGTA-1_GSM4013392",0.237623638924844
"CGACTTCAGGAATCGC-1_GSM4013392",0.743410752605468
"CTACCCACATGGTCTA-1_GSM4013392",0.222960480599963
"CCGGTAGCATTCCTCG-1_GSM4013392",0.296955791713255
"TTGGAACTCTGGTTCC-1_GSM4013392",0.929112198341049
"GTTCTCGGTCACTTCC-1_GSM4013392",0.277281936548779
"ACTGTCCAGTCGTACT-1_GSM4013392",0.61773923451196
"GATCGCGTCGGCGCTA-1_GSM4013392",0.168567499165516
"TCTGGAACACTTAAGC-1_GSM4013392",0.726855660544605
"GGCCGATAGAGACTTA-1_GSM4013392",0.44631371023956
"TGGCTGGTCAGATAAG-1_GSM4013392",0.257447466622679
"CTCGGAGGTAGTGAAT-1_GSM4013392",0.245461101276962
"GTCCTCAAGGCTATCT-1_GSM4013392",0.909912348049295
"GATCAGTTCATGGTCA-1_GSM4013392",0.719151423918317
"GCTGCGAAGATGGGTC-1_GSM4013392",0.971114311517294
"TGACGGCGTAGCGCAA-1_GSM4013392",0.266637216538385
"GCGACCAAGTCATCCA-1_GSM4013392",0.211683244923135
"CAGCGACCAAGAAGAG-1_GSM4013392",1.05460158532846
"TCTCTAATCACTCCTG-1_GSM4013392",0.24132835559206
"TCGGGACAGAGTGAGA-1_GSM4013392",0.296555987533655
"AGCCTAACATCACCCT-1_GSM4013392",0.219292722864755
"ACCTTTAGTCGTCTTC-1_GSM4013392",0.902696985086791
"CACACTCTCCTCAACC-1_GSM4013392",0.206216947127696
"GGGCACTCAAGCCGTC-1_GSM4013392",0.995923871051552
"CGGAGCTGTACCGTTA-1_GSM4013392",0.785871107609272
"TTTGGTTCAGATGAGC-1_GSM4013392",0.725122404354289
"CAGCTAAGTGTGTGCC-1_GSM4013392",0.283551259942894
"CTCCTAGGTCAACATC-1_GSM4013392",0.264083090302795
"TAAGCGTCACGCTTTC-1_GSM4013392",0.736661413250811
"TGACTAGGTCTTCTCG-1_GSM4013392",0.967062011262259
"CCACGGAAGACGCACA-1_GSM4013392",0.306653351286485
"GACCAATTCCAAAGTC-1_GSM4013392",0.235926431517546
"GACGTGCAGTGACATA-1_GSM4013392",0.237721395940308
"GACGTGCAGTAAGTAC-1_GSM4013392",0.312192736090332
"GTTCGGGAGCCATCGC-1_GSM4013392",0.298654863245877
"CTTCTCTAGACCTAGG-1_GSM4013392",0.307987704585787
"TCGTACCTCAACGCTA-1_GSM4013392",0.815308837490779
"AGGTCCGAGTGTACGG-1_GSM4013392",0.293089560535638
"AAGGCAGTCCTCAACC-1_GSM4013392",0.534688517610525
"CTCGTACAGGATCGCA-1_GSM4013392",0.234640492672948
"CTGCCTAGTTGGGACA-1_GSM4013392",0.268360863330602
"GGGCACTGTGCAACGA-1_GSM4013392",0.239104254473277
"TCTCATAGTACCTACA-1_GSM4013392",0.256794511783864
"GGGTTGCTCCTGCCAT-1_GSM4013392",0.511559284912477
"AAGGAGCGTTACTGAC-1_GSM4013392",0.281695076715626
"GGACAAGGTACGACCC-1_GSM4013392",0.246339547179445
"CTGATCCGTAGGGTAC-1_GSM4013392",0.249967752597686
"CATGACATCCGGGTGT-1_GSM4013392",0.532579696970254
"TCATTACGTTGCCTCT-1_GSM4013392",0.988416484884378
"CTACGTCGTCGGATCC-1_GSM4013392",0.711417916060777
"CGATTGATCTACCAGA-1_GSM4013392",0.561160808338282
"ACGGGCTGTCTAACGT-1_GSM4013392",0.257623167245723
"CGGACTGTCTCTGCTG-1_GSM4013392",0.242728413569803
"CACCAGGTCTGGTATG-1_GSM4013392",0.299210820382674
"TTAGTTCCAAGGACAC-1_GSM4013392",0.277395075659035
"TCTCTAATCGGTGTCG-1_GSM4013392",0.842869696134005
"CCTATTACAGACTCGC-1_GSM4013392",1.07960099129178
"CCAATCCAGATCTGCT-1_GSM4013392",0.824024479421213
"GTGCTTCCATTGGGCC-1_GSM4013392",0.705412876283276
"AGCTTGATCAGTTTGG-1_GSM4013392",0.593774133132617
"AACTCCCGTTGTGGCC-1_GSM4013392",0.55605439890161
"AGGGAGTCATACTCTT-1_GSM4013392",0.307331002028706
"AAGGTTCCATATGAGA-1_GSM4013392",0.128876475167783
"GGCGTGTCATGATCCA-1_GSM4013392",0.205024381490135
"ACACTGAAGGGTGTGT-1_GSM4013392",0.88311749641354
"TATTACCGTAAGGGCT-1_GSM4013392",0.239894692182965
"GGGCATCCATTGGCGC-1_GSM4013392",0.176143901135758
"CTCTACGAGATGCCTT-1_GSM4013392",0.502000895436392
"TTTGGTTTCCGCATCT-1_GSM4013392",0.364903029084734
"AAATGCCGTTCCTCCA-1_GSM4013392",0.137559546727127
"TTCGAAGTCTGGTTCC-1_GSM4013392",1.12783863937555
"AGTGGGACATCCTAGA-1_GSM4013392",0.845421411760353
"ATAACGCGTGACAAAT-1_GSM4013392",0.947336924207535
"GGGTCTGCAAATTGCC-1_GSM4013392",0.29226660064006
"TTGGAACCACGAGAGT-1_GSM4013392",0.839781678779389
"GAATAAGAGATGTGGC-1_GSM4013392",0.283759654600707
"GGACGTCCATCTCCCA-1_GSM4013392",0.877849953822567
"GACACGCGTCCAGTGC-1_GSM4013392",0.23343229263937
"CAGATCAAGGTGCACA-1_GSM4013392",0.706702847480361
"CGATGTAGTGACTACT-1_GSM4013392",0.492757970688813
"TTGAACGGTAGCTCCG-1_GSM4013392",0.210663299821001
"GGCTGGTGTGCCTGGT-1_GSM4013392",0.225825178568349
"GCACATAAGAGTAAGG-1_GSM4013392",0.619640516477946
"TAGACCACATCCAACA-1_GSM4013392",0.926278414906753
"GTGTGCGAGTGTACCT-1_GSM4013392",0.164430540182028
"CTCAGAACAGCATACT-1_GSM4013392",0.602564465788846
"GTAGGCCAGTCACGCC-1_GSM4013392",1.05862382909312
"AAGGCAGGTCAAAGAT-1_GSM4013392",0.9734457098022
"GGCAATTGTCGAATCT-1_GSM4013392",0.248310541103134
"GCAGCCACACGCTTTC-1_GSM4013392",0.289266573718993
"GCCAAATAGGTTACCT-1_GSM4013392",0.734081187310619
"CGTCTACCACCAGATT-1_GSM4013392",0.248060082968236
"ATAGACCCAAGGACTG-1_GSM4013392",0.552784642327339
"GTCGGGTAGCTGATAA-1_GSM4013392",0.573067631694085
"AGAGTGGGTCAATACC-1_GSM4013392",0.813881064931602
"CCCTCCTGTCAGAAGC-1_GSM4013392",1.00719464057083
"CAACCAAAGCGTGAAC-1_GSM4013392",0.984470151447973
"CCTCTGACACTCTGTC-1_GSM4013392",0.49734371749667
"AGCTCTCAGTCTCAAC-1_GSM4013392",0.716844605505495
"CGTTGGGGTAGGGACT-1_GSM4013392",0.163023278112885
"CTCGTACCACCAGCAC-1_GSM4013392",0.238310663729589
"CTCTACGGTAGAAGGA-1_GSM4013392",0.260999099564206
"CTAATGGCACTTGGAT-1_GSM4013392",0.639141202576284
"CGGGTCAAGTCATCCA-1_GSM4013392",0.740746710420599
"GAATAAGTCGGAGGTA-1_GSM4013392",0.816589914483388
"CACACAAGTGGTACAG-1_GSM4013392",1.0054871266074
"ATCACGACAGCTCGAC-1_GSM4013392",0.279874528840605
"GGTGTTATCTTAGAGC-1_GSM4013392",0.122022615580498
"TGGGCGTGTCTAACGT-1_GSM4013392",0.177740564694353
"TTAGGCAGTCCCTTGT-1_GSM4013392",0.130585763063407
"GCTCTGTCACGTGAGA-1_GSM4013392",0.193721576336793
"CAACCTCTCATGCTCC-1_GSM4013392",0.482876653513431
"TCGCGAGTCGTCCGTT-1_GSM4013392",0.199156459284054
"TTGCCGTGTCATGCCG-1_GSM4013392",0.285679166586629
"CCCAATCCATCGGTTA-1_GSM4013392",0.480371877783098
"CTCGGAGTCATAAAGG-1_GSM4013392",1.00077097785566
"GGAGCAAAGACAATAC-1_GSM4013392",0.476907090641063
"TCGTAGAGTAGCTGCC-1_GSM4013392",0.192543183915053
"TCAACGACACTCGACG-1_GSM4013392",1.12814729559046
"CTACCCAGTTAAGACA-1_GSM4013392",0.198063414514714
"TCGCGAGCAACGATGG-1_GSM4013392",0.899115296437569
"ACATCAGGTGAGGGAG-1_GSM4013392",0.00223170047311602
"CAGCCGAAGTTGTCGT-1_GSM4013392",0.687445370019646
"CTGCTGTAGAGGGATA-1_GSM4013392",0.599680485717046
"GCATGATAGCACGCCT-1_GSM4013392",0.823148084016232
"TCTATTGAGCGTTGCC-1_GSM4013392",0.112850406659509
"CTTACCGGTTATCCGA-1_GSM4013392",0.728664999261823
"GCATGATAGTCTCGGC-1_GSM4013392",0.26339391883387
"TGAGAGGGTTCTGTTT-1_GSM4013392",0.892905093033264
"GTGGGTCGTTGCTCCT-1_GSM4013392",0.959057040452078
"TACCTATAGCGATGAC-1_GSM4013392",0.623683933972488
"TCTTTCCAGCTGCGAA-1_GSM4013392",0.606013221502582
"CAGCAGCAGTGTTGAA-1_GSM4013392",0.9555940800605
"GGGAATGAGATGGGTC-1_GSM4013392",0.73787624294422
"TACGGATAGGGATACC-1_GSM4013392",0.25846404281078
"TAAGCGTTCCCTTGCA-1_GSM4013392",0.695002819370591
"GAACATCTCGGTTAAC-1_GSM4013392",0.667713766175798
"CCGTACTGTCTGGAGA-1_GSM4013392",0.808260947125078
"TCTGGAAAGGTTCCTA-1_GSM4013392",1.11499315963498
"CGATTGATCCGGCACA-1_GSM4013392",1.06056273479817
"CCTACACTCAACACCA-1_GSM4013392",0.432329914955846
"GTTTCTACATGTAGTC-1_GSM4013392",0.9828829495687
"CCTCAGTGTGTGAAAT-1_GSM4013392",1.19520828207207
"TGAGAGGAGCCCGAAA-1_GSM4013392",0.716363621505668
"CTGCGGAGTCTAAAGA-1_GSM4013392",0.00858349172486252
"CTTAACTAGCGCTTAT-1_GSM4013392",0.873587800885583
"TTGGCAAGTGGCAAAC-1_GSM4013392",0.739897830188547
"TGCCCATAGCTAAACA-1_GSM4013392",0.86033328608721
"TGAGGGAAGCGACGTA-1_GSM4013392",0.018604380882096
"GGCAATTAGGCAGGTT-1_GSM4013392",0.930613786611267
"TGCTGCTGTTGTTTGG-1_GSM4013392",0.644514046232874
"TACAGTGTCTAACCGA-1_GSM4013392",0.598480319335111
"CACCAGGTCCAATGGT-1_GSM4013392",0.818657058487069
"TGAGGGACAGGGCATA-1_GSM4013392",0.651840777556887
"AGCGTCGTCACGATGT-1_GSM4013392",0.18001661302815
"TGTTCCGAGCCAGAAC-1_GSM4013392",0.930697557015542
"CTTAGGAGTTAAGAAC-1_GSM4013392",1.19134318282994
"CCCTCCTGTTTGTTTC-1_GSM4013392",0.699090374209152
"AGGGTGACATTGAGCT-1_GSM4013392",0.0802050996030785
"ACGCCAGGTACCGTTA-1_GSM4013392",0.771101896810859
"CACCAGGCACAGGTTT-1_GSM4013392",1.09508825774446
"AGTTGGTTCTCATTCA-1_GSM4013392",0.825732536017907
"TGACGGCTCATCTGTT-1_GSM4013392",0.686969372469754
"TGGGAAGTCAACACTG-1_GSM4013392",0.666531284988143
"CGGGTCAGTTACAGAA-1_GSM4013392",0.884396821168834
"GTCGTAACACCGATAT-1_GSM4013392",0.811227942888498
"TCTATTGGTACCGCTG-1_GSM4013392",0.574002976070857
"CCTACACAGAGTGACC-1_GSM4013392",0.204193371066743
"CGGAGTCGTCAGCTAT-1_GSM4013392",0.851177521530275
"CGAGCCATCCGCAGTG-1_GSM4013392",0.859119727026033
"ACAGCCGTCACCTTAT-1_GSM4013392",0.802507923968444
"TTCGAAGCACAAGACG-1_GSM4013393",1.37068417536032
"TCAACGACATGTTCCC-1_GSM4013393",1.50520921886138
"ACGGGTCAGAACAATC-1_GSM4013393",1.47024004419086
"GTTCATTAGGATATAC-1_GSM4013393",1.28068915231253
"TTAACTCCAGCGTCCA-1_GSM4013393",1.36217539177381
"GCGCGATAGGGCACTA-1_GSM4013393",1.3698730435441
"ACAGCCGAGGATGGAA-1_GSM4013393",1.43795713585275
"TGCGCAGCACAAGCCC-1_GSM4013393",1.34993876259931
"ATCGAGTTCGCAGGCT-1_GSM4013393",1.37624407462592
"TCGTACCAGTCAAGGC-1_GSM4013393",1.39214291721949
"TACTCGCTCTAGCACA-1_GSM4013393",1.3820941920943
"GTCTTCGAGGAGTTTA-1_GSM4013393",1.39967746812665
"TAGACCATCCTGCTTG-1_GSM4013393",1.44872869874122
"GGGCATCCAGATCGGA-1_GSM4013393",1.48599206166708
"CAGTAACTCCGGCACA-1_GSM4013393",1.44713681833321
"CAGCTAACATAGACTC-1_GSM4013393",1.47227618018908
"TCATTACAGACCTAGG-1_GSM4013393",1.41383290528959
"CTCACACTCCAAATGC-1_GSM4013393",1.55245318879566
"GAACGGACATGACATC-1_GSM4013393",1.38922876085033
"TGGCTGGTCAAGAAGT-1_GSM4013393",1.4690798207754
"GCTGGGTCAACACGCC-1_GSM4013393",1.25831685494468
"CAGCAGCAGTTAGGTA-1_GSM4013393",1.42134834495031
"TTTGCGCAGGAGCGTT-1_GSM4013393",1.4103174259977
"CACACCTTCTTAGAGC-1_GSM4013393",1.3176778860866
"ACGGGCTTCGCAAGCC-1_GSM4013393",1.36783221816154
"GTACTCCGTCATATCG-1_GSM4013393",1.29866795485648
"CCTTCCCAGGAGTACC-1_GSM4013393",1.51338127468217
"TAGACCATCCTGCCAT-1_GSM4013393",1.33895099837841
"TGGGAAGGTGCACGAA-1_GSM4013393",1.35198877411187
"TGAAAGACAATGGAAT-1_GSM4013393",1.44175907881886
"CTCTAATTCCAATGGT-1_GSM4013393",1.47724815924142
"CTAATGGTCCCGACTT-1_GSM4013393",1.50984445974207
"GATCAGTAGGGATCTG-1_GSM4013393",1.30523033863196
"GGCGTGTTCTCTAGGA-1_GSM4013393",1.43582652367717
"CGTGTCTTCAATAAGG-1_GSM4013393",1.36865180771431
"CAGCGACCAGCGTAAG-1_GSM4013393",1.4809708448256
"ACACTGATCTGATTCT-1_GSM4013393",1.34349650290231
"TGAGCATAGCTGTTCA-1_GSM4013393",1.39438991061498
"GTCGGGTCATCCGTGG-1_GSM4013393",1.44191948087513
"TGCTACCGTTATTCTC-1_GSM4013393",1.49923031164707
"CATCAGACAATTGCTG-1_GSM4013393",1.34139875468448
"TCTATTGCACGGCCAT-1_GSM4013393",1.44183917705502
"CGGCTAGAGCCAGAAC-1_GSM4013393",1.50818964511218
"CTCGGGACAAGGACTG-1_GSM4013393",1.49423268868386
"TTCGAAGAGCGTTTAC-1_GSM4013393",1.32076928514453
"GCAGTTATCCTCTAGC-1_GSM4013393",1.57049079330051
"CGTTGGGTCGGATGGA-1_GSM4013393",1.47176013555347
"ATCGAGTCACTGTTAG-1_GSM4013393",1.43797885542942
"TTCGGTCAGGCATGGT-1_GSM4013393",1.37719394906917
"GGCCGATAGTTATCGC-1_GSM4013393",1.44114744934929
"GGGAATGTCTGCGGCA-1_GSM4013393",1.49228645318854
"TGAAAGATCTCCCTGA-1_GSM4013393",1.44160355234565
"AGGCCACTCCACGTGG-1_GSM4013393",1.5344422930307
"GGGCATCAGTGCTGCC-1_GSM4013393",1.30277670286171
"ATTATCCTCTAACTGG-1_GSM4013393",1.45410544531165
"TGGCGCACAATGACCT-1_GSM4013393",1.40583103973091
"TTCCCAGCATCTCGCT-1_GSM4013393",1.39278106395672
"GGTGTTAAGGATGGAA-1_GSM4013393",1.50923371587324
"GACTAACTCCCTTGCA-1_GSM4013393",1.42207564983376
"TCTATTGAGCCTATGT-1_GSM4013393",1.38576608208711
"TCGTACCGTCGAACAG-1_GSM4013393",0.831870069190299
"TTTGTCATCAGGTTCA-1_GSM4013393",1.36321654658535
"GGCAATTTCGATCCCT-1_GSM4013393",1.48126332769643
"CTGATAGCAGCTATTG-1_GSM4013393",1.40808236351635
"CGAATGTAGTCGATAA-1_GSM4013393",1.34575459962319
"ACAGCCGGTTAAGATG-1_GSM4013393",1.38884688656282
"GCAGTTACACCCTATC-1_GSM4013393",1.3827938601407
"CCGGGATCAGACAAGC-1_GSM4013393",1.36775191195524
"TTGGCAACAATAGCAA-1_GSM4013393",1.49781669127709
"CTTCTCTGTGTGGTTT-1_GSM4013393",1.41896298533316
"CCCATACAGAACAACT-1_GSM4013393",1.35829825586279
"ATGGGAGCATGGTCTA-1_GSM4013393",1.40036006912021
"TAGAGCTAGACCTTTG-1_GSM4013393",1.5011984963895
"ACACCCTGTTCTGTTT-1_GSM4013393",1.45989714593416
"ACGTCAATCTTTAGGG-1_GSM4013393",1.32872605848629
"CGTTCTGGTCTACCTC-1_GSM4013393",1.37092651699938
"CAACCTCAGTTTCCTT-1_GSM4013393",1.38521249829079
"AGGCCACGTTGATTCG-1_GSM4013393",1.52336827146094
"CGTGTCTTCACGCATA-1_GSM4013393",1.49057045470984
"TTCTTAGAGGTGATTA-1_GSM4013393",1.49156469767566
"ATTATCCAGAGTCGGT-1_GSM4013393",1.4321851306804
"CACATTTCATCCTAGA-1_GSM4013393",1.43326138690546
"CTGCTGTGTTTCGCTC-1_GSM4013393",1.29325228469094
"CCCTCCTAGATGTTAG-1_GSM4013393",1.37237578464018
"GACCAATGTAAATGAC-1_GSM4013393",1.40761011443537
"TACACGAGTAAACACA-1_GSM4013393",1.42291631358055
"CTGAAGTGTCTCTTTA-1_GSM4013393",1.35689455242794
"CGACTTCAGACGACGT-1_GSM4013393",1.44033714747649
"CTAATGGAGGTCGGAT-1_GSM4013393",1.34945699970368
"ATCTACTTCGTTTGCC-1_GSM4013393",1.41853536623516
"CCTAGCTCACCACGTG-1_GSM4013393",1.4668369178445
"AGAATAGTCACTCTTA-1_GSM4013393",0.752978636003033
"GGGACCTGTTACGCGC-1_GSM4013393",1.54282710741937
"TGTATTCGTTGAACTC-1_GSM4013393",1.33968970286187
"CTTGGCTTCGGTTCGG-1_GSM4013393",1.4705148382641
"CACACAAGTAAATGTG-1_GSM4013393",1.3081728358328
"CGCGTTTAGCAGATCG-1_GSM4013393",1.40288221358759
"AACCATGGTGAAATCA-1_GSM4013393",1.37740903189735
"TGCCCTAAGCATCATC-1_GSM4013393",1.45975186861836
"CAGATCAGTCGTCTTC-1_GSM4013393",1.4217252173186
"GCTTCCACAGTCAGCC-1_GSM4013393",1.40982854989642
"GGTGTTACATGACGGA-1_GSM4013393",1.35796795030017
"AACTTTCAGAGTACCG-1_GSM4013393",1.54211400868178
"TAGACCACAATAACGA-1_GSM4013393",1.44264219506458
"CCTACACTCAGTTTGG-1_GSM4013393",1.47272712113436
"ACAGCCGTCATTGCGA-1_GSM4013393",1.33133876561479
"ACGGGCTGTCGAAAGC-1_GSM4013393",1.31049480408472
"CTAACTTTCCAAACAC-1_GSM4013393",1.51221324395458
"TTTGGTTAGAAGGGTA-1_GSM4013393",1.37038997304787
"ACGGCCAGTATGAAAC-1_GSM4013393",1.40700845409101
"TACCTTATCAACACAC-1_GSM4013393",1.37631756591871
"CTAACTTGTTCCACAA-1_GSM4013393",1.42831849176365
"CTCGTACTCCCAGGTG-1_GSM4013393",1.39929639216516
"TGCCCTACAGACGCTC-1_GSM4013393",1.43256307519544
"GGCCGATGTATGAAAC-1_GSM4013393",1.39188729917993
"TAAACCGTCATAAAGG-1_GSM4013393",1.3464895525292
"CACACAACAATGACCT-1_GSM4013393",0.749502882762142
"GCTTCCAGTAATCGTC-1_GSM4013393",1.36346207731899
"AGCATACAGGGATCTG-1_GSM4013393",1.09287332191217
"CACACAAGTTAGTGGG-1_GSM4013393",0.740189932881619
"GTAGGCCGTACCAGTT-1_GSM4013393",1.34688396134754
"AACTCAGTCGCAGGCT-1_GSM4013393",1.42093580855216
"CTAACTTCAGATTGCT-1_GSM4013393",1.36520636762647
"TATCTCATCGAACGGA-1_GSM4013393",1.45566951490699
"CGTCAGGGTATATGAG-1_GSM4013393",1.4618329719372
"CTCACACTCTACCAGA-1_GSM4013393",1.32431604516591
"CCTCAGTCAGGAATCG-1_GSM4013393",1.33858188055383
"GGCGTGTCATCACCCT-1_GSM4013393",1.00239382244671
"CTACATTGTTATGCGT-1_GSM4013393",0.898965970113851
"TCCACACCAGCATGAG-1_GSM4013393",1.4503592035574
"CCAGCGACATATGAGA-1_GSM4013393",1.33975840767015
"CTCTACGGTCCTCCAT-1_GSM4013393",1.37502022257367
"GCATGCGGTTGGTTTG-1_GSM4013393",1.42664995807821
"CGATCGGGTACCGCTG-1_GSM4013393",1.48903676215649
"CTACACCGTGCGAAAC-1_GSM4013393",1.32394519658612
"CTAGCCTCACGGCTAC-1_GSM4013393",1.40126838665414
"AGGTCCGTCACTTATC-1_GSM4013393",1.43664441467433
"CGTGTAAGTTGTCGCG-1_GSM4013393",1.51103424581122
"TCTCATATCCAGAAGG-1_GSM4013393",1.3294717581824
"ACTGTCCGTGCATCTA-1_GSM4013393",1.41168338432149
"GTTCATTAGGATGGAA-1_GSM4013393",1.53129188369287
"TCCACACTCTCTAGGA-1_GSM4013393",1.29949396802381
"ATCGAGTAGTGCTGCC-1_GSM4013393",1.32326666116218
"GTGCAGCTCGTTTGCC-1_GSM4013393",1.61210433334034
"CTACACCGTGTATGGG-1_GSM4013393",0.809475803716628
"GGACGTCCACTTCGAA-1_GSM4013393",1.34923381887303
"ACATGGTAGTGGAGTC-1_GSM4013393",1.36796551018199
"GTGCATAAGATGTCGG-1_GSM4013393",1.37822287648328
"GGAATAAAGCTCTCGG-1_GSM4013393",1.37359634253704
"GCTGCGAGTAGCCTCG-1_GSM4013393",1.50066177663958
"GGAGCAACACAGCGTC-1_GSM4013393",1.39107288751136
"GTCTCGTGTTAAAGTG-1_GSM4013393",1.25421591812016
"GTTACAGAGCTGCGAA-1_GSM4013393",1.44684418838531
"CGGACACGTCGCATAT-1_GSM4013393",0.791417257203287
"GATGAGGCATGGGAAC-1_GSM4013393",1.32878121814956
"AAGCCGCAGCGGCTTC-1_GSM4013393",1.31683757195869
"GTGTTAGTCATGCAAC-1_GSM4013393",1.42766178146116
"AATCCAGAGACAGGCT-1_GSM4013393",1.36611284371885
"ACTTACTAGCAAATCA-1_GSM4013393",1.4573025789752
"TCAGCAACAAGCCGCT-1_GSM4013393",1.40127882378538
"AAGGAGCTCATCACCC-1_GSM4013393",1.3926144287276
"GCGCCAAAGTACGCGA-1_GSM4013393",1.17402317167689
"TTCGAAGTCGGTCTAA-1_GSM4013393",1.34735737167608
"CTCGTACGTCGAAAGC-1_GSM4013393",1.47817439643798
"TACTTACGTCTCGTTC-1_GSM4013393",1.40762509769049
"ACATACGGTCGCGAAA-1_GSM4013393",1.37819408702314
"ACGGGTCTCTGATTCT-1_GSM4013393",0.830607265535259
"ACTGTCCAGATCTGCT-1_GSM4013393",1.3686202626021
"TGCCCATAGGTGTGGT-1_GSM4013393",1.40223582653019
"GTTAAGCAGGCCATAG-1_GSM4013393",1.35972236957561
"CATCAAGTCGGTTAAC-1_GSM4013393",1.25764878998864
"CCTAAAGCACTTACGA-1_GSM4013393",1.32676345186775
"AGAGCTTTCCACGACG-1_GSM4013393",0.813922108026724
"AAATGCCGTGTCGCTG-1_GSM4013393",0.622535340266665
"CTGGTCTGTCTTGATG-1_GSM4013393",1.27428411812303
"TCTTTCCCATCTACGA-1_GSM4013393",1.41821284396817
"GATCGCGCAGTATGCT-1_GSM4013393",1.35667539920258
"TGGCGCAGTGTGTGCC-1_GSM4013393",0.827786352609712
"TGTCCCACACCAACCG-1_GSM4013393",1.28905556333649
"TCTTCGGAGGTCATCT-1_GSM4013393",1.3855688671042
"TACTTACGTCAGGACA-1_GSM4013393",1.39586424664969
"CGGAGCTCATCCCACT-1_GSM4013393",1.37684873000506
"CTCATTAAGTGGGATC-1_GSM4013393",1.3805861575689
"CATGGCGAGCCGTCGT-1_GSM4013393",0.881348104942486
"CAACCTCCAAGTCTAC-1_GSM4013393",1.21498753535556
"CTGCGGATCTAGCACA-1_GSM4013393",1.23380357915503
"TCACGAATCACTGGGC-1_GSM4013393",1.33072363691005
"ACAGCTATCCTCGCAT-1_GSM4013393",1.29517326981293
"TACACGAGTGATAAGT-1_GSM4013393",1.38046751823036
"CTAGAGTGTGATGCCC-1_GSM4013393",1.03693116195377
"TACAGTGTCTGGGCCA-1_GSM4013393",1.22516206876602
"TCGTAGAAGTGTCCAT-1_GSM4013393",1.21269021086704
"CTTGGCTTCTGTGCAA-1_GSM4013393",1.30094220147267
"TCAGCTCAGATCGGGT-1_GSM4013393",1.33747331766895
"AACTCTTGTCGCGTGT-1_GSM4013393",1.23173373260692
"AAATGCCCACCTCGGA-1_GSM4013393",0.923101055282105
"GGTGAAGCACGAGAGT-1_GSM4013393",1.31306176460804
"TCTATTGAGACAAGCC-1_GSM4013393",1.37870079993405
"CGTGTAATCACAGGCC-1_GSM4013393",1.34607233702199
"ATAACGCAGAACAATC-1_GSM4013393",1.25747881478229
"CTTTGCGCAGGGTATG-1_GSM4013393",0.7023818703079
"CTCGAGGTCCTCGCAT-1_GSM4013393",1.35935865686728
"AAGGCAGGTCTCTCGT-1_GSM4013393",1.34576570567886
"ACATACGCACGGTTTA-1_GSM4013393",1.04701257380527
"TTAACTCGTCGCGAAA-1_GSM4013393",1.28234065596943
"GAACATCCAGTCAGAG-1_GSM4013393",1.13300687556916
"ACAGCTAAGTCGAGTG-1_GSM4013393",1.41339547970113
"CGGTTAAAGTGTACCT-1_GSM4013393",1.41883914935387
"GGTGAAGTCAGGCGAA-1_GSM4013393",1.30932690406049
"TTGGAACCACGTCAGC-1_GSM4013393",1.4508867142443
"TGGTTCCAGTGTCTCA-1_GSM4013393",1.39934153533867
"CGATGTACATCACGTA-1_GSM4013393",1.24202230031621
"GGGCACTTCGAATGGG-1_GSM4013393",1.41333881394991
"TATGCCCAGCAACGGT-1_GSM4013393",1.20708218251996
"TATCAGGTCGGCGCAT-1_GSM4013393",0.780203610652925
"CACAGGCTCGTAGGAG-1_GSM4013393",1.29582858032302
"AGTCTTTTCCTTGGTC-1_GSM4013393",1.18247941733356
"GGGCATCAGTTTGCGT-1_GSM4013393",1.39477378878086
"TGGCGCAAGTTCGCAT-1_GSM4013393",1.45119093138149
"GACCTGGTCACCGGGT-1_GSM4013393",1.35326459886665
"CGGCTAGAGCGAGAAA-1_GSM4013393",1.42735165679085
"GTATCTTTCGTGACAT-1_GSM4013393",1.31728170499627
"ACCAGTAAGTGTACTC-1_GSM4013393",1.38590938726757
"CGTCTACAGGTTACCT-1_GSM4013393",1.39998759755081
"CAACCTCTCAGCGATT-1_GSM4013393",1.13818499953392
"CAACTAGCAGCTGTAT-1_GSM4013393",1.11487926533736
"GCGCAGTTCCTTGACC-1_GSM4013393",1.47644651255444
"AGGGATGAGATGCGAC-1_GSM4013393",0.802429247126052
"TTGCCGTTCCTCCTAG-1_GSM4013393",1.38196824967019
"CCACGGAGTTACTGAC-1_GSM4013393",0.683533806349313
"GGCAATTTCGGTCTAA-1_GSM4013393",1.30093365730902
"TTCGGTCAGCCGTCGT-1_GSM4013393",1.36889108823732
"CAGCTAATCGCTAGCG-1_GSM4013393",1.27935376896095
"ACCCACTAGTTTCCTT-1_GSM4013393",1.32782548110498
"TGCACCTAGACCGGAT-1_GSM4013393",1.3895558091601
"TTCTTAGCAATAGAGT-1_GSM4013393",0.909187124430398
"GAAACTCTCGAGCCCA-1_GSM4013393",1.27547937035058
"TACAGTGCAGTTCATG-1_GSM4013393",0.719361662320288
"TTCTCCTCAACACGCC-1_GSM4013393",1.26628716159528
"GCATGCGGTCCAAGTT-1_GSM4013393",1.48393004041262
"CGACTTCTCTTAGAGC-1_GSM4013393",1.14550331272177
"GACTGCGCAGTATCTG-1_GSM4013393",1.27460445270671
"TATTACCTCTTCAACT-1_GSM4013393",1.38019281692414
"ATGCGATTCCCTCAGT-1_GSM4013393",1.37779214133897
"GTACTTTGTGCTCTTC-1_GSM4013393",0.625384501150391
"ATCTGCCGTCTCCATC-1_GSM4013393",1.254165165744
"TACACGAGTATTACCG-1_GSM4013393",1.46005834720557
"GTCAAGTAGTGGAGAA-1_GSM4013393",0.655762407261057
"ACCAGTAAGTGCGATG-1_GSM4013393",1.28022657123307
"TGGGCGTAGAAGGACA-1_GSM4013393",1.21974974295865
"GCATGCGCAATGGTCT-1_GSM4013393",1.35940889007154
"AACGTTGAGGGTATCG-1_GSM4013393",1.25288213275402
"CTGCTGTAGCCGTCGT-1_GSM4013393",1.42385122007192
"GACTGCGGTACCGAGA-1_GSM4013393",1.23147783204073
"CATCAAGTCATGCAAC-1_GSM4013393",1.32172418572134
"ACGTCAATCTTAACCT-1_GSM4013393",1.41913642602461
"TACGGTACAAGTACCT-1_GSM4013393",1.25340389254556
"GGATGTTTCCACGTGG-1_GSM4013393",1.37200801353479
"TGCGCAGGTTGAGGTG-1_GSM4013393",1.38448379433146
"GCAATCACAACACGCC-1_GSM4013393",1.27697234505005
"ACATGGTTCGCTTGTC-1_GSM4013393",1.2964063840867
"TACACGATCGCCCTTA-1_GSM4013393",1.31765080410211
"TAGGCATTCACAACGT-1_GSM4013393",1.44460157204185
"AGATTGCGTATGGTTC-1_GSM4013393",1.31884813522266
"AGATCTGGTGTCCTCT-1_GSM4013393",1.37273155955803
"GTGTGCGTCCTTAATC-1_GSM4013393",1.35028163590788
"GTCACGGTCTTCGAGA-1_GSM4013393",1.34024167898368
"GTCATTTAGACTACAA-1_GSM4013393",1.38164786109958
"CTAGTGATCTGTACGA-1_GSM4013393",1.29510326428314
"GTCACAACATGACATC-1_GSM4013393",1.23371421716737
"GTCGGGTGTATATGAG-1_GSM4013393",1.28690686556273
"GTGCGGTTCTAACTGG-1_GSM4013393",1.37736135173087
"ACTGTCCAGAGCCTAG-1_GSM4013393",1.3331313390119
"GGGTCTGTCCAGAAGG-1_GSM4013393",1.38136824301039
"GGCGACTAGATGTGGC-1_GSM4013393",1.31717102749251
"GGACGTCAGTTAACGA-1_GSM4013393",1.32818865769753
"GGCAATTGTAGCTTGT-1_GSM4013393",1.31595590636817
"GGTGCGTTCTGCCAGG-1_GSM4013393",1.14153995773552
"TCGGTAAAGCTACCGC-1_GSM4013393",1.36926538378619
"GCTTCCAGTGACAAAT-1_GSM4013393",1.29559307638399
"GGAGCAAAGTTGAGTA-1_GSM4013393",1.31858788475203
"CGATCGGGTAGCCTCG-1_GSM4013393",1.34501388066837
"TGCTACCTCAAACGGG-1_GSM4013393",1.31339102764581
"GCCAAATGTAGCTGCC-1_GSM4013393",1.14712945505971
"GGTGTTATCTCAAGTG-1_GSM4013393",1.09026377974416
"AAAGTAGGTCCCTTGT-1_GSM4013393",0.876764208651729
"GAAATGAGTGCGATAG-1_GSM4013393",0.921426122796198
"ACATACGCAAGAAAGG-1_GSM4013393",1.2377761380831
"TACTCGCCACTGTGTA-1_GSM4013393",0.761712449695205
"AGCTTGATCGGCGCTA-1_GSM4013393",0.668243362778625
"TGGCGCACAAACGTGG-1_GSM4013393",1.30255759197191
"GTAACTGTCGTTTAGG-1_GSM4013393",1.17832500719593
"CAGTCCTTCCAAAGTC-1_GSM4013393",1.36704352637418
"TGAGCCGTCCGCGTTT-1_GSM4013393",1.40768319337268
"CAGCAGCCATGGAATA-1_GSM4013393",1.27701367589794
"TAGGCATAGCTAAGAT-1_GSM4013393",1.24372636535601
"AATCCAGAGCCTTGAT-1_GSM4013393",1.36115208741668
"CAAGGCCCATGTAGTC-1_GSM4013393",1.32197455754009
"TCGTAGAAGTCACGCC-1_GSM4013393",1.27554437108549
"AGGTCCGTCATGCATG-1_GSM4013393",1.30423246124632
"ATAACGCTCTGAGGGA-1_GSM4013393",1.39008470967261
"AGATCTGAGAGTAATC-1_GSM4013393",1.37821173943867
"CGCTTCAGTGTAACGG-1_GSM4013393",1.30144950749812
"GATCAGTGTTCCCTTG-1_GSM4013393",1.31481668835742
"CGGTTAACATGGGAAC-1_GSM4013393",1.21324667469341
"CGGAGCTTCGTACCGG-1_GSM4013393",1.29445635337201
"CCGGGATCATCACCCT-1_GSM4013393",0.795821959680935
"CAAGGCCCACAGGTTT-1_GSM4013393",1.29220635528425
"TGAGCCGAGTGTACTC-1_GSM4013393",1.28263676276625
"ACTTGTTAGTCCGGTC-1_GSM4013393",1.45476217286674
"CAGATCAAGTAGTGCG-1_GSM4013393",1.30627355901352
"CATTCGCGTATTACCG-1_GSM4013393",1.32550706684314
"AAAGCAAAGGTAAACT-1_GSM4013393",1.31269749569038
"CACACAAGTTGATTCG-1_GSM4013393",1.37872659495281
"CGCTATCGTTCGCGAC-1_GSM4013393",1.32578805032747
"AGGCCACCATGCTAGT-1_GSM4013393",0.727385921051228
"TCGGGACTCGGAAACG-1_GSM4013393",1.47638941812619
"GTCAAGTGTTCGGGCT-1_GSM4013393",0.657026703463127
"CTGGTCTGTGAGGGTT-1_GSM4013393",1.33979435641574
"GAGCAGAGTTAAAGAC-1_GSM4013393",1.2537432242922
"CACCTTGGTTCCATGA-1_GSM4013393",1.32740974083736
"GAGTCCGCACGGTGTC-1_GSM4013393",1.17970433845181
"GTACTTTAGCGTTTAC-1_GSM4013393",0.821603527917081
"TCAGGATGTCCGTGAC-1_GSM4013393",1.36481758525263
"GGATTACTCTGAGTGT-1_GSM4013393",1.27061011108527
"CCCTCCTAGAGTCGGT-1_GSM4013393",1.17381449428767
"TTTGGTTAGACCCACC-1_GSM4013393",1.33184432620156
"GGAAAGCGTGTGCGTC-1_GSM4013393",1.32859217545279
"AGGGTGAAGTCGAGTG-1_GSM4013393",0.860455037188784
"GTAACTGTCTTATCTG-1_GSM4013393",1.05993469678187
"TTAACTCGTAGCGCTC-1_GSM4013393",0.781893936363791
"TGCCCATAGACCACGA-1_GSM4013393",1.35116593238662
"AGGCCACCAAAGGCGT-1_GSM4013393",1.17871911089402
"GAACGGAAGCCTTGAT-1_GSM4013393",1.32857666304566
"ATCATCTCAACTGCTA-1_GSM4013393",1.2613890755392
"AGTTGGTTCAGCTTAG-1_GSM4013393",1.3737568203046
"GACTACATCGCCATAA-1_GSM4013393",1.19818880661185
"TGTGTTTAGCGGCTTC-1_GSM4013393",1.33891405141145
"GCACATAAGAGTGAGA-1_GSM4013393",1.16366384063897
"AAAGCAACACAAGACG-1_GSM4013393",1.39721295692911
"TCACAAGTCTCTGTCG-1_GSM4013393",1.33553149293875
"CGGACGTGTGTTTGGT-1_GSM4013393",1.33947293784793
"CACAGTATCCTGTAGA-1_GSM4013393",0.801015627638454
"TACCTATAGGCAATTA-1_GSM4013393",1.26080861032035
"GGATTACGTAGGGACT-1_GSM4013393",1.32343900065329
"AAGGAGCAGACTTTCG-1_GSM4013393",0.85026257235001
"TGCCAAATCTTGACGA-1_GSM4013393",1.28403447970621
"CACACAACACAGGTTT-1_GSM4013393",1.32169523902396
"TACGGATGTACGACCC-1_GSM4013393",1.31905453100924
"ATGAGGGCAGCGTAAG-1_GSM4013393",1.24903068825077
"CGGAGTCCAAAGGCGT-1_GSM4013393",1.18897436478595
"TAAGCGTAGACAGACC-1_GSM4013393",1.35415594876435
"CACCAGGAGTAATCCC-1_GSM4013393",1.31153404839117
"TACTTACTCTTGTATC-1_GSM4013393",1.21297859791038
"AGGGTGACAGTCGATT-1_GSM4013393",1.09397574327442
"ACGATGTTCAGTCCCT-1_GSM4013393",1.20606149452674
"CGTTAGACAAGTCTGT-1_GSM4013393",0.744751486996145
"AGCAGCCCAACTTGAC-1_GSM4013393",1.23167605145202
"ATCATCTGTATAATGG-1_GSM4013393",0.690653619148499
"GCAAACTTCCGTACAA-1_GSM4013393",1.34985071285019
"CGTCAGGTCCTCGCAT-1_GSM4013393",1.37090792872481
"GGTATTGTCGTATCAG-1_GSM4013393",1.21701344968209
"TTCCCAGCAGTTTACG-1_GSM4013393",1.22043100991093
"ACGTCAATCAGGTAAA-1_GSM4013393",1.37442626682031
"TCTGGAATCTACTCAT-1_GSM4013393",1.25404317954693
"GAATAAGGTAGCGCAA-1_GSM4013393",1.26936275235779
"ATTGGACCACTTACGA-1_GSM4013393",1.20493543211737
"GCGAGAACATCTATGG-1_GSM4013393",1.20629135461584
"CAACTAGCAAGGTGTG-1_GSM4013393",0.850367685560124
"CATTCGCAGTAACCCT-1_GSM4013393",1.37188352353706
"CGAGCACGTCGGCTCA-1_GSM4013393",0.705509668758905
"CGGAGTCGTAGAGCTG-1_GSM4013393",1.13608337723672
"TTGCCGTCACCTTGTC-1_GSM4013393",0.889634413597382
"CATCGGGCACTATCTT-1_GSM4013393",1.20258459087377
"ACGTCAATCGTTACAG-1_GSM4013393",1.33441689336235
"GTCTTCGAGGAGTAGA-1_GSM4013393",1.12651826443916
"GCTCTGTGTGATGCCC-1_GSM4013393",0.795076976958487
"CGGCTAGCATACCATG-1_GSM4013393",1.13525724951188
"GACACGCTCTGAGTGT-1_GSM4013393",1.31109231011413
"GCAGTTACATTGAGCT-1_GSM4013393",0.747007137417283
"ATGTGTGTCTATCGCC-1_GSM4013393",1.23181067631137
"TTTGGTTGTCTCGTTC-1_GSM4013393",1.29622974433936
"CCCTCCTAGCCAGAAC-1_GSM4013393",1.23432141200827
"AGCGTATTCTTAGAGC-1_GSM4013393",1.40373926403005
"CCCATACGTCGACTGC-1_GSM4013393",1.35017249198445
"CTAAGACAGTGTACTC-1_GSM4013393",1.12459693660247
"TGAGGGACAGCGAACA-1_GSM4013393",1.25054426989449
"CCTTACGGTCTTCGTC-1_GSM4013393",1.19537864045421
"GCAATCATCAGGCCCA-1_GSM4013393",1.41352641155731
"TAGGCATGTGAGGGAG-1_GSM4013393",1.26976724167954
"ACCGTAACATTGGCGC-1_GSM4013393",1.26036216421673
"TCTCATAAGTGTTAGA-1_GSM4013393",1.28984170437481
"CCTAAAGAGCTACCTA-1_GSM4013393",1.42843452377915
"CCAGCGACAATAGCAA-1_GSM4013393",1.21311317440911
"AGCGTATAGTGTCCCG-1_GSM4013393",0.671831662791021
"GTGAAGGTCAGTGTTG-1_GSM4013393",1.38458140593394
"CGAGCACAGTCGATAA-1_GSM4013393",1.17811475958102
"ACTGAGTCATAAAGGT-1_GSM4013393",1.14661987035959
"GTTTCTACACCATGTA-1_GSM4013393",0.748070659779404
"GAGTCCGTCAAGCCTA-1_GSM4013393",0.91918817339327
"GCATGTACAACACCCG-1_GSM4013393",1.31920069610185
"TGACTAGTCTTGCCGT-1_GSM4013393",1.30046192421212
"TTGACTTTCCGCAAGC-1_GSM4013393",0.768517271757156
"CTCCTAGAGAGACGAA-1_GSM4013393",1.39449135675435
"TCGCGAGGTGAAGGCT-1_GSM4013393",1.26142667499782
"GATCAGTAGAACAACT-1_GSM4013393",0.933814066998038
"TCTCTAAGTCCGACGT-1_GSM4013393",0.910393207169149
"ATTGGTGTCTGCGACG-1_GSM4013393",1.22241107570634
"TGCTGCTAGAGGTTAT-1_GSM4013393",1.45842946426974
"TGCCCTAGTGACGGTA-1_GSM4013393",1.40177839508347
"TCGTAGACAGAGCCAA-1_GSM4013393",1.2947545860122
"GTGCAGCCAATAGCAA-1_GSM4013393",1.31971673160506
"GCAAACTTCAGGCAAG-1_GSM4013393",0.742932966050548
"TACTTACAGTAGCCGA-1_GSM4013393",1.24224545187116
"ATTACTCTCGCAAACT-1_GSM4013393",0.750507642618345
"CCGGTAGCACAACGTT-1_GSM4013393",1.08641789721027
"CTCGTACGTATAAACG-1_GSM4013393",0.829195435376928
"ACGAGCCGTTATTCTC-1_GSM4013393",0.716938189846518
"GATCGCGAGGCATGTG-1_GSM4013393",1.24329240334609
"CTGTTTACATTACGAC-1_GSM4013393",1.24489169048276
"GCAATCATCCACGTTC-1_GSM4013393",1.40670913105916
"TTTGCGCAGATATGCA-1_GSM4013393",0.65457927109106
"AGCTCCTGTGACCAAG-1_GSM4013393",0.651155439636163
"TTGCCGTAGCAGATCG-1_GSM4013393",0.736581467041131
"GTAGTCAGTCATGCAT-1_GSM4013393",1.55493895040665
"AGCTCCTAGAGTGACC-1_GSM4013393",1.13479781304236
"AGGGTGAGTCCTGCTT-1_GSM4013393",1.30874346282437
"CGAGAAGCAATAGCAA-1_GSM4013393",0.702501238530718
"CGTGTCTAGCCTCGTG-1_GSM4013393",1.41603930712155
"GTAGGCCTCATCGATG-1_GSM4013393",1.2358258646522
"TTTGGTTCAAACCTAC-1_GSM4013393",1.37411960732841
"CTGAAACTCAGTTAGC-1_GSM4013393",0.825195516020802
"CACAGGCTCCTCCTAG-1_GSM4013393",1.25682180210616
"CAGCATAAGCGTAGTG-1_GSM4013393",0.608335823867335
"TTCTTAGGTCGCCATG-1_GSM4013393",1.20763094100718
"GCTCCTACACGTCTCT-1_GSM4013393",1.25696400644473
"AGTTGGTTCATCATTC-1_GSM4013393",1.31056797751744
"CGGAGCTCAGACGTAG-1_GSM4013393",1.16533138678131
"TGATTTCTCCTGCTTG-1_GSM4013393",1.27619402237059
"CATCCACTCTCTTATG-1_GSM4013393",1.06796956716685
"CTACGTCTCTGTACGA-1_GSM4013393",0.868808822888758
"GCTGCAGAGGATTCGG-1_GSM4013393",1.33368539573353
"GATGAAAAGCGTCAAG-1_GSM4013393",1.15701057236524
"CCTTCCCGTAGTACCT-1_GSM4013393",1.16407100775817
"TGAAAGAAGCGAAGGG-1_GSM4013393",1.18810503772787
"CTCGAAATCGGAGCAA-1_GSM4013393",1.30787805659762
"TACAGTGGTAGCGCTC-1_GSM4013393",1.21941741377915
"GGACGTCGTTGTGGAG-1_GSM4013393",0.711640722051264
"CCTTTCTAGCGTGAGT-1_GSM4013393",1.31775304516464
"TGAAAGATCAGATAAG-1_GSM4013393",1.33714614661264
"TGCGTGGGTAGGGTAC-1_GSM4013393",1.40426345514761
"CACACCTCACACTGCG-1_GSM4013393",1.24321109630019
"GCTGCTTCATCCTTGC-1_GSM4013393",0.781118326145034
"ACATACGGTGCGGTAA-1_GSM4013393",1.25013398294959
"CTGAAGTCATGGTCTA-1_GSM4013393",0.793824328090444
"GATGCTATCAGCGACC-1_GSM4013393",1.15402970066337
"GATCGCGGTTAAGGGC-1_GSM4013393",0.768995976336357
"GGACATTCAGTCACTA-1_GSM4013393",1.29301412418124
"ACCGTAAAGACAATAC-1_GSM4013393",0.845337681889411
"CACAGGCGTGTGAAAT-1_GSM4013393",1.33677334786456
"GGAAAGCAGTGGAGTC-1_GSM4013393",1.13341378349575
"AGCGTATAGGCATGTG-1_GSM4013393",1.39276199074439
"CTCAGAAGTGCTTCTC-1_GSM4013393",0.996740028999531
"GACTAACCAGCGATCC-1_GSM4013393",0.904849664118151
"GGGATGACACACAGAG-1_GSM4013393",1.29004891844248
"GGGTCTGAGTCCGGTC-1_GSM4013393",1.36656946083703
"AAATGCCTCTCTAGGA-1_GSM4013393",0.661179999180318
"AACTTTCAGATCTGCT-1_GSM4013393",0.678969377285323
"CGCGGTATCATTATCC-1_GSM4013393",1.32539965032467
"AAACGGGGTCCGACGT-1_GSM4013393",1.30485476539543
"GCAAACTCATTTGCCC-1_GSM4013393",1.22834530838598
"GGAGCAAAGACCACGA-1_GSM4013393",1.21091623588518
"AAGTCTGCAGGCGATA-1_GSM4013393",0.749900032424183
"ATCCGAAAGACTAGGC-1_GSM4013393",1.31665813973811
"AAGTCTGTCAGGTTCA-1_GSM4013393",1.06180156359255
"AGCGTCGGTTAAGGGC-1_GSM4013393",1.26491748048998
"TGCGTGGGTTCCTCCA-1_GSM4013393",0.937935670547675
"TGTGTTTGTCTCCACT-1_GSM4013393",1.0089533391914
"ACGGAGAGTCTTCAAG-1_GSM4013393",0.918498472609904
"TGACTAGCAAAGAATC-1_GSM4013393",1.31419650514431
"ACGAGCCTCGTACGGC-1_GSM4013393",1.26318899929312
"TACGGGCCACTTCTGC-1_GSM4013393",1.3381443503804
"AAACCTGGTTACTGAC-1_GSM4013393",0.758211022283419
"GACGTGCAGGACCACA-1_GSM4013393",1.31458983050216
"GTGTGCGTCCTATTCA-1_GSM4013393",1.02239293878913
"TGGACGCGTGGTAACG-1_GSM4013393",0.818645231729091
"CGGACACCACCATGTA-1_GSM4013393",0.734397117799305
"GACGCGTCACTCGACG-1_GSM4013393",1.20927228708389
"CACAGTAAGTGTACCT-1_GSM4013393",1.26810316392261
"TCTCATAAGATTACCC-1_GSM4013393",1.23284386206293
"CAACTAGTCCGGCACA-1_GSM4013393",1.26330748390143
"GTTTCTAAGTGAATTG-1_GSM4013393",0.978221195588631
"GTATCTTAGGCCCTCA-1_GSM4013393",1.32532746264337
"CAACCTCAGAGCCCAA-1_GSM4013393",1.22300868044109
"GCTGCAGCATGGTCAT-1_GSM4013393",1.2025630081264
"GAACGGACAAGCTGGA-1_GSM4013393",1.11571371752831
"CGGGTCACACACCGAC-1_GSM4013393",0.966809236140135
"GACAGAGAGATATGCA-1_GSM4013393",1.17808297702634
"GGATTACAGGGATACC-1_GSM4013393",1.1277233834585
"ACAGCCGGTCTGCAAT-1_GSM4013393",1.11070272626797
"TTGAACGCATGGTTGT-1_GSM4013393",1.35859563254415
"AGATCTGGTTCCCGAG-1_GSM4013393",1.1514940695391
"GGGTTGCAGTTGTAGA-1_GSM4013393",1.14426044021095
"GAAACTCGTCCTCCAT-1_GSM4013393",0.74132494678409
"CTTAGGAGTGCGGTAA-1_GSM4013393",1.37066357309477
"TGCACCTCAAGGCTCC-1_GSM4013393",0.820617336154202
"TGCACCTCAGCTGTGC-1_GSM4013393",1.17561417713979
"GTGTTAGCAAGTCTAC-1_GSM4013393",1.39282074430723
"CGCTGGAAGACGCACA-1_GSM4013393",1.07002802022802
"GCCTCTACAACACGCC-1_GSM4013393",1.26056107216117
"TCTTCGGCAGTTCATG-1_GSM4013393",1.22690942108282
"TTGAACGGTGATGTGG-1_GSM4013393",1.3849684742405
"CCACTACCAATAAGCA-1_GSM4013393",1.25235011150277
"ACTGATGGTATAGGGC-1_GSM4013393",0.754623330420242
"AGAATAGTCGGTGTTA-1_GSM4013393",0.655081010049044
"ACGGGTCCAGGGTACA-1_GSM4013393",1.28446377034445
"TGCGGGTCACCCTATC-1_GSM4013393",1.14665650750856
"GAGTCCGTCATGTAGC-1_GSM4013393",1.3807820912145
"TCAGGTAGTACTTGAC-1_GSM4013393",1.27670861730346
"GTTAAGCGTTGCGCAC-1_GSM4013393",1.25621388523621
"CTCCTAGCAAGCCGTC-1_GSM4013393",0.98041011772374
"CTAACTTGTTGTCGCG-1_GSM4013393",1.30969976030469
"CCGTACTTCATATCGG-1_GSM4013393",0.658148568299411
"CGGACACCACTAGTAC-1_GSM4013393",1.38791921280237
"ACCTTTACATCGGTTA-1_GSM4013393",1.33506639767993
"AAATGCCGTATTCGTG-1_GSM4013393",0.863894883350181
"GGCCGATAGGACCACA-1_GSM4013393",0.798254128388527
"CGGAGTCTCTAGCACA-1_GSM4013393",1.33771932444714
"GTACTTTAGACCACGA-1_GSM4013393",0.733719308789375
"GCTCTGTGTCCAACTA-1_GSM4013393",1.23501050611872
"CGCTTCAAGAAGGGTA-1_GSM4013393",1.35424914455545
"GTCACGGGTGTGACCC-1_GSM4013393",1.36884253116922
"ACGCCGATCGGCGGTT-1_GSM4013393",1.16435863223208
"CGTGTAAGTCAAGCGA-1_GSM4013393",0.665907748328606
"GCATGCGTCGCGTTTC-1_GSM4013393",1.27949605881299
"TCTTTCCGTAACGACG-1_GSM4013393",1.22299024141589
"CAGCGACCATGATCCA-1_GSM4013393",0.900582916844962
"CACATAGAGACACTAA-1_GSM4013393",0.763282739347663
"CTTGGCTTCTTAACCT-1_GSM4013393",1.07562700726467
"CGTAGCGGTTGAACTC-1_GSM4013393",0.825632050246541
"GAAGCAGTCTTTCCTC-1_GSM4013393",1.17444188767068
"ACATACGTCAGGTTCA-1_GSM4013393",1.0883196814744
"GGAGCAATCAGATAAG-1_GSM4013393",1.22817054466243
"TTGAACGAGTACACCT-1_GSM4013393",1.2646344443906
"CTCTACGGTTGTCGCG-1_GSM4013393",1.1253046088417
"CCTATTAAGCTATGCT-1_GSM4013393",0.998940763002798
"TGCGTGGAGTGTACTC-1_GSM4013393",1.24172596701598
"ATCCACCAGAGCTGCA-1_GSM4013393",1.0961986205009
"TGGACGCGTGCACGAA-1_GSM4013393",0.777149523820721
"AACGTTGGTTACGCGC-1_GSM4013393",1.29614102776519
"CGAGAAGCATCCAACA-1_GSM4013393",1.20128468530656
"CTCGAAACAATACGCT-1_GSM4013393",0.675740556315056
"GACTGCGAGTCGTACT-1_GSM4013393",1.16104617633901
"TACTTGTGTCGTGGCT-1_GSM4013393",1.27168849343734
"GATTCAGCACGACTCG-1_GSM4013393",1.16499982156379
"CTCGTACTCGTCCGTT-1_GSM4013393",0.763037368271454
"GCTCTGTAGATGTTAG-1_GSM4013393",1.19530797435483
"TGCCCTAGTCGGCATC-1_GSM4013393",1.24034711327086
"CCATGTCGTCCAGTGC-1_GSM4013393",1.21172982682857
"AGCAGCCTCGCCAGCA-1_GSM4013393",1.29758197501403
"CTCAGAACACGTTGGC-1_GSM4013393",0.880629900745505
"ACAGCTAAGTGGGCTA-1_GSM4013393",0.937804986054035
"ATCATGGTCCGCTGTT-1_GSM4013393",1.18997230089687
"CTGAAACGTAGCGCAA-1_GSM4013393",1.23100810684323
"CCTTCGAAGTCAAGCG-1_GSM4013393",1.23528118757918
"GTCGTAACATGTCTCC-1_GSM4013393",1.17088780089996
"CGCTATCAGCTAACTC-1_GSM4013393",0.80672411932668
"GGACAAGCAACGATGG-1_GSM4013393",1.13369319934364
"TGGACGCAGTCGATAA-1_GSM4013393",1.2765844882082
"TAAGAGACAGCTATTG-1_GSM4013393",1.08759369189794
"TGACTAGAGTAGCGGT-1_GSM4013393",1.0826406659242
"TAGTGGTCATATACCG-1_GSM4013393",1.30216509228127
"CGTAGGCAGGCTCTTA-1_GSM4013393",1.13343980031807
"GTAGTCAGTTCGGCAC-1_GSM4013393",1.23392727775442
"CATCCACGTTCCGTCT-1_GSM4013393",1.22315745682176
"CGTGTCTAGCGATTCT-1_GSM4013393",1.22504753706772
"ATCTGCCGTGTTGGGA-1_GSM4013393",1.24746759563788
"CAGTCCTGTTCTGGTA-1_GSM4013393",0.707023737962446
"ACCGTAACATGTCCTC-1_GSM4013393",1.13654587722188
"CAGAGAGTCGTCCGTT-1_GSM4013393",0.785187167499213
"TGAGGGATCTTGCAAG-1_GSM4013393",1.17870277718128
"CTCGTACTCATAGCAC-1_GSM4013393",1.00207016308457
"ACATCAGAGAGTACAT-1_GSM4013393",0.735453783069742
"CCTTTCTAGAGTAAGG-1_GSM4013393",1.07124949801365
"TTCTACATCTTCTGGC-1_GSM4013393",0.577001491777719
"TTGGCAACAGTAAGAT-1_GSM4013393",0.873520576668616
"CTTACCGGTGTAATGA-1_GSM4013393",0.600807451686129
"ACGATACAGCATGGCA-1_GSM4013393",1.03658933147619
"GGTGAAGGTGGTCCGT-1_GSM4013393",1.11644266009397
"CAAGTTGTCATGCTCC-1_GSM4013393",1.30586560665898
"CTAACTTCATACCATG-1_GSM4013393",1.31631251703397
"CAGATCAGTAGCGTAG-1_GSM4013393",1.15810385048622
"CCATTCGGTCAAAGCG-1_GSM4013393",0.86149117958815
"CCATGTCGTCCTAGCG-1_GSM4013393",1.20741735991432
"GGGAGATTCGTCGTTC-1_GSM4013393",1.24405953689519
"TAGGCATGTCCAAGTT-1_GSM4013393",1.20726222747901
"TACGGATAGATGCCAG-1_GSM4013393",1.10184260496692
"AGCTCTCCAAGAGGCT-1_GSM4013393",1.14939522404133
"TCGTACCGTCATCCCT-1_GSM4013393",0.83017908239688
"AGTGTCAAGTAGATGT-1_GSM4013393",1.0707784904013
"TGAGAGGTCTCAACTT-1_GSM4013393",0.875615551034386
"TTTCCTCCATGCCTTC-1_GSM4013393",1.10694657571273
"TACTTACCAAGCGCTC-1_GSM4013393",0.980505716043237
"CTGTGCTAGAAACCTA-1_GSM4013393",0.760116417664257
"GCGCAACTCAGCGACC-1_GSM4013393",1.17863350778295
"TACAGTGCAAGCCATT-1_GSM4013393",1.27328832943342
"GGACGTCGTAGTAGTA-1_GSM4013393",0.674187424798003
"ACGCCGAGTCTTCTCG-1_GSM4013393",1.11991071908166
"GAACATCTCCGCATAA-1_GSM4013393",0.664819339341733
"GCTGGGTCACTGTGTA-1_GSM4013393",0.835697136266582
"GGACATTGTGGTAACG-1_GSM4013393",1.10303824040979
"GCATGTACATCACGAT-1_GSM4013393",1.24809676510776
"ATTCTACCAAAGCGGT-1_GSM4013393",1.22805590060322
"TAAGCGTCACCAGCAC-1_GSM4013393",1.24058650186389
"CGTCAGGGTTGACGTT-1_GSM4013393",1.1672852369754
"ACACTGACATGTCGAT-1_GSM4013393",0.865735823892493
"CGGACGTAGACAAGCC-1_GSM4013393",1.11539672696455
"GAATAAGAGCGTAGTG-1_GSM4013393",0.845981771145515
"CGTTCTGAGCCAGTTT-1_GSM4013393",1.03680405167217
"GGAGCAAGTATATCCG-1_GSM4013393",1.30919040529677
"ATAAGAGGTAGAAAGG-1_GSM4013393",1.21710643728674
"CCTAAAGAGCGTCAAG-1_GSM4013393",1.12332169385668
"TGTCCCAAGTCTTGCA-1_GSM4013393",1.2009674898566
"CTTAACTTCGCCGTGA-1_GSM4013393",1.01228816798692
"AACTCTTGTTCGGCAC-1_GSM4013393",0.841755964088726
"CGTCAGGAGGGAACGG-1_GSM4013393",0.544133454657262
"GTCGTAAGTATTCTCT-1_GSM4013393",1.27375723837802
"TGAGAGGTCCTGTAGA-1_GSM4013393",1.22246486381613
"ACTTACTAGTGTCCAT-1_GSM4013393",1.18099657280548
"TGAAAGATCAGAAATG-1_GSM4013393",0.70835373283314
"GGAAAGCCACTATCTT-1_GSM4013393",0.302261976500816
"ACGGAGAAGATGGCGT-1_GSM4013393",0.995967702635279
"TCAATCTGTGAACCTT-1_GSM4013393",1.19799870907708
"TCAGATGGTCAGAAGC-1_GSM4013393",1.22470483357686
"TATGCCCGTAAAGTCA-1_GSM4013393",1.38495970020619
"CGCTGGAGTTAGAACA-1_GSM4013393",0.81789117946256
"TTAGTTCCAGCGTCCA-1_GSM4013393",0.76977021985159
"CAACCAAAGTGTTAGA-1_GSM4013393",0.919906652127314
"GAAGCAGGTCACAAGG-1_GSM4013393",0.918235052537197
"CGGAGCTCACAAGCCC-1_GSM4013393",0.822782444391544
"ATGTGTGCATACGCCG-1_GSM4013393",0.438400501625339
"CTACACCGTTACAGAA-1_GSM4013393",0.796418535916613
"GGGATGAGTGTGACCC-1_GSM4013393",0.693325641723391
"GGGACCTGTGCTCTTC-1_GSM4013393",1.00382333921011
"CGATGTAAGTGACATA-1_GSM4013393",1.25574421215754
"GACTACATCATGGTCA-1_GSM4013393",1.26543236609301
"CACAAACCATGACATC-1_GSM4013393",0.833318154147845
"AGCCTAAGTAGCGCAA-1_GSM4013393",0.896580628607568
"CCTACCATCTTGTATC-1_GSM4013393",1.22945372592004
"CGGAGTCGTAAACACA-1_GSM4013393",1.1688084196616
"CACCTTGCAAGCTGTT-1_GSM4013393",0.864662430159913
"CACACAACAGGATCGA-1_GSM4013393",0.710397293963151
"CACAGTATCCAGTATG-1_GSM4013393",0.865570423701262
"CTAGTGACACCACGTG-1_GSM4013393",1.39715069970316
"TGACAACAGTTAGCGG-1_GSM4013393",0.646117565903778
"ATAGACCCACACCGCA-1_GSM4013393",0.81906901838789
"AGCTTGACACCTCGGA-1_GSM4013393",0.97774058602535
"CTCCTAGTCCGCGCAA-1_GSM4013393",0.851986121085178
"TACGGTAGTGGGTATG-1_GSM4013393",0.806808057234313
"AGTGAGGAGGAGTACC-1_GSM4013393",1.35202011938538
"GATGAGGGTCACACGC-1_GSM4013393",0.775037585089
"GCATGATAGGCGTACA-1_GSM4013393",0.826197500459397
"GGGCATCAGAGTCGGT-1_GSM4013393",0.714664341491687
"ACAGCCGCAGATGAGC-1_GSM4013393",0.865281320311685
"CAAGAAATCTACGAGT-1_GSM4013393",1.18373036791156
"TGCTACCGTCTGGTCG-1_GSM4013393",0.993853553000982
"TGTGGTATCACATAGC-1_GSM4013393",1.15314257846104
"CTCGTCATCTGTTGAG-1_GSM4013393",0.759873121351336
"CGGAGCTCAGTACACT-1_GSM4013393",1.03526959062375
"TCGCGAGGTAAACCTC-1_GSM4013393",0.996667711760853
"TGCCCTACAAGACACG-1_GSM4013393",1.15038862507179
"AGAGTGGGTCTTCGTC-1_GSM4013393",0.99739140817589
"CATATGGGTGCTCTTC-1_GSM4013393",0.762467580537841
"AGTGGGACATCGGGTC-1_GSM4013393",1.07730143419214
"CACACTCTCTCTGTCG-1_GSM4013393",1.17394457131244
"TCGGTAAGTTAAGACA-1_GSM4013393",0.932955480451578
"TGCCCATCACAAGTAA-1_GSM4013393",1.16750318744545
"GTAGGCCTCTCGTTTA-1_GSM4013393",1.27041269540375
"CATCCACCACGGCGTT-1_GSM4013393",0.809721052982044
"CGACTTCAGAAGGACA-1_GSM4013393",0.679230102580929
"TGGTTAGGTCAACTGT-1_GSM4013393",1.20604310946997
"CCACCTAAGGTTACCT-1_GSM4013393",1.00744368683749
"TGTGGTACAGCAGTTT-1_GSM4013393",0.962800314999881
"TTGTAGGGTTAAGACA-1_GSM4013393",1.1629148797441
"TGTGTTTTCCAGTATG-1_GSM4013393",0.695496914054103
"TTGGAACAGTTGCAGG-1_GSM4013393",1.2201865438626
"GTGCATAAGGCGACAT-1_GSM4013393",1.20511452320667
"GGAACTTCAGTACACT-1_GSM4013393",1.15591965979033
"TAAGCGTTCATCGGAT-1_GSM4013393",1.1033471092621
"TTCTCAACATTAGCCA-1_GSM4013393",1.18667855295454
"TTCTCAAAGCTACCTA-1_GSM4013393",1.25404839465146
"GATCAGTTCCGCATCT-1_GSM4013393",1.03581014250525
"CGTTGGGAGCTTCGCG-1_GSM4013393",1.24802295932042
"CCCAGTTCATAACCTG-1_GSM4013393",1.15075547207864
"TGCACCTCATCACCCT-1_GSM4013393",0.660736196979268
"AACACGTGTCGCCATG-1_GSM4013393",1.12389833965397
"CAGATCAGTACCGTAT-1_GSM4013393",0.713661904929032
"GCAGTTAAGTATCTCG-1_GSM4013393",0.998032228639055
"AGCCTAATCCCTAACC-1_GSM4013393",1.22698538523722
"TTTGTCACAATTCCTT-1_GSM4013393",1.04872729744392
"TGCGGGTAGTAGCCGA-1_GSM4013393",1.21477000033932
"CGAATGTAGCTTCGCG-1_GSM4013393",0.599244677669323
"CGATGGCTCCAAGTAC-1_GSM4013393",0.95502044531535
"GGAGCAACAGGGCATA-1_GSM4013393",0.982226868657325
"AGAGCTTGTATGCTTG-1_GSM4013393",1.11952622929319
"CGAGAAGAGCGTAGTG-1_GSM4013393",1.13806864099134
"CAAGTTGCAACGATCT-1_GSM4013393",1.23697309566298
"CACACCTGTCGAGATG-1_GSM4013393",0.794617367945525
"AGAATAGAGGAGCGTT-1_GSM4013393",1.28705558253845
"GGACAAGGTGTCGCTG-1_GSM4013393",1.32212005895956
"CACAGTACAGGGTATG-1_GSM4013393",1.16840748031986
"GGCTCGAGTAAAGTCA-1_GSM4013393",0.709252014068203
"AAGACCTTCGCGCCAA-1_GSM4013393",0.862133295920401
"CTACACCAGGGAGTAA-1_GSM4013393",1.11168843421791
"GTCTCGTTCGCCATAA-1_GSM4013393",0.428780369518635
"GCTGGGTGTGTAACGG-1_GSM4013393",1.2027290435898
"GTACTTTAGTCTCCTC-1_GSM4013393",1.16254900617411
"CCAATCCGTCCTCTTG-1_GSM4013393",0.557024263911993
"GGGAATGAGTACGCCC-1_GSM4013393",1.14857042105541
"AGCCTAAAGGATATAC-1_GSM4013393",1.22167377259296
"CAACCAATCATCATTC-1_GSM4013393",1.14563463625808
"CCTTACGGTAAGCACG-1_GSM4013393",0.796538008993286
"TATGCCCAGCCATCGC-1_GSM4013393",1.0861314753523
"GTGTTAGGTGCAACGA-1_GSM4013393",1.24979853664596
"TACGGATAGATGAGAG-1_GSM4013393",1.06130637251274
"AGCTCCTAGGGAAACA-1_GSM4013393",0.665999764094532
"GACGTGCGTATGAAAC-1_GSM4013393",1.10769218834259
"TAAGCGTTCTGTGCAA-1_GSM4013393",0.745349565642352
"GACACGCAGCCCAATT-1_GSM4013393",1.31281383860372
"CGAACATGTGACGGTA-1_GSM4013393",0.738406518114372
"GTATTCTTCTAACTCT-1_GSM4013393",1.07642572563529
"CACCAGGAGCTAACTC-1_GSM4013393",1.17014966782206
"CAACCTCTCCCTAACC-1_GSM4013393",1.35997177860198
"AGCGTCGGTCAGGACA-1_GSM4013393",1.12702670971526
"CACAGGCTCAGCTGGC-1_GSM4013393",1.15729836975625
"GATGAAAAGGCAGGTT-1_GSM4013393",1.22655644051966
"GCTGGGTGTTGCCTCT-1_GSM4013393",0.99501231742106
"TGCGCAGAGAGTCGGT-1_GSM4013393",0.808613794042988
"CCACCTAGTTCCGTCT-1_GSM4013393",1.02471564103631
"TGCGCAGGTAAATACG-1_GSM4013393",1.08800881757469
"TAAACCGCAAGGCTCC-1_GSM4013393",0.971718247527053
"CAGCTAAGTTCGTCTC-1_GSM4013393",1.28894104879792
"GGTGAAGCATCCAACA-1_GSM4013393",0.78315419523687
"GCATGCGAGCCCAATT-1_GSM4013393",1.19664081263905
"ATTGGACTCATAGCAC-1_GSM4013393",0.919677816747533
"GTATTCTTCTCGATGA-1_GSM4013393",1.23360958335637
"GGGCATCGTTCGCGAC-1_GSM4013393",1.2962351601926
"TGGTTCCTCAAGCCTA-1_GSM4013393",0.659255552307067
"AGACGTTTCTTCGAGA-1_GSM4013393",0.933549814228268
"ACTTTCAGTTACGGAG-1_GSM4013393",0.581506369949531
"AAAGCAATCTTAGAGC-1_GSM4013393",0.971151081705631
"TTCTCCTAGTGATCGG-1_GSM4013393",1.24918138035986
"ATCTACTTCAGCGATT-1_GSM4013393",1.18495826546363
"CCTAGCTCAGCGATCC-1_GSM4013393",1.10818081596642
"GTGTGCGCACTTAACG-1_GSM4013393",0.660983236784826
"TGCTGCTCAGCCTTTC-1_GSM4013393",1.35963151186685
"AACTCCCCACGAAACG-1_GSM4013393",1.05252618874169
"AGACGTTGTCGAGATG-1_GSM4013393",1.00134526616159
"ATCACGAGTAAACCTC-1_GSM4013393",1.24386055744214
"TTTGTCAAGGGAAACA-1_GSM4013393",1.3106949667579
"AGTCTTTTCCGCTGTT-1_GSM4013393",1.09457833150745
"AGTGAGGGTGAGGGTT-1_GSM4013393",0.74429497628972
"GGGCATCTCACCGTAA-1_GSM4013393",1.13826631547682
"AGATCTGCAAAGGAAG-1_GSM4013393",0.833969098611227
"CTAGTGATCAGCATGT-1_GSM4013393",0.761084566165163
"ATCTGCCTCCAGTAGT-1_GSM4013393",1.11662494292843
"CTCTACGCACAGACAG-1_GSM4013393",1.26903647142718
"AAGGCAGGTACGAAAT-1_GSM4013393",1.14963066955703
"GACTACAAGAGGACGG-1_GSM4013393",1.27400010728129
"CATCAAGTCTCTTATG-1_GSM4013393",1.28714706214743
"TCATTACTCGAGGTAG-1_GSM4013393",1.02408458474734
"AACTCAGTCCTATGTT-1_GSM4013393",1.3087371723868
"GGCTCGAAGCATGGCA-1_GSM4013393",0.879288892229833
"TCACAAGGTAGTAGTA-1_GSM4013393",1.17442877482701
"TGGTTCCGTTCCCTTG-1_GSM4013393",0.667466701123046
"ATCTGCCAGAGTGAGA-1_GSM4013393",0.756765769919801
"GTACTTTCACAGACAG-1_GSM4013393",1.14899937851151
"CCTAGCTTCCACTCCA-1_GSM4013393",0.611048525079662
"GGACAGAGTCCGTGAC-1_GSM4013393",1.14816958707058
"AGTCTTTAGAAAGTGG-1_GSM4013393",0.999877995476855
"GTGTTAGCATGCGCAC-1_GSM4013393",1.11938471952667
"AAAGATGGTCCAACTA-1_GSM4013393",1.17479093294489
"TGGCCAGGTCCGAATT-1_GSM4013393",1.17597368453784
"GCATGCGAGCAGGCTA-1_GSM4013393",0.705295675598433
"TCGTACCTCTTCTGGC-1_GSM4013393",1.04447047135521
"CGGGTCATCAACACGT-1_GSM4013393",0.803539355090435
"GAATGAAGTCTCTCTG-1_GSM4013393",1.26030200849909
"CCTACACGTTCGTCTC-1_GSM4013393",1.05650519456679
"CACAGGCGTCCGAATT-1_GSM4013393",1.06852512277794
"TCAGGTAAGCAGACTG-1_GSM4013393",1.13408176235999
"TTCTACAGTCTCGTTC-1_GSM4013393",1.2488923893922
"CGGAGCTTCAGGCGAA-1_GSM4013393",0.804076269866582
"CGACCTTCACGGTAGA-1_GSM4013393",1.27412018441378
"ACAGCCGCAATTGCTG-1_GSM4013393",0.865802436398228
"TACGGGCTCGAACGGA-1_GSM4013393",0.77950202920369
"GCCAAATCAGATTGCT-1_GSM4013393",0.932051628901781
"CCTTCGACAAGAAGAG-1_GSM4013393",0.976167924097559
"AAGGAGCTCCAGATCA-1_GSM4013393",1.19875408480885
"AACGTTGGTATCTGCA-1_GSM4013393",0.84795301134927
"CAACCAAAGGAGCGAG-1_GSM4013393",1.18625769798411
"ACAGCTAGTAAGTGTA-1_GSM4013393",1.31024177202843
"ACTGAGTCATCCCACT-1_GSM4013393",1.2154151230975
"CGGACACCATGCCACG-1_GSM4013393",1.1390485413775
"GTTACAGCATGCTAGT-1_GSM4013393",0.681451471813907
"CGACTTCCATCGGAAG-1_GSM4013393",0.931145266821785
"CCTAAAGGTGCACCAC-1_GSM4013393",1.09623044978288
"GATCGATGTTGGACCC-1_GSM4013393",0.617614441093133
"GTAGTCAGTAATTGGA-1_GSM4013393",0.795449291869763
"GCGCGATCAAGCGAGT-1_GSM4013393",0.829396103867122
"GATGCTATCCTAGGGC-1_GSM4013393",1.24122390093045
"TAGTTGGGTACATCCA-1_GSM4013393",0.820772615584556
"ACTGCTCAGCGGCTTC-1_GSM4013393",0.575626169042898
"CTACCCACAGCGTCCA-1_GSM4013393",1.17818423804098
"TCGTAGACATCGGACC-1_GSM4013393",1.21114927271401
"CTCTAATTCTCACATT-1_GSM4013393",1.17140188521256
"TACAGTGCATTACGAC-1_GSM4013393",0.919068996720526
"TCTGGAACACACGCTG-1_GSM4013393",0.915763499406247
"AGCGTATCACATAACC-1_GSM4013393",0.668119607196418
"TACGGGCGTCGGCTCA-1_GSM4013393",1.35054752872582
"CCGTGGATCTCCAACC-1_GSM4013393",1.16650511363178
"ACTGAACGTAATAGCA-1_GSM4013393",0.589662570467063
"GGTGCGTAGGCCATAG-1_GSM4013393",1.12312219256365
"AGTGGGAAGTGTTTGC-1_GSM4013393",0.977097185752715
"AGTCTTTAGACGCAAC-1_GSM4013393",0.824140441424415
"CTAGCCTCATCACAAC-1_GSM4013393",0.996918772834375
"TAAGTGCCAGGGTATG-1_GSM4013393",0.81078701047282
"GGTATTGGTTAGGGTG-1_GSM4013393",1.17516140515573
"TGCCCTACAAAGGAAG-1_GSM4013393",0.651894977718362
"CTACGTCGTAATCGTC-1_GSM4013393",1.24927139300794
"CATTCGCAGGAGTTGC-1_GSM4013393",1.23806482890873
"ACCAGTATCTCGTTTA-1_GSM4013393",1.27523995499053
"ACTGATGAGTACATGA-1_GSM4013393",1.10834729601159
"GCCTCTAAGGAATCGC-1_GSM4013393",0.753126690211008
"CCGTGGAGTAGCGCAA-1_GSM4013393",1.16732482837884
"AGGGTGAGTTCGTGAT-1_GSM4013393",1.02195282399258
"GTGCAGCTCAACCAAC-1_GSM4013393",1.00664719952665
"ACTTTCAAGCTCAACT-1_GSM4013393",1.0596679635826
"ACCTTTAGTTCTGAAC-1_GSM4013393",1.06717142501721
"GACTACACAAGTCATC-1_GSM4013393",1.11782611320517
"CTTTGCGGTGATAAGT-1_GSM4013393",1.24509159518857
"CTACGTCGTGCTTCTC-1_GSM4013393",0.787469674855038
"ATCGAGTCACAGGAGT-1_GSM4013393",1.11727337792053
"CTACATTCACTATCTT-1_GSM4013393",1.21570690720544
"AAAGTAGCACAAGACG-1_GSM4013393",1.39934873126394
"GAACATCGTAGCTGCC-1_GSM4013393",0.837711561219528
"GTAGGCCAGAGTCGGT-1_GSM4013393",0.991936594062589
"ATCCGAATCGAATGGG-1_GSM4013393",0.535175820130539
"GAGCAGAAGGAACTGC-1_GSM4013393",1.24587742642484
"TGAGCATAGACAGGCT-1_GSM4013393",1.13069137614257
"ACGCCGATCTGCTTGC-1_GSM4013393",1.26896408626323
"GACACGCCATTCCTGC-1_GSM4013393",0.802614451287401
"CGAGAAGAGCACGCCT-1_GSM4013393",0.915357046192516
"GCGAGAATCCGTAGTA-1_GSM4013393",1.21618371513825
"TTGCGTCTCTAAGCCA-1_GSM4013393",1.16207668946475
"CGAGCCAGTTCCCGAG-1_GSM4013393",1.2202908456071
"TGCCCATTCTTGTCAT-1_GSM4013393",0.818393642162229
"TGTTCCGAGAAACCGC-1_GSM4013393",0.66895329110666
"CGATCGGGTTGCGTTA-1_GSM4013393",0.957345459548954
"GTCGGGTCACGGTTTA-1_GSM4013393",1.19640876650697
"TGACTTTAGTGTTGAA-1_GSM4013393",1.24332477237337
"TACCTATCAAGACACG-1_GSM4013393",0.964710075699467
"TCACAAGTCGTTTGCC-1_GSM4013393",1.34145013014079
"TAGTGGTCAAGAAGAG-1_GSM4013393",1.18999919700404
"TGAGCCGCACAGCGTC-1_GSM4013393",1.23589360396152
"TGACTTTAGTGCGATG-1_GSM4013393",1.18968895810427
"GTCGTAAGTGCCTGGT-1_GSM4013393",1.27427889523397
"GAGTCCGGTTAAGATG-1_GSM4013393",0.750595426741796
"TCCACACAGGATCGCA-1_GSM4013393",0.966798182450508
"CATCAAGTCGTTGCCT-1_GSM4013393",0.747067616944927
"ACTTACTGTTATCCGA-1_GSM4013393",1.10323644119605
"GAAGCAGGTCTGCGGT-1_GSM4013393",0.954464654362052
"AGTTGGTAGGGATCTG-1_GSM4013393",1.082557284262
"GGGAGATGTACTCGCG-1_GSM4013393",1.17747930568639
"ACACCAAAGCCGATTT-1_GSM4013393",1.2733920750471
"TTTGGTTTCGGCGCAT-1_GSM4013393",0.784792055018431
"GCCAAATTCATAACCG-1_GSM4013393",0.988023879505836
"CGATCGGTCCTGCAGG-1_GSM4013393",1.13312034648113
"GCTCTGTGTACCGTTA-1_GSM4013393",0.800439113072411
"CTACATTAGACGCTTT-1_GSM4013393",1.17408949745162
"AGTGTCACACATTAGC-1_GSM4013393",0.528801930272115
"CTAGTGAAGTGTGGCA-1_GSM4013393",0.931304936360954
"TACGGTAGTTTGGGCC-1_GSM4013393",0.194556933970618
"AGATCTGAGAAGATTC-1_GSM4013393",1.09943085986603
"CTCGAAATCTGAAAGA-1_GSM4013393",0.773037264070359
"GAAGCAGAGCTGCAAG-1_GSM4013393",1.12834786590667
"TTGACTTAGCTGAAAT-1_GSM4013393",1.13306583621845
"GGTATTGCACGTCAGC-1_GSM4013393",1.05364995892395
"GGAGCAAGTTCGCGAC-1_GSM4013393",1.08899357133916
"CCGTGGAGTGTTGGGA-1_GSM4013393",0.909165921903481
"CCTAAAGAGAGACGAA-1_GSM4013393",0.93419680295937
"GAACGGACATTGTGCA-1_GSM4013393",1.29114404255222
"TCACGAACAAGCCATT-1_GSM4013393",1.16523331907112
"TGACAACGTCTTGTCC-1_GSM4013393",1.09068942581375
"AGATTGCTCTTCATGT-1_GSM4013393",0.713178179803284
"CTAACTTGTTCGTCTC-1_GSM4013393",0.932467388915484
"CAACTAGAGCCCGAAA-1_GSM4013393",1.15959908831837
"TCGGGACGTGTTGAGG-1_GSM4013393",0.210874614246725
"TGGCGCACACTCAGGC-1_GSM4013393",0.672859671447479
"GTCTCGTAGGCTAGAC-1_GSM4013393",1.21689793832201
"CTACATTCACCTTGTC-1_GSM4013393",0.653668985517068
"ACTGCTCAGATCGATA-1_GSM4013393",0.997158501359388
"CTAGCCTTCTGATACG-1_GSM4013393",1.12815274356445
"CTAGTGAAGCTACCGC-1_GSM4013393",0.950134973332782
"ATCCGAACACATTAGC-1_GSM4013393",1.14513259210142
"TAGACCACAAGTAATG-1_GSM4013393",0.896375044000826
"CGACCTTAGTGTCCAT-1_GSM4013393",1.25748680260761
"GTGGGTCAGGACAGAA-1_GSM4013393",1.08694742353268
"CGATTGACAACACCCG-1_GSM4013393",0.725117183573973
"CGATTGACAGGTCTCG-1_GSM4013393",1.01577815344751
"CAAGAAAAGTTTGCGT-1_GSM4013393",1.20996888739553
"CAAGATCAGTTGAGTA-1_GSM4013393",1.14946800676502
"TCTGGAAAGGCATTGG-1_GSM4013393",1.19414934150578
"GGAAAGCCAGCTGCAC-1_GSM4013393",0.956556447479783
"GTGGGTCGTCGGCATC-1_GSM4013393",1.16429058884832
"CGAATGTGTGACTACT-1_GSM4013393",0.998139424324752
"AACTCTTCATGGTCAT-1_GSM4013393",0.326505535979394
"TGCCCATTCCGCATAA-1_GSM4013393",1.22426082448521
"TCTCTAAGTCAGAGGT-1_GSM4013393",1.02281059106757
"TCAGCAAGTTCCCTTG-1_GSM4013393",1.11971123814569
"CCCAATCGTGGTAACG-1_GSM4013393",1.2098042753675
"TACTCATTCGTCTGAA-1_GSM4013393",0.683880744500418
"CAGATCAGTCAGCTAT-1_GSM4013393",0.677917926598595
"AAGGTTCTCTTCTGGC-1_GSM4013393",0.609672203377834
"ATAGACCAGGTAGCTG-1_GSM4013393",1.07982980032151
"CAACCTCTCTCGATGA-1_GSM4013393",1.06608589763356
"GATCTAGCACTTCGAA-1_GSM4013393",0.996097914623275
"GTAGGCCCACACGCTG-1_GSM4013393",0.843942815590731
"GACCAATTCCCGGATG-1_GSM4013393",0.526220373853832
"CTGATCCGTTGGTGGA-1_GSM4013393",1.19550677256206
"AACTCTTAGTATTGGA-1_GSM4013393",0.729882853969824
"CCCAGTTTCAACACTG-1_GSM4013393",1.12507783181346
"GTGTGCGGTTCGTCTC-1_GSM4013393",1.29340525450799
"CGCCAAGAGGCCATAG-1_GSM4013393",1.13654483591057
"ATTCTACCATCGACGC-1_GSM4013393",1.08899927381062
"AACTCTTTCACTATTC-1_GSM4013393",1.27049246909633
"TATCAGGCAATCACAC-1_GSM4013393",1.21059785849538
"GTTCGGGGTCGAATCT-1_GSM4013393",0.914599253339051
"AGGGAGTCACTTGGAT-1_GSM4013393",0.56521257049973
"ACGAGGAGTAAGTGTA-1_GSM4013393",1.04454120619777
"CGTGAGCTCATCGGAT-1_GSM4013393",1.04008725257301
"GTGAAGGGTAGCCTAT-1_GSM4013393",1.17491001449309
"GCTGCGAGTTAAGATG-1_GSM4013393",0.632588832866398
"GGATTACCAGCTTCGG-1_GSM4013393",0.515473666627775
"GGGTCTGTCTTGCAAG-1_GSM4013393",1.05777595381951
"CTCGTCAAGTTCGATC-1_GSM4013393",0.677443617814483
"CATGGCGCACCGCTAG-1_GSM4013393",1.10425309166248
"CATCGGGCACCAGGTC-1_GSM4013393",1.12469811743296
"GCGCCAAGTCAGCTAT-1_GSM4013393",1.12271085715852
"TCACAAGTCGTACCGG-1_GSM4013393",1.09494685834968
"CGTGTCTAGAGTCGGT-1_GSM4013393",0.99180809177176
"CCGGTAGAGCGGCTTC-1_GSM4013393",0.588744801550711
"CTTACCGGTCCTCTTG-1_GSM4013393",1.02155449748967
"GGTGAAGAGATCCCGC-1_GSM4013393",0.804797587205581
"TCTGGAAAGCCACGCT-1_GSM4013393",1.06440799235583
"AACTTTCAGACGCAAC-1_GSM4013393",0.911865529489028
"GAAATGAGTCAATGTC-1_GSM4013393",0.638549739459862
"GGACAAGTCTGGGCCA-1_GSM4013393",0.768960225149355
"ACACCCTAGTCCGGTC-1_GSM4013393",1.12585898353205
"ATGCGATAGGCAAAGA-1_GSM4013393",1.19113704737834
"TGACAACAGCAGACTG-1_GSM4013393",1.09433920704349
"TGCTACCAGACGCACA-1_GSM4013393",1.18309603066436
"TGCCCATGTCTTCTCG-1_GSM4013393",0.317219858468969
"AGCGTATGTGCACTTA-1_GSM4013393",1.05721214160853
"CCTTCGATCACCAGGC-1_GSM4013393",1.41166223347362
"CTTAACTAGTGCCATT-1_GSM4013393",0.865311287602066
"GGGATGACACCTATCC-1_GSM4013393",1.11583803941622
"CCCAGTTAGTCCAGGA-1_GSM4013393",1.15210227917942
"CATATTCAGTCCATAC-1_GSM4013393",0.704381024822924
"TTTATGCTCGTTGACA-1_GSM4013393",0.993109605947407
"TGTGTTTCATCGATTG-1_GSM4013393",0.59111005968308
"CAAGAAATCTCGGACG-1_GSM4013393",1.10835270676165
"TTTCCTCAGGCAATTA-1_GSM4013393",0.27346359044424
"ACGCCAGTCCGAGCCA-1_GSM4013393",1.15270236055807
"ATCCACCAGATCGATA-1_GSM4013393",1.08383721353777
"CGGCTAGAGCCAGTTT-1_GSM4013393",1.20981582564746
"CCACCTAGTCTGGAGA-1_GSM4013393",1.21909346402259
"ACGCCAGGTTCCACTC-1_GSM4013393",0.723182192569474
"AACGTTGGTCAATGTC-1_GSM4013393",0.902498532307563
"GGGTTGCCATCTGGTA-1_GSM4013393",1.2011462457429
"CGGACACAGGAGTAGA-1_GSM4013393",1.02239987541977
"TCAGGATAGCTGCAAG-1_GSM4013393",0.96803730075313
"CGATCGGAGATCCTGT-1_GSM4013393",0.0627729415156641
"AGTGAGGTCCCTAACC-1_GSM4013393",0.817488780655025
"GCGCGATGTGATGATA-1_GSM4013393",1.05188203115136
"GCGAGAACACATCTTT-1_GSM4013393",1.02370353337375
"GTTTCTAGTCCGAGTC-1_GSM4013393",1.16918962429413
"CACAGGCCATCCCACT-1_GSM4013393",0.780361642732822
"AGATTGCCACGAAACG-1_GSM4013393",0.722063711289506
"ATCGAGTAGCCACGCT-1_GSM4013393",1.12473676866488
"TTAGTTCCACAGAGGT-1_GSM4013393",1.19896919399618
"CTTACCGTCCACGCAG-1_GSM4013393",1.01025802514383
"CAGCATATCGGCTACG-1_GSM4013393",1.11222819450601
"TAAACCGAGCGTTCCG-1_GSM4013393",1.21495942197989
"CTCGAAATCAACACCA-1_GSM4013393",0.868012947759781
"GGTGAAGGTCAAACTC-1_GSM4013393",1.14618850600821
"TTCGAAGAGCTGCGAA-1_GSM4013393",1.14935378027534
"CCAGCGAGTATTACCG-1_GSM4013393",0.489173408564422
"GGAAAGCTCTCTGCTG-1_GSM4013393",0.848625160844416
"CAGCTAATCATCTGTT-1_GSM4013393",0.884210352501458
"CTCTGGTAGCCTCGTG-1_GSM4013393",0.566170429713565
"GAACATCCACTTCTGC-1_GSM4013393",0.914130114961247
"GCGACCAAGCTAGTTC-1_GSM4013393",0.82163663295182
"CTTGGCTTCGTGACAT-1_GSM4013393",0.821401238757549
"CTCGGAGCACCTATCC-1_GSM4013393",0.445965501708129
"CGGAGCTAGGGCTTGA-1_GSM4013393",0.996919696194022
"ACGCAGCAGACTAGGC-1_GSM4013393",0.274725244311187
"TTCGGTCTCGCATGAT-1_GSM4013393",0.634023172308174
"CATCCACGTCTGGTCG-1_GSM4013393",0.995745991072967
"ATCCGAAGTGTCTGAT-1_GSM4013393",0.893667168264573
"ACGATACTCAGTCCCT-1_GSM4013393",1.12423890105424
"GGAGCAAAGAGTAATC-1_GSM4013393",0.980724000786034
"AAGGTTCCATCAGTAC-1_GSM4013393",1.16933659566681
"GACCAATTCCCTTGCA-1_GSM4013393",0.624718436236326
"AGCGTATAGGAGTTGC-1_GSM4013393",0.31048624201395
"AGTCTTTAGTTCGCGC-1_GSM4013393",1.21861552333919
"CTAGTGAGTTCCACGG-1_GSM4013393",1.19038840757095
"GGGAGATTCTCTGCTG-1_GSM4013393",1.12492350399438
"TGTGTTTGTACTTAGC-1_GSM4013393",1.05077097275444
"CGCTATCAGGGATCTG-1_GSM4013393",0.942088744458917
"TACCTATTCCCACTTG-1_GSM4013393",0.640864703959579
"CTTGGCTAGGCTCAGA-1_GSM4013393",0.918940313304042
"TAAGTGCCAGGACCCT-1_GSM4013393",1.2396356290937
"ACGGGTCCAAACCTAC-1_GSM4013393",0.956203008769168
"ATTACTCAGCTGCAAG-1_GSM4013393",0.420242559633456
"GAGCAGACACTGTTAG-1_GSM4013393",0.290755931998949
"CACAGTATCACCACCT-1_GSM4013393",1.04844694058481
"TCAGCAAGTGACCAAG-1_GSM4013393",0.885580904854208
"TGCGTGGAGACTTTCG-1_GSM4013393",1.07784099570081
"TGCGCAGCAATCTGCA-1_GSM4013393",0.954994561651487
"TAGCCGGAGGCGACAT-1_GSM4013393",0.557801173346355
"AAATGCCGTTAGAACA-1_GSM4013393",0.265409638214391
"ATGCGATCATGGGAAC-1_GSM4013393",1.01362406642354
"CAAGATCCACCAACCG-1_GSM4013393",1.01425760004432
"CATTATCAGTGATCGG-1_GSM4013393",0.996497147177742
"GTGCGGTAGTGTACGG-1_GSM4013393",1.08564405741344
"AACTGGTCAATCGAAA-1_GSM4013393",1.15553924974229
"AACCGCGGTTGTCTTT-1_GSM4013393",0.89562328579987
"ATAACGCAGGTCGGAT-1_GSM4013393",0.719162828154634
"GGCTGGTAGAGGTTGC-1_GSM4013393",0.76022260791802
"GCGAGAAAGGGCTTGA-1_GSM4013393",1.29058646722089
"CTGCCTAAGGGAAACA-1_GSM4013393",0.488884468399001
"AACCGCGAGGCAATTA-1_GSM4013393",1.16068150411247
"CCTATTATCGGAAATA-1_GSM4013393",1.05316456620847
"TGGTTCCTCCACGACG-1_GSM4013393",0.813964393163393
"CATTATCCAAGTCTGT-1_GSM4013393",0.836942679977581
"GAAGCAGTCTTTAGGG-1_GSM4013393",0.317751874864156
"TGCGTGGGTCCAGTTA-1_GSM4013393",0.728248540621395
"TCCCGATTCGTTGCCT-1_GSM4013393",0.655493219921997
"CATATGGCATTGAGCT-1_GSM4013393",1.03067957450556
"GAAACTCCAACGATGG-1_GSM4013393",1.02707599891125
"CACCACTTCGATGAGG-1_GSM4013393",0.638463833885282
"TCAATCTGTCTTCGTC-1_GSM4013393",0.265019335295032
"CGTTGGGGTCATTAGC-1_GSM4013393",0.0171325894042384
"GGTGCGTGTAATTGGA-1_GSM4013393",0.67437728895786
"TCAGGTAGTCAGCTAT-1_GSM4013393",0.364301206759394
"TCCCGATAGAGTAATC-1_GSM4013393",1.01772345219186
"GAACGGACACGTCTCT-1_GSM4013393",1.06832249129899
"CGGCTAGAGCAGGCTA-1_GSM4013393",0.658086023842847
"TGCGGGTAGTGTCCCG-1_GSM4013393",0.762347651230425
"TCGTAGACACCCATTC-1_GSM4013393",0.728003395176198
"GCTCCTAGTCGCCATG-1_GSM4013393",0.788363057010888
"GATCGTAAGCCGTCGT-1_GSM4013393",1.11582191250225
"TTCTCAATCCAGATCA-1_GSM4013393",0.991846178427578
"GTTTCTATCACTTACT-1_GSM4013393",0.894371147296108
"AGCGTATAGTCATGCT-1_GSM4013393",1.04517933368403
"TCACGAATCGGAATCT-1_GSM4013393",0.913136439292319
"AACGTTGAGCCAGGAT-1_GSM4013393",1.10368797901554
"CTGGTCTTCGCCTGAG-1_GSM4013393",1.16351232729979
"GAACCTAGTTCCACTC-1_GSM4013393",0.779267130129286
"GTGTGCGTCTCATTCA-1_GSM4013393",0.877259816003815
"CAGTCCTGTAGGGACT-1_GSM4013393",0.361683862187468
"CTCCTAGAGCTCTCGG-1_GSM4013393",1.07348533931743
"AAGTCTGAGTAGGTGC-1_GSM4013393",1.21969959568117
"GCGCGATGTGAAATCA-1_GSM4013393",1.07011572393369
"TCAGCAATCTGCGGCA-1_GSM4013393",1.10853295346448
"TGAGCCGTCGCGGATC-1_GSM4013393",0.619438447620604
"CTACATTAGGACGAAA-1_GSM4013393",0.722173256323916
"TACTCATGTACAGTTC-1_GSM4013393",1.2328466492712
"GACCTGGAGATCTGCT-1_GSM4013393",0.516174493048298
"AGAGTGGGTAAACACA-1_GSM4013393",1.2223340998374
"GCGCAACCACGAAATA-1_GSM4013393",1.07405242267105
"TGAGCCGAGAATAGGG-1_GSM4013393",1.12717747526908
"TTGCGTCCAGGTCCAC-1_GSM4013393",1.11036977662599
"CGTGAGCCATGCAACT-1_GSM4013393",1.17020555070188
"AAAGATGAGAAACGCC-1_GSM4013393",1.06421501478717
"GAAGCAGAGTCCGTAT-1_GSM4013393",0.92676729477559
"AGATTGCAGAGCTTCT-1_GSM4013393",0.383045609098714
"CCACGGAGTGAAGGCT-1_GSM4013393",1.10354613374693
"GACTAACGTGAAAGAG-1_GSM4013393",0.550692003160376
"TGGCCAGAGTACGCGA-1_GSM4013393",0.640197612868484
"ATGGGAGAGTCCCACG-1_GSM4013393",0.521284533206148
"CTACATTTCTGCGGCA-1_GSM4013393",0.67915184559954
"ACACCAATCATGTGGT-1_GSM4013393",0.252215388477903
"CGTGTAAAGTACACCT-1_GSM4013393",1.00369330559144
"CAGTAACTCGTCTGCT-1_GSM4013393",1.16475956094041
"AGCCTAAAGCTAAACA-1_GSM4013393",1.08095779294585
"GCTGGGTGTACAGACG-1_GSM4013393",1.07420105530828
"CGATGGCCACTTCTGC-1_GSM4013393",0.970618923012107
"TGTGTTTTCCTCAACC-1_GSM4013393",0.986259918074407
"GATCAGTAGAGGACGG-1_GSM4013393",0.948620247779882
"TGAGCCGGTTTGTGTG-1_GSM4013393",0.929286256845186
"AGCAGCCAGTCTCCTC-1_GSM4013393",0.625993589202589
"TTTGGTTCATATGAGA-1_GSM4013393",1.10422291535859
"TGTATTCCACATTAGC-1_GSM4013393",0.433310517533482
"CCTAAAGTCTGGTATG-1_GSM4013393",0.614873759385723
"GGGTTGCCAAGTTGTC-1_GSM4013393",0.565030985402728
"CTCAGAAGTTTAGGAA-1_GSM4013393",0.795171242820879
"GTAGTCAGTAAGAGGA-1_GSM4013393",1.10672013337902
"GTCTCGTGTTATCGGT-1_GSM4013393",0.826840827744667
"TGGGAAGTCCCGACTT-1_GSM4013393",1.07748576792989
"GGTGCGTCAAACGCGA-1_GSM4013393",1.21857058998271
"CGATGTAAGGCTAGGT-1_GSM4013393",1.16202619934329
"CGGACGTAGTGGGCTA-1_GSM4013393",0.266834545978892
"GGACATTTCTTCAACT-1_GSM4013393",1.10325863020268
"AGTGTCAAGACCTTTG-1_GSM4013393",1.19299738069989
"CTGATAGAGGGTATCG-1_GSM4013393",0.179993075748047
"TAGAGCTTCGGTGTCG-1_GSM4013393",1.16148741575993
"TACTTACTCACCGTAA-1_GSM4013393",0.973152487376627
"AAGGTTCAGTGACATA-1_GSM4013393",0.268038298549
"GGGCATCAGACACTAA-1_GSM4013393",0.883374680749071
"CCTAGCTGTTAGTGGG-1_GSM4013393",0.906083467583522
"TGGCCAGTCACTTCAT-1_GSM4013393",0.647761849752442
"GTTCATTAGCGCTCCA-1_GSM4013393",1.10055138118264
"TTGACTTGTCATTAGC-1_GSM4013393",0.95473607862618
"CCACCTAAGGTAGCCA-1_GSM4013393",0.84662176283664
"GACTAACAGCGACGTA-1_GSM4013393",0.991946805392557
"CGCCAAGAGACAATAC-1_GSM4013393",1.1298777355385
"GGCTCGAGTCGCCATG-1_GSM4013393",1.0099907695794
"CGAATGTGTGGCCCTA-1_GSM4013393",0.788830556384592
"CGGGTCAAGAGAACAG-1_GSM4013393",0.992046669805068
"TTTATGCTCGATAGAA-1_GSM4013393",1.03824282334309
"GGCAATTCACATCCGG-1_GSM4013393",0.673695196562375
"TAAACCGGTGTGAATA-1_GSM4013393",1.04017105155275
"CGGACTGCAAGACACG-1_GSM4013393",0.684378951483035
"TTCTTAGTCAAACCGT-1_GSM4013393",0.24741720964306
"CTCATTATCTACTATC-1_GSM4013393",0.796965204356696
"TTATGCTAGCGATTCT-1_GSM4013393",0.228261021791151
"CATGGCGTCATCATTC-1_GSM4013393",0.952416774054125
"GAGTCCGAGAGATGAG-1_GSM4013393",1.10939366432502
"CCCATACCATTCTTAC-1_GSM4013393",1.14791875880441
"GTACTCCGTACTCGCG-1_GSM4013393",0.716372597706614
"CGAATGTAGAGACGAA-1_GSM4013393",0.95479011675513
"CTCTAATAGGCGCTCT-1_GSM4013393",0.493153133396317
"TTCCCAGGTACGACCC-1_GSM4013393",1.12737520709123
"GACAGAGTCGCCGTGA-1_GSM4013393",0.792099469506637
"ATCATCTAGGAGTAGA-1_GSM4013393",0.242968800200628
"ACAGCTATCTTTAGGG-1_GSM4013393",1.04868726997361
"ACACTGAAGTACGATA-1_GSM4013393",0.904631124745107
"ATGGGAGAGAGGACGG-1_GSM4013393",1.00327501466625
"CCCATACCAGATTGCT-1_GSM4013393",1.08592212257081
"GCATACAAGGAGTTGC-1_GSM4013393",1.13553105351484
"CAGTCCTGTCGATTGT-1_GSM4013393",1.19942572837307
"CGCGGTACATGTCCTC-1_GSM4013393",1.17250672611893
"GGTATTGCACTTGGAT-1_GSM4013393",0.755726641890548
"CACTCCAGTTGCGCAC-1_GSM4013393",0.803658846976325
"CCGTTCATCAACCAAC-1_GSM4013393",0.274505653652411
"GGCGTGTAGATCCGAG-1_GSM4013393",1.05421309525014
"GACGCGTCAATGTTGC-1_GSM4013393",0.790212426532518
"TCTGAGAGTCCCTTGT-1_GSM4013393",0.477250786359586
"CGCGTTTCATATGCTG-1_GSM4013393",1.11568915155312
"TACGGGCCATCGATGT-1_GSM4013393",1.14756892474788
"CGGACGTGTCTTTCAT-1_GSM4013393",1.08408047930896
"GATCTAGTCCGAAGAG-1_GSM4013393",0.500873050813601
"CTCCTAGCAGGTGCCT-1_GSM4013393",0.447115209127952
"GTGTTAGTCCGTTGCT-1_GSM4013393",0.99717704323072
"TGAAAGATCGCAGGCT-1_GSM4013393",1.03657228675928
"TTAACTCAGATAGTCA-1_GSM4013393",1.11584481561471
"TTCTCAACAGATCCAT-1_GSM4013393",0.599174254543398
"CAACCAAAGTGACTCT-1_GSM4013393",0.247300545064102
"CCTAGCTTCCTCATTA-1_GSM4013393",0.904392155271779
"GTTCGGGCATTGGTAC-1_GSM4013393",0.874369335852661
"AGCTCTCGTTCGCGAC-1_GSM4013393",0.57016153924708
"GGCTGGTGTAAACGCG-1_GSM4013393",0.988261513248211
"TTGTAGGTCTGAAAGA-1_GSM4013393",1.01657597439419
"AGGCCACAGCTCAACT-1_GSM4013393",0.99584182484057
"GGAATAACATGGATGG-1_GSM4013393",1.03269804224382
"ATTACTCGTGAGGGAG-1_GSM4013393",0.504934359131148
"GAGTCCGAGGATCGCA-1_GSM4013393",1.0373280206798
"ATCACGAGTGTTCTTT-1_GSM4013393",0.352107257788107
"TTCTTAGCAATGGATA-1_GSM4013393",1.09894314555018
"ACACCAAGTAGCTAAA-1_GSM4013393",0.924902935723108
"AATCCAGTCTACTATC-1_GSM4013393",0.90048301027687
"AACCATGAGTGTTGAA-1_GSM4013393",0.459893170389379
"TTCCCAGTCTGATTCT-1_GSM4013393",0.922012059583688
"CAAGGCCTCGGGAGTA-1_GSM4013393",0.822891897009996
"CTAATGGTCTTGCAAG-1_GSM4013393",0.297038334758877
"CCGTGGATCCGATATG-1_GSM4013393",0.905803941311825
"GGGCATCGTTCACGGC-1_GSM4013393",0.554256773559205
"GCTCCTATCCGCGGTA-1_GSM4013393",0.968445587904946
"AGTGTCATCATAAAGG-1_GSM4013393",1.11838863799346
"CTCTGGTCAAGAGTCG-1_GSM4013393",0.87150601081176
"TTGCCGTCAGCGTTCG-1_GSM4013393",0.226894556354394
"CCGTTCAGTCTCTTTA-1_GSM4013393",0.742524200712965
"TAGTTGGCATGTAAGA-1_GSM4013393",0.165814669984758
"GCTGCAGCATGCGCAC-1_GSM4013393",0.854655090598703
"TGGCCAGAGGGCTTCC-1_GSM4013393",0.33752945290629
"TCGGTAAAGAAACCTA-1_GSM4013393",0.783712594607293
"TAAGCGTCATACTCTT-1_GSM4013393",0.94749734634331
"CTGATAGAGGATGGAA-1_GSM4013393",0.539216619059414
"TTTGCGCGTCCTCCAT-1_GSM4013393",0.190876699113927
"TTAGTTCTCTTAACCT-1_GSM4013393",0.676094259624543
"AACGTTGTCCTACAGA-1_GSM4013393",0.242848861183982
"GGGAGATAGCGAAGGG-1_GSM4013393",1.11038268464883
"AGAATAGAGCCACTAT-1_GSM4013393",0.835175307762743
"CCCATACTCAACGGCC-1_GSM4013393",0.748774900785705
"CTAGCCTCACCTTGTC-1_GSM4013393",0.271816352241412
"GTGCATAAGACTGGGT-1_GSM4013393",0.881708285367784
"TAGTTGGAGGCATGGT-1_GSM4013393",1.10810022363047
"GCGCAACGTCGCATAT-1_GSM4013393",1.06493927455629
"TTTACTGTCTGCTTGC-1_GSM4013393",1.18172170657568
"GAGTCCGTCTTGTCAT-1_GSM4013393",0.455636179801876
"GGCAATTGTTCAACCA-1_GSM4013393",0.478786046761447
"AGCAGCCGTTGATTCG-1_GSM4013393",0.94632879825245
"CGTGAGCCAGCTCGAC-1_GSM4013393",0.677997542651373
"AGAATAGCAACTTGAC-1_GSM4013393",1.15166275305691
"ACACCCTTCGAGGTAG-1_GSM4013393",0.309861179097165
"GCTTCCAAGTTTAGGA-1_GSM4013393",0.792036374861087
"CCAATCCAGGAGTTGC-1_GSM4013393",0.456367754655493
"CCAATCCGTACTCGCG-1_GSM4013393",0.614789330755434
"AACGTTGCACTTAACG-1_GSM4013393",0.222956903034122
"TGGTTCCTCAGAGCTT-1_GSM4013393",0.7888619378665
"TCAACGATCTGACCTC-1_GSM4013393",0.60811739388595
"ATCATCTGTACATCCA-1_GSM4013393",0.609719420765891
"TCAATCTCAGGATTGG-1_GSM4013393",0.267749937867601
"CTCGGAGTCGTCCAGG-1_GSM4013393",0.793181121944672
"CGTCACTAGGTAGCCA-1_GSM4013393",0.608453187678245
"CCCAATCGTGATGTCT-1_GSM4013393",0.414530646911319
"CCGGTAGTCGGATGTT-1_GSM4013393",0.621105675367348
"CGTAGGCAGGAGTTGC-1_GSM4013393",0.643324770232882
"CTCGAGGAGATGCCTT-1_GSM4013393",0.260823456143005
"CAGAATCCACCTCGGA-1_GSM4013393",0.217952316611764
"TTTACTGCAAAGGTGC-1_GSM4013393",0.711281143807359
"CTTACCGAGGATGTAT-1_GSM4013393",0.860462279315388
"CTAACTTCACTGTCGG-1_GSM4013393",0.549056021208279
"CTACCCAAGACACTAA-1_GSM4013393",0.240355967818235
"GTATCTTGTGTCAATC-1_GSM4013393",1.12974991641171
"TGCGCAGAGATCTGCT-1_GSM4013393",0.521483870998003
"GGGAGATCATCGGACC-1_GSM4013393",1.02217636475315
"GTTCGGGGTATTCGTG-1_GSM4013393",0.518464762093938
"CAGCAGCAGGCACATG-1_GSM4013393",0.21602103890018
"CGAGCCAAGCAGCGTA-1_GSM4013393",0.444944779423188
"GATCGCGTCTAACCGA-1_GSM4013393",0.914046501117017
"GTGTTAGTCCACTGGG-1_GSM4013393",0.319269468065334
"ATCGAGTAGGTGCACA-1_GSM4013393",0.860423403768604
"TTCTTAGAGCGATAGC-1_GSM4013393",0.152483891168882
"CAGTCCTGTACCGTTA-1_GSM4013393",0.851714840632623
"GATGAAACATGGTTGT-1_GSM4013393",0.334617685814739
"CGAATGTTCTAACCGA-1_GSM4013393",0.529385369728523
"GTCACAATCACAGTAC-1_GSM4013393",0.795714032210133
"AGAGCTTAGTGTACGG-1_GSM4013393",0.205724209768904
"TAAACCGCAAGCGCTC-1_GSM4013393",0.286668296358892
"TTAGGCAGTAAATGTG-1_GSM4013393",1.08886563946464
"GACCTGGCAGACGTAG-1_GSM4013393",1.05046672515545
"TGAAAGAAGGGATCTG-1_GSM4013393",0.314166530201451
"CCTACCACATGGAATA-1_GSM4013393",0.168150528339983
"TACTTGTAGATCGATA-1_GSM4013393",0.32156491310679
"CACAAACAGCGCTCCA-1_GSM4013393",0.25712114957307
"CAGCATATCGCGTTTC-1_GSM4013393",0.920818170559671
"GGCTGGTTCGCACTCT-1_GSM4013393",0.300826129942428
"GACTACACACCTATCC-1_GSM4013393",0.885102187353222
"AGAGTGGAGGAGTCTG-1_GSM4013393",1.02717555298996
"TAGTGGTCAAGACACG-1_GSM4013393",1.10755112957653
"GGCTGGTGTAGGCATG-1_GSM4013393",1.03662707655742
"TGCTGCTGTCGAATCT-1_GSM4013393",0.283614300694798
"GACTGCGGTAAATGTG-1_GSM4013393",0.584022785971907
"CCTTCCCAGTCAAGGC-1_GSM4013393",0.56064643111142
"AGTTGGTCATGTTGAC-1_GSM4013393",0.639075519511045
"GTACGTACAGGTGCCT-1_GSM4013393",1.11293967525261
"GTCATTTGTACAGACG-1_GSM4013393",1.1182579228959
"TGAGCCGGTCTTCAAG-1_GSM4013393",0.509874716026385
"AAAGTAGTCGTAGGTT-1_GSM4013393",0.72503902186629
"CAGCATAAGACGACGT-1_GSM4013393",0.334755687840744
"CTCAGAAAGGCAATTA-1_GSM4013393",0.232652151923836
"TTAGGCATCCACGAAT-1_GSM4013393",0.835549952182953
"TGGTTCCCACCTTGTC-1_GSM4013393",0.581218213511629
"CCAATCCGTGCGATAG-1_GSM4013393",0.227400639294504
"CCCAATCTCACGACTA-1_GSM4013393",0.842753098876551
"TCAGATGGTATTCTCT-1_GSM4013393",1.20394835824407
"GGGTTGCGTGAAAGAG-1_GSM4013393",0.897849285566755
"ACAGCCGAGCACCGTC-1_GSM4013393",1.08171726751109
"AGGTCATAGGGTCTCC-1_GSM4013393",0.843501946379852
"TCTGGAAAGGCCCTTG-1_GSM4013393",0.795170505071786
"GTGCGGTCATTAACCG-1_GSM4013393",0.709104199142658
"GACGGCTGTATAGGTA-1_GSM4013393",0.723296682074442
"GACTACATCCGTTGCT-1_GSM4013393",0.752155929738506
"GGCGTGTTCAAAGTAG-1_GSM4013393",0.829297480615902
"CCTACACAGCCAGAAC-1_GSM4013393",0.153222381671995
"TCGAGGCAGCTCCTCT-1_GSM4013393",0.355589803145933
"ATAAGAGAGTGAACGC-1_GSM4013393",1.14016409129918
"CACACCTCAAACCCAT-1_GSM4013393",0.621233844410765
"ACGGCCACACTACAGT-1_GSM4013393",1.03622892204796
"CACAGTACATCCCACT-1_GSM4013393",0.262160725944988
"CCCAATCTCACAAACC-1_GSM4013393",0.273847678581901
"GGTATTGTCACGAAGG-1_GSM4013393",1.05476731767706
"GTCATTTCATACTCTT-1_GSM4013393",0.313202729902416
"CTCTAATCAGTTTACG-1_GSM4013393",0.763318859826313
"GACGCGTTCATCGATG-1_GSM4013393",0.289494503420027
"CTCGAAAAGATAGCAT-1_GSM4013393",0.196051307047222
"TCACGAAGTACCGAGA-1_GSM4013393",0.35149470035615
"ACGATACGTGTGGTTT-1_GSM4013393",0.748968141021523
"CTGAAACAGGCTCAGA-1_GSM4013393",0.582706836069956
"TGGTTCCCAATAAGCA-1_GSM4013393",0.976000094623908
"CCCATACAGTTATCGC-1_GSM4013393",0.235933227512095
"TCAGCTCGTGATGATA-1_GSM4013393",0.361603710177213
"TGTGTTTCACAGGTTT-1_GSM4013393",0.791776869272332
"CTGATCCCATTTCAGG-1_GSM4013393",0.443311223477383
"GTACTTTGTTGTACAC-1_GSM4013393",0.318990305999661
"CGTCAGGTCACTTATC-1_GSM4013393",0.724889907571595
"TACTTGTCAAGAAGAG-1_GSM4013393",0.246391514026301
"GCTGCTTAGTGAAGAG-1_GSM4013393",0.283340859994883
"ATGGGAGTCTTAGCCC-1_GSM4013393",1.16384241571977
"ACACCGGGTTATTCTC-1_GSM4013393",0.25691319998555
"AACTGGTGTTGTGGCC-1_GSM4013393",0.412054680461547
"CGAGCCAGTTATTCTC-1_GSM4013393",0.879322788975481
"ACCAGTAAGATGGCGT-1_GSM4013393",0.266343408755236
"TACTTGTTCCCATTAT-1_GSM4013393",0.358715795058694
"TTAGGACGTCCGTTAA-1_GSM4013393",0.836753255031634
"GCAGCCAGTACCGCTG-1_GSM4013393",0.0886575456442209
"CGAGCCAGTTTGACAC-1_GSM4013393",1.05343050868041
"ATTGGACCACAGTCGC-1_GSM4013393",0.261483287016865
"GGTGAAGAGGCCCGTT-1_GSM4013393",0.730471996999786
"CCCAGTTGTCATATCG-1_GSM4013393",0.744637899536997
"AAGGTTCCAGTCACTA-1_GSM4013393",0.229418187108816
"TGGGAAGAGTCGATAA-1_GSM4013393",0.654328201087815
"GTCTCGTCAAGCCTAT-1_GSM4013393",0.330338577406875
"CGCTTCAAGACTAGGC-1_GSM4013393",0.760861379240888
"GTGAAGGGTCCCTACT-1_GSM4013393",0.257369752793728
"ATTGGTGCAGATGGGT-1_GSM4013393",0.912199665398683
"GGATTACGTTAGTGGG-1_GSM4013393",0.669649025717158
"CGTGAGCAGGAATGGA-1_GSM4013393",1.03489148041756
"AACCGCGTCAACACCA-1_GSM4013393",0.862682585622946
"TACTCGCTCTCTGCTG-1_GSM4013393",0.675271096247806
"CCCAATCCAAACCCAT-1_GSM4013393",0.446381958672702
"CTCTAATCAGGCAGTA-1_GSM4013393",0.773572105894185
"TCTGAGATCCAATGGT-1_GSM4013393",0.489226575201718
"GGACGTCAGAAGGTTT-1_GSM4013393",0.77259258602185
"TTCGGTCAGGTGATTA-1_GSM4013393",0.995224004638757
"CCATTCGCATCAGTCA-1_GSM4013393",0.597913259080167
"CTACATTGTTAGAACA-1_GSM4013393",0.767098359682263
"ATCATGGGTAATCACC-1_GSM4013393",0.20299391872786
"GTGCGGTAGAGTCTGG-1_GSM4013393",0.719380901497788
"ATTGGACCATGAAGTA-1_GSM4013393",0.832747188851444
"CGTGAGCCATGCCCGA-1_GSM4013393",0.345720747200528
"TGCCAAACAAAGTGCG-1_GSM4013393",0.960408249976142
"GCTTCCAGTTCGCTAA-1_GSM4013393",0.911225416249853
"GCAATCAAGTGGGCTA-1_GSM4013393",0.26819500979512
"GGATTACAGAAAGTGG-1_GSM4013393",0.904793748300765
"CATTCGCGTTGTTTGG-1_GSM4013393",1.02924578555619
"ACGATACAGCAAATCA-1_GSM4013393",0.181346318973623
"ATCATCTGTTCTCATT-1_GSM4013393",0.765154105559303
"CTAACTTGTGCCTGTG-1_GSM4013393",0.276139419163489
"GTATTCTGTCTCTTTA-1_GSM4013393",0.211649315742557
"AAGGAGCTCGTGGACC-1_GSM4013393",0.55050180587243
"GAATGAAAGTAGATGT-1_GSM4013393",0.989272004294049
"AGAATAGGTATCACCA-1_GSM4013393",0.261084199485274
"CCTCTGAAGGGCTCTC-1_GSM4013393",0.70327765531341
"TCGCGTTCAGATTGCT-1_GSM4013393",0.821935626771586
"CAGGTGCTCAGGCGAA-1_GSM4013393",0.735359772180994
"CCAATCCAGTAGATGT-1_GSM4013393",0.208685660907786
"AACTTTCGTAGTGAAT-1_GSM4013393",0.829816694864723
"CAGCAGCGTTACCAGT-1_GSM4013393",0.142734696803754
"TGCGGGTCAAGAAAGG-1_GSM4013393",1.06120775780493
"GTCTTCGCACGGCTAC-1_GSM4013393",0.378359210363132
"CAGTCCTAGGACAGCT-1_GSM4013393",0.517038166438493
"CCTAAAGTCAACGCTA-1_GSM4013393",1.02707851681845
"CCATGTCCACGACGAA-1_GSM4013393",0.267003735244449
"GTTACAGAGAATGTGT-1_GSM4013393",0.629903133770592
"GTCACAAGTAACGTTC-1_GSM4013393",0.60969428413997
"CCTAAAGGTACCGTAT-1_GSM4013393",0.0683011346714581
"AAGACCTAGCGTTCCG-1_GSM4013393",0.831676502653473
"ACTGAACGTGCAGTAG-1_GSM4013393",0.926119695020056
"CTCTACGCATTCCTCG-1_GSM4013393",0.218789467546728
"CGTGTCTCAGATCCAT-1_GSM4013393",0.772859123489739
"CTGAAACTCGGATGTT-1_GSM4013393",0.824834428119665
"GGAACTTTCAATCTCT-1_GSM4013393",0.209553038898604
"GTATTCTTCATGGTCA-1_GSM4013393",0.208861443421594
"TTTGGTTTCTCGCTTG-1_GSM4013393",0.700955197951148
"CACACTCGTTCTCATT-1_GSM4013393",0.311013017837129
"CTACCCACAAGTAGTA-1_GSM4013393",0.246997288686157
"CTAACTTAGCTGAAAT-1_GSM4013393",0.56321427313552
"CCCAGTTCAGGTTTCA-1_GSM4013393",0.947946490874739
"AAAGCAAAGAAACCTA-1_GSM4013393",0.579861151034524
"CTTAGGATCCCACTTG-1_GSM4013393",0.215093625541375
"CAGAATCTCAGCTTAG-1_GSM4013393",0.435962048785742
"GCACATAGTACAGACG-1_GSM4013393",1.02758803156788
"ACTGCTCGTGATGATA-1_GSM4013393",0.463831480908804
"CAGCTGGAGAACTGTA-1_GSM4013393",0.67948017490925
"GCTGCTTGTACCGTTA-1_GSM4013393",0.291760427874873
"CCACTACAGCCAGAAC-1_GSM4013393",0.908888003145089
"ATCGAGTTCTAACTCT-1_GSM4013393",0.845704671902318
"TGACTAGAGCGTTTAC-1_GSM4013393",0.940614343446611
"TACCTATGTAGCTTGT-1_GSM4013393",0.209841958019465
"TGGTTAGAGACAATAC-1_GSM4013393",0.56539339236985
"GAGCAGAAGGACTGGT-1_GSM4013393",0.365193533425989
"ACCGTAACAATCTACG-1_GSM4013393",0.935348077383785
"AGCTTGAGTGACTCAT-1_GSM4013393",0.23452369954846
"CTTAGGAAGAAGGACA-1_GSM4013393",1.11017925645241
"GGAAAGCTCGGCTACG-1_GSM4013393",0.222349327813268
"GTTCGGGCATATGCTG-1_GSM4013393",0.153173134098937
"TTAGGCACAAGTTGTC-1_GSM4013393",0.473621620434819
"CAGCGACGTCGTCTTC-1_GSM4013393",0.514692854808184
"CGGTTAAAGTGTCTCA-1_GSM4013393",1.07722571993208
"CGTTGGGGTGTCAATC-1_GSM4013393",0.669242658632832
"AATCGGTCAGTTCATG-1_GSM4013393",0.698292744312985
"ATTATCCTCTACCTGC-1_GSM4013393",0.216439761184902
"GCGACCATCCTTGCCA-1_GSM4013393",1.1105896003458
"GGGCATCGTCAATACC-1_GSM4013393",0.157984597281666
"CTAGAGTAGCCACGTC-1_GSM4013393",0.601410378515473
"CTCACACAGCACAGGT-1_GSM4013393",0.701397697551987
"TTTCCTCTCCTCGCAT-1_GSM4013393",0.851425272452993
"GCATGTATCCTTTCGG-1_GSM4013393",0.255413472961934
"GTTTCTACAATGAATG-1_GSM4013393",0.840011551306432
"AAGTCTGTCCTGCCAT-1_GSM4013393",0.900377036950141
"GTCCTCACAGTGAGTG-1_GSM4013393",0.450186052581873
"AACCGCGCACAGGCCT-1_GSM4013393",0.676316105554273
"CTCACACTCCTCAATT-1_GSM4013393",0.711246393345984
"TGACTAGCATTACGAC-1_GSM4013393",0.225461825373602
"GAACGGAAGACCGGAT-1_GSM4013393",0.279446258323998
"CACCTTGTCTTCGGTC-1_GSM4013393",0.17531503355546
"CTTAGGACAATGGATA-1_GSM4013393",0.678229678686035
"GCTTGAACATCGGAAG-1_GSM4013393",0.420039130716678
"TTAACTCGTACCTACA-1_GSM4013393",0.948309178752549
"TGCGGGTCAAATCCGT-1_GSM4013393",0.902800720463393
"AGTCTTTAGTGCAAGC-1_GSM4013393",0.280823308327548
"GTATTCTAGTACATGA-1_GSM4013393",0.242875330214695
"GAGGTGACACGAAAGC-1_GSM4013393",1.04495365957274
"TTGCCGTAGGAATGGA-1_GSM4013393",0.261760034384023
"GACGTTAAGAGAGCTC-1_GSM4013393",0.286491134104477
"TATCTCAGTAATCGTC-1_GSM4013393",0.314721463549115
"CTACACCTCTACCAGA-1_GSM4013393",0.206938366999987
"GCAGCCACAGGAATGC-1_GSM4013393",0.230741887470047
"AAGGAGCGTGCGGTAA-1_GSM4013393",0.244335663642441
"ACGAGCCGTTCATGGT-1_GSM4013393",0.398612382786229
"ACGATACAGACAATAC-1_GSM4013393",0.858465358710382
"CTAAGACAGAGTTGGC-1_GSM4013393",0.821943533279411
"GGCGACTCAGCTGCTG-1_GSM4013393",0.207500167878267
"ACTTTCAGTATGGTTC-1_GSM4013393",0.224164196439281
"CGTGAGCCAGTGGAGT-1_GSM4013393",0.908333332023357
"AGATCTGGTACGCACC-1_GSM4013393",0.476550646004284
"TTAGGACCATGCCTTC-1_GSM4013393",1.07741730865132
"ATCTGCCAGTTAGGTA-1_GSM4013393",0.883261161608536
"AGAGCTTAGTTAGCGG-1_GSM4013393",0.393179001723867
"AACTCAGAGTACGTAA-1_GSM4013393",0.235957291836472
"GTAACGTTCGCGTAGC-1_GSM4013393",0.38602630286351
"TCAATCTAGCAGACTG-1_GSM4013393",0.295512879244848
"CATCGAAGTACTCAAC-1_GSM4013393",0.576264174883391
"ACCCACTAGAATTCCC-1_GSM4013393",0.154541591548463
"TTAGGACGTCTTGCGG-1_GSM4013393",0.550201274236516
"CTAGAGTTCGAATGCT-1_GSM4013393",0.250902951580251
"ACATCAGTCCTATGTT-1_GSM4013393",0.220695173421045
"AACACGTAGAAACGCC-1_GSM4013393",0.943216337941344
"ATCCACCCATCGACGC-1_GSM4013393",0.28456756859185
"CCGTTCAGTCTCTCGT-1_GSM4013393",0.672267766482505
"CCTAGCTGTTACTGAC-1_GSM4013393",1.01750172293054
"CTGCCTAAGGTCATCT-1_GSM4013393",0.688489632430018
"CTCTAATTCAGTCCCT-1_GSM4013393",0.297094595890708
"TCAGGATTCCTTAATC-1_GSM4013393",0.316408017543998
"GCAGCCATCAGAGACG-1_GSM4013393",0.9079455772548
"TGGCGCATCCGCGTTT-1_GSM4013393",1.06640567350211
"CCTAGCTCATGCCACG-1_GSM4013393",0.520538424573355
"CTGATCCGTAGTACCT-1_GSM4013393",0.203939431368705
"CAGGTGCCACACATGT-1_GSM4013393",0.298356261372233
"ATCATCTTCCAGTAGT-1_GSM4013393",0.217056939816405
"CTTCTCTCAGTCGATT-1_GSM4013393",0.212367300542855
"TGCTACCAGATATGGT-1_GSM4013393",0.25280401195152
"CATATGGAGTGGTCCC-1_GSM4013393",0.913245601329651
"CCTCAGTTCTAACCGA-1_GSM4013393",0.28907891211161
"CACTCCACAGCTGTTA-1_GSM4013393",0.253737919888158
"CTGATAGAGCGTTTAC-1_GSM4013393",0.51849226177626
"AATCGGTAGCTAGGCA-1_GSM4013393",0.226290097414759
"CATCAAGTCTACTCAT-1_GSM4013393",1.16315305670911
"GTTAAGCGTGAGTGAC-1_GSM4013393",1.18280257570656
"CGTCTACTCAGTTTGG-1_GSM4013393",0.0939321274993195
"CTAAGACCAGTACACT-1_GSM4013393",0.258172573564989
"AAACGGGTCTCTAAGG-1_GSM4013393",0.247468966234423
"GCTGCAGTCACTTCAT-1_GSM4013393",0.875658119059134
"AAGTCTGAGGGCACTA-1_GSM4013393",0.505390792201173
"GGGCACTTCTGCTGTC-1_GSM4013393",1.09139300572645
"TGTATTCAGCGGCTTC-1_GSM4013393",0.116443686992678
"ACGGGCTAGCCAGTTT-1_GSM4013393",0.263303040784136
"AAGGCAGGTCATGCAT-1_GSM4013393",0.228227997923967
"GAGCAGAGTGCGCTTG-1_GSM4013393",0.746787711729933
"AGAGCGAGTTCAGGCC-1_GSM4013393",0.111076482118501
"TTTGCGCGTTATGCGT-1_GSM4013393",0.212946983785412
"CTTAGGAAGTGACATA-1_GSM4013393",0.191500244718545
"GTGAAGGTCTCTGAGA-1_GSM4013393",0.752948698955541
"ATGCGATAGCGATTCT-1_GSM4013393",0.637975066883479
"CTCGTCACAAACCTAC-1_GSM4013393",0.100922454657812
"CGCTGGACAAACGTGG-1_GSM4013393",0.243940731005552
"TCTGAGATCTCGTTTA-1_GSM4013393",0.835638847627301
"CCTACCAGTTCCCTTG-1_GSM4013393",0.680629351937979
"ACAGCCGCAAAGCGGT-1_GSM4013393",0.630397542952994
"CTCTAATTCATGCTCC-1_GSM4013393",0.191390524098501
"GTGCTTCCAGGTGCCT-1_GSM4013393",0.95508693166382
"GATGAGGTCTCTGAGA-1_GSM4013393",0.327856029572013
"TGTCCCAGTACTTCTT-1_GSM4013393",0.00223170047311602
"CATGACAGTAGAAAGG-1_GSM4013393",0.733939486017995
"GACGGCTCAGTATCTG-1_GSM4013393",0.896489678227405
"GAAGCAGGTTCCACGG-1_GSM4013393",0.214612791537766
"CCTTCCCTCAGAGACG-1_GSM4013393",0.613115410107445
"GACTGCGAGGGTCGAT-1_GSM4013393",0.567040922967203
"CAAGTTGTCGGAAATA-1_GSM4013393",0.50362250533985
"TGCACCTAGAGGTTAT-1_GSM4013393",0.81874038452131
"GATCGCGCATCGTCGG-1_GSM4013393",0.137690099728725
"TATCAGGAGCGATCCC-1_GSM4013393",0.295803476885369
"TAGGCATTCAGGCGAA-1_GSM4013393",0.225616213728132
"GTCTTCGCACGGCGTT-1_GSM4013393",0.205887104025516
"GACCTGGTCACATACG-1_GSM4013393",0.814083466716955
"TGTTCCGCAGGTTTCA-1_GSM4013393",0.210960485657471
"ATCATGGCAAGTTCTG-1_GSM4013393",0.979195248022374
"CCTCAGTCAATGAAAC-1_GSM4013393",0.288978765465313
"TGGGCGTTCCAAACTG-1_GSM4013393",0.761342883114197
"GAGCAGACATGACGGA-1_GSM4013393",0.484238736433889
"ACTTTCATCGTTGCCT-1_GSM4013393",0.260511786454994
"ACGAGCCTCTAACTGG-1_GSM4013393",0.172627989208651
"TGAAAGACACGCATCG-1_GSM4013393",0.224584988352345
"AGCTTGACACCCATTC-1_GSM4013393",0.243494302075439
"GAATAAGCATCCCATC-1_GSM4013393",0.317625375802916
"CCTACACTCCAGTAGT-1_GSM4013393",0.155422904279293
"GTGCGGTCATCCTAGA-1_GSM4013393",0.208129858154355
"ACGCCAGTCTGCCCTA-1_GSM4013393",0.45086175458329
"AGTGGGACACGTTGGC-1_GSM4013393",0.67595654146778
"CCCAATCGTGCGGTAA-1_GSM4013393",0.250235790536015
"AACTTTCAGGGAAACA-1_GSM4013393",0.244328119239909
"ATAAGAGTCTGTTTGT-1_GSM4013393",0.12493573952145
"GGAAAGCTCTATCGCC-1_GSM4013393",0.680239991881992
"CGATGTACAGTTTACG-1_GSM4013393",0.201095693776107
"GGGCATCCATTAGGCT-1_GSM4013393",0.230798379581392
"TGGTTAGAGCACCGTC-1_GSM4013393",0.904806650473691
"TTTCCTCGTGTGACGA-1_GSM4013393",0.229171662843143
"TGAGAGGGTTAGATGA-1_GSM4013393",0.779168559974445
"TACGGGCAGTGGAGTC-1_GSM4013393",0.208543410083318
"CAACCTCCACACAGAG-1_GSM4013393",0.686807852203629
"GAGCAGACATTAACCG-1_GSM4013393",0.264408686467188
"TCCACACCAACTGCGC-1_GSM4013393",0.228534753178891
"GGCCGATGTCATGCAT-1_GSM4013393",0.16682487577297
"TCTATTGGTTGGACCC-1_GSM4013393",0.596919903573304
"TTAACTCGTTTCCACC-1_GSM4013393",1.20280882929363
"CGATGTAGTCTAGTGT-1_GSM4013393",0.259003583079896
"GCACTCTAGTCTCAAC-1_GSM4013393",0.206126546131164
"GGAATAATCGGTGTCG-1_GSM4013393",0.23431790105725
"TACTCGCAGGGATCTG-1_GSM4013393",0.252846458979817
"CGACCTTCACAGATTC-1_GSM4013393",0.305914392173739
"CCGGTAGCAAGTTCTG-1_GSM4013393",0.838291919013377
"TCAGCTCGTTCCGTCT-1_GSM4013393",0.29939498436224
"CTGTGCTGTGACAAAT-1_GSM4013393",0.884160726949514
"GTGCAGCAGAGACTAT-1_GSM4013393",0.27225571079674
"TGAGGGAAGGCCCGTT-1_GSM4013393",0.557926626565349
"TGACTAGCAGTTAACC-1_GSM4013393",0.845984848453721
"GACGTTATCGAATCCA-1_GSM4013393",0.152899688347858
"ATGTGTGGTACCGAGA-1_GSM4013393",0.253105338899996
"GAATGAACATAACCTG-1_GSM4013393",0.976110941748562
"CGGTTAAAGATCCCGC-1_GSM4013393",0.204442538079577
"ACCAGTACAGCGATCC-1_GSM4013393",0.15007696630867
"GAAATGAGTACTTGAC-1_GSM4013393",0.149197787515801
"CAGTCCTGTCCCTTGT-1_GSM4013393",0.658182922060227
"CGTGTCTAGACAGGCT-1_GSM4013393",0.205304053078178
"CGGAGCTCATGGATGG-1_GSM4013393",0.226127235176594
"AATCCAGTCGAATCCA-1_GSM4013393",0.838498111702991
"TGTTCCGGTGGCGAAT-1_GSM4013393",0.220096287172438
"CTAGAGTTCTGTCTAT-1_GSM4013393",1.08891728344763
"GTGCATATCAAGGTAA-1_GSM4013393",0.264220093225036
"TGTTCCGAGAGGGATA-1_GSM4013393",0.781896885634366
"ACGCAGCTCCATGCTC-1_GSM4013393",0.638640283800673
"GACAGAGCAGTATCTG-1_GSM4013393",0.191206578899435
"CAAGTTGGTATATGGA-1_GSM4013393",0.82603720860678
"TGCGCAGAGCTTCGCG-1_GSM4013393",0.485966319842267
"AACACGTCAGGCGATA-1_GSM4013393",0.237322930524075
"CTAGAGTAGGATGTAT-1_GSM4013393",0.832161443325397
"GTTCATTTCTTTACAC-1_GSM4013393",0.807135772071205
"CCTATTACAGCTGTAT-1_GSM4013393",1.09245286340626
"CGTAGGCCAGCCAGAA-1_GSM4013393",1.09213989058889
"TTGACTTCACACCGAC-1_GSM4013393",0.803380752331444
"ATCCACCAGTGGTCCC-1_GSM4013393",1.04327619952279
"AAGGCAGGTCTCCACT-1_GSM4013393",0.648511036874516
"CCTAAAGAGAGGTACC-1_GSM4013393",0.970786010427089
"TTGACTTGTCGAGTTT-1_GSM4013393",0.41969523139621
"GCGCCAACATACGCCG-1_GSM4013393",0.534767719271477
"TTAACTCCACCAACCG-1_GSM4013393",0.307858948514941
"CTAATGGTCCGATATG-1_GSM4013393",0.926179996428035
"GATGAAATCCGTAGGC-1_GSM4013393",0.543414720792002
"ATGTGTGAGAGGTTGC-1_GSM4013393",0.384556757651613
"AGTAGTCGTTGACGTT-1_GSM4013393",0.259101606456642
"GACGTGCTCCGCAGTG-1_GSM4013393",0.225061269460818
"GGGACCTGTTGGGACA-1_GSM4013393",0.308754057139734
"CTACATTAGTGTTAGA-1_GSM4013393",0.169753623510134
"GCATGCGCATTTGCTT-1_GSM4013393",0.247849733483693
"CAGAATCCAGAGCCAA-1_GSM4013393",0.565232443599052
"GAATAAGAGTCCGGTC-1_GSM4013393",0.752581084764298
"CACCTTGTCCGCATAA-1_GSM4013393",0.274768622894114
"CCTATTACACCACGTG-1_GSM4013393",0.755064006373454
"TTGACTTTCCGTTGTC-1_GSM4013393",0.858054268036456
"GTATCTTCAGGGATTG-1_GSM4013393",0.31173506550373
"TGCCCATCACAACGCC-1_GSM4013393",0.205287602838451
"TCTTCGGCAGGTCCAC-1_GSM4013393",0.558646035746465
"TATTACCCACCAGTTA-1_GSM4013393",0.954305551625389
"AAAGCAAAGCGTTGCC-1_GSM4013393",0.543263345425078
"CTAAGACAGCTAGTCT-1_GSM4013393",0.97871843209405
"TGAAAGACAGGTTTCA-1_GSM4013393",0.608557744827686
"ATCATGGAGCATCATC-1_GSM4013393",0.833860581396459
"CCCAGTTTCCGCGTTT-1_GSM4013393",0.723320881421152
"CATGACATCTGTCCGT-1_GSM4013393",0.504988213748784
"ACGGGTCGTATGAATG-1_GSM4013393",0.669309672329192
"ATTATCCAGACGACGT-1_GSM4013393",0.779736205512598
"CCAATCCCATCCTTGC-1_GSM4013393",0.514040028207984
"ATTGGTGTCCATGAGT-1_GSM4013393",0.909254761408222
"GGGAATGAGCCCAACC-1_GSM4013393",0.724288612266335
"AGAGTGGTCATTGCGA-1_GSM4013393",0.815545497734027
"TACGGGCAGGATGGAA-1_GSM4013393",0.103642041347364
"GCTCCTAGTCAAACTC-1_GSM4013393",0.306279331939045
"CCATTCGGTAAGGATT-1_GSM4013393",0.224952934368589
"CATCAGAAGCTAGGCA-1_GSM4013393",0.904053075370135
"GCACTCTTCGATCCCT-1_GSM4013393",0.575115185324395
"GGGAATGAGCAGGCTA-1_GSM4013393",0.525519255411485
"CCAATCCCATGACATC-1_GSM4013393",0.983509699164634
"CCTTTCTCATTTGCTT-1_GSM4013393",0.892659497617551
"GTCACGGAGACTAAGT-1_GSM4013393",0.231196438419198
"CTTTGCGTCGGTGTTA-1_GSM4013393",0.213208580039323
"CCCTCCTAGAACTCGG-1_GSM4013393",0.479474591041044
"TTGTAGGCACGTTGGC-1_GSM4013393",0.898613961714745
"CCACGGACAACACGCC-1_GSM4013393",0.776046468002012
"AGTAGTCGTATATCCG-1_GSM4013393",0.52887873618619
"GGATTACGTGCAGGTA-1_GSM4013393",1.02807637958133
"ACGGAGAAGTAGCGGT-1_GSM4013393",0.865888072622803
"TCTCTAATCAGCACAT-1_GSM4013393",0.584366362253353
"TGCCCATCACGTGAGA-1_GSM4013393",0.623966472971219
"TACGGGCTCTACCAGA-1_GSM4013393",0.987833541579678
"TAGCCGGAGCTAACTC-1_GSM4013393",0.508278021798308
"ACGCAGCCATCCTTGC-1_GSM4013393",0.870950105356292
"CAGCATACAACTGCGC-1_GSM4013393",0.554051361935156
"TCAGCAAAGTATCGAA-1_GSM4013393",0.783138650654411
"AACGTTGGTCCCTTGT-1_GSM4013393",0.89165804798755
"AAAGTAGGTCAAAGCG-1_GSM4013393",0.842660152065168
"CAGTAACAGAGGTACC-1_GSM4013393",0.492141396458543
"TCCCGATGTTCCATGA-1_GSM4013393",0.687291575301426
