cell_id,groups
GGACAGATCTATCCCG-1_GSM4013383,0
CGATTGATCAGTCCCT-1_GSM4013383,0
CGTGTCTAGCTCTCGG-1_GSM4013383,0
GTCGGGTGTTGGGACA-1_GSM4013383,0
CCCTCCTTCCGAACGC-1_GSM4013383,0
AGCCTAACAATGTAAG-1_GSM4013383,0
CACAAACGTGCCTGGT-1_GSM4013383,0
CACCAGGAGACCTTTG-1_GSM4013383,0
ACTGCTCAGGGCACTA-1_GSM4013383,0
TAGCCGGAGTATGACA-1_GSM4013383,0
TGACTAGTCTACCAGA-1_GSM4013383,0
GGAGCAAGTACGACCC-1_GSM4013383,0
CAAGAAATCTCTGCTG-1_GSM4013383,0
TTAGTTCAGAGAGCTC-1_GSM4013383,0
TAAGAGAAGTGGTAGC-1_GSM4013383,0
GTGTGCGCATATACGC-1_GSM4013383,0
TAAGCGTGTGCACTTA-1_GSM4013383,2
AAGGAGCTCCTACAGA-1_GSM4013383,0
ACATCAGTCACAGTAC-1_GSM4013383,0
AGCATACAGCCACGTC-1_GSM4013383,2
CCTTCCCTCTTGTTTG-1_GSM4013383,0
GAGCAGACATTCTTAC-1_GSM4013383,0
GACGTGCCAGGTGCCT-1_GSM4013383,0
CAGAATCGTGATAAAC-1_GSM4013383,0
CTGTTTATCCCTAACC-1_GSM4013383,0
CACCACTTCTGTCTCG-1_GSM4013383,0
CCTATTATCGTCGTTC-1_GSM4013383,0
ACCTTTAAGATGTTAG-1_GSM4013383,0
CATGACAAGATGTCGG-1_GSM4013383,0
GGTATTGCACCAGGTC-1_GSM4013383,2
ACCCACTCAGGGAGAG-1_GSM4013383,2
ACTGATGGTTGCGCAC-1_GSM4013383,2
CGCCAAGCATCCGTGG-1_GSM4013383,0
CGGCTAGGTCCTGCTT-1_GSM4013383,0
CGTAGCGGTAAGGGCT-1_GSM4013383,2
GGACAGACATTCACTT-1_GSM4013383,0
CTAACTTTCACATGCA-1_GSM4013383,0
AAATGCCCATGGGAAC-1_GSM4013383,0
GAACCTAAGACATAAC-1_GSM4013383,0
TTCTCAACACTCGACG-1_GSM4013383,0
TGAGCCGGTGGTACAG-1_GSM4013383,2
CTAATGGGTAAACCTC-1_GSM4013383,0
GGACGTCTCCTATGTT-1_GSM4013383,0
GCTCCTACATCCCATC-1_GSM4013383,2
TGCACCTCATCCCATC-1_GSM4013383,0
TACTCATAGGGTCTCC-1_GSM4013383,0
TGAAAGACACAACGTT-1_GSM4013383,0
GACTAACGTGGTAACG-1_GSM4013383,0
CGATCGGAGGAGTTTA-1_GSM4013383,0
GCGCAACTCGCCTGAG-1_GSM4013383,0
CGTAGGCAGAAGAAGC-1_GSM4013383,2
GATGAGGTCAGTTAGC-1_GSM4013383,0
GTTCATTGTCTGATCA-1_GSM4013383,0
CGCTATCGTCATATCG-1_GSM4013383,0
CCGGGATAGAAGGTGA-1_GSM4013383,0
ATGTGTGGTTAAGGGC-1_GSM4013383,0
ACATACGAGATAGTCA-1_GSM4013383,2
CAGCATATCATCACCC-1_GSM4013383,0
TAGACCAGTCATATCG-1_GSM4013383,0
GACGTTATCGTTACGA-1_GSM4013383,2
TGTGTTTAGCAAATCA-1_GSM4013383,0
ATCTACTCATCGATTG-1_GSM4013383,0
TTTGCGCCACACCGAC-1_GSM4013383,0
GTACTTTCACAACTGT-1_GSM4013383,0
GTAACTGAGTGAATTG-1_GSM4013383,0
TTCTACAGTGCACGAA-1_GSM4013383,0
CATATGGGTACGCACC-1_GSM4013383,2
CAGCTAAGTTGTACAC-1_GSM4013383,0
GCTGCGAGTGTCTGAT-1_GSM4013383,2
ACTTACTGTCTCCCTA-1_GSM4013383,0
CGCCAAGGTAGATTAG-1_GSM4013383,0
CCCAGTTTCTGGTGTA-1_GSM4013383,0
ATCATCTAGTGAATTG-1_GSM4013383,0
CGTTCTGGTTGGACCC-1_GSM4013383,3
TTTGCGCCAAGTCATC-1_GSM4013383,0
GCAATCACACCGAATT-1_GSM4013383,2
AAGGAGCGTGGAAAGA-1_GSM4013383,0
ATCATCTAGGATATAC-1_GSM4013383,6
CGTGTCTCAGGACCCT-1_GSM4013383,0
GATCGATCACAGACAG-1_GSM4013383,0
AAGCCGCGTCTAAAGA-1_GSM4013383,0
CTCATTAGTTGGTTTG-1_GSM4013383,2
TTCTACAAGAAGATTC-1_GSM4013383,0
CGCTTCATCACGATGT-1_GSM4013383,0
CGTCAGGCACTGAAGG-1_GSM4013383,0
GGCCGATTCTCCCTGA-1_GSM4013383,0
AACCATGTCCGCTGTT-1_GSM4013383,2
TCAACGACAAGCTGGA-1_GSM4013383,0
TGGGAAGCATTTCAGG-1_GSM4013383,2
CGGACTGTCGTTTGCC-1_GSM4013383,2
AGTGTCATCACCCTCA-1_GSM4013383,0
CGTCAGGAGTACGTAA-1_GSM4013383,0
ACCAGTATCCGAACGC-1_GSM4013383,3
GCACATACACCTCGGA-1_GSM4013383,2
GCTGCTTCACCAACCG-1_GSM4013383,2
ATCCGAACAATGTTGC-1_GSM4013383,0
AGAGCGATCCGTTGTC-1_GSM4013383,2
CATTCGCGTGTCGCTG-1_GSM4013383,0
TGACAACCAATACGCT-1_GSM4013383,4
GGACGTCCAACTGCGC-1_GSM4013383,0
TGTGTTTTCCTAGTGA-1_GSM4013383,0
GGTGCGTTCAGAGACG-1_GSM4013383,0
CCTATTACAACGATCT-1_GSM4013383,0
AGCTTGATCGTCTGAA-1_GSM4013383,0
GCGAGAATCCTATGTT-1_GSM4013383,0
CTACCCATCCACGTTC-1_GSM4013383,0
TAAGCGTGTCGCGTGT-1_GSM4013383,0
ACGCCGAGTCGCCATG-1_GSM4013383,0
TACACGAAGTGGGATC-1_GSM4013383,4
GGTGAAGGTCGCATCG-1_GSM4013383,0
TTTCCTCGTTATGCGT-1_GSM4013383,0
CGTTCTGTCAACACTG-1_GSM4013383,0
GATCGCGCATATGAGA-1_GSM4013383,0
TGCACCTGTATTACCG-1_GSM4013383,0
GACCAATCATGCAACT-1_GSM4013383,0
GCCTCTAAGTGGGTTG-1_GSM4013383,0
TAGGCATTCGGTGTCG-1_GSM4013383,0
TACACGATCTGTCTCG-1_GSM4013383,0
ACACCAAAGGCTCAGA-1_GSM4013383,2
CCAATCCCAGTTAACC-1_GSM4013383,0
AAGTCTGCAAAGGCGT-1_GSM4013383,2
GTAGTCAAGACTTTCG-1_GSM4013383,0
CACAGGCAGCGATGAC-1_GSM4013383,3
ACGGGTCTCTTCTGGC-1_GSM4013383,0
CGGGTCATCGGCTACG-1_GSM4013383,0
CTAGAGTGTACGCACC-1_GSM4013383,0
GATTCAGTCCAAGCCG-1_GSM4013383,4
GCTCTGTCAACTGCGC-1_GSM4013383,0
ACTATCTAGCAGCGTA-1_GSM4013383,0
GTATTCTTCACAAACC-1_GSM4013383,0
CGCGGTACAACTTGAC-1_GSM4013383,5
CTTAACTCAGGTCTCG-1_GSM4013383,0
TGGCGCACAGGCTGAA-1_GSM4013383,0
ACTTGTTGTCAGGACA-1_GSM4013383,0
TCAGCAATCAGCAACT-1_GSM4013383,0
AACACGTAGCGGATCA-1_GSM4013383,0
GGGAATGAGATCACGG-1_GSM4013383,0
AACTTTCCAGGCAGTA-1_GSM4013383,0
TACTTACGTAAACGCG-1_GSM4013383,0
CTGCGGACAACACGCC-1_GSM4013383,0
GCTGCAGTCTGTCAAG-1_GSM4013383,2
AACTCAGTCGGATGTT-1_GSM4013383,0
CCACTACAGCTGATAA-1_GSM4013383,2
GATGAGGAGACCGGAT-1_GSM4013383,0
CATCAAGCACGCCAGT-1_GSM4013383,0
TAGTGGTTCCTGTACC-1_GSM4013383,0
CGTTCTGGTCAAGCGA-1_GSM4013383,0
CTACATTCACTGTCGG-1_GSM4013383,0
CACATAGAGGATGTAT-1_GSM4013383,0
ACGGCCAAGCCGATTT-1_GSM4013383,7
AAAGTAGCAATGGTCT-1_GSM4013383,0
TTTGTCATCAGAGGTG-1_GSM4013383,0
GAGTCCGAGCTCCTCT-1_GSM4013383,0
GGCGTGTGTCGACTAT-1_GSM4013383,0
ACTGAGTCAATTGCTG-1_GSM4013383,0
AAAGATGCATTTGCCC-1_GSM4013383,0
CAGCGACTCTTAGAGC-1_GSM4013383,0
GCTGGGTAGTCCGTAT-1_GSM4013383,0
CTACCCAGTGGAAAGA-1_GSM4013383,0
CTTAACTGTGCTTCTC-1_GSM4013383,0
GTAACTGTCATGTCTT-1_GSM4013383,2
TGTATTCGTAAAGGAG-1_GSM4013383,0
TGGGAAGAGATCGATA-1_GSM4013383,0
GGGTCTGCAAGCCGCT-1_GSM4013383,5
ACCCACTTCGTAGGTT-1_GSM4013383,0
ACTGTCCTCCGAACGC-1_GSM4013383,0
AGTTGGTTCGTCCGTT-1_GSM4013383,0
ACATCAGGTACAGTTC-1_GSM4013383,0
GGACAAGCATCCTAGA-1_GSM4013383,3
GCAGCCAAGGTGCACA-1_GSM4013383,0
TGTTCCGGTGTAACGG-1_GSM4013383,2
GCGCAGTCAAAGGTGC-1_GSM4013383,2
GCAGTTAAGTCCAGGA-1_GSM4013383,0
CTCTACGGTGTCAATC-1_GSM4013383,0
GCTGCTTGTGCGCTTG-1_GSM4013383,2
AGGGAGTAGGATGGTC-1_GSM4013383,0
CGCTATCAGCGGATCA-1_GSM4013383,9
CGCGTTTTCACATACG-1_GSM4013383,0
CCTACCAAGTGCGTGA-1_GSM4013383,4
CAAGATCTCAATCACG-1_GSM4013383,0
AGCATACGTAGTACCT-1_GSM4013383,0
GACTACAAGGCATGGT-1_GSM4013383,0
GTCATTTAGAGGTTAT-1_GSM4013383,0
CGTCAGGCACTTGGAT-1_GSM4013383,0
GCAGCCAAGCGTAGTG-1_GSM4013383,7
GCTGCTTGTACTTCTT-1_GSM4013383,0
CATGACAGTTTGTTTC-1_GSM4013383,0
TTCTCAAAGTCAATAG-1_GSM4013383,0
GTCACGGTCCTACAGA-1_GSM4013383,0
CGTCTACAGCGGATCA-1_GSM4013383,0
TCAGCTCAGTCATGCT-1_GSM4013383,0
CGGACTGGTGCAGTAG-1_GSM4013383,0
ACGATGTTCACCACCT-1_GSM4013383,0
GGCTCGAAGTGTGAAT-1_GSM4013383,0
GGCGTGTAGGGTGTGT-1_GSM4013383,0
GGATTACTCCAGAGGA-1_GSM4013383,0
GGACATTAGCCACCTG-1_GSM4013383,0
CCACTACAGACGCACA-1_GSM4013383,0
CCTTACGGTAGGAGTC-1_GSM4013383,11
CCACCTAGTCTAGCGC-1_GSM4013383,0
TCACGAAGTTTGTGTG-1_GSM4013383,0
CTTTGCGAGCGTGAAC-1_GSM4013383,2
GGAACTTCATGGTCTA-1_GSM4013383,3
AACCATGTCGGCGGTT-1_GSM4013383,0
CTGCCTAGTAAGGGCT-1_GSM4013383,0
CCACCTAGTTGCTCCT-1_GSM4013383,0
TTGCGTCGTAGGGACT-1_GSM4013383,2
GTATCTTTCACTTACT-1_GSM4013383,4
CACAGTACAGTATCTG-1_GSM4013383,7
TTTATGCAGAAACCGC-1_GSM4013383,7
CAAGTTGGTAGTAGTA-1_GSM4013383,7
ACTGAGTAGAGTCGGT-1_GSM4013383,7
ATTGGACGTCTTCTCG-1_GSM4013383,0
TCACAAGTCCTGCTTG-1_GSM4013383,0
ACTATCTAGGCGACAT-1_GSM4013383,0
CAACCTCTCCACTGGG-1_GSM4013383,3
ACACCAATCACTCTTA-1_GSM4013383,0
GGATTACAGACTAGGC-1_GSM4013383,0
GCTGCTTGTGTAATGA-1_GSM4013383,0
TTGCGTCCACCATCCT-1_GSM4013383,0
TGGGAAGGTCTGGAGA-1_GSM4013383,0
AACGTTGTCCTTTCGG-1_GSM4013383,7
CAAGATCGTACATCCA-1_GSM4013383,2
ACCAGTAGTACAGCAG-1_GSM4013383,4
TCAGCAATCTGCTTGC-1_GSM4013383,5
CTCGGAGGTGCAGGTA-1_GSM4013383,0
CGATGTACAAGTCTGT-1_GSM4013383,12
GCTGCTTGTCGACTGC-1_GSM4013383,0
AGTCTTTAGACCTAGG-1_GSM4013383,4
AACTCTTGTCAACATC-1_GSM4013383,0
ACGGCCAAGCACGCCT-1_GSM4013383,7
GCCAAATCACGGACAA-1_GSM4013383,4
CGTCAGGGTAAAGGAG-1_GSM4013383,0
GGATGTTCAGGGTACA-1_GSM4013383,0
ATTGGTGGTCCATCCT-1_GSM4013383,7
GGGATGACAAACCCAT-1_GSM4013383,5
GTCACGGCATACGCCG-1_GSM4013383,0
ACGGGCTCAAGCCTAT-1_GSM4013383,0
AAAGATGCACTTCGAA-1_GSM4013383,0
CGTCAGGAGCGTCTAT-1_GSM4013383,0
GAGTCCGCACAGGCCT-1_GSM4013383,7
AACCGCGGTTCAGACT-1_GSM4013383,0
TCAGATGAGAGGTTGC-1_GSM4013383,0
CAGATCAGTATAATGG-1_GSM4013383,7
GTGTTAGCAGCCTTGG-1_GSM4013383,0
CTCGTCACACTATCTT-1_GSM4013383,7
GGACGTCAGCTTATCG-1_GSM4013383,0
TTCTCAATCGGCATCG-1_GSM4013383,0
ATGCGATCACCAGATT-1_GSM4013383,0
ATGAGGGAGTTTAGGA-1_GSM4013383,0
ACGATACAGCTGAACG-1_GSM4013383,0
TAGAGCTCATTTCAGG-1_GSM4013383,0
ATCATGGAGATCGGGT-1_GSM4013383,0
GGGACCTTCGGAAATA-1_GSM4013383,4
ATCATGGGTCCAACTA-1_GSM4013383,0
ATGAGGGTCCGTAGGC-1_GSM4013383,0
CCTTACGCATGGGACA-1_GSM4013383,9
CCAATCCGTGGTAACG-1_GSM4013383,0
GTGCATATCCTGTAGA-1_GSM4013383,0
TCATTACCAATCCGAT-1_GSM4013383,5
ATGTGTGCACAGGTTT-1_GSM4013383,0
TCGGGACAGGTAAACT-1_GSM4013383,0
GTCAAGTGTTTGTGTG-1_GSM4013383,0
TAGTTGGAGAATGTTG-1_GSM4013383,6
TCATTTGTCTTGTACT-1_GSM4013383,7
GCTGCAGAGCACCGTC-1_GSM4013383,0
GTGTTAGAGTACGTTC-1_GSM4013383,0
CGGACTGAGAGCTTCT-1_GSM4013383,0
ATAAGAGCATCCGCGA-1_GSM4013383,7
CTGCGGACAAATACAG-1_GSM4013383,0
TAGACCAGTCTCTTAT-1_GSM4013383,4
TAGGCATCACAGAGGT-1_GSM4013383,0
ACCAGTACACAGGAGT-1_GSM4013383,4
AGGGAGTCAAGCTGTT-1_GSM4013383,0
TCGAGGCTCGGCATCG-1_GSM4013383,7
CATCAAGCAAGCGATG-1_GSM4013383,2
CCAGCGACATCCGTGG-1_GSM4013383,0
GATGAGGTCAACACCA-1_GSM4013383,12
CTAGTGAAGTAGCGGT-1_GSM4013383,0
CAGATCACACCGAATT-1_GSM4013383,7
CAGCAGCAGCGTCTAT-1_GSM4013383,0
ATTGGTGTCTGTCTCG-1_GSM4013383,0
GATGAAACAACAACCT-1_GSM4013383,7
ACACCGGTCCTGTAGA-1_GSM4013383,0
CAGAATCTCTTGTACT-1_GSM4013383,0
AGAATAGAGTCATGCT-1_GSM4013383,0
GATCAGTTCACCTTAT-1_GSM4013383,7
GCTGCAGCAGACAGGT-1_GSM4013383,0
TCTGGAACATCGGTTA-1_GSM4013383,9
GACTACACACGTAAGG-1_GSM4013383,0
CTAAGACAGCCACTAT-1_GSM4013383,7
TATCAGGCACTCGACG-1_GSM4013383,7
CGAGCACTCATGTCCC-1_GSM4013383,0
CACCTTGGTTACCGAT-1_GSM4013383,0
CATGCCTTCCCTTGTG-1_GSM4013383,7
GCATACAAGCCGCCTA-1_GSM4013383,4
CGGCTAGCATGTTCCC-1_GSM4013383,4
GATCGTAAGTACACCT-1_GSM4013383,7
GTGAAGGGTCTAAAGA-1_GSM4013383,7
CCGTTCAAGATCTGAA-1_GSM4013383,0
CGAACATGTAAGGGAA-1_GSM4013383,0
GCTCCTAAGCTCTCGG-1_GSM4013383,0
ATCATCTGTTGGTAAA-1_GSM4013383,7
CGACCTTAGCGCTCCA-1_GSM4013383,7
TGCGCAGTCGAACTGT-1_GSM4013383,0
TACGGATTCGGCGCTA-1_GSM4013383,5
CGGTTAACACAAGTAA-1_GSM4013383,7
ACTATCTAGTTCCACA-1_GSM4013383,4
GACCAATAGAATTGTG-1_GSM4013383,2
CATGACACATGCCTAA-1_GSM4013383,3
GCGCAACTCAGTGCAT-1_GSM4013383,0
CACACCTCAAGCCATT-1_GSM4013383,4
ACTGATGAGATCCCGC-1_GSM4013383,0
AGGGATGTCAGAGACG-1_GSM4013383,7
GGTGTTAGTGAAGGCT-1_GSM4013383,0
TATCTCACATTTCAGG-1_GSM4013383,7
GTCACAAGTCAATACC-1_GSM4013383,0
TGCTGCTTCACAAACC-1_GSM4013383,7
GACCTGGAGGATGGAA-1_GSM4013383,0
GCTTCCATCGTACGGC-1_GSM4013383,0
GTACTCCAGAATAGGG-1_GSM4013383,0
CCGTACTCAGACGCAA-1_GSM4013383,7
CATTATCAGCTAAGAT-1_GSM4013383,0
ATTGGTGCACGAGGTA-1_GSM4013383,0
GGCCGATCAGACAAAT-1_GSM4013383,0
GGGAGATGTTATCACG-1_GSM4013383,0
CACACTCTCTCGAGTA-1_GSM4013383,0
TTTGTCATCGCGATCG-1_GSM4013383,0
CGAGCACCAAGCCGCT-1_GSM4013383,7
TGTGGTAAGCCCGAAA-1_GSM4013383,0
GTCATTTAGGATGGTC-1_GSM4013383,0
CTGATCCTCTGCAGTA-1_GSM4013383,0
CATGGCGGTGATGTCT-1_GSM4013383,0
AACTCTTCATCTATGG-1_GSM4013383,7
GGTGAAGTCGAGCCCA-1_GSM4013383,0
CCATGTCCAGTCTTCC-1_GSM4013383,7
CCGTTCAAGAGAGCTC-1_GSM4013383,9
TACTCATGTTTGTTGG-1_GSM4013383,7
GCTTCCACACAGGAGT-1_GSM4013383,7
TAGTTGGGTAAGTTCC-1_GSM4013383,9
TGTGGTATCTAACTGG-1_GSM4013383,0
CCATTCGAGACTAGAT-1_GSM4013383,0
ATCACGAGTCATCGGC-1_GSM4013383,0
CCTCTGAAGCAGGCTA-1_GSM4013383,0
CAGCGACGTAGCGATG-1_GSM4013383,5
TGGACGCTCGGACAAG-1_GSM4013383,5
TCAGGTAGTAAGAGGA-1_GSM4013383,7
AGCGGTCTCTGGAGCC-1_GSM4013383,4
CGAACATCACCGATAT-1_GSM4013383,7
ATCGAGTAGCCTTGAT-1_GSM4013383,5
AAACCTGTCAGCTCTC-1_GSM4013383,7
GCATGCGTCAGTGTTG-1_GSM4013383,0
CTCGGAGAGTTAGCGG-1_GSM4013383,0
CTACGTCTCAACGGCC-1_GSM4013383,7
CCGTTCACAGTTCCCT-1_GSM4013383,0
CAGGTGCCAGATCTGT-1_GSM4013383,0
ACGCCGACAGACAGGT-1_GSM4013383,7
ATTGGTGGTCGACTGC-1_GSM4013383,0
AGCGGTCTCTTAACCT-1_GSM4013383,0
GTGAAGGTCACTCTTA-1_GSM4013383,4
TACCTATCATAAGACA-1_GSM4013383,0
GATCTAGGTGCTCTTC-1_GSM4013383,7
TAGTGGTAGGCAATTA-1_GSM4013383,7
GCATACAGTAAATACG-1_GSM4013383,3
CATGACAAGGTGCACA-1_GSM4013383,4
GTGTTAGCACACGCTG-1_GSM4013383,7
TGGTTCCAGATCTGCT-1_GSM4013383,6
GCTCTGTCAACACCCG-1_GSM4013383,5
CATCCACAGGTGTGGT-1_GSM4013383,5
CCTACACAGTTAGGTA-1_GSM4013383,0
CTCGAGGTCCTTTCGG-1_GSM4013383,9
CAGAGAGGTAATCACC-1_GSM4013383,7
GAAACTCAGAAACCTA-1_GSM4013383,0
CAGTCCTTCGACGGAA-1_GSM4013383,5
TGGGCGTGTGTTGGGA-1_GSM4013383,0
GGTGCGTAGCGCTTAT-1_GSM4013383,7
GGGCACTGTATAGGTA-1_GSM4013383,7
TGGTTAGCAAGCTGGA-1_GSM4013383,0
AGCATACGTCTCGTTC-1_GSM4013383,5
CCTACACAGCAAATCA-1_GSM4013383,7
AGGTCCGAGTACGATA-1_GSM4013383,0
AACCATGTCAAAGTAG-1_GSM4013383,5
GCATACAGTATATCCG-1_GSM4013383,4
CAGTCCTAGGGCTCTC-1_GSM4013383,4
CAACTAGCAAGCGAGT-1_GSM4013383,0
GGTGTTACACACTGCG-1_GSM4013383,7
TCTCTAATCCTCGCAT-1_GSM4013383,7
ACTTACTAGCAGCCTC-1_GSM4013383,4
ACGGCCATCAGGATCT-1_GSM4013383,7
AGAGCGAGTCTAAACC-1_GSM4013383,0
GAAATGAAGTATCTCG-1_GSM4013383,7
TACAGTGTCTAGCACA-1_GSM4013383,5
ATAACGCGTCAAAGCG-1_GSM4013383,9
GGACAGAAGGGAAACA-1_GSM4013383,1
TGATTTCCATCTATGG-1_GSM4013383,0
TACCTTAAGATCCCGC-1_GSM4013383,0
TCGTACCGTGATGATA-1_GSM4013383,0
GCTGCTTGTCATTAGC-1_GSM4013383,0
CTCATTAAGTGCCAGA-1_GSM4013383,7
CAGCTAACACCTGGTG-1_GSM4013383,7
ATCATGGGTATCGCAT-1_GSM4013383,7
CGAGAAGGTCACACGC-1_GSM4013383,7
GGGCATCCACCAGATT-1_GSM4013383,6
AAGGCAGTCTCGATGA-1_GSM4013383,7
CGGAGCTCACGGCGTT-1_GSM4013383,7
ACGATGTCATGCAATC-1_GSM4013383,5
GTCGGGTTCCTAGTGA-1_GSM4013383,0
ATAAGAGGTTTGCATG-1_GSM4013383,0
GCACATAGTTGGAGGT-1_GSM4013383,0
ACGCAGCAGTCCGGTC-1_GSM4013383,7
GTGAAGGCAGCATACT-1_GSM4013383,0
AGCTTGAAGCCACGTC-1_GSM4013383,0
GTGAAGGAGTAGGCCA-1_GSM4013383,0
ACCTTTATCTGAGGGA-1_GSM4013383,7
CTCTGGTCAAGGCTCC-1_GSM4013383,7
GTGTTAGAGCGATGAC-1_GSM4013383,0
GCGCCAACAAGTACCT-1_GSM4013383,0
CGGACGTAGATCGATA-1_GSM4013383,9
ACTGCTCAGGTAGCTG-1_GSM4013383,7
GCGACCAAGGGTTTCT-1_GSM4013383,0
CTACATTCATTATCTC-1_GSM4013383,1
GACGTTATCCCACTTG-1_GSM4013383,7
GACAGAGGTCACCTAA-1_GSM4013383,7
CATTATCTCCCTAACC-1_GSM4013383,5
GGCCGATCAGTATAAG-1_GSM4013383,0
GCAATCAGTAAGTTCC-1_GSM4013383,7
GCGCAGTTCGTCGTTC-1_GSM4013383,0
TGAGGGAAGTACGTTC-1_GSM4013383,7
CCCAGTTAGCTCCTTC-1_GSM4013383,7
AGGCCGTTCGCATGGC-1_GSM4013383,0
CGAGCCACATCCCATC-1_GSM4013383,9
GGAACTTCACCTGGTG-1_GSM4013383,0
CCAGCGAAGTTGAGTA-1_GSM4013383,7
CGGACGTTCTCCTATA-1_GSM4013383,7
CCGTTCAAGATACACA-1_GSM4013383,4
ACGCCAGAGTGACTCT-1_GSM4013383,0
AATCCAGTCTCTGAGA-1_GSM4013383,0
ACTGTCCAGTGTCCAT-1_GSM4013383,0
AGTGGGAAGGAGCGTT-1_GSM4013383,5
TGCTACCCAACTGCGC-1_GSM4013383,7
ACGGAGAAGACTTTCG-1_GSM4013383,7
GGTGCGTAGAAGGTTT-1_GSM4013383,0
TCGCGAGTCATCGATG-1_GSM4013383,0
CGGACTGTCTCTTATG-1_GSM4013383,0
CTGATAGCAGATTGCT-1_GSM4013383,5
GATCGTATCTCTTGAT-1_GSM4013383,7
GTAACGTAGATAGCAT-1_GSM4013383,5
AAGACCTCACATCCAA-1_GSM4013383,5
TCCCGATAGGGTTTCT-1_GSM4013383,0
TTGCGTCGTTCAGGCC-1_GSM4013383,7
CAGAATCTCACTATTC-1_GSM4013383,0
TTTGGTTCATTACGAC-1_GSM4013383,0
GCGCAGTTCTGCGGCA-1_GSM4013383,0
CGCGGTACAGCCTTTC-1_GSM4013383,0
TAGACCATCCGTCAAA-1_GSM4013383,0
GCACATAGTTCACCTC-1_GSM4013383,7
CGTTAGACACAGACAG-1_GSM4013383,6
ACATGGTTCGCTAGCG-1_GSM4013383,7
TCCACACTCACAAACC-1_GSM4013383,9
TGGCCAGAGAGCCTAG-1_GSM4013383,0
CTGAAGTTCGGTTAAC-1_GSM4013383,0
ATAACGCTCGGTCCGA-1_GSM4013383,3
AAGTCTGAGGAGCGTT-1_GSM4013383,7
TATTACCGTGAGTGAC-1_GSM4013383,0
CAGTAACCAGCTCCGA-1_GSM4013383,7
CAGGTGCAGCGACGTA-1_GSM4013383,5
ACTATCTTCCCTGACT-1_GSM4013383,0
GAGCAGATCCGCAAGC-1_GSM4013383,0
GCCAAATCAATCACAC-1_GSM4013383,0
TTGGAACGTTTAAGCC-1_GSM4013383,7
TGCGGGTCACTTCTGC-1_GSM4013383,7
AGGTCCGCATCTGGTA-1_GSM4013383,0
GAAATGAAGATCCTGT-1_GSM4013383,7
GACGGCTTCGATAGAA-1_GSM4013383,9
GCTGCTTTCACGGTTA-1_GSM4013383,7
AGGGTGAGTTCGGCAC-1_GSM4013383,13
GTCATTTAGTTGTCGT-1_GSM4013383,7
ACATCAGGTCCGACGT-1_GSM4013383,6
ATCACGATCTTGTACT-1_GSM4013383,7
TGTGTTTCAGTCACTA-1_GSM4013383,7
GAATGAACACGGTGTC-1_GSM4013383,7
GACCTGGAGTGTTAGA-1_GSM4013383,7
TCGCGAGAGGATGCGT-1_GSM4013383,0
GCTTCCACATAGTAAG-1_GSM4013383,7
CCACGGAGTAGCTGCC-1_GSM4013383,7
CAACCTCAGAGTAAGG-1_GSM4013383,0
ATGAGGGTCGTACCGG-1_GSM4013383,0
CAACCAAAGCCCGAAA-1_GSM4013383,0
GTGCTTCCACTTGGAT-1_GSM4013383,7
GGACGTCAGCTCAACT-1_GSM4013383,3
TAGACCAAGCGTTCCG-1_GSM4013383,5
CATGCCTCATATGGTC-1_GSM4013383,0
CTGCGGATCTTCAACT-1_GSM4013383,7
GCGAGAATCTCATTCA-1_GSM4013383,4
CTCACACGTCAATACC-1_GSM4013383,9
CTGTTTAGTGTTTGGT-1_GSM4013383,7
TACTCGCTCATCGCTC-1_GSM4013383,0
TGGTTCCGTCAAAGCG-1_GSM4013383,7
CGGACTGCACAAGACG-1_GSM4013383,7
TTGAACGTCAAACCAC-1_GSM4013383,7
GTAGGCCGTTACTGAC-1_GSM4013383,0
GGTGTTAAGGAATGGA-1_GSM4013383,7
CCCAGTTTCCTGTAGA-1_GSM4013383,0
GACTAACTCAGCATGT-1_GSM4013383,7
ATCTACTTCCCATTTA-1_GSM4013383,7
GAGCAGACATCACGAT-1_GSM4013383,7
GTAGTCATCTAGCACA-1_GSM4013383,0
CATGGCGCAGGTCCAC-1_GSM4013383,7
TTGCGTCCAATTGCTG-1_GSM4013383,2
CGTAGGCGTGGTCCGT-1_GSM4013383,7
GTGCAGCGTCCGTCAG-1_GSM4013383,9
GACACGCCAGCTGCTG-1_GSM4013383,0
GTGTGCGTCTAGAGTC-1_GSM4013383,0
CTAAGACTCTTGCCGT-1_GSM4013383,7
CCATGTCAGTGAAGTT-1_GSM4013383,7
CCAGCGATCTTTCCTC-1_GSM4013383,0
ACTGAGTAGATCCTGT-1_GSM4013383,7
TTTACTGAGAGGGATA-1_GSM4013383,7
TAGACCATCGTACGGC-1_GSM4013383,4
GCAATCAAGACAAGCC-1_GSM4013383,7
ACTTGTTGTTCATGGT-1_GSM4013383,1
GTCACGGAGGATGGAA-1_GSM4013383,7
TTGCCGTTCTTGGGTA-1_GSM4013383,0
TCTGAGACATGCATGT-1_GSM4013383,9
TTTATGCGTAAATACG-1_GSM4013383,5
TCTTCGGTCGGAAACG-1_GSM4013383,7
CAGCTAACAGGTGCCT-1_GSM4013383,7
CTGCCTATCATTTGGG-1_GSM4013383,0
ACCAGTAGTCGGATCC-1_GSM4013383,13
CGATTGAAGGTGACCA-1_GSM4013383,4
AAGGTTCGTAATTGGA-1_GSM4013383,7
CATCGGGGTCTAGCGC-1_GSM4013383,7
GCGGGTTAGCCGTCGT-1_GSM4013383,7
TGGCGCAGTCTCACCT-1_GSM4013383,7
CCGTACTCAAGCCTAT-1_GSM4013383,14
CACAGTACATGGGAAC-1_GSM4013383,0
CGTGTCTCAATTCCTT-1_GSM4013383,0
CACTCCATCCTAGTGA-1_GSM4013383,0
CTTAGGATCCAAAGTC-1_GSM4013383,7
TGGCCAGCACTATCTT-1_GSM4013383,9
GACTACATCTCGCATC-1_GSM4013383,0
AAATGCCAGCACGCCT-1_GSM4013383,0
TCTTTCCTCCGAAGAG-1_GSM4013383,7
GTCGGGTGTTAAAGTG-1_GSM4013383,4
ACTTGTTTCATGCATG-1_GSM4013383,7
CACAAACGTAGCCTAT-1_GSM4013383,7
ACCTTTATCCCGGATG-1_GSM4013383,0
GAATGAAAGCGTGTCC-1_GSM4013383,0
CCTCAGTGTGGTCCGT-1_GSM4013383,13
AACGTTGGTGAGGCTA-1_GSM4013383,7
ATAGACCTCTTGAGAC-1_GSM4013383,0
TCAACGAAGCTGCCCA-1_GSM4013383,7
GGACAAGAGTGGGATC-1_GSM4013383,14
GTCGTAATCATCGCTC-1_GSM4013383,6
GGCGTGTGTTTCGCTC-1_GSM4013383,4
CTCGGGAGTAGTGAAT-1_GSM4013383,9
AACTCCCTCGTTTATC-1_GSM4013383,12
ACTATCTCATCGGAAG-1_GSM4013383,9
AGATCTGGTTCACCTC-1_GSM4013383,5
GGATTACAGTGCCAGA-1_GSM4013383,9
AAAGTAGCAACCGCCA-1_GSM4013383,0
ACTGATGAGCGAGAAA-1_GSM4013383,3
TTCCCAGAGTGTTTGC-1_GSM4013383,0
GTCGGGTAGCCCGAAA-1_GSM4013383,0
GATGAGGCAGCTCCGA-1_GSM4013383,7
ACGTCAATCAGAAATG-1_GSM4013383,7
AGGGTGAAGCCAGGAT-1_GSM4013383,7
TACAGTGAGCGTCAAG-1_GSM4013383,0
AAGGAGCCAATAGCAA-1_GSM4013383,9
CACACTCAGACTGGGT-1_GSM4013383,7
GCATGCGTCTTCGAGA-1_GSM4013383,9
CGGTTAAAGTGCGTGA-1_GSM4013383,7
ACGGCCATCTGCAGTA-1_GSM4013383,5
CACATTTTCACATGCA-1_GSM4013383,0
TGAGGGATCTAGAGTC-1_GSM4013383,7
CCTTACGCAAGGGTCA-1_GSM4013383,5
CTGATCCCACCAACCG-1_GSM4013383,12
AGTGTCAAGTATGACA-1_GSM4013383,1
GGTGTTAAGGGAGTAA-1_GSM4013383,2
TACTTACGTTCGGGCT-1_GSM4013383,9
GTGAAGGTCATAAAGG-1_GSM4013383,0
GTTACAGTCGCTTAGA-1_GSM4013383,1
CGGTTAAGTACATCCA-1_GSM4013383,7
AACTGGTTCCTAGGGC-1_GSM4013383,7
CATCGAAGTTAAGAAC-1_GSM4013383,0
CTGCCTATCCAGTATG-1_GSM4013383,9
TGAGGGACAGGTCCAC-1_GSM4013383,7
TGAAAGAGTGAACCTT-1_GSM4013383,0
ACGCAGCAGGAATCGC-1_GSM4013383,7
TGGCCAGAGTTACGGG-1_GSM4013383,14
CATGACAGTGCTGTAT-1_GSM4013383,6
TGTGTTTGTGGAAAGA-1_GSM4013383,7
CGGACGTTCTGTCAAG-1_GSM4013383,10
GCAGCCAGTCAACTGT-1_GSM4013383,7
TCGGGACTCAACACCA-1_GSM4013383,0
CCTAGCTAGTAGCGGT-1_GSM4013383,0
CTAGAGTTCACTTCAT-1_GSM4013383,4
GATGCTAGTCCCTACT-1_GSM4013383,9
GGACGTCGTCATTAGC-1_GSM4013383,4
GGCGTGTGTGGGTCAA-1_GSM4013383,7
TCCCGATCATGAGCGA-1_GSM4013383,7
TATTACCGTTAAAGAC-1_GSM4013383,7
CGCCAAGCACCGAAAG-1_GSM4013383,0
GTTCGGGGTCTTCTCG-1_GSM4013383,0
CATCCACGTCACAAGG-1_GSM4013383,0
TTAACTCTCCAAGTAC-1_GSM4013383,7
TTTGTCAGTAATTGGA-1_GSM4013383,0
AGCTTGAAGAATCTCC-1_GSM4013383,0
CCATTCGAGTCTCGGC-1_GSM4013383,0
TCTATTGCAATAGCGG-1_GSM4013383,0
CGGAGCTGTGAGTGAC-1_GSM4013383,0
ACTGTCCCAGCTTCGG-1_GSM4013383,7
ACAGCCGTCCACTGGG-1_GSM4013383,10
CTCGTCACACGGCTAC-1_GSM4013383,7
GTAACTGTCCACGCAG-1_GSM4013383,5
CGATGTACAGGCGATA-1_GSM4013383,0
CCTTACGGTGTTAAGA-1_GSM4013383,7
AGGGAGTAGTATCGAA-1_GSM4013383,0
TAAGTGCTCGGTGTTA-1_GSM4013383,0
GGCCGATGTCTAGTCA-1_GSM4013383,4
TACTTACGTTTGACTG-1_GSM4013383,0
CGTAGCGAGGACAGAA-1_GSM4013383,5
TTGGCAATCTTCGAGA-1_GSM4013383,0
CCTTCCCAGGTGCACA-1_GSM4013383,7
CGGAGCTGTGTGGCTC-1_GSM4013383,5
ACGGGCTAGTCGTACT-1_GSM4013383,0
GGACGTCGTTAGAACA-1_GSM4013383,7
ACCAGTATCATTTGGG-1_GSM4013383,7
TGACGGCCAGTTTACG-1_GSM4013383,7
CGTCCATTCGCGATCG-1_GSM4013383,2
CCGTGGACAGACGCTC-1_GSM4013383,1
CTCTACGGTGGCCCTA-1_GSM4013383,0
TGCGGGTTCAAACCAC-1_GSM4013383,0
TGCCAAAAGGCTCAGA-1_GSM4013383,0
GGACATTCATCCGCGA-1_GSM4013383,0
CACACTCAGCAGATCG-1_GSM4013383,0
AAGCCGCCATGTTCCC-1_GSM4013383,6
GGGTTGCCACGGCTAC-1_GSM4013383,9
TGCCAAAAGGCCATAG-1_GSM4013383,0
CAGCAGCGTTCAGGCC-1_GSM4013383,13
TACGGATGTCCAGTGC-1_GSM4013383,3
CCATGTCGTATGAAAC-1_GSM4013383,7
TGATTTCTCAGTTAGC-1_GSM4013383,13
GGGTTGCGTGTGCCTG-1_GSM4013383,0
CAGCAGCAGGGAAACA-1_GSM4013383,8
TGGTTCCTCGCCTGAG-1_GSM4013383,9
AAGGTTCTCAGCGACC-1_GSM4013383,7
TGTATTCAGCTACCTA-1_GSM4013383,7
ATCTGCCCACGGTAAG-1_GSM4013383,4
CGAATGTAGCTGAAAT-1_GSM4013383,7
GCTGCGATCTTGAGGT-1_GSM4013383,7
GGCCGATGTCTTCTCG-1_GSM4013383,3
TCGTAGAAGGCACATG-1_GSM4013383,9
CGTCAGGAGGCTCTTA-1_GSM4013383,13
TTTACTGCAAAGCGGT-1_GSM4013383,5
TTATGCTTCATCGCTC-1_GSM4013383,14
ATCCGAACATTGGGCC-1_GSM4013383,5
GTGCATAGTTGGGACA-1_GSM4013383,8
CCCTCCTCACGTGAGA-1_GSM4013383,0
ACACCGGAGGACAGAA-1_GSM4013383,0
AGAGCTTCACAGATTC-1_GSM4013383,7
CGAACATCAAGCTGGA-1_GSM4013383,12
TCGAGGCGTAGGGACT-1_GSM4013383,7
TCCCGATGTCTGGTCG-1_GSM4013383,7
AGGGAGTGTGATGTCT-1_GSM4013383,7
ATTGGTGGTGTGTGCC-1_GSM4013383,9
GATCAGTAGGTGCAAC-1_GSM4013383,9
ACGATACGTCACTGGC-1_GSM4013383,3
GTCGGGTCAAAGGCGT-1_GSM4013383,13
AGGGAGTCATCAGTAC-1_GSM4013383,0
GGGATGAGTCCGAACC-1_GSM4013383,13
GTAACTGCATCCCACT-1_GSM4013383,7
GAGTCCGAGGCAAAGA-1_GSM4013383,0
GTGTGCGCAAGCCCAC-1_GSM4013383,7
AGTGAGGTCGAGAACG-1_GSM4013383,0
TACGGGCTCTGCCAGG-1_GSM4013383,14
CGGGTCACACTCAGGC-1_GSM4013383,7
AATCGGTGTAGGGACT-1_GSM4013383,0
GGCGTGTTCAGCTCTC-1_GSM4013383,7
TCTCATAAGTGTCCCG-1_GSM4013383,5
CGATCGGCATCCGGGT-1_GSM4013383,7
TACCTATCAGTGAGTG-1_GSM4013383,8
AGAGCTTGTAGCAAAT-1_GSM4013383,0
CGGGTCATCTCTGCTG-1_GSM4013383,13
TTGACTTTCCAAACTG-1_GSM4013383,8
CACAAACCAAGTAATG-1_GSM4013383,1
TCTGAGATCTCGTATT-1_GSM4013383,7
AATCGGTGTTAGAACA-1_GSM4013383,0
CCTAAAGTCCAGTATG-1_GSM4013383,8
AATCCAGGTCCGAGTC-1_GSM4013383,8
TGGTTCCCACTTAAGC-1_GSM4013383,9
AGTGAGGTCGTGGGAA-1_GSM4013383,0
GCCAAATAGGGTTCCC-1_GSM4013383,0
GGAATAAGTCACTTCC-1_GSM4013383,9
ATAGACCGTTCCACAA-1_GSM4013383,10
CAACTAGGTTCTGAAC-1_GSM4013383,0
TTCTACAAGACGCAAC-1_GSM4013383,0
CCTCTGACAAGTAATG-1_GSM4013383,14
AGCGTATAGGTCATCT-1_GSM4013383,0
AGAGCGAGTCAGAGGT-1_GSM4013383,0
CTCGTCATCAAACAAG-1_GSM4013383,0
ACTGTCCGTCATACTG-1_GSM4013383,8
GTGCAGCGTATCACCA-1_GSM4013383,8
CTTCTCTTCATCTGCC-1_GSM4013383,8
GACTACAGTCCGTGAC-1_GSM4013383,0
CCTAAAGTCTTAGAGC-1_GSM4013383,7
TCACGAAGTGTTGAGG-1_GSM4013383,1
CAGCCGATCGATCCCT-1_GSM4013383,6
AACTCTTAGGATCGCA-1_GSM4013383,12
AGGGAGTCAAGGACTG-1_GSM4013383,4
GGGATGAAGTATTGGA-1_GSM4013383,9
CCTCAGTTCGCCGTGA-1_GSM4013383,7
CGTAGGCAGCTAGCCC-1_GSM4013383,1
TCAGATGCACCGGAAA-1_GSM4013383,7
GACCAATGTCGCTTTC-1_GSM4013383,6
CTCTGGTGTGGTAACG-1_GSM4013383,5
CGATGGCCATACCATG-1_GSM4013383,7
CGAACATGTTCGTGAT-1_GSM4013383,7
TTCTACACAAGCGCTC-1_GSM4013383,4
GGTGCGTCAGCGTCCA-1_GSM4013383,6
ACGCCAGGTCCGTCAG-1_GSM4013383,9
ACGATGTCAGTTCATG-1_GSM4013383,0
CAACTAGTCAAGGCTT-1_GSM4013383,5
CGAATGTTCTCTTATG-1_GSM4013383,0
GTCGTAATCAGGCAAG-1_GSM4013383,13
GATCGCGCAAGGCTCC-1_GSM4013383,13
CCGTTCATCGCCAGCA-1_GSM4013383,8
CGACCTTGTAAGTGGC-1_GSM4013383,9
GAGGTGAGTCATCGGC-1_GSM4013383,7
CCTCAGTGTTATCGGT-1_GSM4013383,0
TATCTCAGTTACCAGT-1_GSM4013383,5
GTCTTCGAGAAGAAGC-1_GSM4013383,3
AAAGTAGGTAGCTCCG-1_GSM4013383,7
GCCAAATAGACTGTAA-1_GSM4013383,7
ACACCGGAGGATGGTC-1_GSM4013383,10
AACCATGTCCCGACTT-1_GSM4013383,0
CCGTACTCAAACCTAC-1_GSM4013383,5
TTAACTCAGTAGCCGA-1_GSM4013383,12
TTGCGTCGTGGTGTAG-1_GSM4013383,5
CGTTGGGCAGCGTAAG-1_GSM4013383,7
TGCGCAGGTTCAGCGC-1_GSM4013383,9
AAGTCTGGTGATGTCT-1_GSM4013383,1
CTGAAGTCACCGATAT-1_GSM4013383,13
TAGCCGGAGCTATGCT-1_GSM4013383,8
GCCTCTAAGGGTGTGT-1_GSM4013383,0
TGATTTCCAGCCAATT-1_GSM4013383,0
GGTATTGGTGCACGAA-1_GSM4013383,10
AACTTTCGTTATCGGT-1_GSM4013383,0
GATCAGTCAGGCTGAA-1_GSM4013383,0
TAGTTGGAGTGTTAGA-1_GSM4013383,9
TAAGCGTGTAAGGGAA-1_GSM4013383,4
AGACGTTCAGTGGGAT-1_GSM4013383,13
TGACTTTAGACATAAC-1_GSM4013383,0
GAAACTCTCCTGTAGA-1_GSM4013383,5
CAAGATCTCACGAAGG-1_GSM4013383,0
ACCCACTCACCAGGTC-1_GSM4013383,15
GGACGTCTCCACGCAG-1_GSM4013383,7
CAGTAACAGCGGATCA-1_GSM4013383,9
GTCGTAAAGAGACTTA-1_GSM4013383,9
TCTTTCCAGCGATCCC-1_GSM4013383,9
TGTGTTTGTTCGTGAT-1_GSM4013383,8
TTCTTAGAGTCGTACT-1_GSM4013383,9
GACGTGCGTTCGCGAC-1_GSM4013383,8
AACTCAGAGCCTCGTG-1_GSM4013383,0
CGACCTTCAGCTATTG-1_GSM4013383,14
AGACGTTTCTCTAAGG-1_GSM4013383,7
GTCACAATCTTGCATT-1_GSM4013383,8
CTCGTCATCCCTCTTT-1_GSM4013383,1
CTTAGGATCATCTGTT-1_GSM4013383,7
GTTTCTAAGCTGCCCA-1_GSM4013383,6
CAGTCCTCATCGGACC-1_GSM4013383,5
TCCACACAGTTCGCAT-1_GSM4013383,7
GTACTTTCAAACCTAC-1_GSM4013383,4
ACGCCGAAGCCCAATT-1_GSM4013383,8
ACTGAACCAGTTTACG-1_GSM4013383,10
TACGGGCCATCGGACC-1_GSM4013383,9
AGGCCACTCATTTGGG-1_GSM4013383,9
GGGAGATGTAAAGGAG-1_GSM4013383,8
GGGCATCCACGCGAAA-1_GSM4013383,0
CTTTGCGCATTCTCAT-1_GSM4013383,7
TACTCATCATCCCATC-1_GSM4013383,4
TGCCAAAAGCGATCCC-1_GSM4013383,7
TCGGGACGTTACCAGT-1_GSM4013383,6
TCCCGATTCGGAGGTA-1_GSM4013383,7
GGGCATCAGGACCACA-1_GSM4013383,3
GGCTCGACACACAGAG-1_GSM4013383,5
TGAAAGAAGAGGTAGA-1_GSM4013383,1
TACTTACTCCTGCCAT-1_GSM4013383,5
CCTTCGAAGACTGGGT-1_GSM4013383,13
GCGCCAACACTCAGGC-1_GSM4013383,8
GTGCATATCCGCGCAA-1_GSM4013383,8
GCACTCTTCCCATTAT-1_GSM4013383,7
TCAGGATGTTTACTCT-1_GSM4013383,13
CAACTAGTCGTCACGG-1_GSM4013383,4
GGAAAGCAGAAACCAT-1_GSM4013383,5
TACGGGCTCTTCATGT-1_GSM4013383,13
TGATTTCTCAGTTGAC-1_GSM4013383,7
CAACTAGTCTACGAGT-1_GSM4013383,4
TACCTTATCCCGACTT-1_GSM4013383,3
TTCTCCTCACAACGTT-1_GSM4013383,9
CATGCCTTCCTTGCCA-1_GSM4013383,0
CGTGAGCTCACTCTTA-1_GSM4013383,3
GTTAAGCTCGACCAGC-1_GSM4013383,0
TAGTGGTTCGGTGTTA-1_GSM4013383,7
CGTCCATGTCTTGATG-1_GSM4013383,6
TCTGGAACATCATCCC-1_GSM4013383,13
GGGTCTGTCACAATGC-1_GSM4013383,5
GCGGGTTCAGTAAGAT-1_GSM4013383,7
CTAGAGTGTAAGTGGC-1_GSM4013383,1
TCACGAATCCTGTAGA-1_GSM4013383,0
GGACGTCAGCCAGAAC-1_GSM4013383,12
GTCTCGTCAGCTTAAC-1_GSM4013383,9
GTTAAGCCACCAGCAC-1_GSM4013383,7
GCCAAATCAAGTCTAC-1_GSM4013383,8
AGAGCTTGTACAGTGG-1_GSM4013383,5
AGTCTTTCAGCCAATT-1_GSM4013383,13
TTCTCAATCCAAAGTC-1_GSM4013383,6
AGTCTTTGTGATGCCC-1_GSM4013383,7
AAAGCAAAGAGCAATT-1_GSM4013383,9
CGTCACTTCGCGTTTC-1_GSM4013383,8
AGGTCATCACAGAGGT-1_GSM4013383,9
GCTTCCAAGATGTTAG-1_GSM4013383,0
CACAGTAAGATTACCC-1_GSM4013383,5
AGGGATGTCTCAAGTG-1_GSM4013383,8
TCGGGACAGAGTACAT-1_GSM4013383,7
TTAGGACCATCGTCGG-1_GSM4013383,1
CACATAGTCAGCACAT-1_GSM4013383,7
ACTGAACTCCAGTAGT-1_GSM4013383,7
CACACTCTCACGACTA-1_GSM4013383,8
AATCCAGGTAAGTAGT-1_GSM4013383,6
TTTCCTCCAGTCAGCC-1_GSM4013383,0
CGATGTACACATTAGC-1_GSM4013383,7
CGGACGTAGACAAGCC-1_GSM4013383,14
CACAGGCGTTCTGTTT-1_GSM4013383,7
CTTAACTAGCGTCAAG-1_GSM4013383,8
TCATTACCACTCTGTC-1_GSM4013383,8
CTTAACTTCTTGCAAG-1_GSM4013383,1
TACGGGCCATTACGAC-1_GSM4013383,13
CGCCAAGGTTACTGAC-1_GSM4013383,10
GACGTGCTCTTCGGTC-1_GSM4013383,7
AGTGAGGGTAGCTCCG-1_GSM4013383,9
GAATGAAGTCACTTCC-1_GSM4013383,9
GCATGATGTTCGTTGA-1_GSM4013383,13
GACCAATTCAAGGTAA-1_GSM4013383,0
CTGATCCAGCGATTCT-1_GSM4013383,7
TGCGCAGAGGAGTTTA-1_GSM4013383,8
CGATCGGGTGAGGCTA-1_GSM4013383,6
GTTACAGTCTCTGCTG-1_GSM4013383,5
ACTGAACTCAGCTGGC-1_GSM4013383,0
CCTTCGACAGGACCCT-1_GSM4013383,7
CTCTACGAGCCCGAAA-1_GSM4013383,7
ACCCACTGTGCCTGCA-1_GSM4013383,10
CAGAATCAGATGGGTC-1_GSM4013383,13
TCTCATACACGAGGTA-1_GSM4013383,7
CGTGAGCAGATAGTCA-1_GSM4013383,5
ACTTTCAAGGTTCCTA-1_GSM4013383,0
ATTATCCCAAGCCTAT-1_GSM4013383,12
TTCGAAGGTACTTCTT-1_GSM4013383,7
TTATGCTCAACCGCCA-1_GSM4013383,5
CAACCTCAGCGATGAC-1_GSM4013383,8
TCCCGATAGACAAGCC-1_GSM4013383,0
CATCAAGAGCTGCGAA-1_GSM4013383,3
CTACACCGTAGCAAAT-1_GSM4013383,8
GCATGTACAAATTGCC-1_GSM4013383,1
TTCGAAGTCAAAGTAG-1_GSM4013383,9
CCAATCCTCCAGTAGT-1_GSM4013383,1
GGCCGATGTTCTCATT-1_GSM4013383,5
GTTTCTACATCCCACT-1_GSM4013383,7
CGCCAAGAGACCCACC-1_GSM4013383,6
CTCAGAAAGAAACGCC-1_GSM4013383,8
TATGCCCGTGTTTGTG-1_GSM4013383,4
CGTTCTGAGATCTGAA-1_GSM4013383,9
ATGAGGGAGCCAGTTT-1_GSM4013383,0
CAGATCACATTCCTGC-1_GSM4013383,3
ACTGTCCGTGGTTTCA-1_GSM4013383,0
GACTAACAGTTCCACA-1_GSM4013383,1
GCGACCAAGATGTGGC-1_GSM4013383,7
CAGCTGGCACGAAGCA-1_GSM4013383,7
CGATTGACATAAAGGT-1_GSM4013383,1
CAGATCACAGCGTTCG-1_GSM4013383,4
CTTCTCTAGTGCTGCC-1_GSM4013383,6
CAAGAAAGTCCAACTA-1_GSM4013383,9
CATCCACCATCTCGCT-1_GSM4013383,9
GGGATGAGTTAAGACA-1_GSM4013383,13
GCCTCTAGTCTCTCTG-1_GSM4013383,0
TGTCCCATCGTACGGC-1_GSM4013383,5
GGATGTTAGCTCCTCT-1_GSM4013383,7
ACGAGGATCTGCGACG-1_GSM4013383,0
TCAGCTCCAAAGTCAA-1_GSM4013383,4
ATTCTACGTTGGAGGT-1_GSM4013383,4
GCCAAATTCTACCAGA-1_GSM4013383,5
TCTTTCCCAAGCGATG-1_GSM4013383,0
AGCGTATGTGGCGAAT-1_GSM4013383,7
GAATGAAAGTGTGAAT-1_GSM4013383,4
GCAGTTATCTACCTGC-1_GSM4013383,13
TGCACCTAGATATACG-1_GSM4013383,13
TACGGGCGTACTCGCG-1_GSM4013383,8
CCGGGATAGATGCCAG-1_GSM4013383,7
AAAGCAATCAAGCCTA-1_GSM4013383,7
CTAGCCTGTCATACTG-1_GSM4013383,7
CGTTAGATCCAGAGGA-1_GSM4013383,6
GTGGGTCTCGTATCAG-1_GSM4013383,5
CTGTGCTAGTAGGCCA-1_GSM4013383,3
CCGTTCATCACGCATA-1_GSM4013383,3
CCTACACGTCTCTCGT-1_GSM4013383,13
TTCCCAGCATACCATG-1_GSM4013383,14
TCGCGAGTCGCCATAA-1_GSM4013383,12
GATGCTACAGTCAGCC-1_GSM4013383,9
TCCCGATGTCGCATAT-1_GSM4013383,5
ATAACGCCAGATGAGC-1_GSM4013383,13
CCTACCACACCTATCC-1_GSM4013383,4
ACACCGGGTCTCCCTA-1_GSM4013383,0
GGCCGATCAGCATGAG-1_GSM4013383,7
TGGTTAGGTATCTGCA-1_GSM4013383,13
CACATAGCACGGACAA-1_GSM4013383,0
ACACCGGAGCTAACAA-1_GSM4013383,4
CACAAACAGGAGCGAG-1_GSM4013383,0
TAGTGGTAGCACAGGT-1_GSM4013383,9
CGAGCACTCTTAACCT-1_GSM4013383,0
CATCAGAAGTGGCACA-1_GSM4013383,8
TCGGTAACAATAACGA-1_GSM4013383,8
TGGACGCAGCTAGGCA-1_GSM4013383,9
CCATGTCCATCGGTTA-1_GSM4013383,5
TCTCATAGTTCAGCGC-1_GSM4013383,13
TTCGAAGTCTAAGCCA-1_GSM4013383,1
GGACAAGTCAAGAAGT-1_GSM4013383,8
CAGCCGACAGTACACT-1_GSM4013383,9
TTTGCGCGTACGAAAT-1_GSM4013383,9
CGTCCATCACTTAAGC-1_GSM4013383,8
GACTAACAGTATGACA-1_GSM4013383,7
AGAGCGAGTTAAAGAC-1_GSM4013383,1
ATCGAGTAGAGGTACC-1_GSM4013383,7
TACTTGTGTCCGAATT-1_GSM4013383,8
GTGAAGGGTCTAAACC-1_GSM4013383,8
CGGCTAGAGGATGTAT-1_GSM4013383,0
CACCACTTCGTTTAGG-1_GSM4013383,6
TCACAAGGTTGTCGCG-1_GSM4013383,0
TACGGGCGTTCTGGTA-1_GSM4013383,8
CGTGAGCCATAAGACA-1_GSM4013383,7
CTACGTCTCGTACCGG-1_GSM4013383,8
AAATGCCGTCGAAAGC-1_GSM4013383,7
TCACAAGTCTAGCACA-1_GSM4013383,1
CGTCAGGTCTTGTCAT-1_GSM4013383,7
GCGACCATCCCTAATT-1_GSM4013383,8
AAGGCAGTCGCTAGCG-1_GSM4013383,8
TGTGGTAAGAAACCGC-1_GSM4013383,16
ACTATCTCAGCCAGAA-1_GSM4013383,7
CCCTCCTCATCGATGT-1_GSM4013383,0
CCATGTCTCTCTTGAT-1_GSM4013383,9
TCTCTAACATGCCTTC-1_GSM4013383,8
TACGGTACAATCGAAA-1_GSM4013383,7
GTGCGGTTCTAACGGT-1_GSM4013383,0
TGACAACGTACCTACA-1_GSM4013383,13
ACACTGAAGTGTGAAT-1_GSM4013383,7
CGTCTACGTGCAGACA-1_GSM4013383,9
AAAGCAAGTCAAAGAT-1_GSM4013383,8
CGCGGTATCTGCGTAA-1_GSM4013383,9
TTAGGACAGGGATACC-1_GSM4013383,13
CAGCATAGTGCTGTAT-1_GSM4013383,1
CTAGCCTCAAGTAGTA-1_GSM4013383,7
CCCAGTTGTGACGGTA-1_GSM4013383,4
CATCAGACACGCTTTC-1_GSM4013383,8
TCCACACTCACCGGGT-1_GSM4013383,8
CTCTACGCACTGAAGG-1_GSM4013383,9
CCGTACTGTGGTTTCA-1_GSM4013383,4
ACAGCTAGTACACCGC-1_GSM4013383,8
CTCATTACACAAGTAA-1_GSM4013383,0
CAGATCAAGAAACCGC-1_GSM4013383,8
AAACGGGTCATACGGT-1_GSM4013383,7
CCACTACCACGAAAGC-1_GSM4013383,7
GCGCGATCACCCATTC-1_GSM4013383,9
AGCTCCTTCAATCTCT-1_GSM4013383,8
GCATGTAGTCCAAGTT-1_GSM4013383,1
TGAGGGATCTCGTTTA-1_GSM4013383,7
CTACGTCCACGTCTCT-1_GSM4013383,9
GTATCTTTCTGCCCTA-1_GSM4013383,0
TTTGGTTTCGGGAGTA-1_GSM4013383,8
TGCGTGGCACCAGTTA-1_GSM4013383,8
GCGCAACAGGCTCATT-1_GSM4013383,0
GAACCTATCTGCAAGT-1_GSM4013383,8
TTGCCGTAGGCACATG-1_GSM4013383,13
GTTTCTAGTAAAGTCA-1_GSM4013383,10
CTAGCCTAGGAGCGAG-1_GSM4013383,4
AGGGAGTCACATTAGC-1_GSM4013383,0
CAACCAATCAGCTTAG-1_GSM4013383,3
GCGCGATCAATCCGAT-1_GSM4013383,14
AGGTCATTCTGCAGTA-1_GSM4013383,0
GACTGCGGTCAGAGGT-1_GSM4013383,8
CGGTTAAGTTCGGGCT-1_GSM4013383,6
ACTGTCCAGCGCCTCA-1_GSM4013383,7
CAGGTGCTCGCTTGTC-1_GSM4013383,13
CGCGTTTGTGGCCCTA-1_GSM4013383,13
ATAAGAGGTCTCTCTG-1_GSM4013383,8
TGCGCAGTCAGCTCGG-1_GSM4013383,8
TTGCCGTAGGTAAACT-1_GSM4013383,7
CGCGTTTAGCTGCGAA-1_GSM4013383,9
ACACCGGAGGGATCTG-1_GSM4013383,3
CATATTCCACTAAGTC-1_GSM4013383,12
ATGTGTGCAACACGCC-1_GSM4013383,7
ACGAGGACAGTCGTGC-1_GSM4013383,7
CTACCCAGTCCTGCTT-1_GSM4013383,0
CCCATACTCAAGGCTT-1_GSM4013383,7
TGTATTCCAGGGATTG-1_GSM4013383,4
CTAGAGTTCAGCGACC-1_GSM4013383,4
CTTCTCTTCCGAAGAG-1_GSM4013383,5
TAAGTGCTCAGTTGAC-1_GSM4013383,6
TCTTCGGAGATGAGAG-1_GSM4013383,5
ACATGGTTCTCTTGAT-1_GSM4013383,8
AGAGCTTAGAAGGCCT-1_GSM4013383,1
TGAGCCGAGCAGCGTA-1_GSM4013383,7
CGAACATTCCAAGTAC-1_GSM4013383,13
TGACAACGTGCGGTAA-1_GSM4013383,0
TTGAACGCATAACCTG-1_GSM4013383,9
CGTCCATCAGCGTCCA-1_GSM4013383,7
CTTACCGCATCGATTG-1_GSM4013383,13
CCTAGCTTCACATAGC-1_GSM4013383,8
TGCTGCTCAGATGGGT-1_GSM4013383,10
ATTATCCCAGGTCTCG-1_GSM4013383,8
AAACCTGCAACGCACC-1_GSM4013383,3
GACGCGTAGCCAGGAT-1_GSM4013383,7
TTATGCTAGATCTGAA-1_GSM4013383,6
CAGTAACGTGCAACTT-1_GSM4013383,5
CCGTGGAGTCGCGTGT-1_GSM4013383,14
GTGTTAGGTCTGCCAG-1_GSM4013383,8
AGCGTATCAGGATTGG-1_GSM4013383,14
TAAACCGTCCAGAGGA-1_GSM4013383,8
GCGACCAAGGTGGGTT-1_GSM4013383,10
TTAGGCAGTCGTGGCT-1_GSM4013383,14
GAATGAATCCTTGCCA-1_GSM4013383,7
CACACTCGTCCTCCAT-1_GSM4013383,8
CATTATCAGGCATTGG-1_GSM4013383,1
CATCGAAGTAAGGATT-1_GSM4013383,9
CCTCAGTAGGAGTAGA-1_GSM4013383,4
GGAACTTCAGCCTTGG-1_GSM4013383,0
AGGGATGAGGTTCCTA-1_GSM4013383,8
CAGGTGCAGCAACGGT-1_GSM4013383,13
CGATGTAGTGTTGAGG-1_GSM4013383,8
CACCTTGCAGTAGAGC-1_GSM4013383,7
CCTTCCCCACTAAGTC-1_GSM4013383,8
AACCATGAGCTACCTA-1_GSM4013383,10
TTTACTGTCGGCATCG-1_GSM4013383,7
TTAACTCAGAGCTTCT-1_GSM4013383,0
GGCTCGAAGACACGAC-1_GSM4013383,13
CCGTGGAAGCACAGGT-1_GSM4013383,13
GCTTGAAGTCTCCATC-1_GSM4013383,14
CCTTTCTTCACCACCT-1_GSM4013383,8
TAGTGGTTCATAACCG-1_GSM4013383,13
GCATGATTCCGCATCT-1_GSM4013383,5
ACATGGTCATGTTCCC-1_GSM4013383,9
GTGCGGTGTCACTGGC-1_GSM4013383,8
TTTCCTCCAAAGCGGT-1_GSM4013383,8
GGGACCTAGTAATCCC-1_GSM4013383,7
AGCGTCGCAGGCGATA-1_GSM4013383,10
AACTCAGGTTCATGGT-1_GSM4013383,5
CACATAGCATACTCTT-1_GSM4013383,9
ACCTTTAAGTATCTCG-1_GSM4013383,4
TCTGAGAGTGTTAAGA-1_GSM4013383,13
TCACGAAAGTGCAAGC-1_GSM4013383,9
ACGCCAGGTGATGCCC-1_GSM4013383,9
AACACGTAGACACGAC-1_GSM4013383,9
GCTGGGTAGTATCGAA-1_GSM4013383,8
TGCGTGGGTAAATGAC-1_GSM4013383,8
GACTAACTCCTCCTAG-1_GSM4013383,4
CTTACCGCATTTCACT-1_GSM4013383,8
CCTATTAAGTACGCGA-1_GSM4013383,16
GATGAAATCAAACCAC-1_GSM4013383,5
CGGAGTCAGATCGATA-1_GSM4013383,4
CTGATCCAGCAATATG-1_GSM4013383,13
GGACAAGCAATCTACG-1_GSM4013383,13
CAGCGACAGTTCGCAT-1_GSM4013383,9
TGGTTCCTCTGTCAAG-1_GSM4013383,4
GATGAAAAGTGCAAGC-1_GSM4013383,9
TCAGGATAGGCTCATT-1_GSM4013383,15
GACGCGTAGACAGACC-1_GSM4013383,7
TTATGCTAGACAAAGG-1_GSM4013383,6
ACGATACAGAGGGCTT-1_GSM4013383,16
TTGAACGAGCAGCGTA-1_GSM4013383,14
GACTACATCTGTACGA-1_GSM4013383,8
TGGCTGGTCCGGCACA-1_GSM4013383,9
AAGGCAGGTCTAGTGT-1_GSM4013383,13
GCGCAACGTCACCCAG-1_GSM4013383,9
AGTCTTTAGTTAGGTA-1_GSM4013383,8
CACACAAGTCCGTGAC-1_GSM4013383,9
CAAGTTGTCTTAGAGC-1_GSM4013383,0
GGCTGGTAGATGAGAG-1_GSM4013383,8
GATCGCGGTAAACGCG-1_GSM4013383,14
ACTGAACGTACGCTGC-1_GSM4013383,1
CATCAAGCATTGCGGC-1_GSM4013383,8
TGCCCTACATCGACGC-1_GSM4013383,3
CCCAATCCAATCAGAA-1_GSM4013383,5
ACGCCGATCCTACAGA-1_GSM4013383,6
TCAATCTGTCCAGTAT-1_GSM4013383,13
CGATTGATCCTTCAAT-1_GSM4013383,7
TCATTACTCTTGTCAT-1_GSM4013383,8
CTCGTCAAGCTAGTCT-1_GSM4013383,0
CATGCCTCATGCGCAC-1_GSM4013383,9
ATTACTCGTTGGTAAA-1_GSM4013383,12
GACTAACGTAGCTCCG-1_GSM4013383,8
ACGCCGAAGTGAATTG-1_GSM4013383,7
ACGGGCTCACCAGGCT-1_GSM4013383,7
ATCATGGCATCCCATC-1_GSM4013383,0
TTAACTCAGTACGTAA-1_GSM4013383,4
TGCCCATGTGTTGAGG-1_GSM4013383,9
CTTGGCTTCAATACCG-1_GSM4013383,8
GTGCATAAGGCGCTCT-1_GSM4013383,18
GCGCCAACACCAGTTA-1_GSM4013383,5
CTAAGACCAGTTAACC-1_GSM4013383,14
TGACAACTCTATCCCG-1_GSM4013383,8
CTCACACCAAGAGTCG-1_GSM4013383,6
GAAATGATCCGCATCT-1_GSM4013383,4
GCGCCAAAGATGCCAG-1_GSM4013383,7
GCGCGATCATGACGGA-1_GSM4013383,8
CGGGTCATCTTCAACT-1_GSM4013383,8
AGGGATGCAATGACCT-1_GSM4013383,1
GATGAAACACTTGGAT-1_GSM4013383,1
ACTGAGTCAGTCGTGC-1_GSM4013383,8
CGCTGGACATTTGCTT-1_GSM4013383,9
AGACGTTCAAGTCTGT-1_GSM4013383,4
GGCTCGACACAACGTT-1_GSM4013383,8
CATCCACTCCTAGGGC-1_GSM4013383,8
CCTATTATCAAACAAG-1_GSM4013383,15
GATCAGTGTTGTACAC-1_GSM4013383,8
CCTTCCCTCATTTGGG-1_GSM4013383,4
CACATTTGTCCAGTGC-1_GSM4013383,13
GGAACTTAGTGCCATT-1_GSM4013383,7
ACTGAGTGTCGCTTTC-1_GSM4013383,9
ACAGCCGGTTCCAACA-1_GSM4013383,8
CCGTACTCATGGAATA-1_GSM4013383,16
GAATGAAAGATCGGGT-1_GSM4013383,14
CAGCAGCCACGAAAGC-1_GSM4013383,9
GCAGTTACACAGCCCA-1_GSM4013383,4
AGAGCTTCAGGTGGAT-1_GSM4013383,0
CTACATTTCAGGATCT-1_GSM4013383,13
CTCAGAAAGATGTAAC-1_GSM4013383,9
TTGAACGCAATTGCTG-1_GSM4013383,13
GTGCGGTAGCCAGGAT-1_GSM4013383,0
TGCCCATCAAAGGAAG-1_GSM4013383,8
ACTGAGTTCGGTCTAA-1_GSM4013383,9
CTACCCAAGTGCGATG-1_GSM4013383,13
CGAGCCAAGACGCTTT-1_GSM4013383,6
AGAATAGCATGCTGGC-1_GSM4013383,10
TTTGTCATCATGCTCC-1_GSM4013383,15
CTCCTAGTCAATCTCT-1_GSM4013383,4
ACAGCCGGTTGCTCCT-1_GSM4013383,6
ACTGATGTCATGCAAC-1_GSM4013383,8
TCCCGATCAGGATCGA-1_GSM4013383,14
TGGGAAGTCGTGGACC-1_GSM4013383,13
AGCATACGTGACTCAT-1_GSM4013383,5
CTACCCAGTAAGAGAG-1_GSM4013383,8
ATTGGTGGTCGCGAAA-1_GSM4013383,13
GGAATAAGTTGTGGCC-1_GSM4013383,16
CGGAGCTTCGCAAACT-1_GSM4013383,10
GAAACTCCATGCAATC-1_GSM4013383,7
CTTAGGAGTTACCGAT-1_GSM4013383,16
GAAGCAGTCTTGTTTG-1_GSM4013383,7
AAAGTAGGTTCTCATT-1_GSM4013383,13
GGAACTTGTCGGGTCT-1_GSM4013383,9
ATCCACCCATCGGACC-1_GSM4013383,15
GACTAACAGTGACATA-1_GSM4013383,5
CGGACACTCGGCCGAT-1_GSM4013383,14
ATCCACCAGGTGCTTT-1_GSM4013383,7
TACTTACGTAGCGCAA-1_GSM4013383,7
CCTCTGAGTCGCTTTC-1_GSM4013383,10
CGTCTACTCATGTAGC-1_GSM4013383,0
GATCTAGCAGGTCTCG-1_GSM4013383,8
CAAGTTGTCCGAGCCA-1_GSM4013383,13
CTCATTAAGAATGTGT-1_GSM4013383,8
ATTTCTGGTGAAGGCT-1_GSM4013383,8
CCGGTAGGTCAGGACA-1_GSM4013383,6
CCACTACTCAGGCGAA-1_GSM4013383,14
TCTGAGACAAGTAGTA-1_GSM4013383,7
CAGCTGGTCTGCCAGG-1_GSM4013383,8
GTCGTAATCCCGACTT-1_GSM4013383,14
CCTAAAGAGTGTGAAT-1_GSM4013383,4
AGAGCGAGTATATCCG-1_GSM4013383,8
TACGGGCCATATACGC-1_GSM4013383,14
CACACAACAGACAGGT-1_GSM4013383,8
TTTGTCACAGACTCGC-1_GSM4013383,13
CTCGAGGCACCATCCT-1_GSM4013383,5
ATAACGCCAGTCCTTC-1_GSM4013383,4
CGTCTACGTCGGGTCT-1_GSM4013383,13
ACTATCTAGAATGTTG-1_GSM4013383,3
TCAACGAAGAATCTCC-1_GSM4013383,5
GGCTGGTCATCGGAAG-1_GSM4013383,8
GTGTTAGCAAGCGCTC-1_GSM4013383,1
CCCATACTCGGGAGTA-1_GSM4013383,3
CTCGAAAGTCAGAAGC-1_GSM4013383,0
GAACGGATCAAACAAG-1_GSM4013383,16
GGTATTGAGATGCGAC-1_GSM4013383,5
GTATTCTAGCACCGCT-1_GSM4013383,10
ACGTCAAAGGTACTCT-1_GSM4013383,16
CTACCCACATTTGCTT-1_GSM4013383,8
CGGACACCACAGACAG-1_GSM4013383,0
AGCCTAACACGTCTCT-1_GSM4013383,13
GCTCCTATCCAGGGCT-1_GSM4013383,10
CGCGTTTTCTCAAGTG-1_GSM4013383,0
AGGCCACTCGCCTGAG-1_GSM4013383,18
TGGCTGGCAGGTTTCA-1_GSM4013383,0
CAAGATCAGCTACCGC-1_GSM4013383,0
CAGAGAGTCCAAACAC-1_GSM4013383,4
GTTACAGTCCAAACAC-1_GSM4013383,13
CTACCCAGTAGCGCAA-1_GSM4013383,9
TTTCCTCTCTGAGTGT-1_GSM4013383,0
AGACGTTTCCCAAGTA-1_GSM4013383,10
TACACGATCGACAGCC-1_GSM4013383,8
GTCACGGCAAACAACA-1_GSM4013383,14
GAAATGATCTGTGCAA-1_GSM4013383,8
GGCTCGATCAGAGCTT-1_GSM4013383,7
TGATTTCTCAAGAAGT-1_GSM4013383,5
GACGTGCTCCACGTGG-1_GSM4013383,8
GTATTCTCATGTAGTC-1_GSM4013383,18
GGACAAGAGACTGTAA-1_GSM4013383,7
CCTAGCTGTTACGGAG-1_GSM4013383,4
AAATGCCCAAGGTTTC-1_GSM4013383,8
ATTGGTGGTGTCTGAT-1_GSM4013383,7
CTCCTAGAGCTAGTCT-1_GSM4013383,14
AAGTCTGTCCTTCAAT-1_GSM4013383,1
AACACGTTCAACTCTT-1_GSM4013383,18
CGACCTTCAGTAAGAT-1_GSM4013383,16
GGAACTTAGGATGCGT-1_GSM4013383,1
CGCCAAGAGTTAGCGG-1_GSM4013383,9
GAATAAGGTCTCTCTG-1_GSM4013383,5
AATCGGTAGCTCCCAG-1_GSM4013383,8
CTAGTGACACTGTGTA-1_GSM4013383,9
GCAATCAGTTCACGGC-1_GSM4013383,4
CCTATTAAGTCAAGCG-1_GSM4013383,14
GCTCCTAGTTCTGAAC-1_GSM4013383,7
TGTATTCTCATGCTCC-1_GSM4013383,8
TGGCGCAAGGTTCCTA-1_GSM4013383,4
GTCGGGTGTATCACCA-1_GSM4013383,8
GGCAATTAGAAGGACA-1_GSM4013383,10
CTCGGAGTCTTGCCGT-1_GSM4013383,12
TTATGCTAGCCAGTAG-1_GSM4013383,8
CGCGGTAGTTCGCGAC-1_GSM4013383,4
GACTAACAGTACACCT-1_GSM4013383,13
CGATCGGAGAAGGCCT-1_GSM4013383,14
CTTGGCTGTAGCGTCC-1_GSM4013383,16
CTACATTGTTACCGAT-1_GSM4013383,7
TACGGATAGCGGATCA-1_GSM4013383,8
GTCGGGTAGTCGATAA-1_GSM4013383,12
TTTGTCACAATCAGAA-1_GSM4013383,18
GTACTCCCAGTCAGCC-1_GSM4013383,9
ACACCCTGTCGCATAT-1_GSM4013383,9
CTGTTTATCCCTGACT-1_GSM4013383,5
AGTTGGTAGTATGACA-1_GSM4013383,18
ACACCAATCACATGCA-1_GSM4013383,7
ACACCCTAGAAGGACA-1_GSM4013383,9
GATTCAGAGCCCGAAA-1_GSM4013383,4
AAGGTTCAGTGGGCTA-1_GSM4013383,8
ACTATCTTCGCCGTGA-1_GSM4013383,14
AGTTGGTTCGTCTGAA-1_GSM4013383,5
CCTACCACAGTTCATG-1_GSM4013383,9
CGCTTCAGTATCTGCA-1_GSM4013383,12
GGGTCTGGTTGTGGCC-1_GSM4013383,9
TCCACACTCTACTTAC-1_GSM4013383,1
CCTTACGCAGTACACT-1_GSM4013383,16
TAAACCGCATTTCAGG-1_GSM4013383,14
AGGCCACTCAGCTCTC-1_GSM4013383,8
AACCGCGAGGGCACTA-1_GSM4013383,9
ACTGATGTCATTGCGA-1_GSM4013383,8
TGGCGCAGTCAATGTC-1_GSM4013383,7
ACGCCGAGTCATCCCT-1_GSM4013383,5
GTTCGGGGTCTAGGTT-1_GSM4013383,8
CTCGGAGGTATTAGCC-1_GSM4013383,9
TCTCATAGTGGCTCCA-1_GSM4013383,1
AGTCTTTTCCACGTGG-1_GSM4013383,6
TCAGATGCATCCGCGA-1_GSM4013383,9
TTTGCGCAGAACTGTA-1_GSM4013383,4
GTCAAGTGTCTCATCC-1_GSM4013383,7
CGATGTATCTACCAGA-1_GSM4013383,14
TGGCGCACAACGCACC-1_GSM4013383,10
ATCCACCGTCATATCG-1_GSM4013383,7
CAAGTTGTCACCCGAG-1_GSM4013383,9
GGTGTTAGTAGCGTAG-1_GSM4013383,13
ATGCGATAGACGCTTT-1_GSM4013383,0
CCATGTCTCACGCGGT-1_GSM4013383,16
CAGCTGGTCTGATTCT-1_GSM4013383,9
ACGGGCTGTGGCAAAC-1_GSM4013383,7
CGACTTCAGTATCGAA-1_GSM4013383,4
TCATTACGTCAGAAGC-1_GSM4013383,7
TGCTACCTCTAACGGT-1_GSM4013383,12
TAAGAGATCATGTGGT-1_GSM4013383,1
CTCTACGAGGCTCAGA-1_GSM4013383,14
GCCAAATGTCTGGTCG-1_GSM4013383,9
CGTAGCGCACATGTGT-1_GSM4013383,4
CGATTGAGTCCGTCAG-1_GSM4013383,6
GATGAAAAGACATAAC-1_GSM4013383,3
ACGCCGACAGCTGTAT-1_GSM4013383,12
AGATCTGGTGAGGGAG-1_GSM4013383,8
CTGTTTATCGCAAGCC-1_GSM4013383,13
TGACGGCTCACCACCT-1_GSM4013383,4
CGGACTGAGAAGCCCA-1_GSM4013383,16
GCGCAACTCTAACTGG-1_GSM4013383,8
GGGTCTGAGTGGAGTC-1_GSM4013383,1
TGGCTGGCAGTTTACG-1_GSM4013383,4
GGGACCTCACCGTTGG-1_GSM4013383,1
CCACGGATCGACGGAA-1_GSM4013383,8
CTACATTAGTTGTAGA-1_GSM4013383,5
GAGGTGAAGAAACCGC-1_GSM4013383,7
AGGTCCGTCCAGAGGA-1_GSM4013383,7
CTGATAGCACCAGGTC-1_GSM4013383,16
GCGAGAATCCAAACAC-1_GSM4013383,8
TGTCCCATCACAACGT-1_GSM4013383,9
CTTACCGTCGTACCGG-1_GSM4013383,13
CCTATTAAGAAGAAGC-1_GSM4013383,18
ATCCGAAGTCCGTCAG-1_GSM4013383,4
TGAGGGATCTGGGCCA-1_GSM4013383,8
TCTGAGACATGCCTAA-1_GSM4013383,4
AGTGAGGAGAATGTTG-1_GSM4013383,3
GTATCTTGTCATATCG-1_GSM4013383,8
ATCGAGTCAGCTGCTG-1_GSM4013383,13
ACATACGGTTCCGGCA-1_GSM4013383,16
TACACGATCCTGTACC-1_GSM4013383,15
CTGAAGTTCAGTACGT-1_GSM4013383,6
GGTGTTATCATGGTCA-1_GSM4013383,9
CATCGGGAGGCGCTCT-1_GSM4013383,15
AATCCAGGTGAGCGAT-1_GSM4013383,1
GGAACTTTCAGCGATT-1_GSM4013383,16
CAGTCCTCACCGCTAG-1_GSM4013383,8
GGTGTTAAGTTTCCTT-1_GSM4013383,7
GACGGCTTCTCGTTTA-1_GSM4013383,16
CTAATGGAGACTAAGT-1_GSM4013383,0
CTGAAACTCAAACCGT-1_GSM4013383,8
AAATGCCTCATGTGGT-1_GSM4013383,8
GCGAGAATCATAACCG-1_GSM4013383,8
CGTCAGGCATCGGACC-1_GSM4013383,4
CTTAGGAGTCCTAGCG-1_GSM4013383,4
ACTATCTCAGTCACTA-1_GSM4013383,18
TTTGCGCGTCTTGTCC-1_GSM4013383,4
TTGTAGGTCACAATGC-1_GSM4013383,15
TGCACCTGTAGCGCTC-1_GSM4013383,8
GCGCAGTTCTTGAGAC-1_GSM4013383,6
AGGTCCGAGCTACCGC-1_GSM4013383,6
CTGTTTATCGCCTGAG-1_GSM4013383,9
GGACAGATCGTACGGC-1_GSM4013383,7
GCTGCGATCGGTTCGG-1_GSM4013383,3
CAGTCCTTCAAGGTAA-1_GSM4013383,8
CGTTCTGGTGGCAAAC-1_GSM4013383,10
GATCGCGAGTGAAGAG-1_GSM4013383,13
TCAGGATTCGAATGGG-1_GSM4013383,16
TGGCCAGGTGGGTATG-1_GSM4013383,1
TACCTATGTCTAAAGA-1_GSM4013383,16
CCTTTCTGTATATGAG-1_GSM4013383,8
GCATGCGTCTGCAAGT-1_GSM4013383,14
TGATTTCTCACAGTAC-1_GSM4013383,7
TACGGATAGGGCACTA-1_GSM4013383,16
TCTATTGTCATATCGG-1_GSM4013383,8
CCAGCGAAGGCTACGA-1_GSM4013383,8
AAAGTAGAGTGGAGTC-1_GSM4013383,18
TTTACTGGTAGAGTGC-1_GSM4013383,16
GGGCACTGTTTCGCTC-1_GSM4013383,15
ATCTACTTCGAGAACG-1_GSM4013383,8
GTACGTACATCTCCCA-1_GSM4013383,16
CATGACACAGCCAATT-1_GSM4013383,18
GCGCGATCACCAGTTA-1_GSM4013383,4
TATGCCCTCGGAGGTA-1_GSM4013383,13
CAACTAGCAATAAGCA-1_GSM4013383,7
TCTTTCCCATATGCTG-1_GSM4013383,6
CGGACACGTAAATGAC-1_GSM4013383,16
TACAGTGAGTTCGCGC-1_GSM4013383,16
CAGCCGACACCAGGTC-1_GSM4013383,4
TGAGGGAGTGCACTTA-1_GSM4013383,10
ACGGAGATCTCCCTGA-1_GSM4013383,16
TTCCCAGGTCTAGCCG-1_GSM4013383,9
TGGCGCATCCAGAAGG-1_GSM4013383,16
CATGACAAGAGTCGGT-1_GSM4013383,9
TGTATTCCAAAGCAAT-1_GSM4013383,0
GCAGTTATCTAGAGTC-1_GSM4013383,14
AAGGAGCAGCCATCGC-1_GSM4013383,14
TAGAGCTCATGGGAAC-1_GSM4013383,5
AAACGGGTCGCTAGCG-1_GSM4013383,16
GGATTACGTAGCGCTC-1_GSM4013383,1
CTTAACTGTAGAGCTG-1_GSM4013383,6
GGACGTCTCCAGAGGA-1_GSM4013383,8
AGATCTGTCAAGATCC-1_GSM4013383,8
ACAGCTATCTAGCACA-1_GSM4013383,15
ATTACTCTCTTACCGC-1_GSM4013383,9
GACCTGGAGAGGTACC-1_GSM4013383,7
AATCCAGCAAGTCTAC-1_GSM4013383,1
CTCTACGGTCGGCACT-1_GSM4013383,12
CTAAGACCAGGTCTCG-1_GSM4013383,8
CTAACTTAGTCCCACG-1_GSM4013383,9
AGAGCGACATCCAACA-1_GSM4013383,9
TAAGCGTTCTGGCGTG-1_GSM4013383,7
GTAGGCCCATTACCTT-1_GSM4013383,9
TCATTACTCTTAACCT-1_GSM4013383,14
CAGCGACAGAGTACAT-1_GSM4013383,4
TCTCATACAGTCAGCC-1_GSM4013383,18
TGACAACAGAAACCAT-1_GSM4013383,9
CATCCACCACTAAGTC-1_GSM4013383,13
TGACAACTCCATTCTA-1_GSM4013383,8
GGAACTTAGCTTTGGT-1_GSM4013383,16
GAAATGATCGTAGGTT-1_GSM4013383,4
CTCGAAATCGGCATCG-1_GSM4013383,8
CAGTAACTCCGTTGCT-1_GSM4013383,9
TAAGTGCAGCACCGTC-1_GSM4013383,15
GCTCCTAAGGCGACAT-1_GSM4013383,5
CTGCCTATCCGTACAA-1_GSM4013383,16
ATGAGGGAGAGGTTGC-1_GSM4013383,3
CTAGAGTTCGGATGTT-1_GSM4013383,8
CTAACTTAGTGTACCT-1_GSM4013383,0
ACACCGGTCCAGGGCT-1_GSM4013383,14
ACTGTCCGTGGTAACG-1_GSM4013383,8
TAAGTGCCACGGCGTT-1_GSM4013383,13
GACTAACTCTGGTATG-1_GSM4013383,8
CTCGAAACACGAAGCA-1_GSM4013383,9
CCTTCGAGTGAAGGCT-1_GSM4013383,9
GGAACTTAGCCACCTG-1_GSM4013383,14
TGGTTCCGTTCGTTGA-1_GSM4013383,18
GCGCAGTGTTGGAGGT-1_GSM4013383,8
GATTCAGAGGCTCATT-1_GSM4013383,8
GTCGTAAGTCTCCATC-1_GSM4013383,0
GTTACAGCAACACCCG-1_GSM4013383,14
CCTTTCTTCACAGTAC-1_GSM4013383,9
CTAGCCTAGTATTGGA-1_GSM4013383,4
TCTGGAACACATGGGA-1_GSM4013383,11
TTCTACAGTCGCATAT-1_GSM4013383,0
CTCGGGATCAGTACGT-1_GSM4013383,10
CGCGTTTCATGCCACG-1_GSM4013383,7
CATCAAGTCAAACCGT-1_GSM4013383,8
CTGAAGTTCAGCATGT-1_GSM4013383,16
CCATGTCCAGATAATG-1_GSM4013383,9
TGGCCAGAGACATAAC-1_GSM4013383,0
TTGTAGGTCAACCATG-1_GSM4013383,10
GCTGGGTTCGAATGCT-1_GSM4013383,8
AACCATGTCAACCAAC-1_GSM4013383,8
AAAGATGAGCACAGGT-1_GSM4013383,7
GACTACAAGTATCGAA-1_GSM4013383,0
ACATACGAGAAGCCCA-1_GSM4013383,10
ACTGCTCGTATCGCAT-1_GSM4013383,4
CTGGTCTAGGCTAGCA-1_GSM4013383,16
ACACCCTTCCAGGGCT-1_GSM4013383,12
CGTAGGCAGACTAGAT-1_GSM4013383,1
TCTATTGGTGTCCTCT-1_GSM4013383,8
ACGAGGATCCGCGTTT-1_GSM4013383,7
ACATGGTAGTGAACAT-1_GSM4013383,16
CCTATTAAGCGTAATA-1_GSM4013383,4
GTCCTCATCAGCTTAG-1_GSM4013383,10
TCTTTCCAGCCAGGAT-1_GSM4013383,9
TCGGTAAGTCGCATCG-1_GSM4013383,0
CGAGAAGGTCAATACC-1_GSM4013383,9
CCGTACTTCTGCTTGC-1_GSM4013383,8
GATCGTACATTAGCCA-1_GSM4013383,8
CAGTCCTGTTACGTCA-1_GSM4013383,4
TGGGAAGGTCGAGTTT-1_GSM4013383,7
TATTACCCACGTAAGG-1_GSM4013383,4
GTACGTAGTGTATGGG-1_GSM4013383,16
TGCTGCTAGTCGAGTG-1_GSM4013383,5
GCCTCTACATAACCTG-1_GSM4013383,8
CATTATCTCATAGCAC-1_GSM4013383,9
GCTTGAAGTCTAGAGG-1_GSM4013383,7
TCCACACGTGATGCCC-1_GSM4013383,6
GATCGATGTATAATGG-1_GSM4013383,1
ACTGCTCGTCTGCGGT-1_GSM4013383,8
CTACACCCATCTCCCA-1_GSM4013383,6
CACACTCTCTGCCCTA-1_GSM4013383,18
CTGCCTAAGTTGTCGT-1_GSM4013383,7
CGATGGCCAGCGATCC-1_GSM4013383,8
ACTGCTCCAAGCCGTC-1_GSM4013383,16
TATTACCCATCCGTGG-1_GSM4013383,8
CCTCAGTCAATAGCGG-1_GSM4013383,4
GATCTAGTCTTCAACT-1_GSM4013383,9
CTCCTAGAGCCCGAAA-1_GSM4013383,14
AATCCAGCACAACGCC-1_GSM4013383,4
GGCTGGTGTTGGACCC-1_GSM4013383,8
AGCTCTCCAGGTTTCA-1_GSM4013383,12
AGCTCTCGTCTAAAGA-1_GSM4013383,1
ATGCGATTCTTCGGTC-1_GSM4013383,4
TGAGCATTCATAGCAC-1_GSM4013383,4
ACATGGTCATATACGC-1_GSM4013383,4
GACCTGGCAAGGACAC-1_GSM4013383,15
TCCCGATGTGCTTCTC-1_GSM4013383,18
GCAAACTGTGTTGAGG-1_GSM4013383,12
AAACGGGCAAACTGTC-1_GSM4013383,0
GGCTGGTGTATCGCAT-1_GSM4013383,4
TGGGCGTAGCAGCCTC-1_GSM4013383,4
CTTACCGGTTACAGAA-1_GSM4013383,8
CTAACTTAGATGCCAG-1_GSM4013383,13
TGTGGTAGTTCCACTC-1_GSM4013383,3
GATGAAAAGCCCAACC-1_GSM4013383,18
TCACGAACAAGGGTCA-1_GSM4013383,6
GCGCCAATCTTAACCT-1_GSM4013383,8
ACGATGTTCGTGGACC-1_GSM4013383,6
ACGGCCAAGATAGTCA-1_GSM4013383,10
TTCTACATCGAACGGA-1_GSM4013383,18
CGTGTAACACACGCTG-1_GSM4013383,10
CTGTTTATCTCAAACG-1_GSM4013383,8
AGTCTTTCAATTGCTG-1_GSM4013383,16
CAAGAAAGTAAAGGAG-1_GSM4013383,14
CAGCATATCACCCGAG-1_GSM4013383,16
ACATCAGGTAGCGTAG-1_GSM4013383,14
AGTGTCAAGAAACCTA-1_GSM4013383,14
TGTGGTACAAGTTCTG-1_GSM4013383,9
GTCTTCGTCACATGCA-1_GSM4013383,8
TATGCCCTCCCGGATG-1_GSM4013383,8
AGTTGGTCACAAGTAA-1_GSM4013383,4
GTAGGCCAGACCTTTG-1_GSM4013383,5
AATCGGTCAGGATCGA-1_GSM4013383,16
ATAACGCCACAAGTAA-1_GSM4013383,16
CCAATCCAGATCTGCT-1_GSM4013383,8
GGGCATCGTCACAAGG-1_GSM4013383,16
AAGTCTGGTAAGGGCT-1_GSM4013383,6
CTCATTATCGTTTGCC-1_GSM4013383,18
TCTCTAATCCACGCAG-1_GSM4013383,14
ACGATGTAGAGGTTAT-1_GSM4013383,9
CGCTGGAGTCTTCTCG-1_GSM4013383,9
ACACCGGTCCTAGAAC-1_GSM4013383,4
TGCGCAGCAGGGTTAG-1_GSM4013383,0
CTAACTTAGTTTGCGT-1_GSM4013383,4
CGGCTAGGTGAACCTT-1_GSM4013383,16
CACACAAAGCAAATCA-1_GSM4013383,9
AACTCCCGTCTTTCAT-1_GSM4013383,16
CTGATAGGTTCAGGCC-1_GSM4013383,1
TTCTCCTAGCGCCTTG-1_GSM4013383,6
GGTGTTACAGGCTCAC-1_GSM4013383,8
TACTTACCACAACTGT-1_GSM4013383,16
CTACGTCTCTTACCTA-1_GSM4013383,16
GGAGCAAGTAGATTAG-1_GSM4013383,9
GTAGGCCTCAACCAAC-1_GSM4013383,12
AAGGCAGTCTAACTGG-1_GSM4013383,8
ATGTGTGGTTGTGGCC-1_GSM4013383,7
GGCTGGTGTAAATACG-1_GSM4013383,8
TTAGGACTCTTCGAGA-1_GSM4013383,14
TTTCCTCTCACGACTA-1_GSM4013383,4
CATGGCGCACAGGCCT-1_GSM4013383,10
CCGGGATTCACTGGGC-1_GSM4013383,16
TAGACCACAATGGACG-1_GSM4013383,18
AAGGAGCTCTGTCTAT-1_GSM4013383,16
ATGAGGGCAAGAGTCG-1_GSM4013383,18
GATCGCGCAGTATCTG-1_GSM4013383,0
CTCAGAAAGACAGACC-1_GSM4013383,10
AGCGTATTCATAACCG-1_GSM4013383,8
GCATGATGTAGATTAG-1_GSM4013383,18
GACTACACATGCAATC-1_GSM4013383,10
TGACAACTCTGCGACG-1_GSM4013383,9
ACACCGGGTACCGCTG-1_GSM4013383,6
ACGGAGACATCTCCCA-1_GSM4013383,13
GCGAGAACAGCATACT-1_GSM4013383,1
TCTTTCCTCAGCAACT-1_GSM4013383,10
CAGATCATCCTAGAAC-1_GSM4013383,4
ATTCTACAGCGTAATA-1_GSM4013383,5
AGGGTGAAGCATCATC-1_GSM4013383,6
CGTGTCTTCAGAGCTT-1_GSM4013383,16
AGGCCGTTCTTGAGAC-1_GSM4013383,10
TATTACCTCGCAAACT-1_GSM4013383,1
CGTGTCTGTACATCCA-1_GSM4013383,8
TTCTTAGTCTACGAGT-1_GSM4013383,15
CGGACACTCTTGCCGT-1_GSM4013383,8
CGCTGGACAGTCCTTC-1_GSM4013383,14
CCATTCGTCAGTACGT-1_GSM4013383,10
CAACCTCAGATCTGCT-1_GSM4013383,10
AGACGTTCAAGCTGAG-1_GSM4013383,9
TTCTACAGTGGTTTCA-1_GSM4013383,10
TGGCTGGCAGAAGCAC-1_GSM4013383,18
TGAGCATCAAGTAGTA-1_GSM4013383,4
CTTACCGGTCGGCATC-1_GSM4013383,1
CATGCCTTCTTAGCCC-1_GSM4013383,6
AATCCAGCATCTACGA-1_GSM4013383,9
TGTTCCGGTGCTGTAT-1_GSM4013383,4
GGAATAATCCGTCAAA-1_GSM4013383,6
AGGTCCGCATACAGCT-1_GSM4013383,4
TCAGGTAAGTGTCCCG-1_GSM4013383,15
AGGGATGGTTTACTCT-1_GSM4013383,4
CCCAATCTCATTCACT-1_GSM4013383,14
GCACATACACTCGACG-1_GSM4013383,3
TGTCCCACATTAGGCT-1_GSM4013383,15
CTTAACTCACTGAAGG-1_GSM4013383,10
GGACAAGGTTACCGAT-1_GSM4013383,8
TCAATCTTCGAACGGA-1_GSM4013383,0
AGATCTGCAACCGCCA-1_GSM4013383,9
GCGCCAAAGAAGATTC-1_GSM4013383,4
CACATTTAGGAGTCTG-1_GSM4013383,16
TCAGGTATCGTGTAGT-1_GSM4013383,8
CGCTATCGTATCTGCA-1_GSM4013383,16
CAGCATATCTTTACGT-1_GSM4013383,8
TTCGAAGTCGGCGCTA-1_GSM4013383,14
GAATGAAGTGGTTTCA-1_GSM4013383,16
TTTACTGTCTGCGTAA-1_GSM4013383,16
CATCGAACAGCGTCCA-1_GSM4013383,16
CATTATCTCCTGTACC-1_GSM4013383,18
AGATTGCCAATCCGAT-1_GSM4013383,16
TCCCGATAGCTAGGCA-1_GSM4013383,7
TATCAGGAGGCCCTCA-1_GSM4013383,16
CGGACTGTCATGGTCA-1_GSM4013383,16
TTTGCGCTCCAGATCA-1_GSM4013383,14
ATTCTACGTACGCACC-1_GSM4013383,15
GTACTTTCATGTCCTC-1_GSM4013383,4
AAGGCAGAGGTGTGGT-1_GSM4013383,8
TTAACTCTCAGTTTGG-1_GSM4013383,1
CATGACATCCCAAGAT-1_GSM4013383,10
TACGGTACAGGTCTCG-1_GSM4013383,12
GTAACGTGTGCGATAG-1_GSM4013383,14
GCCAAATTCTGCGGCA-1_GSM4013383,4
CGCTTCAGTCAATGTC-1_GSM4013383,18
CACCAGGTCAGTCAGT-1_GSM4013383,14
CGAGAAGGTTGCGCAC-1_GSM4013383,16
CTGCTGTAGTATTGGA-1_GSM4013383,6
AGAATAGGTGCCTGGT-1_GSM4013383,4
CATGGCGGTCAAGCGA-1_GSM4013383,16
GCATACATCACAGTAC-1_GSM4013383,16
CATCGGGAGGCACATG-1_GSM4013383,16
CGGACACGTTACAGAA-1_GSM4013383,13
ACGTCAAGTAGTACCT-1_GSM4013383,16
GCTTGAAGTAGAGGAA-1_GSM4013383,4
TGCACCTTCCTCAATT-1_GSM4013383,6
ATTTCTGGTACTTGAC-1_GSM4013383,16
CTTACCGTCACTCCTG-1_GSM4013383,10
CGCTGGAAGCCAACAG-1_GSM4013383,8
GGACAAGCAGGATCGA-1_GSM4013383,10
AACGTTGCAGCGTTCG-1_GSM4013383,16
ACTGCTCAGTGGGTTG-1_GSM4013383,6
TTGAACGTCGGAGGTA-1_GSM4013383,0
CATCGAAGTGAGGGTT-1_GSM4013383,14
CGGAGCTAGTTACGGG-1_GSM4013383,10
CCTACCAAGAGTACCG-1_GSM4013383,16
CTCTGGTCATTGGCGC-1_GSM4013383,1
AACTGGTAGAAACCTA-1_GSM4013383,9
CACAAACCACATGTGT-1_GSM4013383,9
CTACATTAGGTTACCT-1_GSM4013383,10
GAAACTCAGAGCCTAG-1_GSM4013383,8
TGCCCATGTCTCCACT-1_GSM4013383,4
CATATTCCATTGAGCT-1_GSM4013383,15
TAGGCATAGCTAGCCC-1_GSM4013383,1
TTAGGACAGTATTGGA-1_GSM4013383,1
CTGATAGCAGCGATCC-1_GSM4013383,4
TGGGCGTAGATATACG-1_GSM4013383,0
TGGTTAGTCCTTTCGG-1_GSM4013383,8
TCGGGACAGTAGGTGC-1_GSM4013383,14
CCCTCCTTCTGTCCGT-1_GSM4013383,14
TACTCGCTCTGCGACG-1_GSM4013383,16
CAGTAACCACGAAGCA-1_GSM4013383,8
CTTCTCTGTTGGTAAA-1_GSM4013383,4
GGATTACGTACTTAGC-1_GSM4013383,4
GATTCAGAGACTTGAA-1_GSM4013383,4
CGAACATTCAACGAAA-1_GSM4013383,8
CGTTAGAAGGAATTAC-1_GSM4013383,10
GTTCATTAGTTCGCGC-1_GSM4013383,4
CTGAAACCACAACTGT-1_GSM4013383,16
CTCGTCAGTGTGACGA-1_GSM4013383,14
TCAACGACACGGTAAG-1_GSM4013383,0
TGACAACAGAGGACGG-1_GSM4013383,14
ATCCGAAAGCTAGTTC-1_GSM4013383,14
AAAGTAGAGGCCCTTG-1_GSM4013383,9
TGACTTTGTTCGCGAC-1_GSM4013383,3
GTGCTTCAGACTTGAA-1_GSM4013383,4
GGACAGACAAAGGCGT-1_GSM4013383,16
TCACGAATCCTAGTGA-1_GSM4013383,3
GTCACGGGTTCGTCTC-1_GSM4013383,4
ATTACTCTCAGCTTAG-1_GSM4013383,10
TCGTAGAGTGTGACCC-1_GSM4013383,4
CAGCTAAAGCCAGTTT-1_GSM4013383,16
GCTGCTTCACCCAGTG-1_GSM4013383,4
CGCTGGACATCTCGCT-1_GSM4013383,1
CCATTCGTCAGGTAAA-1_GSM4013383,16
TCATTACTCCCTCTTT-1_GSM4013383,1
CAGTAACCACAGGAGT-1_GSM4013383,0
AAGACCTGTCAGGACA-1_GSM4013383,8
ATAACGCCACGGTAAG-1_GSM4013383,3
TTAGGCACAGTCACTA-1_GSM4013383,9
ATAACGCGTACCGGCT-1_GSM4013383,16
CAGTCCTGTGTAAGTA-1_GSM4013383,3
TCATTTGAGCTAGTCT-1_GSM4013383,3
ATCATCTTCGTAGATC-1_GSM4013383,9
ATTGGTGCAAAGGTGC-1_GSM4013383,5
TTCGAAGTCCAGATCA-1_GSM4013383,3
GTCACAATCAGGCAAG-1_GSM4013383,3
TAGACCAAGACATAAC-1_GSM4013383,8
AACCGCGAGCTAGTTC-1_GSM4013383,8
TCATTTGTCGGAAACG-1_GSM4013383,14
CTCTAATGTGATAAAC-1_GSM4013383,4
CGATTGACAAGGCTCC-1_GSM4013383,8
ACACCCTGTCTCTTTA-1_GSM4013383,8
GGCTCGACAAGGCTCC-1_GSM4013383,9
ACGCCAGGTAAGGGCT-1_GSM4013383,8
ACTGAACAGTCCGGTC-1_GSM4013383,4
CAACCAAGTTGACGTT-1_GSM4013383,10
GTTCTCGCAGACAAAT-1_GSM4013383,8
GTTACAGTCGGATGGA-1_GSM4013383,3
AGTGGGACATGCCACG-1_GSM4013383,16
GTGTTAGCAGACACTT-1_GSM4013383,4
ATCCGAATCGCCGTGA-1_GSM4013383,14
GATGAAACAGGAATGC-1_GSM4013383,8
TCACAAGTCATTGCCC-1_GSM4013383,10
CCTCAGTGTCCATGAT-1_GSM4013383,9
GTATTCTAGAACAATC-1_GSM4013383,9
TACACGAAGTGGCACA-1_GSM4013383,10
GCTTGAAGTGGTCTCG-1_GSM4013383,16
GTAGGCCCAGACGCTC-1_GSM4013383,4
GATCGCGCAACGCACC-1_GSM4013383,5
TGGCCAGTCGGTCTAA-1_GSM4013383,4
GGGCATCTCAGGTTCA-1_GSM4013383,6
AGTGTCAGTAACGACG-1_GSM4013383,8
GACACGCGTCTTTCAT-1_GSM4013383,9
AAGACCTCACGAGGTA-1_GSM4013383,4
TGACTTTAGCTCCTCT-1_GSM4013383,8
CGACTTCGTCCGTCAG-1_GSM4013383,10
CCTTACGAGTGGTAGC-1_GSM4013383,4
GCGGGTTTCACCGGGT-1_GSM4013383,0
CTGAAGTGTAGCTGCC-1_GSM4013383,16
GTAACGTAGATGTAAC-1_GSM4013383,8
CGATTGACAATCTGCA-1_GSM4013383,16
CAGCTAACAGCTCGCA-1_GSM4013383,8
CACACTCCAAGCCGTC-1_GSM4013383,4
GTGCGGTAGCCAGAAC-1_GSM4013383,16
GATCGTATCCACTGGG-1_GSM4013383,3
TCTATTGCAGCTATTG-1_GSM4013383,1
GGTGAAGAGACTTGAA-1_GSM4013383,13
CGATGGCAGAATCTCC-1_GSM4013383,3
TTCTTAGCACAGGTTT-1_GSM4013383,4
GGTATTGAGTCATCCA-1_GSM4013383,16
GGCTGGTAGCTGTTCA-1_GSM4013383,11
ATGAGGGTCCTTGCCA-1_GSM4013383,14
CTAGTGAAGAGGTAGA-1_GSM4013383,14
CGGACTGGTCTTTCAT-1_GSM4013383,8
CCTAGCTCAAAGGTGC-1_GSM4013383,5
TACAGTGTCATGCATG-1_GSM4013383,8
GTGCGGTCACTAGTAC-1_GSM4013383,0
TGACTTTGTCCTCTTG-1_GSM4013383,0
TGGTTCCGTAAGGATT-1_GSM4013383,8
CGTAGGCTCGGAGCAA-1_GSM4013383,8
GTCATTTTCCTTGACC-1_GSM4013383,1
CTGAAGTCATGTCGAT-1_GSM4013383,5
CTACATTGTCCGTCAG-1_GSM4013383,8
CGCGTTTCAGGAATGC-1_GSM4013383,3
TAGGCATAGATGTAAC-1_GSM4013383,3
TCGTACCCAGCTCGCA-1_GSM4013383,16
TTCTACAAGCGTTTAC-1_GSM4013383,16
GGGTCTGAGCCAACAG-1_GSM4013383,1
GACGTGCCAACGATCT-1_GSM4013383,9
TGACTTTTCCGCAGTG-1_GSM4013383,8
GGGTCTGTCTAGAGTC-1_GSM4013383,4
AGTAGTCGTGGTAACG-1_GSM4013383,8
CGCCAAGCAAGCGAGT-1_GSM4013383,16
CTCACACGTTCACCTC-1_GSM4013383,1
GCATGCGTCAACTCTT-1_GSM4013383,4
CGCTTCAAGGGCTTCC-1_GSM4013383,14
CAAGTTGAGATGCCTT-1_GSM4013383,14
TCATTACAGCACAGGT-1_GSM4013383,1
CAACCAATCATCTGCC-1_GSM4013383,0
GGTGTTAGTTGGAGGT-1_GSM4013383,8
GCTCTGTGTTGTGGCC-1_GSM4013383,10
TCTGGAAGTTATTCTC-1_GSM4013383,7
CATCAAGAGCACCGTC-1_GSM4013383,14
ACGCCAGTCGGTTAAC-1_GSM4013383,4
CCCTCCTGTCCGAAGA-1_GSM4013383,14
CTAACTTAGAGTAAGG-1_GSM4013383,3
CCACGGACAGCGTCCA-1_GSM4013383,0
ATGTGTGAGAACTGTA-1_GSM4013383,3
TTATGCTCACCCAGTG-1_GSM4013383,8
CATGACAGTTGCGTTA-1_GSM4013383,7
CCACCTAGTCATGCAT-1_GSM4013383,1
ACTGAACTCATCGGAT-1_GSM4013383,16
CGTGAGCAGGGATGGG-1_GSM4013383,7
TTCTACAGTCTCATCC-1_GSM4013383,1
GCACATATCCTCATTA-1_GSM4013383,10
TCATTTGCACAACGCC-1_GSM4013384,0
TTCGGTCCAGGGTATG-1_GSM4013384,0
ATAACGCGTACTTAGC-1_GSM4013384,0
CGATCGGCAATCGAAA-1_GSM4013384,0
CATGCCTAGGAGCGAG-1_GSM4013384,2
CTACCCAAGGTCGGAT-1_GSM4013384,0
CCACTACGTTATCCGA-1_GSM4013384,0
CCTACCATCCTGTAGA-1_GSM4013384,0
CCTAAAGAGGTCGGAT-1_GSM4013384,0
CCACCTAAGATCACGG-1_GSM4013384,0
CTAATGGAGACAGGCT-1_GSM4013384,0
GAGTCCGCATCGGTTA-1_GSM4013384,0
AGGGAGTCACGAAACG-1_GSM4013384,2
GAAACTCTCAACGAAA-1_GSM4013384,0
TTATGCTGTGGTTTCA-1_GSM4013384,0
GAAACTCAGTCTTGCA-1_GSM4013384,2
CAGATCATCAGTCCCT-1_GSM4013384,0
CGTCTACCAATCACAC-1_GSM4013384,2
GGCTGGTCATCGGTTA-1_GSM4013384,0
CAAGAAATCCGTTGCT-1_GSM4013384,0
TCAGGATTCTGTCCGT-1_GSM4013384,0
CACATAGAGAGAACAG-1_GSM4013384,2
CAAGGCCGTTTGGCGC-1_GSM4013384,0
CTACACCCACGAAATA-1_GSM4013384,0
CATATTCCAAGACACG-1_GSM4013384,0
CGGACACTCACCAGGC-1_GSM4013384,2
GCATGATCATTTCACT-1_GSM4013384,0
GAAACTCAGCACAGGT-1_GSM4013384,0
CTGTTTAGTAGGGACT-1_GSM4013384,2
CTCTGGTGTTCACGGC-1_GSM4013384,2
AGTGGGAGTCCGTTAA-1_GSM4013384,0
CATTCGCGTTACGCGC-1_GSM4013384,0
GAAATGAAGTCTTGCA-1_GSM4013384,0
CCTTTCTCAAGCGCTC-1_GSM4013384,0
GGTGTTAAGTATCTCG-1_GSM4013384,2
CCGTTCACACATGGGA-1_GSM4013384,2
ACGGCCAAGAGGTAGA-1_GSM4013384,0
CTCGTCAAGTGTACTC-1_GSM4013384,0
ACAGCCGAGCCACTAT-1_GSM4013384,2
TCAGCAACACACAGAG-1_GSM4013384,0
TTAGTTCAGCCAGGAT-1_GSM4013384,0
GCTCTGTTCCGTTGCT-1_GSM4013384,2
TCAGATGCATTAGGCT-1_GSM4013384,2
CTTCTCTTCTTCTGGC-1_GSM4013384,2
AATCCAGCAGAGCCAA-1_GSM4013384,2
ATCCGAATCGGACAAG-1_GSM4013384,2
GATGAAACATCACAAC-1_GSM4013384,2
TTTACTGGTAAGGATT-1_GSM4013384,0
GTACTCCCACAGACTT-1_GSM4013384,2
AGCTCTCAGGTGCACA-1_GSM4013384,0
GCATGCGTCCAGTATG-1_GSM4013384,2
AGTTGGTTCGCCTGTT-1_GSM4013384,0
TGCGCAGGTGCAACTT-1_GSM4013384,0
GTCTTCGCAGCATGAG-1_GSM4013384,0
GATGAAAAGGATGTAT-1_GSM4013384,0
GGTATTGCAAGTCTGT-1_GSM4013384,2
CGCTATCAGCTGGAAC-1_GSM4013384,0
TAAGCGTAGACCTAGG-1_GSM4013384,0
GCATACATCTGGAGCC-1_GSM4013384,0
CGTGTAAGTTCGTCTC-1_GSM4013384,2
ATGCGATGTTCAGGCC-1_GSM4013384,0
CCACTACAGCCAGTAG-1_GSM4013384,0
GTTACAGCACCAGCAC-1_GSM4013384,0
TTTCCTCGTAGCGTAG-1_GSM4013384,0
GTTACAGCACGCGAAA-1_GSM4013384,0
TAGACCAGTCTAGCGC-1_GSM4013384,0
CACAGTACATGGGACA-1_GSM4013384,0
CAGGTGCGTTACGGAG-1_GSM4013384,0
CCGTGGAAGGACCACA-1_GSM4013384,0
CCCATACCACGAGAGT-1_GSM4013384,0
TGATTTCCATTACGAC-1_GSM4013384,2
TTAACTCTCACAAACC-1_GSM4013384,2
GGCCGATGTACCGTAT-1_GSM4013384,0
ATCATGGTCCTCGCAT-1_GSM4013384,0
GCGCCAAAGTTCCACA-1_GSM4013384,2
AACTCCCCACAACTGT-1_GSM4013384,0
ACGCAGCGTACAAGTA-1_GSM4013384,0
AACTCCCGTGCCTGCA-1_GSM4013384,2
CGGAGTCCAGTCCTTC-1_GSM4013384,0
TTGCGTCGTACTTAGC-1_GSM4013384,0
GCGAGAATCACATAGC-1_GSM4013384,0
ATGAGGGAGACAGGCT-1_GSM4013384,2
GTCCTCAGTTAGATGA-1_GSM4013384,0
GACTACACAGGCTCAC-1_GSM4013384,2
CAAGAAAGTAGTGAAT-1_GSM4013384,0
AGCCTAAGTCTAGTCA-1_GSM4013384,0
GGTGCGTAGGACACCA-1_GSM4013384,0
CGACCTTTCCTAGGGC-1_GSM4013384,2
CTCTGGTGTGATGTGG-1_GSM4013384,0
AGTAGTCGTTTGTTGG-1_GSM4013384,0
ATGAGGGGTTGTGGAG-1_GSM4013384,0
CGACTTCCATGGTCTA-1_GSM4013384,0
GATCGATGTACCAGTT-1_GSM4013384,0
GCGCAACAGCTAACAA-1_GSM4013384,0
CCACCTATCCGAATGT-1_GSM4013384,0
TAAACCGGTTCCACGG-1_GSM4013384,0
AGAGCGACAAGCTGAG-1_GSM4013384,0
CATTCGCTCTTCTGGC-1_GSM4013384,0
GCTTGAATCCTACAGA-1_GSM4013384,2
TGAGCCGGTTAAGACA-1_GSM4013384,0
CCTCTGAAGAACAACT-1_GSM4013384,2
AAAGCAAAGCGGATCA-1_GSM4013384,2
CACAGGCTCCGAGCCA-1_GSM4013384,2
GCTTCCATCAACACAC-1_GSM4013384,0
GTAACGTTCCAAGTAC-1_GSM4013384,0
AGCGTCGCAGTAAGAT-1_GSM4013384,0
TTGTAGGAGACTTGAA-1_GSM4013384,2
CATCAAGTCTGTCTCG-1_GSM4013384,0
CAAGATCGTTCCGTCT-1_GSM4013384,0
GTCGTAACATTTGCTT-1_GSM4013384,0
CACAGGCGTTGCGTTA-1_GSM4013384,2
TACTTGTCAGCATACT-1_GSM4013384,0
AGCTCCTCATCACAAC-1_GSM4013384,0
ATGTGTGAGGACCACA-1_GSM4013384,0
TACACGACAGTACACT-1_GSM4013384,0
CGTTAGAAGGCAAAGA-1_GSM4013384,0
ATGGGAGGTTCCATGA-1_GSM4013384,0
ACTGTCCGTACCGAGA-1_GSM4013384,0
ACCTTTAAGCTGCCCA-1_GSM4013384,0
CACACCTAGGGCTCTC-1_GSM4013384,0
TTTACTGAGGCATGGT-1_GSM4013384,0
GGATTACTCGAATCCA-1_GSM4013384,0
TCTCTAATCAGCACAT-1_GSM4013384,0
CAAGAAATCAGTTCGA-1_GSM4013384,2
AGGGATGAGCTTTGGT-1_GSM4013384,2
CATCGAAAGTCCCACG-1_GSM4013384,0
TTGACTTCAATGTAAG-1_GSM4013384,0
GATGCTACAGCTGTAT-1_GSM4013384,0
CAGTCCTAGGCTATCT-1_GSM4013384,2
ACTTACTCACTTGGAT-1_GSM4013384,0
CTCGGGAAGCAGACTG-1_GSM4013384,0
CTCTACGAGTGTACTC-1_GSM4013384,0
CATGCCTTCACTTCAT-1_GSM4013384,0
CACTCCATCTTGTTTG-1_GSM4013384,0
TACGGATTCTGAGGGA-1_GSM4013384,0
CCTTCGATCACCGGGT-1_GSM4013384,2
ACTTTCATCTGTCTCG-1_GSM4013384,0
CAGATCACATATACCG-1_GSM4013384,4
AGATTGCCACAAGCCC-1_GSM4013384,0
CCTAGCTGTGTGACGA-1_GSM4013384,2
TCTATTGGTCGTTGTA-1_GSM4013384,2
CTACGTCTCCTTTCGG-1_GSM4013384,2
AACTCCCAGTACGACG-1_GSM4013384,0
CTGAAGTGTGAAGGCT-1_GSM4013384,2
GTGCATATCTTACCGC-1_GSM4013384,0
GTACTTTCATCGGACC-1_GSM4013384,0
AAATGCCCATCCGCGA-1_GSM4013384,0
ATCTGCCGTACCAGTT-1_GSM4013384,2
ACCTTTACAATTCCTT-1_GSM4013384,0
GTAACGTGTTCCACGG-1_GSM4013384,0
ACGGGTCAGTAATCCC-1_GSM4013384,0
GCGCAGTGTGTGCGTC-1_GSM4013384,0
ACGGCCACAAAGGAAG-1_GSM4013384,0
GTAACGTCAGTATGCT-1_GSM4013384,0
ATTATCCTCTCGTATT-1_GSM4013384,2
GCTTGAAGTTCGTGAT-1_GSM4013384,0
TCTTCGGTCTCCAGGG-1_GSM4013384,0
AAAGCAACACTACAGT-1_GSM4013384,0
GGGTCTGTCAACGAAA-1_GSM4013384,0
ATAAGAGAGGCCCGTT-1_GSM4013384,0
ACGCCGACACAACGTT-1_GSM4013384,2
AGCAGCCGTCATACTG-1_GSM4013384,2
GGATGTTCAAGCTGTT-1_GSM4013384,0
TACGGATTCACTCTTA-1_GSM4013384,0
CTAGAGTAGTGTGAAT-1_GSM4013384,0
CCTACCATCTCTGTCG-1_GSM4013384,0
GAGTCCGCACGGCCAT-1_GSM4013384,0
TCTGGAATCAAGATCC-1_GSM4013384,0
GACAGAGGTCAGAATA-1_GSM4013384,0
TATCTCATCCTTCAAT-1_GSM4013384,5
TGACAACCATAGAAAC-1_GSM4013384,0
TTTCCTCTCACAATGC-1_GSM4013384,0
GTAGTCAGTGGTCCGT-1_GSM4013384,0
GTTCATTCATTGAGCT-1_GSM4013384,0
CGTAGGCAGACTGTAA-1_GSM4013384,0
CAGAATCGTCTTCTCG-1_GSM4013384,0
ACGGAGACACGTCAGC-1_GSM4013384,0
TGCCAAAGTTCATGGT-1_GSM4013384,0
GAAATGATCCGCGCAA-1_GSM4013384,3
AACGTTGTCGTCTGAA-1_GSM4013384,0
TTTACTGCAATCGAAA-1_GSM4013384,0
GGGTCTGCAATACGCT-1_GSM4013384,5
CCATTCGTCTATCCCG-1_GSM4013384,0
CACACAACACCGTTGG-1_GSM4013384,0
TCATTACGTCACCTAA-1_GSM4013384,0
GCTTCCAAGACTAGGC-1_GSM4013384,0
ACAGCCGTCAAACAAG-1_GSM4013384,0
TCACGAAGTAGCACGA-1_GSM4013384,0
AGGGATGGTACAGCAG-1_GSM4013384,2
TCTTTCCTCTGAGGGA-1_GSM4013384,9
CATCAAGCATGTAAGA-1_GSM4013384,5
GTATTCTTCAGATAAG-1_GSM4013384,0
CAGGTGCTCGGACAAG-1_GSM4013384,0
ACTGCTCTCTCATTCA-1_GSM4013384,0
TCTTCGGCATCGGGTC-1_GSM4013384,0
GCTGCAGTCGCGCCAA-1_GSM4013384,0
TGCCCATGTCATGCAT-1_GSM4013384,0
GTCTCGTCAAGACGTG-1_GSM4013384,0
TAGGCATAGTATCTCG-1_GSM4013384,0
GAGCAGAGTTGACGTT-1_GSM4013384,0
ACTTACTTCGCTAGCG-1_GSM4013384,2
GTATTCTGTTGATTGC-1_GSM4013384,2
GACCTGGTCCTCTAGC-1_GSM4013384,0
CCACTACCATTCACTT-1_GSM4013384,2
GCATACACAAGTCTGT-1_GSM4013384,0
ACACCGGTCGTTGACA-1_GSM4013384,0
ACTGAACTCGGTGTTA-1_GSM4013384,0
CATGCCTGTTAAGGGC-1_GSM4013384,0
TGGCCAGGTCTTGATG-1_GSM4013384,0
ACGATGTAGGCTCATT-1_GSM4013384,0
AACCGCGCATTCGACA-1_GSM4013384,0
ACTGCTCCAATCACAC-1_GSM4013384,2
ATCTACTAGCCAGTTT-1_GSM4013384,0
TTGGCAACACGAAATA-1_GSM4013384,7
CATCAAGAGACTACAA-1_GSM4013384,4
AGATCTGCATAGGATA-1_GSM4013384,0
ATCATCTGTTCAACCA-1_GSM4013384,0
AGTAGTCCACGACGAA-1_GSM4013384,0
TACTTACGTGTTTGGT-1_GSM4013384,0
TGCCAAAAGCGACGTA-1_GSM4013384,0
TCGGGACGTGCATCTA-1_GSM4013384,0
GTGCAGCAGTTGTAGA-1_GSM4013384,0
GGCTCGACACAGACTT-1_GSM4013384,0
GAACGGAAGGCGCTCT-1_GSM4013384,0
TTTGTCATCGGAGGTA-1_GSM4013384,0
AGCTCCTCAATGTAAG-1_GSM4013384,0
CTAATGGCATGTTGAC-1_GSM4013384,0
TACTCGCAGCTAGTCT-1_GSM4013384,0
CATGCCTCAATCGAAA-1_GSM4013384,0
GAACATCCAAGCCGTC-1_GSM4013384,0
ATCATGGAGGTGTTAA-1_GSM4013384,0
GCAATCAGTTGCGCAC-1_GSM4013384,2
GCATGATTCTGCCAGG-1_GSM4013384,0
GCATGTAAGCAATATG-1_GSM4013384,0
CGAGCACCACGGTGTC-1_GSM4013384,0
TGAGGGAAGTAATCCC-1_GSM4013384,0
CACAGGCCATCGATTG-1_GSM4013384,2
CACAAACCATAGGATA-1_GSM4013384,0
TATGCCCCATTAACCG-1_GSM4013384,2
TTCTCCTTCAAGATCC-1_GSM4013384,0
CTCGGAGCAAACCTAC-1_GSM4013384,2
CTCGGGAGTTGCGTTA-1_GSM4013384,0
TAAACCGCAAGTCATC-1_GSM4013384,0
GACGTTAGTGATGATA-1_GSM4013384,0
CTTGGCTTCCGATATG-1_GSM4013384,7
GAATAAGCATTAACCG-1_GSM4013384,0
CGTTCTGTCTCATTCA-1_GSM4013384,4
TGACTTTTCAGCAACT-1_GSM4013384,0
TGATTTCCATTATCTC-1_GSM4013384,2
CGTGTAACAAGAGTCG-1_GSM4013384,0
ATCATGGAGCCAGTAG-1_GSM4013384,4
TGCCCTACAGCCAGAA-1_GSM4013384,0
CAACTAGTCATGCTCC-1_GSM4013384,6
GCGCCAATCGAACTGT-1_GSM4013384,0
AACCGCGAGCCTCGTG-1_GSM4013384,2
AAAGTAGAGGACGAAA-1_GSM4013384,0
GTCGTAACACACGCTG-1_GSM4013384,2
ATAAGAGAGCGCTTAT-1_GSM4013384,2
TCAATCTTCGTTTATC-1_GSM4013384,0
ACGGGCTCAATCCGAT-1_GSM4013384,0
GCTGCGACATCCTTGC-1_GSM4013384,0
ACTATCTAGTTTAGGA-1_GSM4013384,0
CATCCACCATCCCACT-1_GSM4013384,0
CACATAGCACCACGTG-1_GSM4013384,7
AGGGTGAAGTCCGGTC-1_GSM4013384,0
GATTCAGCAATAAGCA-1_GSM4013384,0
ATTTCTGGTACGACCC-1_GSM4013384,5
CCCAGTTGTGAACCTT-1_GSM4013384,0
CCCAATCTCGGTTAAC-1_GSM4013384,7
TTCTCCTCATGCCACG-1_GSM4013384,0
GCACTCTCAGCGTTCG-1_GSM4013384,2
AGGGAGTAGGCTAGCA-1_GSM4013384,7
CATTCGCCATGGAATA-1_GSM4013384,7
ACGGGCTCAAGGACTG-1_GSM4013384,0
ATGGGAGTCATTGCGA-1_GSM4013384,0
TGGCGCAAGCTCCTTC-1_GSM4013384,0
AACGTTGGTGGCGAAT-1_GSM4013384,0
TAAACCGAGAATCTCC-1_GSM4013384,7
ACTATCTAGCCAGTAG-1_GSM4013384,5
TCGCGAGAGGTAGCCA-1_GSM4013384,0
CCCAATCGTGCACGAA-1_GSM4013384,0
ATAGACCAGTCATCCA-1_GSM4013384,7
CCGTTCATCCATGAAC-1_GSM4013384,0
CTGTTTAAGCTGCCCA-1_GSM4013384,0
CACAGGCCATCATCCC-1_GSM4013384,0
TTGGAACTCTGATTCT-1_GSM4013384,0
GATCGATAGCCACTAT-1_GSM4013384,0
TCCCGATCAGGGTTAG-1_GSM4013384,0
TAGGCATGTCGACTAT-1_GSM4013384,4
CCCAGTTTCCACGCAG-1_GSM4013384,7
ATTATCCTCCTCATTA-1_GSM4013384,7
TTCGAAGGTACACCGC-1_GSM4013384,0
TAGCCGGCATGGTCAT-1_GSM4013384,0
GGAAAGCAGAAACCAT-1_GSM4013384,7
TTAGTTCAGTAAGTAC-1_GSM4013384,7
CGAATGTAGTCAATAG-1_GSM4013384,0
GCGGGTTCACAACGCC-1_GSM4013384,0
ACGGCCACAATGAATG-1_GSM4013384,0
CCTTCCCGTCATTAGC-1_GSM4013384,0
GCATGCGAGCTCTCGG-1_GSM4013384,7
GACGCGTAGGCCCTTG-1_GSM4013384,2
CTCTAATAGTCCATAC-1_GSM4013384,0
TCACGAAAGTGGTCCC-1_GSM4013384,0
GACGCGTAGATTACCC-1_GSM4013384,0
CCTTCGAGTGTGAATA-1_GSM4013384,2
CACACCTCACGGACAA-1_GSM4013384,7
TCACAAGTCTACCTGC-1_GSM4013384,7
CATGGCGTCTGCTGTC-1_GSM4013384,0
GACCAATCACCTATCC-1_GSM4013384,1
AGACGTTTCCCAAGTA-1_GSM4013384,7
TTCTTAGGTCTAAAGA-1_GSM4013384,5
GCTCCTACACGTCAGC-1_GSM4013384,4
ATTGGACAGAGTCGGT-1_GSM4013384,0
CGCGTTTCAGTCTTCC-1_GSM4013384,7
ACTATCTTCTAACTTC-1_GSM4013384,4
CACAAACAGTGTGAAT-1_GSM4013384,3
CTCCTAGTCCCGGATG-1_GSM4013384,7
TTAGGACCACTCTGTC-1_GSM4013384,0
TTTGTCAGTTCCTCCA-1_GSM4013384,7
GAGCAGAAGGGTCGAT-1_GSM4013384,7
ACACCCTGTTGGTTTG-1_GSM4013384,0
ACACCGGAGACCTAGG-1_GSM4013384,0
CGATTGACACCAACCG-1_GSM4013384,7
CAGCAGCAGGCGCTCT-1_GSM4013384,0
CTAAGACTCCTGTAGA-1_GSM4013384,0
TTCTCCTAGACACGAC-1_GSM4013384,7
CTGGTCTTCTTGCCGT-1_GSM4013384,0
TGGGAAGTCCTCAACC-1_GSM4013384,7
CAGCGACCACCGAAAG-1_GSM4013384,2
TTCCCAGAGCGACGTA-1_GSM4013384,0
CGTGAGCTCCACGCAG-1_GSM4013384,7
GATCGATCATCTATGG-1_GSM4013384,7
GAAATGAGTACCGAGA-1_GSM4013384,4
AAACGGGGTACAAGTA-1_GSM4013384,0
GGGCATCGTTCAGTAC-1_GSM4013384,0
CTACACCAGTACGCCC-1_GSM4013384,0
GATTCAGTCACAACGT-1_GSM4013384,0
ACGGAGACATCTCGCT-1_GSM4013384,0
ACTGCTCGTATATGAG-1_GSM4013384,7
CTAGAGTTCTGCCAGG-1_GSM4013384,7
GATGAGGGTTACTGAC-1_GSM4013384,7
ATAGACCAGGCGCTCT-1_GSM4013384,5
ATCCACCAGTGTCCAT-1_GSM4013384,0
ATTTCTGGTGTAACGG-1_GSM4013384,9
GGGATGATCGCATGGC-1_GSM4013384,0
TCACAAGAGAAACCTA-1_GSM4013384,0
CCTTCCCAGTAGTGCG-1_GSM4013384,7
TGACTTTTCAACACGT-1_GSM4013384,0
ACGATGTAGTGAATTG-1_GSM4013384,0
ACTGTCCCATGTCCTC-1_GSM4013384,0
ATGCGATAGCTATGCT-1_GSM4013384,7
GAATGAAAGGTGATAT-1_GSM4013384,5
ATGCGATGTGAAATCA-1_GSM4013384,7
GAAGCAGGTGAAATCA-1_GSM4013384,0
CATTATCGTAACGACG-1_GSM4013384,0
TACTCATGTCAATACC-1_GSM4013384,7
GTGAAGGGTTAAAGTG-1_GSM4013384,0
CATCCACCATTCGACA-1_GSM4013384,0
TGACAACGTCTACCTC-1_GSM4013384,0
TCACGAAAGACTTTCG-1_GSM4013384,9
GTGCTTCCATACGCCG-1_GSM4013384,0
GCAAACTAGTCCGTAT-1_GSM4013384,0
GAAACTCAGGACTGGT-1_GSM4013384,7
GATCTAGAGACTTTCG-1_GSM4013384,7
ACTTGTTAGTCCGGTC-1_GSM4013384,0
AGAGCTTAGTCCAGGA-1_GSM4013384,0
AGGCCGTGTCTCGTTC-1_GSM4013384,0
AGAGCGATCTATCCTA-1_GSM4013384,7
TGACAACCACAGAGGT-1_GSM4013384,0
CATGCCTGTCAATGTC-1_GSM4013384,7
CATATGGGTCAATACC-1_GSM4013384,0
TGTATTCTCCCTTGTG-1_GSM4013384,7
GTAACGTAGATCCTGT-1_GSM4013384,2
TTGGCAAAGACTGTAA-1_GSM4013384,7
GATCAGTGTTACGACT-1_GSM4013384,7
CCGGGATTCAACACTG-1_GSM4013384,0
AGGTCATGTCACTTCC-1_GSM4013384,7
ACCTTTATCCATGAAC-1_GSM4013384,7
CCTACACCACACATGT-1_GSM4013384,9
TTTGTCAAGTGGGTTG-1_GSM4013384,0
ATAACGCCAGTAACGG-1_GSM4013384,0
GACTAACGTAAACACA-1_GSM4013384,0
ACCGTAAAGACGCAAC-1_GSM4013384,7
CGATTGAAGAATGTGT-1_GSM4013384,0
AGCAGCCAGTACTTGC-1_GSM4013384,6
TAAGTGCTCTCGATGA-1_GSM4013384,2
GACAGAGCATGCCTTC-1_GSM4013384,0
GCAAACTCAGTGGGAT-1_GSM4013384,7
TGGCTGGCAGCCTATA-1_GSM4013384,0
GTCTCGTAGGAGTACC-1_GSM4013384,0
CGAGCCAGTGGTAACG-1_GSM4013384,7
CGGAGTCTCTCTAAGG-1_GSM4013384,7
TTCTCAAGTTATGCGT-1_GSM4013384,0
TACTTGTTCACAATGC-1_GSM4013384,7
GACGTGCAGCTCCTCT-1_GSM4013384,0
ACTTGTTAGCGATTCT-1_GSM4013384,0
TCATTACCAGATAATG-1_GSM4013384,7
GGCTCGACATTTCACT-1_GSM4013384,9
GAGGTGATCCCGGATG-1_GSM4013384,0
GACGCGTTCTCTAGGA-1_GSM4013384,7
ACGATGTCAGTTAACC-1_GSM4013384,7
CATGCCTAGTCTCGGC-1_GSM4013384,0
GATTCAGTCAGCATGT-1_GSM4013384,7
GTGCATAAGGGTGTGT-1_GSM4013384,5
GAAATGAAGCCACGTC-1_GSM4013384,7
TGGCTGGTCAGTGCAT-1_GSM4013384,7
CGGAGCTAGCTGAACG-1_GSM4013384,7
CAGTAACTCTGGAGCC-1_GSM4013384,0
ATGGGAGTCTCTGTCG-1_GSM4013384,0
CGCGTTTTCTTTCCTC-1_GSM4013384,5
CCACCTAGTTCCATGA-1_GSM4013384,7
TGTGGTATCCGCAAGC-1_GSM4013384,0
TGACAACCAACACCCG-1_GSM4013384,7
ATCCGAACATCACCCT-1_GSM4013384,7
CAGCTGGCACTAAGTC-1_GSM4013384,7
ACGCAGCGTCGAATCT-1_GSM4013384,7
ATCCGAATCCTTAATC-1_GSM4013384,7
TTCTCCTTCGCTTAGA-1_GSM4013384,7
TTTGGTTTCTTGCAAG-1_GSM4013384,4
CACCAGGGTGTGAAAT-1_GSM4013384,7
GATCGTAGTAGTAGTA-1_GSM4013384,7
GATCGTACAGGGATTG-1_GSM4013384,0
CATCCACAGCGTAGTG-1_GSM4013384,0
CTTTGCGGTGAAAGAG-1_GSM4013384,0
TTGCCGTTCAGCCTAA-1_GSM4013384,0
TCCCGATCAACACCCG-1_GSM4013384,0
TTAGGCATCTGCTTGC-1_GSM4013384,7
CTACGTCGTCACAAGG-1_GSM4013384,7
CGATGTATCTTACCGC-1_GSM4013384,7
TAGAGCTTCCATGCTC-1_GSM4013384,0
CGTTGGGGTACAGTTC-1_GSM4013384,7
CTGCCTACAGTGAGTG-1_GSM4013384,7
AAGTCTGCAATGAAAC-1_GSM4013384,7
GGCTCGACAGATGAGC-1_GSM4013384,4
CCACTACAGGGTGTTG-1_GSM4013384,0
ACCGTAATCTACGAGT-1_GSM4013384,7
CACACAAGTTACGCGC-1_GSM4013384,7
GTCTCGTAGACCTAGG-1_GSM4013384,7
TGTCCCAGTACGCACC-1_GSM4013384,7
TCAATCTGTGCTCTTC-1_GSM4013384,7
GCGAGAACAGACAAAT-1_GSM4013384,6
CATGCCTTCTATCGCC-1_GSM4013384,7
CACAAACGTTAGAACA-1_GSM4013384,7
CATCGGGCATCCTAGA-1_GSM4013384,7
CGCTGGACATAGTAAG-1_GSM4013384,1
TGCGGGTGTCATATCG-1_GSM4013384,0
CGGTTAACAAACAACA-1_GSM4013384,7
GCAATCAAGTGCAAGC-1_GSM4013384,7
GACCTGGTCCACGAAT-1_GSM4013384,7
TATCAGGGTGGCAAAC-1_GSM4013384,0
AAGCCGCCAGCAGTTT-1_GSM4013384,0
CTAGCCTAGGTGGGTT-1_GSM4013384,0
AACTTTCAGGCCCTCA-1_GSM4013384,0
CAGCTAAAGGACCACA-1_GSM4013384,7
GACGTGCCATATACCG-1_GSM4013384,7
ATTATCCAGCAACGGT-1_GSM4013384,7
GTTAAGCGTGACGGTA-1_GSM4013384,7
TATTACCAGAGTAAGG-1_GSM4013384,7
TCATTACAGGAGTAGA-1_GSM4013384,7
GTCTCGTAGAACTGTA-1_GSM4013384,7
ATGCGATAGTGGGATC-1_GSM4013384,7
CACTCCAGTGTGCGTC-1_GSM4013384,7
AGGCCGTGTTCCACGG-1_GSM4013384,7
AGGTCCGTCGCAAGCC-1_GSM4013384,7
TTTCCTCAGTGACATA-1_GSM4013384,5
GCACTCTGTTGGACCC-1_GSM4013384,7
GATTCAGTCTCCGGTT-1_GSM4013384,0
CCTTCGAAGACTAGGC-1_GSM4013384,7
ATGTGTGTCCGCATCT-1_GSM4013384,7
GTTTCTAGTACGAAAT-1_GSM4013384,7
CCTTCGAGTCACTGGC-1_GSM4013384,7
CACAGTAAGACCTTTG-1_GSM4013384,7
CACATTTGTAAATGTG-1_GSM4013384,6
TAAGAGAAGGATATAC-1_GSM4013384,7
GTACTCCAGCAATATG-1_GSM4013384,7
TCCCGATGTCTAGAGG-1_GSM4013384,0
AAGGCAGGTCCAAGTT-1_GSM4013384,7
AAAGTAGCAAGGACTG-1_GSM4013384,0
CTGCGGATCTGGCGTG-1_GSM4013384,7
TATCAGGCATCGGTTA-1_GSM4013384,5
GACTGCGGTTATTCTC-1_GSM4013384,0
TGGTTCCTCTGCGACG-1_GSM4013384,0
CACAGGCTCCGAAGAG-1_GSM4013384,7
CGAGCCAAGCATCATC-1_GSM4013384,6
ACTGAACTCTGAGTGT-1_GSM4013384,0
AACCGCGTCAAACCAC-1_GSM4013384,7
GGGACCTCACAAGACG-1_GSM4013384,7
CTCGGAGCATACAGCT-1_GSM4013384,7
GCATACATCTGCAAGT-1_GSM4013384,7
CATCAGAAGGATGGAA-1_GSM4013384,4
GATCGCGCACCACGTG-1_GSM4013384,7
CTTACCGAGTTGAGTA-1_GSM4013384,7
TTGGAACCACTTAAGC-1_GSM4013384,7
TTATGCTAGCACACAG-1_GSM4013384,0
GTTAAGCGTACCATCA-1_GSM4013384,7
GGACGTCAGTCTCCTC-1_GSM4013384,7
TGACTTTGTCCGTTAA-1_GSM4013384,7
CAACTAGTCCCAACGG-1_GSM4013384,7
GAAATGAAGGGTCGAT-1_GSM4013384,0
CACACAAAGGAGTTTA-1_GSM4013384,7
GATTCAGCATCCGCGA-1_GSM4013384,7
TGAAAGAAGCACGCCT-1_GSM4013384,7
CATGACAAGTAAGTAC-1_GSM4013384,0
GGAGCAACACCCTATC-1_GSM4013384,7
AGGTCATGTTCTGGTA-1_GSM4013384,7
ACACCGGGTGGACGAT-1_GSM4013384,0
GAGTCCGTCTAACTTC-1_GSM4013384,7
GGTGTTATCCAGTATG-1_GSM4013384,7
ACTGCTCTCTTCGAGA-1_GSM4013384,5
CTCAGAACACGAAATA-1_GSM4013384,0
TCAGCAAAGCCTCGTG-1_GSM4013384,5
GATCGCGGTACAAGTA-1_GSM4013384,7
TGCTGCTAGGATCGCA-1_GSM4013384,0
GGGATGACATGACGGA-1_GSM4013384,0
ATCATCTTCCCATTAT-1_GSM4013384,0
CTTGGCTTCCTGCTTG-1_GSM4013384,0
CGTGTAATCCACGTGG-1_GSM4013384,7
CGACCTTGTTTAAGCC-1_GSM4013384,0
CGCTGGATCAAAGACA-1_GSM4013384,7
AGGGTGAAGTTAGCGG-1_GSM4013384,0
GTGCATACAATGAAAC-1_GSM4013384,0
CTAGAGTTCAAGCCTA-1_GSM4013384,7
AGACGTTGTGCCTGCA-1_GSM4013384,1
AACTCAGTCCACGTGG-1_GSM4013384,7
CCGGGATGTAGGCATG-1_GSM4013384,7
GCGAGAAAGATATGGT-1_GSM4013384,0
AGGGATGGTACCCAAT-1_GSM4013384,7
ATCGAGTGTAGTACCT-1_GSM4013384,7
GCGCAACAGCTACCGC-1_GSM4013384,7
ATTTCTGTCACGACTA-1_GSM4013384,7
GCCTCTAGTGGACGAT-1_GSM4013384,9
CGGGTCAGTTACGTCA-1_GSM4013384,14
ACGATACAGGGCTTGA-1_GSM4013384,0
TCATTTGTCATAGCAC-1_GSM4013384,0
GTACTCCCACAGACAG-1_GSM4013384,0
TAAACCGCACAAGCCC-1_GSM4013384,0
TTCGGTCGTAGATTAG-1_GSM4013384,7
CGGACGTTCAATAAGG-1_GSM4013384,7
GGACATTTCGGAAACG-1_GSM4013384,4
GGCTGGTAGGTAGCCA-1_GSM4013384,7
GGTGCGTTCTAGAGTC-1_GSM4013384,7
CGTAGCGAGAGGTAGA-1_GSM4013384,7
CGACCTTGTCTCGTTC-1_GSM4013384,0
ATCATCTCATGCCTTC-1_GSM4013384,6
ATGAGGGTCGTATCAG-1_GSM4013384,0
GACTAACGTGCCTTGG-1_GSM4013384,0
ATCCGAAAGAAGGCCT-1_GSM4013384,0
TGGTTAGCATACTACG-1_GSM4013384,0
CTTAGGACATCATCCC-1_GSM4013384,7
AGAGCGACAGGTGGAT-1_GSM4013384,7
TTCCCAGTCACTATTC-1_GSM4013384,7
ATCCGAACAGGGTACA-1_GSM4013384,7
AAACCTGAGGTTCCTA-1_GSM4013384,0
CGCTTCATCGGAATCT-1_GSM4013384,0
GACGGCTCATTCCTCG-1_GSM4013384,0
CTAATGGGTAGAAAGG-1_GSM4013384,7
GCCAAATCATTTGCTT-1_GSM4013384,0
CTTCTCTTCACAGGCC-1_GSM4013384,7
TCATTACAGGTGATTA-1_GSM4013384,9
GCGCAGTTCGATGAGG-1_GSM4013384,0
AAGTCTGTCTCGATGA-1_GSM4013384,0
CTCGAGGTCCGCAAGC-1_GSM4013384,0
CGCCAAGAGCTAGTGG-1_GSM4013384,6
ATCATCTGTACCCAAT-1_GSM4013384,0
ACACCCTAGGATGGAA-1_GSM4013384,0
ACATCAGCAAGCGTAG-1_GSM4013384,7
ACGATGTAGACTTTCG-1_GSM4013384,7
GCATACATCCCAAGAT-1_GSM4013384,7
TATGCCCAGCCAGTAG-1_GSM4013384,7
CATTATCGTAGCTAAA-1_GSM4013384,5
GGGCACTAGTGTCCCG-1_GSM4013384,5
CACAGGCCAAGCGAGT-1_GSM4013384,0
CATATGGAGCAAATCA-1_GSM4013384,7
CGCGGTATCTACCAGA-1_GSM4013384,0
AAGCCGCCAGTCACTA-1_GSM4013384,6
CGTGTAAAGAGTTGGC-1_GSM4013384,2
GACCAATTCGGAGGTA-1_GSM4013384,7
CAGCCGAGTGACTCAT-1_GSM4013384,0
CGAGCACCATTGGCGC-1_GSM4013384,5
CGTCACTCACATGGGA-1_GSM4013384,7
CTACACCAGAAGGACA-1_GSM4013384,0
TGGTTAGAGACTGTAA-1_GSM4013384,0
CTCGTACAGACAAAGG-1_GSM4013384,0
TACGGGCGTCGACTAT-1_GSM4013384,7
AAACGGGAGCGGCTTC-1_GSM4013384,0
GGCAATTCACAACTGT-1_GSM4013384,7
CTGATAGAGGGCTTGA-1_GSM4013384,0
CAGCTAATCAGAAATG-1_GSM4013384,5
GGCTGGTTCTGTTTGT-1_GSM4013384,12
CCGGTAGCAGATTGCT-1_GSM4013384,0
TACGGATGTATGAAAC-1_GSM4013384,0
AGCGTATCACAACGTT-1_GSM4013384,7
ACGGGTCCAGCTTCGG-1_GSM4013384,5
GAGCAGACATGCGCAC-1_GSM4013384,0
CTAGCCTTCTTATCTG-1_GSM4013384,0
CCCATACTCTTGACGA-1_GSM4013384,0
GTGTTAGAGAATGTGT-1_GSM4013384,6
TTTGCGCGTATAGGGC-1_GSM4013384,7
TGACTTTAGCTTATCG-1_GSM4013384,7
ACGGAGATCGACAGCC-1_GSM4013384,0
CTGATCCCACGTGAGA-1_GSM4013384,7
CTTAACTCATTCTCAT-1_GSM4013384,6
TGTTCCGGTCTCTCGT-1_GSM4013384,9
TAGAGCTGTGTTAAGA-1_GSM4013384,6
CACATTTCAGTTAACC-1_GSM4013384,0
GATGAGGTCCATGAGT-1_GSM4013384,7
ATGAGGGCATAGGATA-1_GSM4013384,0
TAGTGGTAGAGTAATC-1_GSM4013384,7
AACGTTGGTCAGATAA-1_GSM4013384,7
CACAAACCAGATCTGT-1_GSM4013384,0
AGGGATGAGGATGGTC-1_GSM4013384,0
GTAACGTTCTGAGTGT-1_GSM4013384,5
ATCTGCCCATGCCCGA-1_GSM4013384,0
CGCGGTACATAAGACA-1_GSM4013384,7
TACGGTATCTGCAAGT-1_GSM4013384,14
GAGTCCGCACGTAAGG-1_GSM4013384,0
TTTGTCATCGAACTGT-1_GSM4013384,0
CAGTAACTCAGTTGAC-1_GSM4013384,5
AGTCTTTTCACATAGC-1_GSM4013384,0
TGTCCCATCCAATGGT-1_GSM4013384,9
ACATACGTCGTTACGA-1_GSM4013384,0
AGTGAGGAGCAACGGT-1_GSM4013384,0
CGTTGGGGTGGAAAGA-1_GSM4013384,0
ACACTGAAGCCACCTG-1_GSM4013384,0
TTGACTTAGACAGAGA-1_GSM4013384,4
TAAGAGAAGTTCGCGC-1_GSM4013384,7
CTCTAATTCCCTTGTG-1_GSM4013384,14
GCAAACTAGAGGTACC-1_GSM4013384,10
TTTATGCCATAGAAAC-1_GSM4013384,0
CCGTGGAAGTACATGA-1_GSM4013384,0
TACCTATGTACCGGCT-1_GSM4013384,3
CAGCCGAGTCAAGCGA-1_GSM4013384,7
GGCTCGAGTATTACCG-1_GSM4013384,0
TCTGAGACAATGGACG-1_GSM4013384,0
GGCGTGTGTCAGCTAT-1_GSM4013384,7
AGAGCTTCAAACTGCT-1_GSM4013384,7
GCTTGAAAGTGTACTC-1_GSM4013384,7
GCGCAACTCCCACTTG-1_GSM4013384,9
CTAATGGGTTGGGACA-1_GSM4013384,0
TCAGCTCAGCCACTAT-1_GSM4013384,0
ATTCTACGTTTGCATG-1_GSM4013384,0
GGCCGATAGGCCATAG-1_GSM4013384,7
CCACCTATCAGTTAGC-1_GSM4013384,0
GTCAAGTTCCGCGTTT-1_GSM4013384,0
TGGTTCCAGCTCCTCT-1_GSM4013384,8
TCAGCAAAGGCTCTTA-1_GSM4013384,0
CGATGTATCATGGTCA-1_GSM4013384,0
GCATACAGTCACTTCC-1_GSM4013384,2
TGGACGCTCGAACGGA-1_GSM4013384,0
AGCTCTCCACGCTTTC-1_GSM4013384,7
GCGCCAATCGGCTTGG-1_GSM4013384,0
GCGGGTTAGGTGCACA-1_GSM4013384,12
TAGTGGTCACAGATTC-1_GSM4013384,0
ACGAGCCAGTCTCGGC-1_GSM4013384,0
CACAGTAAGCCTTGAT-1_GSM4013384,7
AGGTCATGTGCCTGGT-1_GSM4013384,7
CATGCCTGTGAAAGAG-1_GSM4013384,9
CCTTCGATCTTGTACT-1_GSM4013384,9
CTCATTATCATGCAAC-1_GSM4013384,0
TTTATGCTCCTTAATC-1_GSM4013384,0
CATCAAGTCGAGAGCA-1_GSM4013384,7
CTTTGCGGTTGAACTC-1_GSM4013384,5
GGGTCTGTCTTGTTTG-1_GSM4013384,5
TCTGGAATCTGTACGA-1_GSM4013384,0
ATAACGCCAAACCCAT-1_GSM4013384,5
GGCTCGAAGCTATGCT-1_GSM4013384,7
TGAGCATTCCTGCCAT-1_GSM4013384,5
TGTATTCAGTTAGCGG-1_GSM4013384,0
GGGATGATCCACGTGG-1_GSM4013384,13
CAGAGAGTCCGCAAGC-1_GSM4013384,0
AGTGAGGAGCGCTCCA-1_GSM4013384,5
CGTGTCTCAATAAGCA-1_GSM4013384,5
TCATTTGTCAATCACG-1_GSM4013384,5
GCAATCAGTGAAGGCT-1_GSM4013384,7
CACTCCATCGACCAGC-1_GSM4013384,7
CACAGTAGTTGCGTTA-1_GSM4013384,13
CAAGTTGTCCGAATGT-1_GSM4013384,7
CCAATCCGTCTCCACT-1_GSM4013384,7
GTTCTCGTCAACACCA-1_GSM4013384,4
ATTGGTGGTAATAGCA-1_GSM4013384,6
TGTGTTTTCTAGCACA-1_GSM4013384,9
AGTCTTTAGAGTTGGC-1_GSM4013384,6
TACCTATGTTAAGACA-1_GSM4013384,5
ACGAGGATCTACTTAC-1_GSM4013384,0
TCAGCAATCCGAACGC-1_GSM4013384,6
ACGGGCTGTCAAAGAT-1_GSM4013384,1
CCTTCGAGTAGCCTCG-1_GSM4013384,0
CACTCCAGTGGGTATG-1_GSM4013384,5
TTTGCGCGTTACGTCA-1_GSM4013384,7
GTGCGGTGTGAACCTT-1_GSM4013384,0
TCACAAGTCAAGGCTT-1_GSM4013384,0
GACCTGGCATACTCTT-1_GSM4013384,0
CACATTTTCGCCATAA-1_GSM4013384,0
ACTGAGTCATGTTCCC-1_GSM4013384,9
AGGCCGTCACATGGGA-1_GSM4013384,4
GACGCGTGTACTCTCC-1_GSM4013384,0
CGCTGGAAGTACGATA-1_GSM4013384,0
GACGGCTGTGTCCTCT-1_GSM4013384,9
CATTATCGTCAACTGT-1_GSM4013384,6
ACGGGTCCATTAACCG-1_GSM4013384,6
TCCCGATCAGATGAGC-1_GSM4013384,7
CCCTCCTCATTGTGCA-1_GSM4013384,9
TACCTTACAGCAGTTT-1_GSM4013384,0
GGATTACTCAGTTAGC-1_GSM4013384,4
GGATGTTCATATACCG-1_GSM4013384,7
GACTGCGGTCTTGCGG-1_GSM4013384,1
CCACGGATCCACTCCA-1_GSM4013384,6
GGTGCGTAGTGGTCCC-1_GSM4013384,4
CGTCTACAGTACGCGA-1_GSM4013384,5
GCTTGAACACGAAATA-1_GSM4013384,5
AAGCCGCCAAGAGTCG-1_GSM4013384,0
GCGCAGTTCTGCTTGC-1_GSM4013384,4
CAAGTTGCACACTGCG-1_GSM4013384,4
TGAGAGGCAATCTGCA-1_GSM4013384,12
TTAGTTCCACATCTTT-1_GSM4013384,12
GTTACAGGTACTCGCG-1_GSM4013384,0
TTGCCGTAGAGACTAT-1_GSM4013384,0
ACTTGTTCATCTCCCA-1_GSM4013384,9
TCGTAGAAGCAGGCTA-1_GSM4013384,0
CACACAAAGGATGCGT-1_GSM4013384,6
AATCGGTAGAGGTTGC-1_GSM4013384,0
CAAGAAATCTTCAACT-1_GSM4013384,0
CTCGTACTCCCATTAT-1_GSM4013384,1
AATCGGTCAGCTGTTA-1_GSM4013384,0
GAGGTGAAGCGATATA-1_GSM4013384,6
CTGAAACTCATCATTC-1_GSM4013384,6
ACTGAACTCCTAGGGC-1_GSM4013384,7
TATGCCCAGGTGACCA-1_GSM4013384,12
GATGAGGTCACCAGGC-1_GSM4013384,0
ATCCGAAAGTGGTCCC-1_GSM4013384,9
GCGCGATAGGTGCACA-1_GSM4013384,0
TACAGTGCACAGGTTT-1_GSM4013384,0
ACGGGCTTCGGTCCGA-1_GSM4013384,0
AGCAGCCAGCAACGGT-1_GSM4013384,9
CATCAGACAACTGCTA-1_GSM4013384,6
TGGTTAGCATCCCATC-1_GSM4013384,0
CACAGTACATTCCTGC-1_GSM4013384,5
AGAGTGGGTCAGAGGT-1_GSM4013384,0
TGGCTGGTCGATAGAA-1_GSM4013384,0
AGGCCACCAACCGCCA-1_GSM4013384,0
TATCTCAAGACCTTTG-1_GSM4013384,0
AACTCCCTCTACCTGC-1_GSM4013384,8
TACTCATGTGCACTTA-1_GSM4013384,7
AGGGTGAGTAGGCTGA-1_GSM4013384,9
CTGTGCTAGGAGTAGA-1_GSM4013384,8
CATATTCTCCACTGGG-1_GSM4013384,3
CATCAGATCCGATATG-1_GSM4013384,6
CTCCTAGAGAGTTGGC-1_GSM4013384,0
TAGACCACATTCCTGC-1_GSM4013384,13
TACGGATCATCACAAC-1_GSM4013384,9
TCAGCAAAGTACCGGA-1_GSM4013384,0
GCGCGATAGGAACTGC-1_GSM4013384,0
ATAACGCGTGAGGGAG-1_GSM4013384,6
TGGACGCAGGAATTAC-1_GSM4013384,13
GGGACCTTCAGCTCGG-1_GSM4013384,7
CGAGAAGGTGTGACCC-1_GSM4013384,5
ATCTACTGTTCTGTTT-1_GSM4013384,0
GGGCACTAGGCTCAGA-1_GSM4013384,0
CACCTTGAGTCCTCCT-1_GSM4013384,7
TGGTTAGCAGGAACGT-1_GSM4013384,0
CGCTTCATCATTGCCC-1_GSM4013384,7
CGAGCCACACAGGCCT-1_GSM4013384,0
TGGCTGGTCGTCTGCT-1_GSM4013384,7
TACTTACTCTTGTTTG-1_GSM4013384,10
TGCCAAAAGCGTCAAG-1_GSM4013384,7
TGGTTCCAGACAGGCT-1_GSM4013384,8
GGATTACCATTCACTT-1_GSM4013384,0
CCTACCACATCTCGCT-1_GSM4013384,9
ATGTGTGTCATTGCGA-1_GSM4013384,10
ACACTGAAGGGCTTCC-1_GSM4013384,9
AACGTTGTCGCTTAGA-1_GSM4013384,0
ATGAGGGCATCGGGTC-1_GSM4013384,0
GATCTAGCATGTTCCC-1_GSM4013384,6
CGTGTAAAGACTCGGA-1_GSM4013384,9
TAGTTGGCAGCTTAAC-1_GSM4013384,0
GAATAAGGTGTGACCC-1_GSM4013384,0
TCAATCTGTCTACCTC-1_GSM4013384,7
GATCTAGAGTTCGATC-1_GSM4013384,9
ATTGGACGTCCAGTAT-1_GSM4013384,7
ATTCTACGTCTCTCGT-1_GSM4013384,5
AAACCTGAGTGAACGC-1_GSM4013384,0
TACGGGCAGACAGACC-1_GSM4013384,5
GAGGTGATCGTTTGCC-1_GSM4013384,13
CTAATGGCAGATCTGT-1_GSM4013384,9
AGGTCATTCACCCTCA-1_GSM4013384,5
CACACTCCACGCTTTC-1_GSM4013384,5
CTCATTAAGTTCGCAT-1_GSM4013384,8
CAGATCAAGTACATGA-1_GSM4013384,8
TCAGCTCAGTTAGCGG-1_GSM4013384,0
GTACGTACAGCTGTTA-1_GSM4013384,8
CCTACACGTCGCTTTC-1_GSM4013384,5
TGAAAGAAGCTCCTTC-1_GSM4013384,5
CGGAGCTAGAGCAATT-1_GSM4013384,6
TACCTTATCCAAACTG-1_GSM4013384,6
TCGGTAAGTATCAGTC-1_GSM4013384,0
TGTTCCGAGGTGCACA-1_GSM4013384,0
GCTTCCAAGAGTGACC-1_GSM4013384,0
CACAGTATCAACCATG-1_GSM4013384,10
AGAGCGAAGATGCCTT-1_GSM4013384,7
GGACGTCCAGTTAACC-1_GSM4013384,0
AACCATGGTCCTAGCG-1_GSM4013384,8
TGGTTAGAGCGCTCCA-1_GSM4013384,7
CTAATGGAGGCGATAC-1_GSM4013384,7
TGCTACCTCTGCTGTC-1_GSM4013384,9
AGCTTGACAATGGTCT-1_GSM4013384,4
GGCCGATTCATCTGCC-1_GSM4013384,0
CCAATCCTCGCGTAGC-1_GSM4013384,9
GCGCAACCAGTTTACG-1_GSM4013384,0
GGATTACAGCTGGAAC-1_GSM4013384,0
GTAGGCCGTAGTACCT-1_GSM4013384,0
ACTTGTTGTCAGTGGA-1_GSM4013384,5
TTTACTGAGCGACGTA-1_GSM4013384,6
CAAGAAAGTCCCTACT-1_GSM4013384,5
ATGCGATTCGTAGGAG-1_GSM4013384,0
ACAGCCGTCGGCCGAT-1_GSM4013384,9
GCTTCCACAAACTGTC-1_GSM4013384,13
ACCGTAAGTCTGCGGT-1_GSM4013384,6
GTTCATTGTTACTGAC-1_GSM4013384,9
AAGGCAGTCTTAACCT-1_GSM4013384,9
AAGGTTCGTAGAGTGC-1_GSM4013384,9
CGACCTTCAAGAGGCT-1_GSM4013384,8
AAGGTTCCATAAAGGT-1_GSM4013384,13
TGGCCAGTCAACTCTT-1_GSM4013384,6
AGCTCTCTCTCGATGA-1_GSM4013384,5
GCTGGGTCATTTGCCC-1_GSM4013384,9
AACTCCCGTAGCGATG-1_GSM4013384,7
GTCATTTTCTATCCTA-1_GSM4013384,0
GATGCTACAATCGGTT-1_GSM4013384,6
CGAATGTTCCTAGGGC-1_GSM4013384,4
TCGTAGACACTGAAGG-1_GSM4013384,3
AAGGCAGAGCAGCGTA-1_GSM4013384,9
CTGCCTAGTACGCTGC-1_GSM4013384,10
ATCTACTAGTGTCTCA-1_GSM4013384,6
CTGCCTAAGATCCGAG-1_GSM4013384,7
CACAGTAGTTACGCGC-1_GSM4013384,0
GCCTCTAAGTTAGCGG-1_GSM4013384,5
TGTGTTTAGACTAAGT-1_GSM4013384,13
GTCCTCAGTATTACCG-1_GSM4013384,13
TCAGGTAGTGGTCCGT-1_GSM4013384,9
GGCTCGAAGGTGCAAC-1_GSM4013384,5
ATCTACTAGGGTTTCT-1_GSM4013384,0
ACGGGCTAGAGTGACC-1_GSM4013384,5
CTAATGGGTGATGATA-1_GSM4013384,9
AAAGTAGGTGTTGAGG-1_GSM4013384,1
CTAACTTAGTTCCACA-1_GSM4013384,8
CGTCACTCAGACGCCT-1_GSM4013384,0
GAATAAGAGAAACCGC-1_GSM4013384,7
AACTTTCGTAAGAGGA-1_GSM4013384,9
CACCACTAGTGTTTGC-1_GSM4013384,17
CCCAGTTGTTACGCGC-1_GSM4013384,0
GAACGGAGTTTCCACC-1_GSM4013384,0
CAGCGACTCAATAAGG-1_GSM4013384,5
TAAGAGAAGACCTTTG-1_GSM4013384,6
CGCCAAGCACATTTCT-1_GSM4013384,4
CTACCCAGTACAGTTC-1_GSM4013384,3
GGACGTCTCTTAGAGC-1_GSM4013384,6
ACTGCTCAGCCCTAAT-1_GSM4013384,5
CTCGAGGAGATATACG-1_GSM4013384,0
AGCTCTCCAAGGTGTG-1_GSM4013384,0
AAGGAGCGTTCAGGCC-1_GSM4013384,0
GATCGTAAGGGTTTCT-1_GSM4013384,9
CACACTCAGTGTACTC-1_GSM4013384,10
TCATTTGTCCATGCTC-1_GSM4013384,13
CTGATAGAGTCTCGGC-1_GSM4013384,0
CCTTCGATCGCGATCG-1_GSM4013384,0
CGATGGCTCGGCTTGG-1_GSM4013384,10
ACGAGCCAGATCTGCT-1_GSM4013384,7
TTCTACAGTCTCCCTA-1_GSM4013384,7
AGGCCGTTCACATAGC-1_GSM4013384,0
AATCCAGTCATACGGT-1_GSM4013384,9
TGTGGTATCTACTATC-1_GSM4013384,8
CATCCACTCACATGCA-1_GSM4013384,0
ACGCCGATCCTCTAGC-1_GSM4013384,10
TTTGGTTCACCATCCT-1_GSM4013384,9
ACGCCAGCAGGAATCG-1_GSM4013384,7
AGCGTCGGTATAGTAG-1_GSM4013384,1
ACGCCGAGTCCTGCTT-1_GSM4013384,9
CAGGTGCCATTAACCG-1_GSM4013384,15
CCCTCCTGTCTTCTCG-1_GSM4013384,1
ACGGGCTGTACGACCC-1_GSM4013384,0
TTAGGACTCAACGGGA-1_GSM4013384,0
GTGCTTCAGTGGAGTC-1_GSM4013384,7
GGCGACTCAGCCTATA-1_GSM4013384,4
CTGCGGATCCTGTAGA-1_GSM4013384,7
AAGCCGCGTCCAGTTA-1_GSM4013384,0
GTACTTTAGCTAGCCC-1_GSM4013384,12
TACTCATGTGTTGAGG-1_GSM4013384,3
AACTCCCTCACTCCTG-1_GSM4013384,8
ATTACTCGTTTGGGCC-1_GSM4013384,8
TTCTACAAGTCCGTAT-1_GSM4013384,6
AGCGTCGGTGATAAGT-1_GSM4013384,0
TTCCCAGGTTTGTTGG-1_GSM4013384,7
TTAGGCATCACTTACT-1_GSM4013384,13
CACTCCATCGGACAAG-1_GSM4013384,7
GAGCAGACATATGGTC-1_GSM4013384,7
GTAACTGCACGAGAGT-1_GSM4013384,12
CGTCACTAGACGCAAC-1_GSM4013384,9
CGGACGTAGATGGGTC-1_GSM4013384,4
GATGCTATCTTACCGC-1_GSM4013384,8
AACTTTCAGTGGAGTC-1_GSM4013384,13
CCTTCCCAGGCATGTG-1_GSM4013384,7
ACTGAGTAGGCTAGAC-1_GSM4013384,14
TAAGCGTAGCGTTTAC-1_GSM4013384,13
ACGTCAAAGTACACCT-1_GSM4013384,0
GTAACTGAGTTGTCGT-1_GSM4013384,7
CATCAGACAAAGCAAT-1_GSM4013384,0
ACACCGGTCTGCCCTA-1_GSM4013384,5
ATTATCCCAATGACCT-1_GSM4013384,7
GCTCCTAAGCAAATCA-1_GSM4013384,8
TTTGGTTTCTGGCGTG-1_GSM4013384,1
CTCTGGTGTGAGGCTA-1_GSM4013384,5
GGATTACCACGAAAGC-1_GSM4013384,5
GTGCATATCTTGCAAG-1_GSM4013384,6
GACTACAGTCAACTGT-1_GSM4013384,14
CGTAGGCAGCTACCGC-1_GSM4013384,19
CTCGTCATCAACGGGA-1_GSM4013384,7
CACCACTCAAAGCAAT-1_GSM4013384,7
ACGCCAGGTACCGGCT-1_GSM4013384,7
CTTACCGTCAAACGGG-1_GSM4013384,9
TGGCGCAGTTGGTAAA-1_GSM4013384,5
CTGAAGTGTGCCTGTG-1_GSM4013384,14
GCATGCGGTGGAAAGA-1_GSM4013384,9
ACGGGCTAGGACGAAA-1_GSM4013384,10
AGATCTGCAGCCTTTC-1_GSM4013384,5
CTGTTTACAGACAAAT-1_GSM4013384,7
TGGCTGGGTCAACTGT-1_GSM4013384,7
GTACGTAGTTGTCTTT-1_GSM4013384,7
CCTCAGTGTCGGCATC-1_GSM4013384,8
CGGACACTCCAAGTAC-1_GSM4013384,13
AACTCTTCAGGAATGC-1_GSM4013384,3
TGAGGGAAGTTCCACA-1_GSM4013384,5
TGACAACAGAATGTGT-1_GSM4013384,10
CATGCCTGTCCAGTAT-1_GSM4013384,7
CTGTTTAGTAGCTCCG-1_GSM4013384,13
AGTGGGACAGCTCGCA-1_GSM4013384,0
AGGCCGTCAACGATCT-1_GSM4013384,12
CTGCTGTCACACCGAC-1_GSM4013384,7
CCAGCGAGTAGCGTGA-1_GSM4013384,8
CTTCTCTCAGTAAGCG-1_GSM4013384,9
AGCTCCTTCGGTTCGG-1_GSM4013384,6
TCTATTGCAAGGTTTC-1_GSM4013384,13
GGCAATTGTCTAGCCG-1_GSM4013384,9
GGGACCTTCTTATCTG-1_GSM4013384,7
CATCGAAAGCGATTCT-1_GSM4013384,9
CGATCGGTCATTGCGA-1_GSM4013384,20
TGAAAGACACGTGAGA-1_GSM4013384,4
CCTAAAGCATCGGTTA-1_GSM4013384,0
TCAACGACATGCCACG-1_GSM4013384,9
CACACTCAGAGTAATC-1_GSM4013384,5
ACTGAGTAGGGTGTTG-1_GSM4013384,0
GGGTCTGGTCTTGCGG-1_GSM4013384,13
TCGCGTTTCGATAGAA-1_GSM4013384,0
TCTCATAGTTACTGAC-1_GSM4013384,0
CCTAGCTTCCTGCTTG-1_GSM4013384,12
GCCTCTATCACTTCAT-1_GSM4013384,7
GTGCATAGTGTCCTCT-1_GSM4013384,13
AGTAGTCAGGCCATAG-1_GSM4013384,9
CATGCCTTCAATCTCT-1_GSM4013384,19
GGGCATCTCAGCGACC-1_GSM4013384,7
GTACTCCGTAGCTAAA-1_GSM4013384,10
CAGCATACACCGAATT-1_GSM4013384,9
GAACGGATCGATCCCT-1_GSM4013384,15
CAGAGAGTCGCCAAAT-1_GSM4013384,9
CTGAAGTGTAGGACAC-1_GSM4013384,4
ATGAGGGAGCCACCTG-1_GSM4013384,5
AGTGGGATCAGCAACT-1_GSM4013384,0
GTCGGGTTCGCTTGTC-1_GSM4013384,13
CCTAGCTCATATGGTC-1_GSM4013384,7
ACGATACCATTCGACA-1_GSM4013384,9
GGGTCTGCATTAGCCA-1_GSM4013384,6
GAAACTCTCCGCGCAA-1_GSM4013384,7
GGGTCTGCACGACGAA-1_GSM4013384,0
CTGCCTAGTTCCATGA-1_GSM4013384,13
CCCTCCTGTGTAAGTA-1_GSM4013384,15
TAGACCACAAGAGGCT-1_GSM4013384,7
GGCGTGTGTTGGACCC-1_GSM4013384,0
ATTGGTGAGTACGTTC-1_GSM4013384,13
ATCGAGTAGATAGTCA-1_GSM4013384,0
CTCGAAATCATCTGCC-1_GSM4013384,1
AGCTTGAAGCGTTTAC-1_GSM4013384,7
CACACTCTCGGTTAAC-1_GSM4013384,0
AGCTCCTAGACAAAGG-1_GSM4013384,8
GATTCAGGTTAAGACA-1_GSM4013384,0
TTGCCGTCAAACTGTC-1_GSM4013384,9
CAGCTGGTCTCGCATC-1_GSM4013384,9
GCTGGGTGTGCGATAG-1_GSM4013384,0
CCGGGATGTACGCTGC-1_GSM4013384,7
AAATGCCCAGGCGATA-1_GSM4013384,1
GAGCAGACAATGTAAG-1_GSM4013384,9
GCAGCCACACACCGCA-1_GSM4013384,9
TACGGGCGTCACAAGG-1_GSM4013384,4
CTCACACTCAGGTTCA-1_GSM4013384,8
GTCGGGTCACGGCGTT-1_GSM4013384,10
CCTACCAAGCAACGGT-1_GSM4013384,1
ATAAGAGCATTTGCCC-1_GSM4013384,7
TACCTATGTAAGAGAG-1_GSM4013384,7
ACGATACAGTAGGTGC-1_GSM4013384,6
GCGGGTTCACGGTAGA-1_GSM4013384,13
CACTCCACAATCTGCA-1_GSM4013384,10
CTGGTCTGTAGCTCCG-1_GSM4013384,13
ACGGGTCTCCACTGGG-1_GSM4013384,6
TGTTCCGGTCTGATTG-1_GSM4013384,7
TTCTACACAAGTCTGT-1_GSM4013384,8
CCTTCGACAGGAACGT-1_GSM4013384,7
AAGGTTCGTCCTGCTT-1_GSM4013384,8
TATCTCACAAAGAATC-1_GSM4013384,9
ATTGGTGTCCCATTTA-1_GSM4013384,13
TACGGATCACTAAGTC-1_GSM4013384,5
CGTAGCGAGGGTGTTG-1_GSM4013384,9
CAGCGACCACGGCTAC-1_GSM4013384,7
GAGGTGAGTTAAGACA-1_GSM4013384,12
TATTACCCACGGATAG-1_GSM4013384,13
AACCGCGTCTTTACAC-1_GSM4013384,7
AACCGCGAGCAGGTCA-1_GSM4013384,7
GCTGCAGTCACTGGGC-1_GSM4013384,10
ATTCTACTCGTTTAGG-1_GSM4013384,7
CACATTTGTTATGTGC-1_GSM4013384,8
TCGTAGAAGACAATAC-1_GSM4013384,8
TCTATTGGTCAGAATA-1_GSM4013384,0
AACTGGTAGATCCGAG-1_GSM4013384,10
AACCGCGAGGCTACGA-1_GSM4013384,0
ACGTCAATCGCGGATC-1_GSM4013384,9
TTTACTGTCCAAAGTC-1_GSM4013384,0
TAAGAGAGTTACCGAT-1_GSM4013384,13
TTATGCTTCCTCTAGC-1_GSM4013384,6
TCACGAATCGTTACGA-1_GSM4013384,7
TGCTGCTAGGCACATG-1_GSM4013384,6
TACTCGCAGACGACGT-1_GSM4013384,7
CTGGTCTAGGCTCATT-1_GSM4013384,7
GGACATTAGGCCCTTG-1_GSM4013384,9
GGGATGAGTACAGTGG-1_GSM4013384,9
TGGCCAGAGTTGAGAT-1_GSM4013384,8
TCCCGATGTTGTCGCG-1_GSM4013384,14
TACCTATGTTTGACAC-1_GSM4013384,6
TCTGAGAAGATGAGAG-1_GSM4013384,13
GACCTGGTCCTTTACA-1_GSM4013384,17
CGTCCATGTCATCCCT-1_GSM4013384,7
TGCTACCTCAGTTTGG-1_GSM4013384,1
GACAGAGGTTCCGTCT-1_GSM4013384,9
ATTGGTGAGATCACGG-1_GSM4013384,7
AACTGGTGTCCTCCAT-1_GSM4013384,1
GAACCTAAGATGTCGG-1_GSM4013384,10
CTAACTTAGTATCGAA-1_GSM4013384,13
GTGAAGGGTATGAATG-1_GSM4013384,5
GACTGCGTCCACGCAG-1_GSM4013384,7
AAAGTAGAGTTGCAGG-1_GSM4013384,9
CACAGTATCGTTGACA-1_GSM4013384,13
ATTATCCAGGAGTAGA-1_GSM4013384,5
GAACCTATCCATGAAC-1_GSM4013384,6
CTACACCCAAACGTGG-1_GSM4013384,5
CTTTGCGGTAGTGAAT-1_GSM4013384,13
AGGTCATGTCGCGTGT-1_GSM4013384,1
ACACCGGTCACTCTTA-1_GSM4013384,9
GGGACCTTCGAGCCCA-1_GSM4013384,13
GTTCTCGGTACGAAAT-1_GSM4013384,17
TGAGGGATCTAACTTC-1_GSM4013384,13
TTTATGCGTGAAATCA-1_GSM4013384,9
TGAAAGATCCAGGGCT-1_GSM4013384,9
CTGTTTATCTAACGGT-1_GSM4013384,8
ATCACGACAGACACTT-1_GSM4013384,8
ACGAGGACATTTGCTT-1_GSM4013384,0
TACCTTAAGGGCATGT-1_GSM4013384,8
GATGAGGCAGTTCATG-1_GSM4013384,7
CTGCTGTAGGTGCTTT-1_GSM4013384,6
GATGCTAGTCTTCGTC-1_GSM4013384,14
GCGGGTTTCGGTGTTA-1_GSM4013384,9
CTCCTAGCAGTAAGCG-1_GSM4013384,7
CCCAGTTTCCGAATGT-1_GSM4013384,5
CTACACCCAGTATCTG-1_GSM4013384,8
GTCGTAAAGACATAAC-1_GSM4013384,0
AGAGTGGGTGTGAAAT-1_GSM4013384,0
GCACTCTTCACATAGC-1_GSM4013384,8
AGCGGTCAGGACAGAA-1_GSM4013384,14
AAACGGGAGACAATAC-1_GSM4013384,9
CGGACTGAGACACGAC-1_GSM4013384,8
GAGTCCGGTTCCTCCA-1_GSM4013384,13
CCGTTCAGTGTTTGGT-1_GSM4013384,0
ACCGTAATCCATTCTA-1_GSM4013384,7
CTTAACTTCCGCAGTG-1_GSM4013384,8
GCGCAACCATGACGGA-1_GSM4013384,13
ACTTTCATCATACGGT-1_GSM4013384,0
CACATTTTCGTCTGCT-1_GSM4013384,9
GGCTGGTCATTAACCG-1_GSM4013384,13
AACTGGTCAAACGCGA-1_GSM4013384,8
TACAGTGGTTGAGGTG-1_GSM4013384,14
TACACGAAGTGGGTTG-1_GSM4013384,7
AGCAGCCCACCATGTA-1_GSM4013384,0
TGCGTGGTCCGTAGTA-1_GSM4013384,1
CTAATGGAGGACCACA-1_GSM4013384,8
GACACGCGTTAAGAAC-1_GSM4013384,20
CACATTTGTGGGTATG-1_GSM4013384,7
CACAAACCACATCCGG-1_GSM4013384,8
AAGGCAGGTAGCGCAA-1_GSM4013384,0
TGCGGGTAGATCGGGT-1_GSM4013384,7
GCGCGATAGCTATGCT-1_GSM4013384,5
GGTGCGTAGTTTGCGT-1_GSM4013384,10
ACACTGATCATACGGT-1_GSM4013384,6
CGAGCCAGTACCCAAT-1_GSM4013384,9
CCTCAGTCACTTCGAA-1_GSM4013384,9
GTTCTCGCAGATTGCT-1_GSM4013384,13
AGGCCGTGTCCGTGAC-1_GSM4013384,12
GAATGAAAGTATCTCG-1_GSM4013384,13
GCACTCTGTGCATCTA-1_GSM4013384,9
CAGCTAACAGTCTTCC-1_GSM4013384,7
GTACTCCGTCACTGGC-1_GSM4013384,8
CCGTGGAGTTAAGAAC-1_GSM4013384,9
TCAGCTCGTGTTTGTG-1_GSM4013384,8
AAAGATGGTGGCGAAT-1_GSM4013384,13
ATTGGACGTCGGGTCT-1_GSM4013384,9
GAGCAGAGTCTCTTAT-1_GSM4013384,0
ATTGGACCATCGGTTA-1_GSM4013384,0
CTTAACTCAGCTCGAC-1_GSM4013384,15
TTTCCTCAGGGATACC-1_GSM4013384,14
CTCCTAGCATGGATGG-1_GSM4013384,7
CGATTGATCGACAGCC-1_GSM4013384,0
TAGGCATTCTAACTCT-1_GSM4013384,8
TGCACCTCATGCCACG-1_GSM4013384,9
GGAGCAACACGGATAG-1_GSM4013384,14
TTGCCGTCATCCGCGA-1_GSM4013384,4
TCAGGATGTCTCATCC-1_GSM4013384,8
TACAGTGCAGATCTGT-1_GSM4013384,5
AGGTCCGCAAGCTGTT-1_GSM4013384,13
CGATGGCAGTGCAAGC-1_GSM4013384,5
GACCTGGGTAGTAGTA-1_GSM4013384,8
CAGCTAATCGAACGGA-1_GSM4013384,8
ACACCCTCAGAGTGTG-1_GSM4013384,6
GGGTCTGAGCTACCTA-1_GSM4013384,7
ACGCAGCGTATAATGG-1_GSM4013384,13
TCAGGTACAGTCGTGC-1_GSM4013384,17
AGATCTGGTTTAAGCC-1_GSM4013384,8
GACTGCGTCTTCCTTC-1_GSM4013384,9
GATCGATAGACTCGGA-1_GSM4013384,8
GTCACGGGTGCATCTA-1_GSM4013384,14
ACTGAGTAGGTACTCT-1_GSM4013384,14
AACGTTGTCCACGAAT-1_GSM4013384,0
CCTAAAGAGTGATCGG-1_GSM4013384,13
CCCATACTCGAATCCA-1_GSM4013384,14
GTTCTCGTCTGTCTAT-1_GSM4013384,8
TGTATTCGTCCCTACT-1_GSM4013384,0
ATCGAGTGTGGCTCCA-1_GSM4013384,7
CGTGTAACAGACGTAG-1_GSM4013384,3
CGAGCACCAAGCGATG-1_GSM4013384,8
TGGGAAGAGGCTAGGT-1_GSM4013384,4
TGACAACCAGCTGTTA-1_GSM4013384,8
CTCTGGTCATGGGACA-1_GSM4013384,10
GCGAGAACATCGATGT-1_GSM4013384,0
AACTCCCAGAGTAAGG-1_GSM4013384,9
TTGGCAATCTTAGAGC-1_GSM4013384,13
AACACGTGTACGCACC-1_GSM4013384,9
CGCTGGAGTACAGCAG-1_GSM4013384,8
GGGCACTCAAATACAG-1_GSM4013384,17
CTAAGACGTTCGGGCT-1_GSM4013384,0
TACGGTAGTAGCCTCG-1_GSM4013384,6
TACGGTATCGCTAGCG-1_GSM4013384,17
TACAGTGCAGACTCGC-1_GSM4013384,8
AGAGCGATCGTTGACA-1_GSM4013384,0
CTACGTCTCTCTTATG-1_GSM4013384,6
CAGTCCTAGAGGTTGC-1_GSM4013384,8
GTATTCTGTCGGGTCT-1_GSM4013384,9
GCACATAGTGACGCCT-1_GSM4013384,12
CCACCTAGTAGCCTAT-1_GSM4013384,8
GCGACCAGTCTGCAAT-1_GSM4013384,10
TGGCTGGCAATGCCAT-1_GSM4013384,6
CACATAGTCTGTTGAG-1_GSM4013384,5
GAATAAGAGATCTGCT-1_GSM4013384,4
CAGGTGCGTGTGGCTC-1_GSM4013384,9
ATTACTCTCTCAAACG-1_GSM4013384,7
CAACTAGGTAGCGTCC-1_GSM4013384,9
CCCAATCGTGACGGTA-1_GSM4013384,1
TATCTCATCTGTGCAA-1_GSM4013384,12
GTGAAGGAGTAATCCC-1_GSM4013384,9
GGGTTGCAGCTTCGCG-1_GSM4013384,4
TGGTTAGCAACGATGG-1_GSM4013384,5
GGCCGATTCAGAGCTT-1_GSM4013384,7
GTATTCTGTCACCTAA-1_GSM4013384,10
TAAGTGCGTAGGACAC-1_GSM4013384,5
AAAGTAGAGTCAATAG-1_GSM4013384,4
TGACTTTAGGTTACCT-1_GSM4013384,8
AAATGCCAGAATGTTG-1_GSM4013384,10
CAGATCAAGAAGGACA-1_GSM4013384,6
GCTCCTATCTAAGCCA-1_GSM4013384,9
GGGAGATAGGACGAAA-1_GSM4013384,10
ACTATCTGTGTTTGTG-1_GSM4013384,7
GTGTGCGGTTATCCGA-1_GSM4013384,6
CCCATACCACACCGCA-1_GSM4013384,13
GCGGGTTTCGGCATCG-1_GSM4013384,7
TTTCCTCAGCCACCTG-1_GSM4013384,0
GCTCCTAAGACTACAA-1_GSM4013384,16
GTCTTCGGTCGCGAAA-1_GSM4013384,9
TTAACTCGTGGGTCAA-1_GSM4013384,17
ATAAGAGGTCCCTTGT-1_GSM4013384,8
CGGACGTCAGACGTAG-1_GSM4013384,6
TTTACTGCATTGTGCA-1_GSM4013384,0
GTTAAGCTCTGTGCAA-1_GSM4013384,10
CTCTGGTGTACATCCA-1_GSM4013384,1
GAGCAGATCTTGTATC-1_GSM4013384,14
GACTGCGGTCCGTTAA-1_GSM4013384,4
TCGTACCGTATCGCAT-1_GSM4013384,9
GTAGTCAAGCGTTCCG-1_GSM4013384,7
TACTCATTCGTTACGA-1_GSM4013384,5
CGATGGCCAGGGTATG-1_GSM4013384,1
TACTTACTCGAGAACG-1_GSM4013384,16
TGGTTAGCAATGGAAT-1_GSM4013384,9
TGGCGCACACCTCGTT-1_GSM4013384,9
CAGTAACCAGGATTGG-1_GSM4013384,3
ACTGAACTCCGTTGTC-1_GSM4013384,10
CGACCTTCACCCAGTG-1_GSM4013384,8
AACGTTGAGTCGTTTG-1_GSM4013384,9
ATTCTACAGTAGCGGT-1_GSM4013384,7
TGCACCTCACCCATGG-1_GSM4013384,12
GGGATGACAGGGTTAG-1_GSM4013384,9
GGTGCGTAGGGAAACA-1_GSM4013384,8
CACACTCCACTGCCAG-1_GSM4013384,8
CGTGTAATCGTTGACA-1_GSM4013384,9
ATCTGCCGTAGCGCAA-1_GSM4013384,14
CATGACACAATAGAGT-1_GSM4013384,14
GACTGCGCAATCCAAC-1_GSM4013384,13
TAGCCGGAGCACACAG-1_GSM4013384,7
TAGTTGGCAGGGAGAG-1_GSM4013384,17
TGAGGGATCACTTATC-1_GSM4013384,16
GCGCCAACAATGGAGC-1_GSM4013384,15
AGATTGCTCTGGCGAC-1_GSM4013384,16
ATCTACTCAGCTGCAC-1_GSM4013384,8
GCTGGGTTCACAACGT-1_GSM4013384,8
TGAGCCGTCAGGTTCA-1_GSM4013384,13
CTGCTGTGTCGTTGTA-1_GSM4013384,0
AGATTGCAGGTGCACA-1_GSM4013384,4
GTAACGTTCTAAGCCA-1_GSM4013384,6
GCGGGTTAGATACACA-1_GSM4013384,13
GGTGCGTGTTGCTCCT-1_GSM4013384,4
TCAACGAAGGCAATTA-1_GSM4013384,17
ACATGGTTCTGAGGGA-1_GSM4013384,9
ATCACGATCGTTTAGG-1_GSM4013384,9
ATGCGATAGATAGGAG-1_GSM4013384,10
GCTGCAGTCAGTTTGG-1_GSM4013384,1
GACGGCTCATCGATTG-1_GSM4013384,0
GTAGGCCTCGAGAGCA-1_GSM4013384,3
GATCGTATCTCTAAGG-1_GSM4013384,13
TCGTAGAAGATCCCGC-1_GSM4013384,15
GCAGCCACATTGTGCA-1_GSM4013384,17
TTCTCCTAGAATTGTG-1_GSM4013384,6
CCTATTAGTATAGGGC-1_GSM4013384,9
CGGACACCATAGACTC-1_GSM4013384,1
GCTGCTTGTCTAGTGT-1_GSM4013384,7
AAACCTGCATGGGACA-1_GSM4013384,15
TAGGCATTCGTCCGTT-1_GSM4013384,13
AAGACCTAGCTAACTC-1_GSM4013384,13
TGAGCATCAGGTGCCT-1_GSM4013384,9
GTGCTTCGTCACCCAG-1_GSM4013384,14
CGTCAGGAGTACGTAA-1_GSM4013384,4
ACACCCTTCGGAGGTA-1_GSM4013384,1
TAGACCAAGATACACA-1_GSM4013384,5
GGTGAAGGTGCGCTTG-1_GSM4013384,9
GGATGTTGTCGGGTCT-1_GSM4013384,9
CCAATCCTCTTCCTTC-1_GSM4013384,17
CAGTCCTCAGTTCCCT-1_GSM4013384,8
CAGCAGCGTTATTCTC-1_GSM4013384,15
TACCTTAAGTGTTAGA-1_GSM4013384,6
AGGGAGTAGTGAATTG-1_GSM4013384,1
CTTCTCTTCCGTCATC-1_GSM4013384,4
CATCAAGGTGCACTTA-1_GSM4013384,4
TGCGCAGTCCACGCAG-1_GSM4013384,1
GCACTCTAGAACAATC-1_GSM4013384,1
TCGCGTTGTGAGGGTT-1_GSM4013384,6
TCTTTCCGTTCAGGCC-1_GSM4013384,6
CCTCTGAAGACCACGA-1_GSM4013384,8
AAGCCGCTCTCACATT-1_GSM4013384,16
GTATCTTCATTGAGCT-1_GSM4013384,15
CCTCTGAAGACTCGGA-1_GSM4013384,9
CGGAGTCAGCTATGCT-1_GSM4013384,5
TTGCCGTAGTTGTCGT-1_GSM4013384,6
CGATGTAGTTGGACCC-1_GSM4013384,15
CCACTACAGACTGTAA-1_GSM4013384,8
GTAACGTGTTATCCGA-1_GSM4013384,4
CTCTAATCATCCTAGA-1_GSM4013384,8
CATTATCAGCCCGAAA-1_GSM4013384,10
GAGTCCGCACGCGAAA-1_GSM4013384,13
ACGATACCAGCTGCTG-1_GSM4013384,8
TATCAGGCAACGATGG-1_GSM4013384,3
CTCGGAGGTCGGCACT-1_GSM4013384,8
TAGTGGTAGATGTTAG-1_GSM4013384,9
CTGATCCCATAACCTG-1_GSM4013384,1
GGCAATTAGATAGTCA-1_GSM4013384,13
CGACCTTAGTAAGTAC-1_GSM4013384,1
TATGCCCCAATGGATA-1_GSM4013384,14
ATAGACCCAGGACCCT-1_GSM4013384,1
AACCGCGGTCTCTCGT-1_GSM4013384,16
ATGGGAGGTAGCGTGA-1_GSM4013384,5
GTTCGGGTCAAGGTAA-1_GSM4013384,0
ACCAGTATCTGGCGTG-1_GSM4013384,10
GAATAAGTCGATCCCT-1_GSM4013384,6
ATTCTACTCATAGCAC-1_GSM4013384,8
TGCGCAGGTACATCCA-1_GSM4013384,0
GTACTCCCAGGCGATA-1_GSM4013384,7
ATTATCCCATTACGAC-1_GSM4013384,8
GACTGCGGTCCAACTA-1_GSM4013384,4
CCACTACCATCGATGT-1_GSM4013384,13
GGTGCGTTCGCAAACT-1_GSM4013384,16
TTGAACGGTCATGCCG-1_GSM4013384,14
GTGTGCGAGCTCCTTC-1_GSM4013384,8
AAGCCGCGTCTTCAAG-1_GSM4013384,6
CCATTCGCACGTAAGG-1_GSM4013384,1
GTACTTTAGTGTGAAT-1_GSM4013384,15
CGAGCCATCCTACAGA-1_GSM4013384,4
TACCTTACAGCCACCA-1_GSM4013384,6
CTACATTTCTGCTTGC-1_GSM4013384,4
CACACAAAGTGGCACA-1_GSM4013384,4
ACACCGGAGCGTGAAC-1_GSM4013384,7
GACGTGCAGTGTACTC-1_GSM4013384,16
GAACGGATCGAATGCT-1_GSM4013384,9
CTGCTGTCACTGCCAG-1_GSM4013384,8
AACCGCGAGGGTTCCC-1_GSM4013384,9
AACTGGTTCCTAAGTG-1_GSM4013384,5
CGTCCATAGGTAAACT-1_GSM4013384,9
CTACCCACATGTTCCC-1_GSM4013384,14
TCAGGATCACCCTATC-1_GSM4013384,9
GCAGTTACAAAGTCAA-1_GSM4013384,16
GATGAGGCACTGTGTA-1_GSM4013384,12
TTAGTTCTCTTCTGGC-1_GSM4013384,8
GACTAACTCTTACCTA-1_GSM4013384,14
TACTCATAGGTGTTAA-1_GSM4013384,14
TTCTCCTTCAATAAGG-1_GSM4013384,4
CGAGAAGTCATGTAGC-1_GSM4013384,10
CATATGGGTTCGTGAT-1_GSM4013384,9
TCTTCGGCAAACAACA-1_GSM4013384,8
ATCATCTGTGTGAATA-1_GSM4013384,12
AAAGATGCACGACTCG-1_GSM4013384,4
AACGTTGAGGCCCTCA-1_GSM4013384,14
AAGCCGCGTGACGCCT-1_GSM4013384,4
GTCATTTTCAGGCCCA-1_GSM4013384,0
CCGGTAGGTGAGTATA-1_GSM4013384,0
ACGCAGCAGGCCGAAT-1_GSM4013384,4
AGCAGCCAGGGTATCG-1_GSM4013384,15
TGCGGGTCATTCTTAC-1_GSM4013384,9
ATTGGACGTCGGCATC-1_GSM4013384,13
GTTTCTAGTATCGCAT-1_GSM4013384,14
GGGATGACAGCTGCAC-1_GSM4013384,9
GCGCAGTAGCCACCTG-1_GSM4013384,0
CGTCTACTCATTTGGG-1_GSM4013384,16
ATCATCTGTGGAAAGA-1_GSM4013384,14
CCTTACGCAACTGGCC-1_GSM4013384,15
ACTGCTCCATGCCTAA-1_GSM4013384,13
ATTATCCCACCGGAAA-1_GSM4013384,14
CCAGCGAGTCTAACGT-1_GSM4013384,17
GAACCTAAGAAAGTGG-1_GSM4013384,4
GGTATTGCACCGAATT-1_GSM4013384,17
GTAGGCCTCCTGTACC-1_GSM4013384,5
GGGAATGTCCGTCATC-1_GSM4013384,8
CATGACAGTGTAACGG-1_GSM4013384,9
AGGTCATTCAAGGTAA-1_GSM4013384,6
ACTGCTCCAGATAATG-1_GSM4013384,5
TGACTAGTCCGTACAA-1_GSM4013384,9
GCATACACAGTATGCT-1_GSM4013384,14
GTAGGCCCAGTGACAG-1_GSM4013384,1
CGCGTTTAGTTGTCGT-1_GSM4013384,1
TTCGGTCAGTAGCCGA-1_GSM4013384,12
TCAGCAATCGAATGCT-1_GSM4013384,9
GAATAAGCACCAGCAC-1_GSM4013384,9
CAGTAACCATGTCGAT-1_GSM4013384,8
CGATGGCCAATAAGCA-1_GSM4013384,9
CCTAAAGAGCGAAGGG-1_GSM4013384,0
TGAGCCGGTCAGCTAT-1_GSM4013384,8
CACCAGGCAGCCAGAA-1_GSM4013384,8
TACTCGCTCTAACGGT-1_GSM4013384,16
ACTATCTCATGACGGA-1_GSM4013384,16
TCGCGTTGTGACTCAT-1_GSM4013384,8
ATCATGGCACGAAAGC-1_GSM4013384,16
GATGCTAGTTGCTCCT-1_GSM4013384,12
GCTCTGTCATCACAAC-1_GSM4013384,10
CTCAGAAAGCATCATC-1_GSM4013384,8
CCTTCGAGTGGTACAG-1_GSM4013384,6
GTGCAGCCATTGAGCT-1_GSM4013384,15
TACTCATAGTGCTGCC-1_GSM4013384,9
GTAGTCAAGCAACGGT-1_GSM4013384,4
GTAGGCCGTGCAGGTA-1_GSM4013384,10
GGCTCGACACACCGCA-1_GSM4013384,9
CTCCTAGCAAACCCAT-1_GSM4013384,15
CGAATGTGTTACGCGC-1_GSM4013384,14
ACACCGGCAATAAGCA-1_GSM4013384,16
TCAGATGCAATAAGCA-1_GSM4013384,1
ATCATCTGTCGATTGT-1_GSM4013384,8
CGCTTCAAGTGGGTTG-1_GSM4013384,4
CTCGGGAGTGTGCGTC-1_GSM4013384,16
CACTCCAAGGTGCTTT-1_GSM4013384,8
GTGGGTCGTCTTTCAT-1_GSM4013384,6
CGAGCACTCAGCACAT-1_GSM4013384,9
CTACCCACATCTCGCT-1_GSM4013384,10
AGCCTAATCCACGCAG-1_GSM4013384,10
AAACCTGCACCCTATC-1_GSM4013384,9
AAGCCGCGTGCAGTAG-1_GSM4013384,15
CCCATACAGTGGTAAT-1_GSM4013384,9
CTAGTGACACGCCAGT-1_GSM4013384,7
CAGATCAAGGTAAACT-1_GSM4013384,6
TCTATTGTCTGTTTGT-1_GSM4013384,16
AAGGAGCCACCAGGTC-1_GSM4013384,1
GCCTCTATCCGTCATC-1_GSM4013384,5
CTACACCCAATAACGA-1_GSM4013384,13
ACTTACTTCTGGTATG-1_GSM4013384,4
ACACCCTTCGACAGCC-1_GSM4013384,8
TCTTCGGTCACCATAG-1_GSM4013384,0
AGCGTATCAGATTGCT-1_GSM4013384,6
CGCGGTAAGATACACA-1_GSM4013384,3
GGGATGACAGGAACGT-1_GSM4013384,8
TCTTCGGGTCGGATCC-1_GSM4013384,7
TGAGCATTCGATGAGG-1_GSM4013384,17
CACCAGGAGTTCGATC-1_GSM4013384,15
ACACCGGGTCTCGTTC-1_GSM4013384,0
GTAACTGAGGGATACC-1_GSM4013384,15
CATCGGGGTTAGTGGG-1_GSM4013384,15
GTCACGGGTTGACGTT-1_GSM4013384,15
ACGCAGCAGACCCACC-1_GSM4013384,4
CTCGGGACAAATACAG-1_GSM4013384,9
CGTCTACCAGGACCCT-1_GSM4013384,4
ATCACGAAGTGGGCTA-1_GSM4013384,6
CTACCCACAAAGAATC-1_GSM4013384,4
CCGGGATAGATCCCGC-1_GSM4013384,8
GTCAAGTCAGTTCCCT-1_GSM4013384,9
AGCGTATGTTCCAACA-1_GSM4013384,9
GCTCTGTCATGCTAGT-1_GSM4013384,4
ATTTCTGTCCAGGGCT-1_GSM4013384,16
GGAGCAAAGTGGTAAT-1_GSM4013384,8
GTTCATTAGGAGTTGC-1_GSM4013384,6
TTGCCGTAGGTCATCT-1_GSM4013384,4
CTCCTAGCAATAAGCA-1_GSM4013384,8
ACGGAGAAGGCATTGG-1_GSM4013384,4
CCGTTCAGTCAGTGGA-1_GSM4013384,9
GACGTGCAGTGTGGCA-1_GSM4013384,15
GATCTAGAGGATGGAA-1_GSM4013384,14
ACATGGTAGTCAATAG-1_GSM4013384,9
GATGAAAGTGTGACGA-1_GSM4013384,15
GTCTTCGCAATTCCTT-1_GSM4013384,12
TGATTTCAGTGTCTCA-1_GSM4013384,9
CACATAGGTCCTCCAT-1_GSM4013384,4
ACGAGGAAGACTGTAA-1_GSM4013384,8
TGACAACCACGGCTAC-1_GSM4013384,10
CACCTTGAGTTGAGTA-1_GSM4013384,4
AGTGAGGGTGTAATGA-1_GSM4013384,8
GCGCAACAGTCCGGTC-1_GSM4013384,9
CGAACATTCTAGAGTC-1_GSM4013384,4
AACTTTCTCAGCTCTC-1_GSM4013384,8
GATTCAGAGTAGATGT-1_GSM4013384,6
CGTTCTGAGGCTCATT-1_GSM4013384,4
GAGGTGAAGAGACTTA-1_GSM4013384,17
CCCAATCGTTCAACCA-1_GSM4013384,12
CGGACTGGTCCGTTAA-1_GSM4013384,10
GGGTTGCAGAGCTGGT-1_GSM4013384,9
TACGGGCAGGAACTGC-1_GSM4013384,16
AGAATAGAGGCGACAT-1_GSM4013384,4
GACTAACTCTCTAAGG-1_GSM4013384,8
CGTGAGCTCGCGGATC-1_GSM4013384,0
TACTTGTGTTAAGTAG-1_GSM4013384,9
GCAAACTTCGGACAAG-1_GSM4013384,15
AGGCCACAGCTGAACG-1_GSM4013384,14
GCGCGATAGGTTACCT-1_GSM4013384,14
GCATACATCTCTAAGG-1_GSM4013384,8
CAGCATAAGTGTTAGA-1_GSM4013384,7
CTCACACCAGCGTTCG-1_GSM4013384,3
CGCTTCACATGCAATC-1_GSM4013384,6
GCATGATAGCTGAACG-1_GSM4013384,17
ACTGAGTGTTGGACCC-1_GSM4013384,8
TTGACTTTCAACACAC-1_GSM4013384,14
CTTTGCGTCGCCTGTT-1_GSM4013384,14
CTACATTGTATCAGTC-1_GSM4013384,14
AGGGAGTCACACCGAC-1_GSM4013384,1
TACGGTACATGAAGTA-1_GSM4013384,9
ATGTGTGGTTACCGAT-1_GSM4013384,8
TGCCCATTCCCTAACC-1_GSM4013384,3
GTTCATTTCTGTCCGT-1_GSM4013384,16
GCTGCAGAGACTTTCG-1_GSM4013384,8
TCAGGTAAGTGTCCCG-1_GSM4013384,4
CTGGTCTGTCGAATCT-1_GSM4013384,14
AGTAGTCGTACTTCTT-1_GSM4013384,9
CGTCACTCACGACTCG-1_GSM4013384,5
CGAATGTCAACGCACC-1_GSM4013384,9
TAAGCGTAGTTATCGC-1_GSM4013384,1
TCTATTGAGCTGTTCA-1_GSM4013384,8
CGTTAGAGTACATGTC-1_GSM4013384,1
AGATTGCAGCAGGTCA-1_GSM4013384,10
ACTGATGTCCGTAGTA-1_GSM4013384,9
ACTGCTCAGTAGATGT-1_GSM4013384,4
TCTTCGGAGAATAGGG-1_GSM4013384,14
TGCCAAAGTAAATGTG-1_GSM4013384,9
AGCGGTCTCTGCGGCA-1_GSM4013384,5
CTAACTTCAGTATGCT-1_GSM4013384,4
AGCGTCGCAAGCTGGA-1_GSM4013384,16
ACGGGCTGTCGACTAT-1_GSM4013384,14
CTACGTCTCACCGGGT-1_GSM4013384,8
AGTCTTTAGGTGCAAC-1_GSM4013384,6
TAAACCGGTCGGCTCA-1_GSM4013384,8
TGGCGCAAGACCACGA-1_GSM4013384,16
CATGGCGGTCAGATAA-1_GSM4013384,3
GGAACTTGTATAGGGC-1_GSM4013384,9
CCTCTGAAGATGAGAG-1_GSM4013384,4
ACCTTTAAGGCCGAAT-1_GSM4013384,16
GCCAAATAGTCTCGGC-1_GSM4013384,1
GCATGTATCCCACTTG-1_GSM4013384,14
GGCGACTGTCCGACGT-1_GSM4013384,4
GCACTCTCACACATGT-1_GSM4013384,8
CCCAGTTCATCGGGTC-1_GSM4013384,14
GTGCATATCACAGTAC-1_GSM4013384,6
TTGGCAAAGCCGTCGT-1_GSM4013384,16
CCTACCAAGAGGTTAT-1_GSM4013384,1
GCTCTGTGTCCGAACC-1_GSM4013384,5
CATGCCTTCATCATTC-1_GSM4013384,1
AAGGTTCCAACACGCC-1_GSM4013384,16
TACAGTGTCCAAGTAC-1_GSM4013384,15
ATCTACTCACTTCGAA-1_GSM4013384,14
AGAGTGGCAAGCGCTC-1_GSM4013384,0
CGCGGTAAGACGCAAC-1_GSM4013384,8
ACACCGGGTTGGTGGA-1_GSM4013384,9
GTAACGTGTGTTAAGA-1_GSM4013384,16
CCCATACAGGGAGTAA-1_GSM4013384,9
CCACGGATCGAGCCCA-1_GSM4013384,13
TGGCGCAGTCCCTACT-1_GSM4013384,4
TTTCCTCTCACAAACC-1_GSM4013384,6
CACATTTCACGGCCAT-1_GSM4013384,12
GCTGCTTCAGTCGTGC-1_GSM4013384,10
CGATTGATCGGTGTTA-1_GSM4013384,4
CTCTAATGTCCGTGAC-1_GSM4013384,6
GTTTCTAAGTACGCCC-1_GSM4013384,16
CCCTCCTAGAGGTAGA-1_GSM4013384,15
CCCTCCTTCCGGGTGT-1_GSM4013384,14
CAGCATAAGAGAGCTC-1_GSM4013384,0
ACGGGTCAGAGGTAGA-1_GSM4013384,5
AGAGTGGTCCAATGGT-1_GSM4013384,3
GAGGTGATCTGATTCT-1_GSM4013384,8
CAGAGAGAGATGTCGG-1_GSM4013384,15
AGGCCGTGTTGTCTTT-1_GSM4013384,10
GGGTCTGTCTGCCCTA-1_GSM4013384,10
CTCGAGGCACCTTGTC-1_GSM4013384,1
CTACATTCACCCATGG-1_GSM4013384,9
TGCGGGTTCAATACCG-1_GSM4013384,4
TGCGCAGAGAGGTTAT-1_GSM4013384,15
GAACCTAGTTGTACAC-1_GSM4013384,14
GGCTCGAGTGTGCGTC-1_GSM4013384,9
TTTCCTCCAGCCTTTC-1_GSM4013384,1
GTAACGTTCAACCATG-1_GSM4013384,9
GATCTAGAGTCGTACT-1_GSM4013384,16
CACACCTGTGCTCTTC-1_GSM4013384,14
GTCAAGTTCGAATGGG-1_GSM4013384,6
GTATCTTTCAAGGCTT-1_GSM4013384,15
ACGCCAGAGGACTGGT-1_GSM4013384,16
CACACCTGTCTGATCA-1_GSM4013384,16
ATTTCTGGTAGGACAC-1_GSM4013384,4
TCAACGAAGGAATGGA-1_GSM4013384,16
GTTCATTAGCAATATG-1_GSM4013384,14
CGCTATCGTCATGCAT-1_GSM4013384,10
TGCCAAATCGGCGCAT-1_GSM4013384,15
TACTCGCGTGTGCGTC-1_GSM4013384,10
TGACAACTCTCGAGTA-1_GSM4013384,9
GAAGCAGGTCTGCCAG-1_GSM4013384,6
CGCGGTACATGGTTGT-1_GSM4013384,4
ACACTGAGTTAAGAAC-1_GSM4013384,15
GATCTAGAGCGTCAAG-1_GSM4013384,8
CAGCGACGTCAACATC-1_GSM4013384,16
GACTAACGTACGAAAT-1_GSM4013384,15
TGCCCATCACCAGATT-1_GSM4013384,10
ATGAGGGGTACAGACG-1_GSM4013384,13
AGGTCATAGGCACATG-1_GSM4013384,16
ACGCCGAGTCAATGTC-1_GSM4013384,15
ATAAGAGGTGCACGAA-1_GSM4013384,4
CATATGGCAAGCCTAT-1_GSM4013384,10
ACTATCTTCCTGTAGA-1_GSM4013384,8
TTGCGTCGTACAGTGG-1_GSM4013384,6
TACCTTATCCGCTGTT-1_GSM4013384,16
CGTCACTTCGGTCCGA-1_GSM4013384,9
GCACATAGTGTAAGTA-1_GSM4013384,6
TAGGCATGTCCGTGAC-1_GSM4013384,4
TACCTTAAGTGGCACA-1_GSM4013384,14
CACAGTACATGGTCAT-1_GSM4013384,1
TACAGTGCAAGCTGAG-1_GSM4013384,0
TACCTTACACCGCTAG-1_GSM4013384,16
TGGCGCAGTGAGGGAG-1_GSM4013384,9
CCTCAGTTCCGTAGTA-1_GSM4013384,14
TGGCCAGTCACTTATC-1_GSM4013384,4
TGCACCTGTATCACCA-1_GSM4013384,8
CGAGCACTCTGGTGTA-1_GSM4013384,4
ATAGACCCATGGGACA-1_GSM4013384,13
AAATGCCCACGACTCG-1_GSM4013384,15
AGCTTGAAGTGTTTGC-1_GSM4013384,4
GTCACGGAGAGTGAGA-1_GSM4013384,9
GGAATAAGTGTTTGGT-1_GSM4013384,5
TGTTCCGAGTGGACGT-1_GSM4013384,15
CATGCCTCATTGAGCT-1_GSM4013384,8
TACTCATCATGGATGG-1_GSM4013384,15
TCTCATACATTCCTGC-1_GSM4013384,16
GGAATAATCGTAGATC-1_GSM4013384,18
AGCAGCCGTAACGCGA-1_GSM4013384,15
CATCCACTCCGCATAA-1_GSM4013384,14
CTGTTTATCACAAACC-1_GSM4013384,14
ATTGGACAGCGATGAC-1_GSM4013384,8
TCTGAGATCGGACAAG-1_GSM4013384,14
GCGACCACATATACGC-1_GSM4013384,8
AGCAGCCCATTTGCTT-1_GSM4013384,8
CCACCTACATTAGCCA-1_GSM4013384,14
TGAAAGATCCCTCAGT-1_GSM4013384,4
GCTCCTAGTTCCAACA-1_GSM4013384,14
CGTCAGGGTTCCGGCA-1_GSM4013384,4
GGCGACTTCGGAATCT-1_GSM4013384,16
ACATGGTCACCCATTC-1_GSM4013384,16
TGGACGCTCGTTTATC-1_GSM4013384,9
GGGAGATCAATGAATG-1_GSM4013384,14
GGGCATCCAGCCTATA-1_GSM4013384,6
TAAACCGTCGCCATAA-1_GSM4013384,10
GTCTCGTAGGACAGAA-1_GSM4013384,4
TGACTAGCAGGAATGC-1_GSM4013384,9
GCTGGGTAGACAGGCT-1_GSM4013384,9
GTATTCTTCTCTAGGA-1_GSM4013384,6
GGACAAGAGCTGAACG-1_GSM4013384,4
GGATGTTCACCACGTG-1_GSM4013384,4
ACATGGTCACAAGCCC-1_GSM4013384,14
AAGGTTCGTTCGAATC-1_GSM4013384,16
ACCCACTAGCGCCTCA-1_GSM4013384,15
GACTAACCACTACAGT-1_GSM4013384,10
CAGGTGCTCGTTGACA-1_GSM4013384,5
AGTGGGAAGTGTTGAA-1_GSM4013384,9
CGAGCCAGTACATGTC-1_GSM4013384,4
ACTTACTCAACTGCGC-1_GSM4013384,6
TCTATTGTCCTATTCA-1_GSM4013384,4
GGGCACTGTCGCATAT-1_GSM4013384,5
CGGAGTCCACATCCAA-1_GSM4013384,9
ACGTCAATCAGTTCGA-1_GSM4013384,1
CCTAGCTTCCCACTTG-1_GSM4013384,4
ACGGCCAGTAACGACG-1_GSM4013384,15
CGGACTGTCCAGATCA-1_GSM4013384,4
GCTGCAGCATCATCCC-1_GSM4013384,16
GGCCGATGTCCCTACT-1_GSM4013384,4
CATTCGCCAGATCTGT-1_GSM4013384,10
ACGAGCCTCACAAACC-1_GSM4013384,14
TCTATTGAGAATAGGG-1_GSM4013384,15
TCGGTAACACGGATAG-1_GSM4013384,4
TGGCTGGAGTCGTACT-1_GSM4013384,14
GATGAGGCATTGGCGC-1_GSM4013384,14
CATTCGCAGCGCTCCA-1_GSM4013384,6
AAATGCCTCCCAAGAT-1_GSM4013384,4
ATCATCTAGCTCAACT-1_GSM4013384,7
ACGAGCCTCGCCTGAG-1_GSM4013384,4
CTAACTTGTATGCTTG-1_GSM4013384,3
TGTCCCAAGCTTTGGT-1_GSM4013384,18
GTGGGTCGTGTAACGG-1_GSM4013384,16
AGGGAGTAGGATCGCA-1_GSM4013384,16
ACTGCTCGTAAAGGAG-1_GSM4013384,4
GATCTAGGTTCGGCAC-1_GSM4013384,15
ACTTTCATCCCATTAT-1_GSM4013384,4
CGATTGAGTAAACCTC-1_GSM4013384,16
TTAGTTCGTTCGTGAT-1_GSM4013384,4
GTCGGGTTCCTCCTAG-1_GSM4013384,14
GCTGGGTTCCAGATCA-1_GSM4013384,10
TCTTTCCCAAGACGTG-1_GSM4013384,1
GTACTCCGTGCACCAC-1_GSM4013384,4
TGCTACCTCGATGAGG-1_GSM4013384,5
TGTGTTTCAATGGTCT-1_GSM4013384,1
GCATACACAAGCCGTC-1_GSM4013384,4
GAAACTCAGACCTAGG-1_GSM4013384,10
AAACCTGAGATGCCTT-1_GSM4013384,5
CTTAGGAGTCTTGCGG-1_GSM4013384,5
GCAGCCAAGTACGTAA-1_GSM4013384,10
TTTGCGCCATGTCGAT-1_GSM4013384,15
CTACCCACACGTGAGA-1_GSM4013384,9
ATCTACTAGTCATCCA-1_GSM4013384,8
CAGAATCGTCTTCAAG-1_GSM4013384,9
CATCGAATCAAGATCC-1_GSM4013384,4
TACGGGCGTCGCGTGT-1_GSM4013384,14
CCCAATCTCTTTCCTC-1_GSM4013384,14
CATGGCGGTTTGTGTG-1_GSM4013384,15
TGAGCATGTCTCCCTA-1_GSM4013384,16
TACCTTAAGTGTGGCA-1_GSM4013384,16
TAAGCGTCATTGGTAC-1_GSM4013384,16
CATCAGAGTTATTCTC-1_GSM4013384,16
CGTTGGGTCGCCCTTA-1_GSM4013384,10
TGAGCCGCAAGCCCAC-1_GSM4013384,6
ACGCCAGAGCTTTGGT-1_GSM4013384,16
TGGGAAGCAAAGAATC-1_GSM4013384,8
CACCTTGAGTTTAGGA-1_GSM4013384,4
ATCGAGTGTGCTTCTC-1_GSM4013384,14
CTACATTCACCCATTC-1_GSM4013384,4
TGTATTCCACGCTTTC-1_GSM4013384,8
ACAGCCGAGAAGGGTA-1_GSM4013384,1
CCACTACCACCCATGG-1_GSM4013384,10
CTACACCCATCGGACC-1_GSM4013384,9
TAGTGGTAGAGGGCTT-1_GSM4013384,16
TATCAGGGTTCGCTAA-1_GSM4013384,4
AGCGTCGGTATAGGTA-1_GSM4013384,14
CCGTGGAAGACGCACA-1_GSM4013384,16
AACCATGAGGTGCAAC-1_GSM4013384,16
ATCCGAAGTCCGACGT-1_GSM4013384,8
ACCGTAAAGCCAGAAC-1_GSM4013384,16
TTCTACACACAGACAG-1_GSM4013384,10
ATGGGAGTCTGGCGAC-1_GSM4013384,0
GTCGGGTGTCTAACGT-1_GSM4013384,10
CTGCTGTAGCGCCTTG-1_GSM4013384,16
CTAGCCTCAGTCGATT-1_GSM4013384,4
CTCGAAAGTCGGATCC-1_GSM4013384,14
TGGACGCCAAGTAGTA-1_GSM4013384,15
CGTAGCGCATTAACCG-1_GSM4013384,10
ATTGGACAGCTAAACA-1_GSM4013384,14
TACAGTGTCGAACTGT-1_GSM4013384,15
ACGGGTCTCTGCAAGT-1_GSM4013384,15
TTGGAACGTACCAGTT-1_GSM4013384,10
AGAGTGGCAGGTTTCA-1_GSM4013384,6
AGCTCTCTCTGGCGTG-1_GSM4013384,15
GTCAAGTAGCGGCTTC-1_GSM4013384,16
CCCAGTTAGTTAACGA-1_GSM4013384,9
CTTGGCTTCAGCCTAA-1_GSM4013384,14
CCTCAGTGTGCAACGA-1_GSM4013384,10
ACTGTCCTCACGCGGT-1_GSM4013384,15
GGTGAAGAGAGTAATC-1_GSM4013384,8
GCCTCTACAGCGTCCA-1_GSM4013384,8
ACCCACTAGTACGCGA-1_GSM4013384,6
GGATTACAGGGATCTG-1_GSM4013384,1
TAGTTGGAGTCGTTTG-1_GSM4013384,13
GACTAACTCAAGATCC-1_GSM4013384,8
GATCGATTCCGTAGGC-1_GSM4013384,8
CTTACCGCAGTCAGCC-1_GSM4013384,1
CGGACACTCTGAGTGT-1_GSM4013384,1
CAACCAATCTCGGACG-1_GSM4013384,4
GGCTCGACACGGTAAG-1_GSM4013384,14
TTCCCAGGTTTAAGCC-1_GSM4013384,14
CTTAGGAGTCTTCTCG-1_GSM4013384,4
ACGGCCAAGGACATTA-1_GSM4013384,4
CGCTATCTCGGCATCG-1_GSM4013384,16
ATAAGAGTCACTATTC-1_GSM4013384,12
GTTCATTAGCCCGAAA-1_GSM4013384,9
ACACTGAAGACAGGCT-1_GSM4013384,9
GGGAGATGTCTGATTG-1_GSM4013384,14
CGGGTCATCATGCAAC-1_GSM4013384,10
AGCGGTCGTATTCGTG-1_GSM4013384,9
CGTAGCGAGATCCTGT-1_GSM4013384,4
GACTACAGTGCTGTAT-1_GSM4013384,10
GGGCACTTCTAACTCT-1_GSM4013384,16
GTGCAGCGTATCACCA-1_GSM4013384,14
CGGCTAGCAGTCAGAG-1_GSM4013384,15
GCAAACTGTTGGACCC-1_GSM4013384,4
AGCGTCGTCCCACTTG-1_GSM4013384,8
CATGGCGAGTCGCCGT-1_GSM4013384,16
GGAGCAATCCAGAAGG-1_GSM4013384,15
TGTGGTAAGGAGCGTT-1_GSM4013384,4
CGGACACAGAATTCCC-1_GSM4013384,6
TGACTAGAGAAACCAT-1_GSM4013384,3
AGACGTTAGGATGCGT-1_GSM4013384,14
GAACCTAAGACTTTCG-1_GSM4013384,16
TACTTGTAGATCCCGC-1_GSM4013384,4
CCTAGCTAGCTCCCAG-1_GSM4013384,10
CTAGCCTCAATGGAAT-1_GSM4013384,4
AGCTCTCAGCCAGTAG-1_GSM4013384,4
AGAGTGGCAGTAAGCG-1_GSM4013384,8
AGGGAGTAGTAGCGGT-1_GSM4013384,8
CTACATTGTCTCCCTA-1_GSM4013384,16
TCTGAGAGTTCTGAAC-1_GSM4013384,16
TCAGATGAGTGGGCTA-1_GSM4013384,6
GTACTTTGTCCGAGTC-1_GSM4013384,9
GGCGTGTCACCCTATC-1_GSM4013384,1
GTGCGGTTCACGAAGG-1_GSM4013384,6
TGAGCCGAGAAGATTC-1_GSM4013384,4
TGACGGCTCATACGGT-1_GSM4013384,8
TAAGAGATCAACCAAC-1_GSM4013384,8
CTCGGGAGTCGAGTTT-1_GSM4013384,4
GCTTCCAAGTAGTGCG-1_GSM4013384,4
GTAGGCCCACCAGTTA-1_GSM4013384,1
AGTTGGTGTACTTCTT-1_GSM4013384,16
CGTAGCGAGCGCTTAT-1_GSM4013384,10
AAGACCTGTTGAGTTC-1_GSM4013384,4
CATCGAAGTAGTAGTA-1_GSM4013384,4
CGGTTAAGTTCGTTGA-1_GSM4013384,14
CGAATGTGTAAGAGAG-1_GSM4013384,1
GACACGCTCCACGTTC-1_GSM4013384,9
GTAGTCATCAACCATG-1_GSM4013384,1
TTAGGACGTCGCTTTC-1_GSM4013384,9
TATTACCGTTCCACAA-1_GSM4013384,16
TGGCTGGCACCCAGTG-1_GSM4013384,8
TGTTCCGTCCTAGAAC-1_GSM4013384,3
GTCACAAGTCCCGACA-1_GSM4013384,8
CGGCTAGCACTTAAGC-1_GSM4013384,8
AGATCTGTCTCTGAGA-1_GSM4013384,15
ACGGAGAGTGGTACAG-1_GSM4013384,8
AACTGGTTCATAGCAC-1_GSM4013384,8
AGGCCGTCACTGTCGG-1_GSM4013384,16
TGAGAGGGTGTTTGTG-1_GSM4013384,10
CACATTTAGGGATCTG-1_GSM4013384,9
ACAGCCGAGCACACAG-1_GSM4013384,8
CAGCCGACACGTGAGA-1_GSM4013384,14
CAGCAGCGTCTAACGT-1_GSM4013384,14
CTCGAAATCTGACCTC-1_GSM4013384,4
CGTTAGACAGTCGATT-1_GSM4013384,8
GATCGCGGTCACCTAA-1_GSM4013384,16
GTCAAGTAGTTCGATC-1_GSM4013384,14
CATGCCTAGAGACTTA-1_GSM4013384,4
ACACTGAAGCTGAACG-1_GSM4013384,14
CGCTTCACAGTATCTG-1_GSM4013384,0
GACTGCGCATACAGCT-1_GSM4013384,8
GTGCTTCGTTGGTGGA-1_GSM4013384,8
CATTCGCTCAACACTG-1_GSM4013384,8
TGAGCATGTCCGAATT-1_GSM4013384,1
CGTTCTGGTCCGTGAC-1_GSM4013384,8
TAGACCACATTTCACT-1_GSM4013384,16
CAAGATCTCTGATACG-1_GSM4013384,8
TACACGAGTCATCCCT-1_GSM4013384,16
GTTAAGCCAGTTCCCT-1_GSM4013384,14
GGAAAGCGTTATTCTC-1_GSM4013384,14
AGGTCCGCACAGGAGT-1_GSM4013384,8
CGTGTCTGTCCTCTTG-1_GSM4013384,8
TCTCTAAAGTCAATAG-1_GSM4013384,16
GTCAAGTAGCTGTTCA-1_GSM4013384,8
GATTCAGTCGGACAAG-1_GSM4013384,10
TTTGTCACATTTGCCC-1_GSM4013384,8
TTCCCAGTCAATCACG-1_GSM4013384,0
CCTTCGACAATTCCTT-1_GSM4013384,14
ACATACGGTGATAAAC-1_GSM4013384,10
TGGTTCCTCCGGGTGT-1_GSM4013384,8
ACATACGCAGACACTT-1_GSM4013384,9
TTGGCAACAACGATGG-1_GSM4013384,8
CTGCCTACAGACAAAT-1_GSM4013384,8
AAAGATGCACAGCCCA-1_GSM4013384,14
AAATGCCGTGGCGAAT-1_GSM4013384,16
GTGCAGCTCGCCTGTT-1_GSM4013384,9
ATAGACCCAGTAAGCG-1_GSM4013384,8
TGAGCCGCATTGAGCT-1_GSM4013384,10
CTGAAGTCACGGACAA-1_GSM4013384,4
TATTACCAGGGAGTAA-1_GSM4013384,1
ACGATACAGAGGGATA-1_GSM4013384,8
GTGTTAGGTAGTGAAT-1_GSM4013384,8
GTGTGCGTCTCGTTTA-1_GSM4013384,3
GTATCTTCATGCAATC-1_GSM4013384,8
TACTCATGTCACAAGG-1_GSM4013384,3
ATTACTCGTTCTGAAC-1_GSM4013384,0
ACATGGTTCATCATTC-1_GSM4013384,4
CATGACACAGTCGATT-1_GSM4013384,9
AGGGTGATCAATAAGG-1_GSM4013384,4
TCGTAGATCGCGATCG-1_GSM4013384,9
AAGACCTCACCTTGTC-1_GSM4013384,4
GCAAACTAGGAGCGTT-1_GSM4013384,14
TTCTTAGAGAGATGAG-1_GSM4013384,8
GACGTTACACTTGGAT-1_GSM4013384,14
TGCCAAATCTAACGGT-1_GSM4013384,14
GCCAAATTCGTCCAGG-1_GSM4013384,4
GATGAGGAGATGTTAG-1_GSM4013384,4
ATGCGATGTCATATCG-1_GSM4013384,3
AAGTCTGAGAACAATC-1_GSM4013384,9
CAGCATAGTTATGCGT-1_GSM4013384,4
ACATCAGTCACTATTC-1_GSM4013384,16
TAGTTGGTCGGTCTAA-1_GSM4013384,4
GTTACAGGTAGGCTGA-1_GSM4013384,4
TGGGAAGAGGCATTGG-1_GSM4013384,14
TCATTACTCCTGCAGG-1_GSM4013384,8
ATTCTACAGGCTAGAC-1_GSM4013384,9
CGTCACTAGAAAGTGG-1_GSM4013384,4
TTTGCGCGTCATCCCT-1_GSM4013384,4
TTCTACAGTAGGGTAC-1_GSM4013384,4
GGCGTGTGTGAAAGAG-1_GSM4013384,13
GGCCGATAGGCCGAAT-1_GSM4013384,4
CGTAGCGCACCAACCG-1_GSM4013384,14
TGACAACTCAGCGATT-1_GSM4013384,0
CTGTGCTTCTGAGGGA-1_GSM4013384,7
AGGGATGCACACGCTG-1_GSM4013384,4
GACTACAGTAGCTGCC-1_GSM4013384,8
TCAGGTATCCACGTTC-1_GSM4013384,4
CACCACTAGCCAGTTT-1_GSM4013384,4
TTCTCAACACTTAAGC-1_GSM4013384,8
GCATGCGGTAGGCATG-1_GSM4013384,3
ACACTGAAGGGTGTGT-1_GSM4013384,3
CCTTCCCCATGGTCTA-1_GSM4013384,4
CCCAGTTCACCACCAG-1_GSM4013384,3
TCAGATGAGTTCCACA-1_GSM4013384,14
CAACCAAGTAATCGTC-1_GSM4013385,19
CTGTTTATCTTGCATT-1_GSM4013385,19
CGTCAGGAGCCACTAT-1_GSM4013385,19
TTTACTGAGGCAGGTT-1_GSM4013385,19
GCAGCCATCCAGATCA-1_GSM4013385,19
CGTCACTAGGAATCGC-1_GSM4013385,19
CATGCCTGTATATGAG-1_GSM4013385,19
TTTGGTTCACGTCAGC-1_GSM4013385,3
AGTAGTCGTAGATTAG-1_GSM4013385,19
ATTGGTGAGACAGACC-1_GSM4013385,19
AACTCCCTCAACTCTT-1_GSM4013385,19
TGTATTCAGGCCCGTT-1_GSM4013385,19
AGAGCTTAGGACCACA-1_GSM4013385,19
GCTTCCAGTTACGTCA-1_GSM4013385,19
CATATGGCAGTGGAGT-1_GSM4013385,19
GAACGGACACTCAGGC-1_GSM4013385,19
AGTGGGACAGTCACTA-1_GSM4013385,19
AGAGCTTAGTGGACGT-1_GSM4013385,19
TAAGTGCCAACTGGCC-1_GSM4013385,3
GTTTCTAAGTATCTCG-1_GSM4013385,19
CCGTACTCACCAGGTC-1_GSM4013385,19
GTTACAGGTCGGCACT-1_GSM4013385,19
CGGACGTGTCTAGGTT-1_GSM4013385,19
GACTGCGCAAGCCGCT-1_GSM4013385,19
TTTGCGCAGGTAGCCA-1_GSM4013385,19
CCTCTGATCCCACTTG-1_GSM4013385,19
ATTACTCTCGGTTAAC-1_GSM4013385,3
ACGATACTCACCTCGT-1_GSM4013385,19
AGAATAGTCCCTCAGT-1_GSM4013385,3
TGGGAAGGTCACCCAG-1_GSM4013385,19
TTAGGACGTTCAGACT-1_GSM4013385,19
CCGTGGATCGGATGTT-1_GSM4013385,19
CGGACACAGGTGGGTT-1_GSM4013385,19
CGTCCATTCACCATAG-1_GSM4013385,19
GTTCGGGTCCGTAGGC-1_GSM4013385,19
CCAATCCAGGCTCAGA-1_GSM4013385,19
TCTCTAAGTCCAGTTA-1_GSM4013385,19
TGAGCCGTCTCACATT-1_GSM4013385,19
ATCATCTAGACAAGCC-1_GSM4013385,19
TTTGTCATCTACTCAT-1_GSM4013385,19
CATTATCGTCGCGAAA-1_GSM4013385,19
AAGGTTCCAGCATGAG-1_GSM4013385,19
ACGGGCTCATTCTCAT-1_GSM4013385,19
CTCTGGTTCCTCAATT-1_GSM4013385,19
CCTACACCAGGGAGAG-1_GSM4013385,19
AGTAGTCTCAACGGCC-1_GSM4013385,19
GGAGCAATCGTGGTCG-1_GSM4013385,19
CATCGGGTCACGAAGG-1_GSM4013385,19
GATTCAGTCAAGAAGT-1_GSM4013385,19
CTTAGGAAGAATCTCC-1_GSM4013385,19
TCCCGATTCTAGAGTC-1_GSM4013385,19
CATTATCAGCACAGGT-1_GSM4013385,19
GTAACTGCAGTCGTGC-1_GSM4013385,19
CTCGTCAGTGCCTGCA-1_GSM4013385,19
AGGGAGTCAAATACAG-1_GSM4013385,19
TGCGGGTTCCGAACGC-1_GSM4013385,19
GAACCTAGTGTATGGG-1_GSM4013385,3
GAGGTGATCGAACGGA-1_GSM4013385,19
GGAACTTTCGGCCGAT-1_GSM4013385,19
AACACGTTCTGCCAGG-1_GSM4013385,19
CGGGTCATCTTACCGC-1_GSM4013385,19
GGGTTGCGTCTAGAGG-1_GSM4013385,19
CATTCGCCACCAGGCT-1_GSM4013385,19
TCGTACCTCTGAAAGA-1_GSM4013385,3
CGTCCATCAATGGAGC-1_GSM4013385,19
GCATGCGTCATGTCTT-1_GSM4013385,19
GGGCACTCAGGCAGTA-1_GSM4013385,19
GCCTCTACAATAGCAA-1_GSM4013385,19
GAAATGAGTAGCTCCG-1_GSM4013385,19
CACACCTAGAGATGAG-1_GSM4013385,19
ACCGTAAGTAGGACAC-1_GSM4013385,19
AGTGGGAGTGACTACT-1_GSM4013385,19
CTCCTAGTCGTCCGTT-1_GSM4013385,19
GGGACCTGTTACGGAG-1_GSM4013385,19
ACACCCTAGGTAAACT-1_GSM4013385,3
CGCTATCCACGGTTTA-1_GSM4013385,19
TGACAACAGGATATAC-1_GSM4013385,19
CTCACACCAACAACCT-1_GSM4013385,19
GCTGCAGGTGCCTGGT-1_GSM4013385,19
CCCAATCCACCCAGTG-1_GSM4013385,22
GCTGCGACATCGGAAG-1_GSM4013385,19
GGCCGATCATAAGACA-1_GSM4013385,19
TGGTTAGAGAGACTTA-1_GSM4013385,19
CAACTAGCACAGGAGT-1_GSM4013385,19
CAGAATCCAATCTACG-1_GSM4013385,19
TTCTCCTAGTTCGCGC-1_GSM4013385,19
GTGTTAGGTCGACTAT-1_GSM4013385,19
ACACCGGGTTATCGGT-1_GSM4013385,19
TCACGAATCACAGGCC-1_GSM4013385,19
GTTTCTATCCGCTGTT-1_GSM4013385,19
AGCATACTCAGTCCCT-1_GSM4013385,19
CTGATCCCAATGTTGC-1_GSM4013385,19
ACGGGCTTCACGCGGT-1_GSM4013385,19
TCGTACCTCGGCGCAT-1_GSM4013385,19
TTTCCTCAGTCTCCTC-1_GSM4013385,19
GATCGTATCCTGCCAT-1_GSM4013385,19
ATTACTCGTCAGGACA-1_GSM4013385,19
GGTGCGTTCGATAGAA-1_GSM4013385,19
TGGCTGGTCGACGGAA-1_GSM4013385,19
CATCAAGCATTAGCCA-1_GSM4013385,19
GGCTCGAAGAACAATC-1_GSM4013385,19
TGGTTCCGTGGGTCAA-1_GSM4013385,19
GTACTTTCATCCGCGA-1_GSM4013385,19
CACATTTGTAGTACCT-1_GSM4013385,19
GTGGGTCAGTGAAGTT-1_GSM4013385,19
GCGCAGTGTTGATTCG-1_GSM4013385,19
GTGGGTCAGAAGGACA-1_GSM4013385,19
CCACTACAGGATTCGG-1_GSM4013385,3
TTGTAGGTCTACCAGA-1_GSM4013385,19
TACCTTACAGATCTGT-1_GSM4013385,19
CAGAATCTCCCTAACC-1_GSM4013385,19
CTCGGGACATACCATG-1_GSM4013385,19
TCAGGTATCTTTAGGG-1_GSM4013385,19
GTCGTAACAAAGCAAT-1_GSM4013385,19
CATCGAAGTCGGGTCT-1_GSM4013385,19
CCTTCGACATAGGATA-1_GSM4013385,19
GTGCATAGTCTTTCAT-1_GSM4013385,19
TTCGGTCAGACTTGAA-1_GSM4013385,3
CTTAGGAGTAGCTCCG-1_GSM4013385,19
CATTATCCAGCGAACA-1_GSM4013385,19
CCACTACCAATCGGTT-1_GSM4013385,19
GTTACAGCATCTCGCT-1_GSM4013385,12
AGTCTTTTCGACAGCC-1_GSM4013385,19
GTGCTTCTCTCCCTGA-1_GSM4013385,19
ATTATCCAGTTACCCA-1_GSM4013385,22
TGGGCGTAGATGTAAC-1_GSM4013385,19
ACGCAGCGTAAGGGAA-1_GSM4013385,19
CATCAAGCATGAGCGA-1_GSM4013385,19
CCGGGATAGACACTAA-1_GSM4013385,19
AAATGCCCACGGCGTT-1_GSM4013385,19
GGGATGATCGGTCCGA-1_GSM4013385,19
CTAGAGTTCAAAGTAG-1_GSM4013385,19
CCATTCGTCCAAACTG-1_GSM4013385,19
CGTGAGCGTGGACGAT-1_GSM4013385,19
CAGCGACTCGCTTAGA-1_GSM4013385,19
TGCTGCTGTTAAAGTG-1_GSM4013385,19
ACGTCAATCGGAGGTA-1_GSM4013385,19
CTACACCGTTCTGGTA-1_GSM4013385,19
AAACGGGCACAACTGT-1_GSM4013385,19
TCAGCTCGTGTCAATC-1_GSM4013385,19
ACACTGACATTACGAC-1_GSM4013385,22
TCTTCGGCACGGCGTT-1_GSM4013385,19
TACAGTGGTGTGAATA-1_GSM4013385,19
AGTGTCACATCGACGC-1_GSM4013385,19
GGCTCGAAGAACTGTA-1_GSM4013385,19
CACCACTTCTATCCTA-1_GSM4013385,22
ATCACGACACCCAGTG-1_GSM4013385,19
AAAGATGGTCCCGACA-1_GSM4013385,3
AGTCTTTGTAGTACCT-1_GSM4013385,19
TCAGATGTCCTTTACA-1_GSM4013385,22
CGAATGTGTTACGACT-1_GSM4013385,19
AGTGTCACAAACGTGG-1_GSM4013385,19
GGGAATGTCGACAGCC-1_GSM4013385,5
AGGTCCGGTCGAATCT-1_GSM4013385,19
GACTACAAGGGATGGG-1_GSM4013385,1
ACTGAGTGTTTGTTGG-1_GSM4013385,19
CGGAGTCCATCCGTGG-1_GSM4013385,22
ACTGAACTCACCTCGT-1_GSM4013385,22
GTGTTAGGTAGATTAG-1_GSM4013385,12
ACGGGTCTCACCTTAT-1_GSM4013385,22
ACGGAGATCAGAAATG-1_GSM4013385,22
CTAATGGGTGGCTCCA-1_GSM4013385,12
TCAATCTTCCTGCAGG-1_GSM4013385,22
GGGTCTGCACCCATGG-1_GSM4013385,6
TGTCCCATCTCTAGGA-1_GSM4013385,12
AACTTTCAGACGCAAC-1_GSM4013385,22
CCACGGACAGTATAAG-1_GSM4013385,19
CTTCTCTAGGCGATAC-1_GSM4013385,22
ATTTCTGCAGACGCAA-1_GSM4013385,12
TGAGCATTCACGACTA-1_GSM4013385,19
TGCGGGTAGGAATTAC-1_GSM4013385,12
AACTTTCTCTTGAGAC-1_GSM4013385,22
CACACAATCTATCCCG-1_GSM4013385,22
CTCGTCAGTCTTCAAG-1_GSM4013385,22
CGTAGCGCACGAAACG-1_GSM4013385,19
GTGTGCGGTCCGTCAG-1_GSM4013385,19
TTAACTCGTGAAATCA-1_GSM4013385,19
GGCCGATGTGAACCTT-1_GSM4013385,19
GTCTTCGTCTGGAGCC-1_GSM4013385,19
CATCCACTCAACCAAC-1_GSM4013385,22
ATCACGAAGTCCCACG-1_GSM4013385,19
CATTCGCCAAACCTAC-1_GSM4013385,22
ACACCAAGTACCGTAT-1_GSM4013385,22
CTGCGGACAAAGTCAA-1_GSM4013385,12
GCAATCATCAGCAACT-1_GSM4013385,22
GTCTCGTGTTTGACAC-1_GSM4013385,1
TTCCCAGAGTGGGTTG-1_GSM4013385,19
GGCTGGTCAGCTGCAC-1_GSM4013385,22
GCAGTTACAGTTCATG-1_GSM4013385,19
TGAGGGACAAGCTGAG-1_GSM4013385,19
CTCGGAGAGAGCTGCA-1_GSM4013385,19
TAAACCGTCCGGCACA-1_GSM4013385,19
GAAGCAGTCAGATAAG-1_GSM4013385,22
TGTGGTAAGGTACTCT-1_GSM4013385,22
CCTTCGATCCACGAAT-1_GSM4013385,19
AGCCTAACACCTCGTT-1_GSM4013385,22
TGAGGGAAGGAGCGTT-1_GSM4013385,19
ACATGGTGTCTCATCC-1_GSM4013385,3
CTCATTAAGGGCTCTC-1_GSM4013385,22
AACTGGTAGCTAACTC-1_GSM4013385,22
TGTGTTTAGTCTCCTC-1_GSM4013385,12
GCATGTAAGCTGCGAA-1_GSM4013385,12
GACTACATCAGCTCTC-1_GSM4013385,22
CCACCTATCTCCGGTT-1_GSM4013385,22
TTCTTAGTCCAAGCCG-1_GSM4013385,22
CATCCACAGCTCTCGG-1_GSM4013385,22
AGAATAGCATTCTCAT-1_GSM4013385,19
CTCGTCAAGAGACGAA-1_GSM4013385,22
CAGCAGCAGCGGATCA-1_GSM4013385,22
CCTTCCCAGGCGATAC-1_GSM4013385,19
CTAGCCTTCTGCGGCA-1_GSM4013385,22
GCCTCTACAAACGCGA-1_GSM4013385,22
AGCAGCCTCCGTTGCT-1_GSM4013385,22
GGATGTTGTCAACATC-1_GSM4013385,22
GTGAAGGCATTATCTC-1_GSM4013385,22
CTCGTACGTTCGTCTC-1_GSM4013385,22
ACACCAAAGAATTGTG-1_GSM4013385,22
AAAGATGTCTTGTATC-1_GSM4013385,19
CGCTGGACAATAACGA-1_GSM4013385,22
CAGCAGCAGACTTGAA-1_GSM4013385,22
ACGGAGATCTTCGGTC-1_GSM4013385,22
GGGCATCAGGGTCTCC-1_GSM4013385,22
TGTCCCACACGAGGTA-1_GSM4013385,22
AGCGTCGCAAATACAG-1_GSM4013385,12
CCAGCGAGTTAGTGGG-1_GSM4013385,22
GTACGTAGTTACAGAA-1_GSM4013385,22
AAATGCCCATCGGGTC-1_GSM4013385,22
AGACGTTGTCAACTGT-1_GSM4013385,22
GCAGTTACACTTACGA-1_GSM4013385,22
CTCATTAGTTCACGGC-1_GSM4013385,21
CTCATTAAGGACCACA-1_GSM4013385,22
AGGGAGTTCAGATAAG-1_GSM4013385,22
ATCACGATCCACGAAT-1_GSM4013385,22
TTTGCGCGTTTGACAC-1_GSM4013385,22
CCGGTAGAGTCCATAC-1_GSM4013385,22
TACACGAGTTGGGACA-1_GSM4013385,22
GATGCTATCACATAGC-1_GSM4013385,22
CGAATGTGTAACGTTC-1_GSM4013385,22
ACACTGAAGTCAAGCG-1_GSM4013385,19
CCTACACCATCAGTAC-1_GSM4013385,3
GATCGTACAGGGATTG-1_GSM4013385,22
AAAGATGGTATATGAG-1_GSM4013385,22
GATGAGGAGTCTCAAC-1_GSM4013385,22
AGCGTCGTCGATGAGG-1_GSM4013385,19
GTTAAGCCATGCCTTC-1_GSM4013385,22
AGAGCGACAGCTCGCA-1_GSM4013385,22
CACAGTACATTAACCG-1_GSM4013385,22
CACATAGCATTGCGGC-1_GSM4013385,19
CTCCTAGTCAAACGGG-1_GSM4013385,22
AACTCAGGTAAGTAGT-1_GSM4013385,22
AGAATAGCACCGAAAG-1_GSM4013385,19
CTGAAACGTACAGCAG-1_GSM4013385,22
GTTCGGGCACCAGTTA-1_GSM4013385,22
TAAGCGTAGCGTGAAC-1_GSM4013385,22
CGGGTCATCACGCATA-1_GSM4013385,6
CCTCAGTTCCTAGTGA-1_GSM4013385,22
TGGCCAGTCTAACTCT-1_GSM4013385,22
CCTATTAGTCTCCCTA-1_GSM4013385,22
CTAGTGAGTGCAGTAG-1_GSM4013385,22
GCAGCCACAGTTCCCT-1_GSM4013385,22
TAGACCAGTACAGACG-1_GSM4013385,19
TAGGCATTCCTGTACC-1_GSM4013385,22
TGAGAGGTCAACCAAC-1_GSM4013385,22
GACTGCGGTAAATACG-1_GSM4013385,22
ACAGCTATCCAACCAA-1_GSM4013385,22
ACTGAGTTCGTCTGAA-1_GSM4013385,19
TTCCCAGAGAAGGACA-1_GSM4013385,19
CTGTGCTGTTTGTTTC-1_GSM4013385,22
GGGCATCCATGAAGTA-1_GSM4013385,19
AACACGTGTACGAAAT-1_GSM4013385,22
CTGAAACTCTAGAGTC-1_GSM4013385,19
TGGTTAGCACGTAAGG-1_GSM4013385,22
TTGTAGGAGCTTCGCG-1_GSM4013385,12
GGAGCAATCACATACG-1_GSM4013385,22
CAACCTCAGACTGGGT-1_GSM4013385,22
GCACTCTGTACATGTC-1_GSM4013385,22
CATATTCGTCGAGATG-1_GSM4013385,22
ACTGATGGTCTCAACA-1_GSM4013385,22
ACTTGTTTCCTGCCAT-1_GSM4013385,19
CTAGAGTCACGACGAA-1_GSM4013385,22
ACTTTCAGTCAAACTC-1_GSM4013385,22
TGGCCAGTCGTACGGC-1_GSM4013385,22
GTGTTAGTCAGGCAAG-1_GSM4013385,9
GGCGACTAGATAGCAT-1_GSM4013385,22
TCGCGTTCAAGGACAC-1_GSM4013385,22
CGCGTTTGTCTTTCAT-1_GSM4013385,22
CTCGAAATCCTCTAGC-1_GSM4013385,1
TCAGCTCTCCGCAGTG-1_GSM4013385,22
TAGACCATCGTTGCCT-1_GSM4013385,22
TCAGATGGTGTTGGGA-1_GSM4013385,22
AGACGTTCATGTCGAT-1_GSM4013385,22
GGCGACTTCCTCAATT-1_GSM4013385,19
CGTGAGCCAAGGACTG-1_GSM4013385,22
TGCCCATCAAGTTCTG-1_GSM4013385,19
GTCATTTAGAGCTGCA-1_GSM4013385,19
GGAAAGCGTATTACCG-1_GSM4013385,19
GGTGCGTGTTGCGTTA-1_GSM4013385,22
TAAGAGAAGGTTACCT-1_GSM4013385,22
CTACGTCCAACTGCTA-1_GSM4013385,22
AAATGCCAGAAACCGC-1_GSM4013385,22
GGAAAGCTCCCAAGTA-1_GSM4013385,22
ATCGAGTGTCGTTGTA-1_GSM4013385,22
CATGGCGAGTTACCCA-1_GSM4013385,12
TTTATGCCACGACGAA-1_GSM4013385,22
GAAACTCTCACGATGT-1_GSM4013385,6
ACGATACGTGGTAACG-1_GSM4013385,1
GCTGGGTCAAAGAATC-1_GSM4013385,22
TTCGGTCGTACCGCTG-1_GSM4013385,22
TTAGGACTCACGAAGG-1_GSM4013385,22
ACGGAGACAGCTGTTA-1_GSM4013385,19
CGATGTACAGAGCCAA-1_GSM4013385,22
CCCTCCTGTCGGATCC-1_GSM4013385,12
CTGAAACAGTACGCGA-1_GSM4013385,22
ACTTGTTTCGGTGTCG-1_GSM4013385,6
CCTATTATCTTGACGA-1_GSM4013385,22
TGTGGTAGTAGAGTGC-1_GSM4013385,19
TTTATGCCATTGGGCC-1_GSM4013385,3
GGGCACTTCTTCCTTC-1_GSM4013385,22
ACGAGGATCCCAGGTG-1_GSM4013385,22
GAACGGAAGGGAACGG-1_GSM4013385,22
GGCCGATGTTACCGAT-1_GSM4013385,22
TAAACCGGTGTTAAGA-1_GSM4013385,22
GGGATGACACTTCGAA-1_GSM4013385,5
CTCATTATCGACGGAA-1_GSM4013385,22
TTCTCCTTCGAGAACG-1_GSM4013385,22
CCACGGATCCAAGCCG-1_GSM4013385,22
GAATAAGAGGCTACGA-1_GSM4013385,22
CAAGAAATCCGCATCT-1_GSM4013385,19
GAACGGACAGTATAAG-1_GSM4013385,22
AGCTCTCGTCACAAGG-1_GSM4013385,22
CCCTCCTCACCAGATT-1_GSM4013385,22
ACTTTCATCGAACTGT-1_GSM4013385,22
GGACATTCATGCCACG-1_GSM4013385,22
TGAAAGAGTAAACCTC-1_GSM4013385,22
ATAACGCTCACTCCTG-1_GSM4013385,22
GATTCAGAGAGACTTA-1_GSM4013385,19
CAAGATCTCACAACGT-1_GSM4013385,19
TTATGCTCACCTATCC-1_GSM4013385,22
GGACGTCAGATCCGAG-1_GSM4013385,21
AAGGAGCGTCATCCCT-1_GSM4013385,22
GTGTGCGTCTTAACCT-1_GSM4013385,19
GGCCGATGTTATGCGT-1_GSM4013385,22
ACTGAACGTATCTGCA-1_GSM4013385,19
CTGAAACCACCAGTTA-1_GSM4013385,22
TGAAAGATCCGCAAGC-1_GSM4013385,22
CTCTGGTTCGAATGCT-1_GSM4013385,22
AGAGTGGGTTCGAATC-1_GSM4013385,22
GTCCTCACAAGCGATG-1_GSM4013385,22
CTGATAGAGAGTCGGT-1_GSM4013385,22
CCGTGGAGTGCGATAG-1_GSM4013385,22
GATCGATCATCTATGG-1_GSM4013385,22
GCCTCTAAGTAATCCC-1_GSM4013385,22
CATCAGAAGGCCCGTT-1_GSM4013385,22
AACTCCCAGCAGATCG-1_GSM4013385,22
AGGTCCGGTACTTCTT-1_GSM4013385,22
CTCGTCAAGTATCTCG-1_GSM4013385,22
GCTCCTAGTTGATTGC-1_GSM4013385,22
TTAGTTCAGTTAACGA-1_GSM4013385,1
GACGCGTTCGTGGTCG-1_GSM4013385,22
TGCGTGGCAAAGTCAA-1_GSM4013385,22
TCTCATATCTACTTAC-1_GSM4013385,22
CAGCGACAGCGATTCT-1_GSM4013385,22
GATGCTAGTGTGACCC-1_GSM4013385,22
TCGGTAAGTCAAACTC-1_GSM4013385,5
AGGTCCGGTCATGCAT-1_GSM4013385,22
GTGCGGTAGAGTCTGG-1_GSM4013385,12
GACGTTAAGCCAGTTT-1_GSM4013385,22
AAGTCTGAGGGTGTTG-1_GSM4013385,22
GTCAAGTTCACTATTC-1_GSM4013385,22
CATCAAGCACATCCGG-1_GSM4013385,22
AACTCTTTCCACGACG-1_GSM4013385,19
GTGCAGCGTTAAGGGC-1_GSM4013385,22
CAGCAGCGTCACACGC-1_GSM4013385,22
CGTGTAATCCTCGCAT-1_GSM4013385,19
ACGGCCATCCCTAACC-1_GSM4013385,19
TGGTTAGGTTGTACAC-1_GSM4013385,22
GGCAATTAGCACACAG-1_GSM4013385,22
ATTTCTGCACAGCGTC-1_GSM4013385,19
CATGGCGCATGGGACA-1_GSM4013385,22
CCTTACGTCAACGCTA-1_GSM4013385,22
CGGAGTCAGCCATCGC-1_GSM4013385,22
CTGATAGAGGTTCCTA-1_GSM4013385,12
TACTCATTCATCGCTC-1_GSM4013385,22
GTCCTCACACAAGACG-1_GSM4013385,12
GTACGTATCACCTTAT-1_GSM4013385,22
CTCGGGACAGACAGGT-1_GSM4013385,22
GATGAGGTCCTAGTGA-1_GSM4013385,22
CAGATCAGTTGGTGGA-1_GSM4013385,22
CTCGGGAAGCATCATC-1_GSM4013385,22
ACGCCGATCCTGTAGA-1_GSM4013385,19
TGGGCGTCAGTGAGTG-1_GSM4013385,22
CTGATAGTCCGAGCCA-1_GSM4013385,22
CAGCCGACATTGCGGC-1_GSM4013385,19
CCCTCCTTCTAGCACA-1_GSM4013385,3
AGAATAGTCAAACAAG-1_GSM4013385,19
ATTTCTGCACACTGCG-1_GSM4013385,19
ACTTGTTCAGTCGTGC-1_GSM4013385,22
GCTGCGAAGATCTGCT-1_GSM4013385,22
CTTTGCGAGAACAACT-1_GSM4013385,22
AGTGGGACAAGGACTG-1_GSM4013385,22
AGCTCTCAGTTGAGTA-1_GSM4013385,22
TGAGCATTCGGCCGAT-1_GSM4013385,3
ATGTGTGTCCGTTGTC-1_GSM4013385,22
CGAACATTCAGATAAG-1_GSM4013385,22
GGCTCGAGTTGATTCG-1_GSM4013385,22
CTACGTCGTTCAGTAC-1_GSM4013385,19
TAGGCATGTCAATACC-1_GSM4013385,22
CATCGGGGTCCATGAT-1_GSM4013385,22
CTGATCCTCCGAACGC-1_GSM4013385,22
TACGGATGTGCAGTAG-1_GSM4013385,22
TACTTGTCAACTGCGC-1_GSM4013385,22
GAATAAGCATCGATGT-1_GSM4013385,19
CACAGGCGTTCGGGCT-1_GSM4013385,11
TGAGCATTCCGCGGTA-1_GSM4013385,12
TACGGTAAGTGAAGTT-1_GSM4013385,8
TATCAGGGTCTCGTTC-1_GSM4013385,3
CCTACCACACCGAAAG-1_GSM4013385,22
CCATGTCCATCGGAAG-1_GSM4013385,22
TGGCTGGGTTCCGTCT-1_GSM4013385,5
CCACGGACAGCTTAAC-1_GSM4013385,22
CGACTTCCACACAGAG-1_GSM4013385,22
ACGGGCTAGATTACCC-1_GSM4013385,11
CCTTCCCAGGCTACGA-1_GSM4013385,22
CAGAATCGTTAAGAAC-1_GSM4013385,22
ACCAGTAGTGTGAAAT-1_GSM4013385,5
GATGAAATCAGTTGAC-1_GSM4013385,3
CTACATTTCTACGAGT-1_GSM4013385,5
CTTACCGCAATTGCTG-1_GSM4013385,6
AGCTCTCGTACACCGC-1_GSM4013385,19
GTCTTCGGTGCTTCTC-1_GSM4013385,22
GAGCAGATCAGTCAGT-1_GSM4013385,22
GGACAGAGTTCTCATT-1_GSM4013385,3
AGTCTTTAGACAGACC-1_GSM4013385,22
CGCGTTTTCGGTTCGG-1_GSM4013385,22
TCTATTGAGCCACGTC-1_GSM4013385,22
TCAATCTAGACCGGAT-1_GSM4013385,22
GTCAAGTTCCGTACAA-1_GSM4013385,21
ATCCGAACATTAGCCA-1_GSM4013385,12
TTCTCAAAGGCGATAC-1_GSM4013385,5
ACGAGCCAGGACAGAA-1_GSM4013385,22
AGCTCCTTCCTGTAGA-1_GSM4013385,21
TCAGATGCACACCGCA-1_GSM4013385,19
TTAACTCAGGCTATCT-1_GSM4013385,6
CATCAAGCAGTAGAGC-1_GSM4013385,19
GACGGCTAGCCAGTTT-1_GSM4013385,21
ACTTACTCAGGTGCCT-1_GSM4013385,21
CTAGTGACATGTCTCC-1_GSM4013385,22
CACAAACTCCGCAAGC-1_GSM4013385,9
ATAGACCCAAGTAGTA-1_GSM4013385,22
AACCATGAGGGCTTGA-1_GSM4013385,22
ACCCACTAGTTGAGTA-1_GSM4013385,22
CAGCTAATCTATCGCC-1_GSM4013385,12
ATAAGAGCACGGCTAC-1_GSM4013385,22
ATCTGCCTCTCACATT-1_GSM4013385,9
CATTCGCTCGTTTAGG-1_GSM4013385,19
ATCATGGAGGGATGGG-1_GSM4013385,6
CGTGTCTGTGGCGAAT-1_GSM4013385,6
CCTTACGCATACCATG-1_GSM4013385,19
TTCCCAGTCCGTTGCT-1_GSM4013385,6
CGTGTCTAGAACAACT-1_GSM4013385,19
GTGCGGTTCTAACTCT-1_GSM4013385,22
GTACTTTGTTCCACGG-1_GSM4013385,22
GACCAATGTAAATACG-1_GSM4013385,22
CGGTTAACATTCTCAT-1_GSM4013385,5
CGATGTAAGAGTAATC-1_GSM4013385,9
TTCTACATCGTCTGCT-1_GSM4013385,22
AGATCTGAGAAGGTTT-1_GSM4013385,22
ACTGAACAGGATTCGG-1_GSM4013385,1
TACTCGCTCACTATTC-1_GSM4013385,4
TTTCCTCAGATAGCAT-1_GSM4013385,19
TGCCCATCATACCATG-1_GSM4013385,12
TTTCCTCGTGATAAAC-1_GSM4013385,12
CGTAGGCGTACGACCC-1_GSM4013385,19
CGTAGGCCATTCTTAC-1_GSM4013385,22
ACACTGAAGAGGTACC-1_GSM4013385,22
GGAATAAGTTCAGGCC-1_GSM4013385,22
GCTTGAATCCGCGGTA-1_GSM4013385,22
TAGACCACACGAGAGT-1_GSM4013385,22
CCTCTGAGTATATCCG-1_GSM4013385,3
GTAACTGGTGCTAGCC-1_GSM4013385,12
CCATGTCCAGGGAGAG-1_GSM4013385,22
CTTAGGATCAAGCCTA-1_GSM4013385,22
AAGTCTGCAGCCAATT-1_GSM4013385,22
GTTCATTAGTGACTCT-1_GSM4013385,19
ACGCCAGAGGACCACA-1_GSM4013385,5
CGAGCCAGTTCGTGAT-1_GSM4013385,5
CTCGTCATCAAACAAG-1_GSM4013385,22
CGATGGCTCGATAGAA-1_GSM4013385,22
TTGCGTCTCATGGTCA-1_GSM4013385,22
CCACGGAAGAGCTTCT-1_GSM4013385,22
AGTTGGTAGCCCAATT-1_GSM4013385,22
TGGGCGTAGCCCGAAA-1_GSM4013385,9
CGTTCTGAGGCCCGTT-1_GSM4013385,19
CTTTGCGCATACTCTT-1_GSM4013385,6
GTTACAGCACGAGAGT-1_GSM4013385,22
ACGCCGAAGCAACGGT-1_GSM4013385,9
CGTTAGATCTGCCCTA-1_GSM4013385,12
CAGAGAGTCAGGCAAG-1_GSM4013385,19
TTGCCGTAGTAAGTAC-1_GSM4013385,22
CCCAGTTAGTAAGTAC-1_GSM4013385,22
ACGGAGATCCGGGTGT-1_GSM4013385,19
CCTTACGGTCTGGAGA-1_GSM4013385,22
GTAGGCCTCGCTAGCG-1_GSM4013385,22
CTCGTACTCGATAGAA-1_GSM4013385,5
CACCAGGTCAACACAC-1_GSM4013385,22
CTGGTCTAGTCGATAA-1_GSM4013385,19
CGAACATTCTGTGCAA-1_GSM4013385,19
CACAAACCACTCGACG-1_GSM4013385,10
ACGAGCCCAAACAACA-1_GSM4013385,9
ATTCTACCAAGCTGGA-1_GSM4013385,22
CGAGAAGTCAACACCA-1_GSM4013385,1
GACTACATCACTCCTG-1_GSM4013385,22
CGTAGGCAGGGAAACA-1_GSM4013385,22
CTCTAATGTAGTAGTA-1_GSM4013385,9
AGCAGCCTCGTCGTTC-1_GSM4013385,11
TCAACGACATCACGAT-1_GSM4013385,22
TCTTCGGAGTACGACG-1_GSM4013385,9
GCACTCTTCCGAACGC-1_GSM4013385,22
CAGTAACAGGTACTCT-1_GSM4013385,22
CAGTAACAGGCATGGT-1_GSM4013385,22
CAGAATCTCACCGGGT-1_GSM4013385,22
TATCTCACAGTATAAG-1_GSM4013385,22
GCGCGATTCACTCTTA-1_GSM4013385,22
TACTCGCGTCGTCTTC-1_GSM4013385,22
GCATACACAATAACGA-1_GSM4013385,12
CGGTTAACACATAACC-1_GSM4013385,9
TGAGAGGAGGAGTACC-1_GSM4013385,22
CTACACCAGTTAGCGG-1_GSM4013385,12
ACACCAATCACAACGT-1_GSM4013385,17
GACAGAGGTTTGCATG-1_GSM4013385,5
GTACTTTGTATAGTAG-1_GSM4013385,5
TGGGAAGAGCCTTGAT-1_GSM4013385,22
GATGAGGTCCATGCTC-1_GSM4013385,22
ATTATCCTCAACCATG-1_GSM4013385,22
TCTGGAATCGTCGTTC-1_GSM4013385,4
TTCTCAAGTAGGACAC-1_GSM4013385,22
GATGCTATCCACGACG-1_GSM4013385,3
CAACTAGGTCTCAACA-1_GSM4013385,1
CTTGGCTCAATAGCGG-1_GSM4013385,22
AGGGATGAGGACGAAA-1_GSM4013385,22
CAGGTGCGTGGTCTCG-1_GSM4013385,22
CGTTAGAAGACTCGGA-1_GSM4013385,10
CAAGTTGGTGAGGCTA-1_GSM4013385,22
TGAGCCGTCGCATGAT-1_GSM4013385,22
CCTCTGATCCACGACG-1_GSM4013385,22
TCAGGTAAGCCAACAG-1_GSM4013385,21
GTAACGTGTAGAGTGC-1_GSM4013385,22
GTAACGTAGCGATGAC-1_GSM4013385,12
CCAATCCTCGTTTATC-1_GSM4013385,22
TGGCCAGCACCTATCC-1_GSM4013385,22
CATGGCGAGTGTACGG-1_GSM4013385,22
AGTAGTCAGACTAGAT-1_GSM4013385,19
CTGATCCAGTAAGTAC-1_GSM4013385,5
TGGCTGGAGTGACTCT-1_GSM4013385,22
GGCTCGAAGGACAGCT-1_GSM4013385,22
CACCTTGAGGGTCGAT-1_GSM4013385,22
GTGCAGCTCGGTGTCG-1_GSM4013385,12
TGATTTCCACGAGGTA-1_GSM4013385,22
AGGTCCGTCGCTGATA-1_GSM4013385,22
GAACCTAAGGATGGAA-1_GSM4013385,5
CAGCTAAAGACTAGGC-1_GSM4013385,17
CTTAGGATCGTTACAG-1_GSM4013385,19
GATCGCGAGCGTTTAC-1_GSM4013385,22
GACTAACTCCAAATGC-1_GSM4013385,19
ACTGCTCAGATCGGGT-1_GSM4013385,12
GTTAAGCAGTTTCCTT-1_GSM4013385,8
CTGTTTAAGTACACCT-1_GSM4013385,17
GGTGTTAGTCCGCTGA-1_GSM4013385,9
CTAGTGATCGTATCAG-1_GSM4013385,22
TACTCATCATTCACTT-1_GSM4013385,4
TGTATTCTCGTCCAGG-1_GSM4013385,5
GGACATTTCTTCAACT-1_GSM4013385,22
GCGAGAAGTCCAGTAT-1_GSM4013385,1
TTAGGACCATCACGTA-1_GSM4013385,22
ACGGAGAGTTCCACAA-1_GSM4013385,22
TGCCCATGTCATACTG-1_GSM4013385,17
ATGGGAGGTTCAGGCC-1_GSM4013385,22
ATGAGGGCATGCAACT-1_GSM4013385,12
AGGTCCGAGGCCGAAT-1_GSM4013385,1
TGCGTGGAGTGGGTTG-1_GSM4013385,19
CAACCAAAGTGTACCT-1_GSM4013385,22
ACTGTCCAGTCGAGTG-1_GSM4013385,12
ATAAGAGGTACACCGC-1_GSM4013385,3
AAAGATGCACGGTGTC-1_GSM4013385,22
ATTCTACCACCTTGTC-1_GSM4013385,9
GATCGCGGTGTATGGG-1_GSM4013385,22
CGTAGCGAGCACAGGT-1_GSM4013385,9
GAACCTAGTGCCTTGG-1_GSM4013385,22
TTTATGCGTCACCTAA-1_GSM4013385,22
TTCGAAGAGAACAATC-1_GSM4013385,17
TATGCCCTCCTGTAGA-1_GSM4013385,19
GCCTCTAAGGGCACTA-1_GSM4013385,19
GACTACAAGGGATACC-1_GSM4013385,20
TGCCAAACAACGATGG-1_GSM4013385,17
TATTACCAGCTCCTTC-1_GSM4013385,22
GCACTCTCACTTAACG-1_GSM4013385,12
CTGTTTATCGTATCAG-1_GSM4013385,19
ACGGCCAAGGATTCGG-1_GSM4013385,19
GGTATTGCAAGCCGCT-1_GSM4013385,5
CACATTTTCCCAGGTG-1_GSM4013385,17
CAGTCCTGTGACTCAT-1_GSM4013385,21
TGGTTAGCAACTGCGC-1_GSM4013385,19
CACACAAGTTAAGACA-1_GSM4013385,22
ACTTACTTCTGCGGCA-1_GSM4013385,1
TCTTCGGCAGCCAATT-1_GSM4013385,3
CAGGTGCTCTGTCAAG-1_GSM4013385,19
GTAACGTTCAGTTAGC-1_GSM4013385,22
GTACGTATCAACACTG-1_GSM4013385,20
GATCAGTAGTCGTTTG-1_GSM4013385,12
AGCATACGTCATTAGC-1_GSM4013385,14
GTGGGTCAGAGGGCTT-1_GSM4013385,19
TCATTTGAGTTAAGTG-1_GSM4013385,1
CCAGCGAGTAGCTCCG-1_GSM4013385,9
CGACCTTCATGAGCGA-1_GSM4013385,12
GATCAGTCACTTCTGC-1_GSM4013385,21
CGCGTTTCAGTCAGAG-1_GSM4013385,19
CAACCTCTCGTACCGG-1_GSM4013385,17
ATGAGGGTCTTGTCAT-1_GSM4013385,6
CAGCATATCTTTAGTC-1_GSM4013385,6
AGAGCTTCACATCCAA-1_GSM4013385,22
AGTCTTTCATCTATGG-1_GSM4013385,6
AGTGTCATCATCGGAT-1_GSM4013385,20
ACGCAGCGTACGACCC-1_GSM4013385,9
CACCAGGCATGCTAGT-1_GSM4013385,19
TCGTAGAGTCGAACAG-1_GSM4013385,17
ATTCTACTCTGCTTGC-1_GSM4013385,19
AGGGATGAGCGATCCC-1_GSM4013385,22
GACACGCGTGAGTATA-1_GSM4013385,6
ACACCAAGTCTCCATC-1_GSM4013385,1
TGACTAGCAGACGCCT-1_GSM4013385,19
GGCTCGATCAAACAAG-1_GSM4013385,17
AAGGCAGGTTCAGGCC-1_GSM4013385,12
TACCTATGTAACGTTC-1_GSM4013385,6
CACACAATCCGAATGT-1_GSM4013385,9
ATTGGTGCATTAGGCT-1_GSM4013385,22
CAACCAAAGTCGTTTG-1_GSM4013385,22
CGTGTCTTCATGTGGT-1_GSM4013385,22
CTTAACTTCCAGTAGT-1_GSM4013385,6
GGTATTGTCGCCTGTT-1_GSM4013385,1
CGTTCTGAGGTGTGGT-1_GSM4013385,12
AGGTCCGAGGACAGAA-1_GSM4013385,12
ACGATGTTCGCAGGCT-1_GSM4013385,8
AAGGAGCCATGCCTAA-1_GSM4013385,10
GAACCTAAGGCTAGCA-1_GSM4013385,17
TCACGAATCACAACGT-1_GSM4013385,22
TCTTTCCGTTCGAATC-1_GSM4013385,9
CTGCGGACACATCCAA-1_GSM4013385,10
AGGGAGTGTTCGTGAT-1_GSM4013385,1
TAAGAGAAGGATCGCA-1_GSM4013385,5
CGATTGAGTTGACGTT-1_GSM4013385,22
TGACTTTAGGATCGCA-1_GSM4013385,6
TGCGCAGTCTACTATC-1_GSM4013385,17
AATCCAGAGCTGCAAG-1_GSM4013385,5
CGTGTAAGTGGCTCCA-1_GSM4013385,5
TCCCGATTCTAACCGA-1_GSM4013385,17
GCTGCTTGTCGCGAAA-1_GSM4013385,22
CGGGTCAAGACCTTTG-1_GSM4013385,5
TGGCCAGTCAGCCTAA-1_GSM4013385,3
CACATTTTCTCCAGGG-1_GSM4013385,6
AACCGCGGTTGGTAAA-1_GSM4013385,17
CATCGAACACGAGGTA-1_GSM4013385,19
ACTTGTTGTATAGTAG-1_GSM4013385,19
GCTTCCAGTCGCGTGT-1_GSM4013385,19
CAGTCCTGTGAACCTT-1_GSM4013385,22
TGTGTTTAGAGGTTGC-1_GSM4013385,22
CGTCACTCAGTTCATG-1_GSM4013385,12
ATTACTCCAACACCTA-1_GSM4013385,9
AACTCTTCATACGCCG-1_GSM4013385,22
CGTAGCGGTCAACATC-1_GSM4013385,17
ATTATCCTCTGTCAAG-1_GSM4013385,17
TCATTACCACCGTTGG-1_GSM4013385,22
GATCGCGCACACTGCG-1_GSM4013385,9
CTCGTCAAGCTGATAA-1_GSM4013385,17
GCATGCGAGCGTTGCC-1_GSM4013385,12
GTGTGCGAGCTGCCCA-1_GSM4013385,5
GTAGTCATCCCGACTT-1_GSM4013385,22
TAGCCGGAGTCAAGGC-1_GSM4013385,19
GGACATTAGTGAACAT-1_GSM4013385,6
GCCTCTAGTCGCTTCT-1_GSM4013385,22
TCATTACGTGTTAAGA-1_GSM4013385,1
GTACTTTTCTGCTTGC-1_GSM4013385,3
GAATAAGTCTTACCGC-1_GSM4013385,17
GGCGACTTCCGCATAA-1_GSM4013385,6
CCTTCGAGTAAAGGAG-1_GSM4013385,12
ATGCGATAGCTCCCAG-1_GSM4013385,12
GTACTTTTCCAATGGT-1_GSM4013385,17
TGACAACTCTTCGGTC-1_GSM4013385,8
CAAGGCCTCTGCAAGT-1_GSM4013385,12
GCATGCGCAAGTTGTC-1_GSM4013385,5
CCACCTAAGCCAGTAG-1_GSM4013385,6
ATAAGAGGTTTAAGCC-1_GSM4013385,17
GTACTCCCATCCGTGG-1_GSM4013385,22
ACGTCAACACAGACAG-1_GSM4013385,14
GTACGTACAGGCAGTA-1_GSM4013385,9
TCCCGATTCTTGCAAG-1_GSM4013385,20
GACTACACAAACCCAT-1_GSM4013385,12
GTGTGCGTCTTGTATC-1_GSM4013385,17
TCACAAGCATAAGACA-1_GSM4013385,22
CGGCTAGGTCTACCTC-1_GSM4013385,10
CTCTGGTTCAGTCAGT-1_GSM4013385,17
CCACTACGTAGCTCCG-1_GSM4013385,19
GAACATCGTTCTCATT-1_GSM4013385,21
GGGTCTGCAGATAATG-1_GSM4013385,19
GGATGTTAGCACCGCT-1_GSM4013385,17
GTACTTTAGACGCTTT-1_GSM4013385,22
GACGTTACATGGTTGT-1_GSM4013385,17
GCCTCTAAGAAACCAT-1_GSM4013385,17
GGAATAAGTCAAGCGA-1_GSM4013385,9
GACGTTATCCCGGATG-1_GSM4013385,22
GTAACGTGTGGACGAT-1_GSM4013385,19
CTTGGCTAGTCCGGTC-1_GSM4013385,12
GCTTCCACAATACGCT-1_GSM4013385,17
GTAACTGGTAGTACCT-1_GSM4013385,19
CTCCTAGCACCATGTA-1_GSM4013385,6
CCATTCGCACAGCGTC-1_GSM4013385,19
TTGGAACCAGTCGATT-1_GSM4013385,17
CAAGATCTCTTTAGGG-1_GSM4013385,9
GAGGTGATCTCGCATC-1_GSM4013385,17
TGCACCTGTCAAAGCG-1_GSM4013385,6
CGCTTCACACCCATGG-1_GSM4013385,8
TTGTAGGTCATGTAGC-1_GSM4013385,21
CTACACCTCGTCACGG-1_GSM4013385,19
AGGCCGTAGCTCTCGG-1_GSM4013385,11
ATCCGAACACCCATGG-1_GSM4013385,17
TACTCGCAGAGTACCG-1_GSM4013385,9
GTAGTCACAGTCACTA-1_GSM4013385,11
GACCAATAGTCGCCGT-1_GSM4013385,17
GCTGCGAGTAACGACG-1_GSM4013385,15
CGAGAAGTCAAGCCTA-1_GSM4013385,22
CAGAATCAGCCACGCT-1_GSM4013385,10
TTTGGTTAGGCGATAC-1_GSM4013385,11
TTCGAAGGTAGATTAG-1_GSM4013385,17
AGCTCTCAGGCAATTA-1_GSM4013385,21
CCTTTCTGTTCTGAAC-1_GSM4013385,1
TGTGGTAGTTCTGTTT-1_GSM4013385,22
CTTTGCGTCCACGAAT-1_GSM4013385,19
CGTGAGCTCAGTCAGT-1_GSM4013385,12
GGCTGGTTCCACGAAT-1_GSM4013385,10
CGTGTAAGTGAGGGTT-1_GSM4013385,19
CATTCGCCACATGACT-1_GSM4013385,9
TTGCGTCGTCGTTGTA-1_GSM4013385,22
ATTATCCTCGGCATCG-1_GSM4013385,12
CTGCCTAGTCGCGGTT-1_GSM4013385,17
GGCTCGAAGACTAGGC-1_GSM4013385,22
TGAGAGGGTACTTAGC-1_GSM4013385,12
AGGTCATTCCAAACTG-1_GSM4013385,1
CTAGTGACACGCATCG-1_GSM4013385,12
GACTGCGAGGTGCACA-1_GSM4013385,1
TTGGCAATCTTGCATT-1_GSM4013385,20
CGGAGTCGTCAAAGCG-1_GSM4013385,17
GCATGTAAGGGATCTG-1_GSM4013385,19
GCGACCATCCCAACGG-1_GSM4013385,14
CTAACTTTCGCCAAAT-1_GSM4013385,22
GCATGCGTCTTGTACT-1_GSM4013385,17
GTGCATACACAGTCGC-1_GSM4013385,9
CGTGTAATCCGCGCAA-1_GSM4013385,17
ACTGTCCAGGCGATAC-1_GSM4013385,17
TCAGCAAGTAACGCGA-1_GSM4013385,17
ACAGCCGTCTCAAGTG-1_GSM4013385,1
AGGGAGTCAGCCTTGG-1_GSM4013385,12
CCGGTAGCAAACCTAC-1_GSM4013385,9
ACTGAGTAGATCTGCT-1_GSM4013385,11
TGACAACAGTACGACG-1_GSM4013385,17
CAGTAACAGGCATGTG-1_GSM4013385,12
AGAGTGGTCGTAGATC-1_GSM4013385,17
TCTGAGAGTAGCCTAT-1_GSM4013385,0
TAGTGGTAGGCTACGA-1_GSM4013385,6
ACATCAGTCTGATTCT-1_GSM4013385,9
GTGAAGGGTTCCGGCA-1_GSM4013385,12
CTACACCCAAACGCGA-1_GSM4013385,12
TCTGGAAAGTACCGGA-1_GSM4013385,22
TCTCTAAAGTGTACGG-1_GSM4013385,12
TCAGGATAGTGGAGTC-1_GSM4013385,8
CGGACACAGGTTCCTA-1_GSM4013385,17
TGCGTGGGTGGACGAT-1_GSM4013385,20
CCCTCCTGTCTCTCGT-1_GSM4013385,19
CTACACCGTCGCCATG-1_GSM4013385,17
GATTCAGCAATCGGTT-1_GSM4013385,12
CGACCTTCAAGCCGTC-1_GSM4013385,22
CGAATGTGTTTCGCTC-1_GSM4013385,8
AGTCTTTGTGATGCCC-1_GSM4013385,6
AACTCTTAGCACAGGT-1_GSM4013385,9
CCAATCCAGATCTGCT-1_GSM4013385,3
AAGGTTCAGCTCTCGG-1_GSM4013385,1
CACCACTCATGAGCGA-1_GSM4013385,19
AAATGCCCAGGACCCT-1_GSM4013385,15
CGGAGCTCATCCGCGA-1_GSM4013385,1
TGACGGCCAGGGAGAG-1_GSM4013385,17
CGTCAGGCAGACGCCT-1_GSM4013385,20
ACTTGTTTCAGCACAT-1_GSM4013385,10
AAAGCAATCGTGGGAA-1_GSM4013385,17
TGACTAGGTCTAGTCA-1_GSM4013385,10
ACACCCTTCCGCATCT-1_GSM4013385,6
GAACATCGTTGAGTTC-1_GSM4013385,9
CGTCACTCAAAGCAAT-1_GSM4013385,8
TTCGAAGGTAATCACC-1_GSM4013385,14
GTTTCTATCTACTATC-1_GSM4013385,19
CAGATCATCCTTGACC-1_GSM4013385,17
CAACTAGGTAGGCTGA-1_GSM4013385,6
CGACCTTTCAGCGACC-1_GSM4013385,6
GTGTGCGTCACAATGC-1_GSM4013385,19
GGACAAGGTTAGAACA-1_GSM4013385,21
TTGCCGTTCGACGGAA-1_GSM4013385,0
TTTCCTCTCGTTACAG-1_GSM4013385,17
TCGCGTTCAGATCTGT-1_GSM4013385,12
CTCGGGACAAGACGTG-1_GSM4013385,19
TTTACTGGTTCGTCTC-1_GSM4013385,17
AGTGGGATCTCGATGA-1_GSM4013385,6
CGACTTCAGATCACGG-1_GSM4013385,10
ACTGAACAGGTGATAT-1_GSM4013385,17
TTGACTTCACAGCCCA-1_GSM4013385,17
TGTATTCAGACTAAGT-1_GSM4013385,17
ACTTGTTAGTACGATA-1_GSM4013385,17
TCAACGACAGTCAGAG-1_GSM4013385,17
CACATAGGTCGCTTTC-1_GSM4013385,6
TCCACACGTAGAGGAA-1_GSM4013385,11
TATGCCCCAGCGATCC-1_GSM4013385,17
CTGGTCTTCTAACTGG-1_GSM4013385,9
AAATGCCGTAAACCTC-1_GSM4013385,9
AGATTGCAGCCCGAAA-1_GSM4013385,1
TGCGTGGCACCAGGCT-1_GSM4013385,9
TATCTCATCGAACGGA-1_GSM4013385,17
ACTGAACTCAACACAC-1_GSM4013385,5
CAAGTTGGTAGATTAG-1_GSM4013385,9
ACCGTAACAATACGCT-1_GSM4013385,8
GTCCTCAGTTATTCTC-1_GSM4013385,12
CGTCTACGTACTTGAC-1_GSM4013385,6
AAGGCAGGTGTGCCTG-1_GSM4013385,17
TGCTGCTAGGGTTTCT-1_GSM4013385,8
AACTCAGTCATTGCGA-1_GSM4013385,12
ATAAGAGAGAATAGGG-1_GSM4013385,8
TTAGTTCTCAGTGCAT-1_GSM4013385,20
GGCAATTCAGTTCCCT-1_GSM4013385,6
CAGAATCGTCGCGTGT-1_GSM4013385,9
ACTGAGTCAGCTGTTA-1_GSM4013385,11
GGGCATCCACATCCGG-1_GSM4013385,3
CTGTGCTAGAAGAAGC-1_GSM4013385,9
TCAGCAAAGCGGATCA-1_GSM4013385,6
GCATGATAGCAACGGT-1_GSM4013385,19
TTCCCAGTCTTAGCCC-1_GSM4013385,8
TACGGGCGTGGCTCCA-1_GSM4013385,11
GCGACCATCCGCAAGC-1_GSM4013385,17
TTCTCAAAGTCCAGGA-1_GSM4013385,1
TCAACGATCAGTTCGA-1_GSM4013385,9
GGCGTGTCATCCCATC-1_GSM4013385,9
ATCGAGTCATGTAGTC-1_GSM4013385,1
TCTGAGATCACTCTTA-1_GSM4013385,8
AGAGCTTAGCAGCCTC-1_GSM4013385,9
TTGCGTCGTACTCAAC-1_GSM4013385,19
GCTTGAAAGGGATCTG-1_GSM4013385,9
ACGATACTCTTGGGTA-1_GSM4013385,17
CACAAACGTTGTACAC-1_GSM4013385,5
ACGATGTCAGTCAGAG-1_GSM4013385,6
CAGATCAGTCCAAGTT-1_GSM4013385,6
TACCTTAGTAACGCGA-1_GSM4013385,20
ACCAGTAAGAGCTTCT-1_GSM4013385,5
AACTCTTAGCTGAACG-1_GSM4013385,6
ACACTGAGTCCGACGT-1_GSM4013385,17
AGCGTCGAGTTAAGTG-1_GSM4013385,19
GAATAAGAGCGATAGC-1_GSM4013385,8
AACTTTCAGGAACTGC-1_GSM4013385,12
ATTATCCGTACAGACG-1_GSM4013385,17
ACGCCGATCGTCACGG-1_GSM4013385,9
ACGGGTCGTCATGCCG-1_GSM4013385,9
CGAATGTCACCACGTG-1_GSM4013385,9
CCCAATCTCCTACAGA-1_GSM4013385,5
AATCCAGCAATCAGAA-1_GSM4013385,11
ATTTCTGCAGCGATCC-1_GSM4013385,8
ACGTCAACATGGGAAC-1_GSM4013385,19
AAAGATGCACAGCCCA-1_GSM4013385,3
CAAGATCGTGCGAAAC-1_GSM4013385,1
GTGAAGGAGCTGAAAT-1_GSM4013385,22
CTACACCCACACCGAC-1_GSM4013385,4
CGCCAAGGTAGCAAAT-1_GSM4013385,9
GTCGGGTCATGGTAGG-1_GSM4013385,9
CGGGTCAGTACCGAGA-1_GSM4013385,5
AAGACCTGTCTAAAGA-1_GSM4013385,6
GCACTCTGTCGACTAT-1_GSM4013385,9
ACTGATGCACGACGAA-1_GSM4013385,10
GGGAATGTCTCGCATC-1_GSM4013385,1
CATCAAGCATCAGTAC-1_GSM4013385,9
GGGATGAGTGAGTATA-1_GSM4013385,6
TTGGCAACAACACGCC-1_GSM4013385,8
AATCGGTTCTTCGAGA-1_GSM4013385,19
CTCCTAGAGGAATTAC-1_GSM4013385,17
TCGTACCAGTCAAGCG-1_GSM4013385,19
GTCAAGTCAAAGTGCG-1_GSM4013385,6
GTTCATTCACGGCTAC-1_GSM4013385,6
GGAATAAAGTGGAGAA-1_GSM4013385,4
CTGTTTATCTTGCCGT-1_GSM4013385,9
CGTCCATGTGCTAGCC-1_GSM4013385,1
CACCAGGAGGCGATAC-1_GSM4013385,9
CGATCGGCAAGCCGTC-1_GSM4013385,21
CCGGGATCACGGTGTC-1_GSM4013385,9
CGAACATCACATGACT-1_GSM4013385,8
GGGAGATGTATATCCG-1_GSM4013385,9
CTGGTCTTCCCAACGG-1_GSM4013385,17
ACCTTTATCACCTTAT-1_GSM4013385,12
CTCGGAGAGTGTTGAA-1_GSM4013385,5
GTGAAGGCACATAACC-1_GSM4013385,15
CCTAGCTAGTAGCCGA-1_GSM4013385,12
AGCTCTCCAGCTGTAT-1_GSM4013385,5
CTGAAGTAGCTTATCG-1_GSM4013385,1
GACTAACGTTAGATGA-1_GSM4013385,12
GATTCAGAGCTCTCGG-1_GSM4013385,11
CCAATCCCAAGTCATC-1_GSM4013385,9
TCGCGAGAGGTCGGAT-1_GSM4013385,9
GACCAATGTAGTGAAT-1_GSM4013385,17
CAGTCCTCACGAGGTA-1_GSM4013385,17
ACTTACTCAATAAGCA-1_GSM4013385,8
ACCTTTAAGTCTTGCA-1_GSM4013385,12
AAAGTAGCAGTAACGG-1_GSM4013385,3
CTCCTAGAGGGAACGG-1_GSM4013385,8
ACTGATGAGGCGTACA-1_GSM4013385,21
CATTCGCGTTGTGGAG-1_GSM4013385,1
GACACGCGTTTGGGCC-1_GSM4013385,17
CCGGGATAGCGCCTTG-1_GSM4013385,5
GTTAAGCAGCGAGAAA-1_GSM4013385,1
TCCCGATGTGTGGCTC-1_GSM4013385,9
GCACATAGTAGCTAAA-1_GSM4013385,4
CCAATCCGTGTGCGTC-1_GSM4013385,15
CCGTACTTCCGTCATC-1_GSM4013385,12
GTTCGGGCAGAGTGTG-1_GSM4013385,11
ACGCAGCCAATAGCAA-1_GSM4013385,6
GTACTCCCATTCTTAC-1_GSM4013385,15
ACGGCCAGTCACAAGG-1_GSM4013385,21
AACCGCGAGCCAACAG-1_GSM4013385,17
GATCTAGAGTAGCCGA-1_GSM4013385,17
TGTATTCCATACTCTT-1_GSM4013385,17
ATGCGATTCGCATGAT-1_GSM4013385,8
GGACGTCTCGGAAATA-1_GSM4013385,17
TGGCTGGGTGTGAATA-1_GSM4013385,5
TTCTACAGTCCTAGCG-1_GSM4013385,17
TTGGAACGTAACGCGA-1_GSM4013385,7
CGATGTAAGCCAGTTT-1_GSM4013385,1
ATGTGTGTCTCTGTCG-1_GSM4013385,17
TGTGTTTTCCCTTGTG-1_GSM4013385,17
CTAGTGAGTGTCGCTG-1_GSM4013385,8
CGTCTACCAATTGCTG-1_GSM4013385,4
ATTTCTGCACGTTGGC-1_GSM4013385,17
CCTAAAGTCTTCTGGC-1_GSM4013385,6
CACCTTGTCGTGACAT-1_GSM4013385,22
CAAGAAATCGGCTACG-1_GSM4013385,17
ACGGCCAGTTGGACCC-1_GSM4013385,14
CCAATCCCAGCTCGCA-1_GSM4013385,6
TTTGCGCAGACTGGGT-1_GSM4013385,8
GCATGCGAGTATCTCG-1_GSM4013385,5
CCTACCAGTGCATCTA-1_GSM4013385,15
GTCGGGTTCATCTGCC-1_GSM4013385,9
CCGGTAGAGCAAATCA-1_GSM4013385,21
CTCGTCAGTAATAGCA-1_GSM4013385,1
CCTTCGAGTGTGGTTT-1_GSM4013385,12
TTCTTAGGTTAAGTAG-1_GSM4013385,6
TAAACCGGTGAGTATA-1_GSM4013385,9
ACTTGTTAGATCGGGT-1_GSM4013385,11
TGTTCCGGTCGCGAAA-1_GSM4013385,17
GTCACAACACGGCTAC-1_GSM4013385,6
AACGTTGGTCTGCCAG-1_GSM4013385,9
GTCTCGTTCTGTCAAG-1_GSM4013385,17
GCTGGGTGTGACGCCT-1_GSM4013385,6
TCAGCAAAGTTCGCAT-1_GSM4013385,15
TATTACCAGTCCGTAT-1_GSM4013385,9
CCACCTACAGGTGCCT-1_GSM4013385,12
CTGATCCTCAGTGCAT-1_GSM4013385,1
TCACGAACAATGACCT-1_GSM4013385,14
GTAGGCCGTGCCTTGG-1_GSM4013385,5
CTCGAAAAGGTTCCTA-1_GSM4013385,14
CAGCGACCATTAACCG-1_GSM4013385,9
AACTCCCCAGCTCCGA-1_GSM4013385,5
TTCTTAGTCTAGCACA-1_GSM4013385,8
TATCTCAAGCCCAATT-1_GSM4013385,9
GGCTCGATCACAAACC-1_GSM4013385,5
AACTTTCTCTACCTGC-1_GSM4013385,17
GCTTGAAAGTGTACGG-1_GSM4013385,6
AACTCTTAGCCGATTT-1_GSM4013385,20
CATCAGACACATCCAA-1_GSM4013385,17
CGACTTCGTTTCGCTC-1_GSM4013385,1
CCTATTATCACAACGT-1_GSM4013385,8
TTGAACGGTCTGCAAT-1_GSM4013385,1
GGATTACGTCGATTGT-1_GSM4013385,6
CCAGCGATCTACTTAC-1_GSM4013385,1
AGGCCGTTCGAGGTAG-1_GSM4013385,17
CAAGTTGAGACACTAA-1_GSM4013385,5
AAAGTAGTCTTGCCGT-1_GSM4013385,17
TCATTTGTCAAAGTAG-1_GSM4013385,9
AAGGCAGGTGTATGGG-1_GSM4013385,1
TAAACCGTCCAGTATG-1_GSM4013385,8
ACATACGGTTAAGAAC-1_GSM4013385,11
CCCAGTTAGAGTCTGG-1_GSM4013385,15
TTTATGCAGCTCTCGG-1_GSM4013385,15
ATAAGAGGTCAGAATA-1_GSM4013385,21
ATGCGATTCTACTTAC-1_GSM4013385,9
AGTGGGAGTAAGGATT-1_GSM4013385,17
CATCGGGCATGAAGTA-1_GSM4013385,5
TGACAACGTCCATGAT-1_GSM4013385,9
TCAGCAAAGTACCGGA-1_GSM4013385,10
ACTTACTAGACTCGGA-1_GSM4013385,8
AAAGTAGTCCTCAACC-1_GSM4013385,9
TAGGCATAGCTCCTTC-1_GSM4013385,6
ACCAGTAAGTGTCCCG-1_GSM4013385,9
CTCCTAGCATTCCTCG-1_GSM4013385,4
AAGGAGCTCTGCGGCA-1_GSM4013385,10
CTGCCTACACTCTGTC-1_GSM4013385,8
CAACCTCCACGGTAGA-1_GSM4013385,1
CAAGTTGGTCTTGTCC-1_GSM4013385,1
AGATCTGAGTGGTAAT-1_GSM4013385,3
CGAGCACCATTCTTAC-1_GSM4013385,9
GCAATCAAGTCCATAC-1_GSM4013385,1
AGCTCCTAGGGATACC-1_GSM4013385,8
CACATTTCACCAGTTA-1_GSM4013385,5
CAAGTTGCACTTGGAT-1_GSM4013385,10
CAGATCATCTTGACGA-1_GSM4013385,11
ACACCAAGTCATCGGC-1_GSM4013385,17
TATCTCAAGCAAATCA-1_GSM4013385,9
CGTAGGCCAGTATGCT-1_GSM4013385,20
GTGTTAGCACAGTCGC-1_GSM4013385,11
CTCCTAGTCCGATATG-1_GSM4013385,20
GGACATTCAGTATCTG-1_GSM4013385,6
TGAGAGGCAGATCGGA-1_GSM4013385,8
AACCGCGGTCGAGATG-1_GSM4013385,20
GAGGTGACATTATCTC-1_GSM4013385,8
GCGGGTTAGAACAACT-1_GSM4013385,8
AAAGCAACAGTGAGTG-1_GSM4013385,8
GCTTCCATCGTAGGTT-1_GSM4013385,9
ATTCTACTCTTAGCCC-1_GSM4013385,8
CGAGCACGTTAAGTAG-1_GSM4013385,1
GTATTCTTCGGCGGTT-1_GSM4013385,16
CCTAGCTTCGTAGATC-1_GSM4013385,5
ACATGGTCACACCGAC-1_GSM4013385,5
AGGCCACGTCCATGAT-1_GSM4013385,17
CCTCTGAGTCTCGTTC-1_GSM4013385,17
CCGGTAGTCACGCGGT-1_GSM4013385,9
ACGCCGATCCTATTCA-1_GSM4013385,10
CCTATTAAGAATCTCC-1_GSM4013385,5
CTTACCGAGCTACCGC-1_GSM4013385,15
ATGGGAGAGAGCTGCA-1_GSM4013385,8
GACTAACAGTTGTAGA-1_GSM4013385,16
TGTCCCAAGCCAACAG-1_GSM4013385,5
TTGACTTGTATAGTAG-1_GSM4013385,6
CATCGGGGTGTATGGG-1_GSM4013385,8
AGAGCGAGTCGAACAG-1_GSM4013385,17
ACACCGGGTCCGACGT-1_GSM4013385,4
GATCAGTCAGTAAGCG-1_GSM4013385,1
GGATGTTCAGACGCTC-1_GSM4013385,20
CCGTACTCAAGGTTTC-1_GSM4013385,6
CTCCTAGGTTATGTGC-1_GSM4013385,12
CGAGAAGTCGGGAGTA-1_GSM4013385,4
TTCGAAGGTAAGAGGA-1_GSM4013385,8
GTCGGGTCATGAAGTA-1_GSM4013385,5
GTGCAGCAGCGTAATA-1_GSM4013385,9
TGACGGCAGGAGCGAG-1_GSM4013385,17
CTTAGGAGTTCGTGAT-1_GSM4013385,1
GATGAAAAGATGCGAC-1_GSM4013385,17
GTAACGTAGAGGGATA-1_GSM4013385,17
GTCAAGTAGCTAGGCA-1_GSM4013385,8
TACAGTGCACCTCGTT-1_GSM4013385,8
CGATGGCTCACAGGCC-1_GSM4013385,6
AGAGTGGGTGACTACT-1_GSM4013385,8
CCTAAAGTCCGTACAA-1_GSM4013385,9
TCGTAGAAGCTGCGAA-1_GSM4013385,1
CGGAGTCGTTATGTGC-1_GSM4013385,17
TCTCATACACACGCTG-1_GSM4013385,20
CCCATACGTGTCCTCT-1_GSM4013385,1
GGCGTGTAGTAAGTAC-1_GSM4013385,22
TGACTTTAGTGAATTG-1_GSM4013385,17
CCGGTAGTCAACGCTA-1_GSM4013385,4
TTAGTTCTCCTTAATC-1_GSM4013385,9
TGAGAGGTCTACGAGT-1_GSM4013385,1
CATCAAGAGTGAAGAG-1_GSM4013385,7
TAGTGGTCAGTACACT-1_GSM4013385,15
TTCTTAGAGCAGATCG-1_GSM4013385,1
CCGTGGAGTAGGGACT-1_GSM4013385,3
CTACACCCAAAGCGGT-1_GSM4013385,12
AACTCCCAGTACGATA-1_GSM4013385,1
CGACTTCTCAGCCTAA-1_GSM4013385,17
CATCCACCAGACTCGC-1_GSM4013385,8
GACGTTAGTGTATGGG-1_GSM4013385,8
TCAGGTATCGCGCCAA-1_GSM4013385,9
AGTGTCAGTGTCGCTG-1_GSM4013385,3
GGCAATTAGGGTCTCC-1_GSM4013385,5
ACGATGTGTAAGCACG-1_GSM4013385,5
CTAGCCTGTACCCAAT-1_GSM4013385,5
AACCATGTCGTTTAGG-1_GSM4013385,17
CGATGGCCATCACGAT-1_GSM4013385,6
ACATCAGAGTCGAGTG-1_GSM4013385,5
CATGGCGCACCAACCG-1_GSM4013385,4
TCGGTAACAGGATCGA-1_GSM4013385,17
CTCGTCAGTATTCTCT-1_GSM4013385,6
TGGTTCCAGCCATCGC-1_GSM4013385,3
ATCTGCCAGATGCGAC-1_GSM4013385,6
CGTCAGGAGCTGTCTA-1_GSM4013385,4
CTACCCAAGCACAGGT-1_GSM4013385,15
GAACGGACATTATCTC-1_GSM4013385,1
CCACTACTCTGTTGAG-1_GSM4013385,17
TTTACTGCACACCGCA-1_GSM4013385,17
TGCCCATTCGATCCCT-1_GSM4013385,15
TTGACTTGTTTAAGCC-1_GSM4013385,14
CGATGGCCATAAGACA-1_GSM4013385,12
TACTCATCAGCGATCC-1_GSM4013385,6
TCTTTCCGTAATCGTC-1_GSM4013385,8
TGACGGCAGCTACCGC-1_GSM4013385,6
TCATTACGTAGCGCTC-1_GSM4013385,6
TCGAGGCCATGGGAAC-1_GSM4013385,17
TGAGGGAAGCCAGTTT-1_GSM4013385,1
ATCTGCCGTCCAAGTT-1_GSM4013385,16
CATCGGGTCCGCTGTT-1_GSM4013385,8
TACGGTAAGTGTTTGC-1_GSM4013385,20
CATGACATCTATGTGG-1_GSM4013385,15
TGCACCTAGGAGTCTG-1_GSM4013385,1
AATCGGTTCAGCCTAA-1_GSM4013385,14
GAAATGACATACCATG-1_GSM4013385,9
TATCAGGGTCCTCTTG-1_GSM4013385,1
CCACCTAGTGCGAAAC-1_GSM4013385,8
TTCTCAAGTAGCGATG-1_GSM4013385,14
CGTCTACAGCTGGAAC-1_GSM4013385,16
GGACAAGTCTACCAGA-1_GSM4013385,6
AGTGTCAAGTGAAGAG-1_GSM4013385,12
ACATGGTTCAAAGTAG-1_GSM4013385,1
CTCGAGGAGTGTACGG-1_GSM4013385,6
GTTAAGCTCGCCCTTA-1_GSM4013385,8
CGATTGAGTAGCTCCG-1_GSM4013385,8
GTATTCTTCAGTTCGA-1_GSM4013385,1
TAGACCACAATGGAAT-1_GSM4013385,1
GAAATGACAGCCAGAA-1_GSM4013385,17
TACAGTGCATGCCTTC-1_GSM4013385,8
GGATGTTCAGCTTAAC-1_GSM4013385,9
ATAAGAGAGTCTTGCA-1_GSM4013385,17
ACGAGGATCCGCATCT-1_GSM4013385,1
TTTACTGGTCATATCG-1_GSM4013385,8
CTTAGGATCCGCTGTT-1_GSM4013385,6
GTTTCTAAGGGAAACA-1_GSM4013385,1
GTACGTATCATGTCTT-1_GSM4013385,17
GCACATAAGAGCTGCA-1_GSM4013385,17
CGAGCCAAGGTACTCT-1_GSM4013385,5
GTAACGTCAGCTTAAC-1_GSM4013385,5
TACCTTACATTTCACT-1_GSM4013385,9
CTTGGCTTCACGAAGG-1_GSM4013385,17
CAACCAATCGGCTACG-1_GSM4013385,9
CATTCGCGTTTACTCT-1_GSM4013385,1
GCAGTTATCCTCATTA-1_GSM4013385,1
TACTTGTTCACGACTA-1_GSM4013385,1
CCTATTAAGTGCTGCC-1_GSM4013385,16
TTAGTTCCAGACGTAG-1_GSM4013385,8
ACTGAACGTCATACTG-1_GSM4013385,8
GATCGTAGTCGCGTGT-1_GSM4013385,8
CAGCAGCGTTGGTGGA-1_GSM4013385,8
TTTCCTCCAATCACAC-1_GSM4013385,1
TGTTCCGGTGGTTTCA-1_GSM4013385,15
GTACTCCGTATCGCAT-1_GSM4013385,8
CCGTTCACAAAGAATC-1_GSM4013385,1
ACGGGTCGTCTGATTG-1_GSM4013385,10
GACAGAGAGATCGATA-1_GSM4013385,8
AAAGCAATCGTTTGCC-1_GSM4013385,16
GCGCGATCATAGGATA-1_GSM4013385,15
AATCCAGAGGGCACTA-1_GSM4013385,9
CTGCCTATCGTACCGG-1_GSM4013385,20
CTGCTGTTCGCGATCG-1_GSM4013385,5
AAGGTTCCACTTAACG-1_GSM4013385,5
CTCCTAGCATCTGGTA-1_GSM4013385,5
TGGGAAGAGCGAAGGG-1_GSM4013385,9
CTGCTGTCATATACCG-1_GSM4013385,9
CCTAGCTAGATGCGAC-1_GSM4013385,1
TGCTGCTAGATCCCAT-1_GSM4013385,4
GTGGGTCGTCTAACGT-1_GSM4013385,9
CACAAACGTACACCGC-1_GSM4013385,9
TGCTGCTCATGCGCAC-1_GSM4013385,15
ATCCGAAAGCGTTGCC-1_GSM4013385,6
TCATTACAGTCGTACT-1_GSM4013385,9
CAGAATCCATCATCCC-1_GSM4013385,5
CTACCCACATCGTCGG-1_GSM4013385,8
TAGACCAGTGATGTCT-1_GSM4013385,12
TCAGATGAGACCGGAT-1_GSM4013385,5
AACGTTGTCTGGAGCC-1_GSM4013385,9
TTTGGTTGTACAGTTC-1_GSM4013385,17
CGCGGTACAGCGTAAG-1_GSM4013385,8
GCACTCTAGACCCACC-1_GSM4013385,17
TATTACCCATTACCTT-1_GSM4013385,15
CGATCGGTCTAACGGT-1_GSM4013385,8
TGTCCCAGTCATCCCT-1_GSM4013385,6
ACATACGCAAGGACAC-1_GSM4013385,14
CTAATGGAGACAGAGA-1_GSM4013385,1
ACACTGACACGCCAGT-1_GSM4013385,17
ACGAGGACACTAGTAC-1_GSM4013385,8
CGTTGGGGTAGCAAAT-1_GSM4013385,17
AACCATGCAATGAATG-1_GSM4013385,5
CCCTCCTGTTTACTCT-1_GSM4013385,1
CTGATCCAGCTGATAA-1_GSM4013385,15
TCCACACGTGATGATA-1_GSM4013385,17
CAAGATCGTGGACGAT-1_GSM4013385,15
TGCGGGTCATAGAAAC-1_GSM4013385,8
CTGAAGTTCGTTGACA-1_GSM4013385,8
TCTCATAGTCAAGCGA-1_GSM4013385,3
ACCCACTGTACAAGTA-1_GSM4013385,5
CCACGGAAGTAAGTAC-1_GSM4013385,17
GAGGTGACACCAGCAC-1_GSM4013385,6
CGAGCACAGTGGTCCC-1_GSM4013385,14
TGACTAGTCTTGAGAC-1_GSM4013385,6
AGGTCCGGTTCCATGA-1_GSM4013385,17
CGTCAGGTCAATCTCT-1_GSM4013385,14
TAAACCGAGTGTACTC-1_GSM4013385,15
CAGTCCTAGCTATGCT-1_GSM4013385,12
CTCGAAATCTTAGCCC-1_GSM4013385,1
AACGTTGGTTGAGTTC-1_GSM4013385,1
GACGTGCAGGGTGTGT-1_GSM4013385,9
TATGCCCTCTCTTATG-1_GSM4013385,1
CATGACAAGGCTACGA-1_GSM4013385,8
GCTGGGTAGGACACCA-1_GSM4013385,4
CCCTCCTCACTTCTGC-1_GSM4013385,9
TATGCCCAGTGAACAT-1_GSM4013385,11
TCGTACCTCTGGAGCC-1_GSM4013385,16
GAAGCAGCATCTCCCA-1_GSM4013385,5
TACAGTGAGTGGAGTC-1_GSM4013385,16
TGCCCTATCGGCTTGG-1_GSM4013385,5
CGTGAGCCACAAGACG-1_GSM4013385,1
GAACGGAAGTTAAGTG-1_GSM4013385,15
AAGGTTCTCCAGGGCT-1_GSM4013385,5
TTTGGTTGTTTCGCTC-1_GSM4013385,1
AGGCCGTGTACACCGC-1_GSM4013385,8
GGGATGAAGGAGTCTG-1_GSM4013385,1
TGTTCCGAGTTAACGA-1_GSM4013385,1
AGCTCTCCACTTAACG-1_GSM4013385,9
CAGATCATCTCGAGTA-1_GSM4013385,8
CTACGTCAGTATTGGA-1_GSM4013385,4
GGCAATTAGTCTCGGC-1_GSM4013385,8
GCATACACAGCTGCAC-1_GSM4013385,8
TTCTACACACCTCGGA-1_GSM4013385,14
TGTCCCATCACAATGC-1_GSM4013385,9
TTGCGTCGTCATACTG-1_GSM4013385,12
CCAGCGACAAGAGGCT-1_GSM4013385,6
GACCAATTCGGCTACG-1_GSM4013385,4
TGAGCATCACATGGGA-1_GSM4013385,1
CGAGCCAAGTTGTCGT-1_GSM4013385,4
CGCTTCACAGTTCCCT-1_GSM4013385,9
GATCTAGAGTCGCCGT-1_GSM4013385,6
AACGTTGTCAGGATCT-1_GSM4013385,10
TCCACACAGACGACGT-1_GSM4013385,5
CGGCTAGAGCCTCGTG-1_GSM4013385,9
TACCTTACAAGCGAGT-1_GSM4013385,4
GCTGCTTTCGGAATCT-1_GSM4013385,14
ATCACGAGTCCCTACT-1_GSM4013385,8
CTGCGGATCGCTAGCG-1_GSM4013385,17
CTCCTAGCAGCGAACA-1_GSM4013385,8
ATCATCTTCTCCAACC-1_GSM4013385,8
GAAACTCGTCGGGTCT-1_GSM4013385,8
GATCGATGTATAGGTA-1_GSM4013385,17
CACAGTAAGATGTCGG-1_GSM4013385,15
ACGCCAGGTAGCGTCC-1_GSM4013385,17
GGATTACTCTGACCTC-1_GSM4013385,17
TATCTCAGTATCTGCA-1_GSM4013385,10
AAGGAGCTCACCTTAT-1_GSM4013385,9
AACTTTCCACATCCAA-1_GSM4013385,9
CAACCTCAGTTATCGC-1_GSM4013385,15
AGAGTGGCACAGTCGC-1_GSM4013385,8
GGGCACTTCTTGTACT-1_GSM4013385,8
CTGTGCTTCTGGCGTG-1_GSM4013385,16
CAGATCAAGCCTCGTG-1_GSM4013385,10
TCTTTCCGTTAAGAAC-1_GSM4013385,15
GGTGAAGCAAACTGCT-1_GSM4013385,10
CGTAGCGCAGTCAGAG-1_GSM4013385,1
CAACCTCCAGTCACTA-1_GSM4013385,8
GGGCATCTCAACGGGA-1_GSM4013385,8
CACAGGCGTCAACATC-1_GSM4013385,5
GACTAACTCTACTATC-1_GSM4013385,6
ACTTTCACAAACGCGA-1_GSM4013385,8
ATTACTCAGCGTTGCC-1_GSM4013385,19
GAAGCAGTCATAAAGG-1_GSM4013385,1
ATGAGGGCATCCGGGT-1_GSM4013385,12
TTTGGTTTCGCATGGC-1_GSM4013385,9
CCGTTCAGTGTAAGTA-1_GSM4013385,6
CCTTCGATCCTCGCAT-1_GSM4013385,6
CTCACACCACCCATTC-1_GSM4013385,8
CGTGTAACATCCGGGT-1_GSM4013385,8
GCGGGTTGTCGACTAT-1_GSM4013385,5
CCGGTAGTCTGCTTGC-1_GSM4013385,15
GCTGCAGCACGGACAA-1_GSM4013385,8
GAAGCAGAGAATAGGG-1_GSM4013385,10
CAGCGACTCCGAACGC-1_GSM4013385,6
TCACGAATCACCGTAA-1_GSM4013385,1
CATCCACCACCTGGTG-1_GSM4013385,9
CTAAGACAGTACACCT-1_GSM4013385,15
GGAAAGCGTGCCTGCA-1_GSM4013385,8
ACGGGCTCACGAGGTA-1_GSM4013385,8
AACTTTCGTGTGCCTG-1_GSM4013385,1
GAAACTCTCAGCTCTC-1_GSM4013385,1
CTCGGAGCAAACCTAC-1_GSM4013385,9
CACCACTGTGAGTGAC-1_GSM4013385,9
GGGTTGCTCACTTCAT-1_GSM4013385,16
ACACCCTCATGCAACT-1_GSM4013385,11
CATTCGCTCCCATTAT-1_GSM4013385,1
GCTGCTTTCAGATAAG-1_GSM4013385,4
CCTTTCTCACAACGTT-1_GSM4013385,6
ACTTTCAGTAAGTGTA-1_GSM4013385,8
ATAACGCCAAGTAATG-1_GSM4013385,5
TTAGGACTCGCCGTGA-1_GSM4013385,16
ACAGCTAAGTGCTGCC-1_GSM4013385,5
GTTTCTATCCCAAGAT-1_GSM4013385,12
CGAGCACCAGTGGAGT-1_GSM4013385,4
TTTGTCACAAACTGTC-1_GSM4013385,5
TGCTACCGTTAGAACA-1_GSM4013385,15
GAGCAGATCACCACCT-1_GSM4013385,16
CAAGATCTCCTCCTAG-1_GSM4013385,20
CGCGGTAGTGTAAGTA-1_GSM4013385,9
CGAACATGTAATCGTC-1_GSM4013385,8
GCGCCAAGTCGAATCT-1_GSM4013385,3
GGGATGAAGGAATGGA-1_GSM4013385,8
CAGAATCTCGTGGACC-1_GSM4013385,10
CCGGTAGCAGCTGTAT-1_GSM4013385,6
TTGTAGGTCAAGCCTA-1_GSM4013385,11
TTGCCGTAGCTCCTCT-1_GSM4013385,16
ACTTGTTCAATCAGAA-1_GSM4013385,4
TTGGCAAGTTCTCATT-1_GSM4013385,10
CCTAGCTTCCTACAGA-1_GSM4013385,14
ATCATGGAGATCTGAA-1_GSM4013385,16
CATTATCGTCACCTAA-1_GSM4013385,21
ATAGACCCATCCAACA-1_GSM4013385,21
TCGTAGACAATGAAAC-1_GSM4013385,8
ACACCAAAGCAGCCTC-1_GSM4013385,15
GAAGCAGAGCAACGGT-1_GSM4013385,17
TTATGCTTCAGCTGGC-1_GSM4013385,15
AACACGTCACGCGAAA-1_GSM4013385,8
GACTAACAGCCGATTT-1_GSM4013385,17
GCAAACTAGCTCCTTC-1_GSM4013385,4
CAGCTGGAGAATTCCC-1_GSM4013385,12
GCTCCTAGTCAGAGGT-1_GSM4013385,4
GTTACAGTCAGGTTCA-1_GSM4013385,16
CACAGTAGTCTTCTCG-1_GSM4013385,16
CTAACTTTCTCCTATA-1_GSM4013385,15
TGGGCGTGTAGGGACT-1_GSM4013385,1
CTACGTCGTGGCAAAC-1_GSM4013385,8
GAACCTAGTCGGCTCA-1_GSM4013385,15
ACTGAGTGTAGCAAAT-1_GSM4013385,9
TTAACTCTCAGCACAT-1_GSM4013385,16
GGGTTGCTCAGGCCCA-1_GSM4013385,6
ATTTCTGTCCCGACTT-1_GSM4013385,12
AGTAGTCAGCTAAGAT-1_GSM4013385,9
ATTCTACGTTCCTCCA-1_GSM4013385,8
AAGGTTCTCCTCGCAT-1_GSM4013385,5
ACCAGTACAAGGTGTG-1_GSM4013385,17
ACCAGTAGTACTCTCC-1_GSM4013385,8
GGAAAGCCAGCAGTTT-1_GSM4013385,10
CATCAGAAGTGACTCT-1_GSM4013385,8
GACTAACGTATATGGA-1_GSM4013385,8
ACGGGCTTCCCATTAT-1_GSM4013385,15
TCGTAGAAGCGTGTCC-1_GSM4013385,11
GGGCACTTCCAGTATG-1_GSM4013385,6
GCTGCGAAGGCTAGAC-1_GSM4013385,15
GGGACCTGTCCGTTAA-1_GSM4013385,9
TACTTGTTCGTGGTCG-1_GSM4013385,15
TGGTTAGCACTCGACG-1_GSM4013385,15
AGAGCTTAGCGCTTAT-1_GSM4013385,15
CTCTGGTGTCCGTTAA-1_GSM4013385,20
ACAGCTAAGAGAGCTC-1_GSM4013385,5
CCGGTAGGTTCGTCTC-1_GSM4013385,6
TGGCCAGAGATGCGAC-1_GSM4013385,4
AGCAGCCCACTGTTAG-1_GSM4013385,12
CTGTGCTAGCGTAGTG-1_GSM4013385,14
TACCTATAGGTAGCTG-1_GSM4013385,8
ATTCTACGTCGAGATG-1_GSM4013385,1
GGACATTGTCCCTTGT-1_GSM4013385,14
GATGCTAGTATAGGGC-1_GSM4013385,8
ACGAGCCTCTAACCGA-1_GSM4013385,1
CATTCGCAGGGCTCTC-1_GSM4013385,10
ACTGAACTCGCTAGCG-1_GSM4013385,14
TAGCCGGGTAAACACA-1_GSM4013385,1
GACTACAGTTATCGGT-1_GSM4013385,5
GACGTTATCCCACTTG-1_GSM4013385,1
CGATGTACAAATACAG-1_GSM4013385,3
GGACAGAGTCCGAATT-1_GSM4013385,3
GACCAATGTCTAGCCG-1_GSM4013385,6
GTACTTTTCAAGGCTT-1_GSM4013385,8
GTTCATTGTTAAGTAG-1_GSM4013385,20
TGGCTGGCAGTCGATT-1_GSM4013385,6
GTTACAGGTCCGAAGA-1_GSM4013385,15
TTTACTGCATCGGACC-1_GSM4013385,15
AGCAGCCTCATGTGGT-1_GSM4013385,17
GAGTCCGAGAGGTTAT-1_GSM4013385,8
CTCACACCATGTCGAT-1_GSM4013385,17
TGCGTGGAGCCTATGT-1_GSM4013385,8
CCATTCGTCCGCATAA-1_GSM4013385,15
GTTTCTACATTTCAGG-1_GSM4013385,4
CTACGTCGTTTAAGCC-1_GSM4013385,4
CTTACCGTCTCGTATT-1_GSM4013385,15
TGGCCAGAGTGCTGCC-1_GSM4013385,15
AGCTCTCCAATGCCAT-1_GSM4013385,3
CTCGAGGCAATAAGCA-1_GSM4013385,5
TGGGAAGCAGATTGCT-1_GSM4013385,6
CAGCTAACAGGGATTG-1_GSM4013385,6
ACTGAGTAGGTGGGTT-1_GSM4013385,1
CCTTCGACAGATGGCA-1_GSM4013385,8
CGAATGTTCAGTTCGA-1_GSM4013385,16
GTCACAATCTGGGCCA-1_GSM4013385,1
AACTTTCTCAGAGGTG-1_GSM4013385,4
GCAGCCACAATTGCTG-1_GSM4013385,8
CTAAGACCATGGTCAT-1_GSM4013385,16
TCAATCTAGCAGCCTC-1_GSM4013385,8
AACGTTGGTACGAAAT-1_GSM4013385,5
GCGCCAACACGTAAGG-1_GSM4013385,8
CTTTGCGGTTTGTTGG-1_GSM4013385,9
GCCAAATAGGATGCGT-1_GSM4013385,16
GCGCCAAAGATATGCA-1_GSM4013385,1
TCAGATGGTTGCTCCT-1_GSM4013385,14
TTCCCAGCAAGTACCT-1_GSM4013385,16
TGGCCAGAGCCCTAAT-1_GSM4013385,16
CAGATCAAGTCTCAAC-1_GSM4013385,14
GGGACCTGTTACGACT-1_GSM4013385,16
AGAGCTTTCACCACCT-1_GSM4013385,4
CACCAGGCAAGAAAGG-1_GSM4013385,12
CGATCGGAGTTGCAGG-1_GSM4013385,1
GCTTCCAAGAGAACAG-1_GSM4013385,17
CAACCTCAGCCAGAAC-1_GSM4013385,16
TTGAACGTCTGCAGTA-1_GSM4013385,4
GGCAATTTCAGGCGAA-1_GSM4013385,1
GCTCCTATCACCGTAA-1_GSM4013385,4
CCGGTAGAGGGATGGG-1_GSM4013385,6
AAAGTAGGTACTTCTT-1_GSM4013385,10
ATTACTCGTCTTGTCC-1_GSM4013385,9
ATAACGCAGATCCTGT-1_GSM4013385,8
CTTCTCTTCTGTGCAA-1_GSM4013385,16
CCTACACTCTTTACAC-1_GSM4013385,15
ATCCGAATCTAACCGA-1_GSM4013385,16
CATGGCGAGTGACATA-1_GSM4013385,16
CTGGTCTAGTGAATTG-1_GSM4013385,16
CCTACCACATAAGACA-1_GSM4013385,15
CTCAGAATCAGGTTCA-1_GSM4013385,8
ACACCAATCGACAGCC-1_GSM4013385,8
AGTAGTCTCATGTGGT-1_GSM4013385,10
CGAACATAGCTGAACG-1_GSM4013385,10
GGGACCTTCACAAACC-1_GSM4013385,1
GCGGGTTAGCCGTCGT-1_GSM4013385,5
ATCGAGTGTGGGTATG-1_GSM4013385,15
ACACCCTCACATCTTT-1_GSM4013385,11
TGCTGCTAGTACACCT-1_GSM4013385,15
CCTCAGTTCTTATCTG-1_GSM4013385,1
TAAGTGCCAAGGCTCC-1_GSM4013385,5
TAGAGCTTCAACACTG-1_GSM4013385,10
CTCCTAGTCAGGATCT-1_GSM4013385,10
CTAACTTGTAGCCTAT-1_GSM4013385,3
GCAGCCAAGCCAGAAC-1_GSM4013385,16
CGCCAAGCAGTGGAGT-1_GSM4013385,8
TACCTTATCTGGTGTA-1_GSM4013385,11
AGTTGGTTCAAGCCTA-1_GSM4013385,6
CGAGCACAGTACGACG-1_GSM4013385,16
CTACGTCAGCATCATC-1_GSM4013385,5
CCATTCGAGACACTAA-1_GSM4013385,4
GCTGCAGTCTCTTATG-1_GSM4013385,6
TGCGCAGTCAGCGACC-1_GSM4013385,6
CAAGATCCACTCGACG-1_GSM4013385,1
ATAACGCGTGTTTGTG-1_GSM4013385,5
CATGACAAGTGTACCT-1_GSM4013385,16
CACCAGGCATGGATGG-1_GSM4013385,8
ACTTTCAAGCCCGAAA-1_GSM4013385,1
TATCAGGCAAAGCAAT-1_GSM4013385,14
GCATGCGTCTACGAGT-1_GSM4013385,15
CCAATCCGTCAGTGGA-1_GSM4013385,8
TCGGTAATCGCATGAT-1_GSM4013385,15
GATTCAGCATAGACTC-1_GSM4013385,4
TTCTCCTGTAACGCGA-1_GSM4013385,6
GGCAATTAGTGCAAGC-1_GSM4013385,16
AGCAGCCAGATATACG-1_GSM4013385,16
ACGTCAAAGTACTTGC-1_GSM4013385,8
CTGAAGTGTAAGAGGA-1_GSM4013385,8
TGCCCATTCTTGTTTG-1_GSM4013385,8
GTAGGCCAGAGGTACC-1_GSM4013385,1
ATTGGTGAGACCTAGG-1_GSM4013385,15
GCCTCTATCACTTATC-1_GSM4013385,10
CAAGATCAGCGTTTAC-1_GSM4013385,15
AAAGCAAAGTGAACGC-1_GSM4013385,8
CAGGTGCTCCCATTAT-1_GSM4013385,1
TCTGAGACACTTCGAA-1_GSM4013385,12
TCACAAGAGAACTGTA-1_GSM4013385,8
GGAAAGCAGAGCAATT-1_GSM4013385,9
CGCGTTTCATGTAGTC-1_GSM4013385,1
TATCTCAGTTATGTGC-1_GSM4013385,15
AAAGATGGTCCTCCAT-1_GSM4013385,8
ACTGTCCCAGCTGTTA-1_GSM4013385,9
GGCTCGACAATGAATG-1_GSM4013385,6
CTCGGAGAGAGCTATA-1_GSM4013385,15
TCGCGAGCAACGATGG-1_GSM4013385,6
CTGATAGGTTATGCGT-1_GSM4013385,15
TCAGGTAGTTGAACTC-1_GSM4013385,1
CACACAAAGCGCCTCA-1_GSM4013385,8
GGAACTTCAGCTCGCA-1_GSM4013385,21
AGAGTGGAGAATTCCC-1_GSM4013385,15
CATGCCTCATGTAGTC-1_GSM4013385,5
TTGCCGTTCCTAGAAC-1_GSM4013385,14
AGGCCACTCCGCGGTA-1_GSM4013385,16
TAGAGCTAGAGATGAG-1_GSM4013385,15
CCTATTAGTCAAAGAT-1_GSM4013385,8
ACGCAGCTCACCTCGT-1_GSM4013385,14
TCGGGACGTGTGCCTG-1_GSM4013385,1
CGTCAGGTCTCGTATT-1_GSM4013385,4
CTGCGGACATGTTCCC-1_GSM4013385,8
ACACCAATCGCGTTTC-1_GSM4013385,10
CTAATGGCATACTCTT-1_GSM4013385,10
AGCTCTCTCCTGCAGG-1_GSM4013385,16
CATATGGAGATCCCGC-1_GSM4013385,15
TCTCATATCTTATCTG-1_GSM4013385,9
CGCGTTTGTCATATCG-1_GSM4013385,15
AGAGCTTGTTTCGCTC-1_GSM4013385,17
CGGTTAAAGTCCCACG-1_GSM4013385,8
GGCTCGAAGTTAAGTG-1_GSM4013385,1
CTTAGGAGTTGAGGTG-1_GSM4013385,9
CCGTTCATCTGGAGCC-1_GSM4013385,8
CTGGTCTAGCTGCCCA-1_GSM4013385,1
AAGGCAGTCGGAAATA-1_GSM4013385,4
CTTCTCTTCGGACAAG-1_GSM4013385,16
GTATCTTAGGACAGCT-1_GSM4013385,9
GACGTTAGTAGAGCTG-1_GSM4013385,8
CTAATGGCATTCGACA-1_GSM4013385,11
CGCGTTTGTGGCAAAC-1_GSM4013385,5
GGGAGATGTTATCCGA-1_GSM4013385,6
TTCCCAGCAATCCGAT-1_GSM4013385,1
CGAACATCAACGATGG-1_GSM4013385,16
GGACAGAAGCAAATCA-1_GSM4013385,16
CATTATCGTTCTGGTA-1_GSM4013385,15
CTTAACTCACGGTAGA-1_GSM4013385,8
TAGTGGTGTTGAGGTG-1_GSM4013385,16
AAATGCCCAATGGTCT-1_GSM4013385,8
TTAACTCTCTTAGAGC-1_GSM4013385,8
TCGTACCTCTAAGCCA-1_GSM4013385,9
CTCATTATCTTGCATT-1_GSM4013385,8
CACAGTAGTTGCGTTA-1_GSM4013385,9
TAGTTGGAGTTAAGTG-1_GSM4013385,8
TCAGGATCAAAGCAAT-1_GSM4013385,8
CACCACTAGCCGATTT-1_GSM4013385,8
ACTGATGCACGGTAGA-1_GSM4013385,5
AACGTTGAGTTGTAGA-1_GSM4013385,1
CGCCAAGCATCGATTG-1_GSM4013385,4
TGAAAGATCGCCCTTA-1_GSM4013385,8
CCGGTAGTCCTAAGTG-1_GSM4013385,1
GCAATCAGTCAGTGGA-1_GSM4013385,8
GTCATTTAGCAGACTG-1_GSM4013385,12
AGAGCGATCGGTGTTA-1_GSM4013385,5
GGACAGAGTGGCCCTA-1_GSM4013385,4
GATGAAAAGCGCTCCA-1_GSM4013385,6
TATTACCTCCATGAGT-1_GSM4013385,16
CTAATGGTCTAACTCT-1_GSM4013385,4
ACAGCCGGTAGCTCCG-1_GSM4013385,9
GTATTCTTCAGTGCAT-1_GSM4013385,8
TATGCCCCACACAGAG-1_GSM4013385,1
CGCCAAGCACGAGAGT-1_GSM4013385,15
CGTTCTGGTTGGTAAA-1_GSM4013385,6
AAGGCAGCAGCCAATT-1_GSM4013385,15
CTGATCCGTCCGTCAG-1_GSM4013385,5
GTTAAGCCAGGTCGTC-1_GSM4013385,16
CTCCTAGTCTGCGGCA-1_GSM4013385,16
CTTCTCTCAGAGCCAA-1_GSM4013385,1
GCAGTTAGTGCTTCTC-1_GSM4013385,12
TTCTCAACATCGTCGG-1_GSM4013385,9
ACGAGCCTCGGAGCAA-1_GSM4013385,9
CATGGCGCAACTTGAC-1_GSM4013385,16
GACGTTATCACTCTTA-1_GSM4013385,4
CGCGGTAGTAAAGTCA-1_GSM4013385,18
TTCTTAGGTATTCGTG-1_GSM4013385,6
TACACGATCTTGTTTG-1_GSM4013385,4
GGCAATTCATACGCCG-1_GSM4013385,16
TTCTCCTAGATCCCAT-1_GSM4013385,15
AGTGGGATCGCCTGAG-1_GSM4013385,16
TACGGTAGTCTAGTGT-1_GSM4013385,15
CTACATTAGTGGTAAT-1_GSM4013385,9
ACGAGGAGTCTAAAGA-1_GSM4013385,9
AGGTCCGTCAACACTG-1_GSM4013385,8
CACACCTCAAGACACG-1_GSM4013385,4
TACGGATCAATGTTGC-1_GSM4013385,15
TTGAACGCAATGAATG-1_GSM4013385,10
AGCTCCTAGATCCGAG-1_GSM4013385,9
AAATGCCAGCTGAAAT-1_GSM4013385,1
CTTAACTTCTTGTCAT-1_GSM4013385,8
CGGACACTCCACGTTC-1_GSM4013385,12
GGTATTGTCGTCCGTT-1_GSM4013385,15
CTCTGGTGTATTCGTG-1_GSM4013385,10
CTTAACTAGGAGCGAG-1_GSM4013385,12
CACAAACCAACCGCCA-1_GSM4013385,15
CTAGTGAGTGTATGGG-1_GSM4013385,4
TGCCCTACATTACGAC-1_GSM4013385,15
CTAGCCTTCTCCGGTT-1_GSM4013385,9
AATCCAGCACAGGAGT-1_GSM4013385,11
GTATTCTTCACCAGGC-1_GSM4013385,14
CGCTATCAGACTAAGT-1_GSM4013385,15
TACGGATAGGTGCTTT-1_GSM4013385,15
GTTCTCGTCCCTCTTT-1_GSM4013385,15
CTGTGCTGTGCGCTTG-1_GSM4013385,5
GGATGTTTCTCTGCTG-1_GSM4013385,5
CCCAATCCACAGGCCT-1_GSM4013385,9
CGAGCCATCCTGCTTG-1_GSM4013385,16
GATCAGTAGCTCTCGG-1_GSM4013385,10
ACGAGCCCACTCAGGC-1_GSM4013385,15
CCTAGCTCAAGCGTAG-1_GSM4013385,1
GCAATCACAGGACGTA-1_GSM4013385,16
TTTACTGGTCTCCATC-1_GSM4013385,8
AAAGTAGTCGGAATCT-1_GSM4013385,15
GCAGCCAAGCCCAATT-1_GSM4013385,4
AGCGTATGTGAAGGCT-1_GSM4013385,9
GCTTGAAGTGTAATGA-1_GSM4013385,16
CGGACGTAGAAGGGTA-1_GSM4013385,6
CAGAATCGTGAGTGAC-1_GSM4013385,14
CCTCTGAGTTCGCTAA-1_GSM4013385,9
ATAACGCGTACTTAGC-1_GSM4013385,10
ATTGGACGTAACGCGA-1_GSM4013385,12
CAGAGAGAGATGTTAG-1_GSM4013385,3
GCATGATAGTCTCCTC-1_GSM4013385,8
GTACTTTTCTTCCTTC-1_GSM4013385,11
CGGACTGGTAAATGTG-1_GSM4013385,4
TATCAGGCACCGTTGG-1_GSM4013385,15
GGATTACTCCAGTATG-1_GSM4013385,1
TTAGGCAAGTTAGCGG-1_GSM4013385,15
GAATGAACAGCGAACA-1_GSM4013385,15
CTTCTCTGTCAGAATA-1_GSM4013385,1
CAAGGCCCAGAGCCAA-1_GSM4013385,4
GCACTCTGTATCTGCA-1_GSM4013385,16
GACGGCTTCCGCGCAA-1_GSM4013385,16
ACTTGTTAGAAGATTC-1_GSM4013385,1
GATGAAAAGTTGCAGG-1_GSM4013385,5
GCGGGTTGTACTTCTT-1_GSM4013385,11
GATCAGTTCTGTACGA-1_GSM4013385,8
GGGAGATGTCCGCTGA-1_GSM4013385,16
TCGTACCTCTACTATC-1_GSM4013385,15
AGTCTTTTCTCTAGGA-1_GSM4013385,15
GTTCATTGTCCTGCTT-1_GSM4013385,16
ACACCAAGTTGTCGCG-1_GSM4013385,16
TACAGTGGTAGAAGGA-1_GSM4013385,9
CACATTTCAGTAAGAT-1_GSM4013385,16
CTACATTCACAGGCCT-1_GSM4013385,5
TCTCTAATCGTACGGC-1_GSM4013385,8
CATGGCGGTGGTTTCA-1_GSM4013385,4
GACGCGTCAGGACCCT-1_GSM4013385,6
GCATGCGTCTCTTGAT-1_GSM4013385,4
CGGAGCTGTTATGCGT-1_GSM4013385,15
TATGCCCAGTGGTCCC-1_GSM4013385,4
AAGGAGCAGCCAGGAT-1_GSM4013385,4
TGTGGTATCATCTGTT-1_GSM4013385,21
AGTAGTCGTCTAGGTT-1_GSM4013385,8
CACACTCCACATCTTT-1_GSM4013385,6
CAAGATCTCAGAGCTT-1_GSM4013385,15
CGTGAGCAGCGATCCC-1_GSM4013385,10
CATGCCTTCGAATGGG-1_GSM4013385,5
ACCAGTAAGCGATATA-1_GSM4013385,15
TCGCGAGAGTGACATA-1_GSM4013385,8
GTAGTCAGTATTCGTG-1_GSM4013385,5
CCATGTCGTCCTAGCG-1_GSM4013385,4
GGGCACTTCGCGTAGC-1_GSM4013385,5
TCCCGATCACGAAACG-1_GSM4013385,15
CTGTTTATCAACACAC-1_GSM4013385,15
ATTTCTGCATACTACG-1_GSM4013385,4
ACGAGGATCAGCTGGC-1_GSM4013385,6
TGACTTTAGGCTCAGA-1_GSM4013385,9
TACGGTATCACGGTTA-1_GSM4013385,16
TCTTTCCGTCAGCTAT-1_GSM4013385,8
CGCCAAGTCAGTTAGC-1_GSM4013385,4
TTATGCTAGTACGACG-1_GSM4013385,1
GATGCTACACGGCCAT-1_GSM4013385,10
CTGAAGTGTATAATGG-1_GSM4013385,15
GGACAAGCATGCAACT-1_GSM4013385,9
AGGCCGTGTAAGAGGA-1_GSM4013385,4
ACCTTTAGTCTCATCC-1_GSM4013385,8
AAACGGGCATAGACTC-1_GSM4013385,15
CTAACTTAGGACCACA-1_GSM4013385,6
GATCGTATCTTCCTTC-1_GSM4013385,15
CTCATTAGTTTGACAC-1_GSM4013385,15
ACCAGTACAATCTACG-1_GSM4013385,1
TTTACTGAGGCTCTTA-1_GSM4013385,9
CGTCTACTCAGTCAGT-1_GSM4013385,1
TCTGAGAGTCGTTGTA-1_GSM4013385,8
CAAGATCGTTCCGTCT-1_GSM4013385,6
CAGTAACAGGAGTACC-1_GSM4013385,9
GCTGGGTGTACGACCC-1_GSM4013385,9
GTATTCTGTACTTGAC-1_GSM4013385,16
CTACATTTCTGCGACG-1_GSM4013385,9
ACACCGGAGCGACGTA-1_GSM4013385,15
GTCTTCGTCCACTCCA-1_GSM4013385,16
AAGCCGCCATAGAAAC-1_GSM4013385,15
ACGCCAGGTGAGCGAT-1_GSM4013385,15
GCAATCAGTCCAAGTT-1_GSM4013385,4
TCAGGATGTACCGGCT-1_GSM4013385,14
CACAGTATCTGCAGTA-1_GSM4013385,12
ACGATACAGAACTCGG-1_GSM4013385,6
CAACCTCAGACATAAC-1_GSM4013385,6
ATCCACCAGCCATCGC-1_GSM4013385,4
CCACGGAAGTGAACGC-1_GSM4013385,14
CAGAGAGGTGACGGTA-1_GSM4013385,9
CGTGTCTGTTGAGTTC-1_GSM4013385,8
GCGCCAACATTTGCCC-1_GSM4013385,8
TACAGTGGTTGCGCAC-1_GSM4013385,9
TCAACGAGTGGAAAGA-1_GSM4013385,6
TGACTTTAGCTGATAA-1_GSM4013385,4
CCGTGGACATCAGTAC-1_GSM4013385,9
CGGACACAGACCACGA-1_GSM4013385,16
GCATACAAGCGTGTCC-1_GSM4013385,16
CTACACCAGTGGGCTA-1_GSM4013385,8
CAGCTGGCAATCACAC-1_GSM4013385,16
GTCGGGTTCTGGTTCC-1_GSM4013385,16
GCATGTAGTATCACCA-1_GSM4013385,15
TGATTTCAGAGTACCG-1_GSM4013385,9
TGGTTCCAGGCGACAT-1_GSM4013385,15
GTGGGTCTCTAACGGT-1_GSM4013385,16
CGGACGTAGTTCGCAT-1_GSM4013385,6
ACTTACTAGCGCTTAT-1_GSM4013385,9
AGCAGCCTCAGCTCGG-1_GSM4013385,8
CACTCCATCGCAAGCC-1_GSM4013385,16
GTCACGGCATTTCACT-1_GSM4013385,14
AATCCAGTCAACACGT-1_GSM4013385,4
GGTATTGCAGGTGCCT-1_GSM4013385,4
CAACTAGAGACGCAAC-1_GSM4013385,14
GTTCTCGCATTCTTAC-1_GSM4013385,12
ACAGCTACAGTATAAG-1_GSM4013385,15
TGTCCCAAGCGCTTAT-1_GSM4013385,15
CTCGTCAAGGCGCTCT-1_GSM4013385,16
AGATCTGTCGGCGGTT-1_GSM4013385,15
CACAGGCCAGGATTGG-1_GSM4013385,16
TCAGCAAGTACCATCA-1_GSM4013385,10
GGTATTGTCCCATTAT-1_GSM4013385,8
CACATTTTCGCTAGCG-1_GSM4013385,6
CAGAGAGCACGCCAGT-1_GSM4013385,15
ATAAGAGGTTCAGGCC-1_GSM4013385,4
GGGTTGCGTAGCAAAT-1_GSM4013385,8
CATGACATCTCTTGAT-1_GSM4013385,9
AACTCCCAGTAGTGCG-1_GSM4013385,4
GGACGTCCAGCGTTCG-1_GSM4013385,17
CGTCACTTCGGTGTCG-1_GSM4013385,8
ATCACGAAGTCCATAC-1_GSM4013385,5
GATCGCGGTTATGCGT-1_GSM4013385,5
TACGGTATCATTGCCC-1_GSM4013385,9
AGATTGCAGTTACCCA-1_GSM4013385,1
TACCTATCAAAGTCAA-1_GSM4013385,4
ACGAGCCCACTAGTAC-1_GSM4013385,15
GCAGTTAAGGATGCGT-1_GSM4013385,15
TACCTATAGTGTACCT-1_GSM4013385,9
CAGAATCTCAGCACAT-1_GSM4013385,5
TATCTCACACCGAATT-1_GSM4013385,9
CCCATACAGTTGCAGG-1_GSM4013385,16
CATCCACGTAAACCTC-1_GSM4013385,1
TATGCCCGTAGCAAAT-1_GSM4013385,4
TTTATGCCAGGATCGA-1_GSM4013385,15
CACCAGGAGGATGGAA-1_GSM4013385,1
GTACTCCGTCCCTTGT-1_GSM4013385,16
AGGCCACAGGTAGCCA-1_GSM4013385,15
ACTGATGAGCTGCCCA-1_GSM4013385,16
TCATTTGAGCTAACTC-1_GSM4013385,15
TGTTCCGAGGATGTAT-1_GSM4013385,9
CGCGTTTTCTATGTGG-1_GSM4013385,16
AGATTGCCATCTCGCT-1_GSM4013385,10
CGTTCTGCACATAACC-1_GSM4013385,15
GATCTAGTCGCCGTGA-1_GSM4013385,9
AAAGCAAAGTACCGGA-1_GSM4013385,4
GACAGAGCATGGTAGG-1_GSM4013385,8
TTCTTAGGTGGCCCTA-1_GSM4013385,6
TGACAACAGAAACGCC-1_GSM4013385,11
GGCGACTGTCAGCTAT-1_GSM4013385,12
ACCGTAACATCGGTTA-1_GSM4013385,9
CAGCATAAGTACGCCC-1_GSM4013385,6
TGCCAAAGTTCCACAA-1_GSM4013385,15
CAGCATACAACGATCT-1_GSM4013385,1
CTACGTCTCATCACCC-1_GSM4013385,12
ACCAGTAGTTACTGAC-1_GSM4013385,4
TCTCTAAGTGCAGGTA-1_GSM4013385,10
TCATTACCATCCCACT-1_GSM4013385,15
CAACCTCCACAAGACG-1_GSM4013385,10
TACTTACGTCGTGGCT-1_GSM4013385,16
TTCTCCTTCCGTAGGC-1_GSM4013385,9
GTAACTGCATCACAAC-1_GSM4013385,4
ATCCACCCATGCCACG-1_GSM4013385,15
ACAGCCGGTCGGGTCT-1_GSM4013385,9
GACAGAGAGCGTGAAC-1_GSM4013385,8
GTCACAACAGGAATCG-1_GSM4013385,15
AACTCTTGTTGGTAAA-1_GSM4013385,8
GTAACTGGTTCAGCGC-1_GSM4013385,8
ACAGCTATCTTGCCGT-1_GSM4013385,16
GCATGTAGTAGCTCCG-1_GSM4013385,16
ATCTGCCTCTCCCTGA-1_GSM4013385,9
TCTGGAACATGTAGTC-1_GSM4013385,15
CAAGGCCAGCGGATCA-1_GSM4013385,3
TGCACCTTCGTAGGTT-1_GSM4013385,15
GACAGAGAGGCAATTA-1_GSM4013385,16
CCCAATCCATTCTCAT-1_GSM4013385,14
GGCGTGTGTCACCTAA-1_GSM4013385,6
GCTGCTTAGCTACCGC-1_GSM4013385,1
ACGTCAATCGGAGCAA-1_GSM4013385,17
AGCAGCCCATGTTGAC-1_GSM4013385,3
CTAGTGATCCACGCAG-1_GSM4013385,3
ACGCAGCCAACTGGCC-1_GSM4013385,4
GTCGGGTCAAGGTTCT-1_GSM4013385,6
AACTCAGTCTTGTTTG-1_GSM4013385,14
GAATAAGTCACGCATA-1_GSM4013385,6
GCAGTTAGTTGCGTTA-1_GSM4013385,15
GAAGCAGCATAAGACA-1_GSM4013385,3
ACGAGGAGTCCAGTTA-1_GSM4013385,15
AGCGTATTCGTTACAG-1_GSM4013385,16
TCGGGACAGGTCGGAT-1_GSM4013385,5
CACATTTCAGCCTTTC-1_GSM4013385,16
GCAGCCAAGACGCACA-1_GSM4013385,9
CCTCAGTCAAGCTGGA-1_GSM4013385,16
CTCATTACACGGTAGA-1_GSM4013385,8
CACTCCATCGGTTAAC-1_GSM4013385,16
ATCGAGTAGCAACGGT-1_GSM4013385,4
TGAGCCGGTTGATTCG-1_GSM4013385,9
TTCTCAACACCCATGG-1_GSM4013385,9
TACGGATAGATGCCTT-1_GSM4013385,10
GGAACTTGTGATAAAC-1_GSM4013385,15
TAAACCGAGTGGAGTC-1_GSM4013385,12
AGGTCATAGACTTTCG-1_GSM4013385,8
CCTACACCAATGAAAC-1_GSM4013385,8
CGAGCCAAGTTAGCGG-1_GSM4013385,15
TGGCGCACATTCACTT-1_GSM4013385,14
CATTCGCGTAGAAGGA-1_GSM4013385,9
ACACCCTGTCGAGTTT-1_GSM4013385,10
CTCAGAAAGATATGGT-1_GSM4013385,9
AGAATAGGTGAAAGAG-1_GSM4013385,8
GACGTTACACCGTTGG-1_GSM4013385,5
CAGATCAAGGTGTGGT-1_GSM4013385,12
CCAATCCGTTGGACCC-1_GSM4013385,21
CATGGCGGTATATGAG-1_GSM4013385,4
CGTCAGGCATTGAGCT-1_GSM4013385,1
AGCATACAGCGCCTTG-1_GSM4013385,4
CACACTCTCTCGCATC-1_GSM4013385,9
GAGCAGACACGAGAGT-1_GSM4013385,15
TTGAACGCATCGGTTA-1_GSM4013385,6
GGACAGACAAGGACAC-1_GSM4013385,15
GATGCTAGTGTATGGG-1_GSM4013385,15
CTACCCACAATCTGCA-1_GSM4013385,1
CGTGTAATCAGGCAAG-1_GSM4013385,15
TCAGGTAGTATATCCG-1_GSM4013385,1
GTCGGGTCACGGTGTC-1_GSM4013385,15
TGAGGGAAGAGAGCTC-1_GSM4013385,4
CAACCTCAGACCGGAT-1_GSM4013385,1
CTCTACGAGCTAACTC-1_GSM4013385,14
GTCGTAATCAGTTGAC-1_GSM4013385,16
GGCTCGACATCTACGA-1_GSM4013385,15
GGCTCGAAGTAGCCGA-1_GSM4013385,14
TGCTGCTAGCGAAGGG-1_GSM4013385,11
CTGAAACCAGGTGGAT-1_GSM4013385,16
TACCTATTCTTGTACT-1_GSM4013385,9
GACAGAGTCTAACTCT-1_GSM4013385,5
ACATCAGTCGCGTTTC-1_GSM4013385,5
CCTTACGAGACTACAA-1_GSM4013385,8
AACTCAGTCTTTCCTC-1_GSM4013385,6
ACCCACTGTCGGGTCT-1_GSM4013385,5
TGGCGCATCCCAGGTG-1_GSM4013385,15
CTCGTACGTGTGACGA-1_GSM4013385,15
AGCATACTCACGATGT-1_GSM4013385,14
ACGATACAGACTTGAA-1_GSM4013385,6
GACTAACCACAGAGGT-1_GSM4013385,4
TCGAGGCAGTACGCGA-1_GSM4013385,15
CACCAGGAGTCCCACG-1_GSM4013385,15
ATTCTACAGTGCAAGC-1_GSM4013385,1
CTACGTCAGCGATTCT-1_GSM4013385,15
CAAGATCTCGTGTAGT-1_GSM4013385,7
GCGACCATCCTATTCA-1_GSM4013385,8
AGCGGTCTCCTAGAAC-1_GSM4013385,15
CGGACACAGTGAACGC-1_GSM4013385,15
TTCGGTCAGAGTACCG-1_GSM4013385,3
AGAGTGGTCGCGTTTC-1_GSM4013385,11
GTCTTCGGTGCGATAG-1_GSM4013385,1
TGCCCTAGTAGCAAAT-1_GSM4013385,16
GCCAAATGTTGATTCG-1_GSM4013385,9
AGCGTATGTCAGGACA-1_GSM4013385,10
TACCTTATCGGTTCGG-1_GSM4013385,5
AGATTGCCAGTCAGCC-1_GSM4013385,6
GGGATGATCTACTCAT-1_GSM4013385,15
TGACTAGTCCCAAGAT-1_GSM4013385,6
CAGATCACAGCTGTTA-1_GSM4013385,16
GGGAATGGTGATAAAC-1_GSM4013385,10
TTCCCAGCATGCCCGA-1_GSM4013385,16
GTCGGGTTCTCACATT-1_GSM4013385,9
GTGTGCGAGGAGTAGA-1_GSM4013385,1
AGCAGCCTCCCGACTT-1_GSM4013385,14
CTCATTACATCACGAT-1_GSM4013385,9
CTAGAGTAGCATCATC-1_GSM4013385,3
GGCTGGTTCAGCGATT-1_GSM4013385,16
CCGTACTCATCACGAT-1_GSM4013385,10
CTTGGCTCACGTGAGA-1_GSM4013385,16
CATGACACAAGCCGTC-1_GSM4013385,12
TTGGCAACAAGGTTCT-1_GSM4013385,6
TATCAGGCACGTGAGA-1_GSM4013385,15
TTCCCAGTCACAATGC-1_GSM4013385,1
GGTGAAGCATCAGTAC-1_GSM4013385,16
GTCACGGTCCTTGGTC-1_GSM4013385,14
ACACCCTGTACATCCA-1_GSM4013385,8
GGATGTTGTAGCACGA-1_GSM4013385,1
TCGAGGCAGAACTGTA-1_GSM4013385,12
ATCTACTCAGCTTCGG-1_GSM4013385,4
ACTGCTCGTTAAGTAG-1_GSM4013385,8
ACACCAAGTATGAATG-1_GSM4013385,6
CGAACATGTTCTGAAC-1_GSM4013385,8
GCGACCATCTTCAACT-1_GSM4013385,15
TCGTAGACAGTGACAG-1_GSM4013385,17
AACACGTCATGTAGTC-1_GSM4013385,4
ATCATCTAGCCACGTC-1_GSM4013385,1
TGGGCGTTCTCTTATG-1_GSM4013385,12
CCGTTCATCCGTCATC-1_GSM4013385,1
CCACGGACAGACACTT-1_GSM4013385,4
GGACAAGCACAGCGTC-1_GSM4013385,9
GCATGCGCAAAGTGCG-1_GSM4013385,16
GGATGTTTCAAGGTAA-1_GSM4013385,15
GACCAATTCTAACGGT-1_GSM4013385,8
CCTACACGTTAGATGA-1_GSM4013385,6
CCTTTCTCATGGTTGT-1_GSM4013385,4
TCCCGATAGAGGTAGA-1_GSM4013385,15
CTTCTCTAGCTACCTA-1_GSM4013385,6
TGGCGCAAGTCTCCTC-1_GSM4013385,15
TCATTTGAGGAGCGAG-1_GSM4013385,16
TAGTGGTAGTGGACGT-1_GSM4013385,9
TCGGTAAAGCGTAATA-1_GSM4013385,8
TGGCCAGGTATCACCA-1_GSM4013385,6
GGACAGAAGAAGGACA-1_GSM4013385,9
CTCGGGAAGCGCCTCA-1_GSM4013385,5
TGCTACCTCTGCGGCA-1_GSM4013385,16
GGTGTTACAACTGGCC-1_GSM4013385,5
TCAGGATTCGCGTTTC-1_GSM4013385,9
GGCAATTGTGGTAACG-1_GSM4013385,15
GGCTCGATCATGCATG-1_GSM4013385,12
AGCCTAACAAGACGTG-1_GSM4013385,16
AGGGATGCATACTCTT-1_GSM4013385,4
GCATGCGCATATACGC-1_GSM4013385,1
CTTACCGAGAGTACAT-1_GSM4013385,16
TACCTTAAGTACACCT-1_GSM4013385,14
AGAGTGGTCACAGGCC-1_GSM4013385,10
GCGCCAAGTAGGGACT-1_GSM4013385,15
ATCTACTTCAAGGTAA-1_GSM4013385,16
CGATGGCCAATCGAAA-1_GSM4013385,6
GCGCAGTAGGAATGGA-1_GSM4013385,14
AAAGTAGAGCAGCCTC-1_GSM4013385,4
TCTATTGAGCGATTCT-1_GSM4013385,6
CTGAAACAGGATGGAA-1_GSM4013385,17
GTCATTTTCTTGAGAC-1_GSM4013385,16
GTGTTAGGTATTAGCC-1_GSM4013385,5
CTACGTCTCACATACG-1_GSM4013385,14
GCTGCGAGTCCAGTGC-1_GSM4013385,16
GAACGGACAGTCAGCC-1_GSM4013385,8
GAATAAGAGATCGATA-1_GSM4013385,4
CTGTGCTCAAGTAATG-1_GSM4013385,15
CCTCAGTCATCATCCC-1_GSM4013385,14
CGCTATCTCGCTTGTC-1_GSM4013385,9
ATTACTCAGCCAACAG-1_GSM4013385,15
AAGGTTCCAGTGGGAT-1_GSM4013385,15
TGTGTTTTCGCTAGCG-1_GSM4013385,16
ACTTGTTCACAGTCGC-1_GSM4013385,10
TGCGTGGGTCTGATCA-1_GSM4013385,16
TCGCGTTTCATCGGAT-1_GSM4013385,8
TCATTTGCAGGACCCT-1_GSM4013385,3
GTTCTCGTCACTGGGC-1_GSM4013385,5
GAACCTACATGAGCGA-1_GSM4013385,12
GCAAACTAGGTAGCCA-1_GSM4013385,4
TAAGAGAGTTGAGGTG-1_GSM4013385,6
GGAGCAATCCGTTGTC-1_GSM4013385,16
AAAGTAGGTCTCTTTA-1_GSM4013385,6
GCAAACTCAACTTGAC-1_GSM4013385,20
GATCTAGCAGACGCCT-1_GSM4013385,14
GCATGTAAGTGAAGTT-1_GSM4013385,12
CTCACACAGGCATGTG-1_GSM4013385,16
GGATGTTAGTGTTGAA-1_GSM4013385,6
CCACGGACACATCCAA-1_GSM4013385,15
AAGCCGCCATCGGAAG-1_GSM4013385,8
GTGCATAGTGAGGGAG-1_GSM4013385,8
GATCTAGCAACTTGAC-1_GSM4013385,8
GGCTGGTAGATGCCTT-1_GSM4013385,5
CGCCAAGGTAATCACC-1_GSM4013385,8
GCTTGAAGTTCTGTTT-1_GSM4013385,5
TACACGAAGGCTAGCA-1_GSM4013385,4
TGAGAGGTCTAACCGA-1_GSM4013385,16
ATCGAGTTCAGCTGGC-1_GSM4013385,16
GGTATTGGTTCCGGCA-1_GSM4013385,8
ACTATCTCAGAGCCAA-1_GSM4013385,11
ACGTCAAAGGACTGGT-1_GSM4013385,9
CAGAATCAGAAAGTGG-1_GSM4013385,5
GTAACTGAGCGTCTAT-1_GSM4013385,3
CCCAATCAGCATCATC-1_GSM4013385,10
CAAGATCTCCACGTGG-1_GSM4013385,9
TGAGAGGCACCAACCG-1_GSM4013385,18
CGGCTAGTCCCAAGAT-1_GSM4013385,4
TCGCGTTCAATCAGAA-1_GSM4013385,3
CTACGTCAGGCGATAC-1_GSM4013385,9
TTGTAGGGTCTTTCAT-1_GSM4013385,9
GGAACTTTCATCGGAT-1_GSM4013385,1
ATTGGTGTCCTAGTGA-1_GSM4013385,9
ACTGAGTTCAGGCGAA-1_GSM4013385,16
CGCGGTACAGACAAGC-1_GSM4013385,4
CCCAATCGTCCTCTTG-1_GSM4013385,3
TGGGAAGTCTGCGGCA-1_GSM4013385,6
GAGTCCGTCGTACGGC-1_GSM4013385,14
AAGGCAGAGGGCTTGA-1_GSM4013385,6
TGAGGGAAGTCAAGCG-1_GSM4013385,9
GTATCTTCAATCGAAA-1_GSM4013385,21
AACTGGTTCGCGCCAA-1_GSM4013385,16
TCTTTCCTCAACACGT-1_GSM4013385,9
TTCGAAGTCTTCAACT-1_GSM4013385,9
GTCTTCGCAATAGCGG-1_GSM4013385,8
TGCTGCTAGCGCTTAT-1_GSM4013385,5
GCTTCCATCCAAACTG-1_GSM4013385,5
TCGTACCAGATGCCAG-1_GSM4013385,10
TCTTCGGCATTGTGCA-1_GSM4013385,6
ATTGGACTCGTGGACC-1_GSM4013385,7
GGGAATGTCATGCAAC-1_GSM4013385,16
CGTCCATTCACTTATC-1_GSM4013385,4
GATCGTATCTACCAGA-1_GSM4013385,16
AAGTCTGTCCTGCTTG-1_GSM4013385,3
TACCTTAAGAAGGTTT-1_GSM4013385,5
AGCCTAAAGGTCATCT-1_GSM4013385,3
CATGGCGTCACGAAGG-1_GSM4013385,6
TGTGGTAAGTACGTTC-1_GSM4013385,16
AGTGTCAAGTCATCCA-1_GSM4013385,0
TACGGTAAGTAACCCT-1_GSM4013385,10
CCACCTATCTATCGCC-1_GSM4013385,8
TTCGAAGCAAGCCATT-1_GSM4013385,4
GTTCATTCAATCGGTT-1_GSM4013385,3
GTACTTTCAGACGCCT-1_GSM4013385,1
AATCCAGCAGATAATG-1_GSM4013385,3
GATCGATCAGACGCCT-1_GSM4013385,10
AGACGTTCACGCTTTC-1_GSM4013385,1
TAGTGGTTCCAACCAA-1_GSM4013385,6
ACAGCTATCCGCATCT-1_GSM4013385,12
GGCGACTCACCAGATT-1_GSM4013385,20
GCGCAGTAGTTTGCGT-1_GSM4013385,9
CCGTTCATCGAACTGT-1_GSM4013385,6
CCATTCGGTATATGAG-1_GSM4013385,0
GCGGGTTCAGATCGGA-1_GSM4013385,14
AACCATGCACCCATTC-1_GSM4013385,3
TTCTCAAGTGCAGGTA-1_GSM4013385,3
TTAACTCGTTAAGGGC-1_GSM4013385,9
CAGCAGCGTACCTACA-1_GSM4013386,21
AACCGCGGTAAATGAC-1_GSM4013386,21
TGGTTAGCATTCGACA-1_GSM4013386,21
ACATGGTAGCTCTCGG-1_GSM4013386,21
ACAGCTAGTTCAGGCC-1_GSM4013386,21
CTCGGGACACCATGTA-1_GSM4013386,21
TACAGTGTCTCAAACG-1_GSM4013386,21
CTAACTTTCAGTTGAC-1_GSM4013386,21
CTCTACGTCCGAGCCA-1_GSM4013386,21
GGGTTGCTCCATGAAC-1_GSM4013386,21
GATCGTAAGCTAAACA-1_GSM4013386,21
AGCAGCCAGCCCGAAA-1_GSM4013386,21
CATTCGCCATCCTTGC-1_GSM4013386,23
CGTTGGGCACGCCAGT-1_GSM4013386,21
TTGGCAACAATCAGAA-1_GSM4013386,21
CCTCTGACAGCTCGCA-1_GSM4013386,21
GGACATTAGGAATCGC-1_GSM4013386,21
TTATGCTAGCTTCGCG-1_GSM4013386,21
CTTCTCTAGCCCAATT-1_GSM4013386,21
TTCTCAATCCGCAGTG-1_GSM4013386,21
TTTGTCACAGTCAGAG-1_GSM4013386,21
TTAGGACGTGAGTATA-1_GSM4013386,21
ACACCAAGTGTTCTTT-1_GSM4013386,21
AACTTTCCAGTATCTG-1_GSM4013386,23
AGTGGGAAGTGCCAGA-1_GSM4013386,21
TCGTAGACATGCATGT-1_GSM4013386,21
GGATGTTTCACAATGC-1_GSM4013386,23
GTCGTAACACACCGAC-1_GSM4013386,23
ACTTTCAGTAAAGTCA-1_GSM4013386,23
AGACGTTCAATGACCT-1_GSM4013386,21
ATGCGATCAATTGCTG-1_GSM4013386,21
CTCGGAGGTGATAAGT-1_GSM4013386,21
GTGGGTCAGCAGGCTA-1_GSM4013386,21
GTGAAGGTCTCGTTTA-1_GSM4013386,23
AACCATGAGAAGGTGA-1_GSM4013386,21
CACCAGGCATGCAACT-1_GSM4013386,23
TAAGTGCCAAGCCCAC-1_GSM4013386,23
AGAATAGTCCATGAGT-1_GSM4013386,21
TACCTATAGTCACGCC-1_GSM4013386,21
GGTGCGTAGTACGACG-1_GSM4013386,21
GGAGCAACATCTATGG-1_GSM4013386,23
TAGCCGGAGCAATATG-1_GSM4013386,23
ATCTACTTCTCGATGA-1_GSM4013386,23
GTAACGTGTCCTAGCG-1_GSM4013386,21
CGGTTAATCCCATTAT-1_GSM4013386,23
CCTTCCCGTGTTGAGG-1_GSM4013386,21
GTTCTCGTCCCACTTG-1_GSM4013386,21
CCAATCCCATGAGCGA-1_GSM4013386,23
CAGAATCTCCGAGCCA-1_GSM4013386,21
CGTAGGCAGTGTGAAT-1_GSM4013386,23
GGGACCTCACAGCGTC-1_GSM4013386,21
TGTTCCGAGTCGCCGT-1_GSM4013386,21
TTTGCGCTCAGAGGTG-1_GSM4013386,21
CCTTTCTCAAGTCTGT-1_GSM4013386,21
TGGCGCACAAGCCTAT-1_GSM4013386,21
ACATCAGTCTCAACTT-1_GSM4013386,21
AAGTCTGAGAGTTGGC-1_GSM4013386,21
TCCCGATGTGCACTTA-1_GSM4013386,23
CTCTGGTGTCTCCCTA-1_GSM4013386,21
CCTTCCCTCACGACTA-1_GSM4013386,23
GGCGTGTTCGCTTGTC-1_GSM4013386,23
CAGATCATCTTAGAGC-1_GSM4013386,21
TATCTCATCTGAGGGA-1_GSM4013386,21
ATGGGAGGTCACCTAA-1_GSM4013386,21
CTAATGGGTCTCATCC-1_GSM4013386,21
GGAACTTCAGACAGGT-1_GSM4013386,23
ACCTTTAAGCGACGTA-1_GSM4013386,21
AGTGGGAAGTTCCACA-1_GSM4013386,21
CCGTACTCACTGTCGG-1_GSM4013386,23
TTATGCTAGCACACAG-1_GSM4013386,23
ACCCACTAGTCCAGGA-1_GSM4013386,21
TATGCCCAGAATTGTG-1_GSM4013386,23
AACTCTTGTTTGACAC-1_GSM4013386,21
CCGGGATTCAATCTCT-1_GSM4013386,21
GAGTCCGTCACTTATC-1_GSM4013386,21
GGGAATGAGTCCAGGA-1_GSM4013386,21
CGATCGGCAAAGCGGT-1_GSM4013386,21
TTGACTTTCGTCACGG-1_GSM4013386,23
CTACGTCTCCCAGGTG-1_GSM4013386,23
ATAACGCCATCTCGCT-1_GSM4013386,21
ATGAGGGTCGTTACGA-1_GSM4013386,21
CAGCCGAAGAGCAATT-1_GSM4013386,23
GGACGTCGTACCTACA-1_GSM4013386,21
CAGAGAGGTAAACGCG-1_GSM4013386,21
TCTCTAATCATAAAGG-1_GSM4013386,21
GTACGTATCGCCGTGA-1_GSM4013386,21
GGGAGATGTTATTCTC-1_GSM4013386,21
CACCACTGTGTCTGAT-1_GSM4013386,23
GCAGCCATCACAGTAC-1_GSM4013386,23
GGTGAAGAGATCCCAT-1_GSM4013386,23
CGGGTCAGTTCCGTCT-1_GSM4013386,21
GCGAGAAAGCACAGGT-1_GSM4013386,21
ACGGAGACATGTTGAC-1_GSM4013386,21
GTCTTCGTCACATACG-1_GSM4013386,23
TTAGGACTCTTGCATT-1_GSM4013386,23
GATCTAGTCTGGGCCA-1_GSM4013386,21
CCACGGAAGTTCCACA-1_GSM4013386,23
ATAAGAGCAATTGCTG-1_GSM4013386,21
AGAGCTTAGGATCGCA-1_GSM4013386,21
GATGAGGCAGTGACAG-1_GSM4013386,23
GACCTGGCAGGTGGAT-1_GSM4013386,21
GCAGCCACACGTCAGC-1_GSM4013386,21
CTGTGCTTCCTTTCGG-1_GSM4013386,21
TACACGAAGCAACGGT-1_GSM4013386,21
CACCACTAGCGTGTCC-1_GSM4013386,23
AGAGCGACAGACGTAG-1_GSM4013386,23
GTTTCTACACGGCGTT-1_GSM4013386,23
AGCGTATAGCTGATAA-1_GSM4013386,21
AGTAGTCGTTCTCATT-1_GSM4013386,23
CTAGCCTCACGTAAGG-1_GSM4013386,23
CACACAAGTGAGTATA-1_GSM4013386,23
GTCTCGTGTTATTCTC-1_GSM4013386,21
CATTCGCGTGTCTGAT-1_GSM4013386,23
AGGTCATGTTTAAGCC-1_GSM4013386,23
CATGACACATGTAGTC-1_GSM4013386,23
CGTAGCGAGCCGCCTA-1_GSM4013386,21
GTGCGGTAGGGCTTGA-1_GSM4013386,23
TTGAACGAGAGTGAGA-1_GSM4013386,23
AAATGCCTCACGATGT-1_GSM4013386,21
CAGAATCCATGTAAGA-1_GSM4013386,21
CTGTGCTTCACAACGT-1_GSM4013386,21
CTCGTCAAGGATGGTC-1_GSM4013386,23
CGAACATCAATGGTCT-1_GSM4013386,23
ATCTGCCTCCGTTGTC-1_GSM4013386,20
CGTCAGGCAGCCTTGG-1_GSM4013386,21
CAACCTCTCTGGTATG-1_GSM4013386,23
GACGTGCCAGGGTTAG-1_GSM4013386,21
TGCTACCCACATCTTT-1_GSM4013386,23
AACTCAGTCCTGTACC-1_GSM4013386,21
CCCAATCCAGTATGCT-1_GSM4013386,23
TCTGGAACAAGTAGTA-1_GSM4013386,23
TGCCAAAGTAAATGTG-1_GSM4013386,21
AGGCCACGTAGCGCTC-1_GSM4013386,21
CGTTAGAAGCCAGAAC-1_GSM4013386,23
GGATGTTAGTAAGTAC-1_GSM4013386,21
ACTATCTCAAATTGCC-1_GSM4013386,21
TTCCCAGAGATGCGAC-1_GSM4013386,21
TACGGATCACGGTAGA-1_GSM4013386,21
ACCAGTACATGGGAAC-1_GSM4013386,21
TCTGAGAGTTACGCGC-1_GSM4013386,21
TACTTACTCGTCGTTC-1_GSM4013386,21
CCTTTCTGTCTGATCA-1_GSM4013386,21
GACGGCTTCAGGTTCA-1_GSM4013386,21
GACCTGGCAATCTACG-1_GSM4013386,21
CTAACTTGTTTCCACC-1_GSM4013386,21
CCGTACTGTCTGATCA-1_GSM4013386,21
CAGCAGCTCGACAGCC-1_GSM4013386,21
TACTCGCCACTTAACG-1_GSM4013386,21
CCAATCCAGCTTTGGT-1_GSM4013386,21
GACCTGGGTCTGGAGA-1_GSM4013386,21
GAGCAGAAGACTTGAA-1_GSM4013386,23
TTTGTCAGTCTCTTAT-1_GSM4013386,21
ACGATGTAGCGATTCT-1_GSM4013386,21
CTTAGGATCCACGTGG-1_GSM4013386,23
TCCCGATCACTTAACG-1_GSM4013386,21
CAGGTGCAGCACGCCT-1_GSM4013386,23
CATCGGGCAGACAAAT-1_GSM4013386,23
ACGGAGATCCTTGGTC-1_GSM4013386,21
ATCATCTGTCAGATAA-1_GSM4013386,21
GAGGTGAGTTATCACG-1_GSM4013386,21
CAGCTAACATATGCTG-1_GSM4013386,23
CACAAACTCCACGACG-1_GSM4013386,21
AAAGCAATCAGGTAAA-1_GSM4013386,21
GCTTCCACAGCGATCC-1_GSM4013386,20
GTATCTTCATCATCCC-1_GSM4013386,23
GGATTACTCAACACGT-1_GSM4013386,21
AAACCTGAGGTAGCCA-1_GSM4013386,23
GCATGTATCAGCGACC-1_GSM4013386,21
CTTAGGAAGGCTAGGT-1_GSM4013386,21
CGGGTCAAGGAGTCTG-1_GSM4013386,23
AACTCAGTCGGAAATA-1_GSM4013386,23
TAAGTGCCACGCGAAA-1_GSM4013386,20
CAGTAACCAACACCCG-1_GSM4013386,12
CGAACATAGATCCCGC-1_GSM4013386,23
CAAGTTGCATATGGTC-1_GSM4013386,21
AAAGTAGTCACGAAGG-1_GSM4013386,23
GTGCTTCTCGAGAGCA-1_GSM4013386,23
CGATGTAAGTGCTGCC-1_GSM4013386,21
AGCTTGATCTGCGACG-1_GSM4013386,21
TCACGAAAGGTGCACA-1_GSM4013386,21
ACTGTCCTCGTCCGTT-1_GSM4013386,23
GGCCGATAGTACGTAA-1_GSM4013386,21
ACACCCTGTGCATCTA-1_GSM4013386,21
GATGAAAGTAAGTGTA-1_GSM4013386,21
AAAGATGGTAGTACCT-1_GSM4013386,21
TGAGGGACATACTACG-1_GSM4013386,12
CGGACGTGTGCAGTAG-1_GSM4013386,21
TGAGGGATCTCTAAGG-1_GSM4013386,21
ACAGCCGGTCCAAGTT-1_GSM4013386,21
ATGTGTGGTTCGTCTC-1_GSM4013386,23
CGTTCTGAGACACGAC-1_GSM4013386,21
CTCGTCAAGAGTCTGG-1_GSM4013386,21
CCTTCGACAACTTGAC-1_GSM4013386,21
CCACTACAGATCCGAG-1_GSM4013386,21
TCAGCAAAGCTCAACT-1_GSM4013386,21
GTACTTTCACAACGCC-1_GSM4013386,23
GTACTCCGTCTCTCTG-1_GSM4013386,23
TGCTGCTCAGCTGTTA-1_GSM4013386,12
CCTATTAAGCTAGCCC-1_GSM4013386,21
CATTATCCACCTATCC-1_GSM4013386,21
CTAACTTAGATCGATA-1_GSM4013386,21
TGGTTCCTCAGTCAGT-1_GSM4013386,23
GTCAAGTGTGTCGCTG-1_GSM4013386,20
ATGTGTGTCACCGTAA-1_GSM4013386,21
AATCGGTAGTGTTAGA-1_GSM4013386,21
GTGAAGGCATGTTGAC-1_GSM4013386,21
CACATAGCATGCCACG-1_GSM4013386,21
TACGGTAGTTAAGGGC-1_GSM4013386,21
CCTCAGTGTTCGGCAC-1_GSM4013386,20
ATAGACCCAAGGTGTG-1_GSM4013386,21
GAGTCCGGTACAGACG-1_GSM4013386,21
GCGACCACAAGCCGCT-1_GSM4013386,21
ATGTGTGGTCGAATCT-1_GSM4013386,23
GCTGCGAAGCAGACTG-1_GSM4013386,21
GAAACTCTCACGACTA-1_GSM4013386,21
AGTGTCATCCTTCAAT-1_GSM4013386,21
GGAAAGCTCAGCTCTC-1_GSM4013386,21
ACAGCTAAGGATGGAA-1_GSM4013386,21
CACACCTCAGTGGGAT-1_GSM4013386,21
AGGGTGACACCGAATT-1_GSM4013386,21
GTCGGGTGTAGTAGTA-1_GSM4013386,21
GTTAAGCGTGCATCTA-1_GSM4013386,21
GATCGCGAGCCAGTAG-1_GSM4013386,12
GTAACTGCACGAAGCA-1_GSM4013386,21
CCTATTACACCAACCG-1_GSM4013386,21
TGTCCCACAGGTCGTC-1_GSM4013386,21
GGCTGGTGTATGAAAC-1_GSM4013386,21
CCGTACTTCTCTAGGA-1_GSM4013386,21
TTCCCAGGTCTCTTTA-1_GSM4013386,23
ACGCCGACACGAAACG-1_GSM4013386,21
CCACTACGTTGTGGCC-1_GSM4013386,20
ACCCACTCACCTCGTT-1_GSM4013386,21
GCACTCTGTCAACTGT-1_GSM4013386,21
TGAAAGATCGGCGCAT-1_GSM4013386,21
CCTAAAGAGGGATACC-1_GSM4013386,21
CAGGTGCAGATCTGCT-1_GSM4013386,21
TAAGCGTTCCGTTGCT-1_GSM4013386,21
CCGTACTCATAACCTG-1_GSM4013386,20
ACGATACCAAGCGATG-1_GSM4013386,21
CATATGGCACAGCGTC-1_GSM4013386,21
ATCTACTTCGTAGGAG-1_GSM4013386,21
TAAACCGCAGGGAGAG-1_GSM4013386,21
ACGAGGAAGGGCTTCC-1_GSM4013386,23
GTGCATACATGAGCGA-1_GSM4013386,21
GGGATGAGTACCGCTG-1_GSM4013386,23
ACACCCTAGATTACCC-1_GSM4013386,21
GACGGCTTCACCGTAA-1_GSM4013386,21
TAGGCATTCCTGTACC-1_GSM4013386,21
GAGCAGAAGTAGGCCA-1_GSM4013386,21
TCTTTCCTCCATTCTA-1_GSM4013386,21
AGCTCCTGTTCCGGCA-1_GSM4013386,23
ATCATCTCACGTTGGC-1_GSM4013386,21
ATCTGCCGTGGCGAAT-1_GSM4013386,21
CTCTGGTGTTCGCGAC-1_GSM4013386,23
ACACCAAGTCATACTG-1_GSM4013386,21
AAATGCCTCCCAAGAT-1_GSM4013386,21
CCGTGGAAGAAGATTC-1_GSM4013386,21
GAGCAGAAGCGTTGCC-1_GSM4013386,12
TCAGATGGTGGCCCTA-1_GSM4013386,21
CAAGATCTCAAGATCC-1_GSM4013386,21
TTGGCAAAGAACAACT-1_GSM4013386,12
TTCTTAGTCGCAAGCC-1_GSM4013386,21
GGGTCTGCAAGCTGTT-1_GSM4013386,21
TTGCCGTCAGTCGATT-1_GSM4013386,21
CTTACCGCAGAGCCAA-1_GSM4013386,21
GAACATCGTCTTGCGG-1_GSM4013386,21
ACGCCGATCCATGCTC-1_GSM4013386,21
TCTCATATCGGCGCTA-1_GSM4013386,21
AGAATAGTCCAAATGC-1_GSM4013386,20
TCGCGTTAGCCCAATT-1_GSM4013386,21
GTCGTAAGTTGGTGGA-1_GSM4013386,21
CGGACACAGGAGTTGC-1_GSM4013386,21
TTTGGTTGTGATGCCC-1_GSM4013386,21
CTAGCCTGTCCGAATT-1_GSM4013386,21
GCTCCTATCAACTCTT-1_GSM4013386,20
CATGACATCGAATCCA-1_GSM4013386,23
TTTATGCGTCTAACGT-1_GSM4013386,21
AGTGAGGAGAGGTAGA-1_GSM4013386,21
GTGCGGTAGGTGATAT-1_GSM4013386,21
CGCTATCTCTACTATC-1_GSM4013386,20
ACACCCTGTATCGCAT-1_GSM4013386,21
AGCGGTCCAGCTGGCT-1_GSM4013386,21
GCAGTTACATGGTCTA-1_GSM4013386,21
CACATAGAGTCCCACG-1_GSM4013386,21
GGGAATGTCGTTACAG-1_GSM4013386,21
GAATAAGAGAGCTATA-1_GSM4013386,21
ATCCACCAGGTAGCCA-1_GSM4013386,21
TGCTGCTAGCTCCCAG-1_GSM4013386,20
CAGCTGGTCAGCTTAG-1_GSM4013386,21
ACTGAACTCGAGAACG-1_GSM4013386,21
CACACTCGTTATCGGT-1_GSM4013386,21
CCATTCGTCTGCAGTA-1_GSM4013386,20
TACTCGCGTTAAAGTG-1_GSM4013386,21
ACGCAGCTCTTAGAGC-1_GSM4013386,21
CGTAGGCGTGACTACT-1_GSM4013386,21
TGCTGCTAGGGATGGG-1_GSM4013386,21
AACCGCGTCAGTTTGG-1_GSM4013386,21
CGACTTCGTAAACACA-1_GSM4013386,20
CTCGGGACACATGACT-1_GSM4013386,21
TGCCCATTCTCGATGA-1_GSM4013386,21
CATCAAGAGCTGAAAT-1_GSM4013386,21
CACAAACTCATAGCAC-1_GSM4013386,20
CAACTAGGTACTCAAC-1_GSM4013386,23
CCTAAAGGTGCCTGTG-1_GSM4013386,21
CTAGCCTTCAAGATCC-1_GSM4013386,21
TGACTTTCACCAGCAC-1_GSM4013386,20
CCTAAAGGTAAACGCG-1_GSM4013386,12
CGCGTTTGTGGGTCAA-1_GSM4013386,21
TTGTAGGCATGTAAGA-1_GSM4013386,21
CATATTCTCTAAGCCA-1_GSM4013386,20
GAGGTGACAGGGATTG-1_GSM4013386,21
ATCCGAAGTAAGCACG-1_GSM4013386,21
GATCTAGAGAGTACAT-1_GSM4013386,21
ATCTGCCAGAAGGGTA-1_GSM4013386,21
ATTCTACCACCATCCT-1_GSM4013386,21
CGGGTCACAATCCGAT-1_GSM4013386,20
CATGGCGGTCTGGAGA-1_GSM4013386,20
AGCTCTCAGTAGGTGC-1_GSM4013386,20
ACGGGCTGTCCGTGAC-1_GSM4013386,21
ACAGCTACATGAACCT-1_GSM4013386,21
TTGAACGCACCGAAAG-1_GSM4013386,21
CCATGTCCACTCGACG-1_GSM4013386,21
CGGGTCAGTAAATGTG-1_GSM4013386,21
ACGGGCTAGGGATCTG-1_GSM4013386,21
TCCCGATAGATATACG-1_GSM4013386,20
GTGCATACACGAAAGC-1_GSM4013386,21
TTGGCAATCGGTCCGA-1_GSM4013386,20
CCTATTACATGCAATC-1_GSM4013386,20
GAGTCCGAGCGGCTTC-1_GSM4013386,21
TTCGGTCGTAAGCACG-1_GSM4013386,20
TGGCCAGGTCCATGAT-1_GSM4013386,23
CGACCTTAGGCATTGG-1_GSM4013386,23
CTCGGAGTCAGATAAG-1_GSM4013386,21
CTACCCACACGTGAGA-1_GSM4013386,21
CGCGGTACACGGATAG-1_GSM4013386,20
TGTCCCATCCATGAAC-1_GSM4013386,21
TATGCCCAGATGTCGG-1_GSM4013386,23
GCGCCAACATGCCACG-1_GSM4013386,20
GGCTCGATCGCGATCG-1_GSM4013386,20
AAAGATGCAGACACTT-1_GSM4013386,21
ACGATGTAGTGTTAGA-1_GSM4013386,21
CGAGCACTCGTTTATC-1_GSM4013386,21
TGCGCAGGTAACGCGA-1_GSM4013386,21
CGTCCATGTCGGATCC-1_GSM4013386,20
TCACGAAGTACCGAGA-1_GSM4013386,20
CTCGGGAAGGAGCGTT-1_GSM4013386,12
GTCGTAAGTTCCTCCA-1_GSM4013386,21
ACGAGGATCCTACAGA-1_GSM4013386,21
GCTTCCAGTCTTCAAG-1_GSM4013386,21
GTTCATTTCATCGCTC-1_GSM4013386,20
CAAGAAATCCAATGGT-1_GSM4013386,21
TGCACCTGTAGAGTGC-1_GSM4013386,21
CGGAGTCCACCGGAAA-1_GSM4013386,21
TTTGGTTCAGGCTCAC-1_GSM4013386,23
TACTCGCTCCAAAGTC-1_GSM4013386,21
AAAGTAGCAAACTGCT-1_GSM4013386,20
CATATTCCAGTGAGTG-1_GSM4013386,21
CACACCTCATCGATGT-1_GSM4013386,21
AGTCTTTAGACTACAA-1_GSM4013386,20
ATAGACCTCGCGTAGC-1_GSM4013386,20
CCTTACGAGGTAAACT-1_GSM4013386,21
ATAGACCTCACATAGC-1_GSM4013386,20
GACGTGCCAGATGGGT-1_GSM4013386,21
ATTGGACGTCAATGTC-1_GSM4013386,21
GATTCAGAGCGAAGGG-1_GSM4013386,20
TCTTCGGCATAGAAAC-1_GSM4013386,21
GAGGTGACAAGCTGAG-1_GSM4013386,20
ATTACTCCAGCTCGCA-1_GSM4013386,21
GAAACTCTCTCAAGTG-1_GSM4013386,20
GCGACCATCAAAGACA-1_GSM4013386,20
GGATGTTAGACGACGT-1_GSM4013386,20
TCTGGAACACTACAGT-1_GSM4013386,20
TGCGCAGAGCGTCTAT-1_GSM4013386,21
CATATGGGTACACCGC-1_GSM4013386,12
CTAGTGATCGCCATAA-1_GSM4013386,21
GTGCATAGTAGATTAG-1_GSM4013386,21
CCACGGATCCTGCAGG-1_GSM4013386,20
ATAACGCGTACATGTC-1_GSM4013386,20
CTCTACGTCCAAACAC-1_GSM4013386,21
ACATCAGTCTTAACCT-1_GSM4013386,20
GATCGATGTCCAGTAT-1_GSM4013386,21
CGAATGTCATGGAATA-1_GSM4013386,21
CATGACAAGCGTCAAG-1_GSM4013386,21
CTGAAGTCAAGCGCTC-1_GSM4013386,21
CTCGTCAAGACTAAGT-1_GSM4013386,21
GAAGCAGCAAGAGTCG-1_GSM4013386,20
TACGGATAGTACGCGA-1_GSM4013386,21
TCTCTAACAACGATCT-1_GSM4013386,21
CTCCTAGCACATCCAA-1_GSM4013386,20
TTTCCTCAGCTTATCG-1_GSM4013386,20
CTCGGAGTCAAGATCC-1_GSM4013386,21
TAGGCATCACCTGGTG-1_GSM4013386,20
GAAATGAAGGACATTA-1_GSM4013386,20
AAGGAGCTCGATCCCT-1_GSM4013386,20
CGCGGTACAATCGGTT-1_GSM4013386,20
CGTCACTCATGCAATC-1_GSM4013386,21
TCAGCAAAGTTGTCGT-1_GSM4013386,20
TATTACCTCTTGTATC-1_GSM4013386,20
TTCTCCTGTGTTCGAT-1_GSM4013386,21
TGGGAAGAGACTGTAA-1_GSM4013386,20
TACTTGTCACACCGCA-1_GSM4013386,21
CTCTACGAGTCAAGGC-1_GSM4013386,20
TACTCATGTAAACGCG-1_GSM4013386,20
GAGGTGAGTAGTGAAT-1_GSM4013386,5
CGCTGGATCTCCTATA-1_GSM4013386,21
ACTGATGTCGTACGGC-1_GSM4013386,20
TCTGGAATCACCCGAG-1_GSM4013386,21
TGGCCAGAGTCTCCTC-1_GSM4013386,21
CTGAAGTCAGACTCGC-1_GSM4013386,20
GCTGCTTAGACGACGT-1_GSM4013386,21
GGAACTTCAAAGTGCG-1_GSM4013386,21
ATCATGGAGAAGAAGC-1_GSM4013386,21
AGTGAGGGTTCCTCCA-1_GSM4013386,21
ACGGGCTTCGCGGATC-1_GSM4013386,20
TGACTAGTCTTGGGTA-1_GSM4013386,20
AGCGGTCAGCTCCTCT-1_GSM4013386,21
CTGATAGAGGCATGGT-1_GSM4013386,20
GTCTTCGGTTAAAGTG-1_GSM4013386,21
CGTAGGCCACGAGAGT-1_GSM4013386,20
GTAACTGGTTAGGGTG-1_GSM4013386,21
TTATGCTAGTCCGGTC-1_GSM4013386,20
TGGCCAGAGCCAACAG-1_GSM4013386,21
GCGACCAAGTTAGCGG-1_GSM4013386,20
CTAAGACAGTCTTGCA-1_GSM4013386,20
GGTGAAGTCACCGGGT-1_GSM4013386,20
AAGTCTGTCACAGTAC-1_GSM4013386,21
CGAACATGTTCCACTC-1_GSM4013386,20
GCTCCTATCGCTAGCG-1_GSM4013386,20
ATAACGCCATGTCCTC-1_GSM4013386,12
ATAAGAGTCTGCGACG-1_GSM4013386,20
AGCTCCTTCGTTGCCT-1_GSM4013386,20
TACGGTATCACAGGCC-1_GSM4013386,20
ACTGAGTAGAATCTCC-1_GSM4013386,20
TACGGATTCGTCGTTC-1_GSM4013386,20
GGCTGGTTCTGTCCGT-1_GSM4013386,21
ACAGCTACATCTACGA-1_GSM4013386,21
CGAATGTGTGATGATA-1_GSM4013386,21
CTGTTTAGTATATGAG-1_GSM4013386,21
TAGCCGGTCGCCAAAT-1_GSM4013386,20
TTATGCTGTTTAAGCC-1_GSM4013386,20
GAACATCGTGTTGGGA-1_GSM4013386,23
TCTGAGAAGTGAATTG-1_GSM4013386,21
AGAATAGAGGGCTCTC-1_GSM4013386,20
GAGCAGAGTATCGCAT-1_GSM4013386,20
ATCATGGAGTTAGCGG-1_GSM4013386,21
CGATGTATCTTGTTTG-1_GSM4013386,21
CTAAGACTCTGTCTCG-1_GSM4013386,20
TCAGATGAGGCCCTTG-1_GSM4013386,20
ACGTCAAAGTGGAGTC-1_GSM4013386,20
AAGGAGCCACTTAAGC-1_GSM4013386,20
CAACCAATCCCTTGTG-1_GSM4013386,20
GGGTCTGGTTCGGCAC-1_GSM4013386,20
TGAGGGAAGTGGACGT-1_GSM4013386,20
CATGACAGTCTCCACT-1_GSM4013386,20
TTCTCCTTCCGCGCAA-1_GSM4013386,20
CCTCTGAAGTTAACGA-1_GSM4013386,20
CAGCAGCCACAGTCGC-1_GSM4013386,20
GACGTGCGTCAGTGGA-1_GSM4013386,20
CGAACATGTCTGCCAG-1_GSM4013386,21
CTTAGGAAGTGCAAGC-1_GSM4013386,20
ACACCAATCTGGGCCA-1_GSM4013386,20
TACCTTACACACAGAG-1_GSM4013386,21
AGTTGGTGTGATGTCT-1_GSM4013386,21
GCCAAATAGTTGAGAT-1_GSM4013386,21
GCTGCGACATGCCCGA-1_GSM4013386,20
CGACCTTCAATTGCTG-1_GSM4013386,21
TGGCCAGCATAAAGGT-1_GSM4013386,17
CGAATGTAGCTAGTCT-1_GSM4013386,20
AAGTCTGCATGCGCAC-1_GSM4013386,20
CTGCGGAGTAGCGTCC-1_GSM4013386,20
GTATCTTTCCTATGTT-1_GSM4013386,21
CGAACATAGCTGGAAC-1_GSM4013386,20
TTAGGACCACGGACAA-1_GSM4013386,21
TTGGAACTCTTAGAGC-1_GSM4013386,12
CTCTACGAGGCCGAAT-1_GSM4013386,20
TTCTCAACAGCGTCCA-1_GSM4013386,20
ACACCAACACCATCCT-1_GSM4013386,21
GTTCTCGAGTGAAGTT-1_GSM4013386,20
TTTGTCATCTTGAGAC-1_GSM4013386,21
CGACCTTGTCTCCATC-1_GSM4013386,20
TACGGGCGTGTTTGGT-1_GSM4013386,21
TTAGTTCGTGAGTGAC-1_GSM4013386,20
TGACAACTCCGATATG-1_GSM4013386,12
CGTCCATTCGCCCTTA-1_GSM4013386,20
CTAGTGAGTATGGTTC-1_GSM4013386,20
ATTCTACAGAGGTAGA-1_GSM4013386,20
TGCACCTAGGGAACGG-1_GSM4013386,21
CAGCCGACAAGCCTAT-1_GSM4013386,20
TCAATCTGTCCTCCAT-1_GSM4013386,20
CCTATTATCAAACGGG-1_GSM4013386,21
CAAGGCCCAGGACCCT-1_GSM4013386,20
ACTATCTTCCGATATG-1_GSM4013386,20
CGATCGGGTATAGTAG-1_GSM4013386,20
CTCTACGAGCGTGAGT-1_GSM4013386,20
GCATGATTCAACGCTA-1_GSM4013386,21
GTCCTCACATGAACCT-1_GSM4013386,20
TTGACTTGTGTGACGA-1_GSM4013386,20
TTCGGTCAGACGCAAC-1_GSM4013386,20
GACGCGTTCTATCCCG-1_GSM4013386,20
CTAACTTTCACAACGT-1_GSM4013386,20
CCGTTCATCAGTCCCT-1_GSM4013386,20
GTAGTCACACTTGGAT-1_GSM4013386,20
TAGAGCTCACGAGGTA-1_GSM4013386,20
GGACATTGTCAACATC-1_GSM4013386,20
GGAACTTGTCTCTCTG-1_GSM4013386,20
TCAGCTCCAATAGCAA-1_GSM4013386,20
GACTAACAGGCCGAAT-1_GSM4013386,5
TCGCGAGGTCATGCCG-1_GSM4013386,20
TTGCGTCGTTAAGATG-1_GSM4013386,20
CCATGTCGTATCAGTC-1_GSM4013386,20
TTTATGCTCCCTCTTT-1_GSM4013386,21
TAGACCATCTCCGGTT-1_GSM4013386,20
CCCATACAGTGAAGTT-1_GSM4013386,20
CCGGGATTCTGTCAAG-1_GSM4013386,20
GACAGAGCAATAGCGG-1_GSM4013386,20
ACGGGCTGTACCGCTG-1_GSM4013386,20
CCAGCGAGTTGTGGAG-1_GSM4013386,20
CCTCTGAGTACTTAGC-1_GSM4013386,20
TCTTTCCCACTCGACG-1_GSM4013386,21
CACCTTGGTCTCTTAT-1_GSM4013386,20
CCTTCGATCATACGGT-1_GSM4013386,20
AGATCTGGTACCTACA-1_GSM4013386,20
GAAATGATCGGTGTCG-1_GSM4013386,20
ATGGGAGAGAAGATTC-1_GSM4013386,21
ACTTACTTCCGCATCT-1_GSM4013386,20
CTCGAGGTCCGCGTTT-1_GSM4013386,20
TGACGGCCATCACAAC-1_GSM4013386,21
CCTTCCCTCTTGCCGT-1_GSM4013386,12
CCCATACGTCTTTCAT-1_GSM4013386,20
AAGTCTGCAGCTGTTA-1_GSM4013386,20
GTACGTACATAGTAAG-1_GSM4013386,20
TTGCGTCTCGACGGAA-1_GSM4013386,20
CCTACACGTGACTCAT-1_GSM4013386,20
TAGAGCTTCACATACG-1_GSM4013386,20
CTCGGAGTCGAGAGCA-1_GSM4013386,20
CCTAAAGGTCATATGC-1_GSM4013386,20
CACTCCATCTGTCAAG-1_GSM4013386,20
CGAGAAGTCGTAGATC-1_GSM4013386,21
CAAGAAATCCTGCCAT-1_GSM4013386,20
AACGTTGCATTTCACT-1_GSM4013386,20
GCATGTAAGACGACGT-1_GSM4013386,21
GTTAAGCTCGCGATCG-1_GSM4013386,20
TTAGTTCAGCCTCGTG-1_GSM4013386,23
GGAATAAAGTTTGCGT-1_GSM4013386,21
GTACGTATCAACACTG-1_GSM4013386,20
GTGCTTCCATGACGGA-1_GSM4013386,21
TCGGGACAGGATCGCA-1_GSM4013386,21
GGTGAAGTCTGTGCAA-1_GSM4013386,20
TCTGGAAAGGAACTGC-1_GSM4013386,20
CAGATCAAGGTGCACA-1_GSM4013386,21
CTACGTCCATTGGTAC-1_GSM4013386,21
GTTCGGGTCGAGGTAG-1_GSM4013386,20
GACACGCTCGGAGGTA-1_GSM4013386,20
ACCAGTAGTACCAGTT-1_GSM4013386,21
GTACTCCCAAGAAAGG-1_GSM4013386,20
ACTGTCCTCGCGTTTC-1_GSM4013386,20
TCACGAAGTGCAGTAG-1_GSM4013386,20
GAACCTATCTTCATGT-1_GSM4013386,20
TGGCCAGTCCTAGAAC-1_GSM4013386,20
CGCTGGAAGCCAGTAG-1_GSM4013386,21
TGCGGGTAGGTGACCA-1_GSM4013386,20
GCATGCGAGGGTCTCC-1_GSM4013386,21
GTCATTTGTAGAGGAA-1_GSM4013386,20
CATCAGAGTATCAGTC-1_GSM4013386,20
CACAAACGTATAGGGC-1_GSM4013386,21
CTGATAGGTGTGGTTT-1_GSM4013386,21
GGGTTGCGTTCGAATC-1_GSM4013386,20
GGCTCGATCGCTTGTC-1_GSM4013386,20
AGTCTTTTCTTGTATC-1_GSM4013386,20
GAACGGACAGAGTGTG-1_GSM4013386,20
CAGCTAATCTGACCTC-1_GSM4013386,21
GACGTTACACTCAGGC-1_GSM4013386,20
CGAGAAGAGCTCCTTC-1_GSM4013386,20
GCAATCAGTAGAGGAA-1_GSM4013386,20
TACTCGCGTGAGGCTA-1_GSM4013386,21
GTCGTAATCCTAGAAC-1_GSM4013386,21
CCGTACTAGTTGAGTA-1_GSM4013386,20
GACGTGCAGCAATATG-1_GSM4013386,20
CGCGTTTAGTAGGCCA-1_GSM4013386,20
TCTCATACAGCTGTGC-1_GSM4013386,20
ATGGGAGGTCAGCTAT-1_GSM4013386,20
TAAGCGTGTCAGATAA-1_GSM4013386,20
CGCCAAGAGTTCGCGC-1_GSM4013386,21
CAACTAGGTCGTTGTA-1_GSM4013386,21
TACTTACGTACTCTCC-1_GSM4013386,20
GCGCAGTCACAAGACG-1_GSM4013386,21
AGCGGTCAGTCTTGCA-1_GSM4013386,21
GGAAAGCCATGCAATC-1_GSM4013386,20
CGTCACTTCACCATAG-1_GSM4013386,12
ATCATCTTCTAAGCCA-1_GSM4013386,20
TGTGTTTCAGTCTTCC-1_GSM4013386,20
TCGGTAATCCACGTTC-1_GSM4013386,21
GGATTACTCTTGTATC-1_GSM4013386,20
TTGGAACCATTGTGCA-1_GSM4013386,21
CGTCTACTCTTGTCAT-1_GSM4013386,20
GTGCATAAGATCCGAG-1_GSM4013386,20
TCGTAGACACGAAAGC-1_GSM4013386,20
AACTCCCGTCTCTTAT-1_GSM4013386,21
GCTGCAGTCCGAACGC-1_GSM4013386,12
AATCGGTGTTCATGGT-1_GSM4013386,20
GCAATCAGTTATGCGT-1_GSM4013386,20
CAGGTGCTCTAACTGG-1_GSM4013386,20
TGATTTCAGTAGCGGT-1_GSM4013386,21
CGTTGGGAGTAGCGGT-1_GSM4013386,20
CACCTTGCATTGTGCA-1_GSM4013386,20
CGTGTCTCAAGCCTAT-1_GSM4013386,21
TTTATGCAGTCGCCGT-1_GSM4013386,20
GTAGGCCAGTGAAGTT-1_GSM4013386,21
GGTGAAGAGAGACTTA-1_GSM4013386,20
AGTGTCAGTATATCCG-1_GSM4013386,20
AGAGCGATCTTGCATT-1_GSM4013386,20
ACACCGGCACGACTCG-1_GSM4013386,20
CATGACACAAGAAGAG-1_GSM4013386,21
GATCGTAAGTCTTGCA-1_GSM4013386,20
GCGACCATCATAGCAC-1_GSM4013386,21
AAAGTAGAGTGACTCT-1_GSM4013386,20
TTAGGCAAGGAGTTTA-1_GSM4013386,21
CCAATCCAGATTACCC-1_GSM4013386,20
CCTACACTCGGTCTAA-1_GSM4013386,20
ACAGCTATCCCATTAT-1_GSM4013386,21
CAGCTAAAGCCACGTC-1_GSM4013386,20
GTTCTCGGTCGGATCC-1_GSM4013386,21
GTCTTCGAGACTTGAA-1_GSM4013386,20
ATAAGAGCAGACAGGT-1_GSM4013386,20
GTTCGGGGTTTGACTG-1_GSM4013386,21
ACGGAGAAGTGAAGTT-1_GSM4013386,20
GTAGGCCGTTGACGTT-1_GSM4013386,12
GAAACTCAGCTATGCT-1_GSM4013386,17
TGATTTCGTAGCTCCG-1_GSM4013386,20
ACTGCTCCAAGAGGCT-1_GSM4013386,20
CTCGAAAAGTGGAGAA-1_GSM4013386,20
AACTCCCGTGTGACGA-1_GSM4013386,7
CGTAGGCGTGTGGCTC-1_GSM4013386,20
ACGGGCTTCGGCCGAT-1_GSM4013386,20
AGGCCACCAGGAATCG-1_GSM4013386,21
ATGTGTGAGAAACCAT-1_GSM4013386,20
ATCCACCCATTTCAGG-1_GSM4013386,21
GGCAATTGTCAATGTC-1_GSM4013386,21
ACCTTTAGTCCTCCAT-1_GSM4013386,21
TCTATTGAGACGCTTT-1_GSM4013386,20
GACGGCTGTTGGTTTG-1_GSM4013386,12
CGAGCCATCAAGCCTA-1_GSM4013386,20
GTGGGTCAGTCGCCGT-1_GSM4013386,20
GTTCTCGAGAGCTATA-1_GSM4013386,20
GTGCGGTCATGTCGAT-1_GSM4013386,21
ACTGCTCGTATTCTCT-1_GSM4013386,20
CGTGTCTTCACAACGT-1_GSM4013386,21
TTTGCGCAGGCATTGG-1_GSM4013386,12
AAGGCAGCAGGATTGG-1_GSM4013386,12
GACTACACACGTCTCT-1_GSM4013386,21
ATGTGTGTCAACTCTT-1_GSM4013386,20
GGGAATGTCATTGCCC-1_GSM4013386,20
ACTTTCATCCTCAACC-1_GSM4013386,21
CACATTTTCCTAGAAC-1_GSM4013386,20
CACACAAGTCACTGGC-1_GSM4013386,21
GCCTCTACACGTTGGC-1_GSM4013386,20
TCGCGAGAGTGTACGG-1_GSM4013386,20
TTAACTCAGCGCTTAT-1_GSM4013386,20
ACATCAGGTCAGGACA-1_GSM4013386,20
GTTCTCGCACCAGGTC-1_GSM4013386,20
CCTCAGTAGGGTTTCT-1_GSM4013386,20
ACCCACTCATGCCTAA-1_GSM4013386,20
CCTTCCCGTCTAGTCA-1_GSM4013386,21
AACTGGTAGAGCTGGT-1_GSM4013386,20
TTCTTAGGTCCATCCT-1_GSM4013386,20
GTTTCTACAGGGAGAG-1_GSM4013386,20
ACATCAGTCTAACGGT-1_GSM4013386,20
TTGCCGTTCAGATAAG-1_GSM4013386,20
ATAGACCAGCTTTGGT-1_GSM4013386,20
AGAGTGGTCAACACGT-1_GSM4013386,20
ATGGGAGTCTCGATGA-1_GSM4013386,21
TACAGTGGTAAACACA-1_GSM4013386,20
CTCGGGATCCTTGACC-1_GSM4013386,21
CTCTACGAGCGATAGC-1_GSM4013386,20
GTGCGGTCACCTCGTT-1_GSM4013386,20
CGTAGGCAGACCTAGG-1_GSM4013386,20
TACAGTGTCTCACATT-1_GSM4013386,20
GAGCAGAGTATATGAG-1_GSM4013386,20
GACGGCTGTGTCCTCT-1_GSM4013386,20
AACCGCGAGAGGACGG-1_GSM4013386,20
TCACAAGGTCCAACTA-1_GSM4013386,20
CTAGAGTCAAGCCGCT-1_GSM4013386,21
TACTCGCAGTAACCCT-1_GSM4013386,20
AGTTGGTTCTGCTGTC-1_GSM4013386,20
TACAGTGGTAAGCACG-1_GSM4013386,20
CATTCGCTCCTATGTT-1_GSM4013386,21
TGCCCTAAGAGGTACC-1_GSM4013386,12
CACAGTAAGGCTATCT-1_GSM4013386,20
TTATGCTCACGAAATA-1_GSM4013386,20
CGTTAGAAGCCAGTTT-1_GSM4013386,20
ACTTACTGTTAAAGAC-1_GSM4013386,20
CTACACCTCCGATATG-1_GSM4013386,20
CGAGCCAGTCTAGGTT-1_GSM4013386,20
GGGATGAAGACTACAA-1_GSM4013386,20
GTAACGTCAATGCCAT-1_GSM4013386,20
TCAATCTGTGTCCTCT-1_GSM4013386,20
GACACGCCAATCCGAT-1_GSM4013386,20
GGATTACTCCTTTCGG-1_GSM4013386,20
ACGCAGCGTAGAGTGC-1_GSM4013386,20
CAGCGACAGCATGGCA-1_GSM4013386,20
CACATAGGTACTCTCC-1_GSM4013386,20
AGATTGCAGCACGCCT-1_GSM4013386,20
GACCTGGCAAAGGTGC-1_GSM4013386,20
GGGTCTGAGTTACCCA-1_GSM4013386,20
TGGCTGGCACGAAATA-1_GSM4013386,20
TGCGTGGGTCATGCAT-1_GSM4013386,20
ATTGGACGTGAGTATA-1_GSM4013386,20
GTTAAGCAGTTCGCGC-1_GSM4013386,20
TACTTGTGTAGGAGTC-1_GSM4013386,20
CAACCAATCACCTTAT-1_GSM4013386,20
ATCATCTAGCGTTCCG-1_GSM4013386,20
CGCGGTACAGGTTTCA-1_GSM4013386,20
TCGTAGAGTATGAATG-1_GSM4013386,20
GTAGTCACACGACTCG-1_GSM4013386,21
AAGGAGCGTGCTAGCC-1_GSM4013386,21
ACATCAGTCAGGCCCA-1_GSM4013386,20
TGGTTAGCACTCGACG-1_GSM4013386,9
GGTGAAGAGGTGTGGT-1_GSM4013386,20
GGCTCGACAGTAAGCG-1_GSM4013386,20
ACGATACGTCAACTGT-1_GSM4013386,21
TCATTTGGTTATCGGT-1_GSM4013386,20
ATCTACTTCCTTGCCA-1_GSM4013386,20
CCTAAAGTCCAGAGGA-1_GSM4013386,21
AGCATACTCTGGGCCA-1_GSM4013386,21
AGTGGGACATCCAACA-1_GSM4013386,20
GCTCTGTAGGTTACCT-1_GSM4013386,21
GACCTGGGTAGGCTGA-1_GSM4013386,20
GAACCTAAGTGAAGTT-1_GSM4013386,20
CCACTACAGGTAGCTG-1_GSM4013386,20
TCGTACCAGCGCCTCA-1_GSM4013386,21
CGATCGGGTGATGATA-1_GSM4013386,20
TACTCGCCATGGTCTA-1_GSM4013386,21
CAACCAAGTGCTTCTC-1_GSM4013386,20
GTACGTAGTCTGCCAG-1_GSM4013386,20
TCACGAAAGGGTCTCC-1_GSM4013386,20
CACTCCACAGACAAGC-1_GSM4013386,20
TAGACCAGTGGCGAAT-1_GSM4013386,20
TGAAAGATCGCATGGC-1_GSM4013386,21
GTCGGGTGTCACCCAG-1_GSM4013386,20
CGTCCATTCCTTTCGG-1_GSM4013386,20
CCGTTCAGTCAGCTAT-1_GSM4013386,20
ACATACGAGGGATCTG-1_GSM4013386,20
CACCACTCAATGTAAG-1_GSM4013386,20
TGGTTAGAGCAGGTCA-1_GSM4013386,20
AAAGTAGAGTCCGTAT-1_GSM4013386,20
TCACGAACACTAAGTC-1_GSM4013386,21
CCTACCAGTCGAGATG-1_GSM4013386,21
GGGAGATCACTTAACG-1_GSM4013386,20
CGACTTCCAAATACAG-1_GSM4013386,21
AGGGAGTTCACGAAGG-1_GSM4013386,20
GGACAAGGTACTTGAC-1_GSM4013386,20
AACTCCCCATGGAATA-1_GSM4013386,7
GTTAAGCAGGGATCTG-1_GSM4013386,20
GCGACCATCTGAGGGA-1_GSM4013386,4
CTAGCCTTCCGCAGTG-1_GSM4013386,21
GCGGGTTAGTACGCCC-1_GSM4013386,20
TTATGCTAGACAGAGA-1_GSM4013386,21
GGATTACAGAGTAATC-1_GSM4013386,20
GTGTTAGCAGGTCTCG-1_GSM4013386,20
ACACCGGTCGGATGGA-1_GSM4013386,23
CCGGTAGAGAAGAAGC-1_GSM4013386,20
TGAGCATCAGTAGAGC-1_GSM4013386,21
ATCACGATCTTGCCGT-1_GSM4013386,20
TCATTTGTCTACCAGA-1_GSM4013386,21
CAGAATCTCCCTTGTG-1_GSM4013386,20
TGCTACCGTGCAGTAG-1_GSM4013386,20
AGCATACGTCGGCACT-1_GSM4013386,20
GGACGTCCACGGCCAT-1_GSM4013386,20
AGACGTTCATCCGGGT-1_GSM4013386,21
CATCAAGTCTGTCTAT-1_GSM4013386,20
CGAGCACCATCATCCC-1_GSM4013386,20
GTCACGGCATGCTGGC-1_GSM4013386,20
AGAATAGGTCAAACTC-1_GSM4013386,20
CATATTCTCACAACGT-1_GSM4013386,21
TTCTTAGAGACCACGA-1_GSM4013386,20
AAACCTGCAGGAATGC-1_GSM4013386,20
GTGAAGGCAGATGGGT-1_GSM4013386,20
GGAACTTCACATGACT-1_GSM4013386,21
CCCATACCAGCTTAAC-1_GSM4013386,21
TGGTTAGCATACGCCG-1_GSM4013386,21
TGCCCATTCCTTGGTC-1_GSM4013386,21
TTGACTTAGCTACCGC-1_GSM4013386,21
GTTTCTATCTCTTGAT-1_GSM4013386,20
CTAAGACAGTGTACCT-1_GSM4013386,20
CATGACAAGTCGAGTG-1_GSM4013386,20
TTCGAAGCATTCGACA-1_GSM4013386,6
CTGATAGCAAGTAATG-1_GSM4013386,20
CGTCAGGGTGCAGGTA-1_GSM4013386,20
CAGAATCTCTAACTGG-1_GSM4013386,20
AATCGGTGTTACGCGC-1_GSM4013386,20
CTTAACTCAAGTCTAC-1_GSM4013386,20
CGGTTAACACGGATAG-1_GSM4013386,20
AAGGCAGTCATGCATG-1_GSM4013386,20
CTGCTGTAGGCCATAG-1_GSM4013386,20
ATGCGATAGAGCTATA-1_GSM4013386,20
TGTTCCGTCAACACCA-1_GSM4013386,21
CAAGGCCCATACTACG-1_GSM4013386,20
CTGTGCTAGTCACGCC-1_GSM4013386,20
CCCATACTCCCTTGTG-1_GSM4013386,20
ATCTGCCAGTACGCCC-1_GSM4013386,20
ACACCGGAGATAGCAT-1_GSM4013386,20
AAACGGGGTACCAGTT-1_GSM4013386,20
AATCGGTCACAGGAGT-1_GSM4013386,20
CCACTACGTTTGACAC-1_GSM4013386,20
AATCCAGCAAGGGTCA-1_GSM4013386,20
ATCTACTTCCAGTAGT-1_GSM4013386,20
CCATTCGCATCACAAC-1_GSM4013386,20
CTGAAGTCATGGGACA-1_GSM4013386,20
GGCTGGTAGTTGTAGA-1_GSM4013386,20
CGTCACTTCTTCAACT-1_GSM4013386,12
TGAGCCGAGCTAAGAT-1_GSM4013386,21
CGGACTGTCAAACGGG-1_GSM4013386,20
TGCCAAAAGAGGTAGA-1_GSM4013386,21
AGTGAGGGTCGAGATG-1_GSM4013386,12
GTGCATAAGATGTGGC-1_GSM4013386,20
CATGCCTTCCTGTACC-1_GSM4013386,20
ATTTCTGGTAAGGGAA-1_GSM4013386,21
AATCGGTGTGCAGTAG-1_GSM4013386,20
AACCGCGCAAGGGTCA-1_GSM4013386,12
AGCAGCCGTAGCGATG-1_GSM4013386,20
CTCGTCATCATATCGG-1_GSM4013386,20
GTACTTTAGGGTTTCT-1_GSM4013386,20
TGCGGGTGTTGCCTCT-1_GSM4013386,21
GCATGCGCATGGAATA-1_GSM4013386,20
CGTCTACTCTCGCTTG-1_GSM4013386,20
ATAGACCTCACGAAGG-1_GSM4013386,21
GAACCTAGTAACGACG-1_GSM4013386,21
TACAGTGCACGACTCG-1_GSM4013386,20
ACGCAGCAGGCTAGGT-1_GSM4013386,21
AAGGCAGAGTAGCCGA-1_GSM4013386,20
CAACCAAAGATCTGCT-1_GSM4013386,20
CTTAGGATCGCGTTTC-1_GSM4013386,20
GAACATCTCCCAAGTA-1_GSM4013386,20
CAGGTGCTCGGCATCG-1_GSM4013386,20
GATGAGGAGATATGCA-1_GSM4013386,20
CGATCGGTCTCCTATA-1_GSM4013386,21
CGATGTAAGAAACGCC-1_GSM4013386,20
AAGACCTTCCCAAGTA-1_GSM4013386,20
GCGCGATGTACATCCA-1_GSM4013386,12
GTTCATTGTGTGACCC-1_GSM4013386,20
CAACCTCAGTATTGGA-1_GSM4013386,20
TCAATCTCAACTGCTA-1_GSM4013386,20
CGGAGTCTCCAGGGCT-1_GSM4013386,20
CAGCAGCAGGTTCCTA-1_GSM4013386,20
GGCTGGTGTTATGCGT-1_GSM4013386,21
ACACTGATCCTGTACC-1_GSM4013386,20
CGTCACTCATGGTCAT-1_GSM4013386,12
ACTTGTTTCTTCATGT-1_GSM4013386,21
CTAATGGAGGGAAACA-1_GSM4013386,21
ATGTGTGTCCGAACGC-1_GSM4013386,20
ACCTTTACAAACTGTC-1_GSM4013386,20
CCGGTAGTCACAGGCC-1_GSM4013386,20
GTAACGTTCATTGCGA-1_GSM4013386,12
TGCGGGTTCTATCGCC-1_GSM4013386,20
ACGGCCATCTGTCCGT-1_GSM4013386,20
AGCGTATCATGGTAGG-1_GSM4013386,23
TACCTTACAGCTTAAC-1_GSM4013386,20
CGATTGACAAGCCATT-1_GSM4013386,20
CTCCTAGAGAGTAATC-1_GSM4013386,20
CCTTCCCGTAGCACGA-1_GSM4013386,20
ATCATCTAGTCCAGGA-1_GSM4013386,20
TTGGAACCAAGTTAAG-1_GSM4013386,20
AACTGGTCATGCTGGC-1_GSM4013386,21
CGACCTTTCAGAGCTT-1_GSM4013386,20
GGACAGATCCACGACG-1_GSM4013386,5
TGACTAGAGAAAGTGG-1_GSM4013386,20
ACCAGTACATCCGTGG-1_GSM4013386,20
AAGACCTTCCCTGACT-1_GSM4013386,20
AAAGTAGTCGCAGGCT-1_GSM4013386,20
GGTGTTAGTGGACGAT-1_GSM4013386,20
CGTAGCGCAGCCTGTG-1_GSM4013386,20
GATCGTACAAGGCTCC-1_GSM4013386,12
ACAGCTAAGCCCGAAA-1_GSM4013386,21
ACGGAGATCGAGGTAG-1_GSM4013386,20
AAGACCTAGAACAATC-1_GSM4013386,20
CACAGTAAGAGTACAT-1_GSM4013386,5
CAGCCGATCACTTACT-1_GSM4013386,20
TAAGAGATCACCTTAT-1_GSM4013386,20
TTAGGACAGAATTCCC-1_GSM4013386,20
GACCAATGTAAATACG-1_GSM4013386,20
GTTAAGCGTTTACTCT-1_GSM4013386,20
ACTGAACAGCACCGTC-1_GSM4013386,20
ACCCACTGTTATGCGT-1_GSM4013386,20
TTGCGTCCAATCTGCA-1_GSM4013386,20
AACTTTCTCGTATCAG-1_GSM4013386,20
TCATTACAGTTACGGG-1_GSM4013386,20
CACACTCTCTGGGCCA-1_GSM4013386,20
TTGGAACAGTCAATAG-1_GSM4013386,20
GTCCTCAGTCTGCCAG-1_GSM4013386,20
ATCATCTGTAGTAGTA-1_GSM4013386,20
CGATGGCGTATATCCG-1_GSM4013386,20
AACTCCCAGGACGAAA-1_GSM4013386,0
CAAGGCCTCGACGGAA-1_GSM4013386,21
GGACGTCCAGTAACGG-1_GSM4013386,20
CGGACGTGTCACAAGG-1_GSM4013386,12
TGGTTAGTCATGTCTT-1_GSM4013386,20
CGCCAAGCACCAGGCT-1_GSM4013386,20
TATGCCCCAGGTTTCA-1_GSM4013386,20
CTAGAGTGTCTAGCGC-1_GSM4013386,21
GCGCAGTCAGCTATTG-1_GSM4013386,20
TACACGAAGGAGTTGC-1_GSM4013386,20
GTAACGTTCGAGCCCA-1_GSM4013386,20
CCTATTACATCTATGG-1_GSM4013386,20
CGTCAGGGTCAGATAA-1_GSM4013386,21
TGACGGCAGAGACTTA-1_GSM4013386,20
CGATGTAAGTATCGAA-1_GSM4013386,20
TAGCCGGGTAAGGGCT-1_GSM4013386,21
ACGAGCCGTTCACCTC-1_GSM4013386,20
ATGTGTGAGCGTGTCC-1_GSM4013386,21
AAACGGGGTAATCACC-1_GSM4013386,5
CGGACACAGCTGATAA-1_GSM4013386,20
GGACAGAAGTCGCCGT-1_GSM4013386,20
CACATAGTCCATGAAC-1_GSM4013386,20
TGGCCAGGTCCATCCT-1_GSM4013386,20
TCAACGAGTGTGTGCC-1_GSM4013386,20
GATCGATTCTGCGGCA-1_GSM4013386,9
CTCGGGATCCCATTTA-1_GSM4013386,20
ACGGCCATCTTACCTA-1_GSM4013386,20
CACAAACCACGCATCG-1_GSM4013386,20
GAACGGAGTCTTCAAG-1_GSM4013386,21
GCATACACATTAGCCA-1_GSM4013386,20
CTAGCCTGTGTGCCTG-1_GSM4013386,20
AGGGAGTCACAGGAGT-1_GSM4013386,23
TGCTGCTAGCCAGAAC-1_GSM4013386,20
GGACATTTCGTCGTTC-1_GSM4013386,12
GGAGCAACAAGCCATT-1_GSM4013386,20
TCGCGAGCAAGGTTTC-1_GSM4013386,20
ACTGAGTAGGCTAGAC-1_GSM4013386,20
AAGTCTGCAAGGCTCC-1_GSM4013386,20
TGTGTTTTCTTGACGA-1_GSM4013386,20
CGCCAAGCATCACGTA-1_GSM4013386,21
TAAGTGCCAAGAGGCT-1_GSM4013386,20
CTACGTCGTCACACGC-1_GSM4013386,20
CAGTCCTCATGCCTTC-1_GSM4013386,20
AAAGTAGCATCCGTGG-1_GSM4013386,20
TGAGCCGAGGTACTCT-1_GSM4013386,20
CAGCAGCTCCCTCTTT-1_GSM4013386,20
GCTGCGAAGGCCCTCA-1_GSM4013386,20
ACGGGTCGTCGGATCC-1_GSM4013386,20
CAGCCGATCCGATATG-1_GSM4013386,12
CCACCTATCGTAGGTT-1_GSM4013386,20
GGATTACCACCGCTAG-1_GSM4013386,20
TGGCGCAAGTGGTAAT-1_GSM4013386,20
CAAGATCCATCTCGCT-1_GSM4013386,12
GATGAAACAAGAGGCT-1_GSM4013386,5
GCTGCGATCTTTAGGG-1_GSM4013386,20
GGGAATGAGGCAGTCA-1_GSM4013386,20
CGTCACTCAGATTGCT-1_GSM4013386,20
GATCAGTTCAGCATGT-1_GSM4013386,20
CCCAGTTTCACGGTTA-1_GSM4013386,20
GTCTTCGCAGGTGGAT-1_GSM4013386,20
ACCGTAAAGCGCTCCA-1_GSM4013386,20
TAGCCGGTCAAACAAG-1_GSM4013386,20
ACCAGTAGTTACGTCA-1_GSM4013386,20
TTCGAAGTCCGTAGGC-1_GSM4013386,20
AAAGTAGAGGCACATG-1_GSM4013386,21
CTTCTCTTCCGCGCAA-1_GSM4013386,21
ACCCACTAGACGCAAC-1_GSM4013386,20
GCTCTGTGTAGCTCCG-1_GSM4013386,23
CTAACTTGTTGTCGCG-1_GSM4013386,20
GTAACGTAGCGATTCT-1_GSM4013386,20
CCTTTCTTCAGGTAAA-1_GSM4013386,21
CACACAATCATTTGGG-1_GSM4013386,21
CGGAGTCCAGTTTACG-1_GSM4013386,20
ACACCGGCATGGGAAC-1_GSM4013386,20
GGACGTCAGAGCCCAA-1_GSM4013386,20
TCTCATACACAGAGGT-1_GSM4013386,20
TATTACCGTATTCTCT-1_GSM4013386,20
ACTGATGGTTAGTGGG-1_GSM4013386,20
AGACGTTGTCAAAGCG-1_GSM4013386,20
GGCGTGTTCGGTTAAC-1_GSM4013386,21
AGCTTGACACCAGATT-1_GSM4013386,20
ACCCACTGTAATCACC-1_GSM4013386,20
CCCATACCAAGCTGTT-1_GSM4013386,20
TTGAACGTCCTTTCTC-1_GSM4013386,20
AGGGAGTAGGGCTTGA-1_GSM4013386,20
TCTATTGCAAGCGAGT-1_GSM4013386,20
CCCTCCTTCAGCTTAG-1_GSM4013386,20
CAGATCACACTGTCGG-1_GSM4013386,20
GACCAATTCGGAATCT-1_GSM4013386,20
CTGGTCTAGAAACCTA-1_GSM4013386,21
ACCCACTCAATCGAAA-1_GSM4013386,20
ATAGACCGTCCGTCAG-1_GSM4013386,20
CATGACACAAGCGCTC-1_GSM4013386,10
CGATGTAAGGACAGAA-1_GSM4013386,20
CACAAACCACAGCCCA-1_GSM4013386,20
CTACACCGTATAGGTA-1_GSM4013386,21
TTAGTTCCACGTCTCT-1_GSM4013386,20
TGCTACCTCCTTTCGG-1_GSM4013386,20
CTAGTGATCGGTCTAA-1_GSM4013386,20
GTCACGGAGGTGGGTT-1_GSM4013386,21
GCCAAATAGGCTATCT-1_GSM4013386,21
CAGTCCTGTTCGGCAC-1_GSM4013386,20
TCAGGTAAGTGGTAAT-1_GSM4013386,20
ACTGCTCGTCTAGGTT-1_GSM4013386,20
CGGGTCATCTGAGTGT-1_GSM4013386,21
GTTAAGCGTCCCGACA-1_GSM4013386,20
TGGTTAGTCTACTTAC-1_GSM4013386,20
TCTCATAGTTATGCGT-1_GSM4013386,20
TGAGCATTCGCGATCG-1_GSM4013386,20
CTCAGAATCGACAGCC-1_GSM4013386,21
GAACGGATCACGATGT-1_GSM4013386,21
AGGTCCGCAGCTGGCT-1_GSM4013386,21
TTCCCAGCAAGTCTAC-1_GSM4013386,20
GTGCGGTGTTTACTCT-1_GSM4013386,20
CGATGTAAGACCACGA-1_GSM4013386,20
TTAGGACAGGAATCGC-1_GSM4013386,20
GTCGGGTGTAAGGATT-1_GSM4013386,20
TACGGTAAGCGATTCT-1_GSM4013386,20
ACTTTCAGTTGCTCCT-1_GSM4013386,20
ATCTGCCTCTACCAGA-1_GSM4013386,21
TTAGGCATCTCTGAGA-1_GSM4013386,20
CTACACCAGATCACGG-1_GSM4013386,21
TCGAGGCTCTCCTATA-1_GSM4013386,21
TTGGAACGTTGCCTCT-1_GSM4013386,20
CGTTGGGGTATCTGCA-1_GSM4013386,12
AGCCTAACATACGCCG-1_GSM4013386,6
GGATGTTAGTGAAGAG-1_GSM4013386,21
CGAACATTCCCGACTT-1_GSM4013386,20
CTACCCAGTGATGTCT-1_GSM4013386,20
GGCAATTAGACCTTTG-1_GSM4013386,21
CATCGGGGTATCAGTC-1_GSM4013386,20
TTGACTTAGAAGGCCT-1_GSM4013386,20
TCATTTGCATTCGACA-1_GSM4013386,20
CATGCCTTCAAGAAGT-1_GSM4013386,20
TACCTTATCCGCGGTA-1_GSM4013386,20
CTACCCATCTACTCAT-1_GSM4013386,20
GTGTTAGAGCCACGCT-1_GSM4013386,20
CTGCGGATCAGTTCGA-1_GSM4013386,20
TTGACTTTCAGCGATT-1_GSM4013386,20
GATCAGTTCGCCTGTT-1_GSM4013386,6
TGAGGGATCACGACTA-1_GSM4013386,20
TACGGATAGGTTCCTA-1_GSM4013386,20
GACGTGCTCTAAGCCA-1_GSM4013386,20
TGCGGGTCATACGCCG-1_GSM4013386,21
TCAGATGAGGGCTTGA-1_GSM4013386,12
AACTGGTCATCAGTCA-1_GSM4013386,20
TGTTCCGAGGCTAGGT-1_GSM4013386,20
CTTAACTAGTTGAGAT-1_GSM4013386,21
CGCTGGAGTCTCAACA-1_GSM4013386,20
CTTGGCTCACATCTTT-1_GSM4013386,20
GTAACTGGTAGCGCAA-1_GSM4013386,20
TTAACTCAGAGGACGG-1_GSM4013386,12
GTCATTTTCGCAAGCC-1_GSM4013386,20
CAGTCCTTCTTGAGGT-1_GSM4013386,21
GACCTGGAGGATGGTC-1_GSM4013386,20
TCAGCTCTCTTAGCCC-1_GSM4013386,21
ATGTGTGCAATGAATG-1_GSM4013386,20
TATCTCACACCATCCT-1_GSM4013386,20
TACTCGCAGATATGGT-1_GSM4013386,20
ACACCCTAGAGTACCG-1_GSM4013386,20
GTGCAGCGTACCATCA-1_GSM4013386,20
ACACCCTCACCACGTG-1_GSM4013386,20
GATGCTAGTCTCCATC-1_GSM4013386,20
GTAGGCCCAAGTAGTA-1_GSM4013386,20
AGCTCTCGTACTCGCG-1_GSM4013386,20
CCTATTATCACCTTAT-1_GSM4013386,17
CGTCCATCATGGGACA-1_GSM4013386,20
GTAACTGTCCACTGGG-1_GSM4013386,21
CCTACCATCAGAAATG-1_GSM4013386,20
CGTTAGAAGCTGCCCA-1_GSM4013386,20
TATCTCAAGAGTACCG-1_GSM4013386,20
ATTGGTGGTAGAAGGA-1_GSM4013386,20
TACGGTATCTTGTATC-1_GSM4013386,21
CTGAAGTGTTAAGATG-1_GSM4013386,21
ACTTGTTTCCACGTGG-1_GSM4013386,20
TTGCCGTAGATATACG-1_GSM4013386,20
AGAGCGAGTCACACGC-1_GSM4013386,20
TGACAACAGGCGACAT-1_GSM4013386,20
CGTCCATTCTTGCAAG-1_GSM4013386,20
GACACGCGTTCTGAAC-1_GSM4013386,20
CAAGAAACAAGGGTCA-1_GSM4013386,20
TCAGCTCAGGCTCTTA-1_GSM4013386,20
TACTTACAGCTAACAA-1_GSM4013386,20
AGAATAGTCCACTCCA-1_GSM4013386,20
TGGCCAGTCAGAGCTT-1_GSM4013386,20
TCTCTAAAGAGTCGGT-1_GSM4013386,20
TTAACTCTCGGTCCGA-1_GSM4013386,21
ATTACTCGTTCCACGG-1_GSM4013386,21
CTAGCCTCATCCGCGA-1_GSM4013386,20
CAGCTGGGTCAGATAA-1_GSM4013386,20
TAGCCGGTCGCACTCT-1_GSM4013386,20
AGGTCATAGCTAGTTC-1_GSM4013386,20
TTGTAGGAGGATGGAA-1_GSM4013386,20
ACTGAACTCCGTAGTA-1_GSM4013386,20
TCTGGAACACAGACAG-1_GSM4013386,20
CTCAGAATCTTTAGGG-1_GSM4013386,20
CGATGGCCATTACCTT-1_GSM4013386,20
CTACACCTCAGCAACT-1_GSM4013386,20
CTAGCCTCAATCCAAC-1_GSM4013386,20
ACCAGTACACATAACC-1_GSM4013386,20
TGTATTCCACAGTCGC-1_GSM4013386,21
TAGTGGTAGTAGGTGC-1_GSM4013386,20
CCCTCCTAGCTATGCT-1_GSM4013386,10
GATGAAACACCCATTC-1_GSM4013386,21
CTAATGGAGTCTCCTC-1_GSM4013386,17
TGGCTGGAGATGTAAC-1_GSM4013386,20
GTAACGTGTGAGTGAC-1_GSM4013386,20
CGCCAAGAGCCTATGT-1_GSM4013386,20
TGAGGGAAGTCCGGTC-1_GSM4013386,21
CTGAAACTCTCCTATA-1_GSM4013386,21
TCATTTGGTAGCGTGA-1_GSM4013386,20
AACGTTGCAGGAATGC-1_GSM4013386,6
AGCTCTCGTAGGACAC-1_GSM4013386,20
ACTGAACCACCGATAT-1_GSM4013386,20
ACGGCCAGTTCGCTAA-1_GSM4013386,20
TCGCGAGCAAGCCATT-1_GSM4013386,20
CGGGTCACAGATTGCT-1_GSM4013386,20
CTAACTTTCGCCCTTA-1_GSM4013386,21
CGATGGCTCAACGGGA-1_GSM4013386,21
ACTGATGAGATGCCAG-1_GSM4013386,20
TAGGCATAGAGTGACC-1_GSM4013386,21
CTCACACAGATGCCTT-1_GSM4013386,20
GAATGAATCTTGTTTG-1_GSM4013386,20
CGAGAAGTCGGCGCAT-1_GSM4013386,20
GGTGTTATCCAGGGCT-1_GSM4013386,21
TTGCGTCAGTGTACGG-1_GSM4013386,20
CCTACACTCTGCGGCA-1_GSM4013386,20
TCGGTAACACCTCGGA-1_GSM4013386,6
CCTATTATCAGGATCT-1_GSM4013386,20
AGGCCACGTGTGGTTT-1_GSM4013386,20
GTTCGGGAGACACTAA-1_GSM4013386,21
AGATCTGAGATGTTAG-1_GSM4013386,20
CGGACACCACGGACAA-1_GSM4013386,6
GCTTGAACAGCTCCGA-1_GSM4013386,17
TGAGCATCATTGTGCA-1_GSM4013386,20
AAAGTAGTCTTACCTA-1_GSM4013386,20
GGAAAGCTCGGTCTAA-1_GSM4013386,20
CGAACATGTAGTGAAT-1_GSM4013386,21
GTTACAGTCAGCAACT-1_GSM4013386,20
TCGAGGCCATTCCTCG-1_GSM4013386,20
GCAGTTAGTCATCGGC-1_GSM4013386,20
ACTATCTCACCCATGG-1_GSM4013386,20
AAAGCAATCCAATGGT-1_GSM4013386,20
TACTTGTCATCACGAT-1_GSM4013386,21
CTGAAGTAGTTGCAGG-1_GSM4013386,20
CCTACCAGTCATATGC-1_GSM4013386,20
CGTGAGCTCACAAACC-1_GSM4013386,20
CTGAAGTCAAGCTGGA-1_GSM4013386,20
GACTGCGTCACGATGT-1_GSM4013386,20
CCTTCGAGTTGAGTTC-1_GSM4013386,20
CGATGGCCAGTGACAG-1_GSM4013386,20
GATCGATGTGCACCAC-1_GSM4013386,21
GACGGCTTCGCATGGC-1_GSM4013386,21
CTCATTATCCTTAATC-1_GSM4013386,20
CTGCGGATCACTATTC-1_GSM4013386,20
TTTGTCATCGTCTGCT-1_GSM4013386,20
AAGTCTGCATGAACCT-1_GSM4013386,21
TGACTTTAGTCGAGTG-1_GSM4013386,20
CTTGGCTCAAGGCTCC-1_GSM4013386,8
GTGCAGCTCCTCGCAT-1_GSM4013386,20
GGTGAAGAGCTATGCT-1_GSM4013386,20
ATCATGGGTCGCATCG-1_GSM4013386,20
AAGGCAGAGACTTTCG-1_GSM4013386,12
ATTCTACCAACCGCCA-1_GSM4013386,20
TACGGATAGTACGCCC-1_GSM4013386,20
ACATGGTGTCTGGTCG-1_GSM4013386,20
CACACCTCATGCCTAA-1_GSM4013386,20
GCTCTGTCAAAGGCGT-1_GSM4013386,21
CACAAACAGGGTCTCC-1_GSM4013386,20
CACCTTGAGGTGTTAA-1_GSM4013386,20
AATCCAGTCCCATTAT-1_GSM4013386,20
GGGCATCCAGTTCATG-1_GSM4013386,20
AGTGAGGTCGAACTGT-1_GSM4013386,17
TACTTACCAGTCGTGC-1_GSM4013386,21
GACAGAGAGGAACTGC-1_GSM4013386,21
TGAGCATAGACCTAGG-1_GSM4013386,20
ACTTGTTAGACAATAC-1_GSM4013386,20
TCGAGGCGTTTGTTGG-1_GSM4013386,5
ACTGCTCTCGACCAGC-1_GSM4013386,20
CCAGCGAAGCACCGTC-1_GSM4013386,20
GGCTCGATCAACGAAA-1_GSM4013386,20
CAAGTTGTCGGTTAAC-1_GSM4013386,20
CTCACACGTGTCAATC-1_GSM4013386,20
AAACCTGAGTTATCGC-1_GSM4013386,20
TCTGGAAGTCGCATAT-1_GSM4013386,20
TACTTGTGTCGGCTCA-1_GSM4013386,9
CGTTCTGGTATGGTTC-1_GSM4013386,20
GTTACAGCAGGGTACA-1_GSM4013386,20
CACACCTCACCTATCC-1_GSM4013386,20
TCGCGAGGTTCTGAAC-1_GSM4013386,20
CTGTGCTTCCTGCCAT-1_GSM4013386,20
ATAACGCGTCATACTG-1_GSM4013386,20
AGAGCTTTCGTAGATC-1_GSM4013386,21
TACAGTGGTCCGAGTC-1_GSM4013386,6
GATCGATTCTAACGGT-1_GSM4013386,21
GGGACCTCAAGTAATG-1_GSM4013386,20
GTGTGCGGTTGGGACA-1_GSM4013386,21
CGCCAAGCATTCCTCG-1_GSM4013386,21
GGCTGGTGTCGCATAT-1_GSM4013386,20
CTGCGGACATAAAGGT-1_GSM4013386,20
GAGGTGAAGACTGTAA-1_GSM4013386,20
AGATCTGTCTACGAGT-1_GSM4013386,21
AGCGTCGGTATTCGTG-1_GSM4013386,20
CCACTACTCTCGAGTA-1_GSM4013386,21
AACCATGCAGGATTGG-1_GSM4013386,20
CGTAGCGGTATATGAG-1_GSM4013386,20
AAACCTGCAGAGTGTG-1_GSM4013386,20
CACTCCAAGAGTAAGG-1_GSM4013386,20
CACAAACGTAAACACA-1_GSM4013386,20
TACTCATTCCCATTTA-1_GSM4013386,21
CGTTAGACACAGATTC-1_GSM4013386,20
TGACAACTCTCTTGAT-1_GSM4013386,20
CACCTTGGTTCGCTAA-1_GSM4013386,9
CTCTAATAGCGAGAAA-1_GSM4013386,20
CGAACATCAGGTCCAC-1_GSM4013386,20
ACGGCCAAGGCAATTA-1_GSM4013386,20
AGTCTTTCAGAGCCAA-1_GSM4013386,20
CTCTACGCATGAAGTA-1_GSM4013386,21
GGGACCTCAATGACCT-1_GSM4013386,20
AGTTGGTGTCATCCCT-1_GSM4013386,20
CGAGCACGTTGGTTTG-1_GSM4013386,20
CACACCTTCACTTCAT-1_GSM4013386,21
CTAAGACAGACGCTTT-1_GSM4013386,20
CTTAACTAGCCTCGTG-1_GSM4013386,20
ACTGAGTAGTAACCCT-1_GSM4013386,6
ATGGGAGTCTTGAGGT-1_GSM4013386,20
CGACCTTTCCGTTGTC-1_GSM4013386,20
GATGAAAGTCTCATCC-1_GSM4013386,21
AGACGTTTCCGGGTGT-1_GSM4013386,20
GATCAGTCACCATGTA-1_GSM4013386,20
CTAACTTGTCGGCATC-1_GSM4013386,20
TTTGGTTCATCTACGA-1_GSM4013386,17
ATTTCTGTCTGTCCGT-1_GSM4013386,20
CTGGTCTTCCCAACGG-1_GSM4013386,21
AACTCTTCACGCTTTC-1_GSM4013386,20
GTCTCGTAGCTGTTCA-1_GSM4013386,20
TCGTAGACAGCTGCAC-1_GSM4013386,20
CGTTGGGAGGCTACGA-1_GSM4013386,21
TATCTCACAGCCTATA-1_GSM4013386,20
TGTATTCGTTTAGCTG-1_GSM4013386,5
TGGTTCCGTTCATGGT-1_GSM4013386,21
CGAGCCAGTTGACGTT-1_GSM4013386,20
GAACGGAAGCGTTCCG-1_GSM4013386,8
TTCGAAGCAAACTGTC-1_GSM4013386,20
TGCACCTAGTTTGCGT-1_GSM4013386,20
CTTCTCTTCGACGGAA-1_GSM4013386,12
ATGCGATAGTCAAGGC-1_GSM4013386,20
ACCCACTCAAGCCATT-1_GSM4013386,21
AGAGCGAGTACTCAAC-1_GSM4013386,1
TTTGCGCTCGCTAGCG-1_GSM4013386,20
GATGAGGCAAGAGGCT-1_GSM4013386,21
AAAGATGCAAACTGTC-1_GSM4013386,21
ATTGGTGAGCTTTGGT-1_GSM4013386,20
CGGACTGAGGACCACA-1_GSM4013386,20
AGCTCTCAGTGAACGC-1_GSM4013386,21
ACGATGTAGAGGTTAT-1_GSM4013386,20
GACCTGGAGCCTATGT-1_GSM4013386,20
GTCTTCGTCTCCAGGG-1_GSM4013386,20
CCGTACTAGGAGTTTA-1_GSM4013386,20
GTTCATTCAAGGACTG-1_GSM4013386,21
GCTCTGTAGATCCGAG-1_GSM4013386,12
CATCCACGTACCGCTG-1_GSM4013386,17
ATGGGAGAGCTGTTCA-1_GSM4013386,21
GCACATATCTATCCCG-1_GSM4013386,20
GATCTAGAGAATTGTG-1_GSM4013386,12
CTGCGGATCGCCGTGA-1_GSM4013386,21
AGATTGCTCGTTACAG-1_GSM4013386,21
GATCAGTGTCCAAGTT-1_GSM4013386,20
ATGCGATAGGAGTCTG-1_GSM4013386,20
ATCATCTGTTCGCGAC-1_GSM4013386,17
CCTACACAGTCGTACT-1_GSM4013386,20
AGGCCACAGGTTCCTA-1_GSM4013386,21
GGGACCTCAGTCGTGC-1_GSM4013386,20
ACTGAGTTCGCGGATC-1_GSM4013386,21
AAACGGGCAGATAATG-1_GSM4013386,20
TTTGTCAAGCTAGCCC-1_GSM4013386,17
AGATTGCGTCCGTGAC-1_GSM4013386,21
ATTGGACTCCATGCTC-1_GSM4013386,20
CACCACTCAATAGAGT-1_GSM4013386,20
GTTAAGCTCCCGGATG-1_GSM4013386,20
TCAGGATAGGCCGAAT-1_GSM4013386,20
TCTCATATCCTCAACC-1_GSM4013386,21
GAATGAAAGCGATATA-1_GSM4013386,21
AAAGTAGAGTGTTTGC-1_GSM4013386,20
TAAGTGCTCGAATGGG-1_GSM4013386,20
GTGTGCGGTCCAACTA-1_GSM4013386,20
GACCTGGAGATGTAAC-1_GSM4013386,20
AGATCTGAGTATGACA-1_GSM4013386,12
CCTAAAGGTCCATCCT-1_GSM4013386,20
TACGGTACAGATCCAT-1_GSM4013386,20
CGATGGCCAAGTACCT-1_GSM4013386,17
GTCACAACAGATGGCA-1_GSM4013386,21
ACGGAGAAGTCGTTTG-1_GSM4013386,21
TACAGTGGTATATGGA-1_GSM4013386,20
CTCATTAAGATATGCA-1_GSM4013386,20
ACGCAGCAGGTCGGAT-1_GSM4013386,20
AGGGAGTAGAGGGCTT-1_GSM4013386,21
TGGCCAGAGGTGTTAA-1_GSM4013386,20
TGTATTCCACTTACGA-1_GSM4013386,20
AAAGCAATCTCCGGTT-1_GSM4013386,17
CTAAGACTCGCGATCG-1_GSM4013386,20
CGGCTAGTCACTTCAT-1_GSM4013386,20
GTTAAGCGTTCCACGG-1_GSM4013386,20
AATCCAGAGCCACGCT-1_GSM4013386,20
GGGCACTGTGGTCCGT-1_GSM4013386,21
TACGGATTCCGTAGGC-1_GSM4013386,20
ATCACGATCCTCTAGC-1_GSM4013386,10
CCCAGTTCATTGAGCT-1_GSM4013386,20
AACTCCCTCTTACCGC-1_GSM4013386,20
TTCTTAGCACGACGAA-1_GSM4013386,9
CTACGTCAGCCATCGC-1_GSM4013386,17
GATTCAGTCTCGAGTA-1_GSM4013386,20
TACGGTACACGGACAA-1_GSM4013386,20
ACTGTCCCACAACGCC-1_GSM4013386,20
TTTGTCACACAGAGGT-1_GSM4013386,20
TGCGGGTTCGCCCTTA-1_GSM4013386,21
TCACGAAAGTAGGTGC-1_GSM4013386,20
GCACTCTTCAATCACG-1_GSM4013386,21
CTGCGGACAACACCCG-1_GSM4013386,20
ACATACGCACACCGCA-1_GSM4013386,20
GTCACGGGTCGTGGCT-1_GSM4013386,20
ACAGCCGTCCCTTGTG-1_GSM4013386,20
CACAAACCAAGTTCTG-1_GSM4013386,20
CCAATCCCAGTAACGG-1_GSM4013386,17
GCGCAGTCACTTGGAT-1_GSM4013386,21
CGTTAGAGTACCGTTA-1_GSM4013386,12
TGTCCCAAGTACGCGA-1_GSM4013386,17
TACTCGCCACAGATTC-1_GSM4013386,9
GCACATAGTTATGTGC-1_GSM4013386,21
AGGGTGATCGGAAACG-1_GSM4013386,20
CGTAGCGCAATCCGAT-1_GSM4013386,20
TCGCGAGAGCTGCGAA-1_GSM4013386,6
AGTCTTTTCCGTAGGC-1_GSM4013386,21
AGACGTTTCCTGCTTG-1_GSM4013386,20
AGTAGTCGTGACCAAG-1_GSM4013386,20
AACACGTAGGCCCGTT-1_GSM4013386,17
TCTGGAAGTACTCAAC-1_GSM4013386,20
GAAATGAGTTCCGTCT-1_GSM4013386,21
TGAGGGAAGTGTTTGC-1_GSM4013386,21
ATCCACCGTGGCGAAT-1_GSM4013386,20
CTGCCTACAGTATAAG-1_GSM4013386,20
AACACGTGTCATATGC-1_GSM4013386,21
GCAGCCAAGACCCACC-1_GSM4013386,20
TAGTTGGCACCGGAAA-1_GSM4013386,20
TTTCCTCGTTCCCTTG-1_GSM4013386,17
CACCACTAGTCGAGTG-1_GSM4013386,20
GTCGGGTAGGACAGCT-1_GSM4013386,12
TTCGAAGTCTATCCCG-1_GSM4013386,20
GGGACCTGTGCCTGTG-1_GSM4013386,20
TCGCGTTCACCAACCG-1_GSM4013386,20
TGACTTTAGGCAGGTT-1_GSM4013386,20
GCAAACTCACCAGATT-1_GSM4013386,20
AGTGTCAGTCATCCCT-1_GSM4013386,17
CATGACATCACCAGGC-1_GSM4013386,12
GTTCTCGTCATTTGGG-1_GSM4013386,20
TCACAAGCATTCTCAT-1_GSM4013386,20
CTCATTACATCTGGTA-1_GSM4013386,21
ATCCACCCATACCATG-1_GSM4013386,20
GACACGCAGGTGACCA-1_GSM4013386,20
TGAGCCGAGAGTACAT-1_GSM4013386,20
GAATGAAGTCTCTTAT-1_GSM4013386,21
GGGTTGCAGTGTACCT-1_GSM4013386,20
ATTATCCAGTGGCACA-1_GSM4013386,21
ACAGCCGTCAAGGCTT-1_GSM4013386,20
GGGTTGCGTCGAATCT-1_GSM4013386,9
CAGCCGATCGTCACGG-1_GSM4013386,20
CTACACCAGTAGGTGC-1_GSM4013386,20
ATAGACCAGCGTGAGT-1_GSM4013386,21
CATCCACCATGGTAGG-1_GSM4013386,20
CGAGCCAGTAACGTTC-1_GSM4013386,12
CATCCACTCCACGCAG-1_GSM4013386,21
CGCTGGACAGCCACCA-1_GSM4013386,5
ATCATGGAGTCATGCT-1_GSM4013386,17
TCGTACCGTCCAGTAT-1_GSM4013386,20
TTCTCAACAACTGCTA-1_GSM4013386,20
AAGGTTCCAGTCAGAG-1_GSM4013386,17
GTCCTCAGTATCTGCA-1_GSM4013386,20
CAGCAGCCATGGGACA-1_GSM4013386,21
CAACTAGGTGTAACGG-1_GSM4013386,12
CACAAACGTGCGAAAC-1_GSM4013386,12
TTATGCTCAGTATAAG-1_GSM4013386,20
GGTGCGTCACTCTGTC-1_GSM4013386,20
TGTTCCGGTAGCGTGA-1_GSM4013386,21
GACGGCTAGTGGGTTG-1_GSM4013386,20
AACACGTAGCGTTCCG-1_GSM4013386,20
TCTCATACATGTAGTC-1_GSM4013386,20
CTCCTAGAGGGAAACA-1_GSM4013386,21
AGGGAGTCAGTCGTGC-1_GSM4013386,21
CAACCTCTCTCGCTTG-1_GSM4013386,20
GTCAAGTCAATGACCT-1_GSM4013386,20
GCGCAACTCGACGGAA-1_GSM4013386,20
CAAGGCCGTATATCCG-1_GSM4013386,21
ATGGGAGAGTCAATAG-1_GSM4013386,20
ACTGAACAGTCGTTTG-1_GSM4013386,21
CGAATGTTCCAACCAA-1_GSM4013386,20
TCAGATGTCGCAGGCT-1_GSM4013386,20
GCGAGAACAAGGACAC-1_GSM4013386,12
CGGACGTAGATGTGTA-1_GSM4013386,20
GATTCAGTCGGGAGTA-1_GSM4013386,20
GTAGTCATCTCAAGTG-1_GSM4013386,20
CTGATAGAGTGAACAT-1_GSM4013386,20
GATCTAGAGAATGTTG-1_GSM4013386,5
CAGTAACCAAGCGAGT-1_GSM4013386,17
TCGCGAGTCCTTAATC-1_GSM4013386,20
GTAACTGTCAGCATGT-1_GSM4013386,20
AAGGAGCAGTACGATA-1_GSM4013386,17
CCGTTCACAATCACAC-1_GSM4013386,17
CACACAAGTTAAAGAC-1_GSM4013386,17
CACTCCATCGATCCCT-1_GSM4013386,17
TTGACTTAGGGTTCCC-1_GSM4013386,17
CAGAATCAGTGAATTG-1_GSM4013386,20
GCATGATCATTTGCCC-1_GSM4013386,20
TATCAGGAGAGACGAA-1_GSM4013386,21
ATGGGAGGTAAATGAC-1_GSM4013386,9
ACTGCTCCAGTTCCCT-1_GSM4013386,21
CTGTGCTAGCGTAATA-1_GSM4013386,20
TCACGAATCAGTTAGC-1_GSM4013386,20
TCTCATAAGTTCGATC-1_GSM4013386,5
GGCCGATGTGACAAAT-1_GSM4013386,21
GTAACGTGTCTGGAGA-1_GSM4013386,20
TGCTACCAGTGTTTGC-1_GSM4013386,20
ACGCCGATCAGAAATG-1_GSM4013386,20
GTCTCGTGTATCTGCA-1_GSM4013386,21
GACGGCTTCACTGGGC-1_GSM4013386,17
GTTAAGCCACGAGGTA-1_GSM4013386,21
GATCGCGGTGCGGTAA-1_GSM4013386,20
GGCTGGTCAGATCGGA-1_GSM4013386,17
TGCCCTAAGTAGGCCA-1_GSM4013386,20
TTGGCAACACGGCCAT-1_GSM4013386,20
CAGCGACAGCTGAACG-1_GSM4013386,17
GCTGCAGCACAACGTT-1_GSM4013386,20
GCATGTACAATGGTCT-1_GSM4013386,17
TCAACGAGTGATGTCT-1_GSM4013386,21
GATGAGGCAGCTCGCA-1_GSM4013386,21
TGGTTCCGTAAGTTCC-1_GSM4013386,21
AGGCCGTTCGTTTAGG-1_GSM4013386,20
TATCAGGCAAGAAGAG-1_GSM4013386,17
AACCATGTCACAAACC-1_GSM4013386,17
CGATCGGAGAGCTATA-1_GSM4013386,20
CATCAGAGTCATTAGC-1_GSM4013386,20
CTCGGAGGTTACAGAA-1_GSM4013386,21
ACGCCGATCAACCATG-1_GSM4013386,17
ACGCAGCCATTGTGCA-1_GSM4013386,20
GCTGGGTTCCAATGGT-1_GSM4013386,20
GCGCGATAGTGTACTC-1_GSM4013386,21
CTAACTTAGACACTAA-1_GSM4013386,1
TGGTTCCAGTAGCCGA-1_GSM4013386,20
GGTATTGAGTACTTGC-1_GSM4013386,21
CCGGTAGTCTTAGCCC-1_GSM4013386,5
GGAAAGCGTATCTGCA-1_GSM4013386,20
AGCGTATAGATCCTGT-1_GSM4013386,21
TGTGTTTTCTACGAGT-1_GSM4013386,20
TAAGTGCGTCACTTCC-1_GSM4013386,20
GTGTTAGCACTGTGTA-1_GSM4013386,20
GACACGCTCGTATCAG-1_GSM4013386,20
AGGGTGAAGTGTACTC-1_GSM4013386,20
GCATACACACATGGGA-1_GSM4013386,20
AGTTGGTCAGCTGCAC-1_GSM4013386,17
TGTTCCGAGTGAAGTT-1_GSM4013386,20
TACACGAAGTGGGATC-1_GSM4013386,21
GGATGTTAGATGTTAG-1_GSM4013386,20
CACAGGCTCTGGTATG-1_GSM4013386,21
TTGTAGGTCGGTCTAA-1_GSM4013386,20
ATAACGCAGTTCGCGC-1_GSM4013386,20
TACCTTAAGGAGTTTA-1_GSM4013386,20
GTCATTTTCCAGAAGG-1_GSM4013386,20
GTTAAGCTCTACCTGC-1_GSM4013386,20
GGTATTGTCGTCGTTC-1_GSM4013386,9
GGAACTTGTTTCGCTC-1_GSM4013386,20
CTGCCTACATTATCTC-1_GSM4013386,20
CATCGAATCGTACGGC-1_GSM4013386,17
TGTATTCAGAAACCTA-1_GSM4013386,21
CCCTCCTAGCCGCCTA-1_GSM4013386,17
TGACTTTGTTCTGTTT-1_GSM4013386,20
TTGGAACCAGAGCCAA-1_GSM4013386,21
ACAGCTATCGGCATCG-1_GSM4013386,20
AGAGTGGAGCTAGTTC-1_GSM4013386,9
CGATTGACAGACAGGT-1_GSM4013386,21
TACCTTAGTCAGTGGA-1_GSM4013386,21
AAAGCAACAACTGGCC-1_GSM4013386,17
ACGAGCCAGTATGACA-1_GSM4013386,23
TCAATCTAGAGTCGGT-1_GSM4013386,20
TGCGTGGGTTGGGACA-1_GSM4013386,20
AACTTTCTCAAACAAG-1_GSM4013386,20
GATGAGGTCACCGTAA-1_GSM4013386,5
TCCCGATCATGGGACA-1_GSM4013386,20
ACTGCTCCATCGGTTA-1_GSM4013386,20
TAGTGGTTCTCCCTGA-1_GSM4013386,21
TTCTACACAAGACGTG-1_GSM4013386,12
AACCGCGTCCATGCTC-1_GSM4013386,20
CACCAGGGTAAGAGGA-1_GSM4013386,21
CGTCACTCAAATACAG-1_GSM4013386,21
ACGCCAGCATTTCAGG-1_GSM4013386,20
TTGAACGTCCACGAAT-1_GSM4013386,20
AGAATAGGTATGAATG-1_GSM4013386,17
GGAGCAAAGAACTGTA-1_GSM4013386,17
CAGAATCGTGCACCAC-1_GSM4013386,17
TGATTTCTCGGTCCGA-1_GSM4013386,21
CGATGGCGTTAAGGGC-1_GSM4013386,20
AAGACCTTCTCATTCA-1_GSM4013386,21
CACACTCAGTGTGAAT-1_GSM4013386,17
TGACAACCATCCGCGA-1_GSM4013386,17
TGTGGTATCGATAGAA-1_GSM4013386,20
CTGAAACGTAGCGTCC-1_GSM4013386,21
ACGCCGAAGTGAAGTT-1_GSM4013386,20
GCCAAATGTCTCTTAT-1_GSM4013386,20
CTCTAATAGGCAATTA-1_GSM4013386,17
TATCAGGCAGACGCCT-1_GSM4013386,8
ACGGCCAAGAGTGACC-1_GSM4013386,20
CAAGTTGCAAACAACA-1_GSM4013386,21
CGTCTACTCCCAGGTG-1_GSM4013386,17
CACAGTAAGAAGGTGA-1_GSM4013386,9
CTCTACGCAGATCCAT-1_GSM4013386,20
GGATGTTAGCTAAGAT-1_GSM4013386,6
AAACGGGCATGGTTGT-1_GSM4013386,12
TCCACACGTGCCTTGG-1_GSM4013386,6
TGGACGCAGGATATAC-1_GSM4013386,17
TGAGAGGTCGAATGGG-1_GSM4013386,21
CAACCTCTCAGGCAAG-1_GSM4013386,21
GTACTTTCAGCGTCCA-1_GSM4013386,21
AATCCAGTCTCCAGGG-1_GSM4013386,21
GTCTTCGCACTAAGTC-1_GSM4013386,17
CACAGGCCACTTAACG-1_GSM4013386,20
GCAGCCAAGCGTTCCG-1_GSM4013386,21
CGTTCTGTCCGTAGTA-1_GSM4013386,21
GGTGCGTAGTACATGA-1_GSM4013386,21
TATCAGGTCAGCTCTC-1_GSM4013386,17
TCGTAGATCTCGGACG-1_GSM4013386,21
CTGCGGAGTCGCGTGT-1_GSM4013386,12
CGTAGGCGTGGACGAT-1_GSM4013386,20
AAGGAGCGTATAGTAG-1_GSM4013386,20
CGTTAGAAGAAGATTC-1_GSM4013386,17
CCTCTGACATGGATGG-1_GSM4013386,12
GATGAAAGTTTCCACC-1_GSM4013386,17
TGGCTGGTCACGACTA-1_GSM4013386,8
ATTGGACGTCTAGGTT-1_GSM4013386,20
GCAAACTCACCCATGG-1_GSM4013386,7
GATGAAAAGAACAACT-1_GSM4013386,17
CGAATGTTCTCTTGAT-1_GSM4013386,17
CGACTTCAGCGCTTAT-1_GSM4013386,20
CATCCACAGTAACCCT-1_GSM4013386,20
CTAGCCTGTCAAAGAT-1_GSM4013386,17
GAATAAGCAGCGAACA-1_GSM4013386,17
GGCGTGTAGAAGAAGC-1_GSM4013386,20
AGTGTCACAACGATGG-1_GSM4013386,17
AGACGTTCACCAGTTA-1_GSM4013386,21
AACCGCGAGGGATCTG-1_GSM4013386,20
TATCAGGTCGGTTCGG-1_GSM4013386,17
CGACCTTCATGCAACT-1_GSM4013386,21
TTCTACAAGCTAAGAT-1_GSM4013386,20
TTTGCGCTCTCGCTTG-1_GSM4013386,6
CACCTTGAGGAGCGAG-1_GSM4013386,17
GATGAAACATGTCTCC-1_GSM4013386,21
ATGAGGGTCTTATCTG-1_GSM4013386,17
CTGTTTACAAGCCGCT-1_GSM4013386,21
TTTGCGCAGCTGATAA-1_GSM4013386,20
CTGCGGAGTACCGGCT-1_GSM4013386,20
CTCTACGAGCTGCAAG-1_GSM4013386,20
CTGAAACAGCCGCCTA-1_GSM4013386,20
TTCTCCTGTCTTCGTC-1_GSM4013386,21
GGGAGATTCAGGTAAA-1_GSM4013386,21
AAAGTAGAGATGGCGT-1_GSM4013386,12
GCGCCAAGTTTAGCTG-1_GSM4013386,17
TGAGCCGGTCCAGTAT-1_GSM4013386,17
AGATCTGCATGGTTGT-1_GSM4013386,9
CCAATCCTCAACGAAA-1_GSM4013386,17
ACTGATGCAGTGACAG-1_GSM4013386,20
CGAGCACAGATGGGTC-1_GSM4013386,20
TGCGCAGCAGAGTGTG-1_GSM4013386,21
CCTCAGTCACGTAAGG-1_GSM4013386,21
AAACGGGCACAACGCC-1_GSM4013386,21
TATCAGGAGATCTGCT-1_GSM4013386,17
AGGCCACTCAAGATCC-1_GSM4013386,17
CGACCTTCACATCCGG-1_GSM4013386,17
CCAATCCCACTCGACG-1_GSM4013386,12
CTAGTGAGTCAGGACA-1_GSM4013386,9
ACTATCTGTGAAATCA-1_GSM4013386,17
TCCACACGTCAGGACA-1_GSM4013386,21
CTAATGGTCATTGCGA-1_GSM4013386,20
GGGTCTGTCTGTCTCG-1_GSM4013386,17
GCGGGTTAGTGATCGG-1_GSM4013386,21
GCGACCACAAGGTTCT-1_GSM4013386,6
GCGCAGTTCTAGCACA-1_GSM4013386,20
TTAGTTCAGTATCTCG-1_GSM4013386,20
TTGAACGCACGGTTTA-1_GSM4013386,17
TCAACGATCTCAACTT-1_GSM4013386,17
ATCACGAGTTCCACTC-1_GSM4013386,20
ATGCGATTCCAGAGGA-1_GSM4013386,17
GCATGATAGATGTGTA-1_GSM4013386,20
CACACTCGTCTCTCGT-1_GSM4013386,21
ACATGGTTCGAATGCT-1_GSM4013386,21
GCTGCAGGTTAGGGTG-1_GSM4013386,10
CGTCTACCAAGAAAGG-1_GSM4013386,21
ACGCCGAGTCTGCAAT-1_GSM4013386,17
GAATAAGCAGCTGTTA-1_GSM4013386,21
TAGCCGGAGGCTCAGA-1_GSM4013386,20
AGGTCATAGGTGATAT-1_GSM4013386,17
CTTTGCGAGTGTCCAT-1_GSM4013386,20
GACAGAGAGCTTTGGT-1_GSM4013386,20
TGCGTGGAGACAGACC-1_GSM4013386,17
AGCTTGACAAGTCTAC-1_GSM4013386,20
CGATGTACACATCCAA-1_GSM4013386,12
GGAGCAACAGAGCCAA-1_GSM4013386,17
TCAGCAAAGGCACATG-1_GSM4013386,17
CCTAGCTCACAACGCC-1_GSM4013386,17
TCGCGAGGTAGCGTAG-1_GSM4013386,17
ATCGAGTCAACAACCT-1_GSM4013386,17
ATGTGTGAGTGGAGTC-1_GSM4013386,9
CGAATGTCATAGACTC-1_GSM4013386,5
GACGTTATCCAGAAGG-1_GSM4013386,17
CTAATGGAGCCGATTT-1_GSM4013386,21
AGGTCCGAGTGTTGAA-1_GSM4013386,17
CTGCTGTAGATAGCAT-1_GSM4013386,17
GTGGGTCGTATCAGTC-1_GSM4013386,20
CATGCCTGTTGGAGGT-1_GSM4013386,17
CAGTCCTGTAAGTGTA-1_GSM4013386,20
CTGATAGTCACCGGGT-1_GSM4013386,17
GACTGCGAGTAATCCC-1_GSM4013386,21
TGAGCCGAGTTTCCTT-1_GSM4013386,12
AACCATGGTGGACGAT-1_GSM4013386,9
GATGCTAGTATTCGTG-1_GSM4013386,21
GAATGAAAGCCGCCTA-1_GSM4013386,17
ATCGAGTCACAGAGGT-1_GSM4013386,21
CGATCGGGTTAAAGTG-1_GSM4013386,17
AGCCTAAGTTCGTGAT-1_GSM4013386,20
TGTTCCGAGTCTTGCA-1_GSM4013386,17
TGAAAGAGTACAGTTC-1_GSM4013386,17
AGCTCCTAGATGCCTT-1_GSM4013386,10
GGGATGACATACAGCT-1_GSM4013386,17
GACGGCTCAAGACACG-1_GSM4013386,17
TTCTCAATCCTGCAGG-1_GSM4013386,17
CAGCTGGAGGTGCACA-1_GSM4013386,17
CAAGTTGAGTCATGCT-1_GSM4013386,20
AGCCTAATCGAACGGA-1_GSM4013386,17
CACATTTAGCCCTAAT-1_GSM4013386,17
AGAGCTTAGAAGGCCT-1_GSM4013386,17
GATCGCGGTTCGAATC-1_GSM4013386,17
GTAACGTCATGTAAGA-1_GSM4013386,12
TGTGGTAAGAAGGTTT-1_GSM4013386,17
AGATTGCAGAAGGTTT-1_GSM4013386,17
TTCCCAGCAGTATCTG-1_GSM4013386,21
TGGGCGTCAGCCTATA-1_GSM4013386,17
CAGCCGAAGTTAGGTA-1_GSM4013386,20
GCAGCCATCTTAGCCC-1_GSM4013386,17
AACGTTGAGCAAATCA-1_GSM4013386,17
GAACCTAAGTACGTAA-1_GSM4013386,20
GAGGTGAGTCCAAGTT-1_GSM4013386,6
GGCCGATAGTGTTTGC-1_GSM4013386,20
GCTTCCAAGTGCCAGA-1_GSM4013386,17
ATCCACCGTCTCTCTG-1_GSM4013386,17
AGCCTAAAGCGCCTTG-1_GSM4013386,17
ATCTGCCCATGTCGAT-1_GSM4013386,9
GACGCGTTCTTTACGT-1_GSM4013386,20
TGGTTAGTCTGCTTGC-1_GSM4013386,9
GATGCTAAGTGGCACA-1_GSM4013386,21
GTGGGTCGTTGACGTT-1_GSM4013386,20
TTCCCAGAGGCTAGAC-1_GSM4013386,17
GCGCAACCAAGCGAGT-1_GSM4013386,17
CTCTACGCAGCTCGAC-1_GSM4013386,17
AGGCCACAGCTTCGCG-1_GSM4013386,21
CCTACACAGGGTCTCC-1_GSM4013386,20
GGACAAGAGTACGTTC-1_GSM4013386,17
AGCTCCTAGCCTTGAT-1_GSM4013386,21
TTAGGACGTTCCGTCT-1_GSM4013386,12
TCTCATACACGAAGCA-1_GSM4013386,1
AGCAGCCCACATGGGA-1_GSM4013386,9
AACACGTTCTTGTCAT-1_GSM4013386,17
CCAATCCAGCGCTCCA-1_GSM4013386,17
CTCGTACAGTGTTAGA-1_GSM4013386,17
CTTTGCGCACCGAAAG-1_GSM4013386,21
CCAGCGAGTTACGCGC-1_GSM4013386,17
GACGCGTTCCTATGTT-1_GSM4013386,17
CGGACGTCATTCCTCG-1_GSM4013386,20
TTTCCTCAGGACCACA-1_GSM4013386,17
CACCTTGTCTACCAGA-1_GSM4013386,6
TTGCCGTCATGGTAGG-1_GSM4013386,20
AGAGTGGTCTCACATT-1_GSM4013386,17
GACAGAGCAACGATCT-1_GSM4013386,17
CTAGTGATCAAGATCC-1_GSM4013386,9
GAAATGAGTTTAAGCC-1_GSM4013386,17
CTCGGAGTCCAGAAGG-1_GSM4013386,17
TCAATCTAGGATGGTC-1_GSM4013386,17
CACCACTAGAAGCCCA-1_GSM4013386,21
TGATTTCCACAGGAGT-1_GSM4013386,21
GCACATATCGGTCTAA-1_GSM4013386,20
CAGTAACCAATGTTGC-1_GSM4013386,21
TCATTACAGCACGCCT-1_GSM4013386,17
AACTCCCCAGTGACAG-1_GSM4013386,17
GTGGGTCCACAGCCCA-1_GSM4013386,17
GTTCTCGAGCGATATA-1_GSM4013386,20
CAGCCGATCGGCATCG-1_GSM4013386,20
GACGTGCGTGTGAATA-1_GSM4013386,8
GTTCTCGGTAGCGTCC-1_GSM4013386,21
TAGTTGGCAGTTAACC-1_GSM4013386,9
CATATTCAGGATGGTC-1_GSM4013386,6
GGGCATCCAAGCGAGT-1_GSM4013386,17
ACCTTTATCCTTTACA-1_GSM4013386,21
GATGAAAGTGTGCCTG-1_GSM4013386,17
CACAGTACATTTGCTT-1_GSM4013386,9
GGACATTGTTCAACCA-1_GSM4013386,12
GTAACTGGTTCACCTC-1_GSM4013386,17
TCCACACGTACTTCTT-1_GSM4013386,20
AGTGAGGTCGCATGGC-1_GSM4013386,17
GATGCTATCTACCAGA-1_GSM4013386,20
GTCGGGTCACATGTGT-1_GSM4013386,21
TCACGAAGTCGCGTGT-1_GSM4013386,20
GATGAAACAATTGCTG-1_GSM4013386,21
CTCGTACTCCGCAGTG-1_GSM4013386,20
AAGCCGCAGGCGACAT-1_GSM4013386,20
CACAGTACACACTGCG-1_GSM4013386,17
TAAGAGACATGCAATC-1_GSM4013386,21
TGACTTTGTCAATACC-1_GSM4013386,9
CAGAATCTCTTGAGAC-1_GSM4013386,17
ACGATGTCAGTGGAGT-1_GSM4013386,20
CTGGTCTAGTTTGCGT-1_GSM4013386,21
TTGTAGGTCAACGCTA-1_GSM4013386,17
CGGAGCTGTCAAGCGA-1_GSM4013386,21
CGCTGGAAGATTACCC-1_GSM4013386,9
GTGAAGGCAAGGGTCA-1_GSM4013386,17
CGCTTCATCCGAAGAG-1_GSM4013386,12
GCTCTGTAGCAACGGT-1_GSM4013386,21
GAACATCTCCCTTGTG-1_GSM4013386,9
CCTTTCTTCGAGAACG-1_GSM4013386,9
GAACGGATCCGTCATC-1_GSM4013386,17
TCTATTGTCCTTGGTC-1_GSM4013386,20
CACACAATCAGCTTAG-1_GSM4013386,20
GCTTCCATCCTAGAAC-1_GSM4013386,10
CTAGAGTGTTTCCACC-1_GSM4013386,20
CACAGTAGTGGAAAGA-1_GSM4013386,17
ATCCGAAGTCGGATCC-1_GSM4013386,20
CCAGCGACACCTTGTC-1_GSM4013386,17
GTCGGGTAGTCTCCTC-1_GSM4013386,20
TCCCGATAGAACAACT-1_GSM4013386,17
GTGCTTCAGCTGATAA-1_GSM4013386,10
CTGCTGTAGAGTGAGA-1_GSM4013386,17
GGGAGATAGCTCCCAG-1_GSM4013386,9
CGTCCATGTGACAAAT-1_GSM4013386,8
ACGCAGCCAACGATCT-1_GSM4013386,6
CTCGAGGTCTTTAGGG-1_GSM4013386,20
CGTTGGGCAGTAAGAT-1_GSM4013386,20
TTCTACATCGGCGCAT-1_GSM4013386,17
TAAGCGTCACGTCTCT-1_GSM4013386,9
CGGCTAGGTTGTGGCC-1_GSM4013386,21
AAAGTAGGTTCGCTAA-1_GSM4013386,9
CTGATAGGTCTCATCC-1_GSM4013386,10
GTTCATTCAGGTGCCT-1_GSM4013386,1
ACACCGGTCATTATCC-1_GSM4013386,17
GCATGATGTGTTTGGT-1_GSM4013386,12
ATTTCTGTCGGAAACG-1_GSM4013386,17
GAAACTCGTCAGAATA-1_GSM4013386,21
TGACTTTGTTACGACT-1_GSM4013386,16
CACCACTAGCTAGTGG-1_GSM4013386,12
CAAGGCCTCAGCAACT-1_GSM4013386,17
CTTTGCGTCAGAGCTT-1_GSM4013386,17
GACGTTATCCCAAGAT-1_GSM4013386,21
GATCAGTGTCTGATTG-1_GSM4013386,9
CAAGATCAGTGAACAT-1_GSM4013386,20
GGCAATTAGCAGGCTA-1_GSM4013386,17
CTCATTAGTTATCACG-1_GSM4013386,20
TAAGTGCGTAGCGCAA-1_GSM4013386,17
TAAGCGTTCCAAACTG-1_GSM4013386,21
TAAGCGTTCGACCAGC-1_GSM4013386,14
GCGCCAAAGATGGGTC-1_GSM4013386,21
CATGGCGTCCAGATCA-1_GSM4013386,17
CGAGAAGAGTAATCCC-1_GSM4013386,17
ACACCGGTCGCTGATA-1_GSM4013386,17
AACTCAGTCAACACTG-1_GSM4013386,17
CTAATGGTCTCTAAGG-1_GSM4013386,17
TGGCTGGCAATCTACG-1_GSM4013386,1
TACACGATCCGTAGTA-1_GSM4013386,20
GGATGTTCACTGTGTA-1_GSM4013386,21
TGGGAAGAGGGAGTAA-1_GSM4013386,9
CATCGAATCTTTACGT-1_GSM4013386,17
CTGCTGTAGGGCTTCC-1_GSM4013386,17
AGTAGTCTCGGCGCAT-1_GSM4013386,20
AAACCTGCAGTGGAGT-1_GSM4013386,17
GTGCATACAGTTAACC-1_GSM4013386,17
CACCAGGGTAGCGCTC-1_GSM4013386,21
GGCTCGAGTGGTCTCG-1_GSM4013386,17
GAAACTCGTTCACGGC-1_GSM4013386,5
CCTTCGAGTCTCTCGT-1_GSM4013386,17
GTTCATTAGCTGCCCA-1_GSM4013386,20
ACTGAACGTGTTCTTT-1_GSM4013386,21
ACGTCAACAATAGCAA-1_GSM4013386,21
CAGATCAAGTAAGTAC-1_GSM4013386,21
CTACATTTCGGTGTTA-1_GSM4013386,21
AGTCTTTAGCACGCCT-1_GSM4013386,17
GTCTCGTGTAGATTAG-1_GSM4013386,21
CTAGCCTTCGGTCCGA-1_GSM4013386,21
CTCGAAAGTAAGGGAA-1_GSM4013386,17
TACGGTACACGCGAAA-1_GSM4013386,17
AACGTTGCAATGCCAT-1_GSM4013386,9
CTCTACGCAGAGCCAA-1_GSM4013386,21
TGGCGCACATACAGCT-1_GSM4013386,20
TGACTTTAGCCGATTT-1_GSM4013386,20
TTTCCTCTCCGTCATC-1_GSM4013386,17
GAACCTATCCTCTAGC-1_GSM4013386,1
CAAGGCCGTCCGTTAA-1_GSM4013386,17
CCTACACCAGGGAGAG-1_GSM4013386,20
TGTGTTTTCGGTGTTA-1_GSM4013386,17
GGTGAAGTCCTAGAAC-1_GSM4013386,17
TTATGCTGTTACGACT-1_GSM4013386,21
TCTTTCCTCACCTTAT-1_GSM4013386,17
GGACAGAAGCCGCCTA-1_GSM4013386,17
GTCACAAGTTATGTGC-1_GSM4013386,6
TTAGTTCAGCAAATCA-1_GSM4013386,20
GGCCGATCATGGTAGG-1_GSM4013386,10
TCTGAGAGTCGGCATC-1_GSM4013386,17
CTTTGCGCAATCAGAA-1_GSM4013386,17
TTGTAGGTCCGTCAAA-1_GSM4013386,20
CAGCATAGTGGTAACG-1_GSM4013386,5
ATGCGATTCATGGTCA-1_GSM4013386,20
CGATGTACACGGCCAT-1_GSM4013386,14
TGTCCCAAGTCAATAG-1_GSM4013386,17
ATTGGACAGTCAAGGC-1_GSM4013386,21
GTCTTCGCACACCGCA-1_GSM4013386,17
TACCTATGTCGGGTCT-1_GSM4013386,8
CGGACGTTCTGGCGAC-1_GSM4013386,9
CATATTCTCACATGCA-1_GSM4013386,17
CTCCTAGGTACAGTTC-1_GSM4013386,3
GGTGTTACAGTCAGAG-1_GSM4013386,17
CTCGTCAGTGAAGGCT-1_GSM4013386,21
ACGCAGCGTATGGTTC-1_GSM4013386,5
ACTTTCAGTTATCGGT-1_GSM4013386,21
GGACAGACAGCTGTGC-1_GSM4013386,17
GGCTGGTGTAAGGGAA-1_GSM4013386,17
ACAGCCGTCTAACTTC-1_GSM4013386,21
TTCCCAGGTCATGCAT-1_GSM4013386,17
GGAATAAAGCCAGAAC-1_GSM4013386,20
TACGGATGTCCAGTAT-1_GSM4013386,12
ATTATCCCATTAACCG-1_GSM4013386,20
GTCACGGGTGTGAATA-1_GSM4013386,1
ATTCTACAGGCTACGA-1_GSM4013386,17
GTACTTTGTGAACCTT-1_GSM4013386,17
TGGTTCCCAGGTCCAC-1_GSM4013386,21
AGCCTAATCTGATTCT-1_GSM4013386,17
GTAGTCAAGGAGTAGA-1_GSM4013386,17
GCAAACTGTGATGCCC-1_GSM4013386,17
CCACGGAAGAGTGACC-1_GSM4013386,17
ACCTTTAAGGTAGCCA-1_GSM4013386,17
CTGCTGTCACTTACGA-1_GSM4013386,20
GAGGTGAAGGACCACA-1_GSM4013386,17
GGCTGGTGTCGCGTGT-1_GSM4013386,17
AGTTGGTGTTACAGAA-1_GSM4013386,20
GTGCGGTAGTGGTCCC-1_GSM4013386,17
GACTAACTCGGAAATA-1_GSM4013386,21
AGGGTGATCAAACGGG-1_GSM4013386,17
TCACGAAAGGAACTGC-1_GSM4013386,8
TGACGGCTCATGTCTT-1_GSM4013386,20
CATGGCGCAAACCTAC-1_GSM4013386,17
GATTCAGCAACACGCC-1_GSM4013386,17
GGAGCAAGTACCATCA-1_GSM4013386,1
CAGCAGCTCACCATAG-1_GSM4013386,20
CGATGGCCAATGTTGC-1_GSM4013386,20
CACACTCCACTGTCGG-1_GSM4013386,17
CTACGTCAGCTTTGGT-1_GSM4013386,17
TGGCGCACAGCCAATT-1_GSM4013386,6
ACGTCAATCTATGTGG-1_GSM4013386,17
CAGAGAGTCTAACCGA-1_GSM4013386,21
AGCGGTCCAAATTGCC-1_GSM4013386,17
CTTTGCGCATCTGGTA-1_GSM4013386,21
TGCTACCTCGCCATAA-1_GSM4013386,17
TAAGAGACAGGCGATA-1_GSM4013386,21
GAACATCAGATCTGCT-1_GSM4013386,20
AGCGGTCTCTACGAGT-1_GSM4013386,20
CTAGTGATCCGTCATC-1_GSM4013386,21
GTTCGGGGTTTACTCT-1_GSM4013386,12
CTCTGGTGTACAGTGG-1_GSM4013386,20
GGACGTCAGCTAGTCT-1_GSM4013386,17
CGTCAGGTCTGCAGTA-1_GSM4013386,17
AGGCCGTTCCGAATGT-1_GSM4013386,12
TATCTCATCGAACTGT-1_GSM4013386,17
AGCATACGTTGCTCCT-1_GSM4013386,9
CACTCCATCCGTTGCT-1_GSM4013386,17
GCTGCGAAGAGCTGGT-1_GSM4013386,17
AAAGCAATCATTCACT-1_GSM4013386,17
CCTTTCTGTATAGTAG-1_GSM4013386,12
GCTGCAGGTAGCGTAG-1_GSM4013386,17
TTTGCGCGTACCGAGA-1_GSM4013386,17
CTCTACGCAATTGCTG-1_GSM4013386,17
TACTTGTTCATAAAGG-1_GSM4013386,17
AGGGATGAGCCAGAAC-1_GSM4013386,1
CTCGTCAAGACAGGCT-1_GSM4013386,8
CAGATCAGTGTTTGTG-1_GSM4013386,10
GTGTGCGAGCTGCAAG-1_GSM4013386,9
ACTTACTGTCCAGTAT-1_GSM4013386,17
GACCAATAGATATGCA-1_GSM4013386,17
TATTACCGTTAAGACA-1_GSM4013386,20
AGTCTTTCAGTGGGAT-1_GSM4013386,17
TTTACTGTCTGTACGA-1_GSM4013386,17
TGCGCAGGTCAGGACA-1_GSM4013386,17
TTCTTAGCAAAGGTGC-1_GSM4013386,17
AGTGTCAGTCTCCATC-1_GSM4013386,21
GTATCTTAGCTTATCG-1_GSM4013386,20
GTAGTCATCGAATCCA-1_GSM4013386,17
CCAGCGAAGAGCCCAA-1_GSM4013386,17
CATCGAATCTTGTATC-1_GSM4013386,17
GTCGTAATCCAGTAGT-1_GSM4013386,3
AGCGTATAGCGGCTTC-1_GSM4013386,17
CCTATTAAGGAGCGAG-1_GSM4013386,6
TATCAGGAGGAATTAC-1_GSM4013386,21
TGGCGCAAGATCCGAG-1_GSM4013386,17
ATCGAGTTCCACGTGG-1_GSM4013386,17
TGATTTCTCCTTCAAT-1_GSM4013386,17
CCACGGAGTGTTGGGA-1_GSM4013386,17
TACGGATCAATCGAAA-1_GSM4013386,17
GTCCTCAGTCCAACTA-1_GSM4013386,9
TCGTAGACAATCCAAC-1_GSM4013386,1
TTCCCAGGTAGCCTCG-1_GSM4013386,20
ACACTGATCCTCTAGC-1_GSM4013386,20
TGCACCTCAGTGGAGT-1_GSM4013386,6
AGCATACTCCTCAACC-1_GSM4013386,17
TCAACGATCACCCTCA-1_GSM4013386,20
GGCGTGTAGAAACGCC-1_GSM4013386,20
ATGTGTGGTGCCTGTG-1_GSM4013386,20
TCAGCTCAGTGCGATG-1_GSM4013386,6
GAACATCAGTCTTGCA-1_GSM4013386,21
ACCAGTATCAGTGTTG-1_GSM4013386,17
ACTGTCCCACAAGTAA-1_GSM4013386,17
CAGATCATCTAACTCT-1_GSM4013386,17
GGGATGAGTACTTCTT-1_GSM4013386,17
CAGCTGGCACACTGCG-1_GSM4013386,21
ACAGCTAGTCGCTTTC-1_GSM4013386,17
CTAGAGTGTTATCCGA-1_GSM4013386,21
TGACAACAGAGGGATA-1_GSM4013386,17
TGAGCATTCGGTGTTA-1_GSM4013386,17
GAATGAAAGGGAAACA-1_GSM4013386,20
GTGTTAGAGACAGACC-1_GSM4013386,17
CCCTCCTCATTAACCG-1_GSM4013386,17
AAGCCGCTCGTCACGG-1_GSM4013386,17
CATTCGCAGCTGCGAA-1_GSM4013386,10
GTCACGGGTCGCTTCT-1_GSM4013386,20
GGATTACAGCGTGTCC-1_GSM4013386,12
GGAATAAAGCGAGAAA-1_GSM4013386,17
CTCTACGGTTACCAGT-1_GSM4013386,20
GTGTTAGTCATTGCCC-1_GSM4013386,17
AGACGTTGTTAGGGTG-1_GSM4013386,3
CTAAGACGTACAGTTC-1_GSM4013386,17
ATTACTCTCGGGAGTA-1_GSM4013386,14
AACGTTGGTAAGTGTA-1_GSM4013386,8
CAGCATATCAAACGGG-1_GSM4013386,17
TTTCCTCCAAAGAATC-1_GSM4013386,21
GGGCACTTCGCCATAA-1_GSM4013386,17
AGGGTGAGTGATGTGG-1_GSM4013386,20
CCATGTCAGAAGGTGA-1_GSM4013386,9
AGGTCATGTTGTCGCG-1_GSM4013386,17
GACGTGCGTTCACCTC-1_GSM4013386,17
AGGGTGAGTCTGATTG-1_GSM4013386,20
CGCTATCGTTCGTGAT-1_GSM4013386,17
GCTGGGTCACACTGCG-1_GSM4013386,20
CCCTCCTCATTTGCTT-1_GSM4013386,14
ATCGAGTTCCGCGTTT-1_GSM4013386,17
TCTGGAATCAGCTGGC-1_GSM4013386,17
AGAGTGGGTTCAGACT-1_GSM4013386,5
AGCTTGAAGTACGACG-1_GSM4013386,17
GGACATTCAAGTCTAC-1_GSM4013386,17
GTCCTCATCTGACCTC-1_GSM4013386,17
GGGCATCCAGGCGATA-1_GSM4013386,21
TTATGCTAGGCAGTCA-1_GSM4013386,17
GACTACATCTATCCCG-1_GSM4013386,17
CACACCTTCTATCGCC-1_GSM4013386,9
GCTGCAGTCATTTGGG-1_GSM4013386,9
AATCGGTAGCATCATC-1_GSM4013386,6
CTGGTCTAGCGTGAGT-1_GSM4013386,17
TAGAGCTGTGGCAAAC-1_GSM4013386,17
TTGCGTCTCCTAGGGC-1_GSM4013386,21
ACACCAATCCGATATG-1_GSM4013386,9
CTGGTCTCAGTCTTCC-1_GSM4013386,20
CATTCGCGTTGAGTTC-1_GSM4013386,12
CAGATCACATATGGTC-1_GSM4013386,17
TCAGGATGTACTTGAC-1_GSM4013386,9
AAGGCAGGTTCCAACA-1_GSM4013386,17
TACGGTATCGCGTTTC-1_GSM4013386,17
GTTACAGGTTTCCACC-1_GSM4013386,9
GGTGTTACATCTGGTA-1_GSM4013386,14
TGCACCTAGTGTCCCG-1_GSM4013386,20
AACTCAGTCTTAGAGC-1_GSM4013386,17
GCTTCCATCTACCAGA-1_GSM4013386,21
AGGGATGCAATAGCGG-1_GSM4013386,21
GGATGTTAGCACCGTC-1_GSM4013386,8
GGATGTTCAAGCTGAG-1_GSM4013386,21
TACGGATTCTGTCAAG-1_GSM4013386,12
CTCCTAGTCTGAGGGA-1_GSM4013386,9
CCAGCGAAGCTGTCTA-1_GSM4013386,20
CACACCTAGGACTGGT-1_GSM4013386,17
GATGCTATCAGCTTAG-1_GSM4013386,17
GGCGTGTGTCGAGTTT-1_GSM4013386,17
GGTGTTAAGCGCTTAT-1_GSM4013386,17
GTCTTCGTCGGAGGTA-1_GSM4013386,20
TTCTCCTGTACGACCC-1_GSM4013386,17
ACACTGAAGTCATCCA-1_GSM4013386,12
TGGCTGGGTACTCTCC-1_GSM4013386,17
GCGCGATCACAGCGTC-1_GSM4013386,6
CAGAGAGTCTTTACGT-1_GSM4013386,17
GCTCTGTCAGTCGATT-1_GSM4013386,17
TAAGAGATCCAAATGC-1_GSM4013386,17
CACACTCCAATGAAAC-1_GSM4013386,17
TGAAAGAAGGGAGTAA-1_GSM4013386,10
GCATGATGTATCACCA-1_GSM4013386,17
TCACGAACATTAACCG-1_GSM4013386,21
GCTGGGTGTAAACACA-1_GSM4013386,17
GGAAAGCCATCGATTG-1_GSM4013386,1
CTCCTAGTCGTTTATC-1_GSM4013386,17
GAAATGATCAAACGGG-1_GSM4013386,21
CATCGAATCGCCTGTT-1_GSM4013386,21
GACGCGTTCATGGTCA-1_GSM4013386,17
CAGCTGGCATTGGGCC-1_GSM4013386,20
CCACCTAGTTCCAACA-1_GSM4013386,21
CGACCTTGTGTGAATA-1_GSM4013386,20
TTTACTGTCATCGATG-1_GSM4013386,17
CATCAAGGTCAGATAA-1_GSM4013386,17
CCTTCCCGTTGAGTTC-1_GSM4013386,17
AGAGCGACACCTCGTT-1_GSM4013386,17
GACGTGCTCACGAAGG-1_GSM4013386,17
AGTTGGTTCGGTTCGG-1_GSM4013386,6
GCGAGAAGTCAGCTAT-1_GSM4013386,17
GAATGAACAATAACGA-1_GSM4013386,6
CCCTCCTAGATCCTGT-1_GSM4013386,20
CGGAGTCTCGCCAAAT-1_GSM4013386,3
GCCTCTATCTTTACAC-1_GSM4013386,17
TAGAGCTGTGTTGGGA-1_GSM4013386,17
ACACTGACAAGCCATT-1_GSM4013386,9
CAAGTTGCAGGGTACA-1_GSM4013386,20
CTCTGGTGTGCAGGTA-1_GSM4013386,6
TTTATGCCAGGCTGAA-1_GSM4013386,21
CCCAGTTAGCCAGTTT-1_GSM4013386,17
CCGGGATCAAGCGCTC-1_GSM4013386,17
TCTCATATCGTTTGCC-1_GSM4013386,1
ACGATGTGTAGCGTAG-1_GSM4013386,6
CCTACACTCCAAACAC-1_GSM4013386,17
ATTTCTGCATGGAATA-1_GSM4013386,17
ATGAGGGGTTGCGTTA-1_GSM4013386,17
CAGTAACCACCGTTGG-1_GSM4013386,17
GCTGCTTAGCCAACAG-1_GSM4013386,17
TACAGTGGTGGTAACG-1_GSM4013386,20
CAACCTCTCACAATGC-1_GSM4013386,9
AGTGGGAAGGGTGTTG-1_GSM4013386,17
GGTATTGCATAACCTG-1_GSM4013386,17
TGACGGCTCGAACGGA-1_GSM4013386,12
CCACTACCAGATCCAT-1_GSM4013386,17
GACTACAGTGACAAAT-1_GSM4013386,17
TAAGAGACATGCATGT-1_GSM4013386,6
ATCGAGTGTGCAGTAG-1_GSM4013386,17
AAAGTAGCAAGCCTAT-1_GSM4013386,17
CGAACATTCATCGCTC-1_GSM4013386,17
ATCATGGAGAGGTTGC-1_GSM4013386,21
TTGCGTCGTACCGTTA-1_GSM4013386,16
CAAGATCTCAACACAC-1_GSM4013386,10
GATCTAGAGTGGAGTC-1_GSM4013386,17
CTAATGGTCTCGTTTA-1_GSM4013386,8
CTGTTTAGTCCGACGT-1_GSM4013386,20
ACTTACTCACTTCTGC-1_GSM4013386,8
CGTCTACAGAACAATC-1_GSM4013386,20
TTCGGTCCAATGAATG-1_GSM4013386,17
ACTGTCCTCGGTGTTA-1_GSM4013386,17
CAGAGAGTCAGCTTAG-1_GSM4013386,20
GATCGCGTCTTGTATC-1_GSM4013386,17
CACATTTCAATCACAC-1_GSM4013386,17
CTCTGGTGTCTGCGGT-1_GSM4013386,17
TGCCAAAAGAAGCCCA-1_GSM4013386,3
AGGGAGTCACCCATTC-1_GSM4013386,17
GTCACAATCAGAGACG-1_GSM4013386,16
CACAAACGTGTAAGTA-1_GSM4013386,17
GGAAAGCTCACAAACC-1_GSM4013386,12
TCTGAGATCGCGTTTC-1_GSM4013386,17
CCGGGATGTTCGCTAA-1_GSM4013386,17
GCATGATTCTACTTAC-1_GSM4013386,4
CTGCTGTAGACTGGGT-1_GSM4013386,17
CGTTAGAAGTACTTGC-1_GSM4013386,17
TACGGGCAGAGTCGGT-1_GSM4013386,5
TGTGGTATCTCTGCTG-1_GSM4013386,21
ATAACGCAGGTAGCCA-1_GSM4013386,21
TTTGCGCAGCTGGAAC-1_GSM4013386,5
CTGCTGTAGCGTTCCG-1_GSM4013386,12
GGACAAGGTCATATGC-1_GSM4013386,16
TGATTTCGTCGGCACT-1_GSM4013386,9
TCGAGGCAGGTAGCCA-1_GSM4013386,20
CACATTTGTCGAATCT-1_GSM4013386,9
CGTGTCTTCAGCTGGC-1_GSM4013386,20
TTCGGTCTCCGCGTTT-1_GSM4013386,17
AGCGGTCTCCTGTAGA-1_GSM4013386,9
CTACATTCAGCTATTG-1_GSM4013386,17
TCAGGTAGTTATCGGT-1_GSM4013386,21
AGCAGCCCATACGCCG-1_GSM4013386,5
CCCTCCTAGTTGCAGG-1_GSM4013386,6
CCTTACGCACGGCCAT-1_GSM4013386,17
TTGGCAAGTAGTAGTA-1_GSM4013386,1
CTCGTCACAGAAGCAC-1_GSM4013386,9
TGCCCTAGTATGAAAC-1_GSM4013386,3
CGATGGCTCGATCCCT-1_GSM4013386,12
AAAGCAATCGACAGCC-1_GSM4013386,17
ATGAGGGTCAGGCGAA-1_GSM4013386,17
ACGGGCTAGCGATATA-1_GSM4013386,8
GCGCAACTCCTTAATC-1_GSM4013386,17
TGACTAGAGAGCTGGT-1_GSM4013386,9
CAGAATCCAGCCTTTC-1_GSM4013386,1
GGGCATCCAAAGAATC-1_GSM4013386,17
ACGCCGAAGTAGATGT-1_GSM4013386,20
GACAGAGCATCCGGGT-1_GSM4013386,17
CATATTCTCTGTACGA-1_GSM4013386,17
TCGGTAATCGTAGGAG-1_GSM4013386,9
TCGCGTTGTTAAGACA-1_GSM4013386,17
CAGCTGGTCCTCTAGC-1_GSM4013386,20
CCTCAGTCATGCCTAA-1_GSM4013386,9
CGTAGGCTCCGCTGTT-1_GSM4013386,17
GACGGCTTCTACCAGA-1_GSM4013386,5
TGGACGCAGATAGTCA-1_GSM4013386,17
AAGACCTTCATGTCCC-1_GSM4013386,20
TCTGAGAAGATGCCTT-1_GSM4013386,17
CGGAGTCCAGCCAATT-1_GSM4013386,17
TGGTTAGTCACTATTC-1_GSM4013386,20
GTGCTTCCACCGATAT-1_GSM4013386,17
TTGTAGGCACGGTTTA-1_GSM4013386,17
TCGGTAACAGGGAGAG-1_GSM4013386,21
AGATTGCTCCATGCTC-1_GSM4013386,10
CACAGGCTCTTGAGAC-1_GSM4013386,17
GATCAGTCACGAAAGC-1_GSM4013386,14
GTTAAGCTCCTTTCTC-1_GSM4013386,4
CTAGAGTCACCAACCG-1_GSM4013386,17
TGGACGCAGAGCTGGT-1_GSM4013386,17
GAATGAAAGATAGTCA-1_GSM4013386,16
GACGCGTCAGACAGGT-1_GSM4013386,5
CGGACACTCCCGGATG-1_GSM4013386,21
GTCTTCGCAATCTGCA-1_GSM4013386,17
GATGAGGCAAAGCGGT-1_GSM4013386,17
TGGGCGTTCGAATGGG-1_GSM4013386,1
TTCTACACAGACACTT-1_GSM4013386,5
CTCGAAACAGGAACGT-1_GSM4013386,20
GTAACTGCAAATTGCC-1_GSM4013386,9
ATCTGCCAGCGAGAAA-1_GSM4013386,17
GTAACTGTCCTGTAGA-1_GSM4013386,21
ACATGGTTCCTCAACC-1_GSM4013386,6
CGAACATCATTAACCG-1_GSM4013386,17
GGATTACAGACTGTAA-1_GSM4013386,1
GAAACTCAGAGGGATA-1_GSM4013386,20
TGACAACAGATGAGAG-1_GSM4013386,20
CCTACACGTCAACTGT-1_GSM4013386,21
CTTAGGAAGTCCATAC-1_GSM4013386,17
AGGGTGAGTCCAAGTT-1_GSM4013386,6
AGTTGGTAGAAACGCC-1_GSM4013386,20
GTCTCGTCATAGAAAC-1_GSM4013386,16
AATCCAGCACCGGAAA-1_GSM4013386,17
CTGTGCTCATGTAGTC-1_GSM4013386,12
TGCCCTACATATACCG-1_GSM4013386,1
AGGCCGTAGCAATCTC-1_GSM4013386,17
CGTCAGGCACTGAAGG-1_GSM4013386,17
CTACGTCTCGTCTGCT-1_GSM4013386,16
CACACCTAGCGATCCC-1_GSM4013386,17
GGTATTGGTTGTTTGG-1_GSM4013386,20
CCCTCCTAGATGCGAC-1_GSM4013386,16
TACTCATTCCGCTGTT-1_GSM4013386,17
GGGCACTCATGGTAGG-1_GSM4013386,10
CCCTCCTTCCGTAGTA-1_GSM4013386,16
GGAACTTCACCAGTTA-1_GSM4013386,10
GGGAATGAGGATGCGT-1_GSM4013386,17
AAGGTTCCATCCCATC-1_GSM4013386,9
CCCATACTCGGTCTAA-1_GSM4013386,17
GACCTGGTCAACACAC-1_GSM4013386,1
ACAGCTATCCCGGATG-1_GSM4013386,21
CTAACTTCAATCGGTT-1_GSM4013386,17
AAACGGGCACGTCAGC-1_GSM4013386,20
CTAATGGAGACAGAGA-1_GSM4013386,21
CAACCAAGTAGCGTGA-1_GSM4013386,17
CCCAGTTGTTGAGGTG-1_GSM4013386,9
TGGGAAGTCATCGCTC-1_GSM4013386,21
TACTCATAGCCAGTAG-1_GSM4013386,17
TCACAAGTCAGGCCCA-1_GSM4013386,12
TTGAACGTCCCAGGTG-1_GSM4013386,9
GACCTGGGTACCGGCT-1_GSM4013386,16
TTCTTAGAGCTGCAAG-1_GSM4013386,17
TGCGCAGAGCCGTCGT-1_GSM4013386,5
AGTTGGTGTCTCATCC-1_GSM4013386,9
TTCGGTCGTGAACCTT-1_GSM4013386,17
TACAGTGTCTCGTTTA-1_GSM4013386,1
CCGGGATCAGCTGCAC-1_GSM4013386,17
GGCGTGTAGTTGTCGT-1_GSM4013386,17
GGACAAGTCGCCGTGA-1_GSM4013386,9
CCAGCGATCTCTGCTG-1_GSM4013386,9
GTATTCTGTTTGGCGC-1_GSM4013386,16
CCTTACGGTGTTGAGG-1_GSM4013386,21
AACTCCCAGCCAGTAG-1_GSM4013386,16
CAGCTGGCAGTCACTA-1_GSM4013386,17
GAGCAGACACAGGTTT-1_GSM4013386,12
CTAATGGCAACGCACC-1_GSM4013386,1
TATTACCAGCCGTCGT-1_GSM4013386,5
CATTATCCAGAGTGTG-1_GSM4013386,16
ACGGGTCCACCATCCT-1_GSM4013386,17
CTCGGGATCGACAGCC-1_GSM4013386,17
TCGGTAACATCCGTGG-1_GSM4013386,9
AATCGGTCAACCGCCA-1_GSM4013386,17
GTTAAGCAGCGCTCCA-1_GSM4013386,20
ACGGAGATCGCGTAGC-1_GSM4013386,17
CTTTGCGGTTCTGGTA-1_GSM4013386,16
GAACCTAAGAAGATTC-1_GSM4013386,17
ACGGGCTTCCTCCTAG-1_GSM4013386,1
GACTGCGGTTTAGGAA-1_GSM4013386,17
GTGCGGTGTACTTAGC-1_GSM4013386,16
CTTACCGTCTGAGTGT-1_GSM4013386,3
TAGGCATGTATCAGTC-1_GSM4013386,21
TGTATTCAGGCCCTTG-1_GSM4013386,17
TGAGAGGGTGCGAAAC-1_GSM4013386,17
GCGCAGTGTACCGTAT-1_GSM4013386,20
CGGAGCTTCGCCTGTT-1_GSM4013386,8
GCAAACTAGAGTGAGA-1_GSM4013386,17
AGTGAGGAGCATGGCA-1_GSM4013386,3
TGACTTTTCTCTTATG-1_GSM4013386,17
CTCGAAACATTCCTGC-1_GSM4013386,9
CGATTGAAGGCAGTCA-1_GSM4013386,6
GGAATAAGTTGGTAAA-1_GSM4013386,5
CGTCCATCACTAAGTC-1_GSM4013386,17
GCGCCAAAGGGTGTTG-1_GSM4013386,9
TCTTTCCTCTCCTATA-1_GSM4013386,17
CGGACGTTCGGATGTT-1_GSM4013386,17
GACCAATTCTTGACGA-1_GSM4013386,4
TGTCCCAAGACAATAC-1_GSM4013386,16
CCATGTCTCCGCAGTG-1_GSM4013386,5
AACTTTCTCCCTGACT-1_GSM4013386,9
AAAGTAGCAATGGTCT-1_GSM4013386,17
GCGGGTTAGGCACATG-1_GSM4013386,21
TATCTCACAGTATGCT-1_GSM4013386,5
CTCGTACAGAGCAATT-1_GSM4013386,1
CTCGGGAGTTCAGCGC-1_GSM4013386,17
ATGGGAGAGGGCTTGA-1_GSM4013386,9
TGCTGCTTCAGGCCCA-1_GSM4013386,16
TCTGGAAAGGTGTTAA-1_GSM4013386,9
GCAATCAAGGACTGGT-1_GSM4013386,21
GAACGGATCTTCTGGC-1_GSM4013386,8
AGAGCTTAGCTGAACG-1_GSM4013386,5
GTGGGTCCAAACCCAT-1_GSM4013386,17
GAACCTATCTTACCTA-1_GSM4013386,9
CTGTTTACATCCTTGC-1_GSM4013386,6
CTAACTTCATACGCCG-1_GSM4013386,21
CATATGGCATAAGACA-1_GSM4013386,20
AACTTTCCACGAGAGT-1_GSM4013386,12
ATTCTACCAAGTCTAC-1_GSM4013386,9
CGATGGCCAATCGAAA-1_GSM4013386,17
TAGGCATGTCTAGAGG-1_GSM4013386,16
GTTCATTCAATGACCT-1_GSM4013386,9
ATCCACCTCATGTCTT-1_GSM4013386,17
CCTAAAGCAGGAACGT-1_GSM4013386,16
CGATGTATCAAACCGT-1_GSM4013386,14
TTAGTTCCATATGAGA-1_GSM4013386,20
GCAGTTATCCGCAGTG-1_GSM4013386,20
TCATTTGCAAGTCTGT-1_GSM4013386,8
TCAGATGCATCCGTGG-1_GSM4013386,1
TCTCTAATCCGCATAA-1_GSM4013386,16
ACTTTCACATGAGCGA-1_GSM4013386,1
CCTACACGTGTAATGA-1_GSM4013386,1
TGACTTTCACGCTTTC-1_GSM4013386,17
ACGATACTCTTGCATT-1_GSM4013386,17
CACACTCTCTCTGTCG-1_GSM4013386,5
ATCATCTTCTCAAACG-1_GSM4013386,14
GATTCAGTCAATCTCT-1_GSM4013386,1
GGAGCAAGTATATCCG-1_GSM4013386,10
CTCGTCACAAAGCAAT-1_GSM4013386,5
GAACATCTCGCCAAAT-1_GSM4013386,17
ATCTACTCATTGAGCT-1_GSM4013386,17
GAAACTCCATTACCTT-1_GSM4013386,6
AAATGCCTCATGTAGC-1_GSM4013386,4
GCGCGATAGGTGCTAG-1_GSM4013386,6
CCTACCATCACTGGGC-1_GSM4013386,17
TGGTTAGGTGCTAGCC-1_GSM4013386,1
AACTTTCTCTCCCTGA-1_GSM4013386,5
GCGGGTTGTATAAACG-1_GSM4013386,4
CACAAACTCGTAGATC-1_GSM4013386,17
GAACCTACATGAGCGA-1_GSM4013386,17
GCAGCCACAATCACAC-1_GSM4013386,5
ATGAGGGGTTAAAGAC-1_GSM4013386,5
CCATTCGTCAACGAAA-1_GSM4013386,20
ATTGGACGTGCAGGTA-1_GSM4013386,5
GACGTTAAGCCAGTTT-1_GSM4013386,6
CAACTAGCAAATCCGT-1_GSM4013386,6
ATTATCCGTAGGACAC-1_GSM4013386,9
AACCATGTCTTGGGTA-1_GSM4013386,4
TGGTTCCAGTTCGCGC-1_GSM4013386,1
AGGTCCGCAATCTACG-1_GSM4013386,5
GGACAAGCACTTAACG-1_GSM4013386,17
TGGTTAGTCGAGAACG-1_GSM4013386,17
TGTTCCGAGACTTTCG-1_GSM4013386,21
GGCGTGTTCGGTCTAA-1_GSM4013386,1
GAAGCAGCAGGTCGTC-1_GSM4013386,1
GTTCATTGTCTCCATC-1_GSM4013386,16
GTGCATATCATCGCTC-1_GSM4013386,1
CTGCTGTGTGAGTGAC-1_GSM4013386,21
CAGTCCTTCGACGGAA-1_GSM4013386,17
GTCCTCAGTCACTGGC-1_GSM4013386,21
GAGGTGACAGGGTATG-1_GSM4013386,4
GGAAAGCCACTGCCAG-1_GSM4013386,16
TTTATGCGTATAAACG-1_GSM4013386,9
CGGTTAAAGACCTAGG-1_GSM4013386,1
TGAGCCGGTAGCTTGT-1_GSM4013386,16
GCAATCAAGGCGACAT-1_GSM4013386,17
TACTTGTTCCAGATCA-1_GSM4013386,17
GCTCCTAAGGATCGCA-1_GSM4013386,1
CTTGGCTCAGGGTACA-1_GSM4013386,17
AGCATACGTGGCGAAT-1_GSM4013386,16
GCCAAATAGCTAGCCC-1_GSM4013386,5
GCTGCTTTCCGCATCT-1_GSM4013386,17
CAGAGAGTCACAGGCC-1_GSM4013386,9
AGCATACAGATCACGG-1_GSM4013386,16
TGTGTTTTCGAACGGA-1_GSM4013386,16
ACTATCTTCCCAAGAT-1_GSM4013386,12
GAGCAGAAGAGTTGGC-1_GSM4013386,12
TTAACTCGTAAGGGCT-1_GSM4013386,12
GTCACAAAGACCTAGG-1_GSM4013386,21
CGAGAAGAGAGTGACC-1_GSM4013386,9
CTAGAGTGTCGCATAT-1_GSM4013386,16
TCCCGATGTTCATGGT-1_GSM4013386,17
CTAATGGCATCGACGC-1_GSM4013386,16
CATTATCCACATGGGA-1_GSM4013386,1
GCTGCTTAGACAGACC-1_GSM4013386,16
ACTGAGTAGACTCGGA-1_GSM4013386,16
CTTAACTCACGCCAGT-1_GSM4013386,5
GCGAGAACAAAGGCGT-1_GSM4013386,16
TCAACGAAGGCAATTA-1_GSM4013386,16
TCAGCAATCCAAGTAC-1_GSM4013386,21
GGAATAAAGACTCGGA-1_GSM4013386,4
GTATCTTGTCACAAGG-1_GSM4013386,17
ACGAGCCTCATGTGGT-1_GSM4013386,16
ATTCTACAGAGTACCG-1_GSM4013386,14
ATTATCCAGCGGCTTC-1_GSM4013386,16
CATTATCTCCGCGTTT-1_GSM4013386,16
TGACAACGTATGAATG-1_GSM4013386,6
TTCTTAGAGTAACCCT-1_GSM4013386,16
ACATCAGGTATCACCA-1_GSM4013386,17
CCAGCGAGTACTTGAC-1_GSM4013386,17
AGATCTGAGATCGGGT-1_GSM4013386,20
TACCTTAGTAAGAGGA-1_GSM4013386,16
GATCGATGTAATAGCA-1_GSM4013386,17
TGACAACGTACTCGCG-1_GSM4013386,17
CCTAAAGTCGAGCCCA-1_GSM4013386,20
ACTGAACTCGCTTGTC-1_GSM4013386,9
CCTATTAGTCACTGGC-1_GSM4013386,20
GGCGACTTCTTTAGTC-1_GSM4013386,1
TCATTTGGTCCGAATT-1_GSM4013386,20
GGACAGATCGTTTATC-1_GSM4013386,10
ACTTGTTGTGTGACGA-1_GSM4013386,17
CTCTACGGTCAGGACA-1_GSM4013386,9
GATCGTATCTCGGACG-1_GSM4013386,20
ATCATCTCAGCCAATT-1_GSM4013386,5
TCACGAACAAGCCCAC-1_GSM4013386,8
ATGGGAGTCGGAGCAA-1_GSM4013386,1
AGAGCTTTCCAAGCCG-1_GSM4013386,9
TCGGTAAGTAAGTGGC-1_GSM4013386,16
TACGGGCTCGGATGTT-1_GSM4013386,5
ATAACGCAGTACGCCC-1_GSM4013386,9
ACAGCCGGTGTCTGAT-1_GSM4013386,17
GAACGGAGTGCAACTT-1_GSM4013386,12
CCCAGTTGTGATGTCT-1_GSM4013386,16
TCTGGAATCACGACTA-1_GSM4013386,16
GGAACTTGTCTAAACC-1_GSM4013386,16
CGTGAGCGTCACCTAA-1_GSM4013386,5
ACACTGACAGCTCCGA-1_GSM4013386,1
TGGTTCCCAGACTCGC-1_GSM4013386,17
CTGCTGTGTATGCTTG-1_GSM4013386,17
ACTGAACCACCGAAAG-1_GSM4013386,8
TTGCCGTTCCTCGCAT-1_GSM4013386,8
CGTCAGGCACTGTGTA-1_GSM4013386,17
CTACACCCAACAACCT-1_GSM4013386,9
ACGAGGAAGCTTATCG-1_GSM4013386,17
CGCGTTTCAACCGCCA-1_GSM4013386,1
CAGGTGCAGGAGTAGA-1_GSM4013386,4
AAAGTAGAGTGTTGAA-1_GSM4013386,17
CTTACCGTCCGGCACA-1_GSM4013386,9
GTCACGGAGCTCCCAG-1_GSM4013386,6
CAGAATCGTAATAGCA-1_GSM4013386,9
GCAGCCAAGATGTGGC-1_GSM4013386,21
ACGGGCTCAGTTAACC-1_GSM4013386,16
CTTACCGCAAGCCTAT-1_GSM4013386,16
ATCATCTAGCTTTGGT-1_GSM4013386,16
GCGCGATTCCCAAGTA-1_GSM4013386,17
TACCTATTCATCGGAT-1_GSM4013386,9
GCTGCGAAGCACAGGT-1_GSM4013386,20
CATCCACTCGGCGCTA-1_GSM4013386,5
ACTTTCAGTAGCGTCC-1_GSM4013386,9
TTAACTCAGTCGTACT-1_GSM4013386,17
CTAGTGACAGGCTCAC-1_GSM4013386,1
TAGTTGGCACGAAACG-1_GSM4013386,14
CTGGTCTTCTCGAGTA-1_GSM4013386,20
GCGCAACTCAATACCG-1_GSM4013386,17
ATTATCCCATTTGCCC-1_GSM4013386,16
CCCTCCTAGTACTTGC-1_GSM4013386,9
AGGTCATTCACTATTC-1_GSM4013386,1
CGAATGTGTACCGCTG-1_GSM4013386,16
GTGCATACAAACGCGA-1_GSM4013386,1
CTAATGGCATATGGTC-1_GSM4013386,16
CGACCTTGTGTATGGG-1_GSM4013386,16
CACACCTGTCTCACCT-1_GSM4013386,20
ACGGCCATCCTTGCCA-1_GSM4013386,1
GTGCAGCGTTTAAGCC-1_GSM4013386,5
TATCAGGGTCAATACC-1_GSM4013386,10
TGCGGGTCACGGTGTC-1_GSM4013386,16
GGCGTGTCAATACGCT-1_GSM4013386,4
CGGACACCAGATCGGA-1_GSM4013386,9
GGCCGATAGGACACCA-1_GSM4013386,1
TCAGCTCTCTCCTATA-1_GSM4013386,16
CTCATTATCCCTGACT-1_GSM4013386,16
ACGGCCATCACCAGGC-1_GSM4013386,8
TAAGTGCCACAGGAGT-1_GSM4013386,17
TAGAGCTTCGGTGTCG-1_GSM4013386,4
GCTTGAATCATATCGG-1_GSM4013386,10
TGGGAAGTCGCTGATA-1_GSM4013386,17
CGATGGCGTGAACCTT-1_GSM4013386,12
AATCGGTAGGAGTCTG-1_GSM4013386,14
AATCGGTGTACACCGC-1_GSM4013386,1
ATCATCTAGAATTGTG-1_GSM4013386,3
GCTGGGTGTGCGATAG-1_GSM4013386,17
GTGCTTCCAGATCGGA-1_GSM4013386,8
CAGGTGCTCAACGGGA-1_GSM4013386,16
ACCTTTACAGTCAGAG-1_GSM4013386,8
ACCGTAAAGAGGACGG-1_GSM4013386,9
GCTGCTTGTACGCTGC-1_GSM4013386,9
ATCCACCGTATTAGCC-1_GSM4013386,4
CTGAAGTCATCGATGT-1_GSM4013386,16
GTCACAAAGCAGGTCA-1_GSM4013386,14
GGGACCTTCCGCAAGC-1_GSM4013386,1
CAACCAAGTCCCGACA-1_GSM4013386,16
TCAGCTCCAGTTTACG-1_GSM4013386,21
ACACCCTCATACTCTT-1_GSM4013386,4
CTTCTCTGTATCAGTC-1_GSM4013386,16
GGGACCTGTTGCCTCT-1_GSM4013386,1
CATCGAAGTACTCTCC-1_GSM4013386,12
TGGACGCTCATTATCC-1_GSM4013386,16
AACTCTTCAGTTCATG-1_GSM4013386,20
CTCTACGGTTACAGAA-1_GSM4013386,1
GTGAAGGAGCTATGCT-1_GSM4013386,17
TCAGCTCGTCGTGGCT-1_GSM4013386,17
TCAGGATTCAGCTGGC-1_GSM4013386,17
CAGGTGCTCCTTTCGG-1_GSM4013386,16
TGGACGCCAGCGAACA-1_GSM4013386,16
TCAATCTAGCTTTGGT-1_GSM4013386,5
ACAGCCGGTCCGTGAC-1_GSM4013386,17
TGTATTCAGTTCGATC-1_GSM4013386,9
ACACTGATCAGCTCTC-1_GSM4013386,8
TCGCGTTGTGCGATAG-1_GSM4013386,16
CGCTATCCAAGCGTAG-1_GSM4013386,14
GGTGCGTCAATTCCTT-1_GSM4013386,20
ACTGTCCCATGCAACT-1_GSM4013386,1
TTGACTTCATACTCTT-1_GSM4013386,8
ATCACGACATTGGGCC-1_GSM4013386,6
TTAGTTCCAGGTTTCA-1_GSM4013386,14
TGCTGCTAGTGTACCT-1_GSM4013386,5
CGAGCACTCGGTCCGA-1_GSM4013386,1
CAGCATACATAGTAAG-1_GSM4013386,16
TAGCCGGAGCTAGGCA-1_GSM4013386,10
AAGGTTCCATCACGTA-1_GSM4013386,8
GATCAGTAGTAGCGGT-1_GSM4013386,20
TACCTATTCACAGTAC-1_GSM4013386,9
CATCGAATCAAACCAC-1_GSM4013386,1
CGAATGTGTTAGTGGG-1_GSM4013386,6
GTACTCCAGTGTACCT-1_GSM4013386,4
CGCTTCACAGTAAGAT-1_GSM4013386,10
TGAGGGAGTGAAATCA-1_GSM4013386,1
ATCTACTTCTGCCAGG-1_GSM4013386,1
CCCAGTTTCCACGTGG-1_GSM4013386,8
ACTGTCCGTCAATACC-1_GSM4013386,9
ACTGATGCAAGCCTAT-1_GSM4013386,5
TACTTACCACGAAGCA-1_GSM4013386,5
GCGCAGTTCAGAGACG-1_GSM4013386,1
CGAGCCAGTACAGTGG-1_GSM4013386,9
AGTGTCAAGAGTCTGG-1_GSM4013386,21
GTGGGTCAGTGCGTGA-1_GSM4013386,17
CGACTTCTCGGTTCGG-1_GSM4013386,20
TTAGGCATCACTTCAT-1_GSM4013386,16
GTGTTAGTCCACTCCA-1_GSM4013386,3
ATCACGATCGTGTAGT-1_GSM4013386,20
CAAGTTGCAGCTGCAC-1_GSM4013386,8
CCCATACGTGACTACT-1_GSM4013386,3
GCAGTTATCATGTCTT-1_GSM4013386,16
ACGGGCTTCTCAACTT-1_GSM4013386,4
ACACCCTTCCTTTCGG-1_GSM4013386,9
AGCGTATAGAATAGGG-1_GSM4013386,12
GTGCTTCCAAACCCAT-1_GSM4013386,17
ATCGAGTAGGCGACAT-1_GSM4013386,8
TAGAGCTAGCTAACAA-1_GSM4013386,1
AGAGCTTAGAATTGTG-1_GSM4013386,20
TTAGGACGTTACGGAG-1_GSM4013386,8
CGGACTGCAATGGAGC-1_GSM4013386,9
CACAGTAGTAAGAGAG-1_GSM4013386,14
GGACATTAGTGTGGCA-1_GSM4013386,8
GTCAAGTCAGTCACTA-1_GSM4013386,8
TGTGTTTAGAAAGTGG-1_GSM4013386,16
CGAACATGTAGCTCCG-1_GSM4013386,8
CAAGAAAGTGGTAACG-1_GSM4013386,1
CAGTAACCATCTATGG-1_GSM4013386,8
CGAGCACTCTTGTATC-1_GSM4013386,1
GCTCCTAGTAGAGTGC-1_GSM4013386,10
ACTGCTCTCCGTCAAA-1_GSM4013386,16
GGCGACTCATGCAATC-1_GSM4013386,21
TCGTACCAGCTGCGAA-1_GSM4013386,3
TTTACTGGTGACTACT-1_GSM4013386,1
GACTGCGTCTCACATT-1_GSM4013386,5
GTTAAGCAGCCAGTTT-1_GSM4013386,12
ATTATCCTCAGTCCCT-1_GSM4013386,8
CGAGAAGGTCACAAGG-1_GSM4013386,1
GTGGGTCGTCCAACTA-1_GSM4013386,21
ACCTTTATCTTGACGA-1_GSM4013386,8
GTGCATATCAGAGACG-1_GSM4013386,9
CACAGTAAGAATAGGG-1_GSM4013386,9
AGAGTGGTCGCAAGCC-1_GSM4013386,16
TTTCCTCCAGCGATCC-1_GSM4013386,8
CCTTACGGTGTGACGA-1_GSM4013386,17
AGCCTAAGTCCTAGCG-1_GSM4013386,9
GATGCTAGTACGCACC-1_GSM4013386,20
TACGGTAGTTACAGAA-1_GSM4013386,4
TGAGAGGGTCAGGACA-1_GSM4013386,17
ATAAGAGAGATGAGAG-1_GSM4013386,16
TCCACACCATTCCTGC-1_GSM4013386,1
CAACCAAAGTATCGAA-1_GSM4013386,16
TAAGAGATCCGGCACA-1_GSM4013386,16
CGTGAGCCAGGTTTCA-1_GSM4013386,5
GGCTCGACATCACGAT-1_GSM4013386,9
CGGCTAGAGTGTTGAA-1_GSM4013386,14
GGCGACTAGCTCCTCT-1_GSM4013386,6
TGTCCCAGTGTGCCTG-1_GSM4013386,20
CTCATTACAGCATACT-1_GSM4013386,8
AGAATAGCAGGACGTA-1_GSM4013386,1
CACAGGCTCACGAAGG-1_GSM4013386,5
CAACTAGGTTGTACAC-1_GSM4013386,12
CCATTCGCACGAGAGT-1_GSM4013386,5
TTTGTCATCTTAACCT-1_GSM4013386,8
GGTGAAGGTCAGTGGA-1_GSM4013386,8
GCACTCTGTTCACGGC-1_GSM4013386,8
ATCATCTCACCTTGTC-1_GSM4013386,16
GACCTGGTCAGTTCGA-1_GSM4013386,16
CTAGAGTAGGGTCGAT-1_GSM4013386,8
CGATTGATCTCGTATT-1_GSM4013386,8
TGTGTTTAGCGGCTTC-1_GSM4013386,4
TATTACCTCATCACCC-1_GSM4013386,16
CAGCCGAAGACAAGCC-1_GSM4013386,5
GCGACCATCACCGTAA-1_GSM4013386,17
GTACTTTTCCAGGGCT-1_GSM4013386,16
CAAGAAAGTCAGAAGC-1_GSM4013386,8
CGGACGTAGCCCAACC-1_GSM4013386,20
TGCGTGGGTAAGTGGC-1_GSM4013386,12
GGTGTTAAGGATTCGG-1_GSM4013386,12
TCGGTAAAGGCTCATT-1_GSM4013386,1
TGGACGCGTAGTGAAT-1_GSM4013386,5
CTGTTTAGTCTCCACT-1_GSM4013386,12
AAATGCCTCGTTGACA-1_GSM4013386,8
TATCTCATCTTGAGGT-1_GSM4013386,16
GGCTCGAAGCAAATCA-1_GSM4013386,1
GGGAATGGTGGCGAAT-1_GSM4013386,9
TAAACCGGTTCATGGT-1_GSM4013386,15
CGTAGGCCATTGGGCC-1_GSM4013386,8
AACTGGTGTTCACCTC-1_GSM4013386,12
CCCAATCGTGTCGCTG-1_GSM4013386,21
CAGAATCCAATCACAC-1_GSM4013386,17
GACTACATCACTATTC-1_GSM4013386,1
TGTGTTTTCTGGTATG-1_GSM4013386,17
ACTGCTCAGGCGTACA-1_GSM4013386,20
GACACGCCAGGGTTAG-1_GSM4013386,12
GGCGACTCAATCGAAA-1_GSM4013386,20
ACACCAAGTTGCTCCT-1_GSM4013386,5
TGGCCAGGTTCTGAAC-1_GSM4013386,12
CTAATGGTCACGACTA-1_GSM4013386,6
TACGGATAGTGAACAT-1_GSM4013386,20
GTCACGGTCACAGGCC-1_GSM4013386,8
GCTGCGACAGTGGGAT-1_GSM4013386,12
GCATGATTCAGGTTCA-1_GSM4013386,12
GGACAAGTCGGTTCGG-1_GSM4013386,4
GGGTTGCGTATCTGCA-1_GSM4013386,9
TTCTACAGTGCATCTA-1_GSM4013386,21
TGGCTGGGTCTCTCGT-1_GSM4013386,8
CGTCAGGCAAACCCAT-1_GSM4013386,14
AGTGTCAAGATGGGTC-1_GSM4013386,8
TGAGGGATCTGGTATG-1_GSM4013386,17
TACCTATTCAGGTAAA-1_GSM4013386,16
TACTTGTGTAAGCACG-1_GSM4013386,16
CTTAGGAAGGACAGCT-1_GSM4013386,8
TCAGATGGTAGCCTCG-1_GSM4013386,1
TTTCCTCAGTCCATAC-1_GSM4013386,12
TCGAGGCGTCCGAAGA-1_GSM4013386,14
CAGTCCTTCTCAAGTG-1_GSM4013386,16
GTTCTCGAGGCTCAGA-1_GSM4013386,9
CGTGTAATCAGCATGT-1_GSM4013386,9
CAACCTCAGTCATCCA-1_GSM4013386,17
TTAGTTCTCAATCTCT-1_GSM4013386,1
GTACTTTCACAGATTC-1_GSM4013386,6
TCAGATGGTAATAGCA-1_GSM4013386,1
ATGTGTGGTCGACTGC-1_GSM4013386,17
AGCGTCGGTATAATGG-1_GSM4013386,17
TATCAGGCAGCTTCGG-1_GSM4013386,1
AAGCCGCTCTCTGAGA-1_GSM4013386,21
TTCTCAAGTTCATGGT-1_GSM4013387,2
CCTAGCTAGAAGGCCT-1_GSM4013387,2
AAATGCCAGCTAGTTC-1_GSM4013387,2
GTATTCTAGACGCTTT-1_GSM4013387,0
CATGGCGGTCACAAGG-1_GSM4013387,0
GATCTAGGTGCGCTTG-1_GSM4013387,2
GTCACAAAGCTCAACT-1_GSM4013387,0
CTCGTACTCCTGCAGG-1_GSM4013387,0
CATCCACTCAGAAATG-1_GSM4013387,0
CGGACACAGCTAAACA-1_GSM4013387,2
TTGCGTCAGAGCTATA-1_GSM4013387,5
CTAATGGTCTGCCAGG-1_GSM4013387,0
TCAGCTCTCGCATGAT-1_GSM4013387,0
CATTCGCGTATCAGTC-1_GSM4013387,0
GATCAGTTCTGCTTGC-1_GSM4013387,12
GATCAGTTCTCGCTTG-1_GSM4013387,0
TTGCCGTTCTACGAGT-1_GSM4013387,0
GTCTTCGAGCGCCTTG-1_GSM4013387,0
TAGTGGTTCTGTCTCG-1_GSM4013387,0
CCTAGCTAGGGCATGT-1_GSM4013387,2
GGAAAGCAGCCAGAAC-1_GSM4013387,0
GCTGCGATCTGTGCAA-1_GSM4013387,0
CACATTTGTCGGGTCT-1_GSM4013387,0
ATTACTCAGTATCGAA-1_GSM4013387,4
CCTTACGAGATGCCAG-1_GSM4013387,0
CTGTTTAAGGACTGGT-1_GSM4013387,2
CGATTGATCTTGTATC-1_GSM4013387,0
GTAACTGAGTGGTCCC-1_GSM4013387,0
CCAGCGATCTTCGAGA-1_GSM4013387,0
GCAATCAGTCGCGGTT-1_GSM4013387,0
CTCATTACAACTGCTA-1_GSM4013387,0
CAGTCCTAGAGTGAGA-1_GSM4013387,14
TCTCTAATCTGTTGAG-1_GSM4013387,0
CGATGTAGTCAACATC-1_GSM4013387,4
CTAGTGACAAACCTAC-1_GSM4013387,12
ATCATCTCACATTTCT-1_GSM4013387,12
CGAATGTGTCTCTCGT-1_GSM4013387,5
CGCGGTAGTGCGCTTG-1_GSM4013387,0
GCCAAATAGACGCACA-1_GSM4013387,0
TGGCGCACAGAGTGTG-1_GSM4013387,0
TCGGGACTCAATCACG-1_GSM4013387,0
CTAAGACTCTATCCCG-1_GSM4013387,5
TAAGCGTGTAGGACAC-1_GSM4013387,0
GGCTCGATCGCCAAAT-1_GSM4013387,0
CTGTTTATCCATGCTC-1_GSM4013387,5
CTGATCCTCATATCGG-1_GSM4013387,5
CAGTAACCATGCAACT-1_GSM4013387,0
TGCGTGGCATTGGCGC-1_GSM4013387,4
GACTACAAGCCCAGCT-1_GSM4013387,7
CAGCAGCTCCTATTCA-1_GSM4013387,7
CATCAGAAGCCATCGC-1_GSM4013387,0
TGACTAGCATATACCG-1_GSM4013387,5
GACCAATCAGCCAATT-1_GSM4013387,7
TGCGCAGCACAAGTAA-1_GSM4013387,12
CATTCGCCACCAACCG-1_GSM4013387,7
TTGGCAACATCCTTGC-1_GSM4013387,0
GGACAAGTCTTCCTTC-1_GSM4013387,7
ACACTGAGTTACTGAC-1_GSM4013387,0
TGTTCCGTCACGATGT-1_GSM4013387,7
AATCGGTTCCGCATCT-1_GSM4013387,7
CAGCCGACAGCATGAG-1_GSM4013387,7
CTGCCTAAGGCGACAT-1_GSM4013387,7
ATAACGCGTTCTGGTA-1_GSM4013387,0
CACAGGCGTTAAGGGC-1_GSM4013387,5
AAACGGGAGGAATCGC-1_GSM4013387,7
TACGGTAGTGTTAAGA-1_GSM4013387,0
ACTGTCCTCCAACCAA-1_GSM4013387,0
TAGGCATTCGCACTCT-1_GSM4013387,0
CCTAAAGCATTACGAC-1_GSM4013387,5
CTACCCAAGTATCTCG-1_GSM4013387,12
TCTTCGGTCGTCTGAA-1_GSM4013387,0
GAACGGAGTTTGTTGG-1_GSM4013387,7
CTACCCATCTGCTTGC-1_GSM4013387,7
GTATTCTTCAGCGACC-1_GSM4013387,12
TCTATTGTCTCACATT-1_GSM4013387,0
CAACTAGCATTTCACT-1_GSM4013387,5
ACGCCGAAGGCAGGTT-1_GSM4013387,7
ACGATACAGAATGTTG-1_GSM4013387,5
ATGCGATTCGAGAGCA-1_GSM4013387,11
CACCAGGGTAGAGGAA-1_GSM4013387,0
CTCGTACAGCTGAACG-1_GSM4013387,7
CTAGAGTCAACTGCGC-1_GSM4013387,7
GACGGCTAGTACGTTC-1_GSM4013387,7
GATGAAAGTCTTTCAT-1_GSM4013387,7
GCGCAGTAGCGACGTA-1_GSM4013387,0
AACTTTCTCATGCAAC-1_GSM4013387,0
GTATTCTTCACGCATA-1_GSM4013387,5
TTGCCGTCATTTCACT-1_GSM4013387,7
AAGACCTCATCTCGCT-1_GSM4013387,7
GGCCGATCATGATCCA-1_GSM4013387,0
CCCATACCACGCTTTC-1_GSM4013387,7
TTGGCAAGTCGCATCG-1_GSM4013387,7
ACCCACTCAAGTAATG-1_GSM4013387,7
CCCATACTCTTCAACT-1_GSM4013387,7
TCGTAGACACCGTTGG-1_GSM4013387,0
TTAACTCGTAGCTCCG-1_GSM4013387,1
AACGTTGTCATCTGTT-1_GSM4013387,12
GGCCGATAGTCATGCT-1_GSM4013387,5
TAGACCAGTCTCAACA-1_GSM4013387,0
AGTGTCAGTAGCGCTC-1_GSM4013387,7
CTAGCCTTCTCAAACG-1_GSM4013387,0
CTACGTCCAGCTCGCA-1_GSM4013387,7
AAAGTAGTCACTCTTA-1_GSM4013387,0
GGGTTGCCACGGCTAC-1_GSM4013387,0
CCACCTATCTCATTCA-1_GSM4013387,7
ACGCAGCGTGCACCAC-1_GSM4013387,7
TGACTAGTCACTTACT-1_GSM4013387,4
CCATGTCTCCTGCAGG-1_GSM4013387,7
AGCCTAACAGCAGTTT-1_GSM4013387,0
GACTAACCAATTCCTT-1_GSM4013387,0
GGTGTTAGTACGCTGC-1_GSM4013387,10
ACGATGTTCGTTTATC-1_GSM4013387,7
GTATCTTTCCTGTACC-1_GSM4013387,0
AACCATGTCGTTTGCC-1_GSM4013387,7
CCCATACTCCAACCAA-1_GSM4013387,5
AACTCTTGTCGATTGT-1_GSM4013387,7
TCAGGTACAAGCTGAG-1_GSM4013387,0
GCACTCTGTAGAAGGA-1_GSM4013387,7
GGTGCGTTCCAGATCA-1_GSM4013387,7
CGGTTAAAGTGTGGCA-1_GSM4013387,0
AACACGTGTCATACTG-1_GSM4013387,7
GTTCGGGAGCTTTGGT-1_GSM4013387,7
CGGACTGTCTGTCAAG-1_GSM4013387,5
CTACGTCTCGGCGGTT-1_GSM4013387,5
GGCAATTTCTGTCTAT-1_GSM4013387,5
ACAGCCGAGAGACTAT-1_GSM4013387,12
TTTATGCTCAGAGGTG-1_GSM4013387,0
CATTATCAGCATGGCA-1_GSM4013387,7
ACGAGGAAGGGAAACA-1_GSM4013387,7
TGATTTCAGCTAAACA-1_GSM4013387,0
CAGATCACAAAGCAAT-1_GSM4013387,7
CCACCTAAGTGAACAT-1_GSM4013387,0
ACACCCTAGATCCGAG-1_GSM4013387,7
CCTAAAGAGGACCACA-1_GSM4013387,7
CAAGATCCAAGTTAAG-1_GSM4013387,7
GCTCCTAAGATAGTCA-1_GSM4013387,7
TACGGTAGTCCCTTGT-1_GSM4013387,0
ACGGCCATCCCTTGTG-1_GSM4013387,7
CTGCTGTCAGGGTTAG-1_GSM4013387,0
TGGTTAGAGTAGCCGA-1_GSM4013387,0
CCTCTGAAGCCTCGTG-1_GSM4013387,0
GCTGGGTTCTTTACGT-1_GSM4013387,0
TGTGGTAAGTTAACGA-1_GSM4013387,0
AGTAGTCAGTGTGGCA-1_GSM4013387,0
CGTTAGACATTGTGCA-1_GSM4013387,0
CGTGAGCGTACGCACC-1_GSM4013387,7
GTCATTTTCTGCAAGT-1_GSM4013387,0
GACTAACAGTAGTGCG-1_GSM4013387,0
GTTTCTAGTCGGCACT-1_GSM4013387,7
TATCAGGCAATCCGAT-1_GSM4013387,0
CCTCTGATCCTACAGA-1_GSM4013387,7
ACGGCCATCATTTGGG-1_GSM4013387,7
AGCCTAAGTCAGAAGC-1_GSM4013387,0
AACTCAGTCGTGACAT-1_GSM4013387,0
CACAGTAAGAAACCTA-1_GSM4013387,0
CGGAGTCAGGAATGGA-1_GSM4013387,7
GTTCGGGGTTCCAACA-1_GSM4013387,7
CACCTTGGTCACACGC-1_GSM4013387,0
CATCGAAGTGACGCCT-1_GSM4013387,5
ACTTACTAGGAATGGA-1_GSM4013387,5
AACCATGGTTAGTGGG-1_GSM4013387,0
TGGTTAGTCATGCAAC-1_GSM4013387,5
GGCAATTAGTAGTGCG-1_GSM4013387,7
CAAGGCCTCGCCATAA-1_GSM4013387,7
CCTTCCCGTCCTGCTT-1_GSM4013387,7
TGTGTTTCATGTTCCC-1_GSM4013387,7
TACACGAGTTCCATGA-1_GSM4013387,0
CGTGTCTTCGTGTAGT-1_GSM4013387,7
GGAATAATCGTATCAG-1_GSM4013387,12
CGAATGTAGACAGAGA-1_GSM4013387,0
CAGGTGCTCGGGAGTA-1_GSM4013387,0
CCCAGTTCACTTGGAT-1_GSM4013387,7
TCATTACCACAGGAGT-1_GSM4013387,0
AGATCTGGTATCAGTC-1_GSM4013387,11
TGAGCATCACGTAAGG-1_GSM4013387,0
TATCTCACACATGACT-1_GSM4013387,5
ATAGACCAGTCCTCCT-1_GSM4013387,7
CGGACACGTCCGCTGA-1_GSM4013387,0
CCACGGAGTGGCCCTA-1_GSM4013387,7
CGAGAAGCAATAGCAA-1_GSM4013387,7
CGCTGGATCCGCGGTA-1_GSM4013387,7
GCACTCTCACATCCGG-1_GSM4013387,11
CTCACACAGCTAAGAT-1_GSM4013387,0
CCCATACCACAACGTT-1_GSM4013387,9
CACAGGCGTTCTGTTT-1_GSM4013387,7
AGTGTCACAACACCTA-1_GSM4013387,7
GAAACTCTCCTATTCA-1_GSM4013387,7
ATCACGAGTGGCTCCA-1_GSM4013387,7
GCATACACATACGCTA-1_GSM4013387,7
ATGCGATAGGAACTGC-1_GSM4013387,7
AATCGGTCATGCCTAA-1_GSM4013387,5
ACCTTTATCTTTACGT-1_GSM4013387,10
ATAAGAGTCATTTGGG-1_GSM4013387,10
GGGCACTAGTCACGCC-1_GSM4013387,5
CAGATCACAATAACGA-1_GSM4013387,0
CACCACTTCCGCATCT-1_GSM4013387,5
CAGAGAGTCGTTGCCT-1_GSM4013387,5
CTACCCAAGCGGATCA-1_GSM4013387,7
TCCCGATCAGTATAAG-1_GSM4013387,12
CGGAGCTCACTGTGTA-1_GSM4013387,0
CAGCTAAAGTTGCAGG-1_GSM4013387,5
GCACTCTAGCGTCTAT-1_GSM4013387,11
ACACCGGTCGAATCCA-1_GSM4013387,7
GATCTAGCATCACCCT-1_GSM4013387,7
AAAGTAGGTACAGACG-1_GSM4013387,5
GAATAAGAGAAGCCCA-1_GSM4013387,0
AGATCTGTCCTAAGTG-1_GSM4013387,7
CCCAGTTCACCAGATT-1_GSM4013387,0
AGTGGGAGTGATGTCT-1_GSM4013387,0
TTCTACACAGGGTACA-1_GSM4013387,12
TTATGCTAGTAGCCGA-1_GSM4013387,5
GGAACTTGTTTAGGAA-1_GSM4013387,5
CCGGTAGTCATTGCGA-1_GSM4013387,0
GCATGATCACAACTGT-1_GSM4013387,5
CAGTAACAGTACCGGA-1_GSM4013387,0
CTCTAATAGTGGAGTC-1_GSM4013387,10
TCGAGGCAGTGTTTGC-1_GSM4013387,6
CGAGCACAGTGCTGCC-1_GSM4013387,12
GTCTTCGAGTAGATGT-1_GSM4013387,15
GGTGTTATCATTCACT-1_GSM4013387,5
CACACTCGTCGGATCC-1_GSM4013387,0
TCAACGACAGTCACTA-1_GSM4013387,7
TGAGGGACAAACGTGG-1_GSM4013387,1
CCTAGCTCAATTCCTT-1_GSM4013387,0
AGCTCTCGTGAAGGCT-1_GSM4013387,7
TACGGATTCACTTATC-1_GSM4013387,7
TGAGAGGTCCTTGACC-1_GSM4013387,7
CTACCCACATCGGGTC-1_GSM4013387,11
GCGGGTTAGGGAAACA-1_GSM4013387,0
GGAAAGCTCAGTTTGG-1_GSM4013387,0
TACTTACCAGTGAGTG-1_GSM4013387,1
CACACTCCACAAGCCC-1_GSM4013387,0
CGTTCTGGTATAATGG-1_GSM4013387,9
CGAGCCATCATGTAGC-1_GSM4013387,7
AACTTTCAGAACTGTA-1_GSM4013387,5
CTGTGCTTCTCGTATT-1_GSM4013387,5
GGACATTCAAGCTGAG-1_GSM4013387,0
ACGGAGATCCATGAAC-1_GSM4013387,7
TAGTTGGAGAGACTAT-1_GSM4013387,0
TTAGTTCTCACCCTCA-1_GSM4013387,13
CTCTACGAGCGATCCC-1_GSM4013387,5
AGATTGCAGTGTACGG-1_GSM4013387,8
GACCTGGAGATGTCGG-1_GSM4013387,0
TCGGTAAAGTGGTCCC-1_GSM4013387,5
TCAGGTAGTGTGGCTC-1_GSM4013387,5
CATGCCTCAGTCCTTC-1_GSM4013387,11
TCTTCGGTCGAACTGT-1_GSM4013387,0
GGACAGAAGCACACAG-1_GSM4013387,8
ACGGAGATCCATGCTC-1_GSM4013387,7
GCTTCCACAAAGCGGT-1_GSM4013387,10
TTAGGCAGTTGATTGC-1_GSM4013387,5
CGAATGTTCGCCGTGA-1_GSM4013387,5
CATCGAATCAGGTAAA-1_GSM4013387,7
TGCTACCAGACTTTCG-1_GSM4013387,7
ACTTGTTCATGACATC-1_GSM4013387,10
ATGGGAGTCTGACCTC-1_GSM4013387,4
TCGTAGAAGACTTTCG-1_GSM4013387,0
GTCGGGTAGGGAACGG-1_GSM4013387,0
CCAATCCCATGACGGA-1_GSM4013387,7
AATCGGTTCAAACCGT-1_GSM4013387,0
GTTCTCGTCCAGAGGA-1_GSM4013387,0
CTGAAACGTCAACATC-1_GSM4013387,7
GTATCTTCATGTTCCC-1_GSM4013387,0
ACACCAAGTGCAACGA-1_GSM4013387,8
CACAGTACACGAAACG-1_GSM4013387,13
TGCGCAGAGCCAACAG-1_GSM4013387,4
CCTTCGAAGACCCACC-1_GSM4013387,5
GGACATTCAGTGGAGT-1_GSM4013387,7
CCTACCAGTACCGGCT-1_GSM4013387,12
TTAGTTCAGAGGTTAT-1_GSM4013387,0
TTTATGCGTTATCACG-1_GSM4013387,15
GGATGTTGTACCGTTA-1_GSM4013387,0
ATTGGTGGTATTAGCC-1_GSM4013387,7
GTGCAGCAGACCGGAT-1_GSM4013387,10
AAGGAGCTCGTACGGC-1_GSM4013387,7
TCTATTGCACATCTTT-1_GSM4013387,7
TGACTAGTCCTTGGTC-1_GSM4013387,3
AGATTGCTCCTCCTAG-1_GSM4013387,8
CATCCACCAATACGCT-1_GSM4013387,7
TGCGCAGGTACACCGC-1_GSM4013387,0
TGACTTTGTTACGGAG-1_GSM4013387,8
GATCTAGAGACCGGAT-1_GSM4013387,1
GTATCTTCACGCATCG-1_GSM4013387,5
TTGCGTCCAAGCGATG-1_GSM4013387,6
AGATCTGAGTCATCCA-1_GSM4013387,9
GACGCGTTCCTCCTAG-1_GSM4013387,8
GTAGTCAGTCCATGAT-1_GSM4013387,8
CGGACTGCACCAGATT-1_GSM4013387,5
CTAATGGGTGACAAAT-1_GSM4013387,1
TCAGGATAGTGAACGC-1_GSM4013387,7
GATCTAGAGACTTTCG-1_GSM4013387,9
TTCTCCTTCGTAGGAG-1_GSM4013387,13
GCCAAATGTTAAGATG-1_GSM4013387,3
GTATCTTTCATGTCTT-1_GSM4013387,8
TTCTCAACAGACGTAG-1_GSM4013387,0
TAGTTGGTCTTGCATT-1_GSM4013387,9
ACGATACGTGCAACGA-1_GSM4013387,0
TTGCCGTAGGCAAAGA-1_GSM4013387,0
TCAGCTCGTACCGCTG-1_GSM4013387,12
CGAGAAGTCTCTAAGG-1_GSM4013387,0
TAGGCATCAATAGCGG-1_GSM4013387,8
CATATTCAGTTGAGAT-1_GSM4013387,9
GTATTCTAGTTAAGTG-1_GSM4013387,12
GAAGCAGTCGACCAGC-1_GSM4013387,0
CTAAGACTCTAACTCT-1_GSM4013387,10
CGCCAAGAGAAACGAG-1_GSM4013387,13
CGATCGGGTTCTGAAC-1_GSM4013387,5
CACAGTAAGAGGTTGC-1_GSM4013387,0
TGTATTCAGAGTACAT-1_GSM4013387,7
TCAGCAAGTGGCGAAT-1_GSM4013387,0
ATTACTCGTATGAATG-1_GSM4013387,10
CCATTCGGTGTGTGCC-1_GSM4013387,0
GATGCTATCTCTTGAT-1_GSM4013387,13
TCAGATGTCTGAGGGA-1_GSM4013387,0
TCCACACCAGGTGGAT-1_GSM4013387,12
CTACGTCAGTACGCGA-1_GSM4013387,9
GCGAGAATCGAACGGA-1_GSM4013387,1
CTCGAGGGTAGCGTAG-1_GSM4013387,6
GCTGCGACACTACAGT-1_GSM4013387,9
TCGTAGACACAGATTC-1_GSM4013387,0
TTGACTTCACGAGGTA-1_GSM4013387,9
AGAGCGAGTCACCTAA-1_GSM4013387,4
GCGACCAGTAGTACCT-1_GSM4013387,8
CCAATCCAGAGGGATA-1_GSM4013387,5
GGCTCGATCCTTAATC-1_GSM4013387,0
AACTGGTTCAGCTCTC-1_GSM4013387,7
TGCGGGTTCCGATATG-1_GSM4013387,0
CTAACTTGTGGCAAAC-1_GSM4013387,8
GCATACACATCTATGG-1_GSM4013387,15
ATCATCTTCCAGAAGG-1_GSM4013387,0
CACACTCAGTACACCT-1_GSM4013387,13
AAAGTAGAGACAGGCT-1_GSM4013387,15
GTCGGGTCACTTCTGC-1_GSM4013387,1
GACGTGCCATCGATGT-1_GSM4013387,0
CTCGGGATCTTACCTA-1_GSM4013387,8
AAGCCGCGTAGTAGTA-1_GSM4013387,1
CCTATTAAGAACAATC-1_GSM4013387,8
TATGCCCTCCACTGGG-1_GSM4013387,8
GGGCATCAGAGGGATA-1_GSM4013387,1
CGACCTTCATATGAGA-1_GSM4013387,0
TCAGATGTCGTTGCCT-1_GSM4013387,1
CGGAGCTCAGATGGCA-1_GSM4013387,6
CACCAGGAGTGGACGT-1_GSM4013387,6
CAGATCATCCATGAAC-1_GSM4013387,8
AACGTTGTCCGTAGGC-1_GSM4013387,6
GTTCTCGGTCGCTTCT-1_GSM4013387,5
ACGCAGCCAATGAATG-1_GSM4013387,8
TTCTCAATCCAGTAGT-1_GSM4013387,9
CGCTATCGTTAAGATG-1_GSM4013387,12
ACGGCCAGTGGTCCGT-1_GSM4013387,8
AATCGGTTCTACCAGA-1_GSM4013387,1
GAACGGAAGCAAATCA-1_GSM4013387,13
AAGCCGCAGATGGCGT-1_GSM4013387,0
TCCACACAGCTAGTTC-1_GSM4013387,9
GCGGGTTGTAGTAGTA-1_GSM4013387,12
CTTGGCTTCCGTAGGC-1_GSM4013387,13
CAAGAAATCATTATCC-1_GSM4013387,13
ACGGGCTAGACTTTCG-1_GSM4013387,5
ACGATACGTCTGATCA-1_GSM4013387,8
TCTATTGCATGCCACG-1_GSM4013387,9
AGCATACCAATAGAGT-1_GSM4013387,13
AAGGCAGCACATCCAA-1_GSM4013387,10
CGTCCATTCGCAAACT-1_GSM4013387,7
GTTTCTATCGAGCCCA-1_GSM4013387,8
ACGCCGACAGACAAGC-1_GSM4013387,0
CGCCAAGTCTCGAGTA-1_GSM4013387,8
AGGGTGACATGAGCGA-1_GSM4013387,13
GCATGCGTCCCTTGCA-1_GSM4013387,11
GGCGTGTCATTGTGCA-1_GSM4013387,7
CAGATCAAGCGTTCCG-1_GSM4013387,7
CTGATCCCATAGGATA-1_GSM4013387,13
GATCTAGTCCGTTGCT-1_GSM4013387,8
ACATGGTTCAGTCAGT-1_GSM4013387,8
GGAACTTCATATACCG-1_GSM4013387,8
AGTCTTTCAGTAAGAT-1_GSM4013387,5
CTACGTCGTGGTCCGT-1_GSM4013387,5
GTAGTCACAGACGCTC-1_GSM4013387,9
TACCTATAGATAGGAG-1_GSM4013387,12
CCTCAGTTCCGAGCCA-1_GSM4013387,0
ACGGGTCTCATAAAGG-1_GSM4013387,8
GTTCATTTCTGATACG-1_GSM4013387,1
TGAAAGAGTTGGGACA-1_GSM4013387,8
CCTAGCTCAAAGGAAG-1_GSM4013387,0
TTGGAACAGTCGATAA-1_GSM4013387,13
TAGAGCTTCTGGTGTA-1_GSM4013387,9
TTTGTCACACCATCCT-1_GSM4013387,0
CAGCGACCAGGTGGAT-1_GSM4013387,15
TTCTCAAAGTCGAGTG-1_GSM4013387,15
TACGGGCGTCTCTTAT-1_GSM4013387,8
ATCCACCTCCCGACTT-1_GSM4013387,13
CGTGTCTAGTTGAGTA-1_GSM4013387,5
TGCCCTACATGTAGTC-1_GSM4013387,5
AAGGTTCCAATAAGCA-1_GSM4013387,11
ACTTGTTTCGTGTAGT-1_GSM4013387,9
GACGTGCTCCCTAATT-1_GSM4013387,15
CTCGAAAGTCATACTG-1_GSM4013387,0
GTATTCTGTAGCGTAG-1_GSM4013387,4
GTTAAGCTCTTTCCTC-1_GSM4013387,11
TCTATTGAGCGTGTCC-1_GSM4013387,9
AAGGAGCTCTACCAGA-1_GSM4013387,15
ACGAGCCCAGGAACGT-1_GSM4013387,9
GGCTGGTGTCCGAAGA-1_GSM4013387,0
TAAGTGCGTACATGTC-1_GSM4013387,0
TTCTTAGGTTTCGCTC-1_GSM4013387,8
GACACGCCATCACAAC-1_GSM4013387,13
ACGGGCTGTACTTGAC-1_GSM4013387,13
TACTCATGTTAAGACA-1_GSM4013387,8
CGGTTAATCTGGCGAC-1_GSM4013387,12
ACTGATGGTTCAGACT-1_GSM4013387,9
CCTTCCCAGCGAAGGG-1_GSM4013387,15
AGTCTTTTCTCCAACC-1_GSM4013387,9
TTAGTTCCAGTGGAGT-1_GSM4013387,9
GCATGTAAGCGTTTAC-1_GSM4013387,8
GATCTAGAGGAATTAC-1_GSM4013387,9
CAGCTGGAGCCGATTT-1_GSM4013387,14
TGACGGCGTCTTCGTC-1_GSM4013387,1
GACTGCGTCACTTATC-1_GSM4013387,9
GGTGAAGTCCGCGGTA-1_GSM4013387,0
TGCCCTAAGTAGCGGT-1_GSM4013387,14
CCCATACTCCGTCATC-1_GSM4013387,8
AGTAGTCGTCTAGCCG-1_GSM4013387,12
CATCGAAAGCTCCTTC-1_GSM4013387,8
CTACGTCCAGCGTAAG-1_GSM4013387,5
TTGGCAACACTTGGAT-1_GSM4013387,5
GGTATTGCAGTTCCCT-1_GSM4013387,6
CTTCTCTGTCATGCCG-1_GSM4013387,8
CTTACCGGTAGCTTGT-1_GSM4013387,1
GTCAAGTGTTGTGGCC-1_GSM4013387,15
AGGCCACAGCCACGCT-1_GSM4013387,13
AGAGTGGGTTAGTGGG-1_GSM4013387,13
AGGTCCGGTCGAGTTT-1_GSM4013387,6
AAACGGGTCTGTCTCG-1_GSM4013387,4
GTGGGTCCAAGGTTCT-1_GSM4013387,0
CTAAGACTCAAAGTAG-1_GSM4013387,5
TGAAAGATCGGCGGTT-1_GSM4013387,15
TCTGGAATCTGGCGTG-1_GSM4013387,8
TAGACCAGTAGCCTAT-1_GSM4013387,15
TTTGGTTGTCGGCACT-1_GSM4013387,13
AGAGCGATCCGATATG-1_GSM4013387,9
TTCTTAGCAGGACGTA-1_GSM4013387,8
CCCAATCTCCTTGGTC-1_GSM4013387,1
AGAGTGGAGCCCAGCT-1_GSM4013387,15
GGGTCTGGTACACCGC-1_GSM4013387,6
GTACTTTAGCGGCTTC-1_GSM4013387,8
CAGAGAGCATCCGCGA-1_GSM4013387,8
GAAGCAGAGGATGCGT-1_GSM4013387,13
ACGCCAGAGTGATCGG-1_GSM4013387,9
CTCACACGTGCGGTAA-1_GSM4013387,13
TGACTAGGTTTGGGCC-1_GSM4013387,9
CGGAGTCCACGGCGTT-1_GSM4013387,12
AGCGGTCGTTCTGGTA-1_GSM4013387,13
GACTACACATACGCCG-1_GSM4013387,9
CGTCAGGCATACAGCT-1_GSM4013387,5
AACGTTGCACGTCTCT-1_GSM4013387,15
TGGCCAGTCGGAGCAA-1_GSM4013387,14
GACCAATCAAGGTTTC-1_GSM4013387,13
AAGGCAGCAGCTGCAC-1_GSM4013387,11
CTGGTCTTCGCCAGCA-1_GSM4013387,1
ATTTCTGGTCAGAAGC-1_GSM4013387,13
CCTTACGAGACCGGAT-1_GSM4013387,13
CAGAGAGGTGGCGAAT-1_GSM4013387,0
TTAGGACGTACACCGC-1_GSM4013387,15
ACACTGATCAAAGTAG-1_GSM4013387,15
TTCCCAGGTAAATGTG-1_GSM4013387,17
TAAGAGAAGATTACCC-1_GSM4013387,13
TGACTAGGTAAGTTCC-1_GSM4013387,9
GGGTCTGGTCAGAAGC-1_GSM4013387,13
AATCGGTTCTCGATGA-1_GSM4013387,11
TCAGATGGTAAACGCG-1_GSM4013387,9
TGAGGGAAGATCGATA-1_GSM4013387,5
AGAGCGAGTGTTTGTG-1_GSM4013387,15
GCAAACTCATCACAAC-1_GSM4013387,13
AGATTGCAGAACAACT-1_GSM4013387,15
CCTCAGTGTTGATTGC-1_GSM4013387,13
TGCGCAGAGGTGATAT-1_GSM4013387,0
ACCAGTATCCTTGACC-1_GSM4013387,5
GATCGTACATCCTTGC-1_GSM4013387,13
GACTAACTCCAGAAGG-1_GSM4013387,1
TTTATGCGTTGGACCC-1_GSM4013387,13
GTTTCTAGTGGCGAAT-1_GSM4013387,12
CACATTTGTATATCCG-1_GSM4013387,8
ACTGATGCACTGTGTA-1_GSM4013387,5
CGTCCATCACCACCAG-1_GSM4013387,13
GGCGACTCAGGAATCG-1_GSM4013387,13
CAGCTGGCATTCTCAT-1_GSM4013387,15
CGGCTAGAGGCACATG-1_GSM4013387,15
TTGACTTGTAAGGGCT-1_GSM4013387,13
ACTGTCCCACGCATCG-1_GSM4013387,4
CAGCTAACACAGATTC-1_GSM4013387,12
AACTCCCCATTCGACA-1_GSM4013387,9
ACATCAGTCTGGAGCC-1_GSM4013387,4
CGAGAAGTCCCGACTT-1_GSM4013387,13
GCACTCTTCACATAGC-1_GSM4013387,10
CATCGAAGTAACGTTC-1_GSM4013387,15
TAGGCATCATATGCTG-1_GSM4013387,6
CACCTTGCATCCCATC-1_GSM4013387,13
GGAATAAAGCCCTAAT-1_GSM4013387,15
TACCTTAGTGCGGTAA-1_GSM4013387,6
AGATCTGGTGCACTTA-1_GSM4013387,15
CGTTGGGAGATGTGTA-1_GSM4013387,4
GTTCGGGAGTGCTGCC-1_GSM4013387,0
GAGGTGACATACCATG-1_GSM4013387,15
ACTGAACCATTGGGCC-1_GSM4013387,8
GCATGATTCATCGGAT-1_GSM4013387,8
CCACTACTCAAAGACA-1_GSM4013387,8
ACTTGTTAGCCTCGTG-1_GSM4013387,5
GACTACAAGTGAACAT-1_GSM4013387,15
ATTGGACGTTAGATGA-1_GSM4013387,13
ACAGCTACACGTCTCT-1_GSM4013387,15
TGACAACTCGCCTGAG-1_GSM4013387,13
CACCTTGGTAAATACG-1_GSM4013387,15
TCGAGGCTCACTTATC-1_GSM4013387,15
TGGCGCATCTACCAGA-1_GSM4013387,8
CTACGTCGTCAGGACA-1_GSM4013387,8
CGATCGGTCTCAAGTG-1_GSM4013387,9
CCATTCGTCGATAGAA-1_GSM4013387,15
GTCACGGTCTCGCTTG-1_GSM4013387,15
GACGTTAGTTCACGGC-1_GSM4013387,3
TGGGAAGAGCTGCCCA-1_GSM4013387,13
TACTTGTGTGCAGGTA-1_GSM4013387,13
GGATGTTCACCGCTAG-1_GSM4013387,8
GCTGGGTAGCTACCTA-1_GSM4013387,6
ACGCCGAAGACGCTTT-1_GSM4013387,9
AAAGCAAGTCTCTTAT-1_GSM4013387,8
TCGAGGCGTTTGGCGC-1_GSM4013387,6
CACAGTAGTGATGTGG-1_GSM4013387,13
ACTTACTTCGCGTTTC-1_GSM4013387,9
TAAGTGCCAGCTCGAC-1_GSM4013387,16
GCGCGATTCAAACAAG-1_GSM4013387,13
ATAGACCCAGTACACT-1_GSM4013387,9
GATGAGGGTCCTCCAT-1_GSM4013387,11
GTATCTTCAGATCGGA-1_GSM4013387,13
TACGGTATCGTACGGC-1_GSM4013387,13
TCTCTAAAGAATTGTG-1_GSM4013387,15
GATGCTAAGTAGGCCA-1_GSM4013387,13
CGCGGTATCGAGAACG-1_GSM4013387,0
ATGCGATCAAGAGGCT-1_GSM4013387,15
TCTGGAAAGATGGGTC-1_GSM4013387,4
AGCAGCCCATCGACGC-1_GSM4013387,17
AACTGGTTCACGATGT-1_GSM4013387,8
ACGGAGAGTAATCACC-1_GSM4013387,15
CTCGAGGTCCAGAGGA-1_GSM4013387,13
CTCATTAAGGCTAGGT-1_GSM4013387,10
AGATCTGAGCGCTTAT-1_GSM4013387,14
CTACATTGTCTCTCGT-1_GSM4013387,4
TGCTACCAGGATGGTC-1_GSM4013387,8
CAGCCGATCAGAGACG-1_GSM4013387,8
CTGCTGTCAAGCCCAC-1_GSM4013387,8
TGAGGGATCCCATTAT-1_GSM4013387,15
TTCGAAGCAGCTTAAC-1_GSM4013387,5
TACACGAAGAATAGGG-1_GSM4013387,16
CTTTGCGTCGACCAGC-1_GSM4013387,5
TTTGTCAGTAAGTTCC-1_GSM4013387,0
TTTGTCAGTCGAAAGC-1_GSM4013387,8
TCATTTGCATGTAGTC-1_GSM4013387,13
ATCATCTAGTTTGCGT-1_GSM4013387,14
CACCAGGCAATGTAAG-1_GSM4013387,15
AGAGTGGTCATTGCGA-1_GSM4013387,9
CATCAAGTCGTAGGTT-1_GSM4013387,15
CTCATTAAGATGCCTT-1_GSM4013387,8
GGAATAAAGGAGCGTT-1_GSM4013387,13
TAAGAGAGTACTCTCC-1_GSM4013387,8
TTATGCTCAAGCGTAG-1_GSM4013387,15
TGAGCCGGTACCCAAT-1_GSM4013387,0
CTACACCTCTTGAGGT-1_GSM4013387,15
AGGTCCGGTACATGTC-1_GSM4013387,15
CTGCGGATCGTACGGC-1_GSM4013387,9
CGACCTTAGTATCGAA-1_GSM4013387,1
CAAGAAAGTACAGCAG-1_GSM4013387,15
TTCTTAGTCATCATTC-1_GSM4013387,15
ACGGGTCAGCTACCTA-1_GSM4013387,1
TCCACACAGTCCATAC-1_GSM4013387,15
AATCCAGCATCTGGTA-1_GSM4013387,8
AAGGAGCAGGCAATTA-1_GSM4013387,15
CCTAGCTAGGGTCTCC-1_GSM4013387,8
ACTTTCAGTTCTGAAC-1_GSM4013387,15
TCTGAGATCATCATTC-1_GSM4013387,15
CTCGTACTCTGGCGAC-1_GSM4013387,15
GGCGTGTAGCACCGTC-1_GSM4013387,7
CACATTTAGCGAGAAA-1_GSM4013387,6
TGCGGGTAGTTGCAGG-1_GSM4013387,13
TACTTGTCAGGGAGAG-1_GSM4013387,15
ATCACGAGTCGCGGTT-1_GSM4013387,15
GTTACAGAGTAGTGCG-1_GSM4013387,12
TTTCCTCCATGCTAGT-1_GSM4013387,13
GGGCATCCATTGCGGC-1_GSM4013387,8
CTAGCCTGTGCGGTAA-1_GSM4013387,15
GAGGTGATCTGCGACG-1_GSM4013387,0
ACGAGGACATCACCCT-1_GSM4013387,15
GACTACACAAGCCGTC-1_GSM4013387,15
ATTATCCAGTGAACGC-1_GSM4013387,15
TCGGTAATCTGCCAGG-1_GSM4013387,15
TGATTTCTCTGTACGA-1_GSM4013387,15
GGCTGGTCATTAACCG-1_GSM4013387,15
GTATCTTGTGCCTGGT-1_GSM4013387,15
TAAGTGCGTTCGGGCT-1_GSM4013387,14
TAAGCGTAGCCAACAG-1_GSM4013387,15
AGTAGTCCAAAGTCAA-1_GSM4013387,9
CAGATCACACAGTCGC-1_GSM4013387,8
ATGTGTGAGTGTCCAT-1_GSM4013387,15
TTGGAACAGTCAAGCG-1_GSM4013387,15
ATTCTACAGATCCGAG-1_GSM4013387,14
CTCACACCAATCGGTT-1_GSM4013387,6
AGATCTGGTTCTGTTT-1_GSM4013387,13
AAGTCTGAGCGTGAGT-1_GSM4013387,10
TGCTGCTAGCGTCAAG-1_GSM4013387,6
TCAACGAAGGTGATTA-1_GSM4013387,13
TGAAAGATCAGGCAAG-1_GSM4013387,15
CGAGAAGGTCTTGATG-1_GSM4013387,9
CATGCCTGTGTGGCTC-1_GSM4013387,1
AGATCTGTCAGCTTAG-1_GSM4013387,5
GATTCAGGTCCAGTGC-1_GSM4013387,9
CCAGCGACAGTCGATT-1_GSM4013387,15
GTCACAATCAAGAAGT-1_GSM4013387,15
TCCACACAGTGACATA-1_GSM4013387,15
TAGACCACACCTATCC-1_GSM4013387,15
CAGCAGCTCTCATTCA-1_GSM4013387,16
CAAGAAATCATGTAGC-1_GSM4013387,15
AGCTTGAGTGGTTTCA-1_GSM4013387,13
CGGAGCTAGGCTAGAC-1_GSM4013387,8
CACAGTAGTAAGGGCT-1_GSM4013387,1
TGAAAGAAGTAGTGCG-1_GSM4013387,9
GGTATTGGTTCAACCA-1_GSM4013387,9
GGCTGGTGTCCAGTAT-1_GSM4013387,15
GTCTCGTTCATGCATG-1_GSM4013387,13
ACGATACTCTGTTTGT-1_GSM4013387,16
GGAGCAATCTTCCTTC-1_GSM4013387,15
ATAAGAGGTAATAGCA-1_GSM4013387,15
TAAACCGCACTGTTAG-1_GSM4013387,8
TGAGCATTCCGAGCCA-1_GSM4013387,15
GCTGCTTGTGTGCCTG-1_GSM4013387,13
GTGCGGTAGATGTCGG-1_GSM4013387,13
AAAGATGTCCGTCATC-1_GSM4013387,15
TGATTTCAGTGTCTCA-1_GSM4013387,15
TGGGAAGAGTTAGCGG-1_GSM4013387,9
AAACCTGCAAACCCAT-1_GSM4013387,15
TCTCTAAGTTCCACAA-1_GSM4013387,15
CACATTTTCACAGTAC-1_GSM4013387,15
GTACTTTAGCGATGAC-1_GSM4013387,0
TCAGCAATCGTAGGTT-1_GSM4013387,4
ATCATGGGTGTGACCC-1_GSM4013387,9
CCGTTCATCCATTCTA-1_GSM4013387,15
CTCAGAAAGCGACGTA-1_GSM4013387,15
TCACAAGTCGGAAACG-1_GSM4013387,15
CTGCCTATCGGCTTGG-1_GSM4013387,15
CAAGTTGTCCCAACGG-1_GSM4013387,15
CCTTCCCTCCGCAAGC-1_GSM4013387,8
CCTATTACAAGCCTAT-1_GSM4013387,10
CTGGTCTAGCACCGCT-1_GSM4013387,8
TCAGCTCCAGTCACTA-1_GSM4013387,15
TAGAGCTAGCTCCTTC-1_GSM4013387,1
TACTCATGTCAGAGGT-1_GSM4013387,15
CGCCAAGTCTGTTGAG-1_GSM4013387,8
CGGACTGCAGGGTACA-1_GSM4013387,5
AGATTGCGTCCATCCT-1_GSM4013387,15
CAGCATATCAAAGTAG-1_GSM4013387,4
GTGCTTCTCCTTCAAT-1_GSM4013387,8
GTATCTTAGATGTCGG-1_GSM4013387,15
CAACCAATCCTGTAGA-1_GSM4013387,15
AGCGTATTCCAAAGTC-1_GSM4013387,15
CGATGTAAGTGCCATT-1_GSM4013387,15
TGCTGCTTCGCCGTGA-1_GSM4013387,15
TCCACACTCTAACGGT-1_GSM4013387,15
CGATGGCGTGGGTATG-1_GSM4013387,8
GGGTCTGTCTGGTGTA-1_GSM4013387,9
TGTTCCGCAGTAAGAT-1_GSM4013387,1
CCTTTCTGTTTGGGCC-1_GSM4013387,15
ATGGGAGTCAGCCTAA-1_GSM4013387,13
AACCGCGCAAGCGCTC-1_GSM4013387,5
CACTCCAGTGTGACCC-1_GSM4013387,1
TCGAGGCAGGTACTCT-1_GSM4013387,15
GCCAAATAGATGTAAC-1_GSM4013387,15
CCTTCGAAGGTGCTTT-1_GSM4013387,8
AGGTCATCACAAGACG-1_GSM4013387,10
CAGCTAAAGAAGAAGC-1_GSM4013387,14
AACTCCCGTATTACCG-1_GSM4013387,9
CGAACATGTAAGGGAA-1_GSM4013387,15
CTCTACGAGTACACCT-1_GSM4013387,8
TCAGCAACAATGTAAG-1_GSM4013387,15
ATGAGGGCAAGACGTG-1_GSM4013387,15
AGAATAGTCATAACCG-1_GSM4013387,15
ATAAGAGAGCTACCGC-1_GSM4013387,8
GCGAGAAGTACCGTAT-1_GSM4013387,15
AAGGTTCTCTGATTCT-1_GSM4013387,15
GCAGTTAGTCAACTGT-1_GSM4013387,11
CGTCTACGTCGCATCG-1_GSM4013387,15
CTCCTAGGTGTTGAGG-1_GSM4013387,10
CGTAGCGAGATGGCGT-1_GSM4013387,4
AAGACCTCATCTCCCA-1_GSM4013387,15
CTCTACGTCTGCTTGC-1_GSM4013387,15
GTCAAGTCATACTCTT-1_GSM4013387,9
GAACCTATCTGGCGTG-1_GSM4013387,13
CAAGTTGCATGTCCTC-1_GSM4013387,15
GGATTACTCACAACGT-1_GSM4013387,8
TTTATGCAGAATCTCC-1_GSM4013387,15
CAAGATCCAACCGCCA-1_GSM4013387,14
ACGGAGAGTCTCTTTA-1_GSM4013387,15
CTAGTGACAGTAAGCG-1_GSM4013387,15
TAGAGCTAGCCGATTT-1_GSM4013387,15
AGTGGGACACCTATCC-1_GSM4013387,0
CTAGCCTGTTGCTCCT-1_GSM4013387,15
GACTGCGAGTGCCAGA-1_GSM4013387,15
AGCTCCTCACCGATAT-1_GSM4013387,15
TCAGGTAAGCGTGAAC-1_GSM4013387,15
TGCGCAGGTTAAGTAG-1_GSM4013387,10
GTCACGGAGAGTGAGA-1_GSM4013387,15
CGCGGTATCGCCATAA-1_GSM4013387,13
CACATTTCATCCGGGT-1_GSM4013387,15
CGACTTCGTTGATTGC-1_GSM4013387,8
AACTGGTAGTCACGCC-1_GSM4013387,9
GTATTCTTCGGCATCG-1_GSM4013387,15
ACGGGTCCAAAGGTGC-1_GSM4013387,6
GACTACAAGAACTGTA-1_GSM4013387,15
TGGCGCACATAGGATA-1_GSM4013387,8
GACGGCTGTCGAACAG-1_GSM4013387,5
ACGCAGCCATCCCACT-1_GSM4013387,15
GGCCGATTCGCGGATC-1_GSM4013387,5
TTAGGACTCAGGTAAA-1_GSM4013387,15
ATTCTACAGACGACGT-1_GSM4013387,15
CCACTACAGCACAGGT-1_GSM4013387,15
TGACGGCAGTCGCCGT-1_GSM4013387,15
AAACCTGTCGGTCTAA-1_GSM4013387,15
GGGCATCGTTGTCTTT-1_GSM4013387,9
CGGACACTCGGGAGTA-1_GSM4013387,0
CTAACTTAGGCAGGTT-1_GSM4013387,6
TGCCCTACATCGACGC-1_GSM4013387,10
GTCATTTAGTCAAGGC-1_GSM4013387,1
TCCCGATAGTTGAGAT-1_GSM4013387,15
CCTACCAGTGACAAAT-1_GSM4013387,9
TAGTTGGAGGGTCGAT-1_GSM4013387,13
GCAAACTCATGGTTGT-1_GSM4013387,15
CGCGGTAGTTTAGCTG-1_GSM4013387,1
CGGACACAGACAAAGG-1_GSM4013387,8
AACGTTGGTGTGAAAT-1_GSM4013387,5
TTTATGCGTCGCATCG-1_GSM4013387,15
ATGCGATCAAAGTGCG-1_GSM4013387,9
TAAACCGAGCACACAG-1_GSM4013387,4
AAACGGGGTACCGGCT-1_GSM4013387,15
TACGGATAGAAGGTGA-1_GSM4013387,14
GGGCACTGTTCAGGCC-1_GSM4013387,15
AGCATACGTAAATACG-1_GSM4013387,5
AAGGAGCAGTCAAGCG-1_GSM4013387,15
AGGCCGTTCGGAGCAA-1_GSM4013387,15
TACTCATTCTCTGCTG-1_GSM4013387,9
ATTGGTGCACATTTCT-1_GSM4013387,15
CAGCGACTCGCCATAA-1_GSM4013387,15
CAGCTGGAGGGTATCG-1_GSM4013387,8
GCGGGTTAGAGGTTGC-1_GSM4013387,8
TTCCCAGTCCTGCAGG-1_GSM4013387,15
GGGCATCGTACATCCA-1_GSM4013387,15
GTTACAGGTAAGTAGT-1_GSM4013387,9
TACGGTATCTAAGCCA-1_GSM4013387,11
TGCCAAACAACTTGAC-1_GSM4013387,14
TGCCAAATCTGATTCT-1_GSM4013387,15
CTCGAGGCAAACCCAT-1_GSM4013387,15
CCATTCGGTCTAGTGT-1_GSM4013387,15
TTAGGCACATGCTGGC-1_GSM4013387,15
CAAGATCCATTGCGGC-1_GSM4013387,15
TGACGGCCATATACCG-1_GSM4013387,15
TAAGAGAAGAAACCTA-1_GSM4013387,15
TGGCCAGCACTGCCAG-1_GSM4013387,13
CAAGAAAGTCTGCCAG-1_GSM4013387,15
TCGGTAAAGCTGTCTA-1_GSM4013387,15
CACATAGTCTCCCTGA-1_GSM4013387,9
AGACGTTTCCTGCAGG-1_GSM4013387,14
CTCGAGGAGCGTAGTG-1_GSM4013387,15
CACCACTGTAAATGAC-1_GSM4013387,10
TCAGCAAGTCGAACAG-1_GSM4013387,1
TACCTATCAACGATCT-1_GSM4013387,15
CGGACACGTTACGGAG-1_GSM4013387,6
TGCCCATCATGCGCAC-1_GSM4013387,15
GGAATAATCCAGTAGT-1_GSM4013387,11
ACGAGCCTCAACTCTT-1_GSM4013387,6
TCGTACCAGTACGTAA-1_GSM4013387,9
ATTTCTGAGAATAGGG-1_GSM4013387,13
GCTGGGTCAATGGACG-1_GSM4013387,15
GATCGTATCGACCAGC-1_GSM4013387,15
ACGTCAAAGGCTCTTA-1_GSM4013387,15
TTTGTCAAGTGGTAGC-1_GSM4013387,13
GCAGCCACAACGATCT-1_GSM4013387,9
TACCTTATCGCGATCG-1_GSM4013387,15
CCTCAGTAGATGTGTA-1_GSM4013387,13
CGGAGCTTCCACGTTC-1_GSM4013387,15
TCATTTGTCCAAACAC-1_GSM4013387,6
CAGGTGCAGAAGATTC-1_GSM4013387,16
GGTATTGCAACTTGAC-1_GSM4013387,15
CAGAGAGCATACTCTT-1_GSM4013387,14
TCAGGATCAGTTCCCT-1_GSM4013387,15
CATATTCTCTTCGGTC-1_GSM4013387,15
CTACCCATCCATGCTC-1_GSM4013387,15
ATCGAGTTCTCCCTGA-1_GSM4013387,15
GGGATGAGTCAGAATA-1_GSM4013387,15
CTGATAGGTCATATCG-1_GSM4013387,15
CGCCAAGGTAAATGTG-1_GSM4013387,9
TACTCATGTGATGTGG-1_GSM4013387,15
GTGAAGGGTGCACCAC-1_GSM4013387,15
TGTTCCGTCGGCGCTA-1_GSM4013387,15
TGGGCGTGTTAAGATG-1_GSM4013387,5
TTAACTCCACTTAACG-1_GSM4013387,15
TGCCAAAAGCGCCTTG-1_GSM4013387,13
GAATAAGTCTGCGGCA-1_GSM4013387,15
AGGGAGTGTTGGAGGT-1_GSM4013387,13
GCGCCAAAGCACGCCT-1_GSM4013387,15
GCTGCTTGTTCATGGT-1_GSM4013387,10
ATCTACTGTGTTGGGA-1_GSM4013387,15
ATCTGCCGTAGAGGAA-1_GSM4013387,15
AGAGTGGGTTAAAGAC-1_GSM4013387,1
GGGAATGTCTCTAGGA-1_GSM4013387,15
GTAACGTAGTCATGCT-1_GSM4013387,15
ACGATGTAGCTCAACT-1_GSM4013387,15
GCATGCGTCTAAGCCA-1_GSM4013387,18
GTTCTCGAGGATATAC-1_GSM4013387,5
GTAGGCCGTACGACCC-1_GSM4013387,4
CACTCCAAGAGTCTGG-1_GSM4013387,15
CAACTAGCATTGCGGC-1_GSM4013387,6
CTCAGAATCCTTGACC-1_GSM4013387,15
ACATGGTAGGGAGTAA-1_GSM4013387,15
CTGATCCGTCCAGTAT-1_GSM4013387,15
CTCAGAAGTTGGTAAA-1_GSM4013387,15
TAGGCATCAGGAATCG-1_GSM4013387,15
CGGACGTGTCACTGGC-1_GSM4013387,4
TGGCCAGCACATTTCT-1_GSM4013387,12
TCATTTGAGACAATAC-1_GSM4013387,15
TACAGTGAGAAGGTTT-1_GSM4013387,15
GTGCAGCAGGATGGAA-1_GSM4013387,4
CTAATGGAGAAGGTGA-1_GSM4013387,10
TGTATTCAGACAGGCT-1_GSM4013387,15
CTAGCCTTCATCTGTT-1_GSM4013387,15
CCTCAGTGTTACTGAC-1_GSM4013387,13
CGTCACTGTCTGGTCG-1_GSM4013387,5
GCAATCAAGGACATTA-1_GSM4013387,6
ATTATCCCAAAGCGGT-1_GSM4013387,15
CCGTACTTCATCGGAT-1_GSM4013387,8
ATAACGCAGTGCGTGA-1_GSM4013387,15
TGACAACTCCGCTGTT-1_GSM4013387,15
CATATGGCACGAAATA-1_GSM4013387,11
CGCTATCAGTGGTAAT-1_GSM4013387,13
ATAGACCCACGAAAGC-1_GSM4013387,13
GCTCCTAGTGCAGGTA-1_GSM4013387,14
TGGCTGGTCCTGCTTG-1_GSM4013387,4
GATGAGGCAATAGCGG-1_GSM4013387,9
GTGTTAGCATCGGACC-1_GSM4013387,15
CTAGCCTTCAATACCG-1_GSM4013387,4
TACGGTATCTGGAGCC-1_GSM4013387,15
TGAGGGAAGCCTTGAT-1_GSM4013387,11
CCTTCCCGTCGAAAGC-1_GSM4013387,15
ATAAGAGCAACACGCC-1_GSM4013387,15
CTGCCTATCCTTTACA-1_GSM4013387,15
AAAGATGGTTGAGTTC-1_GSM4013387,15
ACGAGCCAGTTAGCGG-1_GSM4013387,15
AGAATAGGTCCGTTAA-1_GSM4013387,15
CCATTCGAGACAAGCC-1_GSM4013387,10
ACTTGTTTCGCGGATC-1_GSM4013387,15
GTACGTAGTAGGGTAC-1_GSM4013387,15
ATCACGAGTGTTTGTG-1_GSM4013387,15
CGTGTCTTCAGATAAG-1_GSM4013387,15
TACTCATTCAACGAAA-1_GSM4013387,15
ATCACGAGTGGACGAT-1_GSM4013387,5
TACACGAAGGAGTTTA-1_GSM4013387,9
CTGCTGTCAGCTCCGA-1_GSM4013387,15
TCATTACTCACCGGGT-1_GSM4013387,15
TCCACACGTTCACCTC-1_GSM4013387,15
ATCGAGTCAATCCGAT-1_GSM4013387,15
ATGCGATGTCGTTGTA-1_GSM4013387,0
GAACGGACATCCGGGT-1_GSM4013387,14
ACGCCAGCAGCCTTGG-1_GSM4013387,16
TATCTCATCCTTTACA-1_GSM4013387,15
TGGTTAGGTTGGAGGT-1_GSM4013387,15
TACCTTACAGGCTCAC-1_GSM4013387,15
CTGATAGTCCTTGCCA-1_GSM4013387,15
ACGATGTAGGCCCTTG-1_GSM4013387,15
TAGGCATGTGTCAATC-1_GSM4013387,9
CAGCTAATCTGTTTGT-1_GSM4013387,15
CACAAACCAAGTCTAC-1_GSM4013387,4
GACGGCTCATCTCCCA-1_GSM4013387,9
TTCTCAATCCGCATAA-1_GSM4013387,9
GCAATCAGTGTTAAGA-1_GSM4013387,15
ACTGAACGTCCAGTAT-1_GSM4013387,16
GTTCTCGGTCAATGTC-1_GSM4013387,1
ACTTTCATCATCATTC-1_GSM4013387,15
AAGGAGCAGTTAAGTG-1_GSM4013387,14
AGGCCACTCTGGCGAC-1_GSM4013387,15
TACTCATGTCGCATAT-1_GSM4013387,8
TAGACCAAGATGTGTA-1_GSM4013387,11
CGACTTCTCTGCAAGT-1_GSM4013387,15
ACAGCCGGTGTGCGTC-1_GSM4013387,15
GCATGATTCATTGCCC-1_GSM4013387,8
TACCTATTCCGAACGC-1_GSM4013387,15
TGACGGCCATCTCCCA-1_GSM4013387,15
ATAACGCCATCCCATC-1_GSM4013387,13
TTCGGTCTCAATAAGG-1_GSM4013387,15
ACGAGGAAGAGATGAG-1_GSM4013387,15
TGACTTTTCTGGCGAC-1_GSM4013387,11
GCATACACATGGTAGG-1_GSM4013387,15
GAATGAACAACTGGCC-1_GSM4013387,11
AGTGAGGTCAACGCTA-1_GSM4013387,15
ATGGGAGGTGTGACCC-1_GSM4013387,11
CGTAGGCGTGTCCTCT-1_GSM4013387,6
TGGTTCCTCGTCCAGG-1_GSM4013387,15
TAGAGCTGTTCGTGAT-1_GSM4013387,11
GGTGAAGGTCGGCTCA-1_GSM4013387,9
GTGAAGGGTAAATGTG-1_GSM4013387,15
TTGGCAATCGGCCGAT-1_GSM4013387,4
CACAAACAGTGGAGTC-1_GSM4013387,15
CACATTTAGGTGTTAA-1_GSM4013387,15
TGGTTCCTCTATGTGG-1_GSM4013387,15
CATCGAACATGCCTTC-1_GSM4013387,15
CATCGGGCATGTAGTC-1_GSM4013387,11
TTTGTCACACCTTGTC-1_GSM4013387,15
ACCGTAACAGGCGATA-1_GSM4013387,15
TTGACTTTCGCCTGTT-1_GSM4013387,15
TGAGCATAGGAGCGTT-1_GSM4013387,9
AAACGGGTCGTCACGG-1_GSM4013387,15
ATTACTCAGTAAGTAC-1_GSM4013387,15
TTGCCGTAGTGACTCT-1_GSM4013387,15
TTTGTCATCAGCTCTC-1_GSM4013387,15
TAGTGGTGTCTCACCT-1_GSM4013387,11
CAAGGCCGTATATGAG-1_GSM4013387,9
CTAGTGATCACATACG-1_GSM4013387,5
TGGTTAGTCCGGCACA-1_GSM4013387,15
TGAGAGGTCACGGTTA-1_GSM4013387,15
CGCTTCACAAAGCAAT-1_GSM4013387,15
TGGTTAGGTAAGGGAA-1_GSM4013387,18
ATTCTACAGTGAAGAG-1_GSM4013387,15
CCACTACAGTATCGAA-1_GSM4013387,15
CAACCTCAGCGGATCA-1_GSM4013387,13
CGGAGCTAGACTAAGT-1_GSM4013387,8
GGGAATGAGGGATGGG-1_GSM4013387,1
AACTTTCCAACTGCTA-1_GSM4013387,15
TCATTACAGTACCGGA-1_GSM4013387,15
AGGTCATAGTGAACGC-1_GSM4013387,15
TCGTACCAGGATTCGG-1_GSM4013387,15
CCCAATCTCGGAGCAA-1_GSM4013387,12
CAACCTCCAATCGGTT-1_GSM4013387,15
AGATTGCTCCAACCAA-1_GSM4013387,15
TTCTTAGGTCCCTTGT-1_GSM4013387,15
AGCGGTCTCCGTAGGC-1_GSM4013387,15
GATCGTAGTTCCAACA-1_GSM4013387,15
AAGACCTCACTAGTAC-1_GSM4013387,15
CATCAGATCGCCAGCA-1_GSM4013387,16
ACATGGTTCTGGCGAC-1_GSM4013387,15
ATGCGATAGAGCTGCA-1_GSM4013387,15
GATCTAGTCCGAACGC-1_GSM4013387,15
ACCCACTAGTACACCT-1_GSM4013387,11
GCGACCACACTTCTGC-1_GSM4013387,15
TCGGGACAGTTCGCGC-1_GSM4013387,15
CAGTAACCAGCTGTGC-1_GSM4013387,4
ATTGGTGCAGCGTTCG-1_GSM4013387,1
GTATCTTAGTCACGCC-1_GSM4013387,15
TACTTACCATGCATGT-1_GSM4013387,15
TTCGAAGCACCGGAAA-1_GSM4013387,9
AGTCTTTTCTGGGCCA-1_GSM4013387,6
GGCGACTGTAATCGTC-1_GSM4013387,15
TATGCCCCAGCGAACA-1_GSM4013387,15
GCTGGGTTCCGTCAAA-1_GSM4013387,8
ACCGTAACACGTTGGC-1_GSM4013387,4
TAGTTGGCATGGTTGT-1_GSM4013387,15
CTGGTCTAGAAGATTC-1_GSM4013387,15
TGGACGCAGGTCGGAT-1_GSM4013387,12
GGAATAACATCACGTA-1_GSM4013387,15
AGTGGGAAGTGGGCTA-1_GSM4013387,15
GAAACTCGTCGGCACT-1_GSM4013387,15
ATTTCTGGTCAGTGGA-1_GSM4013387,15
TGTGGTAGTTCGTCTC-1_GSM4013387,4
TCGCGTTTCTCAAACG-1_GSM4013387,15
GCGCAACAGCGTCAAG-1_GSM4013387,9
GGAGCAAAGGACTGGT-1_GSM4013387,9
TACCTTACATGGTAGG-1_GSM4013387,15
GGGACCTCACGAAACG-1_GSM4013387,15
AACGTTGGTGGCGAAT-1_GSM4013387,15
ATGTGTGGTAATCACC-1_GSM4013387,15
TGGGAAGGTCTCATCC-1_GSM4013387,15
ATTGGACCATCTACGA-1_GSM4013387,15
GTTCGGGTCGTCTGCT-1_GSM4013387,15
AACTCTTAGAGTAATC-1_GSM4013387,15
AACGTTGCATGCCTAA-1_GSM4013387,6
CATCCACGTAAGTGTA-1_GSM4013387,9
CACAGGCTCTGATACG-1_GSM4013387,1
TCAACGAGTGTGCCTG-1_GSM4013387,15
CACAGGCAGCAAATCA-1_GSM4013387,15
CACCTTGGTTCCGGCA-1_GSM4013387,15
ATGAGGGAGAAGCCCA-1_GSM4013387,16
TACTCATAGACGCAAC-1_GSM4013387,8
GGTGCGTAGGTTACCT-1_GSM4013387,13
AGCTTGAGTCCGACGT-1_GSM4013387,15
CTCTACGTCTTACCGC-1_GSM4013387,15
GCCTCTAGTTCATGGT-1_GSM4013387,18
GTTCATTAGACTGTAA-1_GSM4013387,14
TGAGCATGTGACTACT-1_GSM4013387,15
CATGACATCATCGGAT-1_GSM4013387,15
GAGCAGACAACTGCGC-1_GSM4013387,15
TGAGGGAGTAAGTAGT-1_GSM4013387,4
AAGCCGCGTCCGTGAC-1_GSM4013387,15
CTACACCTCAGCTGGC-1_GSM4013387,14
CGGACGTAGAGCTATA-1_GSM4013387,15
CTCATTATCTTAGAGC-1_GSM4013387,15
TACGGATTCCGTACAA-1_GSM4013387,16
CATCGAACAACCGCCA-1_GSM4013387,4
CATCAAGTCTGCGTAA-1_GSM4013387,15
TCAATCTAGACGCTTT-1_GSM4013387,15
ACACCCTTCGTAGGAG-1_GSM4013387,15
AGCTCCTCAATTGCTG-1_GSM4013387,15
GCTTCCAAGGAGTAGA-1_GSM4013387,15
CTCGTCACATTCTTAC-1_GSM4013387,15
GACCAATCAAGCCGTC-1_GSM4013387,8
GATGAGGAGGGTATCG-1_GSM4013387,15
CATCAAGGTTCAGGCC-1_GSM4013387,15
ATTCTACCACACAGAG-1_GSM4013387,14
TGTCCCACAGGCTCAC-1_GSM4013387,15
GCGCAGTCAGTCGTGC-1_GSM4013387,15
TGGTTAGCACATAACC-1_GSM4013387,15
CCCTCCTGTATTCTCT-1_GSM4013387,15
CGATGGCGTTGTGGCC-1_GSM4013387,15
GCTTCCACAATGACCT-1_GSM4013387,15
AAGCCGCGTCGCGGTT-1_GSM4013387,11
TATCAGGTCCGTTGTC-1_GSM4013387,16
CCACTACTCTTCGAGA-1_GSM4013387,9
CTAACTTGTGCGAAAC-1_GSM4013387,15
AACTCCCCACCGGAAA-1_GSM4013387,12
CTGTGCTTCGAGCCCA-1_GSM4013387,15
CGTCTACAGATGTCGG-1_GSM4013387,15
ACCAGTAGTAATTGGA-1_GSM4013387,15
ATCCGAATCCCAAGTA-1_GSM4013387,18
TCACAAGTCTGCGTAA-1_GSM4013387,15
CACATAGGTGTGACGA-1_GSM4013387,5
AATCGGTGTTCATGGT-1_GSM4013387,15
ACACCGGAGAAGGCCT-1_GSM4013387,15
AGATCTGAGTCCGTAT-1_GSM4013387,15
CGACCTTCATGGGACA-1_GSM4013387,8
GTGGGTCCAATCTGCA-1_GSM4013387,15
TGCGGGTGTGTCCTCT-1_GSM4013387,15
GTACTTTCATGAACCT-1_GSM4013387,15
ACTGATGCAGGATCGA-1_GSM4013387,3
TTGGAACAGACAGACC-1_GSM4013387,15
TTTATGCGTATAGTAG-1_GSM4013387,15
GGTATTGTCGAACGGA-1_GSM4013387,15
CGGACTGTCTGCGTAA-1_GSM4013387,15
TCGGGACGTAAACACA-1_GSM4013387,15
TACCTTAGTTGCTCCT-1_GSM4013387,16
ACTGAGTGTAGTAGTA-1_GSM4013387,15
TCTATTGCATGGATGG-1_GSM4013387,15
CAGAGAGCAAGTTGTC-1_GSM4013387,15
GGGCACTTCGCCGTGA-1_GSM4013387,15
TCAATCTGTCGCATCG-1_GSM4013387,14
TTTGTCACACTTGGAT-1_GSM4013387,1
TACGGGCAGTTCGCGC-1_GSM4013387,15
GTCATTTTCACTTCAT-1_GSM4013387,3
TATGCCCAGCACAGGT-1_GSM4013387,15
AAGTCTGGTTGGTTTG-1_GSM4013387,9
TACGGGCGTTCAGACT-1_GSM4013387,9
AAATGCCAGCACACAG-1_GSM4013387,15
TCGGTAAAGTATGACA-1_GSM4013387,15
TCGGTAACAACACCCG-1_GSM4013387,14
CGATCGGGTCAAAGAT-1_GSM4013387,5
CAGGTGCTCACGAAGG-1_GSM4013387,18
CTTAACTGTTACGCGC-1_GSM4013387,14
TGCCCATTCAGCTGGC-1_GSM4013387,15
AGCAGCCAGTGCCAGA-1_GSM4013387,4
GTAACTGCAATGTTGC-1_GSM4013387,14
GGCTGGTAGCGATCCC-1_GSM4013387,15
TGTGGTAGTAAAGGAG-1_GSM4013387,15
TACCTATGTTGTTTGG-1_GSM4013387,15
ATAGACCAGGAGCGTT-1_GSM4013387,15
GGAACTTAGTGTGAAT-1_GSM4013387,5
CCATTCGGTCATGCAT-1_GSM4013387,15
CTGGTCTCAAAGCGGT-1_GSM4013387,15
TGGACGCTCTCAACTT-1_GSM4013387,15
TCTTTCCAGGAGCGTT-1_GSM4013387,15
TTGTAGGAGTGGTCCC-1_GSM4013387,15
TAGTTGGAGCACACAG-1_GSM4013387,15
GCTGCTTCAACCGCCA-1_GSM4013387,4
AGCCTAAGTCCCTTGT-1_GSM4013387,9
CATCAAGAGTGCGATG-1_GSM4013387,15
TGGACGCAGTCGCCGT-1_GSM4013387,9
TACACGAAGACAGAGA-1_GSM4013387,15
TAAGAGAAGTATTGGA-1_GSM4013387,8
TTGCGTCCAAAGGAAG-1_GSM4013387,9
TCCCGATCAGTTTACG-1_GSM4013387,15
AGCGTCGAGCGCTTAT-1_GSM4013387,13
GCTGCAGCATTTGCCC-1_GSM4013387,15
GTAACGTCAAAGCAAT-1_GSM4013387,15
TTCCCAGTCTACGAGT-1_GSM4013387,15
GTTAAGCGTTTGTTTC-1_GSM4013387,15
CGTCACTGTGATGTGG-1_GSM4013387,18
GCAATCAAGGGCATGT-1_GSM4013387,15
TCTTTCCAGTCTTGCA-1_GSM4013387,15
CGTCACTAGACAAAGG-1_GSM4013387,15
CAAGGCCGTCATATCG-1_GSM4013387,15
TAGAGCTTCATCGCTC-1_GSM4013387,11
CAAGAAATCGTTGACA-1_GSM4013387,15
TGGCTGGAGTGGACGT-1_GSM4013387,9
GGGTTGCGTCCGAAGA-1_GSM4013387,15
TTGAACGCAGGATCGA-1_GSM4013387,1
GGTGTTACATTGTGCA-1_GSM4013387,9
GACGTTAAGTAAGTAC-1_GSM4013387,4
CGGACTGGTAGCTAAA-1_GSM4013387,15
TATTACCAGCTGTTCA-1_GSM4013387,9
CATATGGTCGCGCCAA-1_GSM4013387,9
GCACATAAGGCCCTCA-1_GSM4013387,15
TCACAAGAGTGCGTGA-1_GSM4013387,16
TGCGCAGAGCTGCGAA-1_GSM4013387,15
GCATGCGAGGCGACAT-1_GSM4013387,15
AACCATGTCGGCTACG-1_GSM4013387,13
CTAAGACCACTTCGAA-1_GSM4013387,15
CTTGGCTGTTGATTCG-1_GSM4013387,15
TCGTACCTCGGAAATA-1_GSM4013387,15
AGTGAGGTCAGAGACG-1_GSM4013387,15
TGAGAGGAGACCACGA-1_GSM4013387,9
GCGACCAAGAAACCGC-1_GSM4013387,15
TAGGCATAGGAATTAC-1_GSM4013387,15
GTTACAGGTTTGACAC-1_GSM4013387,1
TGGCCAGCACTTCGAA-1_GSM4013387,15
AAATGCCGTACTCTCC-1_GSM4013387,4
GTACGTAAGCGGCTTC-1_GSM4013387,9
TGCACCTTCTAAGCCA-1_GSM4013387,15
GGACATTAGCCGGTAA-1_GSM4013387,15
CAGCAGCTCATTTGGG-1_GSM4013387,14
CACACTCGTGGCTCCA-1_GSM4013387,15
CATTCGCCACTTGGAT-1_GSM4013387,15
CGCTGGATCCTTGGTC-1_GSM4013387,15
ATAGACCCAAGCGATG-1_GSM4013387,15
TTCTCAATCTTATCTG-1_GSM4013387,15
GTTCGGGAGATCACGG-1_GSM4013387,15
GTCTCGTTCTGTGCAA-1_GSM4013387,8
TAGCCGGGTTGCCTCT-1_GSM4013387,15
GCCTCTAGTCTGATCA-1_GSM4013387,16
TGCCCATTCTCATTCA-1_GSM4013387,10
AAAGCAACACAGACTT-1_GSM4013387,15
GCTCTGTCAGACGCTC-1_GSM4013387,10
GATCAGTTCAACGGGA-1_GSM4013387,9
AAACCTGTCTGATTCT-1_GSM4013387,8
GAGGTGATCATGCAAC-1_GSM4013387,15
GCAGCCAAGGCATGTG-1_GSM4013387,16
CGTAGGCAGGCATGTG-1_GSM4013387,5
TCATTTGCACACGCTG-1_GSM4013387,15
ACACCGGAGTCAAGCG-1_GSM4013387,4
GCATACAAGAGTAAGG-1_GSM4013387,13
AGGCCGTGTCAAGCGA-1_GSM4013387,15
CTCCTAGAGACGCAAC-1_GSM4013387,15
CCTTTCTTCCTACAGA-1_GSM4013387,15
CCACCTAGTTACAGAA-1_GSM4013387,15
GGGAGATGTATAATGG-1_GSM4013387,4
CGCTGGATCGTCTGAA-1_GSM4013387,15
TTGGCAAGTGGTAACG-1_GSM4013387,15
CTGTTTATCTTTACAC-1_GSM4013387,15
ATTGGTGGTTGGTTTG-1_GSM4013387,15
TTCTACAAGTTGCAGG-1_GSM4013387,6
ACGAGCCGTGGCCCTA-1_GSM4013387,15
CATCAAGCATCTATGG-1_GSM4013387,15
AGTCTTTAGCCCAATT-1_GSM4013387,16
TGAGCATGTAGTAGTA-1_GSM4013387,15
ATGGGAGCATTCACTT-1_GSM4013387,9
GACGTTAGTCTAGTGT-1_GSM4013387,4
GCATGTATCTGTCTCG-1_GSM4013387,10
TCAGGATGTCGCTTTC-1_GSM4013387,15
GCACTCTCATTCACTT-1_GSM4013387,15
TTCGGTCAGACAAAGG-1_GSM4013387,4
TCGCGAGGTATTACCG-1_GSM4013387,15
GCATGATGTTATCCGA-1_GSM4013387,4
TGATTTCGTATCAGTC-1_GSM4013387,1
CTGATCCAGAGTACAT-1_GSM4013387,15
ACACCGGTCACCCGAG-1_GSM4013387,15
GGCGTGTTCCTGTAGA-1_GSM4013387,15
GGGACCTTCCAGGGCT-1_GSM4013387,15
GTTACAGAGGTAGCTG-1_GSM4013387,15
ATTATCCGTGGTTTCA-1_GSM4013387,15
TCATTTGGTCCGCTGA-1_GSM4013387,15
CAGCTGGTCGCAAACT-1_GSM4013387,18
GATCAGTTCAGCTCTC-1_GSM4013387,9
AGAGTGGAGGCTAGAC-1_GSM4013387,9
AGCTTGACAGTAAGAT-1_GSM4013387,14
ATTGGTGTCGTCCGTT-1_GSM4013387,15
GTACTTTAGCTAGGCA-1_GSM4013387,15
GCACATAGTTCCTCCA-1_GSM4013387,15
TACCTATCAGCCACCA-1_GSM4013387,15
AGAGCTTCAGCCAGAA-1_GSM4013387,15
CATCAGATCCCTCTTT-1_GSM4013387,15
GAGTCCGAGCGTTCCG-1_GSM4013387,15
TCATTACGTGCCTGGT-1_GSM4013387,15
CGGACGTCACACATGT-1_GSM4013387,15
GTACTCCGTGAGGGAG-1_GSM4013387,9
GAATAAGCAAGCTGGA-1_GSM4013387,8
TCCCGATTCACAATGC-1_GSM4013387,18
ACGAGGATCAGAGGTG-1_GSM4013387,15
TCGTACCAGTTTAGGA-1_GSM4013387,18
GGCAATTTCTTGCAAG-1_GSM4013387,9
CATCGGGAGTGTACCT-1_GSM4013387,15
GCAGCCAAGACTACAA-1_GSM4013387,1
ACGGCCAAGTCAAGCG-1_GSM4013387,1
CACCAGGAGAGAGCTC-1_GSM4013387,14
GGATTACCATGACGGA-1_GSM4013387,15
GTCGTAACATTTGCCC-1_GSM4013387,15
TCGTACCCATCACAAC-1_GSM4013387,15
ACACCCTAGACTCGGA-1_GSM4013387,14
TCGAGGCTCCAGTAGT-1_GSM4013387,15
GTACTCCAGTTGAGTA-1_GSM4013387,16
CGGCTAGGTTCATGGT-1_GSM4013387,9
TTTATGCGTATAATGG-1_GSM4013387,9
AGCGGTCAGTTCGATC-1_GSM4013387,15
CTCAGAAAGTTCGCAT-1_GSM4013387,15
GTCATTTAGTGGAGTC-1_GSM4013387,15
GACTAACAGATCACGG-1_GSM4013387,15
AAGGCAGTCAATCTCT-1_GSM4013387,15
GCACTCTGTGAGGCTA-1_GSM4013387,14
TCGCGAGCAATGCCAT-1_GSM4013387,4
AGGCCGTCATGTAAGA-1_GSM4013387,15
CAACCAAGTGCCTTGG-1_GSM4013387,15
CTGTTTAGTCTGCGGT-1_GSM4013387,18
CACCACTGTATTACCG-1_GSM4013387,4
GGGCACTTCCATTCTA-1_GSM4013387,15
CCATGTCTCTCTTATG-1_GSM4013387,15
TTGGAACAGTGTGGCA-1_GSM4013387,16
TCGGGACGTGATGTGG-1_GSM4013387,18
TTTCCTCCATTGGCGC-1_GSM4013387,15
CAACTAGAGCTAGGCA-1_GSM4013387,15
CGGACGTCAGCCTTGG-1_GSM4013387,15
GGCCGATAGATATGCA-1_GSM4013387,15
TGGCGCACACACCGAC-1_GSM4013387,15
CACACAAAGCTGTTCA-1_GSM4013387,15
GGCTCGACACGTCTCT-1_GSM4013387,15
CACCTTGGTGCAACGA-1_GSM4013387,14
CAAGGCCTCGCGTAGC-1_GSM4013387,14
TGCTGCTAGGACGAAA-1_GSM4013387,15
ACCCACTCACCTGGTG-1_GSM4013387,15
AATCCAGGTCACCCAG-1_GSM4013387,15
GTGAAGGAGTAGGCCA-1_GSM4013387,15
ACCAGTACATTCACTT-1_GSM4013387,15
GCTTCCAGTGAGTATA-1_GSM4013387,1
TGGGCGTGTATGCTTG-1_GSM4013387,15
TAAGCGTCAACACGCC-1_GSM4013387,9
ATCCGAATCGTGACAT-1_GSM4013387,4
TCAGATGTCTTGTCAT-1_GSM4013387,5
TCAGATGCAAACTGCT-1_GSM4013387,4
GGACGTCCAGTTTACG-1_GSM4013387,15
GACGTTATCACGAAGG-1_GSM4013387,15
AGTGGGATCATGCAAC-1_GSM4013387,1
TGGACGCAGCGGATCA-1_GSM4013387,14
CTCTGGTCAGCCTTGG-1_GSM4013387,15
TTGACTTGTATATCCG-1_GSM4013387,15
ACCCACTGTCGCATAT-1_GSM4013387,6
ATTTCTGGTACACCGC-1_GSM4013387,15
CGAATGTCAAATACAG-1_GSM4013387,15
ACTGATGTCCTCCTAG-1_GSM4013387,16
GTCAAGTGTGTGAAAT-1_GSM4013387,15
TGAGCATAGTCCAGGA-1_GSM4013387,15
CGGACGTGTGGTCCGT-1_GSM4013387,8
GGGACCTTCGGCTTGG-1_GSM4013387,15
TCATTACGTAGCGTGA-1_GSM4013387,4
GGCCGATCAATCGGTT-1_GSM4013387,9
ACTGTCCAGATAGCAT-1_GSM4013387,15
ACATGGTTCGGGAGTA-1_GSM4013387,18
ATCATCTTCCCGGATG-1_GSM4013387,15
CATTCGCCAAGACGTG-1_GSM4013387,15
GCATACAAGCACAGGT-1_GSM4013387,15
ATCCACCTCAAACCGT-1_GSM4013387,14
TACTCATGTATATCCG-1_GSM4013387,15
AGAATAGGTACTCAAC-1_GSM4013387,8
CCAATCCGTTGAGGTG-1_GSM4013387,11
CGTGAGCCAATAAGCA-1_GSM4013387,10
CGCGTTTTCGGACAAG-1_GSM4013387,15
AACCGCGGTGTAATGA-1_GSM4013387,15
CACAGGCGTCAAGCGA-1_GSM4013387,14
GGGAATGTCTTTAGGG-1_GSM4013387,14
AGTCTTTGTACAGTGG-1_GSM4013387,15
ATAGACCCACCAGTTA-1_GSM4013387,15
GATCGCGAGTCTCAAC-1_GSM4013387,15
TACTTACAGTCGTTTG-1_GSM4013387,16
GGACAGACATGTTGAC-1_GSM4013387,14
GCTGGGTTCTAACTCT-1_GSM4013387,15
CTACCCACAAACGTGG-1_GSM4013387,15
AAAGTAGAGGTGCACA-1_GSM4013387,15
GTTCATTGTCGCATCG-1_GSM4013387,15
GTCACGGGTATGGTTC-1_GSM4013387,4
GGTGTTACAGTATGCT-1_GSM4013387,15
CCAATCCCATGTAAGA-1_GSM4013387,16
CGGAGCTGTATTCGTG-1_GSM4013387,15
CGTTAGAAGCAATATG-1_GSM4013387,11
AATCCAGCACGTCTCT-1_GSM4013387,15
GTTTCTACAATGAATG-1_GSM4013387,15
GCATACAAGAACAACT-1_GSM4013387,15
CCTAGCTCACCAGGCT-1_GSM4013387,6
GTAACTGCATGCGCAC-1_GSM4013387,16
TGGCGCACATGGGAAC-1_GSM4013387,15
CCTCTGACAAAGTCAA-1_GSM4013387,15
CGAACATGTGAGGCTA-1_GSM4013387,4
GCAATCATCTAACTTC-1_GSM4013387,10
ATGCGATGTAAGTAGT-1_GSM4013387,9
GTGTTAGGTCTAGCCG-1_GSM4013387,15
GCTTGAACATCCTAGA-1_GSM4013387,15
AGGGAGTAGATGTAAC-1_GSM4013387,9
CAACTAGCATCCAACA-1_GSM4013387,4
CATTCGCGTGATGCCC-1_GSM4013387,15
AGGTCCGCACGACTCG-1_GSM4013387,15
TTTCCTCGTTACGACT-1_GSM4013387,15
ACACCAAAGGACAGCT-1_GSM4013387,1
TGCTACCGTCGCATAT-1_GSM4013387,15
GGGTTGCCATGGTTGT-1_GSM4013387,15
CGTGTCTAGTACTTGC-1_GSM4013387,15
GACTACATCGTATCAG-1_GSM4013387,10
CAGGTGCAGGGTCTCC-1_GSM4013387,18
GCATACAAGGATGCGT-1_GSM4013387,6
TAAGAGAGTAAGGGAA-1_GSM4013387,15
TGACTTTGTACTTCTT-1_GSM4013387,15
GCGCGATCAAGAGGCT-1_GSM4013387,14
TACTTACCACCCAGTG-1_GSM4013387,16
GGATGTTAGAGACGAA-1_GSM4013387,14
CCGTTCATCTCAAACG-1_GSM4013387,15
CACCACTTCCGAACGC-1_GSM4013387,16
CAGTAACGTACCCAAT-1_GSM4013387,15
GACCAATCATGCCCGA-1_GSM4013387,15
GGTGCGTAGCACCGCT-1_GSM4013387,4
TTCGGTCGTCTAGAGG-1_GSM4013387,15
CCGTGGAGTCTAGAGG-1_GSM4013387,18
CGACTTCTCTCCGGTT-1_GSM4013387,15
AGTGTCATCAAGGTAA-1_GSM4013387,15
GGTGTTATCTTTCCTC-1_GSM4013387,12
TTAACTCCACAACGTT-1_GSM4013387,15
TACTTGTTCAGGTAAA-1_GSM4013387,15
ACATGGTAGATGTGTA-1_GSM4013387,14
CAGATCATCCTAAGTG-1_GSM4013387,14
GATTCAGTCTTTCCTC-1_GSM4013387,15
GATCTAGCAAGAGTCG-1_GSM4013387,15
TATCTCAGTCCGAGTC-1_GSM4013387,9
AACGTTGTCGGTGTCG-1_GSM4013387,15
GAGCAGAAGTCGATAA-1_GSM4013387,8
GCGAGAATCGCCGTGA-1_GSM4013387,5
TCAGGTAGTGACAAAT-1_GSM4013387,15
CTAGTGACAATCACAC-1_GSM4013387,15
CAGCGACGTTATCACG-1_GSM4013387,8
GGACAAGCACGAAGCA-1_GSM4013387,14
GATCGCGTCTGTACGA-1_GSM4013387,14
AGAGTGGGTCGCGAAA-1_GSM4013387,10
CACCAGGAGACGACGT-1_GSM4013387,15
TGGTTAGGTTGAGGTG-1_GSM4013387,18
CTGCTGTGTTGGTAAA-1_GSM4013387,15
CGGGTCAAGTTAAGTG-1_GSM4013387,15
TGGACGCCACTTCTGC-1_GSM4013387,15
CTGTGCTCAGATCGGA-1_GSM4013387,15
TACTTACAGCAATCTC-1_GSM4013387,6
ACATGGTTCTGTTGAG-1_GSM4013387,10
TCAACGAGTATCACCA-1_GSM4013387,10
CAGTCCTGTGTCAATC-1_GSM4013387,15
AGCTTGAGTCCGTCAG-1_GSM4013387,4
GACGGCTTCAAGAAGT-1_GSM4013387,4
TTTATGCAGCAATCTC-1_GSM4013387,4
ACGATACCATTGGCGC-1_GSM4013387,15
CCCATACCATAGAAAC-1_GSM4013387,3
TACGGGCCAATGCCAT-1_GSM4013387,4
GATCGATGTTGTTTGG-1_GSM4013387,11
AAACGGGAGCGATGAC-1_GSM4013387,10
AGGCCGTGTACCGGCT-1_GSM4013387,16
TACGGATCACTTAACG-1_GSM4013387,15
GCATACAGTCTGATTG-1_GSM4013387,18
TGCACCTAGGATGGTC-1_GSM4013387,15
TGGCGCAGTATTAGCC-1_GSM4013387,11
GGGAATGAGCGTCAAG-1_GSM4013387,15
GATGCTAAGCTAGCCC-1_GSM4013387,4
GCAGTTAAGCTGCCCA-1_GSM4013387,10
GAGTCCGAGTCATGCT-1_GSM4013387,15
TAAACCGAGAGCTATA-1_GSM4013387,16
TAAGAGATCACAAACC-1_GSM4013387,15
CGTTGGGCAGACAGGT-1_GSM4013387,15
AGGTCATGTACGCACC-1_GSM4013387,15
GGTATTGTCCTAGTGA-1_GSM4013387,10
TCGGTAAAGACAGAGA-1_GSM4013387,15
GGCGACTAGACTACAA-1_GSM4013387,18
AGCAGCCTCGTAGGTT-1_GSM4013387,15
CCATTCGCAGTAGAGC-1_GSM4013387,18
AAGGAGCTCTCTGAGA-1_GSM4013387,1
CGCCAAGAGACTAGAT-1_GSM4013387,10
CTAGTGACACGAAGCA-1_GSM4013387,18
AGTAGTCGTAAACGCG-1_GSM4013387,1
TTCTCCTAGTACGCGA-1_GSM4013387,11
GATTCAGCACATTTCT-1_GSM4013387,16
CTAAGACCAATTGCTG-1_GSM4013387,9
GTGCTTCGTGGCGAAT-1_GSM4013387,15
TCATTTGGTACCAGTT-1_GSM4013387,4
AACGTTGAGCGTGTCC-1_GSM4013387,4
TGACAACGTTCATGGT-1_GSM4013387,14
TGACAACGTAAGAGGA-1_GSM4013387,1
CGCTTCAGTATAGGTA-1_GSM4013387,14
CTGTGCTCAGCCTTTC-1_GSM4013387,15
TGTTCCGAGGTGATAT-1_GSM4013387,15
TGCTGCTAGCATCATC-1_GSM4013387,18
GTCCTCATCCGTAGGC-1_GSM4013387,15
AAGTCTGAGTTTAGGA-1_GSM4013387,15
AGAGCGAGTGACGGTA-1_GSM4013387,18
CGGAGCTCACGGTAGA-1_GSM4013387,18
CGAGAAGTCATGCATG-1_GSM4013387,15
CGGAGTCTCTTCAACT-1_GSM4013387,15
TCGCGAGAGGCGCTCT-1_GSM4013387,18
ACGGGCTTCTAACTCT-1_GSM4013387,18
TTGCGTCAGTGTTTGC-1_GSM4013387,18
TGCCCTAGTTGTACAC-1_GSM4013387,4
AGGGAGTAGGGATACC-1_GSM4013387,10
TTATGCTGTCCGAACC-1_GSM4013387,15
GTTACAGAGATCTGCT-1_GSM4013387,16
GACGTGCTCATGTCTT-1_GSM4013387,18
CGTGTCTAGGATGGAA-1_GSM4013387,9
CGATGTAAGCCCGAAA-1_GSM4013387,15
CGGACTGTCAGTTTGG-1_GSM4013387,8
GTACTCCGTTGTTTGG-1_GSM4013387,1
CGAGCCAGTAATAGCA-1_GSM4013387,15
ATTCTACTCAACCATG-1_GSM4013387,10
ACGGGTCTCCTAGTGA-1_GSM4013387,1
AACCGCGAGTCATCCA-1_GSM4013387,10
AGTGTCAGTGGTCTCG-1_GSM4013387,4
TTGTAGGTCCATGAAC-1_GSM4013387,15
CAGCGACTCCTCAACC-1_GSM4013387,16
AGGTCCGGTTGGGACA-1_GSM4013387,11
GCAGCCAAGGGAACGG-1_GSM4013387,4
GTTCGGGCACGCGAAA-1_GSM4013387,18
ACGGAGACATGTTCCC-1_GSM4013387,14
TACCTTAAGTACGCGA-1_GSM4013387,10
ACATACGGTCGAATCT-1_GSM4013387,15
TCACAAGAGTGGGCTA-1_GSM4013387,11
TAGGCATTCGGATGTT-1_GSM4013387,14
TTGGCAACATGCCTTC-1_GSM4013387,15
GAATAAGGTACGAAAT-1_GSM4013387,1
AGAATAGTCTGTACGA-1_GSM4013387,4
GGAAAGCAGTACGTTC-1_GSM4013387,14
CGCGGTACAGTAAGCG-1_GSM4013387,15
CGAATGTAGATAGCAT-1_GSM4013387,4
TCGTAGATCATCGGAT-1_GSM4013387,4
GTCGGGTCAGCTGCTG-1_GSM4013387,10
AGCTCTCAGCCACCTG-1_GSM4013387,8
ATCTACTTCGCGTAGC-1_GSM4013387,15
AGGCCACGTTTAAGCC-1_GSM4013387,15
GTCATTTTCATTCACT-1_GSM4013387,4
GTTACAGAGGGAACGG-1_GSM4013387,3
CCACCTACATCCGCGA-1_GSM4013387,14
CCGGTAGAGGTGGGTT-1_GSM4013387,15
CCTAAAGAGGTCGGAT-1_GSM4013387,10
GGATGTTGTTCAGGCC-1_GSM4013387,18
CGCCAAGCACATCCGG-1_GSM4013387,15
TTCTCAAAGTTACCCA-1_GSM4013387,15
TGGTTAGAGTCCTCCT-1_GSM4013387,8
TGGCTGGTCAGTTTGG-1_GSM4013387,15
CAGAATCCAGGAACGT-1_GSM4013387,8
TTCGAAGAGGCGATAC-1_GSM4013387,15
GGGAGATGTCATATCG-1_GSM4013387,15
GACTACACAAGTAGTA-1_GSM4013387,15
GTGGGTCCAAGTTCTG-1_GSM4013387,15
CTCTGGTAGACTAAGT-1_GSM4013387,10
TCTCATACAATCCAAC-1_GSM4013387,1
CTGAAGTGTACATCCA-1_GSM4013387,6
CGTAGCGAGGGTATCG-1_GSM4013387,11
CGACTTCCAAGCGAGT-1_GSM4013387,15
TCTTCGGGTGTCCTCT-1_GSM4013387,8
CGCTATCAGAATGTTG-1_GSM4013387,10
TGCTGCTAGAATGTGT-1_GSM4013387,11
CCATGTCGTTATCGGT-1_GSM4013387,4
TGCCCATTCCTCTAGC-1_GSM4013387,14
GGGAATGGTGGTACAG-1_GSM4013387,4
TTCTTAGCAATAACGA-1_GSM4013387,18
CATCAAGAGCGATATA-1_GSM4013387,9
TTAACTCTCGTCTGCT-1_GSM4013387,14
ACTTTCAGTGTTGGGA-1_GSM4013387,1
TCTTTCCCAAGGACTG-1_GSM4013387,4
TCTCATAGTCCTAGCG-1_GSM4013387,3
TTCTTAGAGCGCTTAT-1_GSM4013387,15
GGAGCAACATGCCCGA-1_GSM4013387,4
AGCGTATGTATCACCA-1_GSM4013387,4
CAGGTGCGTCCAGTAT-1_GSM4013387,4
CATATGGTCTCCCTGA-1_GSM4013387,15
CACAGGCCACCAGGTC-1_GSM4013387,15
CGTCACTGTGAAATCA-1_GSM4013387,10
CCAGCGATCTTATCTG-1_GSM4013387,14
CGTCACTGTTAAAGAC-1_GSM4013387,8
CTGTGCTGTTAAGATG-1_GSM4013387,15
TACTTGTGTCTTCAAG-1_GSM4013387,9
TTATGCTAGGAATTAC-1_GSM4013387,1
GGTATTGCATATACGC-1_GSM4013387,4
CAGTCCTAGACCACGA-1_GSM4013387,15
GATGCTACAGCTGCTG-1_GSM4013387,9
CAGCCGAAGGGATGGG-1_GSM4013387,4
GCCTCTATCCGCAAGC-1_GSM4013387,15
GGAGCAAAGTGAACGC-1_GSM4013387,4
AGGTCCGTCACATAGC-1_GSM4013387,6
CAACCAAAGAAAGTGG-1_GSM4013387,9
CATGACATCACTCTTA-1_GSM4013387,10
TTGACTTTCCTGCAGG-1_GSM4013387,4
AAAGCAAGTACGAAAT-1_GSM4013387,4
TTCTTAGTCGTCGTTC-1_GSM4013387,15
TCACAAGTCACCACCT-1_GSM4013387,16
CAACCAATCGCCAAAT-1_GSM4013387,15
GGTGCGTAGAAACGAG-1_GSM4013387,18
AGCTCTCTCTGGTTCC-1_GSM4013387,9
ACATCAGCAATAACGA-1_GSM4013387,1
ATCTACTTCTGTACGA-1_GSM4013387,4
AAACGGGCATGTCCTC-1_GSM4013387,8
AGACGTTTCTGTACGA-1_GSM4013387,4
CGCTATCAGAACAATC-1_GSM4013387,4
AGTCTTTCAGGTGGAT-1_GSM4013387,1
GAACCTACACTATCTT-1_GSM4013387,8
CTGAAGTTCAGGCCCA-1_GSM4013387,6
TTATGCTAGGGCTTGA-1_GSM4013387,11
TATCTCAGTAATCGTC-1_GSM4013387,12
CAGCTGGTCAACACCA-1_GSM4013387,1
GCATGCGGTCATCGGC-1_GSM4013387,15
AGTGTCAAGGAGTAGA-1_GSM4013387,16
AGCGGTCTCCCTGACT-1_GSM4013387,11
ACGAGGAGTTGGGACA-1_GSM4013387,1
AAGACCTTCCGCGGTA-1_GSM4013387,1
ATCATCTAGTAAGTAC-1_GSM4013387,8
CGTCAGGCATCTATGG-1_GSM4013387,14
TAGTTGGCAGTAGAGC-1_GSM4013387,14
TTTATGCCAGTCACTA-1_GSM4013387,11
CACCTTGCAAGCCGTC-1_GSM4013387,4
TCGTACCAGGGTCGAT-1_GSM4013387,4
CTCGGAGCACCCATTC-1_GSM4013387,8
CAGTAACAGCCGTCGT-1_GSM4013387,16
ACCAGTAAGGCCGAAT-1_GSM4013387,14
CGAGCACCAGGTGCCT-1_GSM4013387,4
GTCACGGTCGCCGTGA-1_GSM4013387,14
CACTCCAAGACTGTAA-1_GSM4013387,4
CTACATTTCTACCAGA-1_GSM4013387,0
AGAGTGGTCGCTAGCG-1_GSM4013387,15
AGATCTGCAATGGTCT-1_GSM4013387,16
TATCTCACAAGGTTCT-1_GSM4013387,14
CATCGAACAAGGTGTG-1_GSM4013387,14
GATCTAGCACGGTAAG-1_GSM4013387,3
TGTGTTTTCACGACTA-1_GSM4013387,3
AGCCTAACAGACAAAT-1_GSM4013387,9
AGTGTCAGTAGGCTGA-1_GSM4013387,9
GCACTCTTCAGGATCT-1_GSM4013387,0
ATAACGCGTTACTGAC-1_GSM4013387,16
GCATGATCATCGGGTC-1_GSM4013387,4
CTCTAATAGTGTACGG-1_GSM4013387,9
CTGTTTAGTCTTGCGG-1_GSM4013387,1
CAGCTAAAGGAGTTTA-1_GSM4013387,5
CACAGTAGTACGCTGC-1_GSM4013387,8
CCTCTGAAGAGACTTA-1_GSM4013387,14
TTCTTAGCACAGCCCA-1_GSM4013387,4
CACTCCAGTGCAGGTA-1_GSM4013387,6
ATAACGCGTTAAGTAG-1_GSM4013387,15
TGTCCCATCCTAGAAC-1_GSM4013387,14
TACCTTAAGCCAGGAT-1_GSM4013387,1
CTGTTTAGTACCAGTT-1_GSM4013387,14
GCCAAATCAGTGGAGT-1_GSM4013387,8
AACTCAGTCGTAGGTT-1_GSM4013387,6
TAAGAGACAGAGCCAA-1_GSM4013387,14
GAAGCAGTCCCATTAT-1_GSM4013387,1
TAGCCGGAGACAAAGG-1_GSM4013387,1
CATGGCGTCGTGGACC-1_GSM4013387,1
CTACACCCACAGGCCT-1_GSM4013387,8
GGATTACCAGCCTTGG-1_GSM4013387,14
ACACTGATCACCTTAT-1_GSM4013387,4
CAGCTAAGTGTTAAGA-1_GSM4013387,10
CACAGTAGTTATTCTC-1_GSM4013387,11
CCTAAAGGTCCAACTA-1_GSM4013387,4
TAGTGGTGTAATAGCA-1_GSM4013387,6
CTACATTGTGTTCTTT-1_GSM4013388,0
CGGGTCAGTAACGCGA-1_GSM4013388,0
AAATGCCAGTGATCGG-1_GSM4013388,0
GACCTGGCACGTAAGG-1_GSM4013388,2
AGGCCGTGTACAGTTC-1_GSM4013388,2
AACACGTAGCCTATGT-1_GSM4013388,0
CTAACTTCATTACCTT-1_GSM4013388,0
CAGCATAGTAAAGTCA-1_GSM4013388,0
GGGAGATGTTTGTTGG-1_GSM4013388,2
ACGCCGACACGTCAGC-1_GSM4013388,0
CTCGTACGTGACGCCT-1_GSM4013388,0
TACAGTGCATGCGCAC-1_GSM4013388,0
AGGTCATAGTGTACCT-1_GSM4013388,0
CAGCTAAAGGCTCTTA-1_GSM4013388,0
AGAATAGTCGGTGTCG-1_GSM4013388,0
TAGTTGGCAAGGACTG-1_GSM4013388,0
GCAAACTGTGTGGCTC-1_GSM4013388,0
GTACGTAGTTCGAATC-1_GSM4013388,0
TTATGCTGTCTCTCGT-1_GSM4013388,0
ACCCACTTCCAGATCA-1_GSM4013388,0
GTTACAGAGCGTTGCC-1_GSM4013388,0
CATCAGAAGAATGTTG-1_GSM4013388,0
CATCGAATCGCTGATA-1_GSM4013388,0
CGGACGTCAGCTCGCA-1_GSM4013388,0
CGTGAGCGTGTCGCTG-1_GSM4013388,0
ATAACGCAGCGTGAAC-1_GSM4013388,2
AGAGCGATCAGCTCGG-1_GSM4013388,2
TCTTCGGAGGCTAGGT-1_GSM4013388,0
GGCGTGTTCAGCGACC-1_GSM4013388,0
CAAGGCCGTGCCTGTG-1_GSM4013388,0
CATGACACAATGGATA-1_GSM4013388,0
CCTTCCCGTACCGCTG-1_GSM4013388,0
CCGTGGACAAACGTGG-1_GSM4013388,0
TTGACTTAGTGCTGCC-1_GSM4013388,5
GCGCCAAGTTACTGAC-1_GSM4013388,0
TAGTTGGCAATCTGCA-1_GSM4013388,0
GCGCAACCACTATCTT-1_GSM4013388,0
CTGAAACTCACAAACC-1_GSM4013388,0
GGAGCAAAGTGGGATC-1_GSM4013388,0
AATCGGTGTAAAGTCA-1_GSM4013388,11
GATCAGTTCTGCTGTC-1_GSM4013388,0
ATCACGACATTAGCCA-1_GSM4013388,0
TCACAAGCAATCAGAA-1_GSM4013388,0
CACCAGGGTTCCACGG-1_GSM4013388,0
AGATCTGGTGTAATGA-1_GSM4013388,0
GCTGCGACACTTAACG-1_GSM4013388,0
CGTTCTGAGATGTCGG-1_GSM4013388,0
CCTTCGATCGCATGGC-1_GSM4013388,0
GTTCGGGCACCAGGTC-1_GSM4013388,0
GTTCGGGTCGATAGAA-1_GSM4013388,0
TCCACACTCGCATGAT-1_GSM4013388,0
ATCATGGCACCGAAAG-1_GSM4013388,0
ACGATACGTTAAAGAC-1_GSM4013388,0
TGCTACCCAGCATACT-1_GSM4013388,0
GCGCGATTCGCCCTTA-1_GSM4013388,0
GCTCCTATCCTCCTAG-1_GSM4013388,11
TCGGTAACAGGAATCG-1_GSM4013388,5
TCACAAGAGATCTGAA-1_GSM4013388,0
CCGGGATAGTGCGATG-1_GSM4013388,0
CTAATGGCATACCATG-1_GSM4013388,4
TATCAGGTCGGCCGAT-1_GSM4013388,0
TTAGGACTCTAACCGA-1_GSM4013388,7
CATGACACATATACCG-1_GSM4013388,0
GGAGCAATCGTACCGG-1_GSM4013388,5
TGTCCCACATAGGATA-1_GSM4013388,5
GCTGCTTAGAGCTGGT-1_GSM4013388,0
CGCCAAGCAGTCCTTC-1_GSM4013388,0
GGGATGATCCTGCAGG-1_GSM4013388,7
AAAGCAACAGCATGAG-1_GSM4013388,5
TACGGATAGAGGGCTT-1_GSM4013388,0
CGTAGCGCATTAGGCT-1_GSM4013388,7
TGACTTTTCCCTCTTT-1_GSM4013388,0
CGTTGGGTCCTACAGA-1_GSM4013388,0
GAGCAGAGTCTCGTTC-1_GSM4013388,0
GTTAAGCCACATGTGT-1_GSM4013388,7
TAAGAGAGTCTCCATC-1_GSM4013388,7
CCTATTATCTGTGCAA-1_GSM4013388,7
CCTTACGTCGGATGGA-1_GSM4013388,0
ATCCACCTCGACAGCC-1_GSM4013388,6
TGGTTAGTCCGTCATC-1_GSM4013388,0
CTGCTGTAGTGGACGT-1_GSM4013388,11
CGGAGCTGTCGCTTTC-1_GSM4013388,5
CTAGTGACACCTATCC-1_GSM4013388,0
GTGCAGCAGAGTGACC-1_GSM4013388,12
TCGTACCAGGCCATAG-1_GSM4013388,5
TCGAGGCCAATCCGAT-1_GSM4013388,7
AACACGTTCAACGGGA-1_GSM4013388,5
CTGCGGACAGCTCCGA-1_GSM4013388,2
GACGGCTTCGGAAACG-1_GSM4013388,7
CACATTTAGCGTGAAC-1_GSM4013388,7
CGTAGCGAGCTTATCG-1_GSM4013388,0
GTGTGCGAGGGAAACA-1_GSM4013388,7
ATGCGATAGCCAGGAT-1_GSM4013388,0
ATCACGACACTGTCGG-1_GSM4013388,7
GGTGTTAAGAAGGTGA-1_GSM4013388,7
GCATGATAGTGTCCAT-1_GSM4013388,0
ACGATACCAAGCTGGA-1_GSM4013388,7
AGGCCGTTCTAACTGG-1_GSM4013388,22
GTCATTTAGGCATTGG-1_GSM4013388,0
CCGGGATTCTGCGACG-1_GSM4013388,7
ACCAGTAGTTCCATGA-1_GSM4013388,0
CTGCCTATCCAAAGTC-1_GSM4013388,5
ATTGGTGAGCGTTCCG-1_GSM4013388,5
ATTTCTGTCCGCGCAA-1_GSM4013388,7
ACCCACTTCTTTACGT-1_GSM4013388,7
GCATACATCGGTCTAA-1_GSM4013388,0
AAGACCTTCGGTTCGG-1_GSM4013388,0
GCTGCTTAGAACTCGG-1_GSM4013388,5
TACTTGTAGATAGGAG-1_GSM4013388,1
CCTCAGTAGGATTCGG-1_GSM4013388,0
TATCAGGCAAGCGTAG-1_GSM4013388,0
GGGTCTGAGAATCTCC-1_GSM4013388,0
AGGTCATCACCATCCT-1_GSM4013388,5
TGAGGGATCTCAACTT-1_GSM4013388,7
AGCGGTCCAGACGCCT-1_GSM4013388,5
GCACATACAGCTATTG-1_GSM4013388,1
GTTCTCGTCCGCATCT-1_GSM4013388,7
AGGCCGTGTGAAAGAG-1_GSM4013388,7
ATGAGGGCAGCTCGAC-1_GSM4013388,0
CGCCAAGTCGAACGGA-1_GSM4013388,7
TTCGAAGAGGTCGGAT-1_GSM4013388,0
TATTACCCAGTATAAG-1_GSM4013388,7
ATTCTACTCGAGGTAG-1_GSM4013388,7
CGTCAGGGTCCCTTGT-1_GSM4013388,7
CTGCGGAAGGATCGCA-1_GSM4013388,5
ACGAGCCCAATAGCGG-1_GSM4013388,7
ACGCAGCTCCCTAATT-1_GSM4013388,1
TCTTCGGGTTAGATGA-1_GSM4013388,7
CTGAAACTCGGTGTTA-1_GSM4013388,12
AGCGTATGTGAGGCTA-1_GSM4013388,7
CCGTGGACATTCTTAC-1_GSM4013388,7
AGAGCTTTCAGTGCAT-1_GSM4013388,5
AAAGCAAGTGTTTGTG-1_GSM4013388,0
GTTCATTGTCTAGCCG-1_GSM4013388,7
TACACGAAGCTGGAAC-1_GSM4013388,0
GAGGTGATCACCTCGT-1_GSM4013388,5
CTAACTTTCCAAGCCG-1_GSM4013388,0
GCTCCTATCCTTGCCA-1_GSM4013388,0
ATTTCTGTCGGCCGAT-1_GSM4013388,7
GCAATCAGTTGTCTTT-1_GSM4013388,0
ACAGCTACAGAGTGTG-1_GSM4013388,7
CAAGTTGTCTAACTCT-1_GSM4013388,5
CCTCTGAGTAAGTTCC-1_GSM4013388,5
CAGAGAGAGTTAACGA-1_GSM4013388,12
CAGTCCTTCTTCGGTC-1_GSM4013388,9
CAGAGAGTCAAGCCTA-1_GSM4013388,5
GCATGATCAGACGCTC-1_GSM4013388,0
TCTGAGAAGCACGCCT-1_GSM4013388,11
AACCGCGTCGAACGGA-1_GSM4013388,0
CCTTACGGTCTCGTTC-1_GSM4013388,5
AGGGTGAGTTGTTTGG-1_GSM4013388,5
CGACTTCTCTGTCTAT-1_GSM4013388,5
GGTGTTAAGAGATGAG-1_GSM4013388,5
ACTGTCCCACGGATAG-1_GSM4013388,7
GTATCTTCACTTACGA-1_GSM4013388,19
GGCGACTCAATCGGTT-1_GSM4013388,9
CCATGTCGTTAGGGTG-1_GSM4013388,7
ATGCGATAGGCCCGTT-1_GSM4013388,7
TACGGATGTCTGATTG-1_GSM4013388,0
ACCTTTAGTTACTGAC-1_GSM4013388,7
CTGCGGATCGGCGGTT-1_GSM4013388,7
CACATTTCAGTAAGAT-1_GSM4013388,0
GGAAAGCAGAACAATC-1_GSM4013388,0
AAGGCAGCAATCAGAA-1_GSM4013388,6
TACACGACATGGGAAC-1_GSM4013388,5
TCATTACGTAGCGTAG-1_GSM4013388,0
GTGAAGGGTCTAGTCA-1_GSM4013388,9
TACTCATTCCCATTTA-1_GSM4013388,9
CCTTTCTGTCTAAACC-1_GSM4013388,9
GTTCGGGCACCGGAAA-1_GSM4013388,10
GAGGTGACATCACAAC-1_GSM4013388,0
AAGGAGCCAATGCCAT-1_GSM4013388,1
TGGCCAGAGTGACTCT-1_GSM4013388,8
CGGAGCTAGCAATATG-1_GSM4013388,8
CCTCTGAAGGCAAAGA-1_GSM4013388,0
ACAGCCGTCTGGTATG-1_GSM4013388,7
GCGACCACATCCGTGG-1_GSM4013388,5
ATCATGGCAAGCCCAC-1_GSM4013388,11
CGATTGACAAAGCAAT-1_GSM4013388,1
TGTGGTACATCTGGTA-1_GSM4013388,9
TCAGGATGTTCTGGTA-1_GSM4013388,11
ACCAGTAAGTTCGCAT-1_GSM4013388,5
CCACCTAGTTCCACAA-1_GSM4013388,5
ATTGGTGAGGTAGCTG-1_GSM4013388,9
TGTGGTATCACCCTCA-1_GSM4013388,7
TATGCCCCATGAGCGA-1_GSM4013388,11
CTCGAGGAGCAGGCTA-1_GSM4013388,7
TAGGCATAGATAGGAG-1_GSM4013388,5
GATCGTACATAACCTG-1_GSM4013388,13
TAAGTGCAGATGTCGG-1_GSM4013388,5
TACCTTATCTGCGTAA-1_GSM4013388,0
GGCGTGTTCTTGGGTA-1_GSM4013388,5
GACTAACAGGTCATCT-1_GSM4013388,7
GACTAACAGTCTCAAC-1_GSM4013388,0
TTCGGTCCAGTACACT-1_GSM4013388,9
CCCAGTTTCCTACAGA-1_GSM4013388,13
TTTGGTTCAGCGTCCA-1_GSM4013388,1
CCTTTCTTCTTATCTG-1_GSM4013388,8
GATCTAGGTTCCATGA-1_GSM4013388,8
TGCGGGTGTTTAGGAA-1_GSM4013388,7
GTGCAGCCATTCTCAT-1_GSM4013388,0
GCTCCTATCACAACGT-1_GSM4013388,14
TAGAGCTAGATGTAAC-1_GSM4013388,0
CGTTAGAGTCCTCTTG-1_GSM4013388,8
TCGTAGATCTGCGTAA-1_GSM4013388,1
CATCAAGAGAGCTGGT-1_GSM4013388,5
CTGCCTATCACCAGGC-1_GSM4013388,0
AAACCTGAGTGAAGAG-1_GSM4013388,5
CGATTGAAGGCAGTCA-1_GSM4013388,5
CGTCCATGTCGAGATG-1_GSM4013388,0
CGTCAGGGTTATGTGC-1_GSM4013388,1
ACTGATGAGACATAAC-1_GSM4013388,5
CCCAGTTAGATGGGTC-1_GSM4013388,5
GACGCGTTCGTTGACA-1_GSM4013388,8
TAAGTGCTCTCCTATA-1_GSM4013388,5
CTTACCGTCGAGGTAG-1_GSM4013388,0
GGCTGGTAGACAGGCT-1_GSM4013388,5
GACTAACGTCTAAAGA-1_GSM4013388,7
TATGCCCGTAGCTTGT-1_GSM4013388,15
GCAATCAAGGAGTCTG-1_GSM4013388,8
AAAGCAAGTGCACTTA-1_GSM4013388,5
ACTTGTTCATGCCCGA-1_GSM4013388,5
ACGCCGAGTGCAGGTA-1_GSM4013388,8
AGAATAGCAGGACGTA-1_GSM4013388,1
AAACGGGTCATCGGAT-1_GSM4013388,13
CTACACCGTGAAAGAG-1_GSM4013388,0
GTTAAGCCAGCCTTGG-1_GSM4013388,8
TTTGCGCTCTCTGAGA-1_GSM4013388,5
CTCACACTCAAACCAC-1_GSM4013388,7
TGTGGTATCGTCTGCT-1_GSM4013388,5
CCGTTCAGTATGCTTG-1_GSM4013388,1
ACTTACTAGAGTTGGC-1_GSM4013388,10
CAGCTAATCACTTATC-1_GSM4013388,8
TCCCGATGTCTGCCAG-1_GSM4013388,13
TGTATTCGTGTTGAGG-1_GSM4013388,8
CTTACCGTCGGTGTCG-1_GSM4013388,0
TACCTATCACATCTTT-1_GSM4013388,8
ACAGCCGAGCTCCTCT-1_GSM4013388,7
TTTACTGGTAAGAGAG-1_GSM4013388,10
CTCGGAGTCCGATATG-1_GSM4013388,9
CGAGCACAGAGGTTGC-1_GSM4013388,0
GTTTCTAAGTCGCCGT-1_GSM4013388,7
GGGACCTAGCGATCCC-1_GSM4013388,8
ACGTCAACACGCTTTC-1_GSM4013388,0
GTCTTCGAGCAGGCTA-1_GSM4013388,6
CGTTAGAGTTCAGACT-1_GSM4013388,8
CAGCAGCCAACACGCC-1_GSM4013388,8
GACTAACAGCTAGGCA-1_GSM4013388,13
ACGGGTCGTTATTCTC-1_GSM4013388,8
TCAGATGCACTAAGTC-1_GSM4013388,5
CTTACCGGTACATGTC-1_GSM4013388,17
TACAGTGAGTTTCCTT-1_GSM4013388,8
CGGACTGGTTCGCTAA-1_GSM4013388,8
ACGAGCCGTGAAATCA-1_GSM4013388,5
CAAGGCCCATCAGTAC-1_GSM4013388,0
TCAATCTTCTCTGAGA-1_GSM4013388,8
GGTGAAGGTTCTGGTA-1_GSM4013388,7
GGTATTGTCTTCCTTC-1_GSM4013388,13
CAGAATCCAATCAGAA-1_GSM4013388,14
CCCAATCCAATGTTGC-1_GSM4013388,9
AACGTTGTCCCTGACT-1_GSM4013388,12
TGCGCAGTCTCATTCA-1_GSM4013388,11
CAACTAGGTGACAAAT-1_GSM4013388,0
CCAGCGACAGGCAGTA-1_GSM4013388,12
TAAGCGTCATCGGGTC-1_GSM4013388,6
CAACCTCTCGTAGGTT-1_GSM4013388,0
TTGACTTTCTCTAAGG-1_GSM4013388,8
GACTACATCAGTGTTG-1_GSM4013388,13
AAATGCCTCTTGACGA-1_GSM4013388,9
ACAGCCGGTTCAGCGC-1_GSM4013388,9
CATATTCTCCGAAGAG-1_GSM4013388,12
CGAACATGTCCAAGTT-1_GSM4013388,1
CGATGTAAGCCGCCTA-1_GSM4013388,1
GGCTCGAAGCTGTTCA-1_GSM4013388,9
AGAGCTTGTACAGCAG-1_GSM4013388,5
CCTACCAAGGATGGAA-1_GSM4013388,13
GGCAATTGTTCGGCAC-1_GSM4013388,8
GCACATATCCGCATAA-1_GSM4013388,5
ACGCCAGAGAGCTTCT-1_GSM4013388,13
ACATGGTTCATCTGCC-1_GSM4013388,5
GCATGTATCGAACTGT-1_GSM4013388,8
GACAGAGTCGCCATAA-1_GSM4013388,4
CGACCTTAGTCAAGCG-1_GSM4013388,8
CTACACCAGTATGACA-1_GSM4013388,13
GAAACTCCATCTATGG-1_GSM4013388,0
TTCTCAACAGCTGTGC-1_GSM4013388,13
GGACGTCCACACTGCG-1_GSM4013388,1
CTCGGAGGTCGAATCT-1_GSM4013388,8
AGCCTAATCACTGGGC-1_GSM4013388,0
GGAAAGCAGTGGTCCC-1_GSM4013388,5
ACCCACTAGCTTCGCG-1_GSM4013388,13
GTATTCTTCTCGAGTA-1_GSM4013388,8
CTAACTTGTATAGTAG-1_GSM4013388,15
GACCTGGTCTTGAGAC-1_GSM4013388,21
TTGAACGTCCAGGGCT-1_GSM4013388,13
TCAGATGTCAGTGTTG-1_GSM4013388,7
GAACATCCACCAGTTA-1_GSM4013388,5
CGTCACTGTCCGAATT-1_GSM4013388,4
AGATCTGGTGGCCCTA-1_GSM4013388,8
GAGGTGAGTTAAGGGC-1_GSM4013388,12
TGTCCCATCGTACCGG-1_GSM4013388,10
TTAACTCGTCTACCTC-1_GSM4013388,8
GACCAATCACAGTCGC-1_GSM4013388,9
TCATTTGCATCTCGCT-1_GSM4013388,8
GGAATAAGTATAATGG-1_GSM4013388,10
GCTCCTAGTAAAGTCA-1_GSM4013388,3
GGGACCTCAGACGCCT-1_GSM4013388,4
CATTATCTCCGCGCAA-1_GSM4013388,13
ACCAGTATCCTTTACA-1_GSM4013388,5
CACACCTGTTGTACAC-1_GSM4013388,11
ACACCGGTCTCTAAGG-1_GSM4013388,13
TGCTACCGTCACCTAA-1_GSM4013388,14
CAGTCCTTCATGTAGC-1_GSM4013388,9
GGCTCGACATAAAGGT-1_GSM4013388,8
GAGGTGAGTCAGAATA-1_GSM4013388,10
ATGAGGGAGTCGCCGT-1_GSM4013388,9
AGCCTAACATACGCCG-1_GSM4013388,15
GTAACTGCAATGTTGC-1_GSM4013388,15
CATTCGCAGTACATGA-1_GSM4013388,5
ACGGGTCAGTGAAGAG-1_GSM4013388,13
GTTACAGGTGAAGGCT-1_GSM4013388,1
ATCATCTGTTCAGCGC-1_GSM4013388,1
GGGCATCCAAACTGTC-1_GSM4013388,5
AACTCCCCACATTTCT-1_GSM4013388,8
TGCCCATCATGTTGAC-1_GSM4013388,5
ACTGAACTCCAACCAA-1_GSM4013388,13
GACAGAGAGGCTAGGT-1_GSM4013388,13
GTACTCCCACGGTGTC-1_GSM4013388,13
TTCTCAACACGCATCG-1_GSM4013388,11
CTTTGCGCAGAGCCAA-1_GSM4013388,8
CGTTCTGTCCTAAGTG-1_GSM4013388,13
TAGCCGGTCGTCCGTT-1_GSM4013388,11
CTGATCCAGACCGGAT-1_GSM4013388,1
TTTACTGTCTCACATT-1_GSM4013388,9
GACGGCTTCGGCATCG-1_GSM4013388,8
GACTGCGGTGAGGGAG-1_GSM4013388,8
GTACTCCCATCACGTA-1_GSM4013388,15
TGAGAGGGTGACTACT-1_GSM4013388,18
TTAGTTCAGAGGGATA-1_GSM4013388,12
TGCGTGGTCTCCAGGG-1_GSM4013388,8
CGCGGTAGTTATCCGA-1_GSM4013388,18
TATCTCAAGCACAGGT-1_GSM4013388,5
AAAGCAATCCTATGTT-1_GSM4013388,15
CGTAGCGAGTACCGGA-1_GSM4013388,0
CGGACGTTCTCAAGTG-1_GSM4013388,8
TCGTAGACAGCGAACA-1_GSM4013388,8
ACTGCTCTCCGTTGTC-1_GSM4013388,10
TCTCATACAGGCAGTA-1_GSM4013388,16
CTTCTCTAGCTGCCCA-1_GSM4013388,8
GGAATAAGTCATTAGC-1_GSM4013388,5
CGAGCCAAGACAAAGG-1_GSM4013388,13
ATTCTACGTGGCCCTA-1_GSM4013388,15
GTCAAGTCATGCGCAC-1_GSM4013388,10
GAAGCAGTCGAGAGCA-1_GSM4013388,12
TGTGGTAAGCGCCTTG-1_GSM4013388,8
AGAATAGCAGCCACCA-1_GSM4013388,6
GATCGCGTCTTAGCCC-1_GSM4013388,9
GTGCTTCAGTTAGCGG-1_GSM4013388,17
TAGTTGGCAGACGCTC-1_GSM4013388,12
AACCATGCAGCTGTGC-1_GSM4013388,13
ATTGGTGAGTGACTCT-1_GSM4013388,15
ATCACGATCCAGTATG-1_GSM4013388,8
AGCGTATCAACGCACC-1_GSM4013388,4
CCGTGGATCACAGTAC-1_GSM4013388,10
CTGAAGTAGAGTGACC-1_GSM4013388,18
GTAACTGCATGGTCTA-1_GSM4013388,6
GCGGGTTAGTGGCACA-1_GSM4013388,8
GTATTCTAGACAAAGG-1_GSM4013388,8
GCATGTATCACTATTC-1_GSM4013388,6
AACTCTTAGAGTACCG-1_GSM4013388,12
GGATGTTGTCAGTGGA-1_GSM4013388,13
GTGCGGTAGGCAGGTT-1_GSM4013388,8
ACAGCTATCGACAGCC-1_GSM4013388,13
CTCACACTCTAGAGTC-1_GSM4013388,13
TCATTTGGTTACGACT-1_GSM4013388,8
GACGTGCGTTAGTGGG-1_GSM4013388,5
CAAGATCCACGAGAGT-1_GSM4013388,8
CAGCTGGTCGAGCCCA-1_GSM4013388,13
GGCTGGTCAGCTGTGC-1_GSM4013388,6
TTAGGCAAGCCACGCT-1_GSM4013388,18
GCGCAACTCGCCTGTT-1_GSM4013388,10
CGTAGGCTCGATAGAA-1_GSM4013388,4
AGCTCTCGTGGCCCTA-1_GSM4013388,13
ATTGGACCATGTTGAC-1_GSM4013388,18
GTGTTAGTCAACGAAA-1_GSM4013388,5
ACGGGTCGTTGGTGGA-1_GSM4013388,8
TAAGTGCCACATGGGA-1_GSM4013388,8
TACGGTAAGATCGGGT-1_GSM4013388,14
CACCACTAGTCGATAA-1_GSM4013388,18
TTGCCGTTCCCTTGCA-1_GSM4013388,5
AAACGGGTCGTTTGCC-1_GSM4013388,11
GGAACTTTCCTTTCTC-1_GSM4013388,9
GATCAGTGTCCGACGT-1_GSM4013388,13
CGATCGGCAGACAAAT-1_GSM4013388,18
AGAATAGCAATCCAAC-1_GSM4013388,11
TGGTTCCGTTGCCTCT-1_GSM4013388,11
CATATTCAGCTCCCAG-1_GSM4013388,18
AGCGTCGCATACTCTT-1_GSM4013388,9
TTGGCAAAGTGTACGG-1_GSM4013388,13
ATCCGAATCTTCCTTC-1_GSM4013388,4
GCGACCACACATGTGT-1_GSM4013388,5
CACAAACCATGCCTTC-1_GSM4013388,13
GCGAGAAGTTACTGAC-1_GSM4013388,14
GATGAGGTCAGCACAT-1_GSM4013388,14
TGAAAGAAGGAGTAGA-1_GSM4013388,3
TGCTGCTTCTCGAGTA-1_GSM4013388,15
CACTCCATCCCATTAT-1_GSM4013388,15
GTCGGGTCATGTCTCC-1_GSM4013388,8
GAATAAGGTATCAGTC-1_GSM4013388,10
AAACGGGCAGTACACT-1_GSM4013388,15
GCATACACATTGAGCT-1_GSM4013388,11
TCGGGACGTGTGGCTC-1_GSM4013388,5
ATCATGGGTAAGAGAG-1_GSM4013388,18
CTCGGAGCAGGAATCG-1_GSM4013388,8
ACTGAACAGGGTTCCC-1_GSM4013388,18
CTCATTATCAACGCTA-1_GSM4013388,15
AGTGAGGTCACAATGC-1_GSM4013388,8
GCCTCTACATACAGCT-1_GSM4013388,1
CTGTGCTCATATGGTC-1_GSM4013388,9
CATCAGAGTACCGTTA-1_GSM4013388,8
AAAGTAGCATCTGGTA-1_GSM4013388,15
GTATCTTAGAAACGAG-1_GSM4013388,8
AATCGGTCAGTTCCCT-1_GSM4013388,13
ATGAGGGTCTCTGTCG-1_GSM4013388,15
GCTGGGTAGAGGGATA-1_GSM4013388,10
CTCTGGTTCGAACGGA-1_GSM4013388,11
CATTATCAGCCCAACC-1_GSM4013388,18
CTACATTCATAAGACA-1_GSM4013388,15
GGATGTTAGCTAAGAT-1_GSM4013388,13
CGGACGTGTAGATTAG-1_GSM4013388,13
AAGGAGCTCACAACGT-1_GSM4013388,14
CAACCTCCAGATGGGT-1_GSM4013388,11
CGTGAGCAGCTAACAA-1_GSM4013388,5
AGGCCGTTCCAGAGGA-1_GSM4013388,13
TAGACCAGTCAGAGGT-1_GSM4013388,18
AACTCAGAGTATGACA-1_GSM4013388,18
TGCCAAAGTCCAAGTT-1_GSM4013388,8
GAACCTATCACGGTTA-1_GSM4013388,18
TTAGGACCAACACCTA-1_GSM4013388,15
AGACGTTCAGCTATTG-1_GSM4013388,5
ATCATCTAGTACGATA-1_GSM4013388,15
ATCTGCCCAAGCCGTC-1_GSM4013388,9
GCCAAATGTGCGATAG-1_GSM4013388,8
CGACCTTTCTGCGACG-1_GSM4013388,5
GCAAACTTCTTGCATT-1_GSM4013388,14
CGTCACTCAAGTCTAC-1_GSM4013388,16
AGAGCGATCGTATCAG-1_GSM4013388,11
CACAAACGTGCAGACA-1_GSM4013388,18
GCAGTTACATCCCACT-1_GSM4013388,9
ATAGACCTCGGCGCTA-1_GSM4013388,15
CTCACACGTTAAGAAC-1_GSM4013388,17
AGCTTGAAGCAGGTCA-1_GSM4013388,14
TTCGGTCGTCTAGGTT-1_GSM4013388,15
AAGTCTGAGCTCTCGG-1_GSM4013388,18
ATAAGAGGTCCGAATT-1_GSM4013388,1
CCCATACTCCAGAGGA-1_GSM4013388,13
CTGCGGATCATCGGAT-1_GSM4013388,18
TCACAAGGTTTGGGCC-1_GSM4013388,18
TGCTGCTAGTTCGATC-1_GSM4013388,15
CGAGCCATCGCCGTGA-1_GSM4013388,14
TTATGCTGTTGTGGAG-1_GSM4013388,18
TGGTTAGTCCGCAGTG-1_GSM4013388,15
ACGCCGACAGGCTCAC-1_GSM4013388,15
TTTATGCGTATAGGGC-1_GSM4013388,9
CAACTAGAGACCTAGG-1_GSM4013388,18
CTGAAACCAATGCCAT-1_GSM4013388,13
TAAGAGAAGCAATATG-1_GSM4013388,18
ACGGCCACACCATCCT-1_GSM4013388,6
CCATTCGGTACGCTGC-1_GSM4013388,15
AGCATACAGCAACGGT-1_GSM4013388,13
AGGCCGTCACAGAGGT-1_GSM4013388,18
GTAACTGTCTATCCTA-1_GSM4013388,12
TCATTTGAGCTCTCGG-1_GSM4013388,16
CCATTCGAGGCACATG-1_GSM4013388,18
TTGTAGGAGTTGCAGG-1_GSM4013388,14
TGACTTTGTTGCTCCT-1_GSM4013388,8
ACGTCAACAAGCTGGA-1_GSM4013388,12
GTAGGCCTCTAACTCT-1_GSM4013388,14
ACACTGAAGTACCGGA-1_GSM4013388,1
GAAATGAAGAGTAAGG-1_GSM4013388,18
GCGCAGTCAAACAACA-1_GSM4013388,10
GGAACTTTCTTGTCAT-1_GSM4013388,8
ACGGAGATCTTGTATC-1_GSM4013388,0
TTCTTAGTCGCGTAGC-1_GSM4013388,8
CTGAAACCATACGCTA-1_GSM4013388,11
TCTATTGAGTCCAGGA-1_GSM4013388,9
GAGGTGATCGGGAGTA-1_GSM4013388,15
CATCCACGTACCAGTT-1_GSM4013388,15
AGTGTCACACGGCTAC-1_GSM4013388,18
CATGCCTAGGATGGTC-1_GSM4013388,15
TTCTTAGTCAGCTGGC-1_GSM4013388,9
AGTGAGGTCATAAAGG-1_GSM4013388,18
TCTCATAAGTCGTACT-1_GSM4013388,18
TGCACCTAGCGGATCA-1_GSM4013388,15
CTGCCTATCGGCGGTT-1_GSM4013388,18
CAGCCGAGTGCACCAC-1_GSM4013388,11
TTCCCAGAGGATGTAT-1_GSM4013388,15
GCTGGGTGTTACCGAT-1_GSM4013388,9
AGCAGCCCACCCATGG-1_GSM4013388,14
AGTTGGTGTACTCGCG-1_GSM4013388,14
AGACGTTTCACAGTAC-1_GSM4013388,11
CATATTCCACCATGTA-1_GSM4013388,15
GTCGTAAAGTCAATAG-1_GSM4013388,16
CAGAGAGCATGAAGTA-1_GSM4013388,15
CACATAGCACGTAAGG-1_GSM4013388,11
CAAGATCCACGTTGGC-1_GSM4013388,18
GGTATTGTCTGTTTGT-1_GSM4013388,9
ATCTGCCCAGACACTT-1_GSM4013388,4
TGGACGCCAGTCGTGC-1_GSM4013388,18
ACCAGTACAGGACGTA-1_GSM4013388,15
ATGCGATAGACAGAGA-1_GSM4013388,1
GAACCTATCAAAGACA-1_GSM4013388,15
GGACAGAGTTTCGCTC-1_GSM4013388,9
CATATGGCATCCCACT-1_GSM4013388,15
CATGCCTGTACCGAGA-1_GSM4013388,6
TGCCAAACATCCGGGT-1_GSM4013388,1
GGGCATCTCAGTTCGA-1_GSM4013388,14
TGTTCCGCAGGCGATA-1_GSM4013388,11
AGTCTTTGTGGCCCTA-1_GSM4013388,18
GGGTTGCCATTACGAC-1_GSM4013388,10
CTCGAAACAGGTTTCA-1_GSM4013388,15
CAACCTCGTTCCCGAG-1_GSM4013388,18
CATATTCAGATGTGTA-1_GSM4013388,18
TTGCGTCGTACATGTC-1_GSM4013388,18
AACTGGTGTCCGAATT-1_GSM4013388,9
TGTATTCCACTACAGT-1_GSM4013388,18
CCACTACTCCTTGCCA-1_GSM4013388,15
CCTATTATCTTGGGTA-1_GSM4013388,5
CCGGGATAGCCAGTTT-1_GSM4013388,11
TCATTTGGTAAATGTG-1_GSM4013388,18
AGAGTGGCATGCCTAA-1_GSM4013388,18
AGGTCCGAGCTAAACA-1_GSM4013388,0
AAAGATGCAAAGAATC-1_GSM4013388,8
TGAGAGGGTTAAGGGC-1_GSM4013388,16
AGGTCCGTCATTATCC-1_GSM4013388,9
GCTGGGTCAAGCGAGT-1_GSM4013388,15
ACGGAGACATATGCTG-1_GSM4013388,18
GCGCAGTAGGCGACAT-1_GSM4013388,21
GACTACACACTGTGTA-1_GSM4013388,12
TGTTCCGTCTGAAAGA-1_GSM4013388,4
TAGAGCTCATATACCG-1_GSM4013388,8
TGGTTCCGTTCCACTC-1_GSM4013388,18
ACTATCTGTAGATTAG-1_GSM4013388,18
AACTCTTCACACGCTG-1_GSM4013388,15
GGCAATTGTGCCTTGG-1_GSM4013388,18
AAAGTAGAGATATACG-1_GSM4013388,18
GCTTGAAGTCATTAGC-1_GSM4013388,13
CATCCACTCTTGTACT-1_GSM4013388,15
TATCTCAGTAAACACA-1_GSM4013388,18
CTCGAGGCATTGTGCA-1_GSM4013388,16
CTAACTTGTAAACACA-1_GSM4013388,4
GAATGAAAGTGTCCCG-1_GSM4013388,15
GTATCTTAGTTAGGTA-1_GSM4013388,14
CAGCCGACACCCATGG-1_GSM4013388,15
TTCCCAGGTTGATTGC-1_GSM4013388,18
CTAGTGACACGGCGTT-1_GSM4013388,18
AGCATACAGTCGTACT-1_GSM4013388,18
ATCTACTTCCAAATGC-1_GSM4013388,9
GGCAATTTCCCGACTT-1_GSM4013388,18
AGTGTCAAGAGTAATC-1_GSM4013388,9
AGAGCGAGTCGACTGC-1_GSM4013388,15
GACTAACAGTGTTAGA-1_GSM4013388,15
TACTTACTCTGCCAGG-1_GSM4013388,4
CAGCTGGTCAACTCTT-1_GSM4013388,14
CGCTATCTCCTTTCTC-1_GSM4013388,8
TCGGGACGTTGGTAAA-1_GSM4013388,13
GGTGAAGCAAACAACA-1_GSM4013388,8
CGACCTTTCGCTTGTC-1_GSM4013388,5
TTTCCTCAGAGTCTGG-1_GSM4013388,18
CTCGTCAGTCTGATCA-1_GSM4013388,18
TTAGGCACAAGCTGTT-1_GSM4013388,10
AGTGAGGCACGAAAGC-1_GSM4013388,18
TACGGTAAGTAATCCC-1_GSM4013388,15
CGAACATTCTACCTGC-1_GSM4013388,18
CGGCTAGCATCCTAGA-1_GSM4013388,18
CTCCTAGGTGATGTGG-1_GSM4013388,11
GACAGAGTCAGAGACG-1_GSM4013388,18
TCTTCGGAGTGCCAGA-1_GSM4013388,8
TCTGGAACAATCGAAA-1_GSM4013388,18
GGGAGATGTCATATGC-1_GSM4013388,12
GGGATGATCCGGGTGT-1_GSM4013388,18
TATGCCCTCATGTGGT-1_GSM4013388,18
GAATAAGAGTTAGGTA-1_GSM4013388,18
GAATGAACAGCCAGAA-1_GSM4013388,14
TTGAACGTCACCTCGT-1_GSM4013388,18
TACGGTAGTCGTCTTC-1_GSM4013388,15
ATCATGGGTCCAACTA-1_GSM4013388,16
ATTTCTGTCTAGCACA-1_GSM4013388,18
ATTATCCTCCGGCACA-1_GSM4013388,18
GTGTTAGGTTAAGTAG-1_GSM4013388,18
CTAGAGTCAATAGCAA-1_GSM4013388,18
TGGCTGGAGGTGCTTT-1_GSM4013388,4
AAGGCAGTCCTATTCA-1_GSM4013388,10
GTAACTGAGCATCATC-1_GSM4013388,16
TAGTTGGCAAACTGTC-1_GSM4013388,18
CACAAACCAAGGTTTC-1_GSM4013388,18
CCTACCAAGACTAGGC-1_GSM4013388,5
ATAAGAGGTACGCTGC-1_GSM4013388,18
GAGGTGAAGAGTTGGC-1_GSM4013388,16
CCGTTCAAGCTGCGAA-1_GSM4013388,18
GAACATCGTCCAGTTA-1_GSM4013388,18
TCAACGACATTTGCCC-1_GSM4013388,14
AGCGTATTCCTCATTA-1_GSM4013388,14
ACTATCTTCACAAACC-1_GSM4013388,18
ATCTACTTCTGTGCAA-1_GSM4013388,1
CATGCCTTCCTTGCCA-1_GSM4013388,18
AGCTCCTGTGTTTGTG-1_GSM4013388,18
GTTAAGCTCGTGGTCG-1_GSM4013388,18
CCTAAAGTCTTAGAGC-1_GSM4013388,15
AAGTCTGGTAGCACGA-1_GSM4013388,18
TCTCATAAGCGATAGC-1_GSM4013388,18
TGATTTCCATTCCTGC-1_GSM4013388,18
CCCATACCATACGCCG-1_GSM4013388,18
TCTCTAAAGCTATGCT-1_GSM4013388,18
AGATTGCAGCTCCCAG-1_GSM4013388,18
TAGCCGGGTGATGTGG-1_GSM4013388,18
GAGCAGAGTGAGCGAT-1_GSM4013388,11
ATGTGTGTCACAATGC-1_GSM4013388,18
GATCGATCATCGGGTC-1_GSM4013388,18
CTCACACAGGGTGTTG-1_GSM4013388,18
CTGAAGTCATCGGAAG-1_GSM4013388,5
TACTTACTCCGTAGTA-1_GSM4013388,15
TCCCGATCACGGCCAT-1_GSM4013388,18
CTACCCAGTGCCTTGG-1_GSM4013388,18
TACAGTGAGAAGCCCA-1_GSM4013388,18
GTGGGTCCATTCCTGC-1_GSM4013388,0
CCTTCGAGTAGTAGTA-1_GSM4013388,9
CCATGTCTCTATCCTA-1_GSM4013388,14
GTAACGTTCTACCTGC-1_GSM4013388,10
CATCGAAGTCTGATTG-1_GSM4013388,18
TGTTCCGCAGGCTCAC-1_GSM4013388,10
GTACTCCGTGCCTTGG-1_GSM4013388,9
GTACTTTCAGCCACCA-1_GSM4013388,18
TGGGAAGAGAGGTAGA-1_GSM4013388,5
TCAACGATCACGCATA-1_GSM4013388,9
CTCGAAAGTTTGTGTG-1_GSM4013388,18
CATGACAAGGGCTCTC-1_GSM4013388,12
TGTATTCTCTTGCATT-1_GSM4013388,18
CTTAGGATCTCAAACG-1_GSM4013388,18
CTCGAAAGTTCCTCCA-1_GSM4013388,8
CTAGTGATCAGAAATG-1_GSM4013388,18
GCAAACTGTACTCTCC-1_GSM4013388,4
TTGAACGGTCTAAAGA-1_GSM4013388,18
GATCTAGTCATCACCC-1_GSM4013388,0
TTTGCGCTCTATCCCG-1_GSM4013388,10
AACCGCGGTGCAACTT-1_GSM4013388,18
CCTAGCTCAAGCGAGT-1_GSM4013388,5
AGGCCACAGGAATCGC-1_GSM4013388,18
TTCGAAGTCCCTAACC-1_GSM4013388,18
AAAGATGAGCCAGGAT-1_GSM4013388,18
AACTTTCAGCTTCGCG-1_GSM4013388,4
TCGTACCCATTGGCGC-1_GSM4013388,5
GCATACAAGGTCGGAT-1_GSM4013388,15
GAGGTGACATACCATG-1_GSM4013388,18
TAGGCATTCGAGCCCA-1_GSM4013388,18
TCAGGTATCCTCAACC-1_GSM4013388,18
CTGAAACCAAATTGCC-1_GSM4013388,18
ACTTACTGTAAACGCG-1_GSM4013388,18
CGAGCACGTAATCACC-1_GSM4013388,15
TGCTGCTTCTGTACGA-1_GSM4013388,1
TGCCCATAGCCGGTAA-1_GSM4013388,18
ACGATACCATTTGCCC-1_GSM4013388,14
GTTCGGGTCTGCCAGG-1_GSM4013388,15
CTGTTTACACGCGAAA-1_GSM4013388,18
GTCAAGTGTTCACGGC-1_GSM4013388,9
GCGCCAAGTCCGTCAG-1_GSM4013388,18
ATCACGAAGAGCAATT-1_GSM4013388,18
ATCACGAAGCTGGAAC-1_GSM4013388,9
ACTGATGCATTACGAC-1_GSM4013388,16
AGATCTGCACTTCTGC-1_GSM4013388,15
GCAATCACAGCTGCAC-1_GSM4013388,18
CTAGCCTCACGGTAGA-1_GSM4013388,18
AATCCAGCAGTCTTCC-1_GSM4013388,14
TCGTACCCATCGGTTA-1_GSM4013388,10
CAACTAGCATACTACG-1_GSM4013388,4
CTACATTGTTTGTTGG-1_GSM4013388,18
GCATACACATTTCAGG-1_GSM4013388,16
ATAGACCAGATCCGAG-1_GSM4013388,18
CCATGTCTCTCCAACC-1_GSM4013388,18
TGAGCCGTCAAGGCTT-1_GSM4013388,15
ACTGTCCAGCGTCAAG-1_GSM4013388,18
TGCCCTATCTACGAGT-1_GSM4013388,0
GCGCCAAGTACAGACG-1_GSM4013388,14
CAGCAGCTCTCCAGGG-1_GSM4013388,16
TACAGTGGTTCTGTTT-1_GSM4013388,18
GCATGTAAGAATGTGT-1_GSM4013388,18
TTAGGACGTCGAATCT-1_GSM4013388,18
CGCGTTTAGCTAAACA-1_GSM4013388,18
CCACTACGTGCGAAAC-1_GSM4013388,18
TACACGAGTCCAGTGC-1_GSM4013388,4
AGAGCTTTCTGCAGTA-1_GSM4013388,18
CAGTAACAGTACGCCC-1_GSM4013388,9
AACTCTTTCAGGCCCA-1_GSM4013388,18
GGAAAGCGTGTGGTTT-1_GSM4013388,18
GGTATTGGTCTTTCAT-1_GSM4013388,15
GGATTACCAGACGCTC-1_GSM4013388,18
GTAACTGGTTTGACAC-1_GSM4013388,18
CCGTTCAAGTTGTCGT-1_GSM4013388,18
CTCTGGTGTCGGCATC-1_GSM4013388,18
GTCACGGTCGAATCCA-1_GSM4013388,9
TACAGTGTCATTGCGA-1_GSM4013388,16
AGAGTGGGTCGAAAGC-1_GSM4013388,4
CTTGGCTGTATCAGTC-1_GSM4013388,9
TTCTCCTCAGACAGGT-1_GSM4013388,9
TAAGTGCTCCACTCCA-1_GSM4013388,18
GGAATAACAAACCCAT-1_GSM4013388,18
TTGAACGCACCAGATT-1_GSM4013388,18
TCAGCTCCAATGAATG-1_GSM4013388,18
CGCTTCAGTGATGATA-1_GSM4013388,18
AGTGTCATCCTCAACC-1_GSM4013388,18
GTATCTTCAAAGGCGT-1_GSM4013388,9
CAACCTCTCGTTGACA-1_GSM4013388,9
GCGCAACCATGCGCAC-1_GSM4013388,18
ATAAGAGTCCGCATCT-1_GSM4013388,18
AAACGGGAGGAGTAGA-1_GSM4013388,18
AAGTCTGGTTACGACT-1_GSM4013388,18
ACCGTAATCGTAGGTT-1_GSM4013388,11
GAGCAGAGTCTACCTC-1_GSM4013388,8
CGATTGACATCCAACA-1_GSM4013388,18
CTACACCGTTATGCGT-1_GSM4013388,18
CCGTTCATCTCTGTCG-1_GSM4013388,15
GGATGTTAGATGGGTC-1_GSM4013388,18
GTTCATTAGTAATCCC-1_GSM4013388,15
ATTTCTGCACAGGAGT-1_GSM4013388,18
ACACTGAAGCGATATA-1_GSM4013388,18
CATCAGAGTCACAAGG-1_GSM4013388,16
TAGCCGGTCAGCTTAG-1_GSM4013388,18
ACATACGCAACTGGCC-1_GSM4013388,18
GGGAGATCATTTCACT-1_GSM4013388,18
GTGCATAAGGTGGGTT-1_GSM4013388,18
TAAGCGTCATAGTAAG-1_GSM4013388,9
CGTAGGCAGATGTGGC-1_GSM4013388,6
ACTGTCCAGATCTGAA-1_GSM4013388,15
CTGTGCTCAGTAAGAT-1_GSM4013388,18
ATCATCTGTCCCGACA-1_GSM4013388,15
CACCTTGTCTCGATGA-1_GSM4013388,4
TCAGCAAGTCGAAAGC-1_GSM4013388,18
CGAGCACTCTGGTATG-1_GSM4013388,4
TCAATCTCAAGGCTCC-1_GSM4013388,18
TGCCCATCACGTAAGG-1_GSM4013388,18
ACCGTAACAGGGAGAG-1_GSM4013388,18
AGTCTTTGTCAGCTAT-1_GSM4013388,18
CCTACACCAGCTATTG-1_GSM4013388,15
ACCGTAAGTCCTCTTG-1_GSM4013388,18
TGAGCCGAGACTTTCG-1_GSM4013388,18
GCTGCAGAGAAGATTC-1_GSM4013388,18
ACATGGTAGAAACCGC-1_GSM4013388,18
GCGCCAATCTCAAACG-1_GSM4013388,11
TTCCCAGGTGCGATAG-1_GSM4013388,9
CATCAAGTCGGCGCTA-1_GSM4013388,15
AGAATAGTCCCTGACT-1_GSM4013388,18
AGAGCTTGTCACTTCC-1_GSM4013388,1
CCTTTCTAGCGTCAAG-1_GSM4013388,14
ACCAGTACACAACTGT-1_GSM4013388,18
TCTCTAAGTCTGGAGA-1_GSM4013388,15
TACTCGCTCAACACGT-1_GSM4013388,4
TCTCTAAAGTTGAGTA-1_GSM4013388,15
TTTGCGCAGTCAAGCG-1_GSM4013388,18
GAGCAGAAGAAGGTGA-1_GSM4013388,18
TTTGCGCCAGCTTAAC-1_GSM4013388,18
ACTGCTCGTGAAAGAG-1_GSM4013388,18
GTGAAGGAGAAGGTTT-1_GSM4013388,18
TCGTAGACATTGTGCA-1_GSM4013388,15
CGACTTCAGTGTTTGC-1_GSM4013388,16
CGAATGTAGGTGTTAA-1_GSM4013388,18
CAACTAGCAGATCCAT-1_GSM4013388,15
CCACCTAGTCTTCGTC-1_GSM4013388,10
AAACCTGTCATTGCCC-1_GSM4013388,15
TTGGAACCACAGGCCT-1_GSM4013388,18
GCATGCGAGTTCCACA-1_GSM4013388,18
TTGAACGCAAGACACG-1_GSM4013388,18
ACGGCCAAGCCTCGTG-1_GSM4013388,15
CGTGAGCTCTGATTCT-1_GSM4013388,10
CATGCCTCAATGACCT-1_GSM4013388,10
TTCCCAGGTAATTGGA-1_GSM4013388,18
CGAATGTAGCTACCTA-1_GSM4013388,18
GTCGTAACATTGTGCA-1_GSM4013388,18
AGGCCGTGTGTCAATC-1_GSM4013388,18
AGGTCATGTCGATTGT-1_GSM4013388,18
AGATTGCTCCGAAGAG-1_GSM4013388,18
TAAGTGCTCTGCCAGG-1_GSM4013388,5
TTAGGACAGAACTCGG-1_GSM4013388,18
CGTCACTTCCAAACTG-1_GSM4013388,18
TAAGAGAAGGGTGTTG-1_GSM4013388,18
CGTCAGGTCTCCAACC-1_GSM4013388,14
TACACGACAAAGGCGT-1_GSM4013388,18
AAGACCTAGTGTACCT-1_GSM4013388,18
GTACTCCCAGACTCGC-1_GSM4013388,18
ACTGAACCACGTCTCT-1_GSM4013388,18
ACCAGTAAGAGGTACC-1_GSM4013388,18
AGGGTGAAGGCCATAG-1_GSM4013388,10
GGAACTTTCAACACGT-1_GSM4013388,18
TAGTGGTAGCCAGTAG-1_GSM4013388,9
CAAGAAAAGATGTGGC-1_GSM4013388,16
TCTTCGGGTGCAACTT-1_GSM4013388,15
GAATAAGCAGTCCTTC-1_GSM4013388,18
GGCTCGAGTATGGTTC-1_GSM4013388,18
AGTGAGGTCGTAGATC-1_GSM4013388,18
CTGATCCGTGTGGCTC-1_GSM4013388,18
TTCTTAGTCAGTTGAC-1_GSM4013388,18
CCTTCGACACAAGACG-1_GSM4013388,11
CGGACACGTTCCATGA-1_GSM4013388,18
TGGCCAGAGACACTAA-1_GSM4013388,18
CTCAGAAGTAGCGATG-1_GSM4013388,4
ACTGTCCTCACTGGGC-1_GSM4013388,3
GCGCCAAGTTAGATGA-1_GSM4013388,11
AACACGTGTCTGCAAT-1_GSM4013388,18
GTTAAGCAGAGCCCAA-1_GSM4013388,18
TGGCGCAAGAGGGCTT-1_GSM4013388,9
TTTATGCGTGGTACAG-1_GSM4013388,18
CAACTAGAGCACCGTC-1_GSM4013388,1
CGTTGGGCATACTACG-1_GSM4013388,9
GCGCCAAAGCTCCTCT-1_GSM4013388,18
CTAGCCTGTACACCGC-1_GSM4013388,15
GCATGATAGACTGTAA-1_GSM4013388,14
CCCAATCCATTAGCCA-1_GSM4013388,11
CGCTATCGTTCCACTC-1_GSM4013388,18
GAACGGAGTCTTCAAG-1_GSM4013388,18
AACCATGCAGTATGCT-1_GSM4013388,18
ACACCGGAGCAGACTG-1_GSM4013388,18
CTAATGGGTTGAGTTC-1_GSM4013388,5
CTAGTGAAGCCTTGAT-1_GSM4013388,9
CTCGAAATCGGTGTCG-1_GSM4013388,18
GCACATAGTACGCACC-1_GSM4013388,10
AGTAGTCGTAGAGGAA-1_GSM4013388,18
AAAGTAGAGGCGTACA-1_GSM4013388,3
ATCCGAATCCTTGACC-1_GSM4013388,9
GCTGCTTCACTTGGAT-1_GSM4013388,11
ATGTGTGTCGAATGCT-1_GSM4013388,18
CATATGGCAGCGATCC-1_GSM4013388,10
TGATTTCGTAACGACG-1_GSM4013388,3
TGGCTGGCACATTCGA-1_GSM4013388,15
GTAGTCACAATGAAAC-1_GSM4013388,15
CACAGTAGTGATGCCC-1_GSM4013388,18
GCGAGAAGTAGCAAAT-1_GSM4013388,18
CCATTCGTCACAAACC-1_GSM4013388,18
AGCTCTCCAGATTGCT-1_GSM4013388,14
ACATCAGCAAGAGGCT-1_GSM4013388,18
CTCGGAGAGATGGCGT-1_GSM4013388,18
ACTGATGCAATCACAC-1_GSM4013388,18
GGGTTGCTCGCTTAGA-1_GSM4013388,18
AGGCCACAGCTAGGCA-1_GSM4013388,9
GCGACCAAGTTGTCGT-1_GSM4013388,15
GGAACTTCATACCATG-1_GSM4013388,8
GGACAGACAACGATGG-1_GSM4013388,4
CGAATGTGTGCCTTGG-1_GSM4013388,18
ACGCCGAGTTGGGACA-1_GSM4013388,18
TGGCTGGAGGGCTTCC-1_GSM4013388,18
GCCAAATAGCTTATCG-1_GSM4013388,14
AAGACCTGTCAATACC-1_GSM4013388,15
CTACACCCAGTATAAG-1_GSM4013388,14
ACACCCTTCTCGCTTG-1_GSM4013388,18
AGTCTTTTCTGACCTC-1_GSM4013388,18
GCTCCTATCAAGCCTA-1_GSM4013388,1
TCAGCTCAGGCCCGTT-1_GSM4013388,1
CATGACACATACAGCT-1_GSM4013388,18
TAAGCGTCACACGCTG-1_GSM4013388,8
CATGCCTGTCAAAGAT-1_GSM4013388,18
CTCAGAAGTTCAGACT-1_GSM4013388,4
ATAACGCCAGCAGTTT-1_GSM4013388,18
CGCTATCAGTCACGCC-1_GSM4013388,16
AGCGTATAGCTGCCCA-1_GSM4013388,18
CCTACACCAGATCGGA-1_GSM4013388,16
GACGTGCAGAGCCCAA-1_GSM4013388,18
CGCCAAGGTACAGTTC-1_GSM4013388,18
CTCGGAGCATCCAACA-1_GSM4013388,1
TACGGGCTCCTACAGA-1_GSM4013388,18
CTGATCCCAGGGTTAG-1_GSM4013388,18
TCACAAGCAACGATGG-1_GSM4013388,18
GGACAGAAGACTAAGT-1_GSM4013388,18
AGTCTTTTCATCATTC-1_GSM4013388,18
CCCATACGTTGACGTT-1_GSM4013388,9
GCATGCGTCATGGTCA-1_GSM4013388,18
GGACATTTCGCGATCG-1_GSM4013388,18
TCAGCTCTCTGTCTCG-1_GSM4013388,14
TGAGCCGTCGCCAAAT-1_GSM4013388,18
GTGTTAGCAAGTACCT-1_GSM4013388,9
TGAGGGAGTGGTCTCG-1_GSM4013388,18
TTCGAAGTCTACTTAC-1_GSM4013388,18
TGGCGCAGTAATTGGA-1_GSM4013388,18
AATCGGTCATGTTGAC-1_GSM4013388,18
CACACCTAGTCTTGCA-1_GSM4013388,18
TAGCCGGAGGATTCGG-1_GSM4013388,4
AAGACCTTCCATGAGT-1_GSM4013388,18
GGAGCAATCGAGGTAG-1_GSM4013388,18
TCGTACCTCTTGTCAT-1_GSM4013388,6
GACGTTATCCGTCATC-1_GSM4013388,18
CTAATGGGTCGACTAT-1_GSM4013388,12
TGGACGCTCGAATGCT-1_GSM4013388,18
ATCTACTAGTCGTACT-1_GSM4013388,9
CGTCAGGCACGCGAAA-1_GSM4013388,18
GACTACATCACGACTA-1_GSM4013388,10
TTCGAAGGTCCGAGTC-1_GSM4013388,1
CATCGGGAGTGAACGC-1_GSM4013388,16
AACTGGTCAGGACGTA-1_GSM4013388,4
CTGATCCCATCGGAAG-1_GSM4013388,8
TATGCCCTCTTGGGTA-1_GSM4013388,18
TCGGTAATCCATGAGT-1_GSM4013388,18
AGCTCCTCAAGCTGGA-1_GSM4013388,9
GCGCAGTTCACAACGT-1_GSM4013388,18
CCGGGATTCCAGATCA-1_GSM4013388,18
GGTATTGCATCGGAAG-1_GSM4013388,18
GAACATCGTTTGTTGG-1_GSM4013388,18
CGGGTCACAACAACCT-1_GSM4013388,14
TGGACGCAGACAATAC-1_GSM4013388,18
GACAGAGGTAAACGCG-1_GSM4013388,18
CTGTGCTTCCGTTGCT-1_GSM4013388,18
AAGACCTCAGTACACT-1_GSM4013388,18
CTGCTGTTCATGCTCC-1_GSM4013388,18
CCGGGATAGCTAGCCC-1_GSM4013388,10
CGTTCTGTCCCAGGTG-1_GSM4013388,18
CAGCAGCCATTAACCG-1_GSM4013388,18
TCACGAATCGCTTGTC-1_GSM4013388,8
AACCGCGGTGTGGTTT-1_GSM4013388,4
CCGTACTCAAGACGTG-1_GSM4013388,14
TATCTCAAGTTCGATC-1_GSM4013388,16
ATCCGAACACACATGT-1_GSM4013388,16
CCTATTATCGGTGTTA-1_GSM4013388,18
GAGCAGAAGCCACGCT-1_GSM4013388,18
GATGAGGTCATCGATG-1_GSM4013388,18
TGCGCAGCATTCCTGC-1_GSM4013388,16
ATCTACTCAGACGCCT-1_GSM4013388,1
GTCTTCGGTCTAGGTT-1_GSM4013388,18
TCATTACGTCAAGCGA-1_GSM4013388,10
GTAGTCAGTCCCGACA-1_GSM4013388,18
CATATGGGTGAACCTT-1_GSM4013388,18
TAGCCGGAGCCCAACC-1_GSM4013388,18
AGAGCGAGTGAGTGAC-1_GSM4013388,16
GTATCTTCATACTCTT-1_GSM4013388,10
CACCTTGCAGACAAGC-1_GSM4013388,18
TCGCGTTCAACTGGCC-1_GSM4013388,15
GTTAAGCAGCAGCGTA-1_GSM4013388,18
GGACAGAGTCCGTTAA-1_GSM4013388,18
GCTGCGATCCGCAAGC-1_GSM4013388,14
GAAACTCCAATCCGAT-1_GSM4013388,18
TTGTAGGTCCAGGGCT-1_GSM4013388,18
GACCAATTCCCAACGG-1_GSM4013388,18
CCACTACTCTGCTTGC-1_GSM4013388,15
GTAACGTTCTCCCTGA-1_GSM4013388,18
CGTAGCGTCATGTCTT-1_GSM4013388,18
TATCAGGCAGCAGTTT-1_GSM4013388,18
GGACAGAAGCTCAACT-1_GSM4013388,18
TCAGCAAGTCTAAAGA-1_GSM4013388,5
TGCACCTTCGTGACAT-1_GSM4013388,14
GTCAAGTAGTTACCCA-1_GSM4013388,15
GCAAACTTCCACTGGG-1_GSM4013388,18
GCGCCAACACCAACCG-1_GSM4013388,9
TGGCTGGTCTTGTTTG-1_GSM4013388,18
GCGCCAAAGCGTCAAG-1_GSM4013388,9
CGATGGCTCCTTGACC-1_GSM4013388,18
AGAGCGAGTCAGAATA-1_GSM4013388,18
TGCTGCTTCACAGGCC-1_GSM4013388,3
CTACATTAGGCTACGA-1_GSM4013388,18
CACTCCATCAGTGTTG-1_GSM4013388,18
GTGCAGCTCATCGCTC-1_GSM4013388,15
TACTTACCAGGGAGAG-1_GSM4013388,16
ATCGAGTTCGAACTGT-1_GSM4013388,9
CGAACATGTAAATGTG-1_GSM4013388,8
ACACCGGAGTTAAGTG-1_GSM4013388,15
GGACGTCTCGCTTAGA-1_GSM4013388,3
CGTTAGAGTCGCTTCT-1_GSM4013388,14
TGCCAAACAAAGTGCG-1_GSM4013388,1
TTCTTAGGTCGCTTTC-1_GSM4013388,18
CCTTACGTCAGTTCGA-1_GSM4013388,18
GGACGTCCAAACAACA-1_GSM4013388,8
TTGTAGGCAGGGCATA-1_GSM4013388,15
TACCTTACAACGATCT-1_GSM4013388,11
TCGTACCCATCCTAGA-1_GSM4013388,18
GCTGCGAAGTCCGGTC-1_GSM4013388,11
CTCGGGACAGGTGGAT-1_GSM4013388,18
AACTCAGAGAGTCGGT-1_GSM4013388,18
ACACTGAAGAAACGCC-1_GSM4013388,12
GCCTCTAAGGATGCGT-1_GSM4013388,14
TCCACACCACAGCCCA-1_GSM4013388,18
TGGCCAGCATGCTGGC-1_GSM4013388,18
GTAACGTAGCTTATCG-1_GSM4013388,14
CTAACTTCACCAACCG-1_GSM4013388,9
TATTACCAGGTCATCT-1_GSM4013388,4
TCGAGGCGTATGGTTC-1_GSM4013388,0
CTGAAACGTAGATTAG-1_GSM4013388,14
GACACGCGTATGAAAC-1_GSM4013388,18
CTGAAACGTTTGGCGC-1_GSM4013388,10
TGACTAGGTCACTGGC-1_GSM4013388,18
GCCAAATCATGCCACG-1_GSM4013388,8
TCGCGAGCATAGAAAC-1_GSM4013388,3
CTCCTAGGTATGAATG-1_GSM4013388,18
CAACTAGTCACTTATC-1_GSM4013388,0
GCTCTGTTCTATCCTA-1_GSM4013388,18
AGGCCGTCATGCCCGA-1_GSM4013388,18
TCTTTCCAGACTTGAA-1_GSM4013388,18
TCCCGATCACAGAGGT-1_GSM4013388,18
CGGACTGCAGTTCCCT-1_GSM4013388,8
TTAGGCAGTTGTGGAG-1_GSM4013388,14
CGGGTCACATTATCTC-1_GSM4013388,9
TGCTGCTAGCCCTAAT-1_GSM4013388,18
TGCGGGTGTCCCTTGT-1_GSM4013388,18
TTAGGACAGCTGAACG-1_GSM4013388,16
GCGACCACATGCTGGC-1_GSM4013388,15
AGTTGGTCAGGCGATA-1_GSM4013388,18
CGATTGACACAGACAG-1_GSM4013388,18
TGAGCATCACCGAATT-1_GSM4013388,14
AACCATGTCAGCTCTC-1_GSM4013388,18
TCTATTGGTCCTGCTT-1_GSM4013388,18
AGCTTGACAAGTCATC-1_GSM4013388,5
AGGTCATTCTCAAGTG-1_GSM4013388,18
CACATAGTCGGTGTCG-1_GSM4013388,18
AGGCCACCACAGATTC-1_GSM4013388,18
GGGTCTGTCCTAAGTG-1_GSM4013388,18
CACACTCAGTACGTTC-1_GSM4013388,18
CGACCTTAGTCGTACT-1_GSM4013388,18
AGCATACGTCTGATTG-1_GSM4013388,18
CAGCATAGTAGGAGTC-1_GSM4013388,18
TGCCCTAGTTAGGGTG-1_GSM4013388,18
ACTGCTCCAGCTGTGC-1_GSM4013388,18
CGAATGTTCAGAGACG-1_GSM4013388,18
ACGGAGACACTAAGTC-1_GSM4013388,6
ATGCGATGTCACTTCC-1_GSM4013388,15
ACTTTCACAAAGGTGC-1_GSM4013388,18
CCGTGGATCTCGTTTA-1_GSM4013388,10
ACTGAACAGGGATGGG-1_GSM4013388,16
GTATCTTTCTAAGCCA-1_GSM4013388,9
CCACGGATCGGAAACG-1_GSM4013388,18
GATGAAAGTCCAGTAT-1_GSM4013388,18
ACGAGCCAGATGCCAG-1_GSM4013388,15
GCTGCAGTCCACGAAT-1_GSM4013388,15
TGCGGGTCACTTGGAT-1_GSM4013388,18
CCCATACGTAAATGTG-1_GSM4013388,18
GCGGGTTTCGAATGCT-1_GSM4013388,10
GGACAGACATCGGTTA-1_GSM4013388,15
AGGCCGTTCTAGCACA-1_GSM4013388,11
TTTGGTTAGCGCCTTG-1_GSM4013388,14
TTAGGACAGACAAAGG-1_GSM4013388,18
GACGTGCAGTTTAGGA-1_GSM4013388,18
TAAACCGCAATGGACG-1_GSM4013388,11
TGGGCGTCATATGAGA-1_GSM4013388,18
GTACGTAAGCCTCGTG-1_GSM4013388,18
TCACAAGTCGAATGGG-1_GSM4013388,18
TAGAGCTAGGGTCTCC-1_GSM4013388,16
GCAGCCAAGGTGATTA-1_GSM4013388,8
CCACCTAAGATCTGAA-1_GSM4013388,18
CCATTCGCATGCATGT-1_GSM4013388,10
CGGTTAATCGGCCGAT-1_GSM4013388,16
CATCAGACACGTCAGC-1_GSM4013388,18
GAACCTACATTGAGCT-1_GSM4013388,18
CATATGGAGCTTTGGT-1_GSM4013388,10
CCAATCCTCACTTACT-1_GSM4013388,18
CTCGAGGCATGCATGT-1_GSM4013388,18
CGGAGCTAGGTGATTA-1_GSM4013388,18
CGAGCACTCGAATCCA-1_GSM4013388,8
GGCAATTCACAGCCCA-1_GSM4013388,18
GTACGTATCCATTCTA-1_GSM4013388,18
TCGTACCGTCGCTTTC-1_GSM4013388,8
CAAGTTGAGTCTCCTC-1_GSM4013388,14
GATCGCGGTTAAAGAC-1_GSM4013388,14
CTACACCCATGCAACT-1_GSM4013388,18
GGGAGATGTCTTCGTC-1_GSM4013388,18
GGGAGATAGCACAGGT-1_GSM4013388,18
GGGTTGCCATCAGTAC-1_GSM4013388,1
CGTGAGCAGTAACCCT-1_GSM4013388,18
TGCTACCCAGCTGCTG-1_GSM4013388,18
TCCACACTCTTCGAGA-1_GSM4013388,18
TCGCGTTAGATGCCAG-1_GSM4013388,18
ACGATACGTTACTGAC-1_GSM4013388,5
ATAGACCGTGGTACAG-1_GSM4013388,8
TCAGGATGTGCATCTA-1_GSM4013388,4
GATTCAGGTCATATGC-1_GSM4013388,18
ACCGTAAAGGGTCTCC-1_GSM4013388,14
TACTCATCACAAGCCC-1_GSM4013388,10
TAAACCGCAGGCTCAC-1_GSM4013388,18
GACACGCCAAGGGTCA-1_GSM4013388,4
AGATTGCTCCTGCTTG-1_GSM4013388,5
AGGCCGTCAAGGTGTG-1_GSM4013388,18
TTGGCAAAGGAATGGA-1_GSM4013388,4
CGCTATCGTGTGGTTT-1_GSM4013388,16
CCATTCGGTACCAGTT-1_GSM4013388,14
TAGCCGGTCCTTCAAT-1_GSM4013388,18
TCAGCTCTCACCTTAT-1_GSM4013388,9
CCTTACGTCACCTCGT-1_GSM4013388,16
ACGGGCTAGCTGATAA-1_GSM4013388,18
CCCTCCTCAAGAAAGG-1_GSM4013388,18
AGAGTGGTCTAACTTC-1_GSM4013388,16
CCTACACCATTAGCCA-1_GSM4013388,14
GTGTTAGCATGCAACT-1_GSM4013388,9
TTCGAAGTCGGATGTT-1_GSM4013388,18
GGGACCTAGAACAATC-1_GSM4013388,16
CTAATGGAGGCCATAG-1_GSM4013388,14
TACTTGTCAGGTCTCG-1_GSM4013388,14
ATCCACCCAGCTGTGC-1_GSM4013388,9
CATGGCGCAAGTCATC-1_GSM4013388,6
CTCCTAGCATACCATG-1_GSM4013388,18
TTAGGACAGCGTGTCC-1_GSM4013388,10
TACGGGCAGGGCTTCC-1_GSM4013388,18
CAAGGCCCACAGCCCA-1_GSM4013388,11
TGCTACCAGGGCACTA-1_GSM4013388,5
GGAATAACAAGCCATT-1_GSM4013388,4
CTGTGCTGTTCGGCAC-1_GSM4013388,16
ACGATGTTCGTAGGTT-1_GSM4013388,14
GACTACACAGGTGCCT-1_GSM4013388,18
CATCAGATCACCTCGT-1_GSM4013388,9
TTTCCTCAGCACGCCT-1_GSM4013388,18
AAACCTGTCCATGAGT-1_GSM4013388,10
AAATGCCGTGACCAAG-1_GSM4013388,9
CGGTTAATCTTCCTTC-1_GSM4013388,16
TGCCCATTCCAAATGC-1_GSM4013388,18
GGGTTGCTCTCAACTT-1_GSM4013388,18
CTCACACTCATGTCTT-1_GSM4013388,14
CGTAGGCAGGCCCTTG-1_GSM4013388,14
CAAGTTGAGGTCGGAT-1_GSM4013388,18
CGAGCACAGAAACGCC-1_GSM4013388,8
CTCGTCATCCGCAAGC-1_GSM4013388,9
ATCATCTGTCCGACGT-1_GSM4013388,11
GTGCATAAGGGTGTTG-1_GSM4013388,10
TGTTCCGGTTACCAGT-1_GSM4013388,15
CCTATTAAGTCTCCTC-1_GSM4013388,8
CCCAATCAGGTAGCCA-1_GSM4013388,18
ACACCAACATGATCCA-1_GSM4013388,18
GTGCATAAGACTGTAA-1_GSM4013388,5
CTACGTCGTGGTCTCG-1_GSM4013388,14
ATCTGCCCACAACTGT-1_GSM4013388,4
CTGCCTACATGCCTAA-1_GSM4013388,18
CCTTCGATCTCCAACC-1_GSM4013388,5
CGTAGCGTCGGCTTGG-1_GSM4013388,10
GGCTCGATCCCTTGCA-1_GSM4013388,16
GCTTGAAAGACAATAC-1_GSM4013388,18
CAGCTAATCCCGGATG-1_GSM4013388,6
TCAGCAAGTACGCACC-1_GSM4013388,14
TTCTCCTCATGCCTAA-1_GSM4013388,0
TCATTACGTCTTGCGG-1_GSM4013388,14
GACGGCTTCAGAGGTG-1_GSM4013388,14
GGAACTTCAGGGTTAG-1_GSM4013388,14
CCTAAAGTCACATACG-1_GSM4013388,1
TTCTCAACACCTCGTT-1_GSM4013388,14
CACAGTAGTAGCGATG-1_GSM4013388,14
TAAGTGCTCCGAAGAG-1_GSM4013388,6
CCTATTATCGCAGGCT-1_GSM4013388,16
CTCATTATCCAAACAC-1_GSM4013388,14
TCCACACTCTTTACGT-1_GSM4013388,11
TCTATTGCAAAGAATC-1_GSM4013388,16
GGCTGGTGTGTAAGTA-1_GSM4013388,10
CTCGAGGAGCCTTGAT-1_GSM4013388,14
TGCGTGGTCGGATGTT-1_GSM4013388,10
TCCACACGTCTGGAGA-1_GSM4013388,16
TGAAAGAGTGCAGGTA-1_GSM4013388,1
CTTCTCTCACAAGTAA-1_GSM4013388,8
CACACAAAGGTTCCTA-1_GSM4013388,14
CACTCCAAGCATGGCA-1_GSM4013388,14
CGTTCTGTCGGATGGA-1_GSM4013388,6
TTGCCGTTCAGTCCCT-1_GSM4013388,7
GTGTTAGGTTCCACTC-1_GSM4013388,6
TAAGCGTGTTAGATGA-1_GSM4013388,10
CAAGAAAAGAAGGACA-1_GSM4013388,4
TTAACTCGTTGGTTTG-1_GSM4013388,0
GTACGTACAGTGACAG-1_GSM4013388,13
CTCAGAAAGACAAGCC-1_GSM4013388,5
ACCGTAATCCAAGCCG-1_GSM4013388,0
AACGTTGGTCGCATCG-1_GSM4013388,14
ACGATGTGTGTGTGCC-1_GSM4013388,5
TGACAACCATACGCTA-1_GSM4013389,0
CTCTGGTTCCATGAGT-1_GSM4013389,2
TACGGATCAAGGCTCC-1_GSM4013389,0
CAACCAAAGTCTCAAC-1_GSM4013389,0
CGTGAGCGTGACTCAT-1_GSM4013389,2
CCCATACTCATACGGT-1_GSM4013389,0
TAGACCAAGTAATCCC-1_GSM4013389,0
CAGTAACAGTACATGA-1_GSM4013389,2
ACATGGTAGATGGCGT-1_GSM4013389,0
CGGACGTAGTCATCCA-1_GSM4013389,0
GGGACCTTCTGCCAGG-1_GSM4013389,2
CAGCCGAAGCGATATA-1_GSM4013389,0
AACGTTGCATGGATGG-1_GSM4013389,0
TCCACACAGTGTCCCG-1_GSM4013389,2
TACCTATGTTATGCGT-1_GSM4013389,0
CATCAAGGTGAAATCA-1_GSM4013389,0
TGCACCTAGCTAACTC-1_GSM4013389,0
CTCTACGAGCTTCGCG-1_GSM4013389,0
GTCTCGTTCTTGCAAG-1_GSM4013389,0
GGACATTAGATAGTCA-1_GSM4013389,0
GGACAAGCAGCATACT-1_GSM4013389,2
TCAGCTCTCCTGCAGG-1_GSM4013389,2
CTCCTAGAGGGCTTGA-1_GSM4013389,0
CTTACCGCACATGACT-1_GSM4013389,2
ATAGACCCAGTTTACG-1_GSM4013389,0
CGCTATCAGTCTCCTC-1_GSM4013389,0
CACACTCAGTAAGTAC-1_GSM4013389,0
TGGGCGTCAGATGAGC-1_GSM4013389,2
CCTTTCTTCGCTGATA-1_GSM4013389,2
ACTGAACCATTCCTGC-1_GSM4013389,0
TGACTAGCACCTGGTG-1_GSM4013389,0
GCTGCAGTCTGAAAGA-1_GSM4013389,2
TACTCATTCTGCCCTA-1_GSM4013389,0
CGAGCCACAGGGATTG-1_GSM4013389,0
AAGACCTCATGCATGT-1_GSM4013389,0
CAAGTTGGTGACCAAG-1_GSM4013389,0
ACTGAACGTGAGGGTT-1_GSM4013389,2
ACCGTAACAGACAAAT-1_GSM4013389,2
CGGAGCTCAAAGTCAA-1_GSM4013389,2
AGTGAGGAGCGCCTCA-1_GSM4013389,0
TTCTCAATCCACGAAT-1_GSM4013389,2
TGACTTTAGACTAGGC-1_GSM4013389,2
GTAACTGAGGGTATCG-1_GSM4013389,0
GGACAAGGTCACCCAG-1_GSM4013389,0
ACGGGCTGTCTCCACT-1_GSM4013389,0
CTACCCATCGTGACAT-1_GSM4013389,0
TGGTTCCCATTTGCCC-1_GSM4013389,0
TCTATTGCATCGACGC-1_GSM4013389,0
AGCTTGAGTAACGTTC-1_GSM4013389,0
CATCGAAGTTCCGGCA-1_GSM4013389,0
GATCGTAAGCGTAGTG-1_GSM4013389,0
TACGGTATCTAACTGG-1_GSM4013389,9
ATAGACCGTTACGCGC-1_GSM4013389,2
ACTTACTCACCGTTGG-1_GSM4013389,2
TTTCCTCGTATAATGG-1_GSM4013389,2
TTTGTCAAGGGTATCG-1_GSM4013389,0
GCTGCAGCAAGACACG-1_GSM4013389,0
AGTAGTCGTAGAGTGC-1_GSM4013389,4
CTTCTCTTCAACTCTT-1_GSM4013389,7
TAGAGCTAGAGACTTA-1_GSM4013389,0
CAACCTCCAGGGTACA-1_GSM4013389,0
CCATTCGCAGTAGAGC-1_GSM4013389,0
TTCGAAGCACATAACC-1_GSM4013389,7
CCTAGCTGTCCATGAT-1_GSM4013389,0
AGAGTGGAGAACTCGG-1_GSM4013389,0
GCACTCTAGAGCCCAA-1_GSM4013389,0
TACTCATTCAGGTTCA-1_GSM4013389,7
GCACATAAGAAGGTTT-1_GSM4013389,0
GCGCGATAGTGATCGG-1_GSM4013389,7
GGAACTTTCGCTGATA-1_GSM4013389,2
GTGCATATCCAAACTG-1_GSM4013389,4
ATCACGAGTCTCCACT-1_GSM4013389,7
CTAGAGTTCGGCTACG-1_GSM4013389,2
ATCTACTTCAATACCG-1_GSM4013389,7
CTCGTACAGTGCAAGC-1_GSM4013389,0
AAAGATGGTAAACACA-1_GSM4013389,5
GAGCAGACACGGACAA-1_GSM4013389,7
TAAGAGATCGCCCTTA-1_GSM4013389,0
ATCACGATCCACGTTC-1_GSM4013389,5
GCGCAGTCACCGTTGG-1_GSM4013389,0
CTTTGCGAGCTGAAAT-1_GSM4013389,7
TCGTACCCATGGTCTA-1_GSM4013389,2
ATTGGACCAGCTGCTG-1_GSM4013389,0
GCAATCAGTGCTGTAT-1_GSM4013389,7
CGTCTACGTCGCGGTT-1_GSM4013389,0
AAAGTAGTCGTTGACA-1_GSM4013389,0
CTGTTTAGTGAAAGAG-1_GSM4013389,7
ACCGTAAAGAACAACT-1_GSM4013389,0
AAGCCGCCATGTCCTC-1_GSM4013389,7
ACTTACTGTAGCTTGT-1_GSM4013389,0
ACCTTTACAAAGGCGT-1_GSM4013389,0
AGTGAGGGTCCAACTA-1_GSM4013389,0
TATCAGGGTCGCTTTC-1_GSM4013389,0
GACTACATCACAACGT-1_GSM4013389,0
AGACGTTAGTCCCACG-1_GSM4013389,7
AACACGTGTTGACGTT-1_GSM4013389,7
TCACAAGGTGTTGGGA-1_GSM4013389,2
AGCATACCACAAGCCC-1_GSM4013389,0
GTGGGTCTCAAACAAG-1_GSM4013389,7
TTGGAACAGTGTTAGA-1_GSM4013389,0
AAAGCAACACGAAAGC-1_GSM4013389,7
CACACTCGTCGCTTCT-1_GSM4013389,9
CGTTAGAAGACAAGCC-1_GSM4013389,1
TCACGAAAGACCACGA-1_GSM4013389,0
GAAACTCGTAGCGCTC-1_GSM4013389,0
ACGAGGACAGCCTGTG-1_GSM4013389,7
ACCGTAAAGATACACA-1_GSM4013389,7
CCGTTCAAGCGTAATA-1_GSM4013389,4
CGTGTCTAGGGCTTGA-1_GSM4013389,4
TTTACTGAGCTGCCCA-1_GSM4013389,0
ACAGCCGAGACAGGCT-1_GSM4013389,1
TACAGTGTCACCAGGC-1_GSM4013389,7
CTCGTACTCCCTAATT-1_GSM4013389,7
GATCGATGTATGGTTC-1_GSM4013389,7
TAGGCATCATCTGGTA-1_GSM4013389,0
ACTGTCCAGGGATGGG-1_GSM4013389,7
CAGTCCTGTTAAAGTG-1_GSM4013389,7
TGCTACCTCTTCGAGA-1_GSM4013389,2
AAACGGGCAGGGTTAG-1_GSM4013389,7
ATAGACCTCACGCATA-1_GSM4013389,7
GCGCAACCAAAGCAAT-1_GSM4013389,7
GAGGTGACAATCCAAC-1_GSM4013389,7
GTCACGGGTGCAGTAG-1_GSM4013389,0
GTCCTCAGTTACGTCA-1_GSM4013389,0
CACACCTTCTCATTCA-1_GSM4013389,0
ACAGCTAGTATTACCG-1_GSM4013389,1
TACGGTAAGACCACGA-1_GSM4013389,7
CTCGGGATCAACGGCC-1_GSM4013389,7
AAGACCTAGGGCATGT-1_GSM4013389,0
ACCCACTCAAGCGATG-1_GSM4013389,0
ATCCGAAGTGTGCCTG-1_GSM4013389,7
AAAGATGGTCAGCTAT-1_GSM4013389,8
TGTATTCTCATGGTCA-1_GSM4013389,0
GCAGTTATCGCGGATC-1_GSM4013389,0
TGGCTGGAGGTACTCT-1_GSM4013389,7
ACATACGGTACTTGAC-1_GSM4013389,0
GTTCATTGTATTCTCT-1_GSM4013389,7
CCATTCGAGGAGTAGA-1_GSM4013389,7
GGGAATGGTTAAAGTG-1_GSM4013389,5
ACTGTCCCACCATCCT-1_GSM4013389,7
CGATCGGTCTGTGCAA-1_GSM4013389,12
TGCTGCTTCAAGGCTT-1_GSM4013389,0
CCTTCCCCAGTCAGCC-1_GSM4013389,7
TGCTACCCACCGGAAA-1_GSM4013389,0
AAGTCTGAGATGCGAC-1_GSM4013389,6
TGGGAAGGTTTGGCGC-1_GSM4013389,2
GTTAAGCGTTGTCTTT-1_GSM4013389,0
GGGATGATCCGCAGTG-1_GSM4013389,0
CTACATTAGTTAACGA-1_GSM4013389,1
TTCTCCTCACTTAAGC-1_GSM4013389,21
AGTGTCAGTGACTACT-1_GSM4013389,4
CTGCGGAAGGTAAACT-1_GSM4013389,7
GTCGTAACATTGGTAC-1_GSM4013389,0
GCTGGGTTCGTCCGTT-1_GSM4013389,7
GGAAAGCCAGCCAATT-1_GSM4013389,13
AGGCCACTCGACCAGC-1_GSM4013389,14
CTCCTAGAGGCGATAC-1_GSM4013389,12
GAACGGACACACAGAG-1_GSM4013389,5
GGAACTTGTCAACATC-1_GSM4013389,0
TACGGGCTCAACGGCC-1_GSM4013389,12
CCACTACGTAGGCATG-1_GSM4013389,13
GCTTGAAAGCCTCGTG-1_GSM4013389,6
TGCCCTAGTCCTCTTG-1_GSM4013389,1
CGCGGTATCGCAGGCT-1_GSM4013389,13
CTACACCGTTACCGAT-1_GSM4013389,7
CTGAAACGTGATAAAC-1_GSM4013389,9
TTGCGTCGTACAGACG-1_GSM4013389,12
GCATACATCAACACGT-1_GSM4013389,0
CTAGTGAGTCTGGTCG-1_GSM4013389,7
TATCTCAGTTTGGCGC-1_GSM4013389,0
CGCGGTAGTCAAAGCG-1_GSM4013389,7
AAACCTGAGGCAAAGA-1_GSM4013389,10
CCTAGCTGTGACAAAT-1_GSM4013389,0
CGTCACTTCGCGGATC-1_GSM4013389,0
AGATTGCTCCTGTACC-1_GSM4013389,0
CGGCTAGCAAGTTCTG-1_GSM4013389,8
CACAGGCTCTGGTTCC-1_GSM4013389,13
CATCAAGCATGTTGAC-1_GSM4013389,18
GCACTCTAGCCCAATT-1_GSM4013389,0
GGCGACTCAAGCGTAG-1_GSM4013389,0
TCGGTAATCAACACGT-1_GSM4013389,2
CCGTGGATCTTAACCT-1_GSM4013389,9
AGGGTGAGTGCTTCTC-1_GSM4013389,13
TCTTTCCCACAAGACG-1_GSM4013389,13
GACACGCGTGGACGAT-1_GSM4013389,7
TCAGGATTCGCGGATC-1_GSM4013389,7
GAGGTGACAGCTGTAT-1_GSM4013389,5
GACGGCTGTCTCTTTA-1_GSM4013389,14
CCGTACTGTTCCATGA-1_GSM4013389,8
GGCTGGTAGGCTACGA-1_GSM4013389,5
CTTAACTAGCAAATCA-1_GSM4013389,9
AACGTTGAGCTGAAAT-1_GSM4013389,9
GTAGGCCGTGTGGTTT-1_GSM4013389,7
CACAGGCAGGCTAGAC-1_GSM4013389,0
TCGTAGAGTCATCCCT-1_GSM4013389,0
CTGAAGTCACAGACTT-1_GSM4013389,0
CCTAGCTGTAACGCGA-1_GSM4013389,9
GTGCGGTGTACCGTAT-1_GSM4013389,8
GAATAAGAGTACCGGA-1_GSM4013389,13
GGATTACTCTGAGGGA-1_GSM4013389,13
CATCGGGTCCTCTAGC-1_GSM4013389,13
TGGCCAGGTCAATACC-1_GSM4013389,5
ACGGCCACAGTTCCCT-1_GSM4013389,8
TACACGAGTTGATTGC-1_GSM4013389,7
ATCTGCCTCGCAAACT-1_GSM4013389,9
CCTTCGACACGAGGTA-1_GSM4013389,5
CGCGTTTGTCTCGTTC-1_GSM4013389,12
GTTACAGCATCGGTTA-1_GSM4013389,12
TGTGTTTGTTCACGGC-1_GSM4013389,13
CCAATCCAGCGATCCC-1_GSM4013389,5
ATAACGCGTCCAGTTA-1_GSM4013389,13
TCACAAGAGGCCCTTG-1_GSM4013389,13
CCTTACGTCTGCAGTA-1_GSM4013389,9
AAAGATGTCCTGCAGG-1_GSM4013389,0
CGTCCATCAAGCCCAC-1_GSM4013389,8
TTGGAACTCGGCGCAT-1_GSM4013389,8
CATGCCTCAGGAACGT-1_GSM4013389,6
TGACGGCTCAAACAAG-1_GSM4013389,0
CGTAGCGAGCAGACTG-1_GSM4013389,13
TAGGCATTCGGTTCGG-1_GSM4013389,5
GTAGTCAAGCCAGAAC-1_GSM4013389,0
CTTGGCTCACACTGCG-1_GSM4013389,8
ACTGATGAGTCATCCA-1_GSM4013389,13
GCGGGTTCAGCGAACA-1_GSM4013389,7
GCTCTGTAGGACAGAA-1_GSM4013389,8
AGTAGTCGTGTTTGGT-1_GSM4013389,0
CTCGGGACATGCTGGC-1_GSM4013389,0
AAACGGGCATGTAGTC-1_GSM4013389,8
TCATTTGGTTACGTCA-1_GSM4013389,7
GTGGGTCTCAGTTAGC-1_GSM4013389,8
GCATGATGTTTAGCTG-1_GSM4013389,0
CATCAGACATGAGCGA-1_GSM4013389,9
TCGCGAGAGAGATGAG-1_GSM4013389,8
GATGAGGTCATTGCCC-1_GSM4013389,8
AGAGCTTCACTAAGTC-1_GSM4013389,2
CATCAAGGTGCCTTGG-1_GSM4013389,0
GTCGTAAGTGCTGTAT-1_GSM4013389,12
CCCAGTTCATAAGACA-1_GSM4013389,8
CTAACTTTCTGCTGCT-1_GSM4013389,13
GTGTTAGCACCAGCAC-1_GSM4013389,0
TTGGCAATCTTCTGGC-1_GSM4013389,9
GACTACACACGGATAG-1_GSM4013389,8
CGGACACTCAACGCTA-1_GSM4013389,8
TTCCCAGAGAAACCAT-1_GSM4013389,5
CTGCGGAGTTCCGTCT-1_GSM4013389,0
TGCGGGTGTCTCTTAT-1_GSM4013389,6
TGACGGCGTAAGGGAA-1_GSM4013389,12
GACAGAGCAGACGTAG-1_GSM4013389,13
AAAGTAGCAGGTCGTC-1_GSM4013389,13
CCGGGATAGGAGCGTT-1_GSM4013389,5
GTAGGCCCAATGGACG-1_GSM4013389,0
CGATCGGCAGACAAAT-1_GSM4013389,0
TGCTACCAGAAACCGC-1_GSM4013389,13
CCACCTAAGAGCTTCT-1_GSM4013389,14
CAGCGACTCCTACAGA-1_GSM4013389,0
AGATCTGTCGTCGTTC-1_GSM4013389,0
ACGATGTTCGTCTGAA-1_GSM4013389,11
AGATTGCAGTGTACGG-1_GSM4013389,9
ACGATACCATCTCGCT-1_GSM4013389,7
CGAGCACTCGACCAGC-1_GSM4013389,1
CTCACACTCGAGGTAG-1_GSM4013389,7
CTCTAATGTAAATGTG-1_GSM4013389,18
TGCTACCAGCTTATCG-1_GSM4013389,9
GCTGGGTCATCAGTCA-1_GSM4013389,8
TCGGTAACAGTATCTG-1_GSM4013389,13
CTACGTCCACGAGAGT-1_GSM4013389,16
AGATTGCTCTTTAGGG-1_GSM4013389,0
TGAGCATCAGCCTTGG-1_GSM4013389,4
ACACCAATCGTCCGTT-1_GSM4013389,6
TACGGTAAGAGCCCAA-1_GSM4013389,9
GGGAGATCATAGACTC-1_GSM4013389,8
TGTTCCGCAAAGTCAA-1_GSM4013389,7
CGCTTCATCGTACGGC-1_GSM4013389,7
AATCGGTAGGTAAACT-1_GSM4013389,0
ATTTCTGAGACAGAGA-1_GSM4013389,0
ACTGAGTGTATTACCG-1_GSM4013389,13
TCATTACGTTACCGAT-1_GSM4013389,9
CAAGATCCATAAGACA-1_GSM4013389,6
CGAGCACGTCTCAACA-1_GSM4013389,13
CGTGAGCCAATGACCT-1_GSM4013389,8
CCTTCGATCGCGTAGC-1_GSM4013389,12
AGATTGCAGTGTTAGA-1_GSM4013389,7
TCACGAAGTTCCACTC-1_GSM4013389,5
AGTAGTCAGAAACGCC-1_GSM4013389,13
CTGCGGACAGACGCAA-1_GSM4013389,8
TTGAACGTCGGATGGA-1_GSM4013389,4
ACTGAGTCACATGGGA-1_GSM4013389,6
GAGCAGACACGAAGCA-1_GSM4013389,12
TAAGTGCGTACATGTC-1_GSM4013389,4
ACGGGCTAGCCAACAG-1_GSM4013389,4
CACTCCATCTTGCCGT-1_GSM4013389,19
GTACGTACATCACGAT-1_GSM4013389,9
TAAGCGTAGTGTTGAA-1_GSM4013389,13
ACGGGTCAGGCATGTG-1_GSM4013389,0
TGAGCCGGTAGAGGAA-1_GSM4013389,7
TCATTACCACAGCCCA-1_GSM4013389,9
GTCATTTCATCCGTGG-1_GSM4013389,13
GTGGGTCAGAGTTGGC-1_GSM4013389,0
CGTCTACCACAAGACG-1_GSM4013389,7
ATTGGACCACACCGAC-1_GSM4013389,14
CAACCAACAACACGCC-1_GSM4013389,0
CACAGGCTCTCGTTTA-1_GSM4013389,4
AGCTCCTCATGCGCAC-1_GSM4013389,6
TCAGGATGTAGTACCT-1_GSM4013389,8
ACAGCTAAGCTACCGC-1_GSM4013389,9
GTCTCGTTCGGACAAG-1_GSM4013389,7
ACATACGTCCAGGGCT-1_GSM4013389,0
CTGATAGTCAACACCA-1_GSM4013389,8
TGACAACAGGATGCGT-1_GSM4013389,16
GAAATGACATCGTCGG-1_GSM4013389,13
GTGCATAAGGAATGGA-1_GSM4013389,11
AAAGTAGGTTGTTTGG-1_GSM4013389,8
AGGCCGTGTCGCCATG-1_GSM4013389,13
ACGATGTGTAGCGATG-1_GSM4013389,4
TTGGAACGTGTTTGGT-1_GSM4013389,8
AGAGTGGAGCCCGAAA-1_GSM4013389,0
CTTTGCGTCCGCATCT-1_GSM4013389,18
GCATACACATTAGGCT-1_GSM4013389,8
ATCATCTGTCAATACC-1_GSM4013389,8
CACTCCATCTAGAGTC-1_GSM4013389,13
CCTATTAAGGGTGTTG-1_GSM4013389,5
ACGCAGCCAAGGTGTG-1_GSM4013389,13
CTACCCAAGTTAAGTG-1_GSM4013389,4
GCATACAGTTAAAGTG-1_GSM4013389,8
GCATGCGCATTAGGCT-1_GSM4013389,14
AATCGGTGTGCGAAAC-1_GSM4013389,9
GGCTCGAAGCATCATC-1_GSM4013389,6
CCACGGACAAACGTGG-1_GSM4013389,4
CAACTAGAGATGAGAG-1_GSM4013389,1
AACTGGTTCTTAGCCC-1_GSM4013389,4
CGCGGTAAGCCCAATT-1_GSM4013389,7
ATGAGGGAGCTGCAAG-1_GSM4013389,4
TAAGAGATCTTGGGTA-1_GSM4013389,10
GGGATGACAACACGCC-1_GSM4013389,18
TAAGCGTGTCTAAAGA-1_GSM4013389,8
GCTTGAACAGATCTGT-1_GSM4013389,13
CAGCTGGCAGAGCCAA-1_GSM4013389,0
CAGCTAAAGAGGTTGC-1_GSM4013389,4
TTTGCGCAGGGAACGG-1_GSM4013389,16
ACTGATGGTATATGAG-1_GSM4013389,16
ACATACGCAGACGCTC-1_GSM4013389,10
CAGCATATCTCCAACC-1_GSM4013389,1
GTCATTTTCTCCTATA-1_GSM4013389,8
CGGACGTGTCTGCGGT-1_GSM4013389,8
TCAGATGAGTGTGGCA-1_GSM4013389,9
GTTCTCGTCCTCCTAG-1_GSM4013389,4
CATTATCCACCGAAAG-1_GSM4013389,9
AACTTTCAGTCAATAG-1_GSM4013389,4
CATATTCCATGGTTGT-1_GSM4013389,16
TGCCCTAGTATGAAAC-1_GSM4013389,8
GATCAGTTCGAGGTAG-1_GSM4013389,4
CTGAAACGTAAGGGAA-1_GSM4013389,8
AAATGCCTCGGAATCT-1_GSM4013389,16
GATGAAATCCTTTACA-1_GSM4013389,6
AGGGTGATCTTCAACT-1_GSM4013389,5
CCGTGGAAGAGCTGCA-1_GSM4013389,4
AAGTCTGAGATCACGG-1_GSM4013389,13
CACAAACGTCCAGTAT-1_GSM4013389,13
ATCCACCAGTTAAGTG-1_GSM4013389,6
ATGTGTGAGCTAAGAT-1_GSM4013389,16
CGACTTCGTACCAGTT-1_GSM4013389,8
TCTATTGCACACAGAG-1_GSM4013389,16
GACTAACAGCACAGGT-1_GSM4013389,8
GCCAAATAGGTAGCTG-1_GSM4013389,8
AGGGAGTGTCATTAGC-1_GSM4013389,12
CTTAGGAGTGCAGGTA-1_GSM4013389,18
GGATTACAGCCACTAT-1_GSM4013389,5
GTCGGGTGTACATGTC-1_GSM4013389,4
TGATTTCAGATCCCGC-1_GSM4013389,14
CGGGTCAGTACTCTCC-1_GSM4013389,7
TATGCCCTCGGCGCAT-1_GSM4013389,3
GGACAAGAGTGGTAGC-1_GSM4013389,8
GGTGCGTGTGGACGAT-1_GSM4013389,5
CCCAATCAGGGTATCG-1_GSM4013389,16
CTACATTCATCCTTGC-1_GSM4013389,16
TTATGCTTCATTGCCC-1_GSM4013389,6
AGACGTTGTGCGCTTG-1_GSM4013389,7
ATAACGCTCTTACCTA-1_GSM4013389,8
GTACTCCGTGCAGACA-1_GSM4013389,1
TGAGCATCAAGGCTCC-1_GSM4013389,9
ACGATACCACTTCTGC-1_GSM4013389,13
ATCCACCCAGACAAGC-1_GSM4013389,8
CACCACTAGCCATCGC-1_GSM4013389,8
GGTGAAGAGAGGTTAT-1_GSM4013389,8
CTAGCCTGTTGTCTTT-1_GSM4013389,0
ACGCCAGGTGCAGTAG-1_GSM4013389,16
CGTAGCGAGAAGAAGC-1_GSM4013389,8
CGTCCATGTTCACCTC-1_GSM4013389,8
TGACAACTCTTACCTA-1_GSM4013389,16
GCAAACTCAGGTGCCT-1_GSM4013389,9
AGAATAGTCGCGCCAA-1_GSM4013389,5
GAAGCAGGTTCCACAA-1_GSM4013389,12
GACCAATCATACGCTA-1_GSM4013389,8
TACAGTGCATGTCCTC-1_GSM4013389,16
CAGCTGGTCGTTACAG-1_GSM4013389,13
CGATTGACATCGATGT-1_GSM4013389,9
CTCGAAAAGTGGAGTC-1_GSM4013389,7
CCTTCCCTCTTGACGA-1_GSM4013389,9
TCGGGACGTCTAGGTT-1_GSM4013389,18
TCGTAGATCAGAGGTG-1_GSM4013389,14
GGACAAGAGTGCGATG-1_GSM4013389,16
ACCGTAAGTCTCTCTG-1_GSM4013389,14
ACGCCGACAGGGTTAG-1_GSM4013389,8
CACCTTGAGGGCATGT-1_GSM4013389,16
CGCGGTAAGGTGCTTT-1_GSM4013389,4
AGTGGGATCGCCATAA-1_GSM4013389,13
GCTCCTAGTGGAAAGA-1_GSM4013389,5
GGACGTCAGTTGAGTA-1_GSM4013389,10
TATCAGGCACAGAGGT-1_GSM4013389,18
TTGCGTCAGGCTACGA-1_GSM4013389,5
TCTCTAACAATGAAAC-1_GSM4013389,16
GATCAGTAGGTCATCT-1_GSM4013389,14
GACGTGCTCATGTCCC-1_GSM4013389,9
CGTAGCGTCAGGCGAA-1_GSM4013389,14
CTAGTGAGTGCGATAG-1_GSM4013389,9
TAGTTGGGTCTAGTGT-1_GSM4013389,6
GGTGTTAGTGCCTTGG-1_GSM4013389,16
CACTCCATCCGCATCT-1_GSM4013389,10
GCTCTGTGTCGCTTCT-1_GSM4013389,4
GTGCGGTTCAGCACAT-1_GSM4013389,4
GTCGGGTCAAACTGTC-1_GSM4013389,4
AAGGAGCCATCGGACC-1_GSM4013389,8
AGTGGGAAGTACATGA-1_GSM4013389,0
AACCGCGGTTAAGTAG-1_GSM4013389,10
GGTATTGCAGGCTGAA-1_GSM4013389,1
TCGTACCAGCCGTCGT-1_GSM4013389,9
CGGTTAACAGGCTCAC-1_GSM4013389,0
TCCACACGTATAATGG-1_GSM4013389,16
ATCCACCCATTTGCCC-1_GSM4013389,9
GACGCGTGTGAGGCTA-1_GSM4013389,1
GACCAATCAGGGCATA-1_GSM4013389,9
TGACTTTGTCAATACC-1_GSM4013389,16
GTCACGGAGGGCTTGA-1_GSM4013389,4
CATATTCCAGGAATGC-1_GSM4013389,16
GCTGCTTCACGAGGTA-1_GSM4013389,4
ACAGCTACAGACGTAG-1_GSM4013389,10
AGCTCCTAGCTGTTCA-1_GSM4013389,8
GGGCACTAGCACGCCT-1_GSM4013389,14
CGTAGGCGTGTAAGTA-1_GSM4013389,13
TTAGGCACACATCCGG-1_GSM4013389,8
GCTCTGTCAGACGCCT-1_GSM4013389,8
GGGCATCCACATGACT-1_GSM4013389,0
GATCTAGGTCGAGATG-1_GSM4013389,5
TATGCCCAGTCAAGCG-1_GSM4013389,0
AAGGCAGGTCCATGAT-1_GSM4013389,16
GATTCAGGTTCGGGCT-1_GSM4013389,16
CCTTACGTCGTTGCCT-1_GSM4013389,14
ATCCGAATCAGCCTAA-1_GSM4013389,10
CTTAACTAGTTAACGA-1_GSM4013389,4
ACTTGTTAGGATGCGT-1_GSM4013389,10
CTCGGAGTCGCGTTTC-1_GSM4013389,14
CAGGTGCGTCATGCAT-1_GSM4013389,14
TGCGCAGCAGCCAGAA-1_GSM4013389,5
CGAGCACAGATCTGAA-1_GSM4013389,8
CAAGATCTCGCCATAA-1_GSM4013389,1
CGTGAGCTCGTGACAT-1_GSM4013389,14
GTTCATTAGAAACCAT-1_GSM4013389,16
ATGAGGGCAAGCGATG-1_GSM4013389,6
GGCCGATGTCATGCCG-1_GSM4013389,8
TGACGGCTCTGGTGTA-1_GSM4013389,8
AGCTCTCGTGCAACGA-1_GSM4013389,14
CCGTGGATCGTAGATC-1_GSM4013389,18
TAGCCGGTCCGCAAGC-1_GSM4013389,5
ATCATGGCACATTCGA-1_GSM4013389,1
GTACGTAAGTACACCT-1_GSM4013389,10
CGAGAAGTCGTTTAGG-1_GSM4013389,5
GTCCTCAAGATGTTAG-1_GSM4013389,0
CACACCTCAATCCGAT-1_GSM4013389,10
CGGGTCATCCCTCAGT-1_GSM4013389,10
AGATCTGAGCACAGGT-1_GSM4013389,4
GATCAGTAGACGCAAC-1_GSM4013389,16
TACAGTGCAAAGCAAT-1_GSM4013389,13
ACCGTAAAGTACCGGA-1_GSM4013389,0
TACTTGTGTAGCCTCG-1_GSM4013389,18
TACTCGCAGCGATGAC-1_GSM4013389,16
CCTATTAGTTCCATGA-1_GSM4013389,8
CTGGTCTGTCCGAGTC-1_GSM4013389,4
GCGACCAAGAGACTTA-1_GSM4013389,16
CACAAACAGGACAGAA-1_GSM4013389,5
TGCCCTATCCAGTATG-1_GSM4013389,4
CTTAACTAGAGGTACC-1_GSM4013389,8
CTTCTCTGTCCCTACT-1_GSM4013389,14
TTGAACGTCATTTGGG-1_GSM4013389,9
CCGGGATCATTATCTC-1_GSM4013389,8
TTGACTTCAGGAACGT-1_GSM4013389,4
TGAGGGAAGGGCTCTC-1_GSM4013389,18
TCGGGACGTGGCAAAC-1_GSM4013389,5
ACTTGTTTCACGGTTA-1_GSM4013389,1
GTTCTCGTCGAACGGA-1_GSM4013389,14
GATCGTATCCGTCATC-1_GSM4013389,1
AGTGAGGTCAATACCG-1_GSM4013389,14
CAGCCGAGTGCACGAA-1_GSM4013389,1
AGTGTCAGTGCGCTTG-1_GSM4013389,4
AAAGTAGTCCTCAATT-1_GSM4013389,6
TTGGCAACAAGCGCTC-1_GSM4013389,10
TGAGCATAGTATCGAA-1_GSM4013389,1
ATCATCTTCAAACGGG-1_GSM4013389,16
TTAGGACTCCGCGGTA-1_GSM4013389,4
CGCTATCCAATAGAGT-1_GSM4013389,4
TGATTTCCACGGTTTA-1_GSM4013389,8
GTGGGTCCAGCCACCA-1_GSM4013389,8
CATGACATCGGTTAAC-1_GSM4013389,6
CGGACTGAGCTGCCCA-1_GSM4013389,1
AAAGTAGTCGTTACGA-1_GSM4013389,16
CCTATTATCGCTAGCG-1_GSM4013389,1
CCCATACTCCTATGTT-1_GSM4013389,14
AGGTCATCAGCGAACA-1_GSM4013389,16
AGTCTTTGTCGAGTTT-1_GSM4013389,14
GATTCAGTCATCGATG-1_GSM4013389,18
TTGCGTCGTGACAAAT-1_GSM4013389,16
CGTTAGAGTCTCATCC-1_GSM4013389,18
CGCTGGATCCATTCTA-1_GSM4013389,14
GGTGAAGTCATCACCC-1_GSM4013389,1
TTGTAGGGTTAGATGA-1_GSM4013389,14
CTGAAACAGCCAGGAT-1_GSM4013389,18
GGCCGATCATGGGACA-1_GSM4013390,23
CAAGTTGAGTACGCCC-1_GSM4013390,23
GGCTCGATCAATAAGG-1_GSM4013390,21
CTGGTCTTCACCCGAG-1_GSM4013390,21
GAACATCTCCAAAGTC-1_GSM4013390,21
GGGAGATTCCAAAGTC-1_GSM4013390,21
AGCCTAAGTAACGTTC-1_GSM4013390,21
GGACGTCGTGGTAACG-1_GSM4013390,21
CGTCAGGCACCCTATC-1_GSM4013390,21
GCAGCCATCAGCGATT-1_GSM4013390,23
GACAGAGTCTTACCTA-1_GSM4013390,21
GGGTTGCCAAGCTGGA-1_GSM4013390,21
CATCGGGGTTCCACGG-1_GSM4013390,23
GACTACAAGGTCGGAT-1_GSM4013390,21
GGGTCTGTCACGGTTA-1_GSM4013390,21
GGGCATCTCATCGGAT-1_GSM4013390,21
CCTAAAGGTGCATCTA-1_GSM4013390,23
CTTAACTGTCTTTCAT-1_GSM4013390,23
ACGCAGCCAGTGACAG-1_GSM4013390,23
TAAGTGCCATGCCACG-1_GSM4013390,23
AAAGTAGTCGATCCCT-1_GSM4013390,23
CACATTTTCTGGTTCC-1_GSM4013390,21
CTGAAGTCAGACACTT-1_GSM4013390,23
CTTCTCTGTAGCTAAA-1_GSM4013390,23
GGGCATCCAGGTCGTC-1_GSM4013390,23
GACGGCTTCGAATGGG-1_GSM4013390,21
TGAGGGACAACGATCT-1_GSM4013390,23
CAAGAAAGTCTCATCC-1_GSM4013390,23
CCTACACGTTACGACT-1_GSM4013390,23
CTCGAGGAGTCGTACT-1_GSM4013390,23
CTCGTCATCCCTCAGT-1_GSM4013390,21
GCAAACTTCTGGCGAC-1_GSM4013390,23
TCGTACCTCTTGCAAG-1_GSM4013390,23
TGCCAAACATGGTAGG-1_GSM4013390,23
GCTCCTAAGTTCGCGC-1_GSM4013390,23
GTCAAGTTCATGCAAC-1_GSM4013390,23
TTAGGACTCGGCATCG-1_GSM4013390,21
GTACTCCCAGCCACCA-1_GSM4013390,23
ACTGAGTAGCTTATCG-1_GSM4013390,21
AAGGAGCGTGAGCGAT-1_GSM4013390,23
TTGTAGGTCATTGCGA-1_GSM4013390,21
CTACATTTCCATGAGT-1_GSM4013390,23
TCATTTGTCAACGCTA-1_GSM4013390,23
CGGACGTAGCAACGGT-1_GSM4013390,23
TGGTTAGAGATGTCGG-1_GSM4013390,23
GTTACAGCACATCCAA-1_GSM4013390,23
CACCAGGCAGGCTGAA-1_GSM4013390,21
GCATGATAGGGTGTTG-1_GSM4013390,23
CGCTGGAGTTGGAGGT-1_GSM4013390,23
CAACTAGGTATCTGCA-1_GSM4013390,21
TCGGGACGTCGCATAT-1_GSM4013390,23
CACAGGCTCGCTAGCG-1_GSM4013390,21
ACGCCAGAGTAGCCGA-1_GSM4013390,21
CATCAAGTCTACCAGA-1_GSM4013390,23
TATCAGGCACGCATCG-1_GSM4013390,23
GTCTCGTTCTAGAGTC-1_GSM4013390,23
TGAGAGGAGTGGTAGC-1_GSM4013390,23
TATGCCCGTGTTAAGA-1_GSM4013390,23
CAGTAACCATCTACGA-1_GSM4013390,23
GAGTCCGCATCCTTGC-1_GSM4013390,21
ATCATGGTCTTGTCAT-1_GSM4013390,23
GAAACTCAGGTTCCTA-1_GSM4013390,23
ACGCCAGGTGGTGTAG-1_GSM4013390,23
CCTTTCTAGCAAATCA-1_GSM4013390,23
TGGCCAGTCGCATGAT-1_GSM4013390,23
CCACGGAAGACGCACA-1_GSM4013390,21
TTGACTTGTATCTGCA-1_GSM4013390,21
GACGTGCAGCCTATGT-1_GSM4013390,23
TAGCCGGAGAATAGGG-1_GSM4013390,23
CTTAGGACAATCTGCA-1_GSM4013390,21
GCTCTGTGTTAGAACA-1_GSM4013390,23
GCAGCCAAGTCACGCC-1_GSM4013390,23
ACACCCTAGCTAAGAT-1_GSM4013390,21
CTAACTTTCACCGGGT-1_GSM4013390,21
CCACGGACATTTCAGG-1_GSM4013390,21
ATCATCTTCCTAGGGC-1_GSM4013390,21
CCCATACGTTACGACT-1_GSM4013390,23
GTGCATAAGACTAGGC-1_GSM4013390,21
GGAACTTTCTCTAGGA-1_GSM4013390,23
GCCTCTACAGGCTGAA-1_GSM4013390,21
CTTAGGAGTAGAGTGC-1_GSM4013390,21
GTGCGGTAGACGACGT-1_GSM4013390,21
ACGAGCCTCTGCGTAA-1_GSM4013390,21
CCCAGTTAGGGATACC-1_GSM4013390,23
CTGAAACAGTCACGCC-1_GSM4013390,23
GTGTGCGAGCAGCCTC-1_GSM4013390,23
GGGCATCCACTGTCGG-1_GSM4013390,23
GGGTTGCTCACATGCA-1_GSM4013390,21
ACGTCAATCATCACCC-1_GSM4013390,21
CTAGTGAAGATCGGGT-1_GSM4013390,23
GCTGCGAAGGATCGCA-1_GSM4013390,21
TTCGGTCGTCATTAGC-1_GSM4013390,23
GCACATACAAAGCAAT-1_GSM4013390,21
GATCAGTAGTACTTGC-1_GSM4013390,23
GATGCTACAGTACACT-1_GSM4013390,21
ATAGACCCATTACCTT-1_GSM4013390,21
ATCTACTTCAATCTCT-1_GSM4013390,23
GTATCTTAGTTCGCAT-1_GSM4013390,23
AAGACCTCATGTTGAC-1_GSM4013390,21
AACCATGTCATGTAGC-1_GSM4013390,21
ATGTGTGTCTTAGAGC-1_GSM4013390,23
CTCTACGAGCCAGAAC-1_GSM4013390,23
GACTGCGCACAGGAGT-1_GSM4013390,21
TGACAACTCTTATCTG-1_GSM4013390,21
ACTGAACAGGCTCTTA-1_GSM4013390,21
TGACTAGAGGGAAACA-1_GSM4013390,23
GTGGGTCAGTGCCAGA-1_GSM4013390,23
CTACCCAAGACCCACC-1_GSM4013390,19
CGCTATCCATCCGCGA-1_GSM4013390,21
CTGAAACCAGATGAGC-1_GSM4013390,23
GGACGTCCAACTGCTA-1_GSM4013390,21
AACTCCCGTCTAACGT-1_GSM4013390,23
GGACAGAAGTCCTCCT-1_GSM4013390,21
CTGAAGTCATAGGATA-1_GSM4013390,21
TGCCCATAGTTCGCAT-1_GSM4013390,23
GTAACGTCACCTCGGA-1_GSM4013390,23
CGAACATGTTGTGGAG-1_GSM4013390,21
GGCCGATAGCTGTTCA-1_GSM4013390,23
TTCCCAGGTGTCGCTG-1_GSM4013390,23
AGCCTAAAGTCAATAG-1_GSM4013390,21
AAGGTTCTCGGTGTCG-1_GSM4013390,23
CACCACTCATTGGCGC-1_GSM4013390,21
TACTCATAGATATGGT-1_GSM4013390,23
AAACCTGTCACATACG-1_GSM4013390,21
GAACCTATCACAGGCC-1_GSM4013390,23
TGGGAAGTCTGTCTAT-1_GSM4013390,21
AGGGTGATCAGAGCTT-1_GSM4013390,21
TCAATCTGTTGGTGGA-1_GSM4013390,21
ACTGAGTAGGCTCATT-1_GSM4013390,12
GGGAGATGTAGCCTAT-1_GSM4013390,21
TACAGTGGTCGAGTTT-1_GSM4013390,23
ATTCTACGTCGGCTCA-1_GSM4013390,21
AGTGAGGCAATGGATA-1_GSM4013390,21
CAGTAACAGAGCTTCT-1_GSM4013390,21
CTAGTGACAATTGCTG-1_GSM4013390,23
CGAATGTAGAGTGAGA-1_GSM4013390,21
CCAGCGAAGGGATGGG-1_GSM4013390,21
AGCAGCCCACCAACCG-1_GSM4013390,21
ATTTCTGTCAAACGGG-1_GSM4013390,19
GTACTCCCATGATCCA-1_GSM4013390,21
AAACCTGAGACGACGT-1_GSM4013390,23
TTAGGCATCTTTACAC-1_GSM4013390,21
CTGCGGACACTTGGAT-1_GSM4013390,21
TTTCCTCTCACAGGCC-1_GSM4013390,21
AGGTCATGTTCACCTC-1_GSM4013390,21
ACACCGGGTAGGGTAC-1_GSM4013390,21
CCACTACAGGGTGTGT-1_GSM4013390,23
TACGGGCCACCATCCT-1_GSM4013390,21
ACTGTCCTCCAGTAGT-1_GSM4013390,21
GGGAATGCAAAGTCAA-1_GSM4013390,21
CGCTTCAGTCGGCACT-1_GSM4013390,23
GACTACAGTTGGAGGT-1_GSM4013390,23
TTAGGCATCACCAGGC-1_GSM4013390,21
AGGCCACAGTGAACAT-1_GSM4013390,21
ACCGTAATCTGTCCGT-1_GSM4013390,21
GCTGCGATCTCAAACG-1_GSM4013390,23
CCATTCGCATCCAACA-1_GSM4013390,21
GATTCAGTCGTTTATC-1_GSM4013390,21
GGATTACAGCTGCGAA-1_GSM4013390,21
ACGAGCCAGGTAAACT-1_GSM4013390,21
CGATCGGGTAAACCTC-1_GSM4013390,20
GGGACCTCAGCGAACA-1_GSM4013390,21
CCACGGACATCGGACC-1_GSM4013390,21
ACATGGTAGCGATCCC-1_GSM4013390,21
CTCGGGATCCCTTGTG-1_GSM4013390,12
CTTACCGCAGCTTAAC-1_GSM4013390,23
CCTCAGTCATACTCTT-1_GSM4013390,21
TCGTACCGTCTCCCTA-1_GSM4013390,12
ATTACTCGTCTACCTC-1_GSM4013390,21
CACACCTAGAGCTGGT-1_GSM4013390,21
ACACCCTGTATGAAAC-1_GSM4013390,21
TGGGCGTTCTTAACCT-1_GSM4013390,20
ACCAGTATCGGATGGA-1_GSM4013390,23
CATGCCTTCCGAGCCA-1_GSM4013390,21
CGTCCATTCGTACCGG-1_GSM4013390,21
ATGTGTGAGGTGCTAG-1_GSM4013390,21
CCATTCGGTAGCTCCG-1_GSM4013390,23
ATCATCTAGCACGCCT-1_GSM4013390,20
TCGCGAGAGGCTCATT-1_GSM4013390,21
TCACGAAAGCTAGTCT-1_GSM4013390,21
ACATGGTAGTGTTAGA-1_GSM4013390,21
TAAACCGCAATTGCTG-1_GSM4013390,20
GACTAACCAGTAGAGC-1_GSM4013390,12
TTAGGACTCATGTCCC-1_GSM4013390,21
GTGCTTCGTAAGTAGT-1_GSM4013390,23
CTCGGGAAGCGATAGC-1_GSM4013390,21
GCGAGAAAGTTAGCGG-1_GSM4013390,21
ACACCAACACAGCGTC-1_GSM4013390,20
GGCGTGTTCGAATGCT-1_GSM4013390,21
GTTACAGGTACCGTTA-1_GSM4013390,21
AAGGAGCGTCTCTCGT-1_GSM4013390,23
GATCGCGCACGACGAA-1_GSM4013390,21
CATGCCTTCTTACCTA-1_GSM4013390,23
CCGGTAGCAGCTCCGA-1_GSM4013390,21
GGCCGATCATCTGGTA-1_GSM4013390,21
TCCACACAGGAGTTTA-1_GSM4013390,20
TACGGTAGTACCGTTA-1_GSM4013390,21
CACATAGCAATCACAC-1_GSM4013390,21
GCGCCAAGTAAGTGTA-1_GSM4013390,23
GAAATGACATTGCGGC-1_GSM4013390,21
CTCGAAAAGCAAATCA-1_GSM4013390,21
GTTACAGCAAGGTTTC-1_GSM4013390,21
ACGAGCCAGCGATATA-1_GSM4013390,21
CAAGGCCAGCCATCGC-1_GSM4013390,21
TGAGCATCAATGCCAT-1_GSM4013390,21
AAAGATGAGCCCAACC-1_GSM4013390,21
ACAGCCGTCTTGGGTA-1_GSM4013390,19
TCCCGATTCTTAACCT-1_GSM4013390,21
AGGGTGAGTCCAGTAT-1_GSM4013390,23
TGGGCGTCAAAGCAAT-1_GSM4013390,21
CAGCTGGGTAATAGCA-1_GSM4013390,21
GCTCTGTCATTCCTGC-1_GSM4013390,21
GATCTAGCACCCATGG-1_GSM4013390,21
CGTTAGACAGCTGTTA-1_GSM4013390,21
CGTAGGCAGTGTTTGC-1_GSM4013390,21
TATCTCAGTACCGGCT-1_GSM4013390,21
TGCTACCGTCTCTCGT-1_GSM4013390,21
CGTGTAATCAACGCTA-1_GSM4013390,21
CAACCAATCTGCTGCT-1_GSM4013390,12
CTGAAACCATTGTGCA-1_GSM4013390,20
TATGCCCTCAGCAACT-1_GSM4013390,12
CTGTGCTGTTACGACT-1_GSM4013390,21
AGGCCGTAGCTGTCTA-1_GSM4013390,21
ATTCTACTCACTTCAT-1_GSM4013390,21
CCCAATCAGTATCGAA-1_GSM4013390,20
TGCCCTATCAGAGGTG-1_GSM4013390,21
AAGGAGCGTCAACATC-1_GSM4013390,20
TGGGAAGTCGGATGGA-1_GSM4013390,23
AGGCCGTGTTCACCTC-1_GSM4013390,21
AAGGTTCCAGATCTGT-1_GSM4013390,12
CTTGGCTGTCTTGTCC-1_GSM4013390,21
TCAGGATAGTATTGGA-1_GSM4013390,23
GCTGCGACACTACAGT-1_GSM4013390,21
TATGCCCAGACTTGAA-1_GSM4013390,21
ACACCGGAGATCTGCT-1_GSM4013390,21
TTCTACAAGATGTAAC-1_GSM4013390,21
CGTGAGCCACGTTGGC-1_GSM4013390,21
ATTACTCTCGGGAGTA-1_GSM4013390,21
CAAGGCCCATTCCTCG-1_GSM4013390,20
AGCGTATTCAGCGACC-1_GSM4013390,20
TACTTACGTTCCACGG-1_GSM4013390,20
CACCACTTCTGCAAGT-1_GSM4013390,12
CACTCCACAATCGGTT-1_GSM4013390,21
CTCTGGTGTCCGAATT-1_GSM4013390,20
CATCGAACAATGTAAG-1_GSM4013390,12
CCGGTAGCAGACAAAT-1_GSM4013390,21
GCTCCTAAGGCCCTCA-1_GSM4013390,20
GTCGTAAAGAAGGGTA-1_GSM4013390,21
CTGGTCTCATCGGGTC-1_GSM4013390,21
CGTCAGGTCAGCGATT-1_GSM4013390,21
GATGCTAAGTTACGGG-1_GSM4013390,21
TTCTCAACACAGGCCT-1_GSM4013390,20
GCTGCGAAGACTAAGT-1_GSM4013390,21
TTAGGCAAGTGATCGG-1_GSM4013390,21
GTAACTGGTCCTCTTG-1_GSM4013390,20
ACTTGTTTCTGACCTC-1_GSM4013390,12
GTCCTCAGTTGTCTTT-1_GSM4013390,20
CAGCATACACGACTCG-1_GSM4013390,12
GCTTCCAGTGTTTGTG-1_GSM4013390,21
ACACTGAAGTCCCACG-1_GSM4013390,21
CACACAATCCCATTAT-1_GSM4013390,20
ACCTTTATCTCGCTTG-1_GSM4013390,20
ATAACGCCAAACGTGG-1_GSM4013390,3
CCTTCGAAGTGGAGTC-1_GSM4013390,23
CATCAAGCATCGGGTC-1_GSM4013390,20
CAAGTTGCAAAGCAAT-1_GSM4013390,5
CGTCACTTCAGTGCAT-1_GSM4013390,21
CTTACCGAGGGTTCCC-1_GSM4013390,21
CGCTATCCAAGCCGTC-1_GSM4013390,20
ATAGACCGTAAACACA-1_GSM4013390,20
GCCAAATAGTGTACCT-1_GSM4013390,21
TCGTACCAGAGCCCAA-1_GSM4013390,21
GCGCAACTCTCGCTTG-1_GSM4013390,20
CAGCAGCTCTGCTGTC-1_GSM4013390,20
TGACAACCAGGCAGTA-1_GSM4013390,21
TCCACACGTCGGCATC-1_GSM4013390,21
CAAGGCCCAACACCCG-1_GSM4013390,20
TTTACTGGTTTAAGCC-1_GSM4013390,21
TTGGCAATCCGCATCT-1_GSM4013390,21
ATGGGAGAGTGCTGCC-1_GSM4013390,21
AGAGCGAGTATGAATG-1_GSM4013390,20
ACTGATGAGGGTTCCC-1_GSM4013390,21
ACGCCGAGTTCTCATT-1_GSM4013390,21
CCTACACTCTAGAGTC-1_GSM4013390,21
AAAGATGTCATCGATG-1_GSM4013390,5
GGAAAGCCAGCGATCC-1_GSM4013390,20
TACTTGTCACGGTTTA-1_GSM4013390,20
CGATCGGGTCTAACGT-1_GSM4013390,20
ACGTCAAGTCGCATCG-1_GSM4013390,20
CAGTAACTCAGGTAAA-1_GSM4013390,21
TATCAGGAGTTTAGGA-1_GSM4013390,21
TTTGGTTCACAGCGTC-1_GSM4013390,20
GTGCATAGTCCAACTA-1_GSM4013390,20
CGGACACTCAACACAC-1_GSM4013390,20
CAGTCCTAGGTGACCA-1_GSM4013390,21
CATCCACAGGTCATCT-1_GSM4013390,21
CATCAGACAACGCACC-1_GSM4013390,20
TTCTACACAGCTGTGC-1_GSM4013390,21
TATGCCCTCGCGCCAA-1_GSM4013390,20
ACTTGTTCACAGACTT-1_GSM4013390,21
CATCGAAAGAGGTTAT-1_GSM4013390,20
TACTTGTAGGTACTCT-1_GSM4013390,20
TTAACTCGTAAGTGGC-1_GSM4013390,21
GCGCAACAGTAGCGGT-1_GSM4013390,20
CCTCTGATCCGCTGTT-1_GSM4013390,12
GATCGATAGCTCTCGG-1_GSM4013390,20
CAAGAAACAAGTCTAC-1_GSM4013390,20
CTACGTCAGACAATAC-1_GSM4013390,20
GACGGCTGTAGAGTGC-1_GSM4013390,20
CAGCAGCGTTTAAGCC-1_GSM4013390,20
GACAGAGAGCTTATCG-1_GSM4013390,5
TCAGCTCCACGGCTAC-1_GSM4013390,20
ATGGGAGTCGTAGGTT-1_GSM4013390,20
TGAGCATTCAACACAC-1_GSM4013390,20
CCACGGATCCTAGTGA-1_GSM4013390,12
CATGACAGTAGCTCCG-1_GSM4013390,20
CCGTTCATCTACTCAT-1_GSM4013390,20
GACGTGCAGCGTAGTG-1_GSM4013390,12
CGCTTCACAAAGCAAT-1_GSM4013390,20
AGCAGCCAGGAATCGC-1_GSM4013390,20
CAGCAGCTCTTCCTTC-1_GSM4013390,20
TATGCCCTCCATTCTA-1_GSM4013390,12
TAAACCGTCAGCAACT-1_GSM4013390,20
GTTACAGGTTCATGGT-1_GSM4013390,3
GAGTCCGTCGTAGGAG-1_GSM4013390,20
AGCATACAGCGATTCT-1_GSM4013390,20
ACTGATGCAAGACACG-1_GSM4013390,20
CATATTCTCAAGGTAA-1_GSM4013390,22
GGGATGACACGGTAGA-1_GSM4013390,12
AGATTGCTCGAACTGT-1_GSM4013390,20
TGCACCTTCTTCTGGC-1_GSM4013390,20
ACACTGAAGCTGCCCA-1_GSM4013390,20
CTCATTACACAGTCGC-1_GSM4013390,20
AGTCTTTGTCTCGTTC-1_GSM4013390,20
TTTACTGAGTAGCCGA-1_GSM4013390,3
AGCTCTCTCATTTGGG-1_GSM4013390,21
AGAATAGAGTGGACGT-1_GSM4013390,21
CTGTTTAGTTAGGGTG-1_GSM4013390,20
CTCAGAATCTTTACAC-1_GSM4013390,20
GCCAAATCAAGCTGAG-1_GSM4013390,21
TGAAAGACAATGGAGC-1_GSM4013390,21
GGCCGATGTAGCCTCG-1_GSM4013390,21
CAAGTTGGTAAGCACG-1_GSM4013390,23
TAGACCAGTCGGCACT-1_GSM4013390,21
TCCCGATGTGTCGCTG-1_GSM4013390,20
ACCGTAAAGAATTCCC-1_GSM4013390,12
GCCTCTATCATTTGGG-1_GSM4013390,20
ACGGCCATCCGTAGGC-1_GSM4013390,20
GATGCTAAGGGATACC-1_GSM4013390,20
TCTCTAATCGACAGCC-1_GSM4013390,21
GCACATATCTGGCGAC-1_GSM4013390,20
CTGAAGTTCGTCGTTC-1_GSM4013390,21
GGAAAGCGTAAACGCG-1_GSM4013390,20
ATCCACCGTTCGTTGA-1_GSM4013390,20
CTAATGGTCGCACTCT-1_GSM4013390,20
AATCCAGCACGGATAG-1_GSM4013390,21
GGACAAGAGCTGCCCA-1_GSM4013390,9
GGGTTGCCAACACGCC-1_GSM4013390,20
CACAAACCAGTCAGAG-1_GSM4013390,20
TTCTCCTCATTAGGCT-1_GSM4013390,12
CGATTGAGTCTAAAGA-1_GSM4013390,20
GGGCATCCAAGCTGAG-1_GSM4013390,21
CTTTGCGCAGATGGCA-1_GSM4013390,21
ATAAGAGAGTCGCCGT-1_GSM4013390,20
AAGCCGCCATTCCTCG-1_GSM4013390,20
AACTGGTCATGCAACT-1_GSM4013390,20
TGCGGGTTCACATACG-1_GSM4013390,23
CTAGCCTTCTGCTGCT-1_GSM4013390,20
CATTATCCACGGACAA-1_GSM4013390,20
AACCATGGTCAGCTAT-1_GSM4013390,21
CGTCCATCAGGGAGAG-1_GSM4013390,20
CACAGGCCACCTCGGA-1_GSM4013390,20
CGGACGTTCATGTCCC-1_GSM4013390,20
CATGACACAGGGTATG-1_GSM4013390,20
ATCCACCGTGCATCTA-1_GSM4013390,20
CACACCTAGGTAGCTG-1_GSM4013390,20
GATCAGTCAATGCCAT-1_GSM4013390,20
GGGTCTGCACAACGCC-1_GSM4013390,20
TGCGTGGCAGCCTTGG-1_GSM4013390,20
CGATGTATCACAGTAC-1_GSM4013390,20
GAAACTCTCTTGCATT-1_GSM4013390,20
CTCTGGTTCCTTGGTC-1_GSM4013390,20
CACAGGCTCTTGTCAT-1_GSM4013390,23
ACTGTCCCATCCGGGT-1_GSM4013390,20
GCTGCGAGTTGTGGCC-1_GSM4013390,20
GTCTTCGGTATATCCG-1_GSM4013390,20
CAGAATCGTACCGAGA-1_GSM4013390,20
ATTATCCGTTAGGGTG-1_GSM4013390,20
CTAATGGGTACTTCTT-1_GSM4013390,20
ATCCACCTCTCCCTGA-1_GSM4013390,3
GTAACTGGTCGGATCC-1_GSM4013390,20
TCAGCAAGTAAACGCG-1_GSM4013390,21
GACGCGTTCTCGCATC-1_GSM4013390,20
ACCCACTGTTCAGTAC-1_GSM4013390,20
AACCGCGGTTCACGGC-1_GSM4013390,21
CATCGAACAATAGCAA-1_GSM4013390,20
CATTCGCTCTGCAGTA-1_GSM4013390,20
CGTTAGAAGCCTTGAT-1_GSM4013390,20
TACAGTGCAGTCCTTC-1_GSM4013390,21
TATCAGGTCATGTGGT-1_GSM4013390,20
ATCTGCCCACATCCAA-1_GSM4013390,20
ACACCAACAGATCCAT-1_GSM4013390,20
TCTATTGAGAGCTGGT-1_GSM4013390,20
ACGCCAGAGACCCACC-1_GSM4013390,21
TATCTCATCCAGATCA-1_GSM4013390,20
TGCCCTACACAGGCCT-1_GSM4013390,9
GCGCAACGTTTGGGCC-1_GSM4013390,20
TCTTTCCCACATCCGG-1_GSM4013390,21
CCACCTAAGTTAAGTG-1_GSM4013390,20
GGCGACTAGCGATATA-1_GSM4013390,12
AGTCTTTGTCAAAGCG-1_GSM4013390,20
TTGGAACTCCTTTACA-1_GSM4013390,20
ACGCCAGCACACCGAC-1_GSM4013390,20
ACGCCAGCAGTTAACC-1_GSM4013390,20
TATCAGGGTTGACGTT-1_GSM4013390,20
AAAGATGGTCGTCTTC-1_GSM4013390,9
GGCTCGATCGTTTATC-1_GSM4013390,20
CGGAGCTTCTCGGACG-1_GSM4013390,20
GAACCTACAAGAGTCG-1_GSM4013390,20
GCATGCGTCGCAAACT-1_GSM4013390,12
TCAGCAATCTGCGTAA-1_GSM4013390,20
CATATTCAGAGTTGGC-1_GSM4013390,21
TGTGGTAGTCTAGAGG-1_GSM4013390,20
TAGTGGTCAAGCCATT-1_GSM4013390,20
ACGTCAATCCCGACTT-1_GSM4013390,12
CGCCAAGCATTCCTGC-1_GSM4013390,5
CTCGAGGCAAGGTTCT-1_GSM4013390,20
TGCTGCTTCGGTGTTA-1_GSM4013390,20
ATCACGAAGGACCACA-1_GSM4013390,20
CCACGGAGTTCATGGT-1_GSM4013390,20
GTCCTCAGTGGTCTCG-1_GSM4013390,20
CTGGTCTGTAACGCGA-1_GSM4013390,20
ATCTACTGTCATGCCG-1_GSM4013390,20
TACACGACATCGATTG-1_GSM4013390,21
GCAGTTATCCGCGTTT-1_GSM4013390,21
CCGGGATGTTAGATGA-1_GSM4013390,20
GGGAGATAGCCGATTT-1_GSM4013390,21
CTTCTCTCACTGCCAG-1_GSM4013390,17
AGAATAGAGGTCATCT-1_GSM4013390,21
AACCATGTCTGCCAGG-1_GSM4013390,20
ACGGGTCGTCATGCCG-1_GSM4013390,21
TCGAGGCCAGGTCCAC-1_GSM4013390,20
CCTCAGTCAATCACAC-1_GSM4013390,20
TACCTTAGTACCATCA-1_GSM4013390,12
ACGGGCTAGGCAAAGA-1_GSM4013390,21
CAGCTAAAGCGACGTA-1_GSM4013390,21
TAGTGGTTCTCCCTGA-1_GSM4013390,12
GACGCGTAGGGCATGT-1_GSM4013390,20
TTGAACGGTTATGTGC-1_GSM4013390,20
CTAGCCTAGTATCTCG-1_GSM4013390,20
TGAGAGGTCCGAACGC-1_GSM4013390,20
GTACTCCTCGAATCCA-1_GSM4013390,20
GGGCATCTCACAGTAC-1_GSM4013390,20
CTTAACTAGCCGATTT-1_GSM4013390,20
CAACTAGGTTAAAGAC-1_GSM4013390,21
CGGCTAGTCCATGAAC-1_GSM4013390,21
TAGACCATCCGCGCAA-1_GSM4013390,20
AGTGGGACATTCTCAT-1_GSM4013390,12
GATCGTACAGATGGCA-1_GSM4013390,20
TGGCCAGCAATGAATG-1_GSM4013390,20
ATTTCTGCATTGGTAC-1_GSM4013390,20
TTGGAACAGCACGCCT-1_GSM4013390,20
AAGTCTGGTTCGGCAC-1_GSM4013390,20
GGGAATGCAAGTCTGT-1_GSM4013390,21
CGCGTTTGTACAGTTC-1_GSM4013390,12
ACGGGCTCAGGTGGAT-1_GSM4013390,21
CTAACTTGTGGCTCCA-1_GSM4013390,20
ACACCCTAGTGCGATG-1_GSM4013390,20
CTGTTTATCAAGATCC-1_GSM4013390,20
CAAGGCCGTGACAAAT-1_GSM4013390,20
AAAGCAACAGTCGATT-1_GSM4013390,21
GATGAAATCTAGCACA-1_GSM4013390,20
TGACAACAGCACGCCT-1_GSM4013390,5
CAGCCGAAGAGGGATA-1_GSM4013390,12
CGACCTTGTGATGATA-1_GSM4013390,20
CATGACACATGTCGAT-1_GSM4013390,20
GCCAAATCAAGTTCTG-1_GSM4013390,20
GGGAGATGTTGATTGC-1_GSM4013390,20
CGAGAAGCATGCTAGT-1_GSM4013390,12
GTAACTGCATTGCGGC-1_GSM4013390,21
TACTCATGTACAGCAG-1_GSM4013390,20
CCACCTAGTACATGTC-1_GSM4013390,21
GGCGACTAGGCAGGTT-1_GSM4013390,21
TGGTTAGCATGGTAGG-1_GSM4013390,20
ACTGCTCTCCGTAGGC-1_GSM4013390,20
TGGTTCCAGGCATGTG-1_GSM4013390,20
CGAACATAGACAAAGG-1_GSM4013390,20
GAATGAAAGCGTTGCC-1_GSM4013390,20
GACGGCTGTTGCGCAC-1_GSM4013390,20
GTAGGCCCAAGTAATG-1_GSM4013390,21
TGCACCTCAAGCTGTT-1_GSM4013390,20
GCTGCGAGTCGCATCG-1_GSM4013390,20
CTTCTCTTCAACGAAA-1_GSM4013390,21
CCTTTCTTCGCCTGTT-1_GSM4013390,20
AGGGATGAGCGATTCT-1_GSM4013390,21
ACTGAACGTAGCTCCG-1_GSM4013390,20
GATCAGTTCGGCGCTA-1_GSM4013390,20
TTATGCTAGAAGGTGA-1_GSM4013390,21
CTGAAACGTACATGTC-1_GSM4013390,20
AAGGAGCCATACTCTT-1_GSM4013390,20
CTGCGGACATCAGTCA-1_GSM4013390,12
TAAACCGTCTCGTATT-1_GSM4013390,20
AACACGTTCTACCAGA-1_GSM4013390,20
CTACACCAGGTGCACA-1_GSM4013390,20
AACACGTGTATATGGA-1_GSM4013390,20
GTGAAGGCACGAAACG-1_GSM4013390,21
GTTCATTAGTAGCGGT-1_GSM4013390,10
TGCCAAATCACAGTAC-1_GSM4013390,20
TTAGGACTCTCCAACC-1_GSM4013390,20
GGCTCGATCCATGCTC-1_GSM4013390,20
GTGAAGGGTTACGTCA-1_GSM4013390,21
CACTCCAGTAAGTTCC-1_GSM4013390,20
GATCAGTGTACCAGTT-1_GSM4013390,20
TTAGGACTCTACCTGC-1_GSM4013390,20
CTAGCCTCAAGTACCT-1_GSM4013390,20
CTCGAGGAGGTGATAT-1_GSM4013390,21
GTAACTGAGAGTCTGG-1_GSM4013390,12
CGCCAAGCATCACCCT-1_GSM4013390,20
AAGACCTGTAATCGTC-1_GSM4013390,20
ACGCAGCAGGGTGTGT-1_GSM4013390,20
GCACTCTTCAAAGACA-1_GSM4013390,20
GTATTCTGTTCCACGG-1_GSM4013390,20
CTTACCGAGACGACGT-1_GSM4013390,20
CTGATCCCACCCATGG-1_GSM4013390,20
CACAGGCGTGCGAAAC-1_GSM4013390,20
AGCGGTCTCAACACTG-1_GSM4013390,20
GAGGTGATCACATGCA-1_GSM4013390,20
GTTACAGGTTGTCGCG-1_GSM4013390,20
CGGTTAAAGAGCTGGT-1_GSM4013390,21
CATATTCGTAAGGGCT-1_GSM4013390,20
TTATGCTGTTGGAGGT-1_GSM4013390,20
TGGGAAGCATGGTTGT-1_GSM4013390,20
TGACAACTCTGGTGTA-1_GSM4013390,21
AAGGAGCAGATATGGT-1_GSM4013390,20
GCAGCCAAGTGTACGG-1_GSM4013390,20
CGTCAGGGTCGGCATC-1_GSM4013390,20
AGTTGGTAGATAGGAG-1_GSM4013390,20
GTGTTAGAGAGTACCG-1_GSM4013390,20
GGGAGATGTACTCAAC-1_GSM4013390,21
AACTCCCTCGATAGAA-1_GSM4013390,12
ACACCCTCATGGTCAT-1_GSM4013390,20
CCGTTCATCATATCGG-1_GSM4013390,20
ACGCCAGTCCCATTAT-1_GSM4013390,20
CGAGCCATCAACTCTT-1_GSM4013390,20
TCGCGTTAGAATCTCC-1_GSM4013390,20
GCCAAATAGAAACCGC-1_GSM4013390,20
GTACGTAAGCCGTCGT-1_GSM4013390,20
GTTCATTAGTGGAGAA-1_GSM4013390,20
GCAATCAGTTGGTAAA-1_GSM4013390,20
GCGAGAACATGGGAAC-1_GSM4013390,20
TGATTTCCACCTCGTT-1_GSM4013390,21
GATGAAATCTGAAAGA-1_GSM4013390,20
AAACGGGTCGGAAATA-1_GSM4013390,20
CGCTATCTCCCTGACT-1_GSM4013390,22
AGATTGCCATGACATC-1_GSM4013390,20
GACGGCTAGGCTAGCA-1_GSM4013390,20
GTCGTAAAGGAATTAC-1_GSM4013390,20
TTTGCGCAGTGAACAT-1_GSM4013390,20
CACACAATCGCCAAAT-1_GSM4013390,21
CAGTAACTCAACCAAC-1_GSM4013390,12
CCAGCGAAGGGCATGT-1_GSM4013390,12
TTGACTTTCCTGTAGA-1_GSM4013390,21
GTCACGGTCCGAAGAG-1_GSM4013390,21
GTGAAGGCAAAGGAAG-1_GSM4013390,12
CGAGCACCAATCTACG-1_GSM4013390,20
CTCGTCAGTGTTCGAT-1_GSM4013390,20
GATGCTAAGCGTCAAG-1_GSM4013390,20
GCGAGAATCTACCAGA-1_GSM4013390,5
CTTCTCTGTACTCTCC-1_GSM4013390,20
CGGACTGTCTATCGCC-1_GSM4013390,20
AAGTCTGTCCAGTAGT-1_GSM4013390,20
CGTCCATCACTCGACG-1_GSM4013390,20
GCTTGAACACACTGCG-1_GSM4013390,20
AGGCCGTAGATCCCAT-1_GSM4013390,20
AGATCTGAGATCGGGT-1_GSM4013390,21
TACGGGCCATCACGAT-1_GSM4013390,20
ACCCACTAGCTGAAAT-1_GSM4013390,20
TGACTTTGTCTGATCA-1_GSM4013390,20
CATTATCAGTAAGTAC-1_GSM4013390,21
AGTCTTTAGTGGTAAT-1_GSM4013390,20
GAATGAACATACGCCG-1_GSM4013390,20
TCAACGAAGTCGATAA-1_GSM4013390,20
CCTAAAGCAATCTACG-1_GSM4013390,20
TAGCCGGCATTTCACT-1_GSM4013390,21
AACACGTTCCACGACG-1_GSM4013390,20
CGGAGTCTCCAGTATG-1_GSM4013390,20
CTGAAGTTCCTAGGGC-1_GSM4013390,20
CCACGGAAGCTAGTGG-1_GSM4013390,20
GGCCGATGTACATCCA-1_GSM4013390,20
AAGACCTGTACTCAAC-1_GSM4013390,21
TCGGGACAGCCCAACC-1_GSM4013390,20
CGATGGCTCGGGAGTA-1_GSM4013390,12
ACATCAGGTTTGTTGG-1_GSM4013390,20
GAGGTGATCACCAGGC-1_GSM4013390,20
TAAGCGTTCCTCTAGC-1_GSM4013390,20
GGCAATTGTGCAGGTA-1_GSM4013390,20
ACTTACTAGCAGGCTA-1_GSM4013390,20
ACCGTAATCAACGAAA-1_GSM4013390,20
CCGTGGATCATGTGGT-1_GSM4013390,20
TCTGGAATCAACACAC-1_GSM4013390,20
CGTCTACAGCGTCTAT-1_GSM4013390,20
TTCTCAACACGAGGTA-1_GSM4013390,20
TCAGATGGTTGTGGCC-1_GSM4013390,20
TATGCCCAGCTGTCTA-1_GSM4013390,20
GAAACTCGTCCGAGTC-1_GSM4013390,20
CACATAGTCGGCGCTA-1_GSM4013390,20
CTCGAAAGTGATGTCT-1_GSM4013390,20
CTAGCCTTCGGAAATA-1_GSM4013390,20
TTCTCCTGTTATGTGC-1_GSM4013390,20
GTTCATTTCATGGTCA-1_GSM4013390,20
CCTATTAAGATATGGT-1_GSM4013390,21
CGTAGGCAGATACACA-1_GSM4013390,21
CATATGGGTCCTCTTG-1_GSM4013390,20
ACTGTCCGTATAGTAG-1_GSM4013390,20
CTAACTTAGTGGGATC-1_GSM4013390,20
ACGGGTCGTCCGAGTC-1_GSM4013390,20
GCGACCAAGTCTCGGC-1_GSM4013390,20
AACTCAGCAAACCTAC-1_GSM4013390,20
GCATGCGAGTACTTGC-1_GSM4013390,20
GACCTGGCATGCGCAC-1_GSM4013390,20
GCATACACACATGGGA-1_GSM4013390,5
TTGAACGTCCTTGACC-1_GSM4013390,20
CTAATGGGTCTTCGTC-1_GSM4013390,20
GGACAGATCTCAAGTG-1_GSM4013390,20
AGGGATGTCCCTCTTT-1_GSM4013390,20
TACCTATAGTTCGCAT-1_GSM4013390,20
CACCACTTCAAGGTAA-1_GSM4013390,20
CCGTACTGTATAGGTA-1_GSM4013390,20
AACTGGTGTTTACTCT-1_GSM4013390,20
CTAACTTAGTGGAGAA-1_GSM4013390,20
TCAGGATCAAGGGTCA-1_GSM4013390,20
AAAGCAACAATGTAAG-1_GSM4013390,20
GCGCAGTTCGGCGCAT-1_GSM4013390,20
GCACTCTAGGGTGTTG-1_GSM4013390,20
AAACCTGAGTTCCACA-1_GSM4013390,21
TCTCTAATCTTGAGAC-1_GSM4013390,20
ACGCCAGAGATGGGTC-1_GSM4013390,20
CTCACACTCGGCGCAT-1_GSM4013390,20
CCATTCGGTTCGTTGA-1_GSM4013390,20
GATCGTATCCACGAAT-1_GSM4013390,21
ATCATCTGTAGTACCT-1_GSM4013390,20
GTGCAGCCACTGTGTA-1_GSM4013390,20
TTGGAACCATGTAGTC-1_GSM4013390,20
GCTTGAATCAGCATGT-1_GSM4013390,20
CTAATGGTCCAATGGT-1_GSM4013390,9
CTGCTGTCAAGAAGAG-1_GSM4013390,21
GTGTGCGAGTGCCATT-1_GSM4013390,20
AACTTTCCAGGATCGA-1_GSM4013390,20
GAAATGAGTTGTACAC-1_GSM4013390,20
GAACCTAAGAATTCCC-1_GSM4013390,20
CGAACATGTATAGTAG-1_GSM4013390,20
TTTCCTCAGAGTGAGA-1_GSM4013390,20
CCATGTCGTAGAGGAA-1_GSM4013390,20
GTAGTCACAAGCCTAT-1_GSM4013390,20
AAGGAGCGTCACCTAA-1_GSM4013390,21
CCGTGGAAGTGGACGT-1_GSM4013390,20
TGCGGGTAGTTCGCGC-1_GSM4013390,20
CTAAGACAGACAATAC-1_GSM4013390,20
GCGCGATAGAGACGAA-1_GSM4013390,20
ACACCGGTCGGAAACG-1_GSM4013390,20
GTTACAGAGGAGCGAG-1_GSM4013390,12
GTGCGGTAGATCTGCT-1_GSM4013390,20
CTACCCAAGCCAGAAC-1_GSM4013390,20
TGTATTCGTCTAGTCA-1_GSM4013390,20
GTCGTAAAGTTAAGTG-1_GSM4013390,20
GACGTTATCCCAGGTG-1_GSM4013390,22
TAGTGGTAGATCGATA-1_GSM4013390,20
ACCTTTAGTCAGGACA-1_GSM4013390,20
CTACACCAGGGTTTCT-1_GSM4013390,20
CGTCTACAGATCGGGT-1_GSM4013390,20
ACGCAGCGTAGGCATG-1_GSM4013390,20
TAGCCGGCATGCCCGA-1_GSM4013390,20
GTACGTAGTACCGCTG-1_GSM4013390,20
CTTGGCTCATTCTCAT-1_GSM4013390,20
ATTTCTGGTCTTGATG-1_GSM4013390,20
CTGGTCTTCAAAGACA-1_GSM4013390,20
GTCCTCAAGTGTACCT-1_GSM4013390,20
CTGCTGTAGGTGCACA-1_GSM4013390,21
TCGTACCGTCTTGCGG-1_GSM4013390,20
TACGGGCGTTAAGACA-1_GSM4013390,21
CGTCACTCAGCCTTGG-1_GSM4013390,20
CTGAAGTGTACATGTC-1_GSM4013390,21
TGCGGGTTCCTAAGTG-1_GSM4013390,20
ACTGAGTGTGTGCGTC-1_GSM4013390,23
TCGGTAAGTGTAAGTA-1_GSM4013390,20
TGTCCCAAGTCCATAC-1_GSM4013390,20
CGTCTACAGAAGGTTT-1_GSM4013390,20
GCTTGAAGTACTCGCG-1_GSM4013390,20
TGCGCAGCACTGTGTA-1_GSM4013390,20
CCACCTAGTCTAAACC-1_GSM4013390,20
AACTCTTAGCGTAGTG-1_GSM4013390,20
GACGTTAAGTATTGGA-1_GSM4013390,20
GTCCTCACATTTGCTT-1_GSM4013390,21
GTCGTAAAGGAATCGC-1_GSM4013390,21
AGCGTATCATGTCCTC-1_GSM4013390,20
CCAGCGATCTACTATC-1_GSM4013390,20
CTGATAGTCCGAACGC-1_GSM4013390,20
GGACATTTCCGTTGCT-1_GSM4013390,23
TGTGTTTAGACAATAC-1_GSM4013390,20
CTCACACGTAAGTGTA-1_GSM4013390,20
TACTCGCAGCAATATG-1_GSM4013390,20
AACCGCGGTAGGGACT-1_GSM4013390,20
TCGTACCGTCAGTGGA-1_GSM4013390,20
GATCGTACAGACGCTC-1_GSM4013390,20
CTAACTTTCGGACAAG-1_GSM4013390,20
GGACAGAAGACGCACA-1_GSM4013390,20
ACATGGTTCCTACAGA-1_GSM4013390,20
CACAGTAAGCTAGTCT-1_GSM4013390,20
TACGGTAGTCGTTGTA-1_GSM4013390,20
GCAATCAGTTCACGGC-1_GSM4013390,20
GTATTCTGTAAACCTC-1_GSM4013390,20
CATTATCAGTGTTGAA-1_GSM4013390,21
GGCCGATAGACAGGCT-1_GSM4013390,20
CATCGAATCTGCTGTC-1_GSM4013390,20
TCCACACTCATGTCCC-1_GSM4013390,21
AGCTCTCCAGGGTATG-1_GSM4013390,20
CTTGGCTTCGTTGCCT-1_GSM4013390,20
GCTGCGAAGTGTCCAT-1_GSM4013390,21
TTGCCGTGTACCTACA-1_GSM4013390,5
CTGATAGCAAACGCGA-1_GSM4013390,21
CATGCCTGTAACGCGA-1_GSM4013390,20
CATCAGAGTCCGACGT-1_GSM4013390,21
GGGTCTGTCTCTGCTG-1_GSM4013390,20
GGGATGAAGGGAACGG-1_GSM4013390,20
AGAATAGTCCCTGACT-1_GSM4013390,21
TCAGGTAGTACATCCA-1_GSM4013390,20
GGACGTCGTACAGTGG-1_GSM4013390,20
CACTCCAAGAGTTGGC-1_GSM4013390,21
ATGTGTGCATGCATGT-1_GSM4013390,20
GCTCTGTTCATATCGG-1_GSM4013390,20
TACCTATAGACTCGGA-1_GSM4013390,20
CGAGAAGCAATTGCTG-1_GSM4013390,21
CGCTGGAGTGTAACGG-1_GSM4013390,21
TACTTGTTCAATCACG-1_GSM4013390,5
GCTGGGTTCACCGGGT-1_GSM4013390,21
GTGCATATCACCATAG-1_GSM4013390,20
CTCGTACTCACCGTAA-1_GSM4013390,20
AGATTGCGTGCACTTA-1_GSM4013390,21
CTCAGAAAGGAGTTTA-1_GSM4013390,20
CCTTTCTGTAATCGTC-1_GSM4013390,21
TTAGTTCCAGCTATTG-1_GSM4013390,20
GCTGCTTGTATCACCA-1_GSM4013390,21
GATCGATGTCATATGC-1_GSM4013390,12
ACGGGTCGTGCTGTAT-1_GSM4013390,21
GACTAACTCGGAAACG-1_GSM4013390,20
CCTCAGTGTCAATACC-1_GSM4013390,20
GCAATCACAGTCTTCC-1_GSM4013390,20
GTTCTCGAGCGCCTTG-1_GSM4013390,20
CCGGTAGTCCTTAATC-1_GSM4013390,20
TAGAGCTCACAAGCCC-1_GSM4013390,5
CGCTTCAGTTGCGTTA-1_GSM4013390,20
CGTCAGGAGGGATCTG-1_GSM4013390,20
CCGGTAGCAGTGGAGT-1_GSM4013390,20
GAACGGAAGCTTCGCG-1_GSM4013390,5
ACATACGAGGTGCTTT-1_GSM4013390,20
CGATTGAGTAATTGGA-1_GSM4013390,20
GAAATGATCATCGGAT-1_GSM4013390,20
CGAATGTCATGCTGGC-1_GSM4013390,12
CTCGAAAGTATGAATG-1_GSM4013390,20
AGCATACTCCGCAGTG-1_GSM4013390,20
GAGGTGAAGGTAGCCA-1_GSM4013390,20
ACTTTCATCTTGCATT-1_GSM4013390,20
CATGGCGGTGGTAACG-1_GSM4013390,20
AACTCTTCATCCTTGC-1_GSM4013390,20
GGATTACCACTCGACG-1_GSM4013390,20
CGGACGTCACGGCCAT-1_GSM4013390,20
CTCGGGATCAGTTTGG-1_GSM4013390,20
TCTTCGGTCTGCGACG-1_GSM4013390,5
CGATCGGAGTGAAGTT-1_GSM4013390,20
CATATGGTCAAGGCTT-1_GSM4013390,20
AGAGCTTCATTGTGCA-1_GSM4013390,20
CCTTTCTTCTTGAGAC-1_GSM4013390,20
AGGGTGATCGTCCAGG-1_GSM4013390,20
GCTGCTTTCGATAGAA-1_GSM4013390,20
CAGGTGCTCCGATATG-1_GSM4013390,20
TGCCCATTCATCGATG-1_GSM4013390,20
GGCTGGTAGGCAAAGA-1_GSM4013390,20
ACATGGTTCTTGCCGT-1_GSM4013390,21
TAGCCGGGTGACAAAT-1_GSM4013390,20
TTGCCGTAGGCCGAAT-1_GSM4013390,20
CTAGAGTGTCCATGAT-1_GSM4013390,20
TCAGCTCCAAGGACAC-1_GSM4013390,21
CCTCAGTAGTCGTTTG-1_GSM4013390,12
CGCTGGAAGAGGTTGC-1_GSM4013390,20
CTGCCTATCCGTCATC-1_GSM4013390,20
ATCTGCCCATTGGTAC-1_GSM4013390,20
ACTATCTTCTGTACGA-1_GSM4013390,20
CCATTCGCAAGAGGCT-1_GSM4013390,12
TCTATTGTCTTTCCTC-1_GSM4013390,20
GGTGCGTGTCGACTAT-1_GSM4013390,20
AGCTCCTCATGCAATC-1_GSM4013390,20
TTAGGACTCTACTCAT-1_GSM4013390,21
GACCAATGTGGTAACG-1_GSM4013390,20
GTGCAGCTCGCGGATC-1_GSM4013390,20
TATTACCCATAACCTG-1_GSM4013390,21
GTTAAGCCACGGTTTA-1_GSM4013390,20
TATTACCGTAAACCTC-1_GSM4013390,12
CGACTTCAGTAGTGCG-1_GSM4013390,9
CGCGTTTTCAACACGT-1_GSM4013390,20
GTGTTAGCACAGACAG-1_GSM4013390,5
GACGCGTTCGGGAGTA-1_GSM4013390,20
CATCCACAGGAATCGC-1_GSM4013390,20
TCGGGACCAATAGCAA-1_GSM4013390,20
ACACCCTTCTTCGAGA-1_GSM4013390,20
TCACGAATCTCACATT-1_GSM4013390,9
TGAGCATAGTCGTTTG-1_GSM4013390,1
CGATTGACAGGCTCAC-1_GSM4013390,20
GATTCAGAGTCATGCT-1_GSM4013390,20
CTACCCAGTCCCGACA-1_GSM4013390,20
TACGGATAGCTACCGC-1_GSM4013390,5
ATCGAGTTCAACACTG-1_GSM4013390,21
AGTGTCAAGATAGCAT-1_GSM4013390,20
TCAGATGTCCTGCTTG-1_GSM4013390,20
TCACGAAGTAGCAAAT-1_GSM4013390,20
CTGTGCTCAAGAGTCG-1_GSM4013390,20
GCTGGGTAGCGTTTAC-1_GSM4013390,21
ACGGGCTGTACGACCC-1_GSM4013390,20
CTTAGGAGTACCGAGA-1_GSM4013390,12
GGCCGATCAGGTGGAT-1_GSM4013390,21
GTCGGGTGTTCGCGAC-1_GSM4013390,21
GTCAAGTGTCGCATCG-1_GSM4013390,20
CAAGGCCAGCTCCCAG-1_GSM4013390,20
GGGAGATTCACCTCGT-1_GSM4013390,20
TTGGCAACAGGGTATG-1_GSM4013390,20
CTTGGCTGTTGCGCAC-1_GSM4013390,20
AAGACCTGTCTCTTAT-1_GSM4013390,20
GCAGTTAAGCTGATAA-1_GSM4013390,20
TTCTACAGTAGTACCT-1_GSM4013390,20
GATCAGTTCACAGTAC-1_GSM4013390,20
AGACGTTGTTAAAGTG-1_GSM4013390,20
TTCTTAGAGTGAAGTT-1_GSM4013390,20
GGCTGGTAGAAACCAT-1_GSM4013390,20
CGGGTCATCAAAGTAG-1_GSM4013390,20
CCTAGCTGTAGGGTAC-1_GSM4013390,20
CACAAACTCTAACTGG-1_GSM4013390,21
TGGCCAGTCTACCTGC-1_GSM4013390,21
ACACCAAAGTTCGATC-1_GSM4013390,20
ATGGGAGTCACCGGGT-1_GSM4013390,20
GAGCAGATCCGAAGAG-1_GSM4013390,20
GGAACTTCATCCCATC-1_GSM4013390,20
TGTATTCCAAACTGTC-1_GSM4013390,9
ATCACGATCGCCATAA-1_GSM4013390,21
AGGGATGTCTCGATGA-1_GSM4013390,20
CACATTTAGAAACCGC-1_GSM4013390,3
AGCCTAAAGCTAACTC-1_GSM4013390,12
TCTTTCCCACGACGAA-1_GSM4013390,20
AGGCCGTAGTGAACGC-1_GSM4013390,20
GATCGATGTCTGCGGT-1_GSM4013390,20
GGTGCGTGTAACGACG-1_GSM4013390,20
CTTTGCGCAGGTCCAC-1_GSM4013390,20
TGAGCATAGATATACG-1_GSM4013390,20
GCGGGTTTCTTGCATT-1_GSM4013390,21
TGCCCTACAAACAACA-1_GSM4013390,20
GTCAAGTGTGGGTATG-1_GSM4013390,21
GTGTTAGAGTCCAGGA-1_GSM4013390,20
GCATGCGAGTCAATAG-1_GSM4013390,20
GGGAGATGTCTTCAAG-1_GSM4013390,20
CTACCCAGTCCCTTGT-1_GSM4013390,23
AACGTTGAGGCATGGT-1_GSM4013390,20
AAACGGGTCAGTTTGG-1_GSM4013390,20
CTACACCCAAGCGTAG-1_GSM4013390,20
CGGAGTCAGACAAGCC-1_GSM4013390,20
GTGCATAAGATGCGAC-1_GSM4013390,20
CTCTACGGTAAAGTCA-1_GSM4013390,21
GGTGCGTAGTGGACGT-1_GSM4013390,20
AGGGAGTGTACCAGTT-1_GSM4013390,20
AGCTCCTTCCTATGTT-1_GSM4013390,21
AAATGCCAGCTACCGC-1_GSM4013390,20
CTACATTGTCGACTAT-1_GSM4013390,5
GAATAAGCACGGTGTC-1_GSM4013390,20
TCTTCGGTCACCTTAT-1_GSM4013390,20
TCTTCGGTCCTTCAAT-1_GSM4013390,20
CGGAGCTTCGTACGGC-1_GSM4013390,20
GCTGCGAGTGACCAAG-1_GSM4013390,20
GACACGCCAGATAATG-1_GSM4013390,20
AACACGTGTTGTGGAG-1_GSM4013390,20
CCCAATCTCGGATGTT-1_GSM4013390,20
GGACATTCAACGCACC-1_GSM4013390,20
GAATAAGAGGCAGTCA-1_GSM4013390,21
CCGGTAGTCTAAGCCA-1_GSM4013390,5
TACCTATGTGATGCCC-1_GSM4013390,20
GACTAACGTTAGAACA-1_GSM4013390,20
ACATGGTGTACGCTGC-1_GSM4013390,20
CTACGTCAGTTAGGTA-1_GSM4013390,21
CAGCCGAAGTACGCCC-1_GSM4013390,20
TGAGCCGCATACGCCG-1_GSM4013390,20
CAGAATCGTTACGGAG-1_GSM4013390,5
CGGTTAACAAATCCGT-1_GSM4013390,20
AATCGGTAGTACGCGA-1_GSM4013390,9
CGCGGTACATGGATGG-1_GSM4013390,21
GATGAAAGTAAGTGGC-1_GSM4013390,20
TTAGTTCTCAGGCCCA-1_GSM4013390,20
CTGCTGTTCTTTACAC-1_GSM4013390,20
ATTACTCCATGCCTAA-1_GSM4013390,21
GTTCGGGCACTAGTAC-1_GSM4013390,22
TGGGAAGGTCGCTTCT-1_GSM4013390,21
GTCGGGTTCTCCAGGG-1_GSM4013390,20
AGTTGGTCAATAAGCA-1_GSM4013390,20
AGGTCATTCTAGAGTC-1_GSM4013390,20
GGCGACTAGGCTATCT-1_GSM4013390,17
CTCAGAACAAAGCAAT-1_GSM4013390,21
GTGTTAGCATCGACGC-1_GSM4013390,20
CGGACACCAGTGACAG-1_GSM4013390,20
AGTCTTTGTTACAGAA-1_GSM4013390,20
TCGGGACCATTGGGCC-1_GSM4013390,20
CCTAAAGCAGTCACTA-1_GSM4013390,20
GTCAAGTAGCTCCTCT-1_GSM4013390,20
ATTGGACAGGCCATAG-1_GSM4013390,20
CCTCTGAGTATAGGTA-1_GSM4013390,20
TAAGAGACACCACCAG-1_GSM4013390,20
GTCGGGTGTGTCAATC-1_GSM4013390,20
GGACGTCCAATGTTGC-1_GSM4013390,20
AGAGTGGCACCGCTAG-1_GSM4013390,20
TGTTCCGGTCTGCAAT-1_GSM4013390,20
CAAGTTGGTTAAGACA-1_GSM4013390,20
ACGGGCTGTGATAAGT-1_GSM4013390,5
ACGCCGATCACGAAGG-1_GSM4013390,20
ACCTTTAGTTGTTTGG-1_GSM4013390,20
CGTTCTGTCGGTGTCG-1_GSM4013390,20
CATATTCAGCATCATC-1_GSM4013390,20
TCTTTCCAGTCGCCGT-1_GSM4013390,21
ACTTACTCAAATCCGT-1_GSM4013390,5
AACCGCGCAGTTCCCT-1_GSM4013390,20
GCATACATCACTGGGC-1_GSM4013390,20
AACCATGGTGCAGGTA-1_GSM4013390,21
TCTATTGGTAGTGAAT-1_GSM4013390,20
ACGAGCCGTAAGTTCC-1_GSM4013390,20
AGATTGCAGCGTCTAT-1_GSM4013390,12
GTGTTAGTCTGTCTAT-1_GSM4013390,20
ATGCGATTCCAAAGTC-1_GSM4013390,20
GCGCCAAAGACTACAA-1_GSM4013390,20
GGCGTGTGTTCAGGCC-1_GSM4013390,20
CGCGGTAAGTGAAGTT-1_GSM4013390,20
GTACTTTGTCGGGTCT-1_GSM4013390,20
CGGACACGTCACCCAG-1_GSM4013390,20
TAAGCGTAGAATGTGT-1_GSM4013390,20
CCGGTAGGTACCATCA-1_GSM4013390,12
ACTATCTCACACTGCG-1_GSM4013390,5
CGCTGGATCCACGACG-1_GSM4013390,20
TAAACCGAGCTGCGAA-1_GSM4013390,21
CAGCTGGAGAAGGTGA-1_GSM4013390,21
AGATTGCAGGGCACTA-1_GSM4013390,20
CAAGTTGCAAAGAATC-1_GSM4013390,20
TTGACTTGTTAAGACA-1_GSM4013390,5
CGCGTTTGTGTGCGTC-1_GSM4013390,21
CGATGGCGTTGGGACA-1_GSM4013390,12
ACTGATGTCGTTTGCC-1_GSM4013390,21
TTGCGTCAGAAGGTTT-1_GSM4013390,20
ACGGAGAAGCTGTCTA-1_GSM4013390,21
TTCCCAGAGGATTCGG-1_GSM4013390,20
AGAATAGTCCTGTACC-1_GSM4013390,21
TAGTGGTTCTCATTCA-1_GSM4013390,20
ATCATCTGTGCGCTTG-1_GSM4013390,20
TGCGGGTAGTTCCACA-1_GSM4013390,20
TCAGCTCAGAAACCGC-1_GSM4013390,20
AGTGAGGAGATAGGAG-1_GSM4013390,20
TGAGCCGCATTTGCCC-1_GSM4013390,20
GATGAGGAGGCAAAGA-1_GSM4013390,20
TACACGAAGGCCGAAT-1_GSM4013390,20
TCATTACCATCGATTG-1_GSM4013390,20
CTAGTGACATCACGTA-1_GSM4013390,3
CGGACACGTCATGCCG-1_GSM4013390,21
TATTACCCACAGATTC-1_GSM4013390,17
CTGAAGTGTCGAAAGC-1_GSM4013390,3
GGATTACAGTACTTGC-1_GSM4013390,20
CTCGGAGTCGAGGTAG-1_GSM4013390,21
TAAGTGCGTCAACTGT-1_GSM4013390,20
TGACGGCCACGTCTCT-1_GSM4013390,20
AGCTCTCGTAAGTGTA-1_GSM4013390,20
GATCGCGTCAGCGACC-1_GSM4013390,20
TGCTGCTTCTTTAGGG-1_GSM4013390,21
CGTGTAAAGCGTTCCG-1_GSM4013390,20
AACTCAGTCGCGTAGC-1_GSM4013390,20
TGCGCAGCACATGACT-1_GSM4013390,21
AAACCTGGTCTTTCAT-1_GSM4013390,20
ACGAGCCGTCCATCCT-1_GSM4013390,20
CCCAATCAGTCGTTTG-1_GSM4013390,20
GGGTTGCAGTGCTGCC-1_GSM4013390,20
CACTCCAGTCTAAAGA-1_GSM4013390,21
GCTTGAAGTTCCTCCA-1_GSM4013390,20
TAAGCGTTCATTATCC-1_GSM4013390,20
CTAGCCTAGCACCGTC-1_GSM4013390,20
GGAGCAAGTTCAGACT-1_GSM4013390,21
TGACGGCCATATACCG-1_GSM4013390,20
TGACTTTCACCCTATC-1_GSM4013390,20
CATCGAAAGTATCGAA-1_GSM4013390,5
GTACGTAGTCGAAAGC-1_GSM4013390,20
AGATCTGCAGCTATTG-1_GSM4013390,21
TTGCGTCCAAAGTCAA-1_GSM4013390,21
CTTAACTCAATGGTCT-1_GSM4013390,21
CTCGTCACACATGGGA-1_GSM4013390,20
GGGTTGCGTCAATACC-1_GSM4013390,20
CACACCTGTCAATGTC-1_GSM4013390,5
CGTTGGGCAGCCACCA-1_GSM4013390,20
TGGTTAGTCCTCAACC-1_GSM4013390,20
CACACCTAGTTAACGA-1_GSM4013390,20
CGTGAGCCAAGGCTCC-1_GSM4013390,20
CATCGGGTCTGATTCT-1_GSM4013390,21
AGCGGTCGTACAGTGG-1_GSM4013390,21
GTCGTAACAAGGTGTG-1_GSM4013390,20
ACAGCCGAGCAGGTCA-1_GSM4013390,20
GTGGGTCGTGACTACT-1_GSM4013390,20
ATCACGAAGTGTGGCA-1_GSM4013390,21
GTAACTGAGACCACGA-1_GSM4013390,20
CGCTATCTCATCTGCC-1_GSM4013390,20
CAACTAGAGCCCAGCT-1_GSM4013390,21
CAGAGAGAGATCGGGT-1_GSM4013390,21
TTCGAAGGTTGTTTGG-1_GSM4013390,20
ACGATACGTATGAAAC-1_GSM4013390,9
GACAGAGGTAATCACC-1_GSM4013390,12
TTCTCCTTCTGAAAGA-1_GSM4013390,20
CAGCGACAGTGCCATT-1_GSM4013390,20
GATCAGTCATAGACTC-1_GSM4013390,20
GTAGGCCTCTTGTTTG-1_GSM4013390,20
GTGTTAGAGGGAAACA-1_GSM4013390,20
CGGGTCAAGGAGCGAG-1_GSM4013390,20
TACTTGTTCGCCGTGA-1_GSM4013390,12
GGGCACTGTAAGGATT-1_GSM4013390,20
AGTGTCAGTCATCGGC-1_GSM4013390,21
AAGCCGCCAGCAGTTT-1_GSM4013390,20
TGCACCTCAAGTACCT-1_GSM4013390,20
CTGAAGTTCTAACTTC-1_GSM4013390,21
CCTTCCCAGAATAGGG-1_GSM4013390,20
CTGCGGACATGACATC-1_GSM4013390,20
TTCCCAGCACACATGT-1_GSM4013390,20
TCCCGATAGACGCAAC-1_GSM4013390,9
CAGCATAAGACTAGAT-1_GSM4013390,20
TACGGATTCTACGAGT-1_GSM4013390,20
AAGCCGCGTATCACCA-1_GSM4013390,21
CGTAGCGGTGGAAAGA-1_GSM4013390,20
ATCCGAATCTCTGAGA-1_GSM4013390,17
ACGAGCCTCAGCGATT-1_GSM4013390,17
TTGGAACCAAGCTGAG-1_GSM4013390,12
CTTGGCTCAGGGAGAG-1_GSM4013390,22
AGCGTCGAGTACGCGA-1_GSM4013390,21
ACTGAACGTCGGCATC-1_GSM4013390,20
GCCTCTACACATGACT-1_GSM4013390,6
AGAATAGCATCCCACT-1_GSM4013390,21
CGTCTACTCACAAACC-1_GSM4013390,5
ATCCGAAGTTACTGAC-1_GSM4013390,20
CCAGCGAAGACGCTTT-1_GSM4013390,20
AACTCCCCATCCTTGC-1_GSM4013390,17
GTAGGCCGTGCCTTGG-1_GSM4013390,21
AGATCTGTCACAGTAC-1_GSM4013390,20
GAGGTGACACAGTCGC-1_GSM4013390,20
TAGCCGGGTATAAACG-1_GSM4013390,20
GGGATGAAGTGTGAAT-1_GSM4013390,21
CGAATGTTCATGCATG-1_GSM4013390,20
GGACGTCTCGGCATCG-1_GSM4013390,20
GTCGGGTTCAAGGCTT-1_GSM4013390,5
ACAGCTAAGGTGTGGT-1_GSM4013390,21
TACCTTACAACAACCT-1_GSM4013390,20
GAACGGAGTACTCGCG-1_GSM4013390,5
GTACTCCCAATGTTGC-1_GSM4013390,20
CCGGGATAGATCCCGC-1_GSM4013390,20
TGACTTTGTCCATCCT-1_GSM4013390,5
CTCGGAGGTACGCTGC-1_GSM4013390,5
CGGAGCTTCAGTGCAT-1_GSM4013390,20
ATGTGTGCACTGAAGG-1_GSM4013390,12
CTAATGGGTATATGAG-1_GSM4013390,12
TCGAGGCCACGAAATA-1_GSM4013390,20
TGCCCTATCCGTTGTC-1_GSM4013390,20
TGCTGCTAGCGATATA-1_GSM4013390,20
ATTATCCTCTTACCTA-1_GSM4013390,20
TAGAGCTCAATCGGTT-1_GSM4013390,20
AACCATGTCATACGGT-1_GSM4013390,17
TATGCCCTCGAGGTAG-1_GSM4013390,20
GTCGTAAAGTTAGCGG-1_GSM4013390,5
CACATTTTCGCGTTTC-1_GSM4013390,21
AACCGCGAGATCTGCT-1_GSM4013390,20
TTCTCAATCTCCGGTT-1_GSM4013390,20
CGAGAAGCAGGCTCAC-1_GSM4013390,20
AAGTCTGAGGGTTTCT-1_GSM4013390,20
GGACAAGCAAAGTCAA-1_GSM4013390,20
GGCGTGTAGATAGTCA-1_GSM4013390,21
ACCAGTATCCGTAGGC-1_GSM4013390,3
GGCTGGTTCGGAATCT-1_GSM4013390,20
TTAGGCATCACAAACC-1_GSM4013390,20
TCTTTCCCACCATCCT-1_GSM4013390,5
TCTGGAAAGCAAATCA-1_GSM4013390,20
ATCACGAAGGTTCCTA-1_GSM4013390,5
CAACCAAAGGCAGTCA-1_GSM4013390,20
TTAACTCTCTCGCTTG-1_GSM4013390,20
ATTTCTGAGATGTGGC-1_GSM4013390,20
TAGTGGTCATTGGCGC-1_GSM4013390,20
CACATAGAGACCGGAT-1_GSM4013390,12
TGTATTCGTTCTGGTA-1_GSM4013390,9
AGCATACAGACTAGGC-1_GSM4013390,3
TAAGAGACACAACTGT-1_GSM4013390,20
CCGGGATGTTCGCTAA-1_GSM4013390,21
ACCAGTAAGGGATCTG-1_GSM4013390,20
TCTTCGGTCCTTGCCA-1_GSM4013390,17
GTACTTTCATCAGTAC-1_GSM4013390,8
TCGGTAAAGGCTAGGT-1_GSM4013390,20
ACATGGTCAGGTGCCT-1_GSM4013390,21
CCTATTATCAGCTTAG-1_GSM4013390,9
CTTACCGTCTTATCTG-1_GSM4013390,17
TGCGGGTTCGACGGAA-1_GSM4013390,21
TGACGGCAGTTGTCGT-1_GSM4013390,20
GACGTTATCGGCTTGG-1_GSM4013390,20
TGTGTTTCAGATCCAT-1_GSM4013390,5
ATCACGAAGTGATCGG-1_GSM4013390,20
GTATTCTGTTCCACAA-1_GSM4013390,21
GGATGTTCAATAGAGT-1_GSM4013390,20
TTCTTAGTCTGGGCCA-1_GSM4013390,20
GACGTGCAGCTGTTCA-1_GSM4013390,21
CGAGCACCACAGTCGC-1_GSM4013390,8
TAGAGCTGTGCACGAA-1_GSM4013390,20
CGGACGTTCTTATCTG-1_GSM4013390,5
CGAGCCAAGCTACCTA-1_GSM4013390,5
TCAGGATAGTCAAGCG-1_GSM4013390,21
TAAGTGCTCGTAGGAG-1_GSM4013390,20
GGGCACTTCCCGGATG-1_GSM4013390,17
ATCATGGCAATCCGAT-1_GSM4013390,5
CTAACTTGTAAACACA-1_GSM4013390,1
GCTCCTAGTGTGCCTG-1_GSM4013390,8
TCTTTCCTCCCACTTG-1_GSM4013390,21
GTTACAGAGACACGAC-1_GSM4013390,20
TGACTAGAGAGCAATT-1_GSM4013390,9
TTGGAACGTGTCTGAT-1_GSM4013390,20
CGAGCCACAAGCCGTC-1_GSM4013390,21
TACCTTAGTCATCGGC-1_GSM4013390,17
TCAACGAAGTATCTCG-1_GSM4013390,5
TCGTAGAGTTATTCTC-1_GSM4013390,17
AAGACCTTCATTTGGG-1_GSM4013390,20
TGCGTGGTCTCGGACG-1_GSM4013390,8
CATGCCTCACCTTGTC-1_GSM4013390,20
ATTGGACTCATAGCAC-1_GSM4013390,17
CACACCTAGTGACATA-1_GSM4013390,20
CAGCTGGTCACGAAGG-1_GSM4013390,9
GTGCGGTGTTGTCTTT-1_GSM4013390,12
GTAGGCCTCGCCAGCA-1_GSM4013390,12
CTCAGAAAGTCCAGGA-1_GSM4013390,17
GTCATTTCAGGTCTCG-1_GSM4013390,5
CATTATCGTTTGACTG-1_GSM4013390,17
AGCTCTCCACTGCCAG-1_GSM4013390,8
GTCATTTGTGGTGTAG-1_GSM4013390,20
TGACTAGTCCGTCAAA-1_GSM4013390,8
TGGCTGGAGACTAGAT-1_GSM4013390,21
TTCGAAGCAGCGAACA-1_GSM4013390,21
CAGTAACCAACTGCGC-1_GSM4013390,20
TATGCCCAGTACGTTC-1_GSM4013390,17
CCCATACCAATGAAAC-1_GSM4013390,5
TCAACGATCTTCCTTC-1_GSM4013390,21
CAGTAACCAAGCGTAG-1_GSM4013390,12
AGCCTAAAGATATGCA-1_GSM4013390,20
GGTGTTAAGGGATCTG-1_GSM4013390,21
CGACCTTCATATGGTC-1_GSM4013390,20
CCGTGGACAACACGCC-1_GSM4013390,8
GTGGGTCGTCTTGCGG-1_GSM4013390,20
AGCGGTCTCCGCGGTA-1_GSM4013390,8
GTTCGGGTCGGTGTTA-1_GSM4013390,20
AAACCTGTCTTAGAGC-1_GSM4013390,21
ACTGAGTAGTAGCCGA-1_GSM4013390,21
AACGTTGTCCTCATTA-1_GSM4013390,17
TGCCCATAGTCCAGGA-1_GSM4013390,20
TGGACGCAGAGTAAGG-1_GSM4013390,21
CATCAGAAGGACATTA-1_GSM4013390,20
AGCGTCGAGCGTAATA-1_GSM4013390,12
TGGCTGGGTTTGACAC-1_GSM4013390,17
AACTTTCAGTCAAGGC-1_GSM4013390,21
TCACAAGGTGTAAGTA-1_GSM4013390,20
TTTGGTTGTTCGCGAC-1_GSM4013390,5
CGATCGGCAGTCAGAG-1_GSM4013390,20
GTGTGCGAGTGCGATG-1_GSM4013390,20
AGTTGGTAGAAACGCC-1_GSM4013390,23
CCGTACTTCTCGTATT-1_GSM4013390,20
CGATGGCAGGGTCGAT-1_GSM4013390,20
CAGTCCTTCGGAAATA-1_GSM4013390,20
TAGGCATAGCGTCAAG-1_GSM4013390,21
AGCATACCATGCCACG-1_GSM4013390,20
GTTAAGCGTTGGACCC-1_GSM4013390,17
GGATTACCAGATCCAT-1_GSM4013390,21
GCGGGTTTCCAGATCA-1_GSM4013390,20
CGATGGCGTGGACGAT-1_GSM4013390,9
CCTTCGATCAGGTTCA-1_GSM4013390,21
ATGGGAGAGACGCAAC-1_GSM4013390,5
CAGCCGATCCTGCAGG-1_GSM4013390,21
GATGAGGTCATGTAGC-1_GSM4013390,20
GGAACTTAGACTTTCG-1_GSM4013390,20
TTCGAAGGTCTCAACA-1_GSM4013390,21
GTGTGCGGTCCAGTAT-1_GSM4013390,20
GCAGCCAGTATCTGCA-1_GSM4013390,20
GCATACAAGAGACTAT-1_GSM4013390,21
GTATCTTTCTTCATGT-1_GSM4013390,20
CTCTGGTGTAGCGTGA-1_GSM4013390,21
TCATTACAGGCGCTCT-1_GSM4013390,17
GCACATAGTCGATTGT-1_GSM4013390,17
TCGCGTTAGTCCGTAT-1_GSM4013390,20
AGTGGGAGTGTGTGCC-1_GSM4013390,17
TCAGCTCGTAGCTCCG-1_GSM4013390,20
CACCAGGAGATTACCC-1_GSM4013390,8
TACGGGCAGAAACCTA-1_GSM4013390,5
CGTGTCTAGTTGAGTA-1_GSM4013390,20
CCCATACTCTTTAGTC-1_GSM4013390,8
TACTTGTGTAGAGTGC-1_GSM4013390,20
ATGTGTGCATGCTAGT-1_GSM4013390,21
TTCTCAAAGGGCATGT-1_GSM4013390,5
CGTGTCTGTTCACGGC-1_GSM4013390,20
CGGAGCTAGTGATCGG-1_GSM4013390,20
GAGGTGACAGTTCCCT-1_GSM4013390,21
ACGCCGAAGGGTCTCC-1_GSM4013390,17
GCAATCATCACAGTAC-1_GSM4013390,17
TGAGCCGAGGCAATTA-1_GSM4013390,20
CGGACTGAGACTAGAT-1_GSM4013390,20
GATCGTATCCACGTTC-1_GSM4013390,21
CTTGGCTTCGGCGGTT-1_GSM4013390,20
ATCATGGTCATCTGCC-1_GSM4013390,20
TAAGAGACAGTATAAG-1_GSM4013390,9
AGACGTTGTTTCGCTC-1_GSM4013390,20
GATCGTACAAGCTGTT-1_GSM4013390,17
TGGACGCAGGGATACC-1_GSM4013390,5
CTAGTGACACGGTAGA-1_GSM4013390,17
GACACGCAGTACACCT-1_GSM4013390,20
TCACGAAAGCGCCTTG-1_GSM4013390,8
ATAACGCCAGGGATTG-1_GSM4013390,20
AGGGATGAGGCCATAG-1_GSM4013390,9
TATCTCAAGCAGACTG-1_GSM4013390,5
GCTTCCAGTACTCTCC-1_GSM4013390,10
TCAGCAAAGACGCACA-1_GSM4013390,20
GCGCAGTTCCTACAGA-1_GSM4013390,8
GACCAATTCACCCGAG-1_GSM4013390,9
GAATGAATCACTATTC-1_GSM4013390,17
GAGGTGATCAGTCAGT-1_GSM4013390,9
GCGCAGTGTCACACGC-1_GSM4013390,17
TCATTTGGTAACGTTC-1_GSM4013390,17
CTTACCGCATCGATTG-1_GSM4013390,21
GTGAAGGTCCTTCAAT-1_GSM4013390,17
ACTGCTCGTTATTCTC-1_GSM4013390,12
TCGCGTTCACTTCTGC-1_GSM4013390,17
CTGCGGAAGCTGAAAT-1_GSM4013390,20
TACGGTAAGACTAAGT-1_GSM4013390,9
GCTTCCACATACCATG-1_GSM4013390,20
CGAATGTTCAGCTCTC-1_GSM4013390,17
CAACTAGGTATTACCG-1_GSM4013390,17
CATCAAGCATGTAGTC-1_GSM4013390,20
GATCGTACACAGGTTT-1_GSM4013390,20
TGGTTAGCAAGAAAGG-1_GSM4013390,12
GAACGGAAGCGTAGTG-1_GSM4013390,21
TTGCGTCGTCTCAACA-1_GSM4013390,20
TACGGATTCTTTAGGG-1_GSM4013390,17
CGCTTCAAGGGTCTCC-1_GSM4013390,17
AGGTCCGGTTCCACAA-1_GSM4013390,21
ACATACGGTTGTGGCC-1_GSM4013390,17
GAAACTCTCCAACCAA-1_GSM4013390,17
GTTAAGCAGGATATAC-1_GSM4013390,20
ACTGAACGTCCTCTTG-1_GSM4013390,8
GCAGTTAAGTCAAGCG-1_GSM4013390,21
CATCCACGTGCTTCTC-1_GSM4013390,17
TACGGATTCCGTCATC-1_GSM4013390,1
CGAGCACAGCAGACTG-1_GSM4013390,17
CTAGTGACAATGTTGC-1_GSM4013390,17
GCACTCTAGCAAATCA-1_GSM4013390,17
CACCAGGAGCTAGCCC-1_GSM4013390,9
CACCTTGCACCCATGG-1_GSM4013390,3
GTTCTCGCATGATCCA-1_GSM4013390,20
GACCTGGGTCCGTGAC-1_GSM4013390,17
AAGACCTCAATGAATG-1_GSM4013390,17
GATCAGTTCCACGACG-1_GSM4013390,9
GAACGGATCCTGTAGA-1_GSM4013390,17
AACTTTCTCCGAGCCA-1_GSM4013390,17
GTAGGCCAGAAACCAT-1_GSM4013390,5
GTATCTTAGCCTATGT-1_GSM4013390,21
GTCACGGTCTCTTGAT-1_GSM4013390,12
GATCTAGCACCATGTA-1_GSM4013390,21
GGGAATGTCTCTAGGA-1_GSM4013390,17
AGGTCCGAGGAACTGC-1_GSM4013390,17
TATCTCAGTGCGGTAA-1_GSM4013390,4
ACTGTCCGTACAGACG-1_GSM4013390,17
CGAACATGTCGAGTTT-1_GSM4013390,17
GTCTTCGAGAGGTAGA-1_GSM4013390,20
TAGTGGTTCGCTGATA-1_GSM4013390,17
CCCAGTTTCGTGGTCG-1_GSM4013390,5
CTCTGGTTCTCTGTCG-1_GSM4013390,17
CCGTTCACATCCGGGT-1_GSM4013390,17
GACTAACGTCAGAGGT-1_GSM4013390,1
TATCTCACAAGCCGTC-1_GSM4013390,17
CATCGAATCTCCAACC-1_GSM4013390,17
TGTGGTATCTCCAGGG-1_GSM4013390,8
CTCGAGGAGACAGGCT-1_GSM4013390,5
ATCATCTAGAGGGCTT-1_GSM4013390,20
CCGTGGATCCGTCAAA-1_GSM4013390,17
TAGAGCTTCAGTCAGT-1_GSM4013390,17
CTGCTGTTCAACGCTA-1_GSM4013390,21
ATGTGTGAGTGTCCCG-1_GSM4013390,21
CTGATAGTCACTCTTA-1_GSM4013390,17
ACTGATGTCTCGAGTA-1_GSM4013390,8
ATCCGAACACGTGAGA-1_GSM4013390,1
TCACAAGTCTGAGGGA-1_GSM4013390,17
GAACCTACATCACGAT-1_GSM4013390,5
TTCCCAGGTAGCGCTC-1_GSM4013390,20
GTATCTTAGCAGCCTC-1_GSM4013390,8
CTAGCCTCATAACCTG-1_GSM4013390,20
TAAACCGTCAGGCAAG-1_GSM4013390,17
AAACCTGTCCCAAGTA-1_GSM4013390,12
TTAGGACAGAAGATTC-1_GSM4013390,5
TTGACTTCATAGGATA-1_GSM4013390,21
CCCTCCTGTAGCTAAA-1_GSM4013390,16
GTTCGGGAGGGAGTAA-1_GSM4013390,9
ATCTGCCTCATCTGCC-1_GSM4013390,17
GCTCCTATCACTCCTG-1_GSM4013390,17
CTGAAACTCTTGTACT-1_GSM4013390,16
CTAACTTAGTGAACAT-1_GSM4013390,17
GCTCTGTCACAGCGTC-1_GSM4013390,12
AGCAGCCTCAGCGACC-1_GSM4013390,20
ATGTGTGTCTGGCGAC-1_GSM4013390,17
ACACCGGAGGGTTTCT-1_GSM4013390,20
GGACGTCGTCCATGAT-1_GSM4013390,21
ATTACTCGTAGGCATG-1_GSM4013390,9
CATTATCAGCTAGCCC-1_GSM4013390,17
GTGCATAGTTATTCTC-1_GSM4013390,17
GATCGCGTCAGGTAAA-1_GSM4013390,20
ACTGATGAGTACATGA-1_GSM4013390,21
GGACATTCAGCCTGTG-1_GSM4013390,9
TCACGAAGTCTCCCTA-1_GSM4013390,17
TCACAAGCATGGATGG-1_GSM4013390,9
TGCGCAGTCAGCAACT-1_GSM4013390,9
TACTCGCAGAGTTGGC-1_GSM4013390,20
TCAGCTCAGCGTGAGT-1_GSM4013390,17
ATCGAGTGTAAAGGAG-1_GSM4013390,21
TGGCTGGCATGGAATA-1_GSM4013390,5
ACTTGTTAGGATGTAT-1_GSM4013390,8
CACACTCGTGGTGTAG-1_GSM4013390,17
TTATGCTGTCCGACGT-1_GSM4013390,8
CACACAATCATCGATG-1_GSM4013390,17
AACTCTTTCATATCGG-1_GSM4013390,5
TGCCAAATCACAAACC-1_GSM4013390,17
CGTTGGGGTCAGAATA-1_GSM4013390,21
GCAGTTAAGGCTACGA-1_GSM4013390,21
CTCGGAGCAGCCTTGG-1_GSM4013390,17
TACTCATTCTTTAGTC-1_GSM4013390,17
ACTTGTTTCTGTGCAA-1_GSM4013390,10
CGATTGAGTATGAATG-1_GSM4013390,20
GTTCTCGTCTCGTATT-1_GSM4013390,17
CGGTTAATCTTAGCCC-1_GSM4013390,20
TCAGGTAGTGATGTGG-1_GSM4013390,17
ACACCCTTCGGTGTTA-1_GSM4013390,20
TCACGAAGTACTCGCG-1_GSM4013390,8
CGGACGTCATATGGTC-1_GSM4013390,12
ACTTGTTAGTGTTAGA-1_GSM4013390,17
GCTCTGTGTGGTACAG-1_GSM4013390,6
TGCCCTAGTTATGTGC-1_GSM4013390,17
CTCCTAGTCGTTGACA-1_GSM4013390,17
CCGGGATGTGTGTGCC-1_GSM4013390,5
TAGACCAAGTAGCCGA-1_GSM4013390,5
CGACTTCGTTTACTCT-1_GSM4013390,17
AAGGTTCGTAGCGCTC-1_GSM4013390,17
TTTATGCAGTGGAGTC-1_GSM4013390,17
GTCAAGTGTTTCCACC-1_GSM4013390,9
CACTCCAAGAGGGATA-1_GSM4013390,9
TCGTACCCAGTATAAG-1_GSM4013390,20
GTACGTACATTCTCAT-1_GSM4013390,1
GTTCTCGTCAGCAACT-1_GSM4013390,9
CAGAGAGAGTGACATA-1_GSM4013390,17
TGATTTCGTTAAGACA-1_GSM4013390,6
ACTGAGTCATGCAACT-1_GSM4013390,6
GCATACACACTGTCGG-1_GSM4013390,20
AAGCCGCGTCCGCTGA-1_GSM4013390,17
GCGGGTTAGGCCCTTG-1_GSM4013390,21
GTACTCCCATTTCAGG-1_GSM4013390,17
GGGACCTAGCCGATTT-1_GSM4013390,1
TAGAGCTGTTTGTGTG-1_GSM4013390,5
GGCGTGTCAAGACACG-1_GSM4013390,5
ACGATACCAACTGCTA-1_GSM4013390,8
CATTCGCTCCAAACTG-1_GSM4013390,8
GCTTCCACAAGCGCTC-1_GSM4013390,8
GCTCCTATCTGCGGCA-1_GSM4013390,1
CAGCGACTCGACAGCC-1_GSM4013390,6
CTAACTTTCGCTTAGA-1_GSM4013390,12
GATGAAATCCTGCAGG-1_GSM4013390,17
ATGCGATCACGACTCG-1_GSM4013390,21
AAGCCGCCATTTGCTT-1_GSM4013390,9
GTATTCTCATTTCAGG-1_GSM4013390,21
GCAATCAGTGTGAATA-1_GSM4013390,10
AGGGATGAGAAACGAG-1_GSM4013390,14
AAGTCTGGTAAAGGAG-1_GSM4013390,9
CATATTCGTCTTGATG-1_GSM4013390,17
CTGGTCTGTCAGAAGC-1_GSM4013390,17
CTCAGAACAAAGCGGT-1_GSM4013390,3
TGAGAGGGTTGATTCG-1_GSM4013390,21
AGCGGTCGTACTTGAC-1_GSM4013390,9
CTCGAAAAGCCCAATT-1_GSM4013390,9
GGTGTTAAGGCATGGT-1_GSM4013390,21
ACGATACAGAGTTGGC-1_GSM4013390,17
CCCAGTTCATCCGCGA-1_GSM4013390,1
GGTGAAGGTATTCGTG-1_GSM4013390,5
GCGACCATCTTACCGC-1_GSM4013390,17
CTGTGCTAGGCTAGCA-1_GSM4013390,21
CGTTGGGTCACCAGGC-1_GSM4013390,17
TGTGGTATCTGTGCAA-1_GSM4013390,21
ACAGCCGTCCGAAGAG-1_GSM4013390,20
TGATTTCCATTCGACA-1_GSM4013390,17
TGCTGCTCATCGGTTA-1_GSM4013390,6
CTAGTGAAGGACATTA-1_GSM4013390,17
GAGCAGAAGTCGTACT-1_GSM4013390,21
GTATCTTGTACGCTGC-1_GSM4013390,9
CTCGGGACATCGACGC-1_GSM4013390,20
GCTGCAGTCTCCAGGG-1_GSM4013390,17
CGGCTAGCAAAGTGCG-1_GSM4013390,17
TCACGAATCTCGTTTA-1_GSM4013390,5
CTGTGCTGTAGCTTGT-1_GSM4013390,20
CTAACTTCACATTTCT-1_GSM4013390,5
TAGAGCTTCCTAGTGA-1_GSM4013390,17
AGCTCCTCAAGAAGAG-1_GSM4013390,8
CTCAGAAGTCAAAGAT-1_GSM4013390,21
AACTCTTAGATACACA-1_GSM4013390,17
GCGCAGTTCACTTATC-1_GSM4013390,17
ATCCACCAGATTACCC-1_GSM4013390,12
CCCAATCAGCCTCGTG-1_GSM4013390,20
TGACGGCAGCTTATCG-1_GSM4013390,20
ACATACGTCTTTACGT-1_GSM4013390,17
TTGCGTCCACGGTGTC-1_GSM4013390,17
TTCGAAGGTGTGTGCC-1_GSM4013390,17
TGTTCCGGTACGCTGC-1_GSM4013390,20
CGTCCATGTACCGTAT-1_GSM4013390,8
TTCCCAGTCTTTACGT-1_GSM4013390,17
GCATGTACAGATCCAT-1_GSM4013390,17
ACGCCGAAGGCATTGG-1_GSM4013390,21
TCGCGAGAGAACTGTA-1_GSM4013390,12
AGCTTGAAGTCAAGGC-1_GSM4013390,17
CATCCACTCTGTTTGT-1_GSM4013390,9
CGACCTTTCAACCAAC-1_GSM4013390,17
ACGGGTCGTAGGGACT-1_GSM4013390,6
CATTCGCGTCGATTGT-1_GSM4013390,17
GCTGGGTGTCTTCTCG-1_GSM4013390,5
ACTGAGTTCCGTAGGC-1_GSM4013390,9
CATCAGAAGTGTGGCA-1_GSM4013390,17
CGTGTCTTCAGGATCT-1_GSM4013390,20
CTACGTCGTACCGTAT-1_GSM4013390,17
TCGGGACGTCAACATC-1_GSM4013390,20
TAGGCATCAATCAGAA-1_GSM4013390,20
AGTGTCACATGGGAAC-1_GSM4013390,21
ACTGATGGTGAGCGAT-1_GSM4013390,12
CACCTTGAGTCTCGGC-1_GSM4013390,9
TGGCGCAAGTTTGCGT-1_GSM4013390,9
CAGCCGATCTATCCCG-1_GSM4013390,17
CACAGGCGTGCAGTAG-1_GSM4013390,17
GATGCTAGTGAGCGAT-1_GSM4013390,21
CGTTCTGGTCATACTG-1_GSM4013390,12
GACGTTAGTTCAGACT-1_GSM4013390,5
AGGTCATGTTACCGAT-1_GSM4013390,8
TCGGGACGTGAAAGAG-1_GSM4013390,17
TTTATGCCAATGGAGC-1_GSM4013390,9
ACTGCTCCAATTCCTT-1_GSM4013390,20
ACGCCAGTCTCTTGAT-1_GSM4013390,5
CCTCTGATCGTACCGG-1_GSM4013390,1
CTCGAGGTCAAAGACA-1_GSM4013390,17
CCTTCGATCCTTCAAT-1_GSM4013390,17
TAGACCACACGGCCAT-1_GSM4013390,9
AAACCTGAGTACTTGC-1_GSM4013390,20
AGTTGGTAGGCAGGTT-1_GSM4013390,17
GACGGCTTCGTTACAG-1_GSM4013390,9
GAACGGATCCAGTAGT-1_GSM4013390,20
TACCTTATCAGATAAG-1_GSM4013390,17
GCATACAGTCTCATCC-1_GSM4013390,17
TAAACCGCAGACAAGC-1_GSM4013390,3
CCATTCGGTCTAGTGT-1_GSM4013390,5
AGATTGCGTTAGTGGG-1_GSM4013390,8
TTTATGCAGTCGATAA-1_GSM4013390,21
CTAGCCTCAGGCAGTA-1_GSM4013390,20
GCGCAACTCGCTAGCG-1_GSM4013390,9
CCATTCGAGCCAGTAG-1_GSM4013390,20
CATATGGGTGGTGTAG-1_GSM4013390,12
ATTACTCTCGTTGCCT-1_GSM4013390,15
TCTATTGTCGCCAAAT-1_GSM4013390,17
CATATGGCAATGGTCT-1_GSM4013390,20
TAGACCACACAGGTTT-1_GSM4013390,17
GTTCTCGTCACAGGCC-1_GSM4013390,17
ATTGGTGCATCGATGT-1_GSM4013390,17
TAGTGGTAGCATCATC-1_GSM4013390,8
CACACAAAGTGAACAT-1_GSM4013390,17
CCTAGCTGTGACAAAT-1_GSM4013390,1
CCACCTATCTACGAGT-1_GSM4013390,21
TCGTAGAGTCTCCATC-1_GSM4013390,5
GGCGTGTAGTGTCCAT-1_GSM4013390,20
AGTAGTCGTCTAGAGG-1_GSM4013390,21
TAGACCACACATGACT-1_GSM4013390,17
TCAGCAATCGAATGCT-1_GSM4013390,17
GCGCGATCACGCGAAA-1_GSM4013390,21
AATCGGTGTAATCACC-1_GSM4013390,8
CCAGCGATCGCCGTGA-1_GSM4013390,17
AGCGGTCTCGGCTACG-1_GSM4013390,9
TGTGTTTAGAGGTAGA-1_GSM4013390,1
TCTTTCCGTAAGTGGC-1_GSM4013390,17
GTGCTTCGTATCGCAT-1_GSM4013390,17
CAGCATATCTGCCCTA-1_GSM4013390,17
TACTCGCGTTCAGTAC-1_GSM4013390,9
AGCTTGACATGACATC-1_GSM4013390,8
ACTGATGGTTAAGACA-1_GSM4013390,17
CAACTAGCATAAAGGT-1_GSM4013390,21
GAACATCCAAATCCGT-1_GSM4013390,17
AAGGCAGGTAGCGATG-1_GSM4013390,17
TCGAGGCTCCTTGACC-1_GSM4013390,17
CCCTCCTTCGTGACAT-1_GSM4013390,9
AGATCTGAGGCTATCT-1_GSM4013390,21
CCCATACGTCAGGACA-1_GSM4013390,17
AGCTCCTGTAGCTCCG-1_GSM4013390,20
ACGGGTCAGAAGAAGC-1_GSM4013390,17
CGGACACCATGGTAGG-1_GSM4013390,17
GTACTCCTCCTCTAGC-1_GSM4013390,9
CCAATCCTCTTGACGA-1_GSM4013390,9
AAAGATGTCAGGCAAG-1_GSM4013390,17
ACGGGCTCACGACTCG-1_GSM4013390,12
GGAACTTTCGTCACGG-1_GSM4013390,9
AGATCTGCATGTCCTC-1_GSM4013390,17
CCTAGCTTCGCCTGAG-1_GSM4013390,1
AACGTTGAGTCCATAC-1_GSM4013390,9
TTAACTCAGTAGGCCA-1_GSM4013390,6
ACATGGTAGCACCGCT-1_GSM4013390,17
ACCCACTCAGTCAGCC-1_GSM4013390,21
ACATACGAGAACTCGG-1_GSM4013390,17
TCAGGATGTCGAGATG-1_GSM4013390,20
TTCGAAGGTTAAGATG-1_GSM4013390,17
CTCGGAGCAAGCCTAT-1_GSM4013390,1
TACGGATGTCATCCCT-1_GSM4013390,6
GTCACAATCTGAGGGA-1_GSM4013390,9
AACACGTTCTCGTTTA-1_GSM4013390,6
ATTGGACCATCACCCT-1_GSM4013390,17
TGACAACCACTGAAGG-1_GSM4013390,1
TCTGGAATCGGCGCTA-1_GSM4013390,17
TATCAGGTCAATACCG-1_GSM4013390,5
GAGCAGATCCACGAAT-1_GSM4013390,17
GTTCATTAGGCAGGTT-1_GSM4013390,5
CGTCTACTCAGTCAGT-1_GSM4013390,17
ATCTGCCAGTTGTCGT-1_GSM4013390,17
CTCGAGGGTAACGCGA-1_GSM4013390,9
GTGCTTCTCCCTCAGT-1_GSM4013390,9
CGTCTACCAAGTTCTG-1_GSM4013390,17
CAGAGAGGTTGAACTC-1_GSM4013390,20
GACACGCCAAATTGCC-1_GSM4013390,21
GTACTCCTCATGCATG-1_GSM4013390,21
ACCCACTGTCCAGTTA-1_GSM4013390,17
ATCATGGGTATTAGCC-1_GSM4013390,17
CCAGCGAGTCTTGTCC-1_GSM4013390,17
TACAGTGAGCTAGTCT-1_GSM4013390,17
CTTTGCGTCTATCCCG-1_GSM4013390,5
TGCCAAATCCCTAACC-1_GSM4013390,9
TCATTACCATCCTAGA-1_GSM4013390,17
CTAGAGTTCGGACAAG-1_GSM4013390,1
CGCTTCAAGGAATCGC-1_GSM4013390,9
GAAATGAGTCAAGCGA-1_GSM4013390,8
CCTACCAGTCTGCAAT-1_GSM4013390,16
AACTCTTTCTGGAGCC-1_GSM4013390,20
GCGGGTTAGGAGTCTG-1_GSM4013390,9
TGACAACTCTTTCCTC-1_GSM4013390,9
TCTATTGGTGTTTGGT-1_GSM4013390,5
TCAGGTATCCTCATTA-1_GSM4013390,5
GTAACGTCACCCTATC-1_GSM4013390,14
AGGGAGTGTGCAACGA-1_GSM4013390,17
TAGAGCTGTTCCACGG-1_GSM4013390,9
ACGCCAGCAAGACACG-1_GSM4013390,17
AGGTCCGGTAAGGGCT-1_GSM4013390,3
CGTTCTGCATGTAGTC-1_GSM4013390,9
GATGCTAAGCCACGCT-1_GSM4013390,9
ACGATGTCACCGCTAG-1_GSM4013390,17
AAGACCTCAGCGTAAG-1_GSM4013390,17
TTTGCGCGTACGCACC-1_GSM4013390,17
TCACGAATCTCGCTTG-1_GSM4013390,9
TTTGCGCAGTGTACGG-1_GSM4013390,17
AAGGTTCCATTCCTCG-1_GSM4013390,9
CGTGTCTCAGCTCGCA-1_GSM4013390,8
TCAGCTCCATGGTAGG-1_GSM4013390,3
CTCAGAATCATCTGTT-1_GSM4013390,9
GATCGATGTTAGATGA-1_GSM4013390,16
TTTGCGCTCCGTAGTA-1_GSM4013390,17
ATAAGAGAGTCGTTTG-1_GSM4013390,20
ACGAGCCAGCCACGTC-1_GSM4013390,1
GTCACGGAGAAGGGTA-1_GSM4013390,20
GTGCAGCTCGCGCCAA-1_GSM4013390,20
TCGCGAGAGTTTCCTT-1_GSM4013390,17
GATCGATCATGTCTCC-1_GSM4013390,16
CGATCGGCAACTTGAC-1_GSM4013390,12
CCTACCAGTTCTGTTT-1_GSM4013390,20
TGGTTCCTCACATGCA-1_GSM4013390,17
ACGCAGCGTGGTTTCA-1_GSM4013390,3
TCACGAATCACTTATC-1_GSM4013390,17
GTGTGCGCATAGACTC-1_GSM4013390,17
TCTCTAACATCTACGA-1_GSM4013390,14
CCTTCCCCAAGTACCT-1_GSM4013390,9
CCTCTGACAGGAATCG-1_GSM4013390,6
AACGTTGAGGGAGTAA-1_GSM4013390,17
TGCGCAGAGTTGAGAT-1_GSM4013390,9
GTGGGTCGTTAAGACA-1_GSM4013390,17
CATCAAGAGGCCCGTT-1_GSM4013390,17
AAACCTGCAGTATGCT-1_GSM4013390,12
GAGCAGAAGAGACGAA-1_GSM4013390,20
CGTCAGGAGAGACGAA-1_GSM4013390,1
CGCTATCGTAGCTCCG-1_GSM4013390,17
TGTGGTACAAGCTGGA-1_GSM4013390,11
CTACGTCGTAGGAGTC-1_GSM4013390,17
CCTATTACAAAGTGCG-1_GSM4013390,3
GCTGCAGCAGTGGGAT-1_GSM4013390,17
ATCGAGTCAAGTCTGT-1_GSM4013390,17
CGTCACTAGATAGTCA-1_GSM4013390,17
CAGCAGCAGTCATGCT-1_GSM4013390,1
GGCCGATAGCTGCGAA-1_GSM4013390,20
GCAGCCAGTCTTCAAG-1_GSM4013390,8
AAATGCCCATGGTAGG-1_GSM4013390,16
GAACCTACACGTAAGG-1_GSM4013390,16
CATCAAGCATTCGACA-1_GSM4013390,5
ATCTGCCAGTTTAGGA-1_GSM4013390,17
TCGGTAAAGAAGCCCA-1_GSM4013390,21
CCAATCCCAAATACAG-1_GSM4013390,6
CCTTCCCTCGGCATCG-1_GSM4013390,5
ATAGACCTCTCGCTTG-1_GSM4013390,12
ATGAGGGTCTGATTCT-1_GSM4013390,6
TCGTAGACACATGGGA-1_GSM4013390,17
GAGGTGATCTGAGGGA-1_GSM4013390,1
GACACGCTCTTCGGTC-1_GSM4013390,9
CCCTCCTTCAATAAGG-1_GSM4013390,17
CGAGCACAGTTAAGTG-1_GSM4013390,17
TGCTACCAGGTGTGGT-1_GSM4013390,17
GCTGCAGCAGGTCTCG-1_GSM4013390,17
TACTCGCGTATATGGA-1_GSM4013390,17
GTTACAGCATAAAGGT-1_GSM4013390,17
TGCTACCCATGTCGAT-1_GSM4013390,1
TAGTGGTTCTCCAACC-1_GSM4013390,8
CCAATCCAGATCCTGT-1_GSM4013390,5
GTTCTCGGTCAACTGT-1_GSM4013390,9
CATTATCGTCGTGGCT-1_GSM4013390,20
TTCCCAGAGCGCCTTG-1_GSM4013390,17
CAACTAGAGTCATGCT-1_GSM4013390,17
CAGATCATCGGCTACG-1_GSM4013390,20
CAACCTCGTGCAACTT-1_GSM4013390,17
TACAGTGGTCCGCTGA-1_GSM4013390,17
GGCTGGTCATCACCCT-1_GSM4013390,21
GTATCTTAGGACACCA-1_GSM4013390,1
GTTCTCGCAAGTTGTC-1_GSM4013390,20
TCAGGATTCTGATTCT-1_GSM4013390,6
CAGCCGACAATAACGA-1_GSM4013390,20
AGCGGTCAGTTAAGTG-1_GSM4013390,6
TCCACACTCTATCGCC-1_GSM4013390,21
TACTTACGTACTCTCC-1_GSM4013390,17
GTAGGCCGTTTGGCGC-1_GSM4013390,17
TATCAGGCATAACCTG-1_GSM4013390,21
ACGCCAGCACTTAAGC-1_GSM4013390,17
TTTGGTTAGGCATGGT-1_GSM4013390,17
AGCGTCGCATTGTGCA-1_GSM4013390,9
TCTATTGAGCCACGCT-1_GSM4013390,9
GGACAGATCATTATCC-1_GSM4013390,17
AAACGGGTCCTTGACC-1_GSM4013390,17
GGAAAGCAGCACCGCT-1_GSM4013390,17
AAGACCTTCCAAACTG-1_GSM4013390,5
CTCTAATAGGTACTCT-1_GSM4013390,17
ATCATGGGTTCGAATC-1_GSM4013390,9
ATAGACCGTACTTGAC-1_GSM4013390,1
CATCAAGAGTTTAGGA-1_GSM4013390,1
CAACCTCGTCGGGTCT-1_GSM4013390,21
TTTCCTCCAACTGCGC-1_GSM4013390,9
GTCCTCACACACATGT-1_GSM4013390,1
ACTGAACTCAATCACG-1_GSM4013390,1
GTTCGGGGTCGTGGCT-1_GSM4013390,9
GGGATGACACATTAGC-1_GSM4013390,5
TTATGCTGTCTAAAGA-1_GSM4013390,9
AGATTGCCAAGTTGTC-1_GSM4013390,14
CGAGAAGAGAATGTGT-1_GSM4013390,9
TGACTAGGTTATGTGC-1_GSM4013390,17
CGTTCTGTCTAGAGTC-1_GSM4013390,21
ATGTGTGTCCGAATGT-1_GSM4013390,6
TTCTTAGCAGTAAGCG-1_GSM4013390,17
TTCTCCTCAGCTGCAC-1_GSM4013390,5
AACACGTAGTGAAGTT-1_GSM4013390,9
CCGTTCATCCTTGGTC-1_GSM4013390,1
CAGCATAGTATCGCAT-1_GSM4013390,17
ACGAGCCAGTTCCACA-1_GSM4013390,1
AGTGTCACAGGTCTCG-1_GSM4013390,6
AGCCTAAGTTAAGAAC-1_GSM4013390,17
GACGGCTAGCTCCTCT-1_GSM4013390,9
TCAGGATTCAACGGGA-1_GSM4013390,16
GGATGTTAGTACCGGA-1_GSM4013390,17
GCGAGAATCATGCTCC-1_GSM4013390,5
GATGAAACACGTAAGG-1_GSM4013390,17
TCGAGGCCAGGGCATA-1_GSM4013390,8
GACCTGGCATGGGAAC-1_GSM4013390,20
CTTGGCTGTCGGATCC-1_GSM4013390,11
CAGCATACATGCTGGC-1_GSM4013390,10
GGACAGAAGTGGGTTG-1_GSM4013390,17
TTAACTCAGATCACGG-1_GSM4013390,17
TATCTCAAGTTATCGC-1_GSM4013390,9
CGAGAAGTCGGTCCGA-1_GSM4013390,20
GTTACAGCAGTCGATT-1_GSM4013390,9
CAACTAGCATGCATGT-1_GSM4013390,9
CTGATCCTCATAAAGG-1_GSM4013390,20
CCTCAGTAGGCTCATT-1_GSM4013390,6
CGGAGTCTCTCTAGGA-1_GSM4013390,17
TTTGGTTTCGCCATAA-1_GSM4013390,17
ATTTCTGAGCTCTCGG-1_GSM4013390,17
GCTTCCATCTGTACGA-1_GSM4013390,9
TATTACCAGATATGGT-1_GSM4013390,21
GCAATCACATATACCG-1_GSM4013390,16
AGGGATGGTTTGACAC-1_GSM4013390,17
ACTTTCATCCGTTGCT-1_GSM4013390,16
CATCAGAAGTGTCTCA-1_GSM4013390,1
TACCTATTCTCCTATA-1_GSM4013390,9
TGGGAAGAGTCCAGGA-1_GSM4013390,5
TACTTGTGTTCCGGCA-1_GSM4013390,17
AACTGGTGTAAACACA-1_GSM4013390,9
CATTATCCATCATCCC-1_GSM4013390,17
GACGCGTAGTCCCACG-1_GSM4013390,17
AGTGAGGAGTCCGGTC-1_GSM4013390,1
CGAGCACCACACTGCG-1_GSM4013390,20
GACGTTAAGGGCTTGA-1_GSM4013390,20
AAGGTTCTCTATCGCC-1_GSM4013390,8
CACAAACCATGTCTCC-1_GSM4013390,8
TGGGAAGCACCAACCG-1_GSM4013390,20
GGCCGATCATTTGCTT-1_GSM4013390,20
CACACTCAGCTGAAAT-1_GSM4013390,17
CACACAACAATCAGAA-1_GSM4013390,9
CCGGGATCAGCGAACA-1_GSM4013390,17
TGGTTAGGTTCAGCGC-1_GSM4013390,17
AGCTCTCAGAATGTTG-1_GSM4013390,9
CTCGGAGCATCCGCGA-1_GSM4013390,6
TGGTTAGAGGCTCATT-1_GSM4013390,17
GCTGCGACACGTAAGG-1_GSM4013390,20
TGCGTGGTCAGCGATT-1_GSM4013390,8
GACTGCGTCATGCAAC-1_GSM4013390,5
GGGAATGGTCACCCAG-1_GSM4013390,16
ACGTCAACACGCCAGT-1_GSM4013390,9
ATCACGAGTCGCTTCT-1_GSM4013390,10
TTAGGACGTGAAATCA-1_GSM4013390,21
CAGCAGCTCCCAAGTA-1_GSM4013390,17
GGGAGATAGGCATGGT-1_GSM4013390,9
ACTGCTCGTTCAGACT-1_GSM4013390,8
GTCCTCACAGCTGCTG-1_GSM4013390,10
AGGTCATGTACTCGCG-1_GSM4013390,3
CTGCCTAGTCCAGTGC-1_GSM4013390,17
GCATGCGTCATTATCC-1_GSM4013390,9
TTAGTTCAGTCAAGCG-1_GSM4013390,20
GGAGCAAGTGTAAGTA-1_GSM4013390,20
GACGGCTTCACAATGC-1_GSM4013390,9
TCGGTAAGTTAAGATG-1_GSM4013390,9
TGAGCATTCCTTTACA-1_GSM4013390,16
CGTAGCGTCTCTAAGG-1_GSM4013390,17
GTACTCCCATACGCCG-1_GSM4013390,17
GTATCTTAGTACGCGA-1_GSM4013390,21
CTCTACGCAATAACGA-1_GSM4013390,21
GCAAACTGTCGAACAG-1_GSM4013390,17
CTGATCCTCAGTTGAC-1_GSM4013390,1
AAAGCAACAACGATCT-1_GSM4013390,1
CAGCGACTCGGTGTTA-1_GSM4013390,12
TAAGAGACATGTAGTC-1_GSM4013390,12
GGTGAAGGTCGACTAT-1_GSM4013390,9
GACCTGGGTGGGTATG-1_GSM4013390,5
CTTAGGAGTCGGCATC-1_GSM4013390,8
CAAGGCCAGATCGGGT-1_GSM4013390,9
ATCACGAGTCTAGAGG-1_GSM4013390,14
GCATGATCAGCTCCGA-1_GSM4013390,6
GGCGACTTCGCTTAGA-1_GSM4013390,17
ACCGTAACATTCACTT-1_GSM4013390,12
TACGGGCCAAGCCTAT-1_GSM4013390,8
CGATCGGGTCAGAGGT-1_GSM4013390,9
GTGTTAGCACGTAAGG-1_GSM4013390,5
TTGAACGAGTACGCGA-1_GSM4013390,9
GATGAGGGTTGGTTTG-1_GSM4013390,17
GTCTCGTTCACCCGAG-1_GSM4013390,10
GCATGATGTACAGCAG-1_GSM4013390,17
TCAGATGTCGCCATAA-1_GSM4013390,17
GCTTGAAAGAGACGAA-1_GSM4013390,17
GAGGTGAAGTGTCTCA-1_GSM4013390,5
CTCATTATCTAAGCCA-1_GSM4013390,16
ACGAGGAGTTATGTGC-1_GSM4013390,1
CAACCTCCAGGATCGA-1_GSM4013390,9
GATCGCGGTTCCGTCT-1_GSM4013390,9
TTCGGTCAGTACTTGC-1_GSM4013390,17
TTATGCTTCCAGAGGA-1_GSM4013390,17
TGACTTTCAAATTGCC-1_GSM4013390,1
ACTGAACAGTTGTCGT-1_GSM4013390,9
GACAGAGAGGGTGTTG-1_GSM4013390,9
GTGCATAAGCTAACAA-1_GSM4013390,8
TGCGCAGAGCCACTAT-1_GSM4013390,16
ACGGAGATCTCTGTCG-1_GSM4013390,1
GAATAAGTCAGTGTTG-1_GSM4013390,9
TCACAAGGTTAGATGA-1_GSM4013390,9
ATGAGGGAGCTAACTC-1_GSM4013390,17
CGTAGCGGTAGGGTAC-1_GSM4013390,9
CCGGGATCAGGGTACA-1_GSM4013390,17
GGGCACTTCACCTCGT-1_GSM4013390,9
GACGTGCGTCGTTGTA-1_GSM4013390,9
CTGATAGCAGTCCTTC-1_GSM4013390,17
GCATACAAGCGTCAAG-1_GSM4013390,20
AACCATGAGAAAGTGG-1_GSM4013390,17
ATAAGAGAGCGTTGCC-1_GSM4013390,14
AACTTTCCATCATCCC-1_GSM4013390,12
TGAAAGAGTGTAACGG-1_GSM4013390,6
CTTTGCGTCGGTCTAA-1_GSM4013390,6
ACTGCTCGTATTAGCC-1_GSM4013390,17
GAAGCAGGTTAAGAAC-1_GSM4013390,9
AATCGGTTCAGCGATT-1_GSM4013390,17
TAGGCATTCAGAGCTT-1_GSM4013390,16
ATCATGGCAAGCCGCT-1_GSM4013390,9
TCTTCGGGTGTCGCTG-1_GSM4013390,17
CCTAAAGTCTGATACG-1_GSM4013390,8
TCAACGAGTCGCATCG-1_GSM4013390,1
TCACGAAAGGGCATGT-1_GSM4013390,17
TGCGGGTTCTATCCCG-1_GSM4013390,17
CGGGTCAGTTAGTGGG-1_GSM4013390,9
AAACGGGTCTACTATC-1_GSM4013390,17
GTCTCGTAGCGTGAGT-1_GSM4013390,17
AAGCCGCGTTACCGAT-1_GSM4013390,16
CTGATCCAGGCTCATT-1_GSM4013390,17
TCGAGGCGTCTACCTC-1_GSM4013390,12
GGTGCGTAGCACCGTC-1_GSM4013390,17
AAAGCAAGTTATCCGA-1_GSM4013390,16
CGCGGTAAGTGCGATG-1_GSM4013390,17
AACACGTAGACTTGAA-1_GSM4013390,1
CACAAACTCGCATGAT-1_GSM4013390,10
GAAATGATCCAAATGC-1_GSM4013390,17
TCGCGTTGTCATGCCG-1_GSM4013390,17
CTAATGGGTTAAGGGC-1_GSM4013390,9
CGTGTAATCGAATCCA-1_GSM4013390,17
AGCCTAACAGGACGTA-1_GSM4013390,16
ATTCTACCACGGCCAT-1_GSM4013390,9
TAGGCATGTACACCGC-1_GSM4013390,9
TACTTGTGTAATCGTC-1_GSM4013390,17
AGTCTTTCAAAGTCAA-1_GSM4013390,6
CGGCTAGTCGAACTGT-1_GSM4013390,5
CTCGGGAAGGAGTCTG-1_GSM4013390,17
GGTGTTACATGTCGAT-1_GSM4013390,9
GTCGTAATCCTCATTA-1_GSM4013390,9
CTAGTGAAGTGGAGAA-1_GSM4013390,16
GACTACATCCATGAAC-1_GSM4013390,3
AGCGGTCAGTACGTTC-1_GSM4013390,8
GTCGGGTCATTTCAGG-1_GSM4013390,5
GGCAATTTCACGCGGT-1_GSM4013390,1
CTCGAAACAGAGTGTG-1_GSM4013390,17
TCTTTCCCAATTGCTG-1_GSM4013390,1
TAGAGCTTCGGAGCAA-1_GSM4013390,12
CAAGATCAGCCACTAT-1_GSM4013390,9
TGGGCGTGTCTGCAAT-1_GSM4013390,5
GTCGTAAAGGAGCGTT-1_GSM4013390,17
GCAGTTACACGAGGTA-1_GSM4013390,17
CCTTCCCAGTTAAGTG-1_GSM4013390,9
TACTTGTCACTGTTAG-1_GSM4013390,3
TGAGCATGTAGCTAAA-1_GSM4013390,16
TGTTCCGGTCTTCGTC-1_GSM4013390,17
TTAGTTCGTAAACGCG-1_GSM4013390,8
TGACTTTGTCTAGTGT-1_GSM4013390,17
GTCTCGTAGCCGTCGT-1_GSM4013390,9
CTACGTCTCAGCTGGC-1_GSM4013390,5
CGTCCATCATGGGACA-1_GSM4013390,20
TGCGGGTTCATCGGAT-1_GSM4013390,20
ACGCAGCAGGCGTACA-1_GSM4013390,12
CTGTTTAAGAGACTAT-1_GSM4013390,17
CCGTGGATCGATGAGG-1_GSM4013390,17
TTATGCTCACCACGTG-1_GSM4013390,9
AAGCCGCGTATATGAG-1_GSM4013390,17
CTGCGGACATCGGAAG-1_GSM4013390,20
TACTCATCAATGTTGC-1_GSM4013390,8
GCGGGTTCAACTGCTA-1_GSM4013390,6
TCACAAGGTCATCGGC-1_GSM4013390,17
GATCAGTTCATACGGT-1_GSM4013390,8
ACCCACTGTATATGAG-1_GSM4013390,8
GACTGCGAGCGAGAAA-1_GSM4013390,16
CTACGTCCACTAAGTC-1_GSM4013390,8
TTTCCTCTCCAAGTAC-1_GSM4013390,4
ATAGACCCATGCTGGC-1_GSM4013390,17
TTCTTAGCAGCTTCGG-1_GSM4013390,17
TGTATTCGTAACGACG-1_GSM4013390,1
CTACGTCCAACGATGG-1_GSM4013390,9
TGTTCCGCAGACTCGC-1_GSM4013390,5
TTTGTCAGTCTCATCC-1_GSM4013390,8
ACGATACTCGTTGACA-1_GSM4013390,1
ATTGGACAGTCGTTTG-1_GSM4013390,16
GGTGTTAGTGGGTATG-1_GSM4013390,8
TACGGGCGTTCCCGAG-1_GSM4013390,21
ACGGCCATCCTGCCAT-1_GSM4013390,14
GACCTGGGTAGCGATG-1_GSM4013390,1
TAAGCGTCATGTCCTC-1_GSM4013390,5
ATCCACCCAATAGCAA-1_GSM4013390,16
CGGAGTCGTTTAGCTG-1_GSM4013390,20
GATTCAGGTACCGGCT-1_GSM4013390,6
TGGCTGGAGCCGTCGT-1_GSM4013390,12
TCGCGTTAGATGTCGG-1_GSM4013390,16
AGGTCATTCGTACCGG-1_GSM4013390,5
TTTGCGCCAGGTCGTC-1_GSM4013390,1
TTTCCTCAGCTCCTCT-1_GSM4013390,8
TACAGTGAGCCCTAAT-1_GSM4013390,4
GATCGCGGTGTGCGTC-1_GSM4013390,17
CGGAGTCAGCTCCTTC-1_GSM4013390,8
TTCGAAGCATTGCGGC-1_GSM4013390,5
AGGGAGTTCAACCATG-1_GSM4013390,9
AGCTCCTTCTGTCTAT-1_GSM4013390,17
TTGGCAACACCAGATT-1_GSM4013390,16
TCGTAGACACTCGACG-1_GSM4013390,3
AAGCCGCAGAGTAAGG-1_GSM4013390,5
CGTCAGGAGGCACATG-1_GSM4013390,16
CCACGGATCTGACCTC-1_GSM4013390,6
CACAAACCACAAGACG-1_GSM4013390,17
CTGGTCTGTTAAAGTG-1_GSM4013390,17
CCTATTAGTTTGTTGG-1_GSM4013390,8
GGCCGATAGTCGCCGT-1_GSM4013390,8
AGGTCATTCCGCGCAA-1_GSM4013390,16
GTTCTCGCACGCGAAA-1_GSM4013390,17
TGACGGCTCTGCTTGC-1_GSM4013390,1
TACAGTGAGTCAAGCG-1_GSM4013390,5
CAGATCATCCGCGGTA-1_GSM4013390,16
GTTCGGGAGCCTATGT-1_GSM4013390,5
ACTTGTTGTCGCATAT-1_GSM4013390,17
GGTGAAGTCTGTTTGT-1_GSM4013390,16
CACAGGCAGGATGCGT-1_GSM4013390,16
CCAATCCGTTACGACT-1_GSM4013390,9
CCTTCGAGTCGAACAG-1_GSM4013390,9
GTCACGGAGATATGCA-1_GSM4013390,5
TGTGTTTTCTGATTCT-1_GSM4013390,21
CACTCCAGTTCATGGT-1_GSM4013390,16
CACAGTATCACCCTCA-1_GSM4013390,12
TGTATTCTCAGATAAG-1_GSM4013390,5
TAAGAGAGTTAAAGAC-1_GSM4013390,9
GCGAGAACAAGTAATG-1_GSM4013390,16
CAGCCGAAGTCGTTTG-1_GSM4013390,5
AACTTTCAGACACTAA-1_GSM4013390,8
CATCAAGCAGTTCATG-1_GSM4013390,17
TAGAGCTTCACGCGGT-1_GSM4013390,4
CACCAGGCAGCTTCGG-1_GSM4013390,12
CCATTCGTCGCGATCG-1_GSM4013390,9
GCTGCGACAAGCTGGA-1_GSM4013390,9
GTCTCGTTCCCGGATG-1_GSM4013390,16
AGCAGCCCATTTGCTT-1_GSM4013390,9
GATCGCGGTGCGATAG-1_GSM4013390,8
AGCGTCGAGATGCCAG-1_GSM4013390,1
CTCGTCATCGTTACGA-1_GSM4013390,10
GATGAGGAGTTCCACA-1_GSM4013390,16
AAAGCAAGTCGCCATG-1_GSM4013390,5
ATCCGAAAGTCTCCTC-1_GSM4013390,12
TGAGCATCATGGGAAC-1_GSM4013390,6
GGCGTGTAGTGCCATT-1_GSM4013390,17
CTACACCTCCCAGGTG-1_GSM4013390,16
TGGCCAGCACTTACGA-1_GSM4013390,5
ACACTGAAGCGTTGCC-1_GSM4013390,4
CTACACCGTCTTTCAT-1_GSM4013390,1
TACCTATTCTGATTCT-1_GSM4013390,16
GATGAAATCCTTTCTC-1_GSM4013390,9
CTCCTAGTCGACAGCC-1_GSM4013390,9
TACTTGTCACTATCTT-1_GSM4013390,1
ACTGAACCAGCCTTTC-1_GSM4013390,8
TTCTCAATCTGAGTGT-1_GSM4013390,20
TGGTTAGTCGGTGTTA-1_GSM4013390,1
ACGGAGACATTTCAGG-1_GSM4013390,12
ATCTACTCAAAGCGGT-1_GSM4013390,20
GCATACAAGTATTGGA-1_GSM4013390,1
GGAAAGCAGCTGAACG-1_GSM4013390,17
TCTGAGAAGACTAAGT-1_GSM4013390,6
CGTCAGGAGGTGCACA-1_GSM4013390,8
GTGAAGGCACGCCAGT-1_GSM4013390,1
CACAGGCAGTAGGTGC-1_GSM4013390,1
CTCCTAGTCAACACAC-1_GSM4013390,10
GGGACCTCAGCTGTTA-1_GSM4013390,16
TATTACCGTCTCCACT-1_GSM4013390,8
CGCGTTTTCGGATGTT-1_GSM4013390,17
CAGCATAGTCTCCATC-1_GSM4013390,17
GCTCTGTTCGACAGCC-1_GSM4013390,12
AAGGTTCCACACAGAG-1_GSM4013390,9
TACTTGTTCACTTATC-1_GSM4013390,17
TACTTGTTCCAGAAGG-1_GSM4013390,9
GCATGCGGTGTTAAGA-1_GSM4013390,9
GTGTGCGAGCTCCTTC-1_GSM4013390,20
CGGAGTCTCATGCATG-1_GSM4013390,1
GTAGTCAAGTATCGAA-1_GSM4013390,17
TTAGTTCGTACCGTTA-1_GSM4013390,5
ACACCGGGTCTAGTCA-1_GSM4013390,17
GAACGGATCTTTACGT-1_GSM4013390,1
CATTCGCGTTTGACAC-1_GSM4013390,21
TGTGGTAAGCTGAAAT-1_GSM4013390,16
CGAATGTAGTACGCGA-1_GSM4013390,17
TCATTACTCGGTGTTA-1_GSM4013390,5
CAGCAGCGTTCCACGG-1_GSM4013390,9
GGCGTGTGTGTGGCTC-1_GSM4013390,6
CTTAGGATCGGATGGA-1_GSM4013390,21
CTCGGGAAGGGTTTCT-1_GSM4013390,8
TAGACCAGTCAGAAGC-1_GSM4013390,17
TTCTTAGGTTGCCTCT-1_GSM4013390,1
AAACCTGGTACCTACA-1_GSM4013390,17
TATGCCCCAGATCGGA-1_GSM4013390,12
GCTGGGTAGTGTTAGA-1_GSM4013390,9
GACTAACGTTTCCACC-1_GSM4013390,16
TTCGGTCAGCAACGGT-1_GSM4013390,5
CGAGAAGCACGCGAAA-1_GSM4013390,6
CACACAAGTCTTGTCC-1_GSM4013390,3
TTCCCAGTCCAGAGGA-1_GSM4013390,8
GCGAGAAGTCAGATAA-1_GSM4013390,20
ACTTGTTAGAGACTAT-1_GSM4013390,1
AGAGCGACACTGAAGG-1_GSM4013390,16
ACGCCGAAGAAGATTC-1_GSM4013390,9
CCGTGGACAAGCTGGA-1_GSM4013390,9
CTTCTCTCATGGTTGT-1_GSM4013390,16
CCAATCCGTAAATGTG-1_GSM4013390,17
CGTTCTGCAACAACCT-1_GSM4013390,16
TATCAGGGTTCCACGG-1_GSM4013390,16
ATTATCCTCCTATTCA-1_GSM4013390,16
GGATTACAGCTCTCGG-1_GSM4013390,9
CATATGGAGGAGTAGA-1_GSM4013390,10
ACAGCTAGTTCGTTGA-1_GSM4013390,17
TGTATTCCAACGCACC-1_GSM4013390,17
CTCAGAATCTCGTATT-1_GSM4013390,3
CATATTCGTACGCTGC-1_GSM4013390,9
TTTCCTCGTTCGTCTC-1_GSM4013390,16
CTACATTTCGTCGTTC-1_GSM4013390,1
ACCTTTACAGGTGGAT-1_GSM4013390,16
AAACGGGTCCCAAGTA-1_GSM4013390,8
CTGATCCTCTTGCATT-1_GSM4013390,17
GCGAGAAGTTGCGTTA-1_GSM4013390,8
TGACGGCTCTGAAAGA-1_GSM4013390,8
GCTCCTAGTGCTCTTC-1_GSM4013390,10
AGAGTGGAGAGCTTCT-1_GSM4013390,12
TGAGAGGTCGCCATAA-1_GSM4013390,4
GATCTAGTCATGCATG-1_GSM4013390,16
CGATCGGAGCTAAGAT-1_GSM4013390,9
GGGTTGCGTGTTAAGA-1_GSM4013390,6
ATTTCTGGTGCCTTGG-1_GSM4013390,16
GTCGGGTCACGACTCG-1_GSM4013390,4
TGGTTAGTCGGCATCG-1_GSM4013390,14
ACTTACTGTAGCTTGT-1_GSM4013390,20
TGAGCCGAGACCCACC-1_GSM4013390,17
CGTTCTGTCGCACTCT-1_GSM4013390,14
TGAGAGGAGATGTGGC-1_GSM4013390,14
AGTTGGTCACCCAGTG-1_GSM4013390,6
TGGCTGGCACATCCGG-1_GSM4013390,16
ACACTGAAGCTACCTA-1_GSM4013390,16
GGACAGAAGCATCATC-1_GSM4013390,9
CGGACGTTCTGGCGAC-1_GSM4013390,5
CACAGGCAGTATCGAA-1_GSM4013390,12
CCAATCCCAGTACACT-1_GSM4013390,9
CGTAGGCGTGCAACGA-1_GSM4013390,14
TCGAGGCCAAAGCAAT-1_GSM4013390,1
GACTACAGTCACTGGC-1_GSM4013390,20
TGTGGTATCCCAAGAT-1_GSM4013390,17
CGTCCATGTGATGTCT-1_GSM4013390,16
GAGTCCGAGATACACA-1_GSM4013390,4
AACCGCGTCGCACTCT-1_GSM4013390,8
GGACATTAGGTCGGAT-1_GSM4013390,10
ACTGAACAGCTGTTCA-1_GSM4013390,6
CGACTTCTCGCTAGCG-1_GSM4013390,20
TGTATTCCATATACGC-1_GSM4013390,1
ACTATCTGTGTATGGG-1_GSM4013390,4
TTAGGCAGTCTAAACC-1_GSM4013390,1
CACATAGAGCACAGGT-1_GSM4013390,12
TTTGCGCCAATGTAAG-1_GSM4013390,6
AACACGTGTCAGCTAT-1_GSM4013390,4
TTTGGTTTCTGTCCGT-1_GSM4013390,8
TCAGCAAGTCAAAGAT-1_GSM4013390,16
TGCCCATGTTTGACTG-1_GSM4013390,8
ATCATCTGTGGGTCAA-1_GSM4013390,1
GGCTCGAAGACTACAA-1_GSM4013390,9
ATAGACCCAGACGCTC-1_GSM4013390,16
AATCGGTCAATCCAAC-1_GSM4013390,5
CGAGCACAGGCATGTG-1_GSM4013390,16
AGATCTGGTTGTGGCC-1_GSM4013390,8
CCTCAGTAGGCCCGTT-1_GSM4013390,8
TTGGAACTCTTTACGT-1_GSM4013390,6
TTGCCGTAGTAGATGT-1_GSM4013390,8
ACTGTCCCATTAGCCA-1_GSM4013390,8
ATAACGCTCGCATGAT-1_GSM4013390,16
ACTGAACAGTACGTAA-1_GSM4013390,4
TTTATGCGTGTGCCTG-1_GSM4013390,9
GTCCTCAAGCTGCGAA-1_GSM4013390,9
ATTTCTGGTAGCGCAA-1_GSM4013390,14
CCGGTAGCAGGTCCAC-1_GSM4013390,17
TACGGATGTACGACCC-1_GSM4013390,9
TCAGCTCAGCAAATCA-1_GSM4013390,8
CATTCGCAGAAACCGC-1_GSM4013390,1
GTTAAGCCAAGCTGAG-1_GSM4013390,6
AGAGCGAAGGTACTCT-1_GSM4013390,12
CACTCCACATCACGTA-1_GSM4013390,1
GCTGCTTCAGGCAGTA-1_GSM4013390,4
TCTCATATCGAGAACG-1_GSM4013390,9
AGTGGGACAGCGAACA-1_GSM4013390,4
CACCTTGGTGACGCCT-1_GSM4013390,8
GAGTCCGGTTCGGCAC-1_GSM4013390,20
CTCAGAAAGCCAGTTT-1_GSM4013390,4
TCAGGTAGTTCCTCCA-1_GSM4013390,8
GTTTCTATCGTGACAT-1_GSM4013390,9
TTATGCTGTGAACCTT-1_GSM4013390,16
TGGCTGGCACACGCTG-1_GSM4013390,16
ACGAGGACACGCATCG-1_GSM4013390,8
ACGGGTCGTCTAGCGC-1_GSM4013390,3
CAGCTGGAGACTAGAT-1_GSM4013390,5
AGCAGCCCAAACTGCT-1_GSM4013390,8
TCGCGTTTCGGTCTAA-1_GSM4013390,6
CCCTCCTGTCACTTCC-1_GSM4013390,8
TGGACGCAGAGGTTAT-1_GSM4013390,16
TCTTTCCTCAGTCAGT-1_GSM4013390,8
TTCTCAAAGGCGTACA-1_GSM4013390,1
GTTACAGCAGACAAAT-1_GSM4013390,17
GAACGGACAGACGCCT-1_GSM4013390,9
CGGACGTTCTGTCTCG-1_GSM4013390,17
CCTATTACAATCGAAA-1_GSM4013390,3
GTTCATTGTAAAGTCA-1_GSM4013390,12
CGTCACTTCAGGATCT-1_GSM4013390,12
ATTACTCCAGACGCAA-1_GSM4013390,16
AGCTTGATCTGTTGAG-1_GSM4013390,1
CAGCCGAAGGGATCTG-1_GSM4013390,6
CTCGAAAAGGATGCGT-1_GSM4013390,3
AGCCTAAAGCGTCAAG-1_GSM4013390,8
CTACGTCCAGTGGAGT-1_GSM4013390,12
TGCCCATCACGTCAGC-1_GSM4013390,9
CCCAGTTGTCATGCCG-1_GSM4013390,4
CATCGAAGTTACAGAA-1_GSM4013390,1
TCAACGAGTCTAGCGC-1_GSM4013390,16
ATTATCCAGGCTACGA-1_GSM4013390,17
CGGACTGCACGGATAG-1_GSM4013390,17
AGATCTGTCTGTTTGT-1_GSM4013390,20
GTAACGTCAATAGCGG-1_GSM4013390,3
AGGGAGTCAGGTGCCT-1_GSM4013390,9
CAGAATCGTTCGTGAT-1_GSM4013390,12
CATGACAGTAGATTAG-1_GSM4013390,16
CCACCTATCGTTGACA-1_GSM4013390,4
CACTCCACATCCAACA-1_GSM4013390,16
ACGTCAAAGTCGTTTG-1_GSM4013390,8
GACGTGCTCTGCAAGT-1_GSM4013390,6
CATGGCGTCGAATGGG-1_GSM4013390,8
TTTATGCGTTCATGGT-1_GSM4013390,8
ACAGCTACATGAAGTA-1_GSM4013390,8
CACATAGAGGTGATTA-1_GSM4013390,9
GAGCAGAGTCGGCATC-1_GSM4013390,21
GGAATAAGTCGTTGTA-1_GSM4013390,6
GTGCAGCGTTACAGAA-1_GSM4013390,16
CTCGTCAAGCGCCTCA-1_GSM4013390,9
CCTATTACAGTACACT-1_GSM4013390,12
GCCTCTAAGGATGCGT-1_GSM4013390,20
ATCACGACACATGGGA-1_GSM4013390,1
ACGCAGCAGGCAAAGA-1_GSM4013390,16
TGCACCTCAGGGCATA-1_GSM4013390,16
GTGCAGCAGCTGCCCA-1_GSM4013390,17
TATTACCTCATTGCCC-1_GSM4013390,5
TCATTACTCTTTACGT-1_GSM4013390,9
GCGCAACAGGAGTAGA-1_GSM4013390,17
TAAACCGGTGCAACGA-1_GSM4013390,12
CGACTTCTCTGAGGGA-1_GSM4013390,9
ACACCGGCAGGGTATG-1_GSM4013390,9
CATTCGCAGCTTATCG-1_GSM4013390,9
CACAGGCGTTAAGTAG-1_GSM4013390,1
TTGAACGTCTCTTATG-1_GSM4013390,9
TAAGAGAGTCTAACGT-1_GSM4013390,1
TAAGCGTGTCTGCGGT-1_GSM4013390,4
TGGCTGGTCTTGCCGT-1_GSM4013390,9
GGGCATCTCTTGGGTA-1_GSM4013390,9
CGCGGTAAGCGTCAAG-1_GSM4013390,8
TTAGTTCTCAGCTGGC-1_GSM4013390,5
GTCTCGTGTTCACCTC-1_GSM4013390,17
TGGACGCAGCGATTCT-1_GSM4013390,10
CTCTAATCACATGGGA-1_GSM4013390,12
ACATGGTGTCGAGATG-1_GSM4013390,8
TTATGCTAGCAAATCA-1_GSM4013390,16
CTGCTGTGTACCTACA-1_GSM4013390,20
ACCCACTCATCCGTGG-1_GSM4013390,8
CAAGGCCAGACACGAC-1_GSM4013390,17
TCGGGACCAATCTGCA-1_GSM4013390,9
TGACTTTGTCATGCAT-1_GSM4013390,9
CAACCTCTCGAATCCA-1_GSM4013390,16
AGTGTCACAATACGCT-1_GSM4013390,6
CGTCAGGCATTACCTT-1_GSM4013390,3
GCAAACTAGAGTAAGG-1_GSM4013390,8
ATTATCCGTTCGTGAT-1_GSM4013390,9
CAGGTGCTCCAAGCCG-1_GSM4013390,17
CTACACCGTTCCTCCA-1_GSM4013390,16
ACTTACTCAGCGAACA-1_GSM4013390,9
GTGTGCGAGTGTACCT-1_GSM4013390,9
GATGAAACACGGTAAG-1_GSM4013390,8
CGTCTACCAGTTAACC-1_GSM4013390,6
CTCGAAAGTCATATGC-1_GSM4013390,14
GTATCTTAGTGTTGAA-1_GSM4013390,9
GACTGCGGTAGCGTGA-1_GSM4013390,16
TGAAAGAGTGGTACAG-1_GSM4013390,9
CTCGAGGCACCCATTC-1_GSM4013390,8
CAAGGCCTCATCACCC-1_GSM4013390,8
AAAGATGGTCTCCCTA-1_GSM4013390,16
GCGACCACAGTACACT-1_GSM4013390,1
CTCGGAGAGTACGCGA-1_GSM4013390,9
ACGAGGATCGTGACAT-1_GSM4013390,16
CTTCTCTGTACATGTC-1_GSM4013390,1
CACAGTATCCGCGGTA-1_GSM4013390,12
CATCCACAGCCAGTAG-1_GSM4013390,16
GCTGCAGTCTGTCAAG-1_GSM4013390,1
CCACTACAGGCAATTA-1_GSM4013390,14
GTAACTGGTGTTGAGG-1_GSM4013390,4
TTCCCAGAGTGTTGAA-1_GSM4013390,5
TCGCGAGGTCCAGTTA-1_GSM4013390,17
CCTTTCTTCCTTAATC-1_GSM4013390,8
GCATGTACAGCTGTTA-1_GSM4013390,1
CTGTTTATCTTGGGTA-1_GSM4013390,8
ACAGCCGGTAAAGGAG-1_GSM4013390,9
ACTTGTTCATCTCGCT-1_GSM4013390,1
GCCTCTAGTACCTACA-1_GSM4013390,9
GTCACAATCAGTTAGC-1_GSM4013390,8
TGAGCATCAACACCTA-1_GSM4013390,1
CAACCAATCCAGAAGG-1_GSM4013390,4
CCACGGATCGCGTAGC-1_GSM4013390,16
AAGGCAGTCTCGAGTA-1_GSM4013390,12
AAGCCGCCATGGAATA-1_GSM4013390,16
AACGTTGCATGTTCCC-1_GSM4013390,9
AGCTCCTAGTGACTCT-1_GSM4013390,17
GTAACGTCAAAGGTGC-1_GSM4013390,1
ACTTACTGTCAGAAGC-1_GSM4013390,8
CCACTACCAGCCAATT-1_GSM4013390,5
GACAGAGGTTCCACAA-1_GSM4013390,8
CCCTCCTTCTGCAAGT-1_GSM4013390,4
ACTGAACAGATCACGG-1_GSM4013390,1
GATCGCGAGGAGTACC-1_GSM4013390,1
CCATGTCGTCTGCCAG-1_GSM4013390,20
TGGCTGGCAAACCCAT-1_GSM4013390,17
AGAGCGACACGAGAGT-1_GSM4013390,16
ACGATACCAGCTCGAC-1_GSM4013390,21
CTTTGCGAGCGATATA-1_GSM4013390,6
GCATACACAGCTGCTG-1_GSM4013390,16
CTAAGACGTGGTGTAG-1_GSM4013390,8
GCTGCTTAGATCTGCT-1_GSM4013390,5
GTAACGTCAAGGTTTC-1_GSM4013390,9
TGAGCCGAGCGCTTAT-1_GSM4013390,16
GCATACAGTAAAGGAG-1_GSM4013390,12
GGCGTGTGTTGGGACA-1_GSM4013390,16
CTGTGCTCACCTCGTT-1_GSM4013390,5
CGGTTAACACTGCCAG-1_GSM4013390,9
GTCACAATCGCTTGTC-1_GSM4013390,6
AGGGAGTAGGCCATAG-1_GSM4013390,10
CTACACCCACCGAAAG-1_GSM4013390,16
ACTATCTCACATTAGC-1_GSM4013390,1
CAAGAAAGTGACGCCT-1_GSM4013390,8
CGTTGGGAGGAGTACC-1_GSM4013390,16
TTGCCGTGTCAAACTC-1_GSM4013390,4
GGCTCGAGTCTAGCGC-1_GSM4013390,16
ACGAGGAAGCTGTTCA-1_GSM4013390,17
CTCCTAGAGAGAACAG-1_GSM4013390,16
TCACAAGGTTATGTGC-1_GSM4013390,6
TTTCCTCAGTGGCACA-1_GSM4013390,8
CGTGTCTCATATACGC-1_GSM4013390,14
GTGCAGCTCACGACTA-1_GSM4013390,8
ACGGGTCGTCACAAGG-1_GSM4013390,4
GCCTCTAAGTGGTAGC-1_GSM4013390,9
TGTGGTAGTCCGCTGA-1_GSM4013390,1
ACATCAGTCAAGCCTA-1_GSM4013390,14
TGTGTTTCAGTGAGTG-1_GSM4013390,6
AACTCCCCACCCATTC-1_GSM4013390,16
TTGCCGTAGCGATGAC-1_GSM4013390,20
CGCTATCCATTACGAC-1_GSM4013390,8
CTCAGAAAGGAGCGAG-1_GSM4013390,1
TGTGGTACAACACCTA-1_GSM4013390,8
CAGAGAGTCCCTAATT-1_GSM4013390,21
GTCGGGTGTCAACATC-1_GSM4013390,10
AATCCAGCAGGATCGA-1_GSM4013390,1
ACACTGAGTCAGTGGA-1_GSM4013390,1
GGTGTTATCTATCGCC-1_GSM4013390,16
AGAATAGTCGGAGCAA-1_GSM4013390,5
ATCGAGTTCCACGTGG-1_GSM4013390,12
CATCAGAGTGAGCGAT-1_GSM4013390,17
TACTTACTCATGTCCC-1_GSM4013390,16
TACCTATCATGGATGG-1_GSM4013390,8
GTCTTCGCACGGTTTA-1_GSM4013390,8
AGGGATGCAAGCGTAG-1_GSM4013390,16
TAGAGCTAGAGCAATT-1_GSM4013390,8
CAGTAACTCGCATGGC-1_GSM4013390,16
GAACATCCAACGATGG-1_GSM4013390,16
ACACCAAGTTCCCGAG-1_GSM4013390,1
CGGCTAGTCTCCAACC-1_GSM4013390,9
GCAGCCAAGATAGGAG-1_GSM4013390,16
TCCACACTCCAGATCA-1_GSM4013390,12
GCGCCAATCCACTCCA-1_GSM4013390,17
ATGTGTGGTGCTGTAT-1_GSM4013390,16
CTGTTTACACACCGAC-1_GSM4013390,12
TGCCCATCAAAGTGCG-1_GSM4013390,16
TACGGATGTTGATTGC-1_GSM4013390,8
ATCCACCGTTGGGACA-1_GSM4013390,8
CCTTTCTTCTGCGTAA-1_GSM4013390,12
ATTTCTGTCGAATGCT-1_GSM4013390,12
AACTCCCCAAGCTGAG-1_GSM4013390,4
GTCATTTCAATACGCT-1_GSM4013390,9
TTAACTCCAGCTCCGA-1_GSM4013390,1
ACCTTTATCGTGTAGT-1_GSM4013390,17
CTGCGGAGTTCGTGAT-1_GSM4013390,5
GTTCTCGAGTATCGAA-1_GSM4013390,9
AGTCTTTTCGGTGTCG-1_GSM4013390,1
TTCCCAGCACGAAGCA-1_GSM4013390,6
CAGCCGACACTCTGTC-1_GSM4013390,16
TCTTCGGCACCAGATT-1_GSM4013390,9
TCGCGTTCACCAACCG-1_GSM4013390,12
AGAATAGCAGCCTATA-1_GSM4013390,12
ACGCAGCTCCTAGTGA-1_GSM4013390,9
CGGGTCACACCGATAT-1_GSM4013390,20
GGGTCTGCAGGTCGTC-1_GSM4013390,0
TGTGTTTAGTGCGTGA-1_GSM4013390,3
CGTGTAAGTCTCACCT-1_GSM4013390,21
GATCAGTTCATTCACT-1_GSM4013390,16
GTGAAGGAGTTACGGG-1_GSM4013390,8
TCCCGATTCCTTCAAT-1_GSM4013391,21
TGACTAGGTCATGCAT-1_GSM4013391,21
CGTTGGGCATGGAATA-1_GSM4013391,21
GGACATTTCAAACCGT-1_GSM4013391,21
GATTCAGTCGTTACAG-1_GSM4013391,23
CCCTCCTGTATCTGCA-1_GSM4013391,21
GTACTCCTCAGTACGT-1_GSM4013391,23
GTTCATTGTCCGTTAA-1_GSM4013391,21
CGGACTGTCGGTGTTA-1_GSM4013391,23
CCGTGGACATATGGTC-1_GSM4013391,21
TAGCCGGTCCTATTCA-1_GSM4013391,23
ATTGGACGTCGCGGTT-1_GSM4013391,21
TGACTAGCATCCGCGA-1_GSM4013391,21
CTAGAGTCAAGCCTAT-1_GSM4013391,3
CCTATTACAGTCAGAG-1_GSM4013391,23
CGAATGTAGGAGCGTT-1_GSM4013391,23
GGCGACTTCTCTGTCG-1_GSM4013391,21
TAAGCGTGTCTTGATG-1_GSM4013391,21
CACCTTGAGTTAACGA-1_GSM4013391,21
GATGAAAAGGCTAGAC-1_GSM4013391,21
TTTGCGCGTCTGCCAG-1_GSM4013391,23
CGAGAAGTCAGTCCCT-1_GSM4013391,21
TCAACGAGTACTCGCG-1_GSM4013391,21
TTTATGCGTACGCACC-1_GSM4013391,21
CGGTTAAGTTGGTTTG-1_GSM4013391,23
GTGCAGCCAAGGTTCT-1_GSM4013391,21
GATCGCGGTCTCATCC-1_GSM4013391,21
GGGATGATCTCTGAGA-1_GSM4013391,23
CGTGTCTCAGGGTATG-1_GSM4013391,23
GATCGCGGTTGAGGTG-1_GSM4013391,23
TGAAAGATCAAACGGG-1_GSM4013391,23
CTTAACTGTGCTAGCC-1_GSM4013391,21
AAGGCAGAGGAATTAC-1_GSM4013391,21
CCGGTAGAGTGTTAGA-1_GSM4013391,21
GACGGCTGTAGCGCAA-1_GSM4013391,21
GACGGCTTCAGGTAAA-1_GSM4013391,23
AAAGTAGCATGAAGTA-1_GSM4013391,21
ACCTTTATCAGGTTCA-1_GSM4013391,21
CTACATTCAGTTCATG-1_GSM4013391,23
TCTGAGACAGTAACGG-1_GSM4013391,23
GACTAACCAGGACGTA-1_GSM4013391,23
ATCCACCAGATGTCGG-1_GSM4013391,23
GTGTTAGCACTTCGAA-1_GSM4013391,21
AGACGTTTCAGGTTCA-1_GSM4013391,23
TTCTCCTAGCGATATA-1_GSM4013391,23
AGATCTGCACCCAGTG-1_GSM4013391,21
CAGAATCGTTCGTCTC-1_GSM4013391,23
ACCCACTTCGGCCGAT-1_GSM4013391,23
TGTTCCGAGTGGGCTA-1_GSM4013391,21
TACTCATAGAAACCTA-1_GSM4013391,21
GACTACAGTGCACGAA-1_GSM4013391,21
CACAAACCATCAGTCA-1_GSM4013391,21
GTACGTAAGGCTCATT-1_GSM4013391,21
GCGCAACCATGGTCAT-1_GSM4013391,23
AAATGCCTCAGCGATT-1_GSM4013391,23
GCGCCAATCTCTAAGG-1_GSM4013391,23
ACACTGACATTCCTGC-1_GSM4013391,23
CTAATGGAGATCTGAA-1_GSM4013391,21
CTGCTGTCAAGACGTG-1_GSM4013391,23
ATCCACCAGGGAAACA-1_GSM4013391,23
ATGAGGGGTAGCGTAG-1_GSM4013391,23
CGGTTAAGTAGCGATG-1_GSM4013391,23
CTACATTTCTTCAACT-1_GSM4013391,23
TTATGCTAGCATGGCA-1_GSM4013391,21
CAGAGAGCAGCTGCAC-1_GSM4013391,21
CGGAGTCTCTCTGAGA-1_GSM4013391,23
GGATTACAGTAGTGCG-1_GSM4013391,21
ACACCCTCATTTCACT-1_GSM4013391,21
CGTTGGGCATGGGACA-1_GSM4013391,21
GGATGTTAGCACCGTC-1_GSM4013391,23
CGTCACTTCAGTTCGA-1_GSM4013391,21
ATCGAGTTCACAAACC-1_GSM4013391,21
CGAATGTAGTGCAAGC-1_GSM4013391,23
GGATGTTAGCAATCTC-1_GSM4013391,21
GACTAACCATGGTAGG-1_GSM4013391,23
GGGAATGTCATTGCGA-1_GSM4013391,21
CCCATACAGGCACATG-1_GSM4013391,21
GTTTCTACATAGACTC-1_GSM4013391,21
AGGTCATCAAGTCTGT-1_GSM4013391,23
CAGTAACTCCGAATGT-1_GSM4013391,23
AGGGATGTCATCTGCC-1_GSM4013391,21
TGGCGCACACGTGAGA-1_GSM4013391,21
AGGCCACTCAACGCTA-1_GSM4013391,21
GACAGAGGTCTGGAGA-1_GSM4013391,21
GATGCTACAATGGAGC-1_GSM4013391,21
AAGGCAGGTCGATTGT-1_GSM4013391,23
TGCACCTCATCGTCGG-1_GSM4013391,21
GTATCTTTCATTGCCC-1_GSM4013391,21
CTCGAGGGTCGCGGTT-1_GSM4013391,21
CCAGCGAAGCGCCTCA-1_GSM4013391,21
TAGTTGGAGTACGCGA-1_GSM4013391,21
TGCGTGGAGCAAATCA-1_GSM4013391,21
TCGAGGCTCTGACCTC-1_GSM4013391,21
CCCTCCTAGGAATGGA-1_GSM4013391,21
TAAACCGAGACTACAA-1_GSM4013391,21
TCCCGATGTGAGGGAG-1_GSM4013391,23
TACGGGCAGGAGTACC-1_GSM4013391,23
TGATTTCGTTAAAGTG-1_GSM4013391,23
TAGTTGGGTCGACTAT-1_GSM4013391,23
TTCGAAGCAAGTAGTA-1_GSM4013391,23
ATTATCCTCCCAGGTG-1_GSM4013391,21
TACACGAAGTACACCT-1_GSM4013391,21
ATGCGATAGTGATCGG-1_GSM4013391,21
CTCGGGAAGGATGCGT-1_GSM4013391,23
CTCGAAACACGTCTCT-1_GSM4013391,23
GTCACAAAGGTGACCA-1_GSM4013391,23
AGCTTGATCTTGGGTA-1_GSM4013391,21
TACACGAAGATCTGCT-1_GSM4013391,21
CCATGTCAGTTAGCGG-1_GSM4013391,21
CAAGAAATCGAGCCCA-1_GSM4013391,21
CCATGTCCACAACGCC-1_GSM4013391,21
TTGCCGTCAAGTTCTG-1_GSM4013391,21
ACGCCAGGTAGCTCCG-1_GSM4013391,21
CATCAGAAGATATGGT-1_GSM4013391,23
GTGGGTCCATTTGCTT-1_GSM4013391,21
GGTGAAGCATACGCCG-1_GSM4013391,23
TATCTCAGTAAGTAGT-1_GSM4013391,21
GTGAAGGGTGGCGAAT-1_GSM4013391,23
ACGCCGAGTGCAACTT-1_GSM4013391,21
TTAGGCAGTGAAATCA-1_GSM4013391,21
TGCACCTCACACCGCA-1_GSM4013391,21
AGTGGGACACACTGCG-1_GSM4013391,20
GTGTGCGGTATATCCG-1_GSM4013391,21
CTGCTGTCAGCGAACA-1_GSM4013391,23
CATCGAAGTTATCCGA-1_GSM4013391,21
ACATCAGTCAAGGTAA-1_GSM4013391,21
AAGGTTCGTTCATGGT-1_GSM4013391,21
GGCAATTAGTGAAGTT-1_GSM4013391,21
CTACATTAGTACGTTC-1_GSM4013391,21
GCGGGTTAGTGGCACA-1_GSM4013391,21
CGACCTTAGATGTGTA-1_GSM4013391,23
ATCATCTCAGACGCTC-1_GSM4013391,21
GGTATTGCACCAGCAC-1_GSM4013391,21
TTGGAACAGAATTGTG-1_GSM4013391,21
AGCTTGAAGTACGATA-1_GSM4013391,21
CCAGCGAGTATATGAG-1_GSM4013391,21
CTTAGGAGTAAATGTG-1_GSM4013391,21
AGCTCCTTCGCAAACT-1_GSM4013391,21
CTCGTCAGTAGCCTAT-1_GSM4013391,21
TGGCCAGAGGTACTCT-1_GSM4013391,23
CAGTAACAGTTGTCGT-1_GSM4013391,21
CGTCCATTCTTGGGTA-1_GSM4013391,21
ACGGGCTTCAAGATCC-1_GSM4013391,21
AGCATACTCCACTCCA-1_GSM4013391,21
TTTGGTTTCAGTTTGG-1_GSM4013391,21
AAGGAGCAGTTGAGTA-1_GSM4013391,21
AAGGAGCTCGTTTAGG-1_GSM4013391,23
GGCGTGTAGCGAAGGG-1_GSM4013391,21
AGAATAGGTCATTAGC-1_GSM4013391,21
AGTCTTTCAGATCCAT-1_GSM4013391,21
ACTTACTGTTGAACTC-1_GSM4013391,21
AGCTCTCGTCTCTTAT-1_GSM4013391,1
GATGAAAAGTCCGGTC-1_GSM4013391,21
TGGCGCAAGTCAAGGC-1_GSM4013391,21
AGACGTTTCAGAGGTG-1_GSM4013391,21
AAACGGGCAATCCGAT-1_GSM4013391,1
ATTCTACTCCAAATGC-1_GSM4013391,21
CACCAGGGTTTAGGAA-1_GSM4013391,21
TAGCCGGAGTTACCCA-1_GSM4013391,21
ACTGATGTCAATCTCT-1_GSM4013391,21
GGATTACGTTATGTGC-1_GSM4013391,21
CTCATTAGTAGCGTGA-1_GSM4013391,21
CATGACACAAGGGTCA-1_GSM4013391,21
CATGGCGAGTGGCACA-1_GSM4013391,21
CTGCTGTTCTGCGGCA-1_GSM4013391,21
CGTAGCGGTGGTAACG-1_GSM4013391,21
TTAACTCCATTCTCAT-1_GSM4013391,21
CTTGGCTGTGTCCTCT-1_GSM4013391,21
CCTCTGAGTCATACTG-1_GSM4013391,21
CAGATCAGTCTGCAAT-1_GSM4013391,21
ACCAGTAAGCGATAGC-1_GSM4013391,21
CGCTTCAAGATACACA-1_GSM4013391,21
CCCTCCTTCCAAGCCG-1_GSM4013391,12
GTTACAGCAGTCGTGC-1_GSM4013391,21
ACTGTCCTCAGAAATG-1_GSM4013391,21
AACTCTTTCAACGAAA-1_GSM4013391,12
TACTCATGTACTCAAC-1_GSM4013391,21
TCCACACCAAGAAAGG-1_GSM4013391,21
GCGCAGTAGTGTACCT-1_GSM4013391,12
TACCTTAAGCGTGTCC-1_GSM4013391,21
CCCTCCTAGTATTGGA-1_GSM4013391,12
TCATTTGCAGATCCAT-1_GSM4013391,12
TGCCCATGTCGGCACT-1_GSM4013391,12
TCAACGATCCACGCAG-1_GSM4013391,21
CCTTACGCATGCAACT-1_GSM4013391,21
GCCAAATTCACTTATC-1_GSM4013391,21
TGGACGCGTTGATTGC-1_GSM4013391,21
CAGCTAACAATGGACG-1_GSM4013391,21
GACTAACAGACCGGAT-1_GSM4013391,21
CTGAAACCACCGAAAG-1_GSM4013391,21
CAGCCGATCGGCTTGG-1_GSM4013391,12
TGCGGGTGTCGCTTCT-1_GSM4013391,21
CGCGGTACACATGTGT-1_GSM4013391,21
GGAACTTAGGATCGCA-1_GSM4013391,21
CGGACACAGGAGTACC-1_GSM4013391,21
AGCCTAACACCAGGTC-1_GSM4013391,12
TGACTTTGTAGCGCAA-1_GSM4013391,21
GTGCATAAGTGTACTC-1_GSM4013391,21
CGATCGGAGTTAGGTA-1_GSM4013391,21
CGTGTAAGTCGGCTCA-1_GSM4013391,21
GTCTCGTCACCCATGG-1_GSM4013391,21
AGAATAGTCCACGAAT-1_GSM4013391,21
TTCCCAGCACGGTTTA-1_GSM4013391,21
TGTTCCGGTTACTGAC-1_GSM4013391,21
CAACCAAGTTCGGGCT-1_GSM4013391,21
CGTAGGCAGCAAATCA-1_GSM4013391,21
ACGAGGATCAGGCGAA-1_GSM4013391,21
ATCATGGTCTACTTAC-1_GSM4013391,21
TGAAAGAGTTAGATGA-1_GSM4013391,12
TGCCAAAAGACGCAAC-1_GSM4013391,21
CGCCAAGCAACCGCCA-1_GSM4013391,21
ACTTGTTCACGGATAG-1_GSM4013391,12
ATCTGCCCAGCTCGCA-1_GSM4013391,21
GACGCGTGTGTGAATA-1_GSM4013391,21
CATATTCGTACTTAGC-1_GSM4013391,21
TGGCTGGTCGATGAGG-1_GSM4013391,21
GCGCGATCATAGGATA-1_GSM4013391,21
CTTAGGATCAATAAGG-1_GSM4013391,21
CTGTTTACATTGGTAC-1_GSM4013391,21
TGCGTGGGTCGCGTGT-1_GSM4013391,23
CGATGTAGTATATCCG-1_GSM4013391,21
CTCTACGGTATATCCG-1_GSM4013391,23
TTTACTGGTGCACGAA-1_GSM4013391,12
AAGACCTTCGAGCCCA-1_GSM4013391,21
CGAGAAGTCAGATAAG-1_GSM4013391,21
CAGCCGAGTAGCTTGT-1_GSM4013391,21
TTTCCTCAGGTAGCCA-1_GSM4013391,21
CATGGCGTCTCGTTTA-1_GSM4013391,21
ACACCAATCCCTAACC-1_GSM4013391,21
TTAACTCCACCTTGTC-1_GSM4013391,21
CGTCAGGGTCCGAATT-1_GSM4013391,21
CAGTAACAGGCTCAGA-1_GSM4013391,20
TTTACTGAGGCACATG-1_GSM4013391,12
AACACGTTCCTGCAGG-1_GSM4013391,20
CAGCGACTCGCACTCT-1_GSM4013391,21
CCTTTCTCACTCTGTC-1_GSM4013391,12
CATCAAGGTGTCGCTG-1_GSM4013391,21
TTAGTTCCAGCTGTTA-1_GSM4013391,20
TCTATTGAGAAACGAG-1_GSM4013391,20
AGATCTGAGTCATGCT-1_GSM4013391,21
AACTCCCCAATGCCAT-1_GSM4013391,21
GGGCACTTCAGCGACC-1_GSM4013391,21
CAGAATCAGCCAGGAT-1_GSM4013391,21
CTCCTAGAGACCTAGG-1_GSM4013391,21
CGATCGGAGCCATCGC-1_GSM4013391,20
TCTTTCCTCCACTCCA-1_GSM4013391,21
CAGCTGGTCTTCCTTC-1_GSM4013391,20
GGCGACTAGTGACTCT-1_GSM4013391,21
CTAACTTGTCTTGTCC-1_GSM4013391,21
TACTTACTCGTTTGCC-1_GSM4013391,20
CGACCTTCAGCATGAG-1_GSM4013391,20
AACCATGGTTGCGCAC-1_GSM4013391,20
ATTATCCTCATGTCCC-1_GSM4013391,20
CCAGCGAGTAGAAAGG-1_GSM4013391,21
CACAGTAAGAATTCCC-1_GSM4013391,20
CACAGGCGTCCATGAT-1_GSM4013391,12
CCACTACTCTGGGCCA-1_GSM4013391,20
TCTGGAAGTGTTCGAT-1_GSM4013391,21
CAAGAAAAGTTATCGC-1_GSM4013391,21
ACGTCAAAGCACGCCT-1_GSM4013391,21
TCACGAACAGCCAATT-1_GSM4013391,21
TATCAGGGTCTGATTG-1_GSM4013391,20
CTAAGACGTAGGGACT-1_GSM4013391,23
CTACCCACACATCTTT-1_GSM4013391,6
ACCTTTAGTAGGACAC-1_GSM4013391,21
AGCGTCGCAGTAACGG-1_GSM4013391,21
CTGCCTACAAACTGTC-1_GSM4013391,20
ATTACTCTCACAGTAC-1_GSM4013391,20
CTAACTTCAAGAAGAG-1_GSM4013391,21
TTAACTCTCTACGAGT-1_GSM4013391,21
GGACATTGTGGACGAT-1_GSM4013391,21
TGAGCCGTCACCGGGT-1_GSM4013391,20
GCCTCTAGTGTCAATC-1_GSM4013391,21
TAGTGGTCATACTACG-1_GSM4013391,12
TCACGAATCATACGGT-1_GSM4013391,20
ATCGAGTGTACCAGTT-1_GSM4013391,20
TTCTACACATTCTCAT-1_GSM4013391,20
CATATTCCAGCATGAG-1_GSM4013391,20
GGGCATCTCCCTAATT-1_GSM4013391,21
CGTCACTGTCTTTCAT-1_GSM4013391,3
GACTGCGAGGACAGAA-1_GSM4013391,12
CAAGTTGCAAGCCGCT-1_GSM4013391,21
AGACGTTGTATTACCG-1_GSM4013391,21
TACCTATGTATAGGGC-1_GSM4013391,21
AGGCCGTAGCCAGAAC-1_GSM4013391,12
AACTCAGCAGCCTTGG-1_GSM4013391,21
ATAGACCTCCTTGGTC-1_GSM4013391,12
GAACATCCATCGTCGG-1_GSM4013391,20
ATGCGATGTTATGCGT-1_GSM4013391,12
TGAGGGACAAGGACTG-1_GSM4013391,5
AAAGTAGGTACCGGCT-1_GSM4013391,10
CATCAGACATTACCTT-1_GSM4013391,12
CACTCCACAAGCGAGT-1_GSM4013391,21
AGCTCTCCATTGTGCA-1_GSM4013391,20
TGCTGCTTCTCTAGGA-1_GSM4013391,21
AGAGCTTGTCTTGATG-1_GSM4013391,21
CACCAGGTCACTGGGC-1_GSM4013391,20
GAAGCAGTCAGGATCT-1_GSM4013391,12
GATGAGGAGGGCTCTC-1_GSM4013391,9
AGAGTGGTCTGATACG-1_GSM4013391,21
ATCACGATCCGAAGAG-1_GSM4013391,21
TGAGAGGTCTAAGCCA-1_GSM4013391,21
TCACAAGAGATCCCAT-1_GSM4013391,20
GGCTCGACACTATCTT-1_GSM4013391,21
CTTAGGATCACAGGCC-1_GSM4013391,20
ACCAGTATCGGCGGTT-1_GSM4013391,12
TGGCTGGTCCACGAAT-1_GSM4013391,21
GCTTGAAAGTTTCCTT-1_GSM4013391,12
GCCAAATGTCTTTCAT-1_GSM4013391,20
TGCTACCGTCTGGTCG-1_GSM4013391,20
ACTGCTCTCACCCTCA-1_GSM4013391,20
ATGCGATAGTACGCCC-1_GSM4013391,20
CAGTCCTAGTTACGGG-1_GSM4013391,20
CGTTGGGGTAAACCTC-1_GSM4013391,21
ACTATCTCACTAAGTC-1_GSM4013391,20
CGGTTAATCCTTGCCA-1_GSM4013391,20
CGACTTCTCGGTTAAC-1_GSM4013391,21
TATGCCCAGAGGGCTT-1_GSM4013391,20
CCGTTCAGTTGTGGAG-1_GSM4013391,20
ATCTGCCCAAGCCGTC-1_GSM4013391,20
CGCCAAGCAGGATCGA-1_GSM4013391,20
TCACAAGAGCTAGTCT-1_GSM4013391,21
TTGAACGCAACTGCGC-1_GSM4013391,21
TCTATTGCATGGTTGT-1_GSM4013391,21
GTTCATTCAATGTAAG-1_GSM4013391,21
AGTGAGGCATGAACCT-1_GSM4013391,12
CGCCAAGCATATACCG-1_GSM4013391,12
CCATTCGGTTACAGAA-1_GSM4013391,20
AGGCCACAGATACACA-1_GSM4013391,21
CCTAGCTAGCTGTCTA-1_GSM4013391,21
TAGACCATCGGTTCGG-1_GSM4013391,21
CGAGCACTCTATCCTA-1_GSM4013391,21
GACTAACGTCGCATCG-1_GSM4013391,12
CATCGAATCCGTTGTC-1_GSM4013391,20
AGTGAGGGTTTGTTGG-1_GSM4013391,20
CTGGTCTTCTGTCTAT-1_GSM4013391,20
AGATTGCTCTTCGGTC-1_GSM4013391,20
CGTCCATTCTTGCAAG-1_GSM4013391,20
AGCAGCCCAAGTTGTC-1_GSM4013391,20
TCTTTCCGTACGAAAT-1_GSM4013391,20
CACACCTTCTGCTGCT-1_GSM4013391,20
CATTATCTCGTATCAG-1_GSM4013391,21
TTCTACAAGGTGATAT-1_GSM4013391,21
TGCTACCAGGATGGTC-1_GSM4013391,20
GATCAGTCACTACAGT-1_GSM4013391,21
TTCTCCTAGGAGTAGA-1_GSM4013391,20
TTGGCAAAGTGGGCTA-1_GSM4013391,20
CAAGGCCGTAGAAAGG-1_GSM4013391,20
CAGCGACTCGCAAGCC-1_GSM4013391,20
GGGTCTGCACGAAATA-1_GSM4013391,20
GAAATGACACGGTAAG-1_GSM4013391,20
CGTTCTGTCCTTAATC-1_GSM4013391,20
CACCAGGTCTGCTGTC-1_GSM4013391,20
AACCATGGTTTAGCTG-1_GSM4013391,21
GAACGGATCTGCCCTA-1_GSM4013391,20
CCCAGTTAGTGGGATC-1_GSM4013391,20
CGGACGTAGTGTGGCA-1_GSM4013391,21
GTCACAAAGTACATGA-1_GSM4013391,20
GTGGGTCTCCGCATAA-1_GSM4013391,20
TAGTTGGTCAGCTCGG-1_GSM4013391,12
AGTGGGATCTGCTTGC-1_GSM4013391,21
TGGCCAGCACGTAAGG-1_GSM4013391,10
CGTTCTGGTCCGCTGA-1_GSM4013391,20
GATCAGTCAAATTGCC-1_GSM4013391,20
CAAGGCCAGAACTCGG-1_GSM4013391,21
TAAGAGACACAGATTC-1_GSM4013391,12
CATATGGAGTGGCACA-1_GSM4013391,21
ACAGCCGGTTGCTCCT-1_GSM4013391,20
ACGAGGAAGTCGTTTG-1_GSM4013391,20
TTCTTAGGTGAGTATA-1_GSM4013391,20
CCATGTCTCGCACTCT-1_GSM4013391,21
GGCGACTAGCCATCGC-1_GSM4013391,20
GTAGGCCCACTACAGT-1_GSM4013391,20
TATGCCCGTGAAATCA-1_GSM4013391,20
ACACCCTAGCCTCGTG-1_GSM4013391,12
AAAGCAATCAGAGGTG-1_GSM4013391,20
GCGAGAAAGCTAGTTC-1_GSM4013391,21
GAGTCCGAGTGAAGTT-1_GSM4013391,21
GGCGACTGTAGAAGGA-1_GSM4013391,20
AAAGTAGGTAGGGACT-1_GSM4013391,20
TTCTACAGTTTAGCTG-1_GSM4013391,12
CGTTAGAAGTCTCGGC-1_GSM4013391,20
GGTGAAGAGAGTCGGT-1_GSM4013391,20
ATAGACCGTGATGTGG-1_GSM4013391,20
ACATACGGTGACAAAT-1_GSM4013391,20
CACCACTTCCTTCAAT-1_GSM4013391,20
AAAGCAACACCCATGG-1_GSM4013391,20
CGGACACTCGGATGTT-1_GSM4013391,20
TAGGCATCATCAGTCA-1_GSM4013391,20
GTACTCCTCGTGGGAA-1_GSM4013391,21
TTGAACGCAAACTGCT-1_GSM4013391,21
TGCTGCTAGAGTACAT-1_GSM4013391,20
CAAGATCGTATATCCG-1_GSM4013391,20
GGTGAAGGTATAGGGC-1_GSM4013391,20
AGACGTTCAGTCCTTC-1_GSM4013391,20
TGAGGGATCCCTTGCA-1_GSM4013391,21
CTCGAAAGTCATACTG-1_GSM4013391,20
CGTCAGGAGTGACTCT-1_GSM4013391,21
AAGGTTCTCCCATTTA-1_GSM4013391,20
TTCTTAGTCATGCATG-1_GSM4013391,20
GGAATAAAGCATCATC-1_GSM4013391,20
AACTCAGGTATTCGTG-1_GSM4013391,20
CTACATTCAAGCCATT-1_GSM4013391,17
TTCGGTCTCTCTAGGA-1_GSM4013391,20
TCGGGACCAAACTGTC-1_GSM4013391,20
GTCCTCACACGAAATA-1_GSM4013391,20
GTAACTGCACCACGTG-1_GSM4013391,21
AAAGTAGGTCGGCACT-1_GSM4013391,20
GGGCATCCACAACGTT-1_GSM4013391,20
CACAGTAGTCGGATCC-1_GSM4013391,20
TAAGTGCTCAGCTCGG-1_GSM4013391,21
ACTGAACAGGTTACCT-1_GSM4013391,20
ACATCAGGTCCAACTA-1_GSM4013391,20
GAACATCGTCGAGTTT-1_GSM4013391,20
AACTCAGGTTCGCTAA-1_GSM4013391,20
CCTAAAGTCCTGTACC-1_GSM4013391,20
ATAACGCAGAAGGTTT-1_GSM4013391,20
TACTCGCGTAATCACC-1_GSM4013391,5
CAGCTGGAGGATGTAT-1_GSM4013391,20
TGCTGCTGTGATGATA-1_GSM4013391,5
AGATCTGGTAAGTGGC-1_GSM4013391,21
CTGTGCTCAAAGAATC-1_GSM4013391,10
GACCTGGCACTGTCGG-1_GSM4013391,20
TTCTCCTTCCTTTACA-1_GSM4013391,20
CCATTCGTCACTTATC-1_GSM4013391,20
AGAGCTTCAGATCCAT-1_GSM4013391,21
CGGTTAACATTAACCG-1_GSM4013391,5
ACATACGAGCGCTCCA-1_GSM4013391,20
CGTTAGAAGAGTAAGG-1_GSM4013391,20
CTTAACTTCTCAACTT-1_GSM4013391,20
CTCCTAGAGTTCGATC-1_GSM4013391,20
ACCGTAAAGGCGATAC-1_GSM4013391,20
CACACCTAGTAGGCCA-1_GSM4013391,21
AGAGTGGCAACGATGG-1_GSM4013391,20
GAAACTCTCATCGATG-1_GSM4013391,20
ACGAGCCAGCTTATCG-1_GSM4013391,21
CAGCATACATACGCTA-1_GSM4013391,20
GTTCTCGAGACAGACC-1_GSM4013391,21
TTTATGCTCGCTAGCG-1_GSM4013391,21
AGTCTTTGTTGCGCAC-1_GSM4013391,12
CCCATACGTTTACTCT-1_GSM4013391,21
CATATGGTCCCACTTG-1_GSM4013391,20
CTGTGCTCACTAGTAC-1_GSM4013391,20
CGAACATGTTATTCTC-1_GSM4013391,20
AGGCCACGTCAAGCGA-1_GSM4013391,20
TACACGAGTCGGGTCT-1_GSM4013391,21
GTGCAGCGTGCCTGTG-1_GSM4013391,20
AGCGTATTCAGCAACT-1_GSM4013391,20
CTTCTCTCAATGAATG-1_GSM4013391,21
AAAGTAGGTCCAGTGC-1_GSM4013391,20
GGGTCTGGTAACGACG-1_GSM4013391,21
ACACCCTAGAAACGCC-1_GSM4013391,20
AGGTCCGTCACTTCAT-1_GSM4013391,21
TGACGGCCACGGTGTC-1_GSM4013391,20
GACGCGTAGCGGCTTC-1_GSM4013391,20
AGGCCGTAGAAGGTTT-1_GSM4013391,20
CCACTACAGGCTCAGA-1_GSM4013391,6
TCGCGTTGTACGACCC-1_GSM4013391,20
TGCCCTACATCTGGTA-1_GSM4013391,21
AGTGAGGCACGTAAGG-1_GSM4013391,20
CAGAATCAGCAGGCTA-1_GSM4013391,20
GGAATAAAGGGTTTCT-1_GSM4013391,20
CTACATTAGACGCTTT-1_GSM4013391,20
CCTATTACAGTACACT-1_GSM4013391,20
CGTTGGGCAGGTCCAC-1_GSM4013391,20
CTGAAGTAGTGAAGTT-1_GSM4013391,20
ACGTCAAGTGAGTGAC-1_GSM4013391,12
GCTGCGATCCAAATGC-1_GSM4013391,20
CCGTACTTCTGTCAAG-1_GSM4013391,20
GCGGGTTTCCAACCAA-1_GSM4013391,20
TGCGGGTAGCCATCGC-1_GSM4013391,20
ACGCAGCAGTGGTAGC-1_GSM4013391,20
CGTTCTGTCATGTCCC-1_GSM4013391,20
AACTCTTAGGCCCTCA-1_GSM4013391,21
GAAATGAGTGTTGGGA-1_GSM4013391,20
CCGTGGAGTCCAGTTA-1_GSM4013391,21
CAAGAAATCTTTACGT-1_GSM4013391,20
TAGTGGTCATCCAACA-1_GSM4013391,20
TGCTGCTGTCATATGC-1_GSM4013391,9
TGGTTCCCACCCATTC-1_GSM4013391,20
GTCATTTGTGTCCTCT-1_GSM4013391,20
CTCGAGGAGACCTAGG-1_GSM4013391,20
AAGCCGCAGCGATAGC-1_GSM4013391,20
CGAGAAGTCCTGCCAT-1_GSM4013391,20
GTTACAGAGCTGAACG-1_GSM4013391,20
CTGATAGCAGCATACT-1_GSM4013391,20
AGAGCGAGTCAAACTC-1_GSM4013391,20
AGGCCACTCGGCGCTA-1_GSM4013391,20
GGATGTTTCGTTTGCC-1_GSM4013391,20
CACTCCAGTCGTTGTA-1_GSM4013391,20
GGGTTGCGTCAATACC-1_GSM4013391,20
AAACCTGGTGTGACGA-1_GSM4013391,20
ACACCGGTCGACGGAA-1_GSM4013391,21
CAGCAGCAGTACGCCC-1_GSM4013391,20
GATCGCGCAGCGTCCA-1_GSM4013391,20
TACAGTGGTGCACGAA-1_GSM4013391,21
TCGCGAGTCAACGAAA-1_GSM4013391,20
GAAGCAGTCCGTACAA-1_GSM4013391,20
CTACCCAGTTACGACT-1_GSM4013391,20
TGACAACAGTAGGCCA-1_GSM4013391,20
TCGCGTTTCCCAGGTG-1_GSM4013391,21
CAGGTGCGTTGTCTTT-1_GSM4013391,20
AGAGTGGTCAAACGGG-1_GSM4013391,3
CAACCAATCTACTCAT-1_GSM4013391,20
CGCTATCTCCCTTGCA-1_GSM4013391,20
TTCGAAGGTAGCGCAA-1_GSM4013391,20
CGATGGCCACTGTTAG-1_GSM4013391,20
CATATTCGTGTAACGG-1_GSM4013391,21
TGTATTCGTTCAGCGC-1_GSM4013391,20
TATCAGGGTACCGGCT-1_GSM4013391,20
CGTAGCGCAAGGGTCA-1_GSM4013391,20
GTCTTCGCAATGAATG-1_GSM4013391,20
GTGCATATCGTGACAT-1_GSM4013391,20
CGTTAGAAGGGTTCCC-1_GSM4013391,20
CATTCGCTCGGTCTAA-1_GSM4013391,20
TGGTTCCAGGGATGGG-1_GSM4013391,21
TCTGAGAGTGTGCCTG-1_GSM4013391,5
TGACTAGTCGTACGGC-1_GSM4013391,21
ACTTACTCAGATGGGT-1_GSM4013391,21
CGTTGGGTCACGCGGT-1_GSM4013391,21
AGGGAGTCAGCTGGCT-1_GSM4013391,21
CGGTTAACAAGTTCTG-1_GSM4013391,20
CGGAGCTCAGTATGCT-1_GSM4013391,20
TGAGGGACACGAGGTA-1_GSM4013391,20
GAGCAGATCAGAAATG-1_GSM4013391,20
AGCAGCCGTGGTACAG-1_GSM4013391,20
CTCGGGACACTCAGGC-1_GSM4013391,4
GTTTCTAGTGAGGGTT-1_GSM4013391,21
CTTAACTCAAAGTGCG-1_GSM4013391,20
ATCTGCCTCGTCTGAA-1_GSM4013391,21
TCATTTGCAGATGGCA-1_GSM4013391,20
GCAGCCAGTGAGTGAC-1_GSM4013391,20
CTCTACGCAATGGAGC-1_GSM4013391,12
GTGCTTCAGTAAGTAC-1_GSM4013391,20
ACCCACTTCTTCAACT-1_GSM4013391,21
GGGACCTCAGGAATCG-1_GSM4013391,20
TATCAGGGTTAAGACA-1_GSM4013391,21
TGACAACAGGCAGGTT-1_GSM4013391,20
GGCGACTGTTGGGACA-1_GSM4013391,20
TCGGTAAAGTGGTAGC-1_GSM4013391,21
AGTGTCATCCTTGACC-1_GSM4013391,20
GTAGGCCAGAATTGTG-1_GSM4013391,5
CATCAAGAGGAGTACC-1_GSM4013391,20
GGTGTTAGTCATCGGC-1_GSM4013391,21
CACAGTACAATCTACG-1_GSM4013391,20
TCTTCGGAGATGTAAC-1_GSM4013391,20
CGCGTTTCACCAGGTC-1_GSM4013391,20
TATTACCGTAGCGTCC-1_GSM4013391,20
TACAGTGCAGTCAGAG-1_GSM4013391,20
CGTCCATGTCTAAACC-1_GSM4013391,20
CGTGAGCTCCTATTCA-1_GSM4013391,20
GGAGCAACAGTCCTTC-1_GSM4013391,20
GTACTCCCATCCGGGT-1_GSM4013391,20
TTGGCAATCACAGGCC-1_GSM4013391,21
GACAGAGAGCACGCCT-1_GSM4013391,20
GAACCTAGTACAGCAG-1_GSM4013391,23
CCATTCGAGAGACGAA-1_GSM4013391,20
TTATGCTTCATCGATG-1_GSM4013391,20
CGTAGCGGTCAGTGGA-1_GSM4013391,20
AGGCCGTTCGCGCCAA-1_GSM4013391,20
CGCGTTTCATCACAAC-1_GSM4013391,20
TTTGGTTGTAGGAGTC-1_GSM4013391,20
CACACAAAGGCTCATT-1_GSM4013391,20
GTGCTTCCAATAACGA-1_GSM4013391,12
GTCACAAAGACTTTCG-1_GSM4013391,20
GATCGCGAGAGTACAT-1_GSM4013391,20
GTGGGTCTCTTCGAGA-1_GSM4013391,20
ACGCCGATCACAGTAC-1_GSM4013391,20
CGTCAGGTCTTGTACT-1_GSM4013391,20
TTTGCGCCAGGTCCAC-1_GSM4013391,8
ACATCAGCATGGGAAC-1_GSM4013391,5
ACTTGTTGTTCCATGA-1_GSM4013391,20
GAATGAAAGTTGTAGA-1_GSM4013391,21
TGTTCCGTCATTGCCC-1_GSM4013391,20
CTGCCTAGTTCGCGAC-1_GSM4013391,9
TGCCAAAAGTATCGAA-1_GSM4013391,20
TTAACTCAGTGCGATG-1_GSM4013391,20
TGAGAGGTCAAACCGT-1_GSM4013391,21
CTTAACTTCAACGGCC-1_GSM4013391,20
TCTTCGGTCCCTCAGT-1_GSM4013391,21
GCAGTTAAGTGAACGC-1_GSM4013391,20
CTAACTTAGTGCCATT-1_GSM4013391,20
TAGTTGGTCAAGGTAA-1_GSM4013391,12
GACGTGCGTTCTGAAC-1_GSM4013391,21
CGTGAGCCAGGAACGT-1_GSM4013391,20
ACTTTCACAAACGTGG-1_GSM4013391,20
CAGCATAGTCTGCGGT-1_GSM4013391,20
ACGCAGCGTAGAGGAA-1_GSM4013391,20
AGTGTCACATGAGCGA-1_GSM4013391,21
GGCAATTGTGTATGGG-1_GSM4013391,20
GTGGGTCCAAGCGTAG-1_GSM4013391,20
TCGAGGCGTTGATTGC-1_GSM4013391,20
AGCGTCGTCACCACCT-1_GSM4013391,20
AGTGAGGCATCTCGCT-1_GSM4013391,20
TCACGAACAAGACGTG-1_GSM4013391,20
TGGTTCCAGCGATCCC-1_GSM4013391,20
TTCTCAATCAATAAGG-1_GSM4013391,20
ACGAGCCTCCTCCTAG-1_GSM4013391,9
ATCTGCCAGGCACATG-1_GSM4013391,20
CCTTCGAAGGATGGTC-1_GSM4013391,20
GACAGAGAGTCCATAC-1_GSM4013391,20
TGACTAGGTAGCGCTC-1_GSM4013391,21
AAACCTGAGATGTTAG-1_GSM4013391,20
GTGCTTCAGCCACGTC-1_GSM4013391,20
ACGGAGATCAGCGATT-1_GSM4013391,9
CGTAGGCGTGTGCCTG-1_GSM4013391,21
CTGAAGTGTTATTCTC-1_GSM4013391,5
TGAGAGGGTAGGGACT-1_GSM4013391,21
ACACCGGGTTTAAGCC-1_GSM4013391,5
GCAGTTACATACGCCG-1_GSM4013391,21
AGAGTGGAGGAGTTGC-1_GSM4013391,21
GACGCGTCAACACCTA-1_GSM4013391,20
GGATGTTGTGCTAGCC-1_GSM4013391,3
ACGATGTCATCACAAC-1_GSM4013391,20
CCTCTGAAGTGCGATG-1_GSM4013391,21
TTAGGCACAGTTTACG-1_GSM4013391,20
ACACCCTGTACAGTTC-1_GSM4013391,21
GGGTCTGGTCATGCCG-1_GSM4013391,20
GTGCGGTAGGATGCGT-1_GSM4013391,20
CTCGTACAGCTAGTGG-1_GSM4013391,20
TGACTTTAGGCTAGAC-1_GSM4013391,12
CGTTGGGAGCGTCAAG-1_GSM4013391,12
AGCTCTCAGCTAGTCT-1_GSM4013391,21
GCCTCTAAGTGCCAGA-1_GSM4013391,21
TATCAGGGTGCGGTAA-1_GSM4013391,20
CAAGATCGTATAGGGC-1_GSM4013391,21
CTGTTTATCAACACCA-1_GSM4013391,20
GGTGCGTGTCCAACTA-1_GSM4013391,20
CGCTGGAAGAGTAAGG-1_GSM4013391,20
TCTGAGAAGCCACCTG-1_GSM4013391,20
CTCGGGAAGCCCTAAT-1_GSM4013391,20
ACGATGTCATCCTTGC-1_GSM4013391,20
GTACTCCTCTCAAACG-1_GSM4013391,20
CTTCTCTCAGATCTGT-1_GSM4013391,5
ACTGCTCGTCACCTAA-1_GSM4013391,10
AAGACCTCATCTCGCT-1_GSM4013391,21
TCAATCTTCAGAAATG-1_GSM4013391,12
GCACATATCGCTAGCG-1_GSM4013391,12
GATCGCGGTACAGCAG-1_GSM4013391,21
CAACTAGAGATAGGAG-1_GSM4013391,12
GACCTGGTCACAGGCC-1_GSM4013391,20
TAGCCGGCAAGCGTAG-1_GSM4013391,5
GTCTCGTGTCTAGTGT-1_GSM4013391,20
ATTCTACGTCAAGCGA-1_GSM4013391,20
CTCTAATGTTAGTGGG-1_GSM4013391,21
CCATGTCTCTGTCTAT-1_GSM4013391,7
TTAACTCAGCCCAGCT-1_GSM4013391,20
TGCGCAGAGCGATAGC-1_GSM4013391,20
AGCTCTCGTTGTGGCC-1_GSM4013391,12
GATGAGGAGCGAAGGG-1_GSM4013391,12
GCGGGTTAGATGCCAG-1_GSM4013391,20
CGAACATGTGTGACCC-1_GSM4013391,20
CACATAGCACGACTCG-1_GSM4013391,10
GCATGATCAAACTGCT-1_GSM4013391,20
GTTTCTATCAGTACGT-1_GSM4013391,21
CTGCTGTGTTCGCTAA-1_GSM4013391,21
CTCTACGAGATCCGAG-1_GSM4013391,20
AGGTCATGTCACAAGG-1_GSM4013391,20
GTCGTAACATTCCTGC-1_GSM4013391,21
TTCCCAGAGTGGGATC-1_GSM4013391,12
ACGGAGAAGTACGACG-1_GSM4013391,21
AGGCCACTCAGCTGGC-1_GSM4013391,21
CCAGCGACAAGTTAAG-1_GSM4013391,20
AAAGATGAGTACGCGA-1_GSM4013391,20
ATTTCTGAGTGACTCT-1_GSM4013391,6
CTTACCGCATTGTGCA-1_GSM4013391,21
TACACGAAGTACGCGA-1_GSM4013391,20
CACACAATCCGAGCCA-1_GSM4013391,21
GGATTACGTCGCGTGT-1_GSM4013391,20
GACGTTATCATCGATG-1_GSM4013391,21
TGACAACGTCATTAGC-1_GSM4013391,21
CGTAGGCTCGCGTAGC-1_GSM4013391,20
AAATGCCCATTGGGCC-1_GSM4013391,20
CAGATCAAGGCTCTTA-1_GSM4013391,20
TCAATCTGTCTTGCGG-1_GSM4013391,12
TTAACTCTCCTTTCGG-1_GSM4013391,17
CACACTCCATATGGTC-1_GSM4013391,20
ACGTCAATCCTTTACA-1_GSM4013391,12
CCTAGCTGTTAGTGGG-1_GSM4013391,21
ATCTGCCTCAGGCAAG-1_GSM4013391,21
CGCGTTTAGGAATCGC-1_GSM4013391,21
CATGACAAGCAGCCTC-1_GSM4013391,20
CGCGGTAAGGCCGAAT-1_GSM4013391,20
ACGGCCACATCTCGCT-1_GSM4013391,20
CTCGGAGAGGCATGTG-1_GSM4013391,20
GATGAGGCAGAGTGTG-1_GSM4013391,21
CTACCCAGTAGCGCAA-1_GSM4013391,21
GCTTGAACAAAGCAAT-1_GSM4013391,12
TACTTACCACTTAACG-1_GSM4013391,20
GACCAATTCAAGGCTT-1_GSM4013391,20
TCGGTAAGTAAGTTCC-1_GSM4013391,20
TTGCCGTCAGATCGGA-1_GSM4013391,20
TGTATTCCATCCTTGC-1_GSM4013391,20
ATTACTCGTCCAACTA-1_GSM4013391,9
GTCAAGTAGGTTACCT-1_GSM4013391,20
CCAGCGAAGTTGCAGG-1_GSM4013391,21
AACTCAGCATACCATG-1_GSM4013391,20
GTCATTTTCCCGACTT-1_GSM4013391,8
GTATTCTCATTCCTGC-1_GSM4013391,21
GACGTTATCACCATAG-1_GSM4013391,20
ACGGGCTAGACAGACC-1_GSM4013391,12
TCGCGAGTCACGATGT-1_GSM4013391,12
CGTCAGGCAATAACGA-1_GSM4013391,20
CACATAGAGTCCATAC-1_GSM4013391,20
GTGCTTCGTTAGAACA-1_GSM4013391,12
ATGCGATTCGCGTAGC-1_GSM4013391,21
TTAGGCAAGTCCGGTC-1_GSM4013391,5
GGAACTTGTCGTCTTC-1_GSM4013391,20
CCGGTAGGTTTGTGTG-1_GSM4013391,20
TGGTTAGGTTCTGGTA-1_GSM4013391,20
CGTCACTGTGTTCTTT-1_GSM4013391,20
CCCAATCTCATAACCG-1_GSM4013391,20
GTGTTAGTCACCCGAG-1_GSM4013391,1
ACGTCAAGTAGAAGGA-1_GSM4013391,20
GGCAATTTCTCCCTGA-1_GSM4013391,21
CTACCCATCGGAAATA-1_GSM4013391,5
CACATAGAGATATGGT-1_GSM4013391,21
CCGTACTTCATAACCG-1_GSM4013391,20
AAGCCGCTCTACCTGC-1_GSM4013391,21
CGAATGTGTACAAGTA-1_GSM4013391,20
ACTTGTTGTCAATACC-1_GSM4013391,21
TGGGCGTGTACCGCTG-1_GSM4013391,10
GCATGTAAGCAGCGTA-1_GSM4013391,20
CTTTGCGGTCCAGTAT-1_GSM4013391,10
GGGAGATGTTGTGGCC-1_GSM4013391,20
AACTCCCTCACAGGCC-1_GSM4013391,20
ACGATACGTTCTGGTA-1_GSM4013391,20
CTAAGACAGTAGCGGT-1_GSM4013391,12
CTCATTACAAGTCTAC-1_GSM4013391,20
GTAACGTAGACAAAGG-1_GSM4013391,10
CGAGAAGTCGGAAACG-1_GSM4013391,21
GGACAAGGTTGTGGCC-1_GSM4013391,20
CTACATTTCGCAAGCC-1_GSM4013391,17
CATGCCTGTCGGATCC-1_GSM4013391,21
ATCTGCCCAATGAAAC-1_GSM4013391,20
TATTACCAGCTGAACG-1_GSM4013391,20
CGTCACTCACAACGTT-1_GSM4013391,21
GTATTCTCACAGGTTT-1_GSM4013391,20
GTCGGGTAGGCTCATT-1_GSM4013391,21
CTAGTGACACGGCCAT-1_GSM4013391,21
TTGCCGTCATCTACGA-1_GSM4013391,12
GTCACAAAGGTCGGAT-1_GSM4013391,20
TACCTTATCCCTAACC-1_GSM4013391,20
GCATACACAGCGTCCA-1_GSM4013391,20
CGAATGTTCGTGTAGT-1_GSM4013391,23
AACCATGAGGAGTCTG-1_GSM4013391,21
GATCAGTGTTCGGCAC-1_GSM4013391,20
AGCTCTCTCCAGAAGG-1_GSM4013391,20
TAAACCGCACTGCCAG-1_GSM4013391,21
GAATAAGTCTGTTGAG-1_GSM4013391,12
AAAGATGTCATGTGGT-1_GSM4013391,20
ATCGAGTCATAACCTG-1_GSM4013391,20
TGCGTGGGTCCGACGT-1_GSM4013391,20
TTATGCTGTCATTAGC-1_GSM4013391,20
AGCCTAATCAAAGACA-1_GSM4013391,21
CCTAGCTCACACCGCA-1_GSM4013391,5
CTGCCTAGTTACCAGT-1_GSM4013391,17
CATTCGCCACCGCTAG-1_GSM4013391,20
CATTATCCAGCTGCTG-1_GSM4013391,20
TCAGCAATCTAACTGG-1_GSM4013391,20
TCAGATGCAATAGCGG-1_GSM4013391,9
GTGTTAGAGCCACGTC-1_GSM4013391,20
ATCTGCCTCCGTCAAA-1_GSM4013391,21
CAGCTAACATTGAGCT-1_GSM4013391,20
CAGCGACGTAAATGTG-1_GSM4013391,21
CTCGAAAAGCCTCGTG-1_GSM4013391,21
AGCATACAGCTAGTCT-1_GSM4013391,20
CATTCGCGTTACCGAT-1_GSM4013391,21
ACCTTTAAGGGATACC-1_GSM4013391,1
GCTCCTATCCGAGCCA-1_GSM4013391,17
TGACAACCATTATCTC-1_GSM4013391,20
AGAGTGGGTACAGACG-1_GSM4013391,20
CTCCTAGAGTGCTGCC-1_GSM4013391,21
AGCGTATTCAAACCGT-1_GSM4013391,20
TTCTCAACAGATCGGA-1_GSM4013391,20
TAGTTGGCATGCCTTC-1_GSM4013391,1
TACTCGCTCATTGCCC-1_GSM4013391,21
AAGCCGCCACCCTATC-1_GSM4013391,8
GTCAAGTGTCAAGCGA-1_GSM4013391,6
CAGAGAGGTTACAGAA-1_GSM4013391,20
TCCCGATAGGTAGCTG-1_GSM4013391,20
AAGACCTCATCCGGGT-1_GSM4013391,20
TGCGGGTTCTAACTTC-1_GSM4013391,20
TCAGCAAAGACAATAC-1_GSM4013391,21
CCTAGCTGTAGCAAAT-1_GSM4013391,20
CAAGAAACAGCTGCTG-1_GSM4013391,20
CTGAAGTCATGCAACT-1_GSM4013391,5
GCTGCGATCAGGTAAA-1_GSM4013391,20
AGAATAGAGAGTAATC-1_GSM4013391,8
CGTCACTAGAGACTTA-1_GSM4013391,20
GTCACAATCAATAAGG-1_GSM4013391,20
ATTATCCCAACACGCC-1_GSM4013391,21
CCACTACCAATTGCTG-1_GSM4013391,20
TTCCCAGTCAAGGCTT-1_GSM4013391,20
GGAATAAGTCTTCGTC-1_GSM4013391,20
CACACTCGTAGGGTAC-1_GSM4013391,20
TCTCTAATCAACACCA-1_GSM4013391,20
CGACTTCCAGCGAACA-1_GSM4013391,10
TGATTTCGTCAGAAGC-1_GSM4013391,21
AACTCTTTCGCTTGTC-1_GSM4013391,17
GGCTGGTGTTCGTTGA-1_GSM4013391,20
GACACGCAGTTGTCGT-1_GSM4013391,20
ACTGCTCTCACCACCT-1_GSM4013391,5
AAGGCAGAGGTGTTAA-1_GSM4013391,9
GGAATAAGTAGCTTGT-1_GSM4013391,20
AAAGATGTCAGCGACC-1_GSM4013391,20
GGTGCGTAGATAGTCA-1_GSM4013391,20
TACTCATGTGCACGAA-1_GSM4013391,20
CACAGGCAGACTAGAT-1_GSM4013391,21
TCAGCAAGTAGCCTAT-1_GSM4013391,21
GCGCAACCACCTATCC-1_GSM4013391,21
AGGCCACGTTTGACAC-1_GSM4013391,21
TCGCGTTTCCACGAAT-1_GSM4013391,5
ATTATCCCAATAAGCA-1_GSM4013391,20
ATTCTACTCCTTGGTC-1_GSM4013391,17
ATTGGACGTCGGCACT-1_GSM4013391,20
CTCCTAGGTTCCGTCT-1_GSM4013391,20
CCTTTCTCAAGACACG-1_GSM4013391,21
AGGCCACTCGTAGGTT-1_GSM4013391,20
ATGGGAGCAATCTACG-1_GSM4013391,20
AGATTGCCAGTTCATG-1_GSM4013391,21
TCACGAAGTCACTTCC-1_GSM4013391,20
GTCGTAATCTTTCCTC-1_GSM4013391,20
TAGTTGGAGTGGGTTG-1_GSM4013391,20
CGAATGTGTCAATACC-1_GSM4013391,10
GACAGAGAGTGTGAAT-1_GSM4013391,21
CTTACCGGTACCAGTT-1_GSM4013391,20
TGCTGCTTCTGAGGGA-1_GSM4013391,20
GCCTCTACACAGAGGT-1_GSM4013391,21
TGACTTTCACGGTAAG-1_GSM4013391,12
TCGCGAGCAATGGATA-1_GSM4013391,21
CACCTTGGTCGAGTTT-1_GSM4013391,21
TCCCGATAGCCACGCT-1_GSM4013391,20
TACTCGCCAATGTAAG-1_GSM4013391,9
CTGAAGTAGCGTTGCC-1_GSM4013391,20
TCACGAAAGCAATATG-1_GSM4013391,6
CAACCTCTCGTGGTCG-1_GSM4013391,20
GTCTTCGTCTCCCTGA-1_GSM4013391,3
ACGATACTCGCGTTTC-1_GSM4013391,5
TCGAGGCCAGCGTTCG-1_GSM4013391,14
GGCGTGTTCGTACGGC-1_GSM4013391,20
AGTCTTTCATCGGGTC-1_GSM4013391,21
AACTCCCAGTTAAGTG-1_GSM4013391,20
AGAATAGTCCTAGGGC-1_GSM4013391,21
ATTACTCGTAGCTAAA-1_GSM4013391,14
GGGTCTGCATCCAACA-1_GSM4013391,20
ACTGATGCACAAGTAA-1_GSM4013391,21
GTGTTAGAGTACGCCC-1_GSM4013391,9
TCAGATGGTCCTCCAT-1_GSM4013391,6
GACCTGGAGAGTCTGG-1_GSM4013391,20
ACTATCTGTTATCCGA-1_GSM4013391,12
TAGACCATCCGGCACA-1_GSM4013391,6
GTGAAGGCAGTATAAG-1_GSM4013391,20
CCCATACGTGGCTCCA-1_GSM4013391,17
GTGTTAGGTCTCTTAT-1_GSM4013391,21
ACAGCCGTCGCCATAA-1_GSM4013391,20
TCCACACAGACAGACC-1_GSM4013391,10
TAGTGGTCAATCTGCA-1_GSM4013391,21
CACATAGCAGGGCATA-1_GSM4013391,9
CTGAAACAGGTCATCT-1_GSM4013391,20
GTCGTAACATTGGCGC-1_GSM4013391,20
AGAGTGGTCTCTGTCG-1_GSM4013391,6
ATCCGAAGTATTCGTG-1_GSM4013391,17
ACATACGCATACTCTT-1_GSM4013391,12
TACGGTATCATATCGG-1_GSM4013391,8
GGCTGGTGTTCTGAAC-1_GSM4013391,10
GTCCTCATCCTAGAAC-1_GSM4013391,21
CCCAGTTTCCAAGTAC-1_GSM4013391,12
ACGTCAACACCATGTA-1_GSM4013391,21
GGACAAGGTAAATGTG-1_GSM4013391,14
GCCTCTAAGTCCGGTC-1_GSM4013391,20
CATATGGTCTGGTTCC-1_GSM4013391,1
CTAGCCTTCGGGAGTA-1_GSM4013391,21
ACATGGTGTGAGGGAG-1_GSM4013391,20
TGCTACCCAAGGACAC-1_GSM4013391,17
ACGATGTAGGTAGCTG-1_GSM4013391,9
AGCTCCTCAAGGCTCC-1_GSM4013391,8
GACAGAGCACCCAGTG-1_GSM4013391,10
GCTGGGTGTTGAACTC-1_GSM4013391,9
GACAGAGAGCGCTCCA-1_GSM4013391,17
ACTGATGCATATGAGA-1_GSM4013391,5
GGTGTTACAGCTTCGG-1_GSM4013391,20
GCAGCCATCATCGGAT-1_GSM4013391,21
CAGTCCTTCAGCATGT-1_GSM4013391,21
CGTCAGGCATGCGCAC-1_GSM4013391,20
GATCTAGCATGTTGAC-1_GSM4013391,6
GCTGGGTAGGTAGCTG-1_GSM4013391,17
CAAGATCCAAAGCAAT-1_GSM4013391,20
ATTTCTGCAGTGGAGT-1_GSM4013391,20
GCTGCTTAGGAGTTTA-1_GSM4013391,21
ACGCAGCGTTCCCGAG-1_GSM4013391,20
TAGTTGGTCTGCGTAA-1_GSM4013391,8
GTTCGGGAGGTGCAAC-1_GSM4013391,20
CTGAAGTAGAGCCCAA-1_GSM4013391,10
CAGCCGACACTTAACG-1_GSM4013391,20
CTTGGCTTCATTCACT-1_GSM4013391,10
TTGCGTCGTGCTAGCC-1_GSM4013391,21
CGGACTGCACGCGAAA-1_GSM4013391,21
GGCGTGTAGTCGCCGT-1_GSM4013391,20
TCACAAGAGACAATAC-1_GSM4013391,20
CAGAGAGGTCAACATC-1_GSM4013391,21
CACACCTGTAATCACC-1_GSM4013391,9
TTGGAACTCAACACAC-1_GSM4013391,21
GATCTAGCAACTGCTA-1_GSM4013391,21
GAAGCAGGTCGAACAG-1_GSM4013391,21
GTATTCTGTAGAGTGC-1_GSM4013391,21
TTAACTCTCTCCGGTT-1_GSM4013391,21
ACATGGTCATCTCCCA-1_GSM4013391,17
CATCAAGAGACTTGAA-1_GSM4013391,12
CTTAACTTCTCATTCA-1_GSM4013391,8
CCTTCCCGTTTACTCT-1_GSM4013391,17
TGCACCTCAGTTAACC-1_GSM4013391,17
ACACTGAAGGGATGGG-1_GSM4013391,14
GCTGGGTTCTAACGGT-1_GSM4013391,5
GCGCAACGTTTACTCT-1_GSM4013391,9
CTACCCATCAGTTTGG-1_GSM4013391,12
ACTTGTTAGTAACCCT-1_GSM4013391,17
CGATGGCTCCATGAGT-1_GSM4013391,20
CCTCTGAGTTAGATGA-1_GSM4013391,20
GGAATAAGTTCGCGAC-1_GSM4013391,21
GAAGCAGAGCCAGGAT-1_GSM4013391,20
ATCTGCCTCATTATCC-1_GSM4013391,8
CGTGAGCAGCGGCTTC-1_GSM4013391,21
AACTTTCAGGGAGTAA-1_GSM4013391,5
TACCTTATCACGACTA-1_GSM4013391,12
GTGCATAGTAGCCTCG-1_GSM4013391,10
GGGCACTAGCGCCTTG-1_GSM4013391,20
TACTTACGTTGGGACA-1_GSM4013391,10
TAAGCGTGTCTAACGT-1_GSM4013391,12
GCGACCACAGATAATG-1_GSM4013391,20
GATCGCGTCATTCACT-1_GSM4013391,1
CGACTTCGTTCGCGAC-1_GSM4013391,5
GGCTCGACACCAACCG-1_GSM4013391,21
TTCCCAGGTGCCTGGT-1_GSM4013391,17
ACTGATGAGTCCTCCT-1_GSM4013391,17
GGAAAGCTCAAACAAG-1_GSM4013391,21
CATCGAAGTCCGAAGA-1_GSM4013391,20
GCTGCGATCCGCGGTA-1_GSM4013391,17
CGGACACTCTGAGGGA-1_GSM4013391,12
CACACAAGTCTCGTTC-1_GSM4013391,17
AATCGGTGTGATGCCC-1_GSM4013391,20
TTGAACGGTCCAACTA-1_GSM4013391,20
GACGCGTAGGTGCAAC-1_GSM4013391,12
CGGTTAACACAAGTAA-1_GSM4013391,17
AAACGGGGTTCCCTTG-1_GSM4013391,8
TCAGATGTCGACCAGC-1_GSM4013391,17
TGCGGGTGTTTGTTTC-1_GSM4013391,21
CGATGGCCAGATGGCA-1_GSM4013391,12
CCCATACGTCAGTGGA-1_GSM4013391,6
TTCTTAGGTCCTCTTG-1_GSM4013391,17
GACGGCTTCTATCGCC-1_GSM4013391,17
CGTAGGCTCAGCTCTC-1_GSM4013391,21
GAAGCAGCAATTGCTG-1_GSM4013391,21
ACTGTCCTCTAACTGG-1_GSM4013391,20
AGATTGCGTCAGAATA-1_GSM4013391,17
TGAGCCGGTTTAGCTG-1_GSM4013391,21
GACTACAGTTCGTGAT-1_GSM4013391,6
GTGCATACACGGATAG-1_GSM4013391,20
TACTCGCCAGTTCCCT-1_GSM4013391,21
TATCTCAAGCTGTTCA-1_GSM4013391,20
AGCGTATGTAAACGCG-1_GSM4013391,20
ACATGGTCAGTAGAGC-1_GSM4013391,20
GGGCACTTCAACGGCC-1_GSM4013391,21
CGGACACAGTACGCGA-1_GSM4013391,17
AGAGTGGTCCAGGGCT-1_GSM4013391,21
GTCACAACACTGTCGG-1_GSM4013391,9
GACGTGCTCGTCTGCT-1_GSM4013391,10
AAACCTGCACCGCTAG-1_GSM4013391,21
CTTTGCGTCAAAGTAG-1_GSM4013391,21
CGGAGTCAGGAGTCTG-1_GSM4013391,9
CCATGTCTCAGAGGTG-1_GSM4013391,17
CCGGGATCATCACGTA-1_GSM4013391,9
CTACGTCAGCGTGTCC-1_GSM4013391,21
CCCTCCTAGGATGTAT-1_GSM4013391,8
GGGTTGCTCCGCGTTT-1_GSM4013391,17
CAACCTCGTATCGCAT-1_GSM4013391,14
AGGTCCGTCCTAGGGC-1_GSM4013391,9
GAGGTGAGTCTAAACC-1_GSM4013391,8
TTAACTCAGCAGACTG-1_GSM4013391,9
TGAGCCGGTGTTTGTG-1_GSM4013391,21
CATCAGACATCATCCC-1_GSM4013391,9
TCGAGGCTCAGTTCGA-1_GSM4013391,12
CGAATGTAGGCTCAGA-1_GSM4013391,8
AACTCAGTCTTGGGTA-1_GSM4013391,21
CTCCTAGCATGACATC-1_GSM4013391,10
GTCACAATCCTATGTT-1_GSM4013391,20
GACGTTATCCTGCTTG-1_GSM4013391,20
CACACAATCAGCTGGC-1_GSM4013391,17
TGGCGCAAGGCTCAGA-1_GSM4013391,5
GCCTCTAAGTATTGGA-1_GSM4013391,21
ACGAGGAGTACTTGAC-1_GSM4013391,17
GGATTACAGTGAATTG-1_GSM4013391,21
CCATGTCGTCTCTTAT-1_GSM4013391,17
AGATTGCTCAGTCAGT-1_GSM4013391,8
CATTATCAGGTCGGAT-1_GSM4013391,21
AGGGTGAGTCAGAATA-1_GSM4013391,17
CCGGGATGTCAGATAA-1_GSM4013391,20
AACTCCCTCATGCATG-1_GSM4013391,21
TGTTCCGGTAAATACG-1_GSM4013391,17
AGTAGTCGTCTAGCGC-1_GSM4013391,17
GGACAGATCTGTCCGT-1_GSM4013391,21
TGAGCATTCATGTCCC-1_GSM4013391,9
ACGATACTCTACGAGT-1_GSM4013391,20
GATCGTAAGGTAAACT-1_GSM4013391,20
CCGTGGAGTGGTAACG-1_GSM4013391,9
CCACGGATCGGATGGA-1_GSM4013391,21
GGGACCTGTCTAGTCA-1_GSM4013391,9
AGGGAGTGTCCGCTGA-1_GSM4013391,21
CGTTCTGGTTATGTGC-1_GSM4013391,17
TCAACGAGTCTCGTTC-1_GSM4013391,12
GGCCGATAGTCTTGCA-1_GSM4013391,1
AAATGCCGTCCTCCAT-1_GSM4013391,14
CCACTACGTGTGACCC-1_GSM4013391,10
CACACAATCCATTCTA-1_GSM4013391,17
ACGCAGCGTACAGACG-1_GSM4013391,10
GGATGTTTCATACGGT-1_GSM4013391,21
TTCGGTCGTCAAAGCG-1_GSM4013391,20
CGAGCCAGTCCAGTGC-1_GSM4013391,10
TTCTACAAGCCGATTT-1_GSM4013391,21
GACGCGTTCAAACCAC-1_GSM4013391,17
TTTGGTTGTTAGGGTG-1_GSM4013391,20
TGAGAGGGTCCGTCAG-1_GSM4013391,1
CCACCTACAATTGCTG-1_GSM4013391,8
TTGGAACGTGGTACAG-1_GSM4013391,21
CAGCTAACATCCGTGG-1_GSM4013391,21
TTTGGTTCAAGCTGTT-1_GSM4013391,17
TCAATCTCAGACGCCT-1_GSM4013391,9
CTTAACTGTCAGGACA-1_GSM4013391,20
TTAACTCAGAGGGATA-1_GSM4013391,20
CCTAGCTCACCACCAG-1_GSM4013391,21
CTCGAGGGTATAAACG-1_GSM4013391,17
GGACATTGTCTAGAGG-1_GSM4013391,17
AGGGTGAGTTGATTGC-1_GSM4013391,21
TTGCGTCAGTGCCAGA-1_GSM4013391,17
GCAATCACAAGCTGAG-1_GSM4013391,9
ATCATGGCAGACGTAG-1_GSM4013391,8
GCATACATCCTTAATC-1_GSM4013391,10
CTTTGCGCAATCCGAT-1_GSM4013391,17
AAGACCTAGCCCAATT-1_GSM4013391,6
TCGGTAACAGATTGCT-1_GSM4013391,12
TCTTTCCTCCTTGACC-1_GSM4013391,17
TCACGAACAGTTAACC-1_GSM4013391,17
GATCGCGCAGGTCTCG-1_GSM4013391,20
GTAACTGTCGGAGGTA-1_GSM4013391,21
GATCGTAGTCGACTGC-1_GSM4013391,21
AGCGTATTCTACGAGT-1_GSM4013391,21
AGCATACCAAGAGTCG-1_GSM4013391,17
AATCGGTGTAATAGCA-1_GSM4013391,9
TAGTTGGAGTACGTAA-1_GSM4013391,1
CAAGGCCTCTATCCCG-1_GSM4013391,17
AGGCCGTGTTAAGATG-1_GSM4013391,1
CCTACACGTACTTGAC-1_GSM4013391,17
AGCTCCTCATGGAATA-1_GSM4013391,21
AAGGCAGAGCTGAACG-1_GSM4013391,17
CGACCTTTCTTGTATC-1_GSM4013391,21
ACGATGTTCAACGGCC-1_GSM4013391,9
CGTTGGGAGCCAACAG-1_GSM4013391,17
TCTCTAAAGACCTTTG-1_GSM4013391,9
GGAAAGCTCCGTCATC-1_GSM4013391,17
GTTACAGTCACCGTAA-1_GSM4013391,17
CCACCTATCCTTGCCA-1_GSM4013391,17
CATGGCGGTAGGACAC-1_GSM4013391,17
ACTTGTTGTTGGTAAA-1_GSM4013391,17
CGATGTACAAGCTGGA-1_GSM4013391,8
CGTGAGCCATTTGCCC-1_GSM4013391,12
AGAATAGAGGCTCATT-1_GSM4013391,5
CCTAAAGAGGCCCGTT-1_GSM4013391,17
TTAACTCAGAGCAATT-1_GSM4013391,5
CGTTCTGAGTACATGA-1_GSM4013391,10
AAGGCAGAGTGGGATC-1_GSM4013391,9
GCGCAACAGGTAGCCA-1_GSM4013391,9
CTTCTCTTCTGGCGAC-1_GSM4013391,20
GTCACAAGTACCGAGA-1_GSM4013391,6
CCGTTCATCTCCAACC-1_GSM4013391,12
GAACATCTCTGGTATG-1_GSM4013391,9
GGGACCTGTGGTAACG-1_GSM4013391,17
TACGGATTCTTGGGTA-1_GSM4013391,3
CGAACATGTCTCAACA-1_GSM4013391,17
CGAGCACCAACGCACC-1_GSM4013391,21
GGAAAGCCAAGCCTAT-1_GSM4013391,17
CTCGTCAAGAAACCAT-1_GSM4013391,9
CTAGAGTGTTAAGACA-1_GSM4013391,17
TCGTAGAGTACGACCC-1_GSM4013391,4
GATGAGGTCCAACCAA-1_GSM4013391,21
GCAAACTTCTAACTCT-1_GSM4013391,21
CGGACACCAATCCAAC-1_GSM4013391,17
AGGGTGACATGGGAAC-1_GSM4013391,17
CCTAAAGTCTCTTGAT-1_GSM4013391,17
CTGCGGACAACAACCT-1_GSM4013391,21
CTACCCAAGGGATCTG-1_GSM4013391,17
AAGCCGCGTCATCGGC-1_GSM4013391,21
TTCTCCTAGCTAACTC-1_GSM4013391,17
TACCTATCAAAGTCAA-1_GSM4013391,17
AGATTGCGTCTCCCTA-1_GSM4013391,17
AGGGAGTCAAACCTAC-1_GSM4013391,17
CTGGTCTAGGAGCGAG-1_GSM4013391,17
AAAGATGAGAAACCTA-1_GSM4013391,17
TTTCCTCGTCTAGAGG-1_GSM4013391,17
CGGACTGAGGGATACC-1_GSM4013391,21
ATGCGATTCTGTACGA-1_GSM4013391,17
GAATGAAGTCATACTG-1_GSM4013391,10
TTTGCGCGTGTGACGA-1_GSM4013391,17
TTTCCTCCAACCGCCA-1_GSM4013391,17
CGATGTATCTTTACGT-1_GSM4013391,17
CATGGCGGTCAGATAA-1_GSM4013391,21
CTGAAGTCAGGTCCAC-1_GSM4013391,21
CAGAATCTCAACCAAC-1_GSM4013391,17
ATCTACTGTGCTAGCC-1_GSM4013391,21
CAAGGCCGTTACGACT-1_GSM4013391,5
CGATGTAGTACCGAGA-1_GSM4013391,17
CAGAATCGTCGATTGT-1_GSM4013391,21
ACCAGTATCAGAGACG-1_GSM4013391,17
GCTGCGAAGTCTTGCA-1_GSM4013391,21
TCCACACAGAATTCCC-1_GSM4013391,9
TCAGCTCAGCAATATG-1_GSM4013391,1
CTGCGGAAGGCCGAAT-1_GSM4013391,17
CGGCTAGGTCGACTGC-1_GSM4013391,17
GTGTTAGCAGTCGATT-1_GSM4013391,5
CGCTGGAAGTGAACAT-1_GSM4013391,8
GCTCCTATCTCGCATC-1_GSM4013391,21
CAGCGACTCCGTAGGC-1_GSM4013391,20
CTCAGAAAGGCGTACA-1_GSM4013391,17
CACCAGGGTCTAAAGA-1_GSM4013391,21
TATCTCATCGAGCCCA-1_GSM4013391,17
ACACTGAAGATCACGG-1_GSM4013391,17
GATTCAGTCTTGTTTG-1_GSM4013391,17
GTAGTCAAGGAGTAGA-1_GSM4013391,5
CGGACGTGTTCCAACA-1_GSM4013391,17
GAACGGATCACCTCGT-1_GSM4013391,17
AGGGATGTCTACCAGA-1_GSM4013391,8
ACACCAACAGAGCCAA-1_GSM4013391,17
GCGCAACCAGCCAATT-1_GSM4013391,17
TGCCCATCACGAAGCA-1_GSM4013391,17
CATGACAGTACATCCA-1_GSM4013391,16
GTCAAGTAGCTTATCG-1_GSM4013391,20
CGTCCATAGGCACATG-1_GSM4013391,12
AAAGTAGCAGGGTACA-1_GSM4013391,3
TATGCCCGTGTAACGG-1_GSM4013391,17
CCTCTGATCATACGGT-1_GSM4013391,17
CCTTCGAGTGCCTGCA-1_GSM4013391,17
AACACGTAGCCACGCT-1_GSM4013391,8
TACTTGTAGCGTTTAC-1_GSM4013391,9
CCACCTAGTTCGTTGA-1_GSM4013391,16
ATAAGAGGTCATCCCT-1_GSM4013391,17
TCAGCTCCATTGGCGC-1_GSM4013391,21
CACATAGAGTTCGATC-1_GSM4013391,21
ACCCACTAGGTGCACA-1_GSM4013391,9
CATATTCTCGGCTTGG-1_GSM4013391,17
GAGGTGACATGAAGTA-1_GSM4013391,5
GTTCGGGTCAACGCTA-1_GSM4013391,17
TGCTACCTCTTGTATC-1_GSM4013391,9
CCTAAAGAGATCTGAA-1_GSM4013391,17
ACTTTCAGTCGCTTCT-1_GSM4013391,17
TGGGCGTGTCTCTCTG-1_GSM4013391,17
ACATGGTCATGATCCA-1_GSM4013391,17
TGCGGGTAGACATAAC-1_GSM4013391,10
ACGGGCTGTAAGAGAG-1_GSM4013391,17
GCAGTTAAGCGCCTTG-1_GSM4013391,17
GGACGTCCATACTACG-1_GSM4013391,17
CTACCCAAGAGTGAGA-1_GSM4013391,21
AGCTCCTAGAACAATC-1_GSM4013391,17
GCATACACAAACCCAT-1_GSM4013391,20
GGGACCTCATTCCTCG-1_GSM4013391,17
AATCGGTCACACGCTG-1_GSM4013391,10
AACGTTGGTGCTAGCC-1_GSM4013391,17
AGATCTGAGAAAGTGG-1_GSM4013391,1
AGTTGGTTCCCTCAGT-1_GSM4013391,17
TGGTTAGGTGACTACT-1_GSM4013391,10
CAAGTTGTCATGTGGT-1_GSM4013391,9
GAGGTGATCGGATGGA-1_GSM4013391,17
TGAGCATAGCGTAGTG-1_GSM4013391,20
TGACTTTGTTCCACGG-1_GSM4013391,8
TAGACCAGTCGCGAAA-1_GSM4013391,17
ATAGACCAGGATATAC-1_GSM4013391,21
CCATGTCAGCGTTGCC-1_GSM4013391,17
CTCTACGGTGCCTGGT-1_GSM4013391,20
TATGCCCAGAGTCTGG-1_GSM4013391,1
TATCTCAAGAAACCTA-1_GSM4013391,9
TAGGCATAGAGCTGCA-1_GSM4013391,17
CCGGTAGAGAGTCTGG-1_GSM4013391,17
GCTGCGAAGTACGTTC-1_GSM4013391,17
AGAGCGAGTAAACACA-1_GSM4013391,17
ACACCAACACTTAACG-1_GSM4013391,17
CTTGGCTCAAGTACCT-1_GSM4013391,17
GGACGTCAGTGGAGTC-1_GSM4013391,17
AACGTTGAGTGGGATC-1_GSM4013391,17
TGAGCCGCAGGATTGG-1_GSM4013391,8
GCGCCAATCCCTCAGT-1_GSM4013391,17
GGGACCTTCTGTACGA-1_GSM4013391,17
CGAGCACAGCCTATGT-1_GSM4013391,21
GCATGCGAGGATGGAA-1_GSM4013391,21
AGGCCGTAGCTGAAAT-1_GSM4013391,17
GATCGCGGTACAGTGG-1_GSM4013391,9
GCTCTGTGTTACCGAT-1_GSM4013391,21
CTCAGAAGTAGCTCCG-1_GSM4013391,9
AGATCTGCATTAGGCT-1_GSM4013391,10
CTAGCCTCAGGATTGG-1_GSM4013391,21
GGGCATCCATTTGCTT-1_GSM4013391,17
TAGACCAGTACTTGAC-1_GSM4013391,17
TAGCCGGGTTGATTGC-1_GSM4013391,17
TTCGGTCCATGAGCGA-1_GSM4013391,17
GCATGTATCTGGTGTA-1_GSM4013391,3
AAGCCGCCAATGTAAG-1_GSM4013391,17
TCGAGGCGTTGCCTCT-1_GSM4013391,17
ATCCACCAGATGTGTA-1_GSM4013391,21
CTACACCCAGCTTCGG-1_GSM4013391,17
CAGCGACAGACGCAAC-1_GSM4013391,17
ACGGGTCAGTGGAGAA-1_GSM4013391,17
CCATGTCAGAAGGTTT-1_GSM4013391,21
CAGGTGCAGTATGACA-1_GSM4013391,6
GAGTCCGGTATGGTTC-1_GSM4013391,9
AACACGTGTCGACTGC-1_GSM4013391,17
GTTCTCGGTACAGCAG-1_GSM4013391,17
CTCTAATCAAACGCGA-1_GSM4013391,12
TTCGGTCGTTAAGGGC-1_GSM4013391,17
GCTCTGTCACTATCTT-1_GSM4013391,5
TTTACTGCAGTTCATG-1_GSM4013391,10
GTGCATAAGGACCACA-1_GSM4013391,9
TCTCTAAGTTCCAACA-1_GSM4013391,5
CCTATTACAAGTAATG-1_GSM4013391,9
TACCTTAAGTGGAGAA-1_GSM4013391,8
AGCATACGTTGGTTTG-1_GSM4013391,17
CCTATTACAGCTGTTA-1_GSM4013391,21
AGCGGTCGTTGTCGCG-1_GSM4013391,9
CTCGAAAAGCCACTAT-1_GSM4013391,17
GTGCGGTTCACCGGGT-1_GSM4013391,21
GGGAGATAGGTGACCA-1_GSM4013391,17
GCTCTGTTCAAACGGG-1_GSM4013391,9
TGGTTCCGTTAAGGGC-1_GSM4013391,21
CGGAGTCAGGTACTCT-1_GSM4013391,5
TTGCCGTTCACCCGAG-1_GSM4013391,9
CTTTGCGCACAAGTAA-1_GSM4013391,9
AGGGATGGTAGCGCTC-1_GSM4013391,17
TTAACTCAGCGATAGC-1_GSM4013391,17
TGGCTGGCACGAAGCA-1_GSM4013391,17
ACTGCTCGTATAGGTA-1_GSM4013391,1
CCGGGATCACATCCGG-1_GSM4013391,17
CCTACACTCATGTCTT-1_GSM4013391,17
GGGAGATTCAGCTGGC-1_GSM4013391,12
AGGGTGACATCTCCCA-1_GSM4013391,17
GGGCATCCAGCCACCA-1_GSM4013391,1
CAACTAGCATTGGTAC-1_GSM4013391,20
CAGAGAGCACACCGCA-1_GSM4013391,5
TGGCGCATCAGTACGT-1_GSM4013391,9
AGATCTGGTCATTAGC-1_GSM4013391,17
AGCGGTCGTAAATGAC-1_GSM4013391,17
GCTGCTTCATACTCTT-1_GSM4013391,17
AGGGTGAGTACGCACC-1_GSM4013391,17
CTCGGAGTCTGTTTGT-1_GSM4013391,8
TGGCCAGTCGGGAGTA-1_GSM4013391,17
CGGCTAGTCCCTCAGT-1_GSM4013391,17
AGAGCGACAAACGTGG-1_GSM4013391,17
ACATCAGTCCACGAAT-1_GSM4013391,21
AGTAGTCTCGAACTGT-1_GSM4013391,17
CCGGGATCAAGTCTAC-1_GSM4013391,8
ATCTGCCCACCTCGTT-1_GSM4013391,17
TCAGGATGTATTACCG-1_GSM4013391,9
CTGATAGTCTTGAGGT-1_GSM4013391,20
CGCTGGATCAATCTCT-1_GSM4013391,21
CTGCCTACATATGGTC-1_GSM4013391,17
TACGGATAGCCTCGTG-1_GSM4013391,20
TAGCCGGGTCAAACTC-1_GSM4013391,21
AGCTCTCAGTTGCAGG-1_GSM4013391,9
GATTCAGCAGGGAGAG-1_GSM4013391,16
GTCGGGTCACCACCAG-1_GSM4013391,21
TACGGTAGTGTGGCTC-1_GSM4013391,17
AGGCCACAGTGTGAAT-1_GSM4013391,12
GGCAATTAGCTCTCGG-1_GSM4013391,17
GTCATTTTCACGCGGT-1_GSM4013391,6
TAAGTGCAGCGATCCC-1_GSM4013391,9
ACACCCTTCAGCATGT-1_GSM4013391,17
TGGTTAGGTTTGGCGC-1_GSM4013391,17
ACATACGCAGAGTGTG-1_GSM4013391,17
TGAGGGAGTCTGCGGT-1_GSM4013391,17
ACGGGTCGTTCGCTAA-1_GSM4013391,17
ACGGAGAGTCCGTCAG-1_GSM4013391,17
TCGTACCGTAGCTTGT-1_GSM4013391,12
TACAGTGCAGTAAGCG-1_GSM4013391,17
CCACGGAAGAACAATC-1_GSM4013391,17
TATTACCGTTGAACTC-1_GSM4013391,6
ATAGACCTCCGCGCAA-1_GSM4013391,17
TAAGCGTTCTGGCGAC-1_GSM4013391,9
CAGCAGCGTGCACGAA-1_GSM4013391,20
CACCTTGAGCGTTCCG-1_GSM4013391,17
AATCGGTAGCTGCAAG-1_GSM4013391,5
ATCGAGTAGGTGCTAG-1_GSM4013391,17
ACTTGTTTCTCTTATG-1_GSM4013391,5
ACGAGCCTCTAGCACA-1_GSM4013391,5
ATTGGTGAGGCTAGGT-1_GSM4013391,1
CCACCTAGTGACAAAT-1_GSM4013391,8
ATGGGAGCATGCGCAC-1_GSM4013391,21
CGGACGTAGACTAAGT-1_GSM4013391,3
CTCGGGATCAGTTTGG-1_GSM4013391,9
AGATTGCAGGCATGGT-1_GSM4013391,3
ATCATGGTCGAATCCA-1_GSM4013391,21
ACTGCTCAGCTAGGCA-1_GSM4013391,5
CTAGTGAAGAGCAATT-1_GSM4013391,5
CTCATTATCCTCAACC-1_GSM4013391,17
CATCAGAGTACGACCC-1_GSM4013391,12
GGCCGATTCAACTCTT-1_GSM4013391,8
TACCTATCACATTCGA-1_GSM4013391,6
TCTCTAACAATAACGA-1_GSM4013391,21
CAGCATAGTACCTACA-1_GSM4013391,1
AAAGCAACAATAACGA-1_GSM4013391,17
GGCTCGAAGATCCGAG-1_GSM4013391,5
GTACTCCGTCCATGAT-1_GSM4013391,17
ACACCGGCAATCTACG-1_GSM4013391,13
CGTGAGCAGTGCTGCC-1_GSM4013391,16
TGAGAGGGTTAAGATG-1_GSM4013391,9
TAGTTGGTCAATCACG-1_GSM4013391,9
AAGGTTCCATTCGACA-1_GSM4013391,21
CTCGAGGGTCTTCGTC-1_GSM4013391,9
TGACGGCGTGCACTTA-1_GSM4013391,17
TCTGGAAGTCTGGTCG-1_GSM4013391,16
GCACTCTCATGTAAGA-1_GSM4013391,6
TGGGAAGTCGACCAGC-1_GSM4013391,17
TCAGGATGTCTCTTAT-1_GSM4013391,1
TGCGCAGTCACGACTA-1_GSM4013391,9
TGACTTTCACCTCGGA-1_GSM4013391,9
CGTCACTAGGAATCGC-1_GSM4013391,17
ACACCAAAGTCTCCTC-1_GSM4013391,8
GCTCTGTAGCGATCCC-1_GSM4013391,21
CCTCAGTAGCAGCCTC-1_GSM4013391,5
CGAACATGTTCCCTTG-1_GSM4013391,21
GATCGCGCACTCAGGC-1_GSM4013391,21
GAGGTGAAGGACGAAA-1_GSM4013391,17
GTATCTTCACTTGGAT-1_GSM4013391,6
CGAGAAGTCCGCGCAA-1_GSM4013391,6
TGCGCAGTCTGTCTCG-1_GSM4013391,9
ACACCCTTCAAGCCTA-1_GSM4013391,21
CATATGGGTTACAGAA-1_GSM4013391,14
TCTGAGAAGTGAACAT-1_GSM4013391,17
TAGAGCTCACCGTTGG-1_GSM4013391,21
CAGGTGCAGTGGAGTC-1_GSM4013391,17
GTTCATTCAGTCGTGC-1_GSM4013391,21
GTGCTTCTCTACGAGT-1_GSM4013391,10
GTAGGCCGTCTTCTCG-1_GSM4013391,10
GTATTCTAGGACATTA-1_GSM4013391,17
CGTAGCGGTCACAAGG-1_GSM4013391,9
CCCAGTTTCTCCAACC-1_GSM4013391,17
GACAGAGTCTACCTGC-1_GSM4013391,16
ACGATGTCATAGTAAG-1_GSM4013391,16
CAGTCCTAGTTGTCGT-1_GSM4013391,17
ATGGGAGGTCATCCCT-1_GSM4013391,4
ACCAGTAAGCGATGAC-1_GSM4013391,17
ACCGTAAGTCTAGCCG-1_GSM4013391,4
AGTGTCAGTAGATTAG-1_GSM4013391,17
GCACTCTAGTATCGAA-1_GSM4013391,9
GACGGCTAGCTAACAA-1_GSM4013391,20
CAGTAACGTTCGGGCT-1_GSM4013391,17
CTTACCGTCGCAAACT-1_GSM4013391,6
GGAAAGCTCAGAGACG-1_GSM4013391,17
GGACATTGTGTCAATC-1_GSM4013391,9
GAGGTGAAGAAGAAGC-1_GSM4013391,17
GACTGCGCACGGTAAG-1_GSM4013391,9
AATCCAGAGATGTGTA-1_GSM4013391,17
TGCGTGGTCATGTCTT-1_GSM4013391,17
AGAGCTTAGCGTTGCC-1_GSM4013391,10
CAGCTAAAGCCAGGAT-1_GSM4013391,16
CGTCAGGAGCTATGCT-1_GSM4013391,1
GTGCGGTAGACAAAGG-1_GSM4013391,9
AAACGGGAGAGTTGGC-1_GSM4013391,10
GCCTCTATCCCAACGG-1_GSM4013391,17
TTCTTAGAGCAAATCA-1_GSM4013391,17
GACGGCTGTCTCTCGT-1_GSM4013391,8
TTTGCGCGTCTAGAGG-1_GSM4013391,17
GATCGATTCCTAGTGA-1_GSM4013391,6
CTGGTCTTCCTGCCAT-1_GSM4013391,17
GACTACAAGGAGTAGA-1_GSM4013391,5
TTCCCAGAGAATAGGG-1_GSM4013391,4
CTACACCAGGTAGCTG-1_GSM4013391,17
GCGCAACCACATCCAA-1_GSM4013391,21
GAAATGACATGGTTGT-1_GSM4013391,4
CGTAGGCAGCTCAACT-1_GSM4013391,3
TTCTCAACATCAGTCA-1_GSM4013391,17
CACATAGTCGAGAGCA-1_GSM4013391,6
CTGGTCTTCTCCGGTT-1_GSM4013391,9
TCGGGACCAAAGGAAG-1_GSM4013391,17
TCTTCGGGTACCGTAT-1_GSM4013391,1
TGCTACCAGTCCAGGA-1_GSM4013391,17
CTTTGCGTCCCTTGCA-1_GSM4013391,5
GTCTCGTGTTCTGGTA-1_GSM4013391,17
TTTGCGCTCACGCGGT-1_GSM4013391,9
GCGCGATTCTCTGAGA-1_GSM4013391,6
TTCTACATCTATCGCC-1_GSM4013391,21
GTGCAGCGTTAAGGGC-1_GSM4013391,17
GTGCAGCAGCGCTTAT-1_GSM4013391,17
AGCTCTCTCTTTACAC-1_GSM4013391,1
CGTTAGATCAGTGTTG-1_GSM4013391,17
TCATTTGCAGCGAACA-1_GSM4013391,17
GCTGGGTTCACAATGC-1_GSM4013391,9
ACCGTAATCTGCGACG-1_GSM4013391,21
GGACAAGGTCGAACAG-1_GSM4013391,12
TGACTAGCATACAGCT-1_GSM4013391,17
CAGATCATCAACACAC-1_GSM4013391,21
CTGCCTACAGAAGCAC-1_GSM4013391,21
CTCGTACGTTCCTCCA-1_GSM4013391,17
CTGGTCTAGGCTACGA-1_GSM4013391,1
CAAGTTGAGAATGTTG-1_GSM4013391,14
AGAGCTTGTAGCGCTC-1_GSM4013391,17
CACACAACATCTATGG-1_GSM4013391,1
GACCAATGTAAAGGAG-1_GSM4013391,5
ATTTCTGTCTCAAGTG-1_GSM4013391,9
TGAAAGAAGTATTGGA-1_GSM4013391,16
TTTGCGCAGCAGGCTA-1_GSM4013391,6
CTGATCCCACGACGAA-1_GSM4013391,17
CTGCCTATCTCGAGTA-1_GSM4013391,14
CATCCACCAAACAACA-1_GSM4013391,16
TCGCGAGGTGCAGGTA-1_GSM4013391,14
TCTGGAAGTACTCGCG-1_GSM4013391,17
ATGCGATGTGAGTATA-1_GSM4013391,6
CCATTCGTCACTCTTA-1_GSM4013391,17
CCACCTACATGCGCAC-1_GSM4013391,1
ATTGGACTCATGGTCA-1_GSM4013391,17
TCCACACCAGCTGCAC-1_GSM4013391,16
GAAACTCAGGGCTTCC-1_GSM4013391,17
CAGCATAAGACCGGAT-1_GSM4013391,10
GATCGCGCAAGAAGAG-1_GSM4013391,17
ACCGTAAGTAGCTGCC-1_GSM4013391,8
TCAGATGTCCTTTCGG-1_GSM4013391,17
GCGCAGTTCTCTGTCG-1_GSM4013391,17
CGTTGGGAGGGTTCCC-1_GSM4013391,20
GCCAAATGTAGGGTAC-1_GSM4013391,6
GTCACAAGTGGGTCAA-1_GSM4013391,6
CACATAGCAATTCCTT-1_GSM4013391,17
GCACATACACTCGACG-1_GSM4013391,17
GTTACAGCATGGTTGT-1_GSM4013391,14
TATCTCACAGCGATCC-1_GSM4013391,16
CCAGCGATCCTTCAAT-1_GSM4013391,14
CAGCAGCGTCGAAAGC-1_GSM4013391,21
GCATACATCAGCTGGC-1_GSM4013391,8
ACCTTTATCGCGCCAA-1_GSM4013391,16
TATGCCCCAAAGCGGT-1_GSM4013391,8
CTCGGAGAGACTAAGT-1_GSM4013391,5
CCAATCCTCAATCTCT-1_GSM4013391,9
AGCGGTCGTACTTCTT-1_GSM4013391,21
CAGCGACAGCCAGTTT-1_GSM4013391,3
TTCCCAGCAACGATCT-1_GSM4013391,17
AACCATGCACACCGAC-1_GSM4013391,1
GTTCGGGGTTGTCGCG-1_GSM4013391,6
GGTGAAGCAGCTGCTG-1_GSM4013391,12
CCTAGCTCAATACGCT-1_GSM4013391,17
GTATTCTAGCTCAACT-1_GSM4013391,12
GGAATAAGTCGCGAAA-1_GSM4013391,9
AGAATAGTCGTCCAGG-1_GSM4013391,17
CAGTAACGTAAATGAC-1_GSM4013391,21
CCACCTAAGAGGTTGC-1_GSM4013391,17
CTGCGGATCGTCCGTT-1_GSM4013391,10
ATCACGACATGGGACA-1_GSM4013391,16
TCTTTCCCAGCCAATT-1_GSM4013391,21
GTACTTTAGGTAGCCA-1_GSM4013391,5
TCTCTAACATGGGAAC-1_GSM4013391,9
CAACCTCAGCCCAATT-1_GSM4013391,6
CTCCTAGGTAGATTAG-1_GSM4013391,17
AGCGGTCAGAAGGTTT-1_GSM4013391,5
AAATGCCGTGTCGCTG-1_GSM4013391,17
ACAGCCGAGGGTTCCC-1_GSM4013391,4
TACTTGTAGCCAACAG-1_GSM4013391,5
CGTCTACTCGGATGGA-1_GSM4013391,17
GAACGGATCCCAAGAT-1_GSM4013391,17
TACTCATTCTACTTAC-1_GSM4013391,8
GGATGTTAGCCCTAAT-1_GSM4013391,17
ACATCAGGTCTAGCGC-1_GSM4013391,12
TACCTTATCTGCGTAA-1_GSM4013391,9
TAGCCGGGTACCGGCT-1_GSM4013391,17
ACCAGTACAATCGGTT-1_GSM4013391,16
ATTATCCCATGCCTTC-1_GSM4013391,4
ATAAGAGTCATTCACT-1_GSM4013391,16
GGACGTCTCTTCAACT-1_GSM4013391,10
GACGGCTTCTTGGGTA-1_GSM4013391,8
GCTCTGTAGTACGCCC-1_GSM4013391,21
TGGACGCCAATGACCT-1_GSM4013391,5
CTCACACTCAAAGACA-1_GSM4013391,14
TCCCGATGTAAGAGAG-1_GSM4013391,9
GAACGGATCGGAAATA-1_GSM4013391,1
GTCATTTCAGGGCATA-1_GSM4013391,21
TCGCGAGCAATTGCTG-1_GSM4013391,17
CTGATCCTCAGTCCCT-1_GSM4013391,1
CTGGTCTAGAGGACGG-1_GSM4013391,17
CCACGGAAGCTAAGAT-1_GSM4013391,5
CCGGTAGGTCTGCGGT-1_GSM4013391,8
TGGCTGGTCTAACCGA-1_GSM4013391,14
GATCGCGCATCCGTGG-1_GSM4013391,21
TTCGGTCCATTCGACA-1_GSM4013391,17
ATAGACCGTTGGTGGA-1_GSM4013391,17
AGATTGCGTACAGCAG-1_GSM4013391,1
GATTCAGTCGACCAGC-1_GSM4013391,16
TGTGGTACATGAAGTA-1_GSM4013391,10
CCTCAGTTCGATCCCT-1_GSM4013391,1
CAGCCGAAGCAGGCTA-1_GSM4013391,9
TGCTACCTCCCAAGAT-1_GSM4013391,5
AGGTCATTCACGCGGT-1_GSM4013391,21
GTCACAAAGAGATGAG-1_GSM4013391,10
ACGATACCAGTATCTG-1_GSM4013391,1
ACTTGTTAGCAGATCG-1_GSM4013391,1
TTCTACAAGACATAAC-1_GSM4013391,8
CCCAGTTAGCCAGAAC-1_GSM4013391,9
GGATGTTGTGCTTCTC-1_GSM4013391,5
TCGCGTTAGTTGAGAT-1_GSM4013391,3
GATGCTATCGTGGGAA-1_GSM4013391,10
TCAGGTAAGAGCTATA-1_GSM4013391,21
CACCACTAGCAGATCG-1_GSM4013391,17
TAGGCATAGACCCACC-1_GSM4013391,17
GCATGATCAGGATTGG-1_GSM4013391,10
TTTGTCAAGTAATCCC-1_GSM4013391,10
GTACGTAAGCCAGGAT-1_GSM4013391,17
AAGGAGCGTCATATCG-1_GSM4013391,16
TGTGTTTGTCGGCACT-1_GSM4013391,17
AAGGCAGTCGGCTTGG-1_GSM4013391,1
TACCTATTCAACACTG-1_GSM4013391,6
GACTAACCATGTCCTC-1_GSM4013391,1
AGCTTGACACATGGGA-1_GSM4013391,5
CCCTCCTTCCAGTATG-1_GSM4013391,1
GATGCTAGTGCGAAAC-1_GSM4013391,6
TACGGATCAATTGCTG-1_GSM4013391,14
AACTGGTAGCAACGGT-1_GSM4013391,16
TGGTTCCAGTGTTTGC-1_GSM4013391,10
TACAGTGAGTGATCGG-1_GSM4013391,8
GATCGATTCCAAATGC-1_GSM4013391,10
TATCAGGCAGTAAGAT-1_GSM4013391,17
TCCCGATGTCCGTCAG-1_GSM4013391,21
TACTCGCGTAGCGTCC-1_GSM4013391,6
CTGCTGTAGACAATAC-1_GSM4013391,10
TGACTTTAGATCCCAT-1_GSM4013391,9
TGCACCTCAATACGCT-1_GSM4013391,21
ACGGAGAGTTATCACG-1_GSM4013391,17
CTAATGGGTACAGCAG-1_GSM4013391,16
GCAAACTAGACATAAC-1_GSM4013391,21
TAAGCGTCACTAAGTC-1_GSM4013391,17
ACATACGCACCTCGGA-1_GSM4013391,16
CCTAGCTTCGGCTACG-1_GSM4013391,16
GCGGGTTAGTACATGA-1_GSM4013391,21
ATCTACTAGCGACGTA-1_GSM4013391,17
GCATACATCTTGACGA-1_GSM4013391,9
GAATGAATCTAACTCT-1_GSM4013391,16
TGCGGGTTCCAAATGC-1_GSM4013391,4
GCATGCGTCCGCAAGC-1_GSM4013391,12
GTGCGGTCACTATCTT-1_GSM4013391,21
GGATTACCAGCTGTGC-1_GSM4013391,1
CCGGTAGTCGAGCCCA-1_GSM4013391,17
GTATTCTAGTGTACTC-1_GSM4013391,4
CCTTCCCGTTCGAATC-1_GSM4013391,9
GCTCTGTTCACAAACC-1_GSM4013391,1
CATCCACCACCATGTA-1_GSM4013391,21
GACGGCTAGCACCGTC-1_GSM4013391,9
GCGCGATAGCTGTCTA-1_GSM4013391,17
GGGAATGGTAAGGGCT-1_GSM4013391,17
CAGCATAGTAGGACAC-1_GSM4013391,14
CCAATCCAGCATCATC-1_GSM4013391,1
CCTTACGGTTCAGTAC-1_GSM4013391,9
GTGTTAGTCGTTTATC-1_GSM4013391,6
TAAGTGCCAGTCAGAG-1_GSM4013391,21
AACCATGCATGCATGT-1_GSM4013391,16
ACGAGCCCATTGCGGC-1_GSM4013391,17
TGCCCATCATGAACCT-1_GSM4013391,9
GACGTTATCCATGCTC-1_GSM4013391,17
CGGTTAAGTCGAATCT-1_GSM4013391,17
GTCAAGTAGTGCCATT-1_GSM4013391,14
AACCGCGCAAAGCAAT-1_GSM4013391,0
TACTCATCAATCAGAA-1_GSM4013391,17
TGGACGCAGGCAATTA-1_GSM4013391,16
AACTCCCGTTATCCGA-1_GSM4013391,1
ATCTACTTCTGTCTAT-1_GSM4013391,1
CCTACACAGTTAAGTG-1_GSM4013391,16
CATCAGAGTTGTGGAG-1_GSM4013391,6
GACAGAGCAAACAACA-1_GSM4013391,10
CGGTTAACAGACGCTC-1_GSM4013391,6
ATTATCCCACGCATCG-1_GSM4013391,17
GGGCACTCAAAGTCAA-1_GSM4013391,17
TTCGAAGAGGCCCTTG-1_GSM4013391,8
GCTGGGTGTTGTCTTT-1_GSM4013391,8
TAGACCATCAACCATG-1_GSM4013391,6
TCAGGATCACGGATAG-1_GSM4013391,17
GGGATGATCCAAGCCG-1_GSM4013391,1
CATCGAACAGGCGATA-1_GSM4013391,4
CCTTTCTCAGAGCCAA-1_GSM4013391,16
CGTTGGGTCGGTCCGA-1_GSM4013391,17
GGCAATTAGACCTTTG-1_GSM4013391,1
ATTACTCTCGGATGGA-1_GSM4013391,16
TCATTACTCATCGATG-1_GSM4013391,20
ACGGAGAAGAGTGACC-1_GSM4013391,6
CCGGTAGTCGTTTATC-1_GSM4013391,5
TACTTACCATCCCATC-1_GSM4013391,14
CTCGAGGCAAGTCTAC-1_GSM4013391,21
GGTGCGTTCGCTGATA-1_GSM4013391,8
ACATACGGTCGCATAT-1_GSM4013391,16
CTAGAGTAGGGCTTCC-1_GSM4013391,9
AGTGGGACAACGCACC-1_GSM4013391,9
TCCCGATGTACCAGTT-1_GSM4013391,1
AGGGAGTTCATCGCTC-1_GSM4013391,16
CTTTGCGGTTCCACTC-1_GSM4013391,10
CCGGGATGTTGAGTTC-1_GSM4013391,16
GGATGTTAGGGATCTG-1_GSM4013391,4
ATAACGCCAGCTGCTG-1_GSM4013391,17
GTACGTATCAGCTGGC-1_GSM4013391,9
GTTAAGCCATGCAACT-1_GSM4013391,16
CAGCCGAAGTGGGATC-1_GSM4013391,1
CGGACACTCGTTGCCT-1_GSM4013391,17
CACAAACTCAGTTAGC-1_GSM4013391,16
CGACTTCTCCGTCATC-1_GSM4013391,14
TGACGGCAGACTCGGA-1_GSM4013391,10
TTCCCAGCAGATAATG-1_GSM4013391,17
TATGCCCCACCAACCG-1_GSM4013391,10
ACCCACTAGTACGTTC-1_GSM4013391,9
GAAATGAGTGCACGAA-1_GSM4013391,9
CGCTGGATCTGGTGTA-1_GSM4013391,6
GGAATAATCGCCCTTA-1_GSM4013391,5
CTACATTGTCAGAGGT-1_GSM4013391,16
CCACGGACACGACGAA-1_GSM4013391,17
ACGGAGATCTCTAGGA-1_GSM4013391,17
TTTGTCAGTCCCTTGT-1_GSM4013391,1
CAACTAGGTGCCTGTG-1_GSM4013391,1
TCGGGACTCGCAAGCC-1_GSM4013391,17
CGGCTAGTCGACGGAA-1_GSM4013391,17
CTACCCATCGCTGATA-1_GSM4013391,9
CGACCTTTCGTAGGAG-1_GSM4013391,21
TCAGCTCTCTCGATGA-1_GSM4013391,16
GGCGACTTCAACCATG-1_GSM4013391,9
TGGCTGGTCCCAAGAT-1_GSM4013391,17
CCGTGGATCTACCAGA-1_GSM4013391,10
ACGTCAACACGAAAGC-1_GSM4013391,6
TCAGATGCATGGAATA-1_GSM4013391,16
GCGGGTTAGCACAGGT-1_GSM4013391,21
CTGGTCTGTACTTAGC-1_GSM4013391,21
GGAGCAACACCCATTC-1_GSM4013391,1
CGTTGGGTCAGCATGT-1_GSM4013391,17
AAATGCCGTGATGTGG-1_GSM4013391,17
GCGCAACTCGGCCGAT-1_GSM4013391,5
CTGCGGATCGTTTAGG-1_GSM4013391,21
ACGCAGCGTCTTTCAT-1_GSM4013391,16
CAGCATATCGCCTGTT-1_GSM4013391,1
TCGGGACGTGATGATA-1_GSM4013391,17
TAGGCATTCCGTTGCT-1_GSM4013391,17
AGTCTTTTCGGAATCT-1_GSM4013391,6
AAAGCAAAGGGTATCG-1_GSM4013391,17
AACCGCGCAGATTGCT-1_GSM4013391,9
ATCCACCCAGCGAACA-1_GSM4013391,9
CGCTTCAGTAATTGGA-1_GSM4013391,16
ATCTGCCAGCTAGGCA-1_GSM4013391,9
CTCACACCATCATCCC-1_GSM4013391,9
CCTTCCCGTCCATGAT-1_GSM4013391,14
GGAATAAAGAGTCGGT-1_GSM4013391,14
CTGAAGTTCGTCGTTC-1_GSM4013391,21
TTCTACATCTGGGCCA-1_GSM4013391,16
TGGGCGTTCAAAGACA-1_GSM4013391,21
AGCGGTCGTCTCGTTC-1_GSM4013391,16
TTCTACACATCCTTGC-1_GSM4013391,16
CTCTACGCATACAGCT-1_GSM4013391,1
GTACTCCGTCATCCCT-1_GSM4013391,5
CGATGTACAAGTACCT-1_GSM4013391,5
CTAGTGACACGGTTTA-1_GSM4013391,21
TTAGGACAGGGTCGAT-1_GSM4013391,16
GCCAAATGTCTTGCGG-1_GSM4013391,21
TTCTACAAGCTGATAA-1_GSM4013391,6
CGAGCACTCTGGCGAC-1_GSM4013391,16
CACACCTTCACAACGT-1_GSM4013391,14
ACCGTAATCTTCATGT-1_GSM4013391,6
TGTTCCGTCGAACGGA-1_GSM4013391,17
CTGAAACAGCTAGGCA-1_GSM4013391,17
ACGCCAGGTATCGCAT-1_GSM4013391,10
TGAGGGATCCGCATAA-1_GSM4013391,5
AGGGTGAAGCTGTTCA-1_GSM4013391,10
TCTGGAAGTAAACACA-1_GSM4013391,16
ACTTACTGTGTGCCTG-1_GSM4013391,6
TATCTCAAGGACAGCT-1_GSM4013391,16
TCGGGACTCTCATTCA-1_GSM4013391,21
AGCCTAATCTGGTGTA-1_GSM4013391,3
CATATGGAGATGGGTC-1_GSM4013391,8
TTTGGTTCACACAGAG-1_GSM4013391,12
AAGGCAGCAGGTCCAC-1_GSM4013391,16
CCTTCCCCACCCTATC-1_GSM4013391,4
GGAATAAGTCCGTCAG-1_GSM4013391,5
TGAGCATAGCAGGTCA-1_GSM4013391,15
CACCACTTCGCCATAA-1_GSM4013391,12
AGCTTGATCTGTACGA-1_GSM4013391,9
AGGTCATTCGAGCCCA-1_GSM4013391,16
AGATCTGTCGACCAGC-1_GSM4013391,16
TAAACCGAGCCAGAAC-1_GSM4013391,8
GAAGCAGGTTACAGAA-1_GSM4013391,14
GGACAAGGTGTCAATC-1_GSM4013391,5
GAAGCAGGTCGCTTCT-1_GSM4013391,1
TTCGAAGAGACTTTCG-1_GSM4013391,16
AACTGGTCAGACAAAT-1_GSM4013391,16
GTGTGCGTCTCAACTT-1_GSM4013391,6
CTCATTAAGAAACCTA-1_GSM4013391,8
TGGGAAGGTAAATGAC-1_GSM4013391,9
CAGTCCTCAAACGCGA-1_GSM4013391,20
AGATTGCAGACAAGCC-1_GSM4013391,16
CGGACTGGTGGGTCAA-1_GSM4013391,1
AACCGCGGTAGAAGGA-1_GSM4013391,16
TCAACGAGTGGTCTCG-1_GSM4013391,17
GCAATCACACGAAATA-1_GSM4013391,4
TGTGTTTAGGTAGCCA-1_GSM4013391,8
TGGACGCCAGACTCGC-1_GSM4013391,6
GGATGTTAGTTGAGAT-1_GSM4013391,1
CGACTTCTCCCATTTA-1_GSM4013391,17
AACCGCGTCCAATGGT-1_GSM4013391,4
GAATGAATCACTGGGC-1_GSM4013391,6
ACTGATGAGTTCGCAT-1_GSM4013391,14
ACGCCGAGTTACGGAG-1_GSM4013391,17
GTGGGTCGTCCGAATT-1_GSM4013391,10
CGTTGGGTCATAGCAC-1_GSM4013391,16
GGACAGAAGCCACGTC-1_GSM4013391,16
CGTTAGAGTGATAAAC-1_GSM4013391,9
AGAGTGGTCAACGGCC-1_GSM4013391,5
CAGCATATCTAACTCT-1_GSM4013391,14
TACTTGTAGGTCGGAT-1_GSM4013391,9
TTCCCAGAGCTGCCCA-1_GSM4013391,5
CGTTAGATCCTTGACC-1_GSM4013391,4
CTCAGAAAGTCCATAC-1_GSM4013391,16
TGACTAGGTCCGAGTC-1_GSM4013391,16
GGACAAGTCTTGACGA-1_GSM4013391,16
CACCTTGGTCTACCTC-1_GSM4013391,14
ACGGGCTAGCCGATTT-1_GSM4013391,9
GGCGTGTCAGATTGCT-1_GSM4013391,16
GTGCGGTCAATGCCAT-1_GSM4013391,5
TCAGCTCCATGGTCAT-1_GSM4013391,17
CACATAGCATTTCACT-1_GSM4013391,9
CGTGAGCTCGACAGCC-1_GSM4013391,16
GCCAAATAGGTTCCTA-1_GSM4013391,1
GACAGAGGTCCCGACA-1_GSM4013391,1
TCACAAGTCGCTTAGA-1_GSM4013391,17
TCAGGATTCACCTTAT-1_GSM4013391,6
AAGTCTGCATGACATC-1_GSM4013391,4
AACTGGTGTTCCTCCA-1_GSM4013391,10
CGATTGAGTATGAATG-1_GSM4013391,9
ACATCAGCAGGCAGTA-1_GSM4013391,9
GCTCTGTAGGTGTTAA-1_GSM4013391,1
AGATTGCTCTCTTGAT-1_GSM4013391,16
CAGAGAGCATAAAGGT-1_GSM4013391,3
CCGTTCAGTTACGACT-1_GSM4013391,9
CGCTGGAAGACTTTCG-1_GSM4013391,16
ACGGCCAAGAGTCGGT-1_GSM4013391,9
TTAGTTCTCGTCTGCT-1_GSM4013391,10
AGCGTCGAGCGCTCCA-1_GSM4013391,16
CCTTTCTAGTGGTAGC-1_GSM4013391,10
AGCCTAAGTAAACACA-1_GSM4013391,16
TGAGCCGCACGTTGGC-1_GSM4013391,17
ACGGGTCAGTACGCGA-1_GSM4013391,16
CGATGTACAAGGCTCC-1_GSM4013391,16
GAAATGACACGGTAGA-1_GSM4013391,16
AAGACCTAGTGATCGG-1_GSM4013391,17
CAACCAAGTAATAGCA-1_GSM4013391,14
AGAGCTTGTGTTCTTT-1_GSM4013391,8
GGTATTGTCAAGGTAA-1_GSM4013391,10
CCCTCCTCACTCTGTC-1_GSM4013391,8
CTCGGGACAGCCTTTC-1_GSM4013391,16
ATCGAGTTCCGCAAGC-1_GSM4013391,16
GTGTTAGCAGCCTATA-1_GSM4013391,16
TTGAACGTCACTTACT-1_GSM4013391,16
GTAGTCACATAAAGGT-1_GSM4013391,16
GGGAGATGTTGGGACA-1_GSM4013391,5
GGTGCGTTCGGATGTT-1_GSM4013391,1
TTAGTTCAGTCAAGGC-1_GSM4013391,4
TCGGGACCAGGGTACA-1_GSM4013391,21
CTCGAAATCCATGAGT-1_GSM4013391,5
TTTGTCACATCACGAT-1_GSM4013391,8
AAAGTAGTCACATACG-1_GSM4013391,16
GCCTCTAGTCAGTGGA-1_GSM4013391,8
GGAACTTCACTTGGAT-1_GSM4013391,12
CACAGGCCATGGGAAC-1_GSM4013391,17
TTAGGCATCGAGAACG-1_GSM4013391,9
GTTAAGCGTCCGTTAA-1_GSM4013391,16
CAGGTGCGTTCCAACA-1_GSM4013391,10
CGTAGGCTCTTGCAAG-1_GSM4013391,1
ATTTCTGGTTACCGAT-1_GSM4013391,16
CCGTTCAAGATGAGAG-1_GSM4013391,16
ATCCGAAGTCCGAAGA-1_GSM4013391,9
ATAGACCGTGAAAGAG-1_GSM4013391,14
CTCTGGTCATCTGGTA-1_GSM4013391,8
TTTGGTTAGCGACGTA-1_GSM4013391,14
CACAGTAAGCCACTAT-1_GSM4013391,1
TCTGAGATCTGCTGTC-1_GSM4013391,16
CGTTAGAAGATAGCAT-1_GSM4013391,16
GCTGCGACACCGGAAA-1_GSM4013391,9
CTAGCCTCAACGATGG-1_GSM4013391,6
CGTCCATAGCTGCGAA-1_GSM4013391,5
GCGCAACCAGTTCATG-1_GSM4013391,10
CGATGGCTCGCGTAGC-1_GSM4013391,4
ATCGAGTCACATGGGA-1_GSM4013391,12
AAGACCTCAAAGTCAA-1_GSM4013391,8
CTCAGAACAGCGATCC-1_GSM4013391,5
GGGACCTAGTAAGTAC-1_GSM4013391,10
CTCTAATGTTATGCGT-1_GSM4013391,8
TGAGCCGGTCTTGCGG-1_GSM4013391,1
TGAAAGAGTACAGCAG-1_GSM4013391,16
CACATAGAGTTCGCGC-1_GSM4013391,16
GCTTGAATCTGAGGGA-1_GSM4013391,16
ACAGCCGAGCTACCTA-1_GSM4013391,13
GTTCGGGCATCGGAAG-1_GSM4013391,16
ACTTGTTAGAACTCGG-1_GSM4013391,6
TATCAGGGTTCAGGCC-1_GSM4013391,10
AAGGTTCCAAGTAATG-1_GSM4013391,16
TTTATGCGTGGTAACG-1_GSM4013391,16
CTGTTTATCCTAGAAC-1_GSM4013391,6
AACGTTGTCAAGGCTT-1_GSM4013391,1
GATGCTAAGCAATCTC-1_GSM4013391,9
CCAATCCGTTACGTCA-1_GSM4013391,8
GCAGCCATCAGAGCTT-1_GSM4013391,12
TCCACACTCGTGGACC-1_GSM4013391,16
GCTGCTTTCTGTCTAT-1_GSM4013391,16
CTCGAGGAGTGGGCTA-1_GSM4013391,12
AGCAGCCCAGGGTACA-1_GSM4013391,21
GCCAAATTCCCAAGTA-1_GSM4013391,14
TTGACTTAGAGTGAGA-1_GSM4013391,4
CTACCCAGTGTCGCTG-1_GSM4013391,9
CCTATTACATGGTTGT-1_GSM4013391,6
CATCAGACACTACAGT-1_GSM4013391,16
CGTGAGCCAAATACAG-1_GSM4013391,14
AAGCCGCTCAATCACG-1_GSM4013391,1
TCAGGTAAGTTAAGTG-1_GSM4013391,8
CTGAAGTAGATCCGAG-1_GSM4013391,8
CATATGGTCGTGACAT-1_GSM4013391,6
ATTGGTGCATTGGGCC-1_GSM4013391,9
GGAACTTTCGGAATCT-1_GSM4013391,9
AACCGCGTCTCTTATG-1_GSM4013391,21
CCGGTAGAGTACGATA-1_GSM4013391,8
TGCGGGTCAGGGTTAG-1_GSM4013391,17
AGAGCTTGTTGGTAAA-1_GSM4013391,16
ATAGACCAGATTACCC-1_GSM4013391,16
GCAGTTAGTAGCGATG-1_GSM4013391,4
CAGAGAGCAAGCTGGA-1_GSM4013391,14
CATATGGCAGACGTAG-1_GSM4013391,10
GATGAGGAGCCATCGC-1_GSM4013391,12
CTACCCAAGGGTGTTG-1_GSM4013391,16
GCAATCATCGTTGACA-1_GSM4013391,16
AGGCCACTCTGTCAAG-1_GSM4013391,5
GGAAAGCCAGTGACAG-1_GSM4013391,21
CAGAATCCAATCTGCA-1_GSM4013391,8
CGTAGGCGTACCTACA-1_GSM4013391,16
TGATTTCCACTCAGGC-1_GSM4013391,5
GACACGCTCCTAGTGA-1_GSM4013391,17
TGAGAGGTCCTTTCTC-1_GSM4013391,8
TCGGTAAAGTCTCAAC-1_GSM4013391,8
TCGTACCAGTTAGCGG-1_GSM4013391,5
ATCCGAATCAGCTTAG-1_GSM4013391,14
ACGGAGATCCGTCAAA-1_GSM4013391,6
AGGGTGAGTCCAGTTA-1_GSM4013391,9
ATCATCTTCCAAACTG-1_GSM4013391,6
TTCTTAGTCACATAGC-1_GSM4013391,6
TAGTTGGCAAATACAG-1_GSM4013391,9
GTGAAGGTCGCTAGCG-1_GSM4013391,9
TAGGCATCACTTAAGC-1_GSM4013391,16
TAGAGCTTCCAAGCCG-1_GSM4013391,3
TTGAACGAGCACAGGT-1_GSM4013391,10
CATCGAATCAGCAACT-1_GSM4013391,9
CCTAGCTGTAATTGGA-1_GSM4013391,16
ACTTGTTAGGCCGAAT-1_GSM4013391,8
GTGCGGTTCGGCGCAT-1_GSM4013391,10
TGGTTCCCAGCCACCA-1_GSM4013391,1
CAGCGACTCTCCTATA-1_GSM4013391,12
TGACAACTCGGTCTAA-1_GSM4013391,6
TGGTTAGCATAGAAAC-1_GSM4013391,16
CAAGTTGGTTATGCGT-1_GSM4013391,8
CACACCTGTGTCGCTG-1_GSM4013391,9
CATGACAAGCTAGCCC-1_GSM4013391,21
TTTCCTCTCGGTTCGG-1_GSM4013391,4
ATAAGAGAGAAACCTA-1_GSM4013391,1
AGAGCGACAGGTGGAT-1_GSM4013391,16
CTTAACTGTCGCCATG-1_GSM4013391,17
CGTAGGCAGGACTGGT-1_GSM4013391,6
GTCTCGTAGTTCGATC-1_GSM4013391,5
CGGGTCATCGTTACGA-1_GSM4013391,8
TGAGCATCAGTACACT-1_GSM4013391,1
CTTCTCTTCCAAGCCG-1_GSM4013391,8
GACGTGCAGCCAACAG-1_GSM4013391,12
CCATTCGAGAGCTTCT-1_GSM4013391,12
ACCAGTATCACGGTTA-1_GSM4013391,1
TTCCCAGTCCGTCATC-1_GSM4013391,16
GGAAAGCGTTCTGAAC-1_GSM4013391,14
AACTTTCCAACGATCT-1_GSM4013391,8
TGACGGCCACTGTGTA-1_GSM4013391,9
GATCGATAGTACGACG-1_GSM4013391,16
CACACAAAGTGTACTC-1_GSM4013391,16
GCATGCGTCTTGTTTG-1_GSM4013391,10
TTGCCGTGTCGACTAT-1_GSM4013391,21
GTGCGGTTCAAAGACA-1_GSM4013391,6
TCGAGGCGTCCAAGTT-1_GSM4013391,4
GACCTGGGTCTCAACA-1_GSM4013391,1
TTTGGTTTCTCTTATG-1_GSM4013391,6
ACAGCTAGTTATCCGA-1_GSM4013391,8
TTAGGCAGTAAATGAC-1_GSM4013391,21
CTTAACTCATCCTTGC-1_GSM4013391,16
CGTTCTGAGATCCTGT-1_GSM4013391,1
GAACATCTCTGCCAGG-1_GSM4013391,8
ATCCGAACAGTTTACG-1_GSM4013391,6
CTAATGGTCCAGAAGG-1_GSM4013391,16
CCGTTCAAGGACGAAA-1_GSM4013391,9
GGGACCTCAGGGATTG-1_GSM4013391,8
TGACTTTAGGTGTGGT-1_GSM4013391,12
CACACCTGTTCCCGAG-1_GSM4013391,8
ACACTGATCGGCGGTT-1_GSM4013391,5
ATGAGGGCACCCATTC-1_GSM4013391,16
CATGGCGTCCATGAAC-1_GSM4013391,8
GGATGTTAGGCTATCT-1_GSM4013391,8
ATCCACCCAGCGTCCA-1_GSM4013391,14
CCTACCAGTTGCTCCT-1_GSM4013391,16
AGGGTGACAATGAATG-1_GSM4013391,16
CTCATTACATGCGCAC-1_GSM4013391,6
TCGCGTTGTTATGTGC-1_GSM4013391,9
CAGCTAAGTTCCACAA-1_GSM4013391,5
CTACATTGTTCAACCA-1_GSM4013391,14
ATAACGCGTCTCTTTA-1_GSM4013391,1
ATAACGCGTGCCTTGG-1_GSM4013391,16
GAGGTGAAGTGGGCTA-1_GSM4013391,8
TGACAACAGAGCTGCA-1_GSM4013391,16
AAAGTAGCACACGCTG-1_GSM4013391,6
GCTGCGAGTTGAGGTG-1_GSM4013391,1
CCTTTCTTCATGTCCC-1_GSM4013391,15
GAATGAATCTTTACGT-1_GSM4013391,9
GGTGCGTTCGGATGGA-1_GSM4013391,1
AGAGCTTGTACAGTTC-1_GSM4013391,9
AGGGATGTCCGCAAGC-1_GSM4013391,10
CTCGTCAAGGCCATAG-1_GSM4013391,14
GCTTGAACAGTCGTGC-1_GSM4013391,9
CCAATCCTCCCAAGAT-1_GSM4013391,10
AGGGTGATCGTGACAT-1_GSM4013391,16
TGAGGGAGTGATGTCT-1_GSM4013391,16
ATCATCTAGCCGTCGT-1_GSM4013391,8
CGGACGTTCCTAGAAC-1_GSM4013391,10
CCTAGCTTCGTCGTTC-1_GSM4013391,16
AGTGTCATCTTGAGAC-1_GSM4013391,14
ACGGAGACATGCCTTC-1_GSM4013391,9
CTCGAAACAAGGACTG-1_GSM4013391,8
ACGCCAGCAATAGCAA-1_GSM4013391,6
CGTCTACTCAGCATGT-1_GSM4013391,21
TTTGTCAAGGCAGGTT-1_GSM4013391,1
AGCGTATCAGCATACT-1_GSM4013391,16
GACGTTATCGCGGATC-1_GSM4013391,14
TAGACCAAGCTAAGAT-1_GSM4013391,8
GTATTCTTCTGCTGCT-1_GSM4013391,1
ATGGGAGCAAGAGGCT-1_GSM4013391,14
ATGTGTGCAAGGTTCT-1_GSM4013391,16
ACTGAGTAGCGGATCA-1_GSM4013391,6
CTCGGAGCATCTATGG-1_GSM4013391,5
AGCTCCTTCAACGAAA-1_GSM4013391,16
TCATTTGGTTGATTCG-1_GSM4013391,6
TTAGGACGTAAGAGAG-1_GSM4013391,12
ACCTTTATCGCAAGCC-1_GSM4013391,8
GTAGGCCCACCTCGGA-1_GSM4013391,17
CATGACAGTGGGTATG-1_GSM4013391,9
GATGAGGCATGGAATA-1_GSM4013391,9
ACCGTAAAGCAGCCTC-1_GSM4013391,9
ATGCGATGTTGTGGAG-1_GSM4013391,10
TGAGCCGAGTACACCT-1_GSM4013391,12
TACGGTAAGGGATGGG-1_GSM4013391,14
GTCATTTAGGCAAAGA-1_GSM4013391,6
GCATGCGAGACGCACA-1_GSM4013391,4
TTCTACATCCACTGGG-1_GSM4013391,14
CACACAAGTCCGCTGA-1_GSM4013391,16
GCACTCTCAACCGCCA-1_GSM4013391,8
TACGGATAGCGTGTCC-1_GSM4013391,9
CCACCTATCCACGTGG-1_GSM4013391,14
GGACGTCCAAGCGCTC-1_GSM4013391,16
TGAAAGAGTAGCGCAA-1_GSM4013391,4
ACGGAGAAGTGCTGCC-1_GSM4013391,16
TGGGAAGAGGTACTCT-1_GSM4013391,12
TCGAGGCTCCAAATGC-1_GSM4013391,6
GGACAAGAGAGTACCG-1_GSM4013391,4
GACTGCGTCCGCAGTG-1_GSM4013391,8
TTAGGCAGTGATAAAC-1_GSM4013391,4
CGTCTACCACCCATTC-1_GSM4013391,9
AAGGCAGGTGTGGCTC-1_GSM4013391,4
ACGGGTCTCCAGATCA-1_GSM4013391,1
TTGGCAAGTCAAAGAT-1_GSM4013391,9
GATCGTACACGAAATA-1_GSM4013391,5
GGACGTCCACCCTATC-1_GSM4013391,12
ACTATCTTCGATCCCT-1_GSM4013391,4
GTGAAGGTCGGAGCAA-1_GSM4013391,20
CTCTAATGTCTCTCTG-1_GSM4013391,14
CACTCCAAGCGATCCC-1_GSM4013391,8
GTTAAGCAGGGTGTGT-1_GSM4013391,14
TCGGGACGTCTTGTCC-1_GSM4013391,8
CGATGTACATTCCTGC-1_GSM4013391,16
GTAACGTAGCGGATCA-1_GSM4013391,10
GCTCTGTCACAGACTT-1_GSM4013391,17
TGATTTCCACCAGGCT-1_GSM4013391,9
TAGACCAAGCACCGTC-1_GSM4013391,8
AACTCCCGTCAAACTC-1_GSM4013391,16
GGCGACTTCAGCATGT-1_GSM4013391,8
TTAACTCTCATAACCG-1_GSM4013391,4
GTACGTAGTTAGTGGG-1_GSM4013391,1
TTTATGCAGCCAGGAT-1_GSM4013391,9
CGGACACTCAGCGATT-1_GSM4013391,12
ATTCTACCATTTCAGG-1_GSM4013391,16
AGCTCTCGTCGAATCT-1_GSM4013391,10
AGTCTTTAGAACTCGG-1_GSM4013391,9
CTCGAGGGTATATCCG-1_GSM4013391,9
TGGCGCATCGTCGTTC-1_GSM4013391,12
CGTGAGCCAGCCTGTG-1_GSM4013391,14
TCTGGAAGTGACGCCT-1_GSM4013391,9
ACTTACTAGGGTGTTG-1_GSM4013391,10
GTCCTCAAGGACTGGT-1_GSM4013391,20
ACGGGCTAGATGCGAC-1_GSM4013391,9
ATCTGCCAGCTTTGGT-1_GSM4013391,1
TGGTTCCTCTAACGGT-1_GSM4013391,4
GCGCAGTCAGTAGAGC-1_GSM4013391,4
TTTGGTTCATGCCACG-1_GSM4013391,14
CGAGCACAGACTAGAT-1_GSM4013391,16
GTTCGGGGTCCGAGTC-1_GSM4013391,6
GGACAAGTCAACGAAA-1_GSM4013391,4
GGCCGATCAGCCTTTC-1_GSM4013391,14
GGAGCAAAGGATGCGT-1_GSM4013391,9
TAAGAGAAGATATACG-1_GSM4013391,8
CTCGTACGTTCAGCGC-1_GSM4013391,4
AAGGAGCCAGGGCATA-1_GSM4013391,20
TTTACTGCAAAGGAAG-1_GSM4013391,16
TGGGAAGAGAGCTGGT-1_GSM4013391,12
AGAGTGGGTCTCACCT-1_GSM4013391,17
TGAAAGAGTACTTAGC-1_GSM4013391,16
GCGCCAATCCCTTGCA-1_GSM4013391,8
TCGCGTTAGTGGGTTG-1_GSM4013391,14
AGATTGCGTCTTGCGG-1_GSM4013391,21
TGGCCAGCAATTCCTT-1_GSM4013391,6
CACCACTGTTCAGGCC-1_GSM4013391,20
GATCGTAGTTCGGCAC-1_GSM4013392,2
AAACGGGGTACGAAAT-1_GSM4013392,2
TCGCGTTTCTCACATT-1_GSM4013392,0
GGCCGATGTGGTACAG-1_GSM4013392,0
GCACATATCTTAGCCC-1_GSM4013392,2
CGGACTGTCCTACAGA-1_GSM4013392,2
TCGCGTTAGCGTGAGT-1_GSM4013392,2
CATGGCGCACAGTCGC-1_GSM4013392,3
TGGCCAGAGGACCACA-1_GSM4013392,12
CACAAACGTCTGATCA-1_GSM4013392,0
AGCATACCACGGATAG-1_GSM4013392,0
GCTCTGTGTGTCTGAT-1_GSM4013392,0
AATCCAGAGAAGGTTT-1_GSM4013392,0
TGACAACAGCTGCGAA-1_GSM4013392,0
GGAAAGCAGCGTCTAT-1_GSM4013392,0
AGCAGCCCAAAGAATC-1_GSM4013392,2
GGACAGATCCGTAGTA-1_GSM4013392,2
TACCTTAAGGCAGTCA-1_GSM4013392,2
TACTCGCGTAGCTGCC-1_GSM4013392,12
GTCTCGTCACTCAGGC-1_GSM4013392,7
CGCGGTAGTTACCAGT-1_GSM4013392,2
GACACGCAGACAAAGG-1_GSM4013392,0
TCTCATACATAACCTG-1_GSM4013392,0
TAGCCGGCAATCGAAA-1_GSM4013392,3
TGGACGCTCACATACG-1_GSM4013392,0
GTCATTTAGGGAAACA-1_GSM4013392,0
CCGTTCAAGTTGTCGT-1_GSM4013392,0
TGCCCTATCGGAAACG-1_GSM4013392,0
TACTCATGTACCGCTG-1_GSM4013392,0
GTATCTTAGTATGACA-1_GSM4013392,2
GAATGAATCGTCTGCT-1_GSM4013392,0
TACTTACTCTGATTCT-1_GSM4013392,12
CACATAGCATACAGCT-1_GSM4013392,0
GCGCCAACAATCTACG-1_GSM4013392,12
CGAGCCAGTTAAGAAC-1_GSM4013392,0
CTCAGAATCTGTTTGT-1_GSM4013392,0
GCGACCAAGCTAAACA-1_GSM4013392,4
AGGCCACGTATCTGCA-1_GSM4013392,0
GGCCGATAGACCACGA-1_GSM4013392,3
CCTACACTCGGACAAG-1_GSM4013392,0
CCTCTGACATCCGCGA-1_GSM4013392,0
GGTGAAGCATTATCTC-1_GSM4013392,7
CAACCTCCATTAACCG-1_GSM4013392,0
CCCTCCTTCGCCAAAT-1_GSM4013392,7
GTGTGCGCAGCGTCCA-1_GSM4013392,0
ATGTGTGTCAGGTAAA-1_GSM4013392,0
ACACCCTCAGCTCGCA-1_GSM4013392,3
GCGAGAAGTCCGACGT-1_GSM4013392,4
CTGCTGTAGGGCACTA-1_GSM4013392,4
AGTGGGAAGGCGACAT-1_GSM4013392,4
GGACAGAGTGGCTCCA-1_GSM4013392,0
CACACTCCAGTAAGCG-1_GSM4013392,0
GGATGTTCATTCTTAC-1_GSM4013392,12
GATCGTACAAGGACAC-1_GSM4013392,0
TTGGCAATCTTTAGTC-1_GSM4013392,4
CACACCTAGACAATAC-1_GSM4013392,7
GATCGATTCCAAACAC-1_GSM4013392,0
AACTCTTTCACGCATA-1_GSM4013392,12
AGGGTGAAGGAATGGA-1_GSM4013392,0
GATCGATTCGCGATCG-1_GSM4013392,0
CTGATAGCATGTAGTC-1_GSM4013392,7
CTACACCCAACGCACC-1_GSM4013392,0
CCGTACTAGCTAGTTC-1_GSM4013392,12
TGTGGTACACACATGT-1_GSM4013392,0
ATGTGTGGTTGCGTTA-1_GSM4013392,0
TTGGCAACAGATAATG-1_GSM4013392,0
GGATTACGTCTTCGTC-1_GSM4013392,5
GGAAAGCCACCAGTTA-1_GSM4013392,1
ATAGACCTCAAACCGT-1_GSM4013392,5
CTTTGCGCAATCACAC-1_GSM4013392,0
TGGACGCTCCAGAGGA-1_GSM4013392,0
GTTTCTAAGCCGCCTA-1_GSM4013392,7
GACCTGGTCTTCTGGC-1_GSM4013392,5
ATGGGAGCAGGGAGAG-1_GSM4013392,4
CTGAAACAGAAGATTC-1_GSM4013392,7
CTAAGACAGAAGAAGC-1_GSM4013392,0
CCACTACTCAAGGCTT-1_GSM4013392,7
AAAGTAGTCTCGCTTG-1_GSM4013392,0
GATCGCGCATGGAATA-1_GSM4013392,0
GCTCCTACACGGATAG-1_GSM4013392,7
AGAATAGTCCTCAATT-1_GSM4013392,4
TCTTCGGCATGCTAGT-1_GSM4013392,4
GGTGAAGCAATGGATA-1_GSM4013392,0
CACTCCAGTTCGTGAT-1_GSM4013392,12
CCTTTCTCAGACGCTC-1_GSM4013392,7
CGTTGGGGTCGCGGTT-1_GSM4013392,5
ACGGCCAAGATTACCC-1_GSM4013392,8
AGTAGTCGTGAAATCA-1_GSM4013392,5
TTATGCTGTCTGATCA-1_GSM4013392,0
CGAGAAGGTGAGCGAT-1_GSM4013392,0
TCGTAGATCCTGCTTG-1_GSM4013392,7
CACCACTAGACAGAGA-1_GSM4013392,0
CTAATGGCAAATACAG-1_GSM4013392,7
TGGTTCCGTGTCGCTG-1_GSM4013392,0
GTCCTCAGTCAATGTC-1_GSM4013392,7
TCGGTAATCCAAAGTC-1_GSM4013392,7
CTCTAATTCCTTTACA-1_GSM4013392,7
TGCACCTGTGGTTTCA-1_GSM4013392,0
CTACGTCTCCAGGGCT-1_GSM4013392,7
TGACGGCGTTCCTCCA-1_GSM4013392,7
CATGGCGGTAATAGCA-1_GSM4013392,2
AGGTCATCAATAGAGT-1_GSM4013392,0
ATTACTCGTAGAAAGG-1_GSM4013392,12
ATAACGCGTTAGGGTG-1_GSM4013392,7
CCCAATCCATCTCCCA-1_GSM4013392,5
GGACAGATCCAAGCCG-1_GSM4013392,0
AGAGTGGCAAGCCGCT-1_GSM4013392,7
CAGCAGCAGTGTACGG-1_GSM4013392,7
GAGTCCGCACGGATAG-1_GSM4013392,1
TCGCGAGAGTAAGTAC-1_GSM4013392,12
GACCTGGTCACCCGAG-1_GSM4013392,0
TCGCGAGGTCGAACAG-1_GSM4013392,7
GTCACAACAAGCTGGA-1_GSM4013392,7
CTCGTCAAGTGCGTGA-1_GSM4013392,7
GGACAAGAGTGTCCAT-1_GSM4013392,7
GCGCAACCACGGATAG-1_GSM4013392,7
CTGATAGAGTTAAGTG-1_GSM4013392,0
TCGTACCGTTGGTTTG-1_GSM4013392,5
CAAGGCCGTTACGGAG-1_GSM4013392,7
GTCGTAATCTATCCTA-1_GSM4013392,5
TACAGTGGTAAGTGTA-1_GSM4013392,7
TCTTCGGAGGTGCACA-1_GSM4013392,1
ATAAGAGAGCACACAG-1_GSM4013392,12
TCACAAGCATATACGC-1_GSM4013392,8
CTGCGGAAGTGCCATT-1_GSM4013392,7
TTGGAACGTTCCCGAG-1_GSM4013392,7
AGGCCGTTCAAACCAC-1_GSM4013392,0
CACCACTAGTCCTCCT-1_GSM4013392,7
TACCTTACATGCTAGT-1_GSM4013392,7
TGCTACCGTTATGCGT-1_GSM4013392,7
CCAGCGAAGTTAGGTA-1_GSM4013392,7
CGGGTCACATTGGTAC-1_GSM4013392,0
GACTAACTCATGTCTT-1_GSM4013392,7
CTGTTTAGTTCATGGT-1_GSM4013392,7
ATCCGAACAGACAAGC-1_GSM4013392,5
GGGAATGAGTGTACGG-1_GSM4013392,7
GGTGCGTAGTTACGGG-1_GSM4013392,5
CGTTCTGAGAGGTAGA-1_GSM4013392,7
TTGCGTCTCCAGAGGA-1_GSM4013392,7
AACTCCCTCTCGTATT-1_GSM4013392,10
CGATGGCTCAAACGGG-1_GSM4013392,7
ACGAGCCAGAGGACGG-1_GSM4013392,7
CACATTTTCAGAGGTG-1_GSM4013392,7
GTGTTAGCATTATCTC-1_GSM4013392,7
AAGTCTGCAAGTAGTA-1_GSM4013392,0
TTTGCGCCAGCCTGTG-1_GSM4013392,0
CGAGCCATCACCTCGT-1_GSM4013392,7
CGCTGGAGTAGTACCT-1_GSM4013392,0
AATCGGTAGCCCAATT-1_GSM4013392,7
ACGGAGATCATATCGG-1_GSM4013392,7
TATGCCCTCTGCAAGT-1_GSM4013392,7
ATGCGATAGCTCTCGG-1_GSM4013392,5
TCTGGAATCTTCGGTC-1_GSM4013392,7
CTGAAGTGTTCAGACT-1_GSM4013392,7
TGTCCCATCAGAGACG-1_GSM4013392,5
ACATGGTTCAACACTG-1_GSM4013392,5
GAGGTGATCTCCTATA-1_GSM4013392,6
TGTATTCAGGCTCTTA-1_GSM4013392,0
TTCGGTCAGCGAGAAA-1_GSM4013392,5
AGCTTGAGTAAATACG-1_GSM4013392,7
AGCTCTCGTCATGCCG-1_GSM4013392,7
CCTATTACACATGACT-1_GSM4013392,7
TTGACTTCAATAAGCA-1_GSM4013392,7
AGGTCATGTGGTACAG-1_GSM4013392,7
CCGGTAGAGATGAGAG-1_GSM4013392,7
ATGCGATTCTTGGGTA-1_GSM4013392,7
TAAACCGGTGGTCTCG-1_GSM4013392,0
CTCGTACGTTGGTAAA-1_GSM4013392,0
TTCGAAGCATGGTTGT-1_GSM4013392,7
TACCTATCAATCTACG-1_GSM4013392,7
AAGCCGCGTAAGAGAG-1_GSM4013392,7
AGTTGGTAGCTAGCCC-1_GSM4013392,7
CTAAGACGTCAATACC-1_GSM4013392,0
TACAGTGGTCGCATAT-1_GSM4013392,7
GACACGCAGCGATTCT-1_GSM4013392,10
GGTGTTACATGAAGTA-1_GSM4013392,7
ACCGTAATCAAGAAGT-1_GSM4013392,12
CTGCGGAAGTGTGGCA-1_GSM4013392,7
ACTGTCCGTCTGATTG-1_GSM4013392,1
AGCTCCTGTACTTAGC-1_GSM4013392,7
CCATTCGGTCAATGTC-1_GSM4013392,7
AGAGTGGCAAACTGCT-1_GSM4013392,5
GTTCTCGCAACTGGCC-1_GSM4013392,7
ATCACGATCGGAAACG-1_GSM4013392,0
CGCGGTAAGTACGTAA-1_GSM4013392,7
GTCACGGTCTCCAACC-1_GSM4013392,7
TACTTGTCAAAGTGCG-1_GSM4013392,0
ACACCGGGTGCGGTAA-1_GSM4013392,5
TGAAAGACAAACCTAC-1_GSM4013392,7
CGTTAGAAGCGCTCCA-1_GSM4013392,7
CGGGTCACACATAACC-1_GSM4013392,12
CACATAGCATCTACGA-1_GSM4013392,7
TGAGGGAAGGGTCTCC-1_GSM4013392,7
TTGTAGGAGTCCATAC-1_GSM4013392,12
TACACGACAGTAACGG-1_GSM4013392,0
GTTCTCGAGAAGAAGC-1_GSM4013392,0
AACCGCGGTCTTGTCC-1_GSM4013392,10
TTAACTCAGCGATATA-1_GSM4013392,0
TTGCGTCCATGAACCT-1_GSM4013392,7
GACTACAAGACGCTTT-1_GSM4013392,7
CGTAGCGCATTTCAGG-1_GSM4013392,5
ACACTGAAGGCACATG-1_GSM4013392,7
TTAGGCATCCTACAGA-1_GSM4013392,7
CAGCGACCAATTCCTT-1_GSM4013392,7
TATGCCCGTCTGGAGA-1_GSM4013392,7
TACTTACTCAACGCTA-1_GSM4013392,5
ATCTGCCTCTACGAGT-1_GSM4013392,7
GTACTTTCAGACAAGC-1_GSM4013392,0
GTCACAAGTCTTCAAG-1_GSM4013392,7
AACTCCCCAGCCTTTC-1_GSM4013392,7
CGTTAGAGTACCTACA-1_GSM4013392,7
GGCTGGTTCGCATGGC-1_GSM4013392,7
ACACCGGAGAGTCTGG-1_GSM4013392,5
GCTTCCAGTAATTGGA-1_GSM4013392,8
CGGTTAAAGCTAAGAT-1_GSM4013392,7
CCTTACGAGTACGATA-1_GSM4013392,7
TAGAGCTTCCTTGGTC-1_GSM4013392,8
ATTCTACCAAGTCATC-1_GSM4013392,7
CAGTCCTTCACCTCGT-1_GSM4013392,7
CTGCGGAAGACTTTCG-1_GSM4013392,7
CACATAGGTCGCATAT-1_GSM4013392,7
AGAGCGACAGGAATCG-1_GSM4013392,7
TATTACCTCATCTGTT-1_GSM4013392,21
ATGGGAGTCGTCCAGG-1_GSM4013392,7
CGGAGTCGTGCGCTTG-1_GSM4013392,12
TCAGCAATCGAACTGT-1_GSM4013392,9
AAAGTAGAGTGGTAGC-1_GSM4013392,7
TACCTATAGTACTTGC-1_GSM4013392,12
GGCTCGACAAAGTCAA-1_GSM4013392,3
TCTATTGGTGAGGGAG-1_GSM4013392,7
CTGCTGTTCAGGATCT-1_GSM4013392,5
ACGAGGATCGTATCAG-1_GSM4013392,7
GTGTGCGAGGGTTCCC-1_GSM4013392,12
TACGGATCATGTAAGA-1_GSM4013392,7
GCTTGAAGTATCTGCA-1_GSM4013392,7
CGGTTAAGTCGAGATG-1_GSM4013392,0
TCTGAGACAAACTGTC-1_GSM4013392,8
GTGCAGCAGCACGCCT-1_GSM4013392,0
CGGGTCAAGGCAAAGA-1_GSM4013392,7
CTAGCCTAGATCGATA-1_GSM4013392,0
AAACCTGAGCAAATCA-1_GSM4013392,7
CTGGTCTAGTGCGATG-1_GSM4013392,8
CGTGAGCTCCAAATGC-1_GSM4013392,5
CAGATCACACGGACAA-1_GSM4013392,5
CCTCTGACAGGATTGG-1_GSM4013392,7
CCGGGATCAATCGAAA-1_GSM4013392,7
CAGATCATCGGCTACG-1_GSM4013392,5
TGTGTTTGTACGCACC-1_GSM4013392,7
GTGAAGGCAAGCCATT-1_GSM4013392,5
AGCTCCTCAGCTGGCT-1_GSM4013392,5
ACGGCCACATGCTGGC-1_GSM4013392,7
CAGAATCAGAGACTTA-1_GSM4013392,7
GAGCAGAGTTATTCTC-1_GSM4013392,7
CGCTATCTCGGAAACG-1_GSM4013392,7
TCGTAGACAATCTGCA-1_GSM4013392,12
AGAGTGGGTCCTAGCG-1_GSM4013392,7
CACACAACATGCAACT-1_GSM4013392,7
TACTCATTCACTTCAT-1_GSM4013392,7
CACACCTAGCGGATCA-1_GSM4013392,7
CCACTACAGGCAGGTT-1_GSM4013392,13
TCGTAGAGTTCTGGTA-1_GSM4013392,0
CTGATAGCAATCCAAC-1_GSM4013392,7
GCACTCTCAGCTCGCA-1_GSM4013392,0
TACTTGTCACACCGCA-1_GSM4013392,5
ACGGGTCGTCACCTAA-1_GSM4013392,7
CACACTCGTCATATGC-1_GSM4013392,7
AGATTGCTCTAACTTC-1_GSM4013392,9
CGGACACCACATGTGT-1_GSM4013392,0
GCAAACTGTAAACGCG-1_GSM4013392,21
TTAGTTCGTTAAAGAC-1_GSM4013392,14
CGCTTCACAGCCACCA-1_GSM4013392,9
ACGAGGAGTGCCTGGT-1_GSM4013392,7
ATCATCTCAGGGTTAG-1_GSM4013392,7
AAGCCGCCAACCGCCA-1_GSM4013392,0
CCGTGGATCGGAATCT-1_GSM4013392,0
TCTGAGATCCGTAGGC-1_GSM4013392,0
ACTGTCCGTGATAAAC-1_GSM4013392,0
AGATCTGGTCGGGTCT-1_GSM4013392,0
CATGGCGCATGAACCT-1_GSM4013392,6
CGATGGCTCTTGCCGT-1_GSM4013392,7
TCAATCTAGATGTAAC-1_GSM4013392,8
TAAGTGCAGGGATACC-1_GSM4013392,7
AGTGAGGCAGATCGGA-1_GSM4013392,5
CGTCTACGTTGTGGAG-1_GSM4013392,7
CTGTGCTGTTTACTCT-1_GSM4013392,7
CCGGGATTCGGATGGA-1_GSM4013392,2
TTGAACGCAGCCACCA-1_GSM4013392,8
ATGTGTGCAGGTGCCT-1_GSM4013392,0
GGGTCTGAGAGTCGGT-1_GSM4013392,0
ACACCCTGTCCAGTAT-1_GSM4013392,9
GTAACGTCATCACCCT-1_GSM4013392,7
ATCACGAAGCACAGGT-1_GSM4013392,8
CCTTCCCAGCAGATCG-1_GSM4013392,7
CACAGGCCAGCCTTTC-1_GSM4013392,12
CTTGGCTAGTACGATA-1_GSM4013392,7
CTAGCCTCAGCTTAAC-1_GSM4013392,9
ATGAGGGTCTGGCGAC-1_GSM4013392,7
CGGCTAGAGGACAGAA-1_GSM4013392,7
CAGAGAGAGCTAGTCT-1_GSM4013392,7
AACGTTGTCAAAGACA-1_GSM4013392,5
TACAGTGCAGTAGAGC-1_GSM4013392,7
TTAGGACTCTTAACCT-1_GSM4013392,7
ACATACGGTACATCCA-1_GSM4013392,7
GCATGATAGCAGACTG-1_GSM4013392,8
ACTTACTTCCCGGATG-1_GSM4013392,9
CTCAGAAGTTATCCGA-1_GSM4013392,8
GACTAACAGAATGTGT-1_GSM4013392,12
ACTGCTCTCCAACCAA-1_GSM4013392,10
GACTGCGCACGGTAAG-1_GSM4013392,7
GCGGGTTTCCCTCTTT-1_GSM4013392,7
GCAAACTCAGCGTAAG-1_GSM4013392,7
ACACCCTAGTCTCGGC-1_GSM4013392,0
CGAGAAGTCTCACATT-1_GSM4013392,0
CATGGCGGTGGTCCGT-1_GSM4013392,7
AGTTGGTGTCACCCAG-1_GSM4013392,7
GCGACCAAGAATTGTG-1_GSM4013392,0
TATTACCAGGAGCGAG-1_GSM4013392,0
TACTTGTGTCTCCACT-1_GSM4013392,10
AGGCCACGTGCCTGTG-1_GSM4013392,10
GACGTTAAGACTGTAA-1_GSM4013392,0
TGCGGGTTCCGAGCCA-1_GSM4013392,4
GCTGCAGTCAAGATCC-1_GSM4013392,7
GGGTTGCGTTATTCTC-1_GSM4013392,7
AGAATAGAGGTTACCT-1_GSM4013392,0
AGGGTGAGTCGATTGT-1_GSM4013392,0
GCAAACTAGGACAGAA-1_GSM4013392,9
GCACATATCGTGGTCG-1_GSM4013392,7
CGATTGATCTAAGCCA-1_GSM4013392,10
GATCGTAAGCCCGAAA-1_GSM4013392,1
TCTCTAATCTGGCGTG-1_GSM4013392,7
TGAGAGGCAGATCGGA-1_GSM4013392,7
TGTGTTTTCATTATCC-1_GSM4013392,7
GATGCTATCTATGTGG-1_GSM4013392,1
GCAGTTAGTATATCCG-1_GSM4013392,5
CCACCTATCATGTCCC-1_GSM4013392,8
CTAACTTCAAGGTGTG-1_GSM4013392,7
TGCCCATCATCGTCGG-1_GSM4013392,9
GGGAATGTCAGGATCT-1_GSM4013392,12
ATGGGAGTCGAATGCT-1_GSM4013392,5
GATGAAATCACTCCTG-1_GSM4013392,5
AGTGAGGCAAGCCGTC-1_GSM4013392,10
GGACAAGCATGGGACA-1_GSM4013392,5
CAACTAGTCGCGCCAA-1_GSM4013392,7
GTGCTTCGTCCAGTAT-1_GSM4013392,8
CTGATAGAGCGTGTCC-1_GSM4013392,10
CATCCACGTGTAACGG-1_GSM4013392,0
AGCGTATTCCAAAGTC-1_GSM4013392,0
GTCTTCGCATACAGCT-1_GSM4013392,10
CCATTCGGTTGAGGTG-1_GSM4013392,10
GCCAAATCAACCGCCA-1_GSM4013392,12
GAAATGAAGACTTGAA-1_GSM4013392,7
TCAACGACACGTCAGC-1_GSM4013392,8
GAATGAATCTGAGTGT-1_GSM4013392,5
AACACGTTCCGCAAGC-1_GSM4013392,0
ACACTGATCAGGTAAA-1_GSM4013392,7
TTCCCAGAGTGTGAAT-1_GSM4013392,14
GCGGGTTCAGCGTAAG-1_GSM4013392,5
TGGTTCCGTCTTCTCG-1_GSM4013392,8
GCTTCCACATCCGCGA-1_GSM4013392,8
AGGCCGTCACTTGGAT-1_GSM4013392,5
ACGGAGAAGCGTCAAG-1_GSM4013392,12
GAGTCCGAGTTAGCGG-1_GSM4013392,7
CATCAAGCAATCTACG-1_GSM4013392,13
GCTGCAGTCCGCATAA-1_GSM4013392,8
TGACAACCATCACGTA-1_GSM4013392,10
ACAGCCGAGGCCATAG-1_GSM4013392,13
GAGCAGACATGTTCCC-1_GSM4013392,14
TACTTGTCAGCTGGCT-1_GSM4013392,8
TGCTACCGTGCGATAG-1_GSM4013392,3
AGAATAGTCGTTGACA-1_GSM4013392,0
GTCCTCATCTTACCTA-1_GSM4013392,8
CAGCATAGTAGTACCT-1_GSM4013392,5
TGAAAGATCATGTCTT-1_GSM4013392,8
TCGTACCGTAAGAGAG-1_GSM4013392,8
GCATGATCAGTGAGTG-1_GSM4013392,8
AAAGATGGTCAGCTAT-1_GSM4013392,10
CCCAATCGTTGACGTT-1_GSM4013392,7
AACTCAGTCTCGCATC-1_GSM4013392,8
CTAAGACGTATCTGCA-1_GSM4013392,0
ACCGTAAAGACAATAC-1_GSM4013392,9
CTACGTCTCCTATGTT-1_GSM4013392,14
CACATAGCAAGTACCT-1_GSM4013392,13
GGCGTGTTCCAGTAGT-1_GSM4013392,7
TGCTACCGTAAGTAGT-1_GSM4013392,0
AGATCTGCATACTCTT-1_GSM4013392,8
TGATTTCAGTAAGTAC-1_GSM4013392,10
GTCTTCGCACACATGT-1_GSM4013392,10
ACTGTCCTCCTCTAGC-1_GSM4013392,10
TACAGTGGTTCCACTC-1_GSM4013392,9
CGAATGTCAAGACACG-1_GSM4013392,8
ACACCGGTCTGCGGCA-1_GSM4013392,12
ATCATGGGTCTCATCC-1_GSM4013392,8
TGGCCAGTCAATACCG-1_GSM4013392,8
AGCGGTCGTCACCCAG-1_GSM4013392,6
AGAGCTTAGGGCTTCC-1_GSM4013392,3
ACCAGTATCGTGGTCG-1_GSM4013392,5
CTACCCAGTCTAACGT-1_GSM4013392,1
GCTGCAGCAGTACACT-1_GSM4013392,8
GTGCATACAAGGCTCC-1_GSM4013392,5
CTGAAACTCTTAGAGC-1_GSM4013392,10
TGTCCCAGTGACGGTA-1_GSM4013392,7
ATGGGAGCATTACCTT-1_GSM4013392,9
ACAGCTAGTACCAGTT-1_GSM4013392,9
GTAACTGTCTATGTGG-1_GSM4013392,8
TACCTTATCGTCGTTC-1_GSM4013392,0
CGGGTCAGTGGAAAGA-1_GSM4013392,8
AACCGCGGTACCAGTT-1_GSM4013392,5
CAGCTGGGTCACCTAA-1_GSM4013392,6
CATATGGTCGGTCTAA-1_GSM4013392,10
GCATGTAAGCTGAACG-1_GSM4013392,0
CTACGTCGTTAGGGTG-1_GSM4013392,7
CAGGTGCTCGCCAGCA-1_GSM4013392,12
ACCGTAAAGAGCTATA-1_GSM4013392,9
ATAACGCTCCATGCTC-1_GSM4013392,12
AAGGTTCGTAGGCATG-1_GSM4013392,7
TCGCGAGCAAGGTTCT-1_GSM4013392,8
ACGGAGAAGGGTCTCC-1_GSM4013392,9
ACTGCTCAGCTCCTCT-1_GSM4013392,5
CTCACACCAAGCCGTC-1_GSM4013392,12
TCTCTAATCGGCGCAT-1_GSM4013392,8
TGCGCAGTCGAGCCCA-1_GSM4013392,8
CATCAGAGTAAGAGGA-1_GSM4013392,13
GTTACAGGTTAGGGTG-1_GSM4013392,10
GTTAAGCTCCTTGGTC-1_GSM4013392,8
AGCTCCTAGCGCCTCA-1_GSM4013392,14
CGTCACTCAGCTATTG-1_GSM4013392,13
CGTGTCTAGCCAGTAG-1_GSM4013392,4
GGCTGGTAGCTGCCCA-1_GSM4013392,5
CCTACACAGTGTCCAT-1_GSM4013392,12
AACTCAGTCTTGCCGT-1_GSM4013392,14
GCGCCAACACAACGTT-1_GSM4013392,10
GGACAGAAGCGATGAC-1_GSM4013392,8
ATCACGACACGTAAGG-1_GSM4013392,13
ACCGTAATCGCTTGTC-1_GSM4013392,8
AAATGCCCAATCCAAC-1_GSM4013392,13
ACTGAGTTCGGCATCG-1_GSM4013392,3
CTGAAACCATGCGCAC-1_GSM4013392,13
TGTGGTACATACGCTA-1_GSM4013392,12
TCATTACAGGTGGGTT-1_GSM4013392,8
CTAAGACTCCGCGTTT-1_GSM4013392,8
GCATACACAATGTAAG-1_GSM4013392,4
AGTCTTTTCGTCTGCT-1_GSM4013392,13
CCACTACTCCCTTGCA-1_GSM4013392,13
CTGAAGTTCTGTACGA-1_GSM4013392,9
TAGTTGGCAGCGTAAG-1_GSM4013392,0
CATTATCGTAATAGCA-1_GSM4013392,8
AACTGGTGTACTCTCC-1_GSM4013392,8
GGACGTCGTAGAGCTG-1_GSM4013392,8
AGTGGGATCGTAGATC-1_GSM4013392,13
CCCTCCTAGCGATGAC-1_GSM4013392,13
CGTAGCGTCTGGCGTG-1_GSM4013392,12
GACACGCCATCGTCGG-1_GSM4013392,9
AGGGAGTGTCAACATC-1_GSM4013392,8
GACGTTATCAACGAAA-1_GSM4013392,12
TCGGTAACAATCACAC-1_GSM4013392,13
GAGCAGATCCCTTGCA-1_GSM4013392,10
GAACCTACATCACGTA-1_GSM4013392,0
CTGATAGAGAAACGAG-1_GSM4013392,8
TACTTACTCGTCCGTT-1_GSM4013392,13
ATCATGGTCGGTTAAC-1_GSM4013392,0
GTCATTTAGCTGCCCA-1_GSM4013392,13
CGAACATTCATGGTCA-1_GSM4013392,7
AAAGATGTCAGTCAGT-1_GSM4013392,8
AGTGTCAAGCGTGAAC-1_GSM4013392,6
CGCGGTAGTTCAGCGC-1_GSM4013392,7
CCTTTCTAGTTGAGAT-1_GSM4013392,9
CTCGGGAAGAAACCGC-1_GSM4013392,8
CCATTCGAGGGTCGAT-1_GSM4013392,8
TTGGAACGTAGGCATG-1_GSM4013392,4
AACCATGTCGAGGTAG-1_GSM4013392,5
GGATGTTCAATTCCTT-1_GSM4013392,8
TGAGGGATCACTTCAT-1_GSM4013392,13
GTAACTGGTCTGCGGT-1_GSM4013392,8
CTGGTCTGTCTAAACC-1_GSM4013392,9
ATAAGAGAGGTAAACT-1_GSM4013392,13
CCATGTCTCGGCCGAT-1_GSM4013392,13
TCGTACCTCAGCTCTC-1_GSM4013392,13
CTACACCAGTGGACGT-1_GSM4013392,1
CCACTACTCACGAAGG-1_GSM4013392,13
GGATTACGTCAGTGGA-1_GSM4013392,10
GGCTCGAAGTAACCCT-1_GSM4013392,12
TACGGGCGTCTAGTCA-1_GSM4013392,13
CCAATCCAGCTGAAAT-1_GSM4013392,15
ATGCGATTCTCAAGTG-1_GSM4013392,1
TACTTGTGTCTTGATG-1_GSM4013392,0
ACGCCGAGTCCAAGTT-1_GSM4013392,13
ACACCCTTCCATTCTA-1_GSM4013392,0
CGTGAGCGTGGTGTAG-1_GSM4013392,10
CAAGATCGTGCATCTA-1_GSM4013392,3
GTTCGGGTCGTACGGC-1_GSM4013392,13
CACACTCTCACCTTAT-1_GSM4013392,17
CTAACTTCAGCTGTAT-1_GSM4013392,9
TGTTCCGAGGGTTCCC-1_GSM4013392,8
CGATTGAGTAAATGAC-1_GSM4013392,10
GAACATCCAGGGATTG-1_GSM4013392,21
ATTACTCAGTCAAGCG-1_GSM4013392,9
TCAATCTAGATCCCGC-1_GSM4013392,3
TGGCCAGGTCTAGTGT-1_GSM4013392,8
TATGCCCGTTTAGGAA-1_GSM4013392,8
CATCAAGTCATACGGT-1_GSM4013392,13
GAGTCCGTCGCTAGCG-1_GSM4013392,13
AGATCTGCATTAACCG-1_GSM4013392,13
CACTCCAGTAGCGTCC-1_GSM4013392,9
TAGAGCTGTCGAACAG-1_GSM4013392,9
CTGCTGTCAGTATCTG-1_GSM4013392,13
CCTTCCCAGCTGATAA-1_GSM4013392,13
CCTTCCCAGCCACTAT-1_GSM4013392,13
GTTAAGCAGAGGTTAT-1_GSM4013392,8
TACCTATCAACAACCT-1_GSM4013392,13
CTGCCTAAGTCTTGCA-1_GSM4013392,13
CATTATCGTGCAGGTA-1_GSM4013392,8
GTTAAGCTCCTGTAGA-1_GSM4013392,14
CGATTGATCAACCATG-1_GSM4013392,8
GTCGTAACAAGTCATC-1_GSM4013392,9
ACGAGGAAGACGACGT-1_GSM4013392,13
TTTACTGAGAATTCCC-1_GSM4013392,6
TGGGCGTTCCTGCAGG-1_GSM4013392,13
GCACTCTAGAAGGGTA-1_GSM4013392,13
CCGGTAGAGTCTCAAC-1_GSM4013392,5
GTCATTTAGTCGCCGT-1_GSM4013392,13
GAGGTGAAGCCTCGTG-1_GSM4013392,14
GTTACAGTCCATGAGT-1_GSM4013392,6
GCATGCGGTTTAAGCC-1_GSM4013392,9
ACACCCTCATGTAAGA-1_GSM4013392,3
GACCAATCACGCCAGT-1_GSM4013392,1
ACGATGTCAGAGCCAA-1_GSM4013392,13
CCACTACTCTCACATT-1_GSM4013392,15
GCGCCAAGTGTCCTCT-1_GSM4013392,9
CTTAACTTCGAATCCA-1_GSM4013392,13
GTCATTTCAGCAGTTT-1_GSM4013392,10
ACGGGTCAGACAGAGA-1_GSM4013392,8
CGAACATCATGGTAGG-1_GSM4013392,9
AGACGTTGTGTTTGGT-1_GSM4013392,0
ACATACGTCGTCTGCT-1_GSM4013392,13
ACTTACTTCCTTCAAT-1_GSM4013392,15
AATCGGTTCAGGTTCA-1_GSM4013392,8
GATCGATGTGTGCGTC-1_GSM4013392,13
TGATTTCAGAAGGTTT-1_GSM4013392,13
CAGAGAGTCAAACAAG-1_GSM4013392,10
ACTTTCATCATTTGGG-1_GSM4013392,13
ACTGTCCAGTGCGTGA-1_GSM4013392,10
TGGTTAGCAGGCGATA-1_GSM4013392,8
TTAACTCAGTAATCCC-1_GSM4013392,9
CTTACCGAGAATTGTG-1_GSM4013392,13
ATAACGCCATGATCCA-1_GSM4013392,8
CCCTCCTTCAACTCTT-1_GSM4013392,13
GGACAGAAGCCGTCGT-1_GSM4013392,13
CCTTCGATCGGTGTCG-1_GSM4013392,8
CGATTGATCACATAGC-1_GSM4013392,8
GTAGTCAAGTTAGGTA-1_GSM4013392,5
ATCACGACATAGTAAG-1_GSM4013392,13
CGTTCTGAGGTGACCA-1_GSM4013392,12
AATCGGTGTGAGCGAT-1_GSM4013392,17
CGGTTAACATAGAAAC-1_GSM4013392,0
GACCAATAGGGAGTAA-1_GSM4013392,12
ACTTTCACAGCTATTG-1_GSM4013392,5
CCCAGTTTCTGGTTCC-1_GSM4013392,8
ATCGAGTCATAGGATA-1_GSM4013392,8
TAGTTGGCATCACAAC-1_GSM4013392,16
CTGATCCAGGTGTTAA-1_GSM4013392,13
AGACGTTTCCATGAGT-1_GSM4013392,3
GATCGCGGTCAAAGAT-1_GSM4013392,15
CAAGGCCGTAAATGTG-1_GSM4013392,8
CCGTGGAGTAAAGTCA-1_GSM4013392,13
TCTGAGAAGTCACGCC-1_GSM4013392,12
AGAGCGACAATTGCTG-1_GSM4013392,6
ATTGGACTCTGACCTC-1_GSM4013392,14
AGTTGGTTCATTCACT-1_GSM4013392,8
GCTTCCAGTCTGATCA-1_GSM4013392,9
CTTGGCTGTGTAACGG-1_GSM4013392,11
CGAATGTTCCACTCCA-1_GSM4013392,13
CAGTAACGTAGAGGAA-1_GSM4013392,10
TGAGCCGAGCTCAACT-1_GSM4013392,8
GGACGTCAGGTACTCT-1_GSM4013392,8
GGACGTCAGACAGGCT-1_GSM4013392,13
GTACTCCCATGTCTCC-1_GSM4013392,5
GGACGTCTCGACAGCC-1_GSM4013392,9
AACCGCGAGGCTAGGT-1_GSM4013392,13
AGGGATGCACAGACAG-1_GSM4013392,11
CACTCCATCACGGTTA-1_GSM4013392,9
GAAACTCGTAACGTTC-1_GSM4013392,14
TCAATCTAGATCGGGT-1_GSM4013392,16
GAAATGATCGAGCCCA-1_GSM4013392,15
AACTCAGGTCCGAAGA-1_GSM4013392,13
AAGCCGCCACACGCTG-1_GSM4013392,13
GTGTGCGGTCGATTGT-1_GSM4013392,13
CGATGGCGTGTATGGG-1_GSM4013392,13
TCATTACTCTCGCTTG-1_GSM4013392,15
CAGAGAGGTACCGTTA-1_GSM4013392,10
CGCTGGAAGTACGATA-1_GSM4013392,3
GAATGAACATTCTCAT-1_GSM4013392,10
ACGAGGACAAGCCTAT-1_GSM4013392,15
AGTGTCACATGTAGTC-1_GSM4013392,18
TTCTTAGGTACCGTTA-1_GSM4013392,11
AGACGTTAGTTATCGC-1_GSM4013392,15
GTCGTAAAGACGCTTT-1_GSM4013392,5
CGTAGGCCAGACGCTC-1_GSM4013392,8
CCCATACTCATGCTCC-1_GSM4013392,18
CTACATTTCAGGTAAA-1_GSM4013392,8
GCGGGTTCATGCAATC-1_GSM4013392,5
TGAAAGAAGACCTTTG-1_GSM4013392,16
ACCGTAAGTGGCCCTA-1_GSM4013392,10
AGATTGCGTACGACCC-1_GSM4013392,1
CATCGGGTCCTAGAAC-1_GSM4013392,4
GTAGTCACAGATGGCA-1_GSM4013392,13
TCGCGAGAGATAGTCA-1_GSM4013392,9
CTCCTAGCACAGTCGC-1_GSM4013392,13
TTGCGTCTCGGAGCAA-1_GSM4013392,9
TGGTTCCAGTGGGTTG-1_GSM4013392,13
ACGCCAGCATGCCACG-1_GSM4013392,8
CTGATCCGTGGTCTCG-1_GSM4013392,9
AGTGTCAAGCTGCCCA-1_GSM4013392,9
GCGCAACGTAGGGACT-1_GSM4013392,8
CCTCAGTGTGGGTCAA-1_GSM4013392,8
GGGTTGCCATTCTTAC-1_GSM4013392,1
ATGCGATCATGATCCA-1_GSM4013392,13
AGTCTTTTCAGCTCTC-1_GSM4013392,9
TGTTCCGAGCGTAATA-1_GSM4013392,9
GAGGTGATCTAACTTC-1_GSM4013392,13
CCCTCCTGTCTAAACC-1_GSM4013392,12
CGTAGCGAGGTGCTAG-1_GSM4013392,12
TACCTATGTGGTTTCA-1_GSM4013392,8
CGATTGACAAGAGGCT-1_GSM4013392,11
CAGTCCTTCTTATCTG-1_GSM4013392,12
CAGAATCCAGTATGCT-1_GSM4013392,13
GTATCTTTCGATAGAA-1_GSM4013392,13
CACACTCGTAGCGATG-1_GSM4013392,1
ACGAGGACACCTCGTT-1_GSM4013392,8
GTGCTTCGTATATGAG-1_GSM4013392,8
AGAATAGAGTACTTGC-1_GSM4013392,13
AGCTCTCCAATGGACG-1_GSM4013392,9
GTGAAGGGTAAGCACG-1_GSM4013392,8
CTGAAGTCATTAACCG-1_GSM4013392,13
GAACGGATCGGATGTT-1_GSM4013392,16
ACGCCAGGTCAGGACA-1_GSM4013392,12
GTGTGCGCACCAACCG-1_GSM4013392,8
AGTGAGGAGCAATCTC-1_GSM4013392,8
TCTATTGCAGCCTGTG-1_GSM4013392,10
CACAGGCGTCCAGTGC-1_GSM4013392,5
ACACTGATCAGAGGTG-1_GSM4013392,13
AACTCAGAGGGTTCCC-1_GSM4013392,9
CTACACCGTTAAGAAC-1_GSM4013392,13
CTCGTACAGAAGATTC-1_GSM4013392,8
CCTCTGAGTCTTCAAG-1_GSM4013392,8
TCGGGACCACGTGAGA-1_GSM4013392,4
GTTCGGGTCGGAATCT-1_GSM4013392,8
CCAGCGACAATGAATG-1_GSM4013392,11
GTGCTTCCAATTCCTT-1_GSM4013392,4
TAGGCATGTCAATGTC-1_GSM4013392,5
CTTAACTGTATTAGCC-1_GSM4013392,13
ACGGCCAGTGGCCCTA-1_GSM4013392,15
CCCTCCTAGTCCTCCT-1_GSM4013392,16
AACCATGGTCTAAACC-1_GSM4013392,18
CACTCCATCATGCAAC-1_GSM4013392,9
GTACTTTAGTGCGATG-1_GSM4013392,13
TGGGCGTAGTGTGAAT-1_GSM4013392,1
GACACGCCAAGTTGTC-1_GSM4013392,3
CACACTCGTTAAGTAG-1_GSM4013392,8
GCGACCATCCATGCTC-1_GSM4013392,8
AAGTCTGCAGGTCTCG-1_GSM4013392,13
TGTCCCACAAGGTTCT-1_GSM4013392,11
AACCATGTCCTAAGTG-1_GSM4013392,14
ATGGGAGTCATTATCC-1_GSM4013392,14
TGGCGCATCGGAGGTA-1_GSM4013392,10
ATTCTACAGAGCCTAG-1_GSM4013392,10
GGACATTAGTGTTGAA-1_GSM4013392,9
AGCGTATAGAGTCGGT-1_GSM4013392,9
AAGCCGCTCCGTAGGC-1_GSM4013392,1
CCTAGCTAGTGGGTTG-1_GSM4013392,13
CAGCTAAGTCGATTGT-1_GSM4013392,4
ATAGACCGTGTGCGTC-1_GSM4013392,8
CTCTAATGTGCTGTAT-1_GSM4013392,4
CTACATTAGATATGCA-1_GSM4013392,14
GCATGCGGTACTTCTT-1_GSM4013392,14
GTTACAGTCCACGCAG-1_GSM4013392,4
CGCGTTTCAAAGAATC-1_GSM4013392,4
TCGCGTTGTACTCAAC-1_GSM4013392,14
CCGTGGAAGTACATGA-1_GSM4013392,13
TCTTCGGCAGCGTTCG-1_GSM4013392,8
TTCCCAGAGACAATAC-1_GSM4013392,18
CCTTACGAGAATGTTG-1_GSM4013392,6
GCGGGTTGTCGAGATG-1_GSM4013392,12
CGTCTACCATCGGAAG-1_GSM4013392,18
TCGTACCTCATCACCC-1_GSM4013392,18
TCAGCTCCAAACTGCT-1_GSM4013392,13
CATATTCCACTTACGA-1_GSM4013392,15
TGACTAGTCGGCCGAT-1_GSM4013392,6
TCACGAACAAGGACTG-1_GSM4013392,18
ATCACGAAGGGAGTAA-1_GSM4013392,14
ATCATCTCAAAGTGCG-1_GSM4013392,15
CGATTGAAGCTATGCT-1_GSM4013392,4
TAGCCGGCACGCTTTC-1_GSM4013392,8
CGATTGATCACCTTAT-1_GSM4013392,18
TTTATGCAGGTCGGAT-1_GSM4013392,14
TTAGGACCAATTGCTG-1_GSM4013392,5
TCTGAGATCCTAGGGC-1_GSM4013392,15
GATCAGTAGAAGGCCT-1_GSM4013392,9
CACACCTCAATCTACG-1_GSM4013392,0
GCATGCGAGAAGATTC-1_GSM4013392,13
CCCTCCTTCTCCTATA-1_GSM4013392,10
CGCGGTAGTACCGGCT-1_GSM4013392,8
TGCTGCTGTTATGTGC-1_GSM4013392,18
GGAATAATCAGTTGAC-1_GSM4013392,9
TGTGTTTGTTACCGAT-1_GSM4013392,4
AACCGCGAGGTAAACT-1_GSM4013392,13
GGTATTGAGCAATCTC-1_GSM4013392,5
CCATGTCTCAGCTTAG-1_GSM4013392,13
GGCCGATGTTCGTGAT-1_GSM4013392,8
TATGCCCTCTCCAGGG-1_GSM4013392,8
CAAGTTGAGAGACTTA-1_GSM4013392,14
GACCAATTCTCTGAGA-1_GSM4013392,9
AGAGTGGAGCCGGTAA-1_GSM4013392,11
TCACAAGTCTTTAGGG-1_GSM4013392,4
AAGTCTGAGACTACAA-1_GSM4013392,8
GCTGCAGGTACGACCC-1_GSM4013392,18
ACACTGAGTCCGTGAC-1_GSM4013392,11
GATCAGTCAGGTGGAT-1_GSM4013392,15
ATGCGATTCCTAGAAC-1_GSM4013392,0
GCACATAGTTATCGGT-1_GSM4013392,13
CTCGGGACAACTGCGC-1_GSM4013392,12
GAATAAGTCTAGAGTC-1_GSM4013392,18
ATTGGTGCACAGACAG-1_GSM4013392,15
CTACATTAGATCTGAA-1_GSM4013392,9
AGGTCCGAGATGTAAC-1_GSM4013392,13
CCATTCGAGCTTTGGT-1_GSM4013392,9
TCACGAAGTTGCGTTA-1_GSM4013392,9
TGGCTGGTCAGTACGT-1_GSM4013392,8
CATATGGTCTACCAGA-1_GSM4013392,15
ATGCGATAGGCCATAG-1_GSM4013392,18
CCTTACGTCAAGAAGT-1_GSM4013392,10
GGTGCGTCATGGTAGG-1_GSM4013392,3
GACGTTACAGACACTT-1_GSM4013392,14
GGCAATTTCAGCGACC-1_GSM4013392,8
ATTGGTGCATGCCCGA-1_GSM4013392,15
ATTGGTGAGTGAATTG-1_GSM4013392,18
ACTGTCCAGTGGCACA-1_GSM4013392,13
CCGTACTAGGATGTAT-1_GSM4013392,18
ATTGGTGGTGCAACTT-1_GSM4013392,14
TGGCGCAAGTAGGTGC-1_GSM4013392,15
CAGCAGCGTCATGCCG-1_GSM4013392,16
ATCATGGTCATCGCTC-1_GSM4013392,4
ACGCCGAGTGATAAGT-1_GSM4013392,15
AGCGTCGTCTTTACAC-1_GSM4013392,16
CCGGGATAGGTTCCTA-1_GSM4013392,18
CTCACACAGCCTATGT-1_GSM4013392,8
TTCTACAAGGTGCTTT-1_GSM4013392,18
GCAATCAAGGACGAAA-1_GSM4013392,13
GGCCGATAGGGTGTTG-1_GSM4013392,1
TACTTACCACGAGGTA-1_GSM4013392,8
TAAGCGTTCTTTAGGG-1_GSM4013392,18
TGGGAAGCAGATCGGA-1_GSM4013392,18
ACGTCAAGTTCAGGCC-1_GSM4013392,13
GCTGCAGCAGCTTCGG-1_GSM4013392,14
CTCATTACACCACGTG-1_GSM4013392,8
GTGCTTCAGCAGCGTA-1_GSM4013392,18
CCGTTCATCGATCCCT-1_GSM4013392,11
GGGTCTGGTTAGAACA-1_GSM4013392,16
CTGCTGTTCAACCAAC-1_GSM4013392,15
ACAGCTATCATCGGAT-1_GSM4013392,10
TCGTACCGTGCGCTTG-1_GSM4013392,8
GAGGTGATCGTAGGAG-1_GSM4013392,18
GGACGTCGTACCGCTG-1_GSM4013392,13
CTAGAGTAGTCAAGGC-1_GSM4013392,15
GAATGAAAGAGGTACC-1_GSM4013392,18
TAGTTGGCATACGCTA-1_GSM4013392,15
CGAATGTAGAAGAAGC-1_GSM4013392,10
TACGGATAGTGGAGAA-1_GSM4013392,9
TTAGGCACAATGGAAT-1_GSM4013392,18
GGTATTGCAAGAGGCT-1_GSM4013392,10
GTACGTACAGGATTGG-1_GSM4013392,10
GCAATCATCCCAAGTA-1_GSM4013392,14
GCAATCAAGCTGAAAT-1_GSM4013392,18
TAGACCAAGGTCGGAT-1_GSM4013392,15
TAGTGGTTCATGCTCC-1_GSM4013392,13
GTCCTCATCGGAGGTA-1_GSM4013392,13
CGTGTAAGTGATGATA-1_GSM4013392,9
TTTACTGCAGGAACGT-1_GSM4013392,9
CTCATTACAGGGTATG-1_GSM4013392,4
GTTACAGTCCAAGCCG-1_GSM4013392,15
TGCCCTAAGAGCAATT-1_GSM4013392,13
CGCTATCAGTGTTTGC-1_GSM4013392,18
CTGATCCTCGGCCGAT-1_GSM4013392,18
CCTTCCCCATTCCTGC-1_GSM4013392,8
AGAATAGGTACCGTAT-1_GSM4013392,18
CTAGTGATCAACACAC-1_GSM4013392,15
CTAATGGAGCGCCTCA-1_GSM4013392,13
TTTATGCAGACTGTAA-1_GSM4013392,9
CTAACTTCATGTCCTC-1_GSM4013392,18
CAGAGAGGTAGGACAC-1_GSM4013392,8
TGGACGCGTACCTACA-1_GSM4013392,15
ATAAGAGGTCTAGCCG-1_GSM4013392,18
GTATCTTCAGGAACGT-1_GSM4013392,8
CGGAGCTTCTGCAGTA-1_GSM4013392,18
TACTCGCAGGCATGTG-1_GSM4013392,15
CTAGCCTCATCCCACT-1_GSM4013392,9
CCGTGGATCCAACCAA-1_GSM4013392,8
CTAAGACCAGGTGCCT-1_GSM4013392,15
ACACCGGGTCACCCAG-1_GSM4013392,18
AAACCTGTCCGCATCT-1_GSM4013392,18
CAGGTGCCAGTCCTTC-1_GSM4013392,11
GTTCGGGTCACCATAG-1_GSM4013392,9
TGGCCAGAGCCACGCT-1_GSM4013392,15
CAGGTGCTCGATCCCT-1_GSM4013392,16
GATTCAGTCGCTAGCG-1_GSM4013392,11
GACGTTAAGTGTCCCG-1_GSM4013392,18
CACACTCAGGTGACCA-1_GSM4013392,10
CCTACACCAATGACCT-1_GSM4013392,5
GCCAAATCATGGAATA-1_GSM4013392,18
GATGAAATCAGTACGT-1_GSM4013392,15
AGCGTATCACGAAAGC-1_GSM4013392,16
AACCATGTCAGAAATG-1_GSM4013392,17
GTCATTTCACTTACGA-1_GSM4013392,3
AGAATAGCACGTCAGC-1_GSM4013392,15
GTGCATATCTTACCTA-1_GSM4013392,16
GACGCGTAGATGTTAG-1_GSM4013392,18
CACCAGGCACGAGAGT-1_GSM4013392,10
TATCTCACATCCTTGC-1_GSM4013392,18
GGATGTTCAGATCGGA-1_GSM4013392,13
CCCAATCTCAGCTCGG-1_GSM4013392,18
CTACATTGTCAAGCGA-1_GSM4013392,11
GTCGTAACATGCCTAA-1_GSM4013392,4
GGGCACTGTTCAGGCC-1_GSM4013392,9
CTCTACGGTACGCTGC-1_GSM4013392,18
CTGCGGATCTGGAGCC-1_GSM4013392,18
TGCCCATGTTCCACAA-1_GSM4013392,15
GGGAATGGTGGTCTCG-1_GSM4013392,3
CCCAATCGTAGCCTAT-1_GSM4013392,18
TACCTATTCGATGAGG-1_GSM4013392,16
CTCTGGTAGACTAGAT-1_GSM4013392,14
GGGAATGGTAGCGCTC-1_GSM4013392,18
GGCGTGTGTAAGCACG-1_GSM4013392,8
CGTTGGGCAGTCGATT-1_GSM4013392,4
AATCCAGAGTGGGATC-1_GSM4013392,15
CTTCTCTTCACTTATC-1_GSM4013392,15
CCCAGTTCATGCAACT-1_GSM4013392,18
GCACTCTAGCAATCTC-1_GSM4013392,15
GTATTCTCACAAGTAA-1_GSM4013392,18
GGCCGATAGATATGCA-1_GSM4013392,14
TACCTTAAGTTCGCGC-1_GSM4013392,13
GTAGTCAGTCCCTTGT-1_GSM4013392,18
TGGACGCTCGTAGGAG-1_GSM4013392,15
CGCGGTAAGGGAGTAA-1_GSM4013392,15
TCGCGAGAGGAATCGC-1_GSM4013392,15
GGACAAGAGAGGGATA-1_GSM4013392,15
TTCTCCTCATTCGACA-1_GSM4013392,9
CGATCGGAGCAGGCTA-1_GSM4013392,8
ATAACGCAGTAAGTAC-1_GSM4013392,11
TGGACGCCACATCCGG-1_GSM4013392,18
GCTTCCAGTTGAACTC-1_GSM4013392,15
ATTGGACTCATTTGGG-1_GSM4013392,15
CGAACATGTCGAGTTT-1_GSM4013392,4
TAGTTGGCAACCGCCA-1_GSM4013392,11
TACGGATTCTACTTAC-1_GSM4013392,15
TTCTTAGAGTCGATAA-1_GSM4013392,9
CGCTTCATCCTAAGTG-1_GSM4013392,15
CTTGGCTCAAACCTAC-1_GSM4013392,8
TTGGAACTCTGCTTGC-1_GSM4013392,10
TCACGAATCCAAAGTC-1_GSM4013392,15
AACTCAGTCTTCATGT-1_GSM4013392,8
TCAATCTTCAGCTGGC-1_GSM4013392,18
TATCAGGGTTAAGGGC-1_GSM4013392,5
ACCAGTATCAGCTCGG-1_GSM4013392,8
CTCAGAACAAGGACAC-1_GSM4013392,18
TCACGAATCTTCAACT-1_GSM4013392,9
CGATTGAAGTAGCCGA-1_GSM4013392,11
CACAGTAAGTCCGGTC-1_GSM4013392,15
CATTCGCCATCGACGC-1_GSM4013392,15
ATAGACCAGTTAAGTG-1_GSM4013392,18
GATCAGTCACGCTTTC-1_GSM4013392,18
GACAGAGTCGGTCCGA-1_GSM4013392,1
GTTAAGCTCCATGAAC-1_GSM4013392,11
TATCAGGCATCGGAAG-1_GSM4013392,18
GTTCGGGCAATCTACG-1_GSM4013392,16
CGTAGCGCAGGACCCT-1_GSM4013392,18
CATCGGGGTTATCCGA-1_GSM4013392,1
GCGCCAATCCCAGGTG-1_GSM4013392,12
CATATGGAGACAAGCC-1_GSM4013392,14
TGTGTTTGTCAGAGGT-1_GSM4013392,6
CTGTGCTAGGCTCTTA-1_GSM4013392,3
AAACGGGCATTAACCG-1_GSM4013392,10
GTTAAGCCAGTTAACC-1_GSM4013392,15
ACCAGTATCCATGCTC-1_GSM4013392,14
ACATACGCAGCTATTG-1_GSM4013392,15
CCGTTCACAAGCCATT-1_GSM4013392,8
CACCTTGAGATCGATA-1_GSM4013392,4
ACTGTCCCAAACCCAT-1_GSM4013392,18
CACACTCTCACCACCT-1_GSM4013392,18
CACATTTAGCAAATCA-1_GSM4013392,18
ACATGGTGTCCAGTGC-1_GSM4013392,15
GGGACCTTCCGCTGTT-1_GSM4013392,15
TCGGTAACACCAGATT-1_GSM4013392,13
TGAGAGGAGAGACGAA-1_GSM4013392,10
GGGACCTCAGCTGGCT-1_GSM4013392,16
GGATGTTCACAGATTC-1_GSM4013392,10
TGAAAGATCAAACGGG-1_GSM4013392,18
GGGTCTGAGGAGTACC-1_GSM4013392,4
GTAGGCCGTGTTGAGG-1_GSM4013392,18
CTGCTGTTCACGCGGT-1_GSM4013392,4
TAAACCGCATCTCCCA-1_GSM4013392,1
TTAGGACGTAAGGGCT-1_GSM4013392,8
TGCCCTACAAACCTAC-1_GSM4013392,13
CACACCTGTTCCACAA-1_GSM4013392,4
GGACAAGCACAGGAGT-1_GSM4013392,18
TCAGGTAAGTACGCCC-1_GSM4013392,18
ATCTGCCGTCTAGCGC-1_GSM4013392,6
AATCCAGTCGTAGGAG-1_GSM4013392,13
ATCATCTGTGCAGTAG-1_GSM4013392,8
CTCTAATGTAGCAAAT-1_GSM4013392,15
CTTTGCGAGAGCAATT-1_GSM4013392,16
TACACGAAGTGCGATG-1_GSM4013392,18
TAGAGCTCATCTCCCA-1_GSM4013392,16
AAGTCTGTCCTTCAAT-1_GSM4013392,4
CCCAATCAGGGATACC-1_GSM4013392,15
GGAACTTTCCACGCAG-1_GSM4013392,15
GGGAATGTCCGTAGGC-1_GSM4013392,9
ACCTTTAGTAAGAGGA-1_GSM4013392,18
GCACTCTGTGATGCCC-1_GSM4013392,9
ATTTCTGAGCACAGGT-1_GSM4013392,16
TTAGGCAAGGCGCTCT-1_GSM4013392,18
GCTTCCACAGCAGTTT-1_GSM4013392,15
ACTGATGTCACAAACC-1_GSM4013392,9
AAATGCCGTGGCAAAC-1_GSM4013392,11
CTAGCCTGTACTTGAC-1_GSM4013392,9
ACACTGACAAGCGTAG-1_GSM4013392,6
CTCATTAGTTAGAACA-1_GSM4013392,18
GCGACCAGTCTGGAGA-1_GSM4013392,15
TTGGAACCAACAACCT-1_GSM4013392,18
TGCGCAGTCTTGTTTG-1_GSM4013392,14
TAAACCGCACGGTTTA-1_GSM4013392,18
TGCTGCTGTTTCCACC-1_GSM4013392,14
AAACCTGAGTCTTGCA-1_GSM4013392,15
ATTGGACAGATCGGGT-1_GSM4013392,18
TAAGCGTTCGTTTATC-1_GSM4013392,18
TACGGGCGTCGACTGC-1_GSM4013392,18
CACATTTGTAGCCTAT-1_GSM4013392,18
CTGCTGTTCGAGCCCA-1_GSM4013392,11
GTAACGTGTGACTCAT-1_GSM4013392,15
ATGCGATGTAAGTGGC-1_GSM4013392,18
AAGACCTAGTAGGTGC-1_GSM4013392,18
CATTATCCACATGTGT-1_GSM4013392,18
TCGGGACAGGAGTTGC-1_GSM4013392,18
CAGATCAGTGACGGTA-1_GSM4013392,18
CCGTTCAAGTTTAGGA-1_GSM4013392,12
TATCAGGAGAATCTCC-1_GSM4013392,9
TCGCGAGTCTATCGCC-1_GSM4013392,10
TGAGAGGAGGTACTCT-1_GSM4013392,14
GCACATAAGGACGAAA-1_GSM4013392,14
ACGCCAGCATGGTTGT-1_GSM4013392,3
CGAGAAGGTTAAAGAC-1_GSM4013392,18
GATGAAAAGTATGACA-1_GSM4013392,18
TTTACTGTCATAAAGG-1_GSM4013392,15
GCTGCAGAGCTGAAAT-1_GSM4013392,5
ACTGAGTTCGCTAGCG-1_GSM4013392,18
CGCTTCAGTAGTAGTA-1_GSM4013392,15
AGTCTTTCACGCCAGT-1_GSM4013392,9
CAGCAGCTCTCGGACG-1_GSM4013392,18
CTGCTGTAGGAGTAGA-1_GSM4013392,10
GACTGCGGTGCAGACA-1_GSM4013392,4
AGATCTGTCCTAGGGC-1_GSM4013392,18
GGGAATGTCTTTACAC-1_GSM4013392,10
ACTTTCACACCGTTGG-1_GSM4013392,18
GCGCAGTTCACGACTA-1_GSM4013392,3
TCACAAGCATTGAGCT-1_GSM4013392,18
AGCGGTCTCGGAATCT-1_GSM4013392,18
CCACGGACATGCATGT-1_GSM4013392,10
GTCTCGTGTTCCGTCT-1_GSM4013392,15
AGCGTCGTCAAGCCTA-1_GSM4013392,8
TGGACGCCAGGAACGT-1_GSM4013392,8
GATTCAGCATGGTTGT-1_GSM4013392,18
CAGATCAGTGAAATCA-1_GSM4013392,10
CGTTGGGAGCTAGTTC-1_GSM4013392,10
CCTACCACAACACCCG-1_GSM4013392,15
GCTGGGTAGGCATGTG-1_GSM4013392,10
ACCCACTGTCCAACTA-1_GSM4013392,18
TTGGCAAAGCACAGGT-1_GSM4013392,18
AATCCAGAGTTGTAGA-1_GSM4013392,16
AGACGTTCACCTGGTG-1_GSM4013392,5
CTAACTTAGCTTATCG-1_GSM4013392,9
GTACTCCTCCTCTAGC-1_GSM4013392,10
TAAACCGCAAGCCATT-1_GSM4013392,15
TCACGAAGTCAAAGAT-1_GSM4013392,8
TGGCTGGAGTCAATAG-1_GSM4013392,18
CGGAGCTCACCAGGTC-1_GSM4013392,10
GGGAGATGTAAGTGGC-1_GSM4013392,6
GACACGCGTAGCTGCC-1_GSM4013392,14
ACCAGTAGTCAGAAGC-1_GSM4013392,16
AGTGTCACAATAGCGG-1_GSM4013392,16
CTTCTCTTCTTGCATT-1_GSM4013392,18
ATCCACCAGATCGGGT-1_GSM4013392,18
AGAATAGCAGCTTCGG-1_GSM4013392,14
AGTGGGAAGCGTTGCC-1_GSM4013392,15
GTATCTTAGCACCGCT-1_GSM4013392,16
GTATTCTTCCCACTTG-1_GSM4013392,18
CTCAGAAAGCCACCTG-1_GSM4013392,8
GTGAAGGGTACCGTAT-1_GSM4013392,4
TACTCATGTCAACATC-1_GSM4013392,3
CACAGGCCAAGCTGGA-1_GSM4013392,1
ACGGGTCCATGTTGAC-1_GSM4013392,14
CTAACTTAGGACAGCT-1_GSM4013392,18
GTGCGGTAGCATCATC-1_GSM4013392,11
TGATTTCTCCTAGAAC-1_GSM4013392,16
GGTGAAGAGTCTCAAC-1_GSM4013392,18
AGTAGTCTCTGTCCGT-1_GSM4013392,9
ACTGAGTGTCATCGGC-1_GSM4013392,18
CATCAAGCAAGCGTAG-1_GSM4013392,18
GGTATTGCATAAGACA-1_GSM4013392,18
ACAGCCGCAGCGATCC-1_GSM4013392,15
CTCGTCAGTAATTGGA-1_GSM4013392,18
CTTGGCTGTGTAAGTA-1_GSM4013392,1
GGCTCGAGTCTCCACT-1_GSM4013392,18
ACATGGTCACATGTGT-1_GSM4013392,18
ATTCTACCACTCGACG-1_GSM4013392,4
GATGAAAGTCTGCAAT-1_GSM4013392,12
ATCTACTAGAAACGAG-1_GSM4013392,15
ACTTTCACATCCGTGG-1_GSM4013392,15
ACGCCAGGTTCACGGC-1_GSM4013392,9
GACGTGCAGTGGTAAT-1_GSM4013392,18
CGCTTCATCGGAAATA-1_GSM4013392,15
TACGGATGTACATGTC-1_GSM4013392,8
TCAGCAAGTTGGTAAA-1_GSM4013392,15
ACGAGGACAATTCCTT-1_GSM4013392,5
TAGAGCTCAGGATTGG-1_GSM4013392,18
AGTAGTCTCTCGCATC-1_GSM4013392,18
ACCCACTCAGTCAGCC-1_GSM4013392,18
TACGGATTCGAGCCCA-1_GSM4013392,12
TCTGGAACATGACGGA-1_GSM4013392,18
CTAGTGACAAGAAAGG-1_GSM4013392,4
TACCTTAGTAAGGGAA-1_GSM4013392,4
GTACGTAAGTGGAGAA-1_GSM4013392,14
GGAAAGCGTACCAGTT-1_GSM4013392,18
TCGAGGCTCTGGCGAC-1_GSM4013392,1
AACTCAGAGAAACCAT-1_GSM4013392,18
TATGCCCCATGAGCGA-1_GSM4013392,10
AGAATAGGTGGTCCGT-1_GSM4013392,18
CGAATGTTCCCTAACC-1_GSM4013392,11
GGACAAGGTTTAAGCC-1_GSM4013392,11
GCACATACAGATCTGT-1_GSM4013392,15
CCGGGATAGGACACCA-1_GSM4013392,9
AACTCTTTCATAGCAC-1_GSM4013392,18
CATCAGAGTAGAGTGC-1_GSM4013392,18
TGACTTTCAGGGTACA-1_GSM4013392,18
AGTAGTCGTCCCTACT-1_GSM4013392,18
TGCTGCTCAGTATCTG-1_GSM4013392,18
AAGGTTCCAGTAAGCG-1_GSM4013392,15
CATGGCGAGTAGGTGC-1_GSM4013392,18
GTAACTGGTTCCTCCA-1_GSM4013392,18
ACATACGGTCCGACGT-1_GSM4013392,18
TAAGCGTCAGACGCAA-1_GSM4013392,11
CGTCCATTCAGCACAT-1_GSM4013392,18
AACTCAGTCTCAAACG-1_GSM4013392,16
CCTAGCTCACTAGTAC-1_GSM4013392,11
TATCAGGCAGGAATCG-1_GSM4013392,10
CGCGTTTAGCGACGTA-1_GSM4013392,18
CTCGAAATCGGAATCT-1_GSM4013392,18
ACTGCTCGTCTAGAGG-1_GSM4013392,4
GCGCCAACAATGTAAG-1_GSM4013392,16
AGGTCCGAGGACAGAA-1_GSM4013392,18
GTACTCCGTAACGACG-1_GSM4013392,8
TCAGCAACAATCTGCA-1_GSM4013392,18
TACTTACAGTTCCACA-1_GSM4013392,18
CTGCTGTCACCTGGTG-1_GSM4013392,15
ATAAGAGAGGGCATGT-1_GSM4013392,18
GCAAACTCATAGTAAG-1_GSM4013392,8
CGTCTACTCGTTACAG-1_GSM4013392,5
TGGTTAGCACACCGCA-1_GSM4013392,4
ACTGTCCGTGTTCGAT-1_GSM4013392,10
AAAGCAATCCACGCAG-1_GSM4013392,10
TCATTTGTCAGAGCTT-1_GSM4013392,15
AGGGATGTCTTCAACT-1_GSM4013392,18
GCGCAGTAGTTTCCTT-1_GSM4013392,12
ATCATGGCAGATCCAT-1_GSM4013392,18
GAAATGACAGGAATCG-1_GSM4013392,18
GCATACACATGGTTGT-1_GSM4013392,16
GACACGCAGACGCTTT-1_GSM4013392,8
ATAACGCCATGGGAAC-1_GSM4013392,10
GTTCATTGTTGGACCC-1_GSM4013392,15
TCGAGGCAGGCGCTCT-1_GSM4013392,18
ATCGAGTGTGGGTCAA-1_GSM4013392,18
GCTGGGTCATTGCGGC-1_GSM4013392,15
CATTCGCGTTGTCTTT-1_GSM4013392,14
ACGGCCACACGCCAGT-1_GSM4013392,18
GCTTCCATCCACGAAT-1_GSM4013392,9
AGACGTTTCCGATATG-1_GSM4013392,15
GAATGAAGTCTGCCAG-1_GSM4013392,15
GCTCCTAGTCAACATC-1_GSM4013392,10
ATCTACTAGAATGTTG-1_GSM4013392,18
TGCACCTCATGCCACG-1_GSM4013392,18
TGGGCGTCAATAGCAA-1_GSM4013392,18
GATCGCGAGATCCCAT-1_GSM4013392,18
CGAATGTAGTGTGAAT-1_GSM4013392,14
CTGCGGACAGCTTCGG-1_GSM4013392,18
AGTAGTCAGCTGAAAT-1_GSM4013392,18
GAGGTGACACGGTGTC-1_GSM4013392,10
GGGAGATAGCTGCAAG-1_GSM4013392,18
AGTGAGGGTGAGCGAT-1_GSM4013392,18
CTAGAGTAGGTCATCT-1_GSM4013392,18
ACCCACTGTCCTCCAT-1_GSM4013392,18
TCAGATGAGACGCACA-1_GSM4013392,15
GACGTGCAGACTAGAT-1_GSM4013392,10
CTCGAGGCATGTCTCC-1_GSM4013392,4
GTAGGCCTCTGGAGCC-1_GSM4013392,18
AGTGAGGTCGATCCCT-1_GSM4013392,1
CCTTTCTAGTATTGGA-1_GSM4013392,3
GTAGTCACATCTCGCT-1_GSM4013392,18
GTTCTCGCAGATCGGA-1_GSM4013392,3
AGGTCATAGTTGTAGA-1_GSM4013392,18
CCGGGATTCTGAAAGA-1_GSM4013392,15
GAGCAGAGTAGGACAC-1_GSM4013392,18
CTGAAACGTGGTTTCA-1_GSM4013392,7
AGATCTGGTAAGGGAA-1_GSM4013392,5
TACCTATAGATGGCGT-1_GSM4013392,16
AGCCTAAAGATTACCC-1_GSM4013392,16
CAGCTGGGTACCGAGA-1_GSM4013392,18
AAAGCAAGTCACACGC-1_GSM4013392,16
CGAACATCATTTGCTT-1_GSM4013392,18
AGCTTGACATTATCTC-1_GSM4013392,18
ACTTACTCAAGCCATT-1_GSM4013392,18
GGTGTTAGTTCATGGT-1_GSM4013392,15
TCGTAGAAGGAGCGTT-1_GSM4013392,18
ATTTCTGCATCCTTGC-1_GSM4013392,14
CCCATACCATGTCTCC-1_GSM4013392,18
GTGCTTCCAGACGCTC-1_GSM4013392,9
ACGAGCCCATTAGGCT-1_GSM4013392,18
TTAGGACAGTGGGATC-1_GSM4013392,18
GTAACTGTCATTTGGG-1_GSM4013392,18
CACACTCTCTTCCTTC-1_GSM4013392,10
TTGGCAATCTGCTTGC-1_GSM4013392,18
GCGAGAAGTACCGCTG-1_GSM4013392,10
AAAGCAATCGTTGACA-1_GSM4013392,18
TCAGGTACACGAAAGC-1_GSM4013392,9
CAGTCCTGTAGCAAAT-1_GSM4013392,16
TCATTTGGTATCACCA-1_GSM4013392,18
TGAGAGGGTGTGAAAT-1_GSM4013392,15
CTAAGACAGGAGTTTA-1_GSM4013392,18
GTCTTCGTCTTGTATC-1_GSM4013392,9
AGCAGCCTCTTTACGT-1_GSM4013392,11
TCCACACGTCAGAAGC-1_GSM4013392,4
TGATTTCTCGTTACGA-1_GSM4013392,4
AACCGCGCATAGTAAG-1_GSM4013392,4
CAGCAGCTCTGAGTGT-1_GSM4013392,16
GCTGCGAGTAAGTAGT-1_GSM4013392,9
CTCGGGATCGTACGGC-1_GSM4013392,18
AAGCCGCTCAACGAAA-1_GSM4013392,18
GTAGTCATCTGACCTC-1_GSM4013392,18
CGTTCTGTCAACCATG-1_GSM4013392,15
GTGCGGTTCGTTTGCC-1_GSM4013392,18
GGTGTTAGTTGCCTCT-1_GSM4013392,10
TCGAGGCCAGGAATGC-1_GSM4013392,14
GATCGATTCCTGTACC-1_GSM4013392,18
GACGGCTAGACTAAGT-1_GSM4013392,18
CATGGCGTCTAACTGG-1_GSM4013392,18
CACACCTCACTGAAGG-1_GSM4013392,16
AACTGGTCACTGTTAG-1_GSM4013392,1
CCTTCGATCTGACCTC-1_GSM4013392,14
ATCCACCCATGTAGTC-1_GSM4013392,18
GTCATTTTCCCATTAT-1_GSM4013392,18
CGCGTTTTCCACGACG-1_GSM4013392,4
GGTGAAGGTTTGACAC-1_GSM4013392,18
TCTTCGGAGCAGGCTA-1_GSM4013392,18
CAACCTCCACGCGAAA-1_GSM4013392,16
CGGAGCTCAGAGTGTG-1_GSM4013392,18
CTCTACGTCGACAGCC-1_GSM4013392,18
TCTGGAAAGCTGAAAT-1_GSM4013392,18
CGATGTATCAAGCCTA-1_GSM4013392,6
CGCGGTATCAACACCA-1_GSM4013392,16
CCGTGGAGTGACGCCT-1_GSM4013392,10
AACCATGAGCAGCCTC-1_GSM4013392,14
GGGTCTGCAAAGCGGT-1_GSM4013392,15
TGCACCTCATAGTAAG-1_GSM4013392,14
ATTATCCCAGTATCTG-1_GSM4013392,8
TGGTTCCGTATAAACG-1_GSM4013392,18
AGGGATGTCGCAAGCC-1_GSM4013392,9
CAAGATCGTCTAAACC-1_GSM4013392,18
CTTTGCGTCGGAAACG-1_GSM4013392,18
AGATTGCAGTGGACGT-1_GSM4013392,16
CGACCTTCATGCGCAC-1_GSM4013392,18
CGAGCCATCGCGTAGC-1_GSM4013392,9
GATTCAGAGGTAGCCA-1_GSM4013392,5
TGAGAGGTCTACCAGA-1_GSM4013392,8
AAATGCCCAAGCGAGT-1_GSM4013392,18
CCCTCCTGTAGCAAAT-1_GSM4013392,4
GTGCAGCCAGCTGTAT-1_GSM4013392,8
GATCGATAGCTCCTCT-1_GSM4013392,18
GCAGTTAAGACTGTAA-1_GSM4013392,18
CCTTCGAGTGCAACGA-1_GSM4013392,16
CCTTACGCAGGAACGT-1_GSM4013392,10
CCTTCCCTCTGCGTAA-1_GSM4013392,15
GCAAACTCACTCTGTC-1_GSM4013392,18
TGTATTCAGCCAACAG-1_GSM4013392,18
CGATGTACAAGACACG-1_GSM4013392,15
ATTATCCAGCAGCGTA-1_GSM4013392,8
GGGCACTTCTCTGTCG-1_GSM4013392,18
CCTTCCCTCTCATTCA-1_GSM4013392,10
TGCTGCTCATCCCACT-1_GSM4013392,18
CTGCTGTAGACTGTAA-1_GSM4013392,9
ACGAGCCTCACTTATC-1_GSM4013392,14
GCAGTTAGTCTCTCTG-1_GSM4013392,3
GTGTTAGAGTTGAGTA-1_GSM4013392,18
TCAGGTATCTCGTTTA-1_GSM4013392,4
TGACAACTCAGATAAG-1_GSM4013392,14
TGTGTTTAGTTCGCAT-1_GSM4013392,18
ACGCCGACAGCTGGCT-1_GSM4013392,18
AAACGGGTCCACGTGG-1_GSM4013392,18
ACGGGCTAGTCTCCTC-1_GSM4013392,18
ACGGCCAAGTCCCACG-1_GSM4013392,4
AGTGTCAAGAGACTTA-1_GSM4013392,6
CGGAGCTGTCAGAGGT-1_GSM4013392,14
AAGGAGCTCACTTATC-1_GSM4013392,18
TACCTATTCGCAAGCC-1_GSM4013392,18
GGAATAAAGCGCCTTG-1_GSM4013392,10
AATCGGTAGGATGTAT-1_GSM4013392,18
TTTACTGCAAGCCCAC-1_GSM4013392,11
TCAATCTGTTAGGGTG-1_GSM4013392,18
ATGGGAGGTCCGTCAG-1_GSM4013392,18
ACGGGTCAGACACGAC-1_GSM4013392,8
GATGAAACAACTGCTA-1_GSM4013392,1
AGGCCACCATGGTCAT-1_GSM4013392,18
TGCTACCTCTCTGTCG-1_GSM4013392,8
CTCATTACACTGAAGG-1_GSM4013392,10
TGAGAGGGTCTTGCGG-1_GSM4013392,18
GGACAGACAAACCCAT-1_GSM4013392,18
AGGTCCGAGAGGTAGA-1_GSM4013392,4
GTCCTCAGTGAGTGAC-1_GSM4013392,18
GTCTCGTGTGAGCGAT-1_GSM4013392,18
ACATGGTCAGCATGAG-1_GSM4013392,9
GGAGCAAAGATACACA-1_GSM4013392,4
TCCCGATGTGCACGAA-1_GSM4013392,18
AAGCCGCGTAAAGGAG-1_GSM4013392,18
CAGCAGCTCCAGATCA-1_GSM4013392,15
GTACTTTGTTCCACTC-1_GSM4013392,10
CCATGTCGTGTGCCTG-1_GSM4013392,15
GACTACAGTTGACGTT-1_GSM4013392,18
CTCGTACAGTGGACGT-1_GSM4013392,10
TTGTAGGCAACTTGAC-1_GSM4013392,15
ATTGGACGTCCGACGT-1_GSM4013392,18
TGAGCATCACAGGAGT-1_GSM4013392,1
TTCTCCTGTCCGCTGA-1_GSM4013392,11
CACAGGCCATTGGGCC-1_GSM4013392,18
CTTACCGTCCCAGGTG-1_GSM4013392,10
TCATTTGCACGGTTTA-1_GSM4013392,8
GCACATAAGTAGCCGA-1_GSM4013392,18
AACCATGAGGTGTGGT-1_GSM4013392,15
TAGAGCTGTCGGATCC-1_GSM4013392,18
ACACTGACAGCTTAAC-1_GSM4013392,18
TCTCATAGTTATCCGA-1_GSM4013392,16
GGGACCTAGTATCGAA-1_GSM4013392,18
CTAACTTTCACGCGGT-1_GSM4013392,18
AGAGTGGTCTGTTGAG-1_GSM4013392,18
TTGCCGTGTGAGCGAT-1_GSM4013392,15
CCGTGGACACCAGGTC-1_GSM4013392,18
CAAGATCGTCTCATCC-1_GSM4013392,15
CTCTACGGTTGAACTC-1_GSM4013392,18
CACCAGGCAGCTGCTG-1_GSM4013392,18
GGGAATGTCTCCAACC-1_GSM4013392,18
AGGGATGGTGTGAAAT-1_GSM4013392,18
GCAATCAGTCCATCCT-1_GSM4013392,4
TCGGTAAGTACGAAAT-1_GSM4013392,4
GGGACCTGTCACTTCC-1_GSM4013392,10
AGGTCCGTCTTACCTA-1_GSM4013392,10
ATGGGAGTCACTCCTG-1_GSM4013392,18
TGCCAAACATTGGCGC-1_GSM4013392,18
ACAGCCGCAGTCGTGC-1_GSM4013392,18
CCCAGTTCAGCTGTAT-1_GSM4013392,18
GTTCATTGTAAATGAC-1_GSM4013392,18
GGCTGGTCACAGCGTC-1_GSM4013392,18
TGTTCCGGTAGATTAG-1_GSM4013392,8
CTGCGGAAGAGACTAT-1_GSM4013392,8
GTAGGCCCAGATGAGC-1_GSM4013392,18
GATTCAGCACCCATTC-1_GSM4013392,14
TGTATTCTCTACTTAC-1_GSM4013392,18
TCAGGTAAGCTGTTCA-1_GSM4013392,18
TTCTCCTTCTTGAGAC-1_GSM4013392,18
ACGATGTAGAACAACT-1_GSM4013392,18
CGACCTTGTGATGTGG-1_GSM4013392,18
TACGGATTCCGAAGAG-1_GSM4013392,14
TGTTCCGAGATGGCGT-1_GSM4013392,16
CTCGAGGGTTAGTGGG-1_GSM4013392,18
GGATGTTAGACGACGT-1_GSM4013392,15
AGTGAGGTCTTGAGAC-1_GSM4013392,16
CCAGCGACATCGGGTC-1_GSM4013392,9
ACATGGTGTTCTGAAC-1_GSM4013392,16
ACCTTTATCGCCGTGA-1_GSM4013392,18
AGCGTATAGTAAGTAC-1_GSM4013392,15
GCAATCACAGGTGGAT-1_GSM4013392,18
ACTGAGTCAGGTCGTC-1_GSM4013392,18
ACGAGGATCACAGGCC-1_GSM4013392,4
TCTCTAATCCCTGACT-1_GSM4013392,18
CTAGTGAAGACACGAC-1_GSM4013392,18
TTGCGTCTCTGCAAGT-1_GSM4013392,11
AGCGGTCTCGAGCCCA-1_GSM4013392,16
ACCAGTAGTCGACTAT-1_GSM4013392,10
TATTACCCATGTAAGA-1_GSM4013392,18
CTACCCACATGTTCCC-1_GSM4013392,15
TTCTACAAGATGCGAC-1_GSM4013392,5
GTTCTCGCAAACGCGA-1_GSM4013392,15
AGAATAGTCTGCTGCT-1_GSM4013392,18
AGAATAGCAGCCTTGG-1_GSM4013392,18
GATCGCGCAGTATAAG-1_GSM4013392,11
AACTCAGAGAGTTGGC-1_GSM4013392,10
TGTGGTAAGGTGCAAC-1_GSM4013392,18
TGACGGCCATTACGAC-1_GSM4013392,18
GCATGTAGTATATGAG-1_GSM4013392,18
CGTAGCGTCCTATTCA-1_GSM4013392,8
GGAGCAACAGCATACT-1_GSM4013392,18
TCGCGAGAGCTCCCAG-1_GSM4013392,16
AGGGTGATCTCCGGTT-1_GSM4013392,9
CAACCTCGTCAATACC-1_GSM4013392,1
CTAACTTTCTAGAGTC-1_GSM4013392,18
CGTCACTTCTGTCCGT-1_GSM4013392,18
AGGCCACCAATACGCT-1_GSM4013392,12
TGGCTGGAGCTCTCGG-1_GSM4013392,1
TGAGAGGGTTTGTGTG-1_GSM4013392,4
CTCAGAAGTAGAAAGG-1_GSM4013392,4
GTCGTAACATCAGTCA-1_GSM4013392,18
CTCGAAAGTGCACTTA-1_GSM4013392,18
GTATTCTTCCACGAAT-1_GSM4013392,10
TGCGTGGCAAGTCTAC-1_GSM4013392,18
TGGCGCACAGGACGTA-1_GSM4013392,9
AGGGAGTAGAACAACT-1_GSM4013392,3
GCTGCGAGTCGCATCG-1_GSM4013392,18
TATGCCCGTTATCACG-1_GSM4013392,6
TGCTGCTTCGGAAATA-1_GSM4013392,14
AGTCTTTCACAGCGTC-1_GSM4013392,18
CAACCAAGTTGCCTCT-1_GSM4013392,18
TTCTCCTTCCTAGGGC-1_GSM4013392,16
GACTAACTCAGGCCCA-1_GSM4013392,1
CGACTTCGTACAGTTC-1_GSM4013392,18
CGTAGGCTCAATACCG-1_GSM4013392,18
CATGACATCAGCATGT-1_GSM4013392,18
CGGGTCAAGTGGGCTA-1_GSM4013392,4
TCTCATAAGGCTAGCA-1_GSM4013392,9
GAAATGAAGCTTTGGT-1_GSM4013392,18
TTCTCCTGTGTTCGAT-1_GSM4013392,9
TTCTTAGAGTGCCATT-1_GSM4013392,18
GAGGTGAGTACTTGAC-1_GSM4013392,18
CCTTCCCCATGCAATC-1_GSM4013392,9
CCGTGGAAGACAGAGA-1_GSM4013392,18
TCGGGACCATGGTTGT-1_GSM4013392,16
CTCTACGCAATCCGAT-1_GSM4013392,8
AGTGAGGCACGCGAAA-1_GSM4013392,18
GCATGCGTCTAACCGA-1_GSM4013392,16
TGACTAGAGATGTCGG-1_GSM4013392,18
CAGCTGGTCGCAGGCT-1_GSM4013392,14
CTAGTGAGTCTACCTC-1_GSM4013392,18
ACTTACTGTAAATGAC-1_GSM4013392,9
AAAGTAGGTGTAATGA-1_GSM4013392,10
TCAGGATCAAATTGCC-1_GSM4013392,18
GGTGTTAGTTAAGGGC-1_GSM4013392,15
TGGGAAGTCAGAAATG-1_GSM4013392,18
ACGAGGATCGGTTCGG-1_GSM4013392,18
AGTAGTCAGGAGCGTT-1_GSM4013392,1
ATCATGGGTGTAATGA-1_GSM4013392,9
GTCGTAAAGCCACTAT-1_GSM4013392,5
GTTAAGCGTGTTGAGG-1_GSM4013392,9
GTACTTTGTAGCGTCC-1_GSM4013392,18
CCATTCGGTAAAGTCA-1_GSM4013392,14
TTGAACGTCTGTTTGT-1_GSM4013392,8
GAGCAGAAGTCGCCGT-1_GSM4013392,18
CTACCCACATACGCCG-1_GSM4013392,18
CTCACACGTTGGTTTG-1_GSM4013392,16
TTGACTTCAACAACCT-1_GSM4013392,11
GGGATGAAGAAGAAGC-1_GSM4013392,9
GCAGCCAAGAGACGAA-1_GSM4013392,8
CAGCCGACAAGCCTAT-1_GSM4013392,10
GCTGCTTAGAATTCCC-1_GSM4013392,18
GACCTGGCAATGAAAC-1_GSM4013392,18
TGGGCGTGTGATGTCT-1_GSM4013392,18
TTCCCAGAGGCTATCT-1_GSM4013392,4
GCTTGAACATTGTGCA-1_GSM4013392,4
AGATCTGGTAAGAGAG-1_GSM4013392,18
TGACTTTCAAACGTGG-1_GSM4013392,8
GCTTGAAAGGACAGCT-1_GSM4013392,18
CCTATTATCTACGAGT-1_GSM4013392,16
TCTCATATCCTATGTT-1_GSM4013392,18
CCACCTAGTCCGAATT-1_GSM4013392,18
GATCGATAGGAACTGC-1_GSM4013392,14
CTAAGACTCCATTCTA-1_GSM4013392,8
ACATGGTCACAGCCCA-1_GSM4013392,14
TAGTGGTCAGATCGGA-1_GSM4013392,18
ATCTACTGTCTCACCT-1_GSM4013392,1
CAGCGACAGACCACGA-1_GSM4013392,18
CCACGGACATGTCTCC-1_GSM4013392,14
CGGACGTCAAGGTGTG-1_GSM4013392,10
GCAATCAGTCTGGAGA-1_GSM4013392,8
CGTAGCGGTCCATCCT-1_GSM4013392,5
TCAATCTGTTGCGTTA-1_GSM4013392,18
TCGAGGCAGGCTAGGT-1_GSM4013392,18
CTCTACGCACATCCAA-1_GSM4013392,18
GCGCGATCACAAGTAA-1_GSM4013392,18
ACGGGTCAGTCAATAG-1_GSM4013392,18
TACCTTACAAAGCGGT-1_GSM4013392,5
TCATTACTCACATGCA-1_GSM4013392,18
GGGTCTGTCAGCTCTC-1_GSM4013392,18
CTCTAATTCGGCGCAT-1_GSM4013392,18
GTCATTTTCTGCAGTA-1_GSM4013392,18
CGACTTCAGGAATCGC-1_GSM4013392,14
CTACCCACATGGTCTA-1_GSM4013392,18
CCGGTAGCATTCCTCG-1_GSM4013392,15
TTGGAACTCTGGTTCC-1_GSM4013392,8
GTTCTCGGTCACTTCC-1_GSM4013392,18
ACTGTCCAGTCGTACT-1_GSM4013392,9
GATCGCGTCGGCGCTA-1_GSM4013392,18
TCTGGAACACTTAAGC-1_GSM4013392,14
GGCCGATAGAGACTTA-1_GSM4013392,5
TGGCTGGTCAGATAAG-1_GSM4013392,18
CTCGGAGGTAGTGAAT-1_GSM4013392,18
GTCCTCAAGGCTATCT-1_GSM4013392,16
GATCAGTTCATGGTCA-1_GSM4013392,9
GCTGCGAAGATGGGTC-1_GSM4013392,16
TGACGGCGTAGCGCAA-1_GSM4013392,18
GCGACCAAGTCATCCA-1_GSM4013392,18
CAGCGACCAAGAAGAG-1_GSM4013392,11
TCTCTAATCACTCCTG-1_GSM4013392,18
TCGGGACAGAGTGAGA-1_GSM4013392,18
AGCCTAACATCACCCT-1_GSM4013392,18
ACCTTTAGTCGTCTTC-1_GSM4013392,8
CACACTCTCCTCAACC-1_GSM4013392,18
GGGCACTCAAGCCGTC-1_GSM4013392,16
CGGAGCTGTACCGTTA-1_GSM4013392,15
TTTGGTTCAGATGAGC-1_GSM4013392,9
CAGCTAAGTGTGTGCC-1_GSM4013392,18
CTCCTAGGTCAACATC-1_GSM4013392,18
TAAGCGTCACGCTTTC-1_GSM4013392,4
TGACTAGGTCTTCTCG-1_GSM4013392,8
CCACGGAAGACGCACA-1_GSM4013392,18
GACCAATTCCAAAGTC-1_GSM4013392,18
GACGTGCAGTGACATA-1_GSM4013392,18
GACGTGCAGTAAGTAC-1_GSM4013392,18
GTTCGGGAGCCATCGC-1_GSM4013392,18
CTTCTCTAGACCTAGG-1_GSM4013392,18
TCGTACCTCAACGCTA-1_GSM4013392,16
AGGTCCGAGTGTACGG-1_GSM4013392,18
AAGGCAGTCCTCAACC-1_GSM4013392,15
CTCGTACAGGATCGCA-1_GSM4013392,18
CTGCCTAGTTGGGACA-1_GSM4013392,18
GGGCACTGTGCAACGA-1_GSM4013392,18
TCTCATAGTACCTACA-1_GSM4013392,18
GGGTTGCTCCTGCCAT-1_GSM4013392,15
AAGGAGCGTTACTGAC-1_GSM4013392,18
GGACAAGGTACGACCC-1_GSM4013392,18
CTGATCCGTAGGGTAC-1_GSM4013392,18
CATGACATCCGGGTGT-1_GSM4013392,15
TCATTACGTTGCCTCT-1_GSM4013392,8
CTACGTCGTCGGATCC-1_GSM4013392,8
CGATTGATCTACCAGA-1_GSM4013392,5
ACGGGCTGTCTAACGT-1_GSM4013392,18
CGGACTGTCTCTGCTG-1_GSM4013392,18
CACCAGGTCTGGTATG-1_GSM4013392,18
TTAGTTCCAAGGACAC-1_GSM4013392,18
TCTCTAATCGGTGTCG-1_GSM4013392,8
CCTATTACAGACTCGC-1_GSM4013392,16
CCAATCCAGATCTGCT-1_GSM4013392,14
GTGCTTCCATTGGGCC-1_GSM4013392,14
AGCTTGATCAGTTTGG-1_GSM4013392,14
AACTCCCGTTGTGGCC-1_GSM4013392,9
AGGGAGTCATACTCTT-1_GSM4013392,18
AAGGTTCCATATGAGA-1_GSM4013392,10
GGCGTGTCATGATCCA-1_GSM4013392,18
ACACTGAAGGGTGTGT-1_GSM4013392,14
TATTACCGTAAGGGCT-1_GSM4013392,18
GGGCATCCATTGGCGC-1_GSM4013392,18
CTCTACGAGATGCCTT-1_GSM4013392,10
TTTGGTTTCCGCATCT-1_GSM4013392,18
AAATGCCGTTCCTCCA-1_GSM4013392,18
TTCGAAGTCTGGTTCC-1_GSM4013392,1
AGTGGGACATCCTAGA-1_GSM4013392,1
ATAACGCGTGACAAAT-1_GSM4013392,8
GGGTCTGCAAATTGCC-1_GSM4013392,10
TTGGAACCACGAGAGT-1_GSM4013392,14
GAATAAGAGATGTGGC-1_GSM4013392,18
GGACGTCCATCTCCCA-1_GSM4013392,14
GACACGCGTCCAGTGC-1_GSM4013392,18
CAGATCAAGGTGCACA-1_GSM4013392,1
CGATGTAGTGACTACT-1_GSM4013392,5
TTGAACGGTAGCTCCG-1_GSM4013392,18
GGCTGGTGTGCCTGGT-1_GSM4013392,18
GCACATAAGAGTAAGG-1_GSM4013392,4
TAGACCACATCCAACA-1_GSM4013392,8
GTGTGCGAGTGTACCT-1_GSM4013392,18
CTCAGAACAGCATACT-1_GSM4013392,9
GTAGGCCAGTCACGCC-1_GSM4013392,16
AAGGCAGGTCAAAGAT-1_GSM4013392,16
GGCAATTGTCGAATCT-1_GSM4013392,18
GCAGCCACACGCTTTC-1_GSM4013392,18
GCCAAATAGGTTACCT-1_GSM4013392,16
CGTCTACCACCAGATT-1_GSM4013392,18
ATAGACCCAAGGACTG-1_GSM4013392,5
GTCGGGTAGCTGATAA-1_GSM4013392,10
AGAGTGGGTCAATACC-1_GSM4013392,1
CCCTCCTGTCAGAAGC-1_GSM4013392,8
CAACCAAAGCGTGAAC-1_GSM4013392,8
CCTCTGACACTCTGTC-1_GSM4013392,9
AGCTCTCAGTCTCAAC-1_GSM4013392,4
CGTTGGGGTAGGGACT-1_GSM4013392,18
CTCGTACCACCAGCAC-1_GSM4013392,18
CTCTACGGTAGAAGGA-1_GSM4013392,18
CTAATGGCACTTGGAT-1_GSM4013392,4
CGGGTCAAGTCATCCA-1_GSM4013392,6
GAATAAGTCGGAGGTA-1_GSM4013392,4
CACACAAGTGGTACAG-1_GSM4013392,11
ATCACGACAGCTCGAC-1_GSM4013392,18
GGTGTTATCTTAGAGC-1_GSM4013392,18
TGGGCGTGTCTAACGT-1_GSM4013392,18
TTAGGCAGTCCCTTGT-1_GSM4013392,18
GCTCTGTCACGTGAGA-1_GSM4013392,18
CAACCTCTCATGCTCC-1_GSM4013392,10
TCGCGAGTCGTCCGTT-1_GSM4013392,18
TTGCCGTGTCATGCCG-1_GSM4013392,18
CCCAATCCATCGGTTA-1_GSM4013392,15
CTCGGAGTCATAAAGG-1_GSM4013392,16
GGAGCAAAGACAATAC-1_GSM4013392,5
TCGTAGAGTAGCTGCC-1_GSM4013392,18
TCAACGACACTCGACG-1_GSM4013392,16
CTACCCAGTTAAGACA-1_GSM4013392,18
TCGCGAGCAACGATGG-1_GSM4013392,0
ACATCAGGTGAGGGAG-1_GSM4013392,10
CAGCCGAAGTTGTCGT-1_GSM4013392,4
CTGCTGTAGAGGGATA-1_GSM4013392,14
GCATGATAGCACGCCT-1_GSM4013392,4
TCTATTGAGCGTTGCC-1_GSM4013392,18
CTTACCGGTTATCCGA-1_GSM4013392,14
GCATGATAGTCTCGGC-1_GSM4013392,18
TGAGAGGGTTCTGTTT-1_GSM4013392,8
GTGGGTCGTTGCTCCT-1_GSM4013392,16
TACCTATAGCGATGAC-1_GSM4013392,6
TCTTTCCAGCTGCGAA-1_GSM4013392,4
CAGCAGCAGTGTTGAA-1_GSM4013392,16
GGGAATGAGATGGGTC-1_GSM4013392,8
TACGGATAGGGATACC-1_GSM4013392,18
TAAGCGTTCCCTTGCA-1_GSM4013392,14
GAACATCTCGGTTAAC-1_GSM4013392,14
CCGTACTGTCTGGAGA-1_GSM4013392,14
TCTGGAAAGGTTCCTA-1_GSM4013392,8
CGATTGATCCGGCACA-1_GSM4013392,16
CCTACACTCAACACCA-1_GSM4013392,4
GTTTCTACATGTAGTC-1_GSM4013392,16
CCTCAGTGTGTGAAAT-1_GSM4013392,16
TGAGAGGAGCCCGAAA-1_GSM4013392,3
CTGCGGAGTCTAAAGA-1_GSM4013392,10
CTTAACTAGCGCTTAT-1_GSM4013392,14
TTGGCAAGTGGCAAAC-1_GSM4013392,8
TGCCCATAGCTAAACA-1_GSM4013392,16
TGAGGGAAGCGACGTA-1_GSM4013392,10
GGCAATTAGGCAGGTT-1_GSM4013392,8
TGCTGCTGTTGTTTGG-1_GSM4013392,8
TACAGTGTCTAACCGA-1_GSM4013392,6
CACCAGGTCCAATGGT-1_GSM4013392,6
TGAGGGACAGGGCATA-1_GSM4013392,14
AGCGTCGTCACGATGT-1_GSM4013392,18
TGTTCCGAGCCAGAAC-1_GSM4013392,8
CTTAGGAGTTAAGAAC-1_GSM4013392,16
CCCTCCTGTTTGTTTC-1_GSM4013392,4
AGGGTGACATTGAGCT-1_GSM4013392,10
ACGCCAGGTACCGTTA-1_GSM4013392,1
CACCAGGCACAGGTTT-1_GSM4013392,16
AGTTGGTTCTCATTCA-1_GSM4013392,8
TGACGGCTCATCTGTT-1_GSM4013392,10
TGGGAAGTCAACACTG-1_GSM4013392,14
CGGGTCAGTTACAGAA-1_GSM4013392,8
GTCGTAACACCGATAT-1_GSM4013392,8
TCTATTGGTACCGCTG-1_GSM4013392,8
CCTACACAGAGTGACC-1_GSM4013392,1
CGGAGTCGTCAGCTAT-1_GSM4013392,16
CGAGCCATCCGCAGTG-1_GSM4013392,0
ACAGCCGTCACCTTAT-1_GSM4013392,0
TTCGAAGCACAAGACG-1_GSM4013393,0
TCAACGACATGTTCCC-1_GSM4013393,0
ACGGGTCAGAACAATC-1_GSM4013393,0
GTTCATTAGGATATAC-1_GSM4013393,2
TTAACTCCAGCGTCCA-1_GSM4013393,0
GCGCGATAGGGCACTA-1_GSM4013393,0
ACAGCCGAGGATGGAA-1_GSM4013393,0
TGCGCAGCACAAGCCC-1_GSM4013393,0
ATCGAGTTCGCAGGCT-1_GSM4013393,0
TCGTACCAGTCAAGGC-1_GSM4013393,2
TACTCGCTCTAGCACA-1_GSM4013393,0
GTCTTCGAGGAGTTTA-1_GSM4013393,0
TAGACCATCCTGCTTG-1_GSM4013393,0
GGGCATCCAGATCGGA-1_GSM4013393,0
CAGTAACTCCGGCACA-1_GSM4013393,0
CAGCTAACATAGACTC-1_GSM4013393,0
TCATTACAGACCTAGG-1_GSM4013393,0
CTCACACTCCAAATGC-1_GSM4013393,2
GAACGGACATGACATC-1_GSM4013393,0
TGGCTGGTCAAGAAGT-1_GSM4013393,0
GCTGGGTCAACACGCC-1_GSM4013393,0
CAGCAGCAGTTAGGTA-1_GSM4013393,0
TTTGCGCAGGAGCGTT-1_GSM4013393,0
CACACCTTCTTAGAGC-1_GSM4013393,2
ACGGGCTTCGCAAGCC-1_GSM4013393,2
GTACTCCGTCATATCG-1_GSM4013393,2
CCTTCCCAGGAGTACC-1_GSM4013393,0
TAGACCATCCTGCCAT-1_GSM4013393,0
TGGGAAGGTGCACGAA-1_GSM4013393,2
TGAAAGACAATGGAAT-1_GSM4013393,2
CTCTAATTCCAATGGT-1_GSM4013393,0
CTAATGGTCCCGACTT-1_GSM4013393,0
GATCAGTAGGGATCTG-1_GSM4013393,2
GGCGTGTTCTCTAGGA-1_GSM4013393,0
CGTGTCTTCAATAAGG-1_GSM4013393,0
CAGCGACCAGCGTAAG-1_GSM4013393,2
ACACTGATCTGATTCT-1_GSM4013393,2
TGAGCATAGCTGTTCA-1_GSM4013393,0
GTCGGGTCATCCGTGG-1_GSM4013393,0
TGCTACCGTTATTCTC-1_GSM4013393,0
CATCAGACAATTGCTG-1_GSM4013393,0
TCTATTGCACGGCCAT-1_GSM4013393,0
CGGCTAGAGCCAGAAC-1_GSM4013393,0
CTCGGGACAAGGACTG-1_GSM4013393,2
TTCGAAGAGCGTTTAC-1_GSM4013393,0
GCAGTTATCCTCTAGC-1_GSM4013393,0
CGTTGGGTCGGATGGA-1_GSM4013393,2
ATCGAGTCACTGTTAG-1_GSM4013393,0
TTCGGTCAGGCATGGT-1_GSM4013393,0
GGCCGATAGTTATCGC-1_GSM4013393,2
GGGAATGTCTGCGGCA-1_GSM4013393,0
TGAAAGATCTCCCTGA-1_GSM4013393,0
AGGCCACTCCACGTGG-1_GSM4013393,0
GGGCATCAGTGCTGCC-1_GSM4013393,2
ATTATCCTCTAACTGG-1_GSM4013393,0
TGGCGCACAATGACCT-1_GSM4013393,2
TTCCCAGCATCTCGCT-1_GSM4013393,0
GGTGTTAAGGATGGAA-1_GSM4013393,2
GACTAACTCCCTTGCA-1_GSM4013393,0
TCTATTGAGCCTATGT-1_GSM4013393,0
TCGTACCGTCGAACAG-1_GSM4013393,12
TTTGTCATCAGGTTCA-1_GSM4013393,0
GGCAATTTCGATCCCT-1_GSM4013393,2
CTGATAGCAGCTATTG-1_GSM4013393,0
CGAATGTAGTCGATAA-1_GSM4013393,0
ACAGCCGGTTAAGATG-1_GSM4013393,2
GCAGTTACACCCTATC-1_GSM4013393,2
CCGGGATCAGACAAGC-1_GSM4013393,0
TTGGCAACAATAGCAA-1_GSM4013393,0
CTTCTCTGTGTGGTTT-1_GSM4013393,0
CCCATACAGAACAACT-1_GSM4013393,0
ATGGGAGCATGGTCTA-1_GSM4013393,0
TAGAGCTAGACCTTTG-1_GSM4013393,2
ACACCCTGTTCTGTTT-1_GSM4013393,2
ACGTCAATCTTTAGGG-1_GSM4013393,0
CGTTCTGGTCTACCTC-1_GSM4013393,0
CAACCTCAGTTTCCTT-1_GSM4013393,0
AGGCCACGTTGATTCG-1_GSM4013393,0
CGTGTCTTCACGCATA-1_GSM4013393,2
TTCTTAGAGGTGATTA-1_GSM4013393,2
ATTATCCAGAGTCGGT-1_GSM4013393,2
CACATTTCATCCTAGA-1_GSM4013393,0
CTGCTGTGTTTCGCTC-1_GSM4013393,0
CCCTCCTAGATGTTAG-1_GSM4013393,0
GACCAATGTAAATGAC-1_GSM4013393,2
TACACGAGTAAACACA-1_GSM4013393,0
CTGAAGTGTCTCTTTA-1_GSM4013393,0
CGACTTCAGACGACGT-1_GSM4013393,2
CTAATGGAGGTCGGAT-1_GSM4013393,0
ATCTACTTCGTTTGCC-1_GSM4013393,0
CCTAGCTCACCACGTG-1_GSM4013393,0
AGAATAGTCACTCTTA-1_GSM4013393,12
GGGACCTGTTACGCGC-1_GSM4013393,0
TGTATTCGTTGAACTC-1_GSM4013393,8
CTTGGCTTCGGTTCGG-1_GSM4013393,2
CACACAAGTAAATGTG-1_GSM4013393,0
CGCGTTTAGCAGATCG-1_GSM4013393,0
AACCATGGTGAAATCA-1_GSM4013393,0
TGCCCTAAGCATCATC-1_GSM4013393,2
CAGATCAGTCGTCTTC-1_GSM4013393,0
GCTTCCACAGTCAGCC-1_GSM4013393,0
GGTGTTACATGACGGA-1_GSM4013393,0
AACTTTCAGAGTACCG-1_GSM4013393,0
TAGACCACAATAACGA-1_GSM4013393,0
CCTACACTCAGTTTGG-1_GSM4013393,0
ACAGCCGTCATTGCGA-1_GSM4013393,0
ACGGGCTGTCGAAAGC-1_GSM4013393,0
CTAACTTTCCAAACAC-1_GSM4013393,2
TTTGGTTAGAAGGGTA-1_GSM4013393,0
ACGGCCAGTATGAAAC-1_GSM4013393,0
TACCTTATCAACACAC-1_GSM4013393,0
CTAACTTGTTCCACAA-1_GSM4013393,0
CTCGTACTCCCAGGTG-1_GSM4013393,0
TGCCCTACAGACGCTC-1_GSM4013393,0
GGCCGATGTATGAAAC-1_GSM4013393,0
TAAACCGTCATAAAGG-1_GSM4013393,0
CACACAACAATGACCT-1_GSM4013393,12
GCTTCCAGTAATCGTC-1_GSM4013393,0
AGCATACAGGGATCTG-1_GSM4013393,1
CACACAAGTTAGTGGG-1_GSM4013393,5
GTAGGCCGTACCAGTT-1_GSM4013393,0
AACTCAGTCGCAGGCT-1_GSM4013393,2
CTAACTTCAGATTGCT-1_GSM4013393,0
TATCTCATCGAACGGA-1_GSM4013393,0
CGTCAGGGTATATGAG-1_GSM4013393,0
CTCACACTCTACCAGA-1_GSM4013393,0
CCTCAGTCAGGAATCG-1_GSM4013393,0
GGCGTGTCATCACCCT-1_GSM4013393,1
CTACATTGTTATGCGT-1_GSM4013393,12
TCCACACCAGCATGAG-1_GSM4013393,0
CCAGCGACATATGAGA-1_GSM4013393,0
CTCTACGGTCCTCCAT-1_GSM4013393,22
GCATGCGGTTGGTTTG-1_GSM4013393,2
CGATCGGGTACCGCTG-1_GSM4013393,0
CTACACCGTGCGAAAC-1_GSM4013393,0
CTAGCCTCACGGCTAC-1_GSM4013393,0
AGGTCCGTCACTTATC-1_GSM4013393,0
CGTGTAAGTTGTCGCG-1_GSM4013393,0
TCTCATATCCAGAAGG-1_GSM4013393,0
ACTGTCCGTGCATCTA-1_GSM4013393,0
GTTCATTAGGATGGAA-1_GSM4013393,0
TCCACACTCTCTAGGA-1_GSM4013393,0
ATCGAGTAGTGCTGCC-1_GSM4013393,0
GTGCAGCTCGTTTGCC-1_GSM4013393,0
CTACACCGTGTATGGG-1_GSM4013393,12
GGACGTCCACTTCGAA-1_GSM4013393,0
ACATGGTAGTGGAGTC-1_GSM4013393,0
GTGCATAAGATGTCGG-1_GSM4013393,0
GGAATAAAGCTCTCGG-1_GSM4013393,0
GCTGCGAGTAGCCTCG-1_GSM4013393,0
GGAGCAACACAGCGTC-1_GSM4013393,0
GTCTCGTGTTAAAGTG-1_GSM4013393,0
GTTACAGAGCTGCGAA-1_GSM4013393,0
CGGACACGTCGCATAT-1_GSM4013393,12
GATGAGGCATGGGAAC-1_GSM4013393,0
AAGCCGCAGCGGCTTC-1_GSM4013393,0
GTGTTAGTCATGCAAC-1_GSM4013393,0
AATCCAGAGACAGGCT-1_GSM4013393,7
ACTTACTAGCAAATCA-1_GSM4013393,0
TCAGCAACAAGCCGCT-1_GSM4013393,0
AAGGAGCTCATCACCC-1_GSM4013393,0
GCGCCAAAGTACGCGA-1_GSM4013393,0
TTCGAAGTCGGTCTAA-1_GSM4013393,0
CTCGTACGTCGAAAGC-1_GSM4013393,0
TACTTACGTCTCGTTC-1_GSM4013393,0
ACATACGGTCGCGAAA-1_GSM4013393,0
ACGGGTCTCTGATTCT-1_GSM4013393,12
ACTGTCCAGATCTGCT-1_GSM4013393,0
TGCCCATAGGTGTGGT-1_GSM4013393,0
GTTAAGCAGGCCATAG-1_GSM4013393,7
CATCAAGTCGGTTAAC-1_GSM4013393,0
CCTAAAGCACTTACGA-1_GSM4013393,7
AGAGCTTTCCACGACG-1_GSM4013393,5
AAATGCCGTGTCGCTG-1_GSM4013393,12
CTGGTCTGTCTTGATG-1_GSM4013393,0
TCTTTCCCATCTACGA-1_GSM4013393,0
GATCGCGCAGTATGCT-1_GSM4013393,0
TGGCGCAGTGTGTGCC-1_GSM4013393,4
TGTCCCACACCAACCG-1_GSM4013393,0
TCTTCGGAGGTCATCT-1_GSM4013393,7
TACTTACGTCAGGACA-1_GSM4013393,0
CGGAGCTCATCCCACT-1_GSM4013393,0
CTCATTAAGTGGGATC-1_GSM4013393,7
CATGGCGAGCCGTCGT-1_GSM4013393,4
CAACCTCCAAGTCTAC-1_GSM4013393,0
CTGCGGATCTAGCACA-1_GSM4013393,0
TCACGAATCACTGGGC-1_GSM4013393,7
ACAGCTATCCTCGCAT-1_GSM4013393,0
TACACGAGTGATAAGT-1_GSM4013393,0
CTAGAGTGTGATGCCC-1_GSM4013393,4
TACAGTGTCTGGGCCA-1_GSM4013393,7
TCGTAGAAGTGTCCAT-1_GSM4013393,7
CTTGGCTTCTGTGCAA-1_GSM4013393,7
TCAGCTCAGATCGGGT-1_GSM4013393,0
AACTCTTGTCGCGTGT-1_GSM4013393,7
AAATGCCCACCTCGGA-1_GSM4013393,4
GGTGAAGCACGAGAGT-1_GSM4013393,7
TCTATTGAGACAAGCC-1_GSM4013393,7
CGTGTAATCACAGGCC-1_GSM4013393,0
ATAACGCAGAACAATC-1_GSM4013393,20
CTTTGCGCAGGGTATG-1_GSM4013393,12
CTCGAGGTCCTCGCAT-1_GSM4013393,7
AAGGCAGGTCTCTCGT-1_GSM4013393,7
ACATACGCACGGTTTA-1_GSM4013393,1
TTAACTCGTCGCGAAA-1_GSM4013393,0
GAACATCCAGTCAGAG-1_GSM4013393,7
ACAGCTAAGTCGAGTG-1_GSM4013393,0
CGGTTAAAGTGTACCT-1_GSM4013393,0
GGTGAAGTCAGGCGAA-1_GSM4013393,7
TTGGAACCACGTCAGC-1_GSM4013393,0
TGGTTCCAGTGTCTCA-1_GSM4013393,0
CGATGTACATCACGTA-1_GSM4013393,7
GGGCACTTCGAATGGG-1_GSM4013393,0
TATGCCCAGCAACGGT-1_GSM4013393,7
TATCAGGTCGGCGCAT-1_GSM4013393,5
CACAGGCTCGTAGGAG-1_GSM4013393,0
AGTCTTTTCCTTGGTC-1_GSM4013393,1
GGGCATCAGTTTGCGT-1_GSM4013393,0
TGGCGCAAGTTCGCAT-1_GSM4013393,7
GACCTGGTCACCGGGT-1_GSM4013393,0
CGGCTAGAGCGAGAAA-1_GSM4013393,7
GTATCTTTCGTGACAT-1_GSM4013393,7
ACCAGTAAGTGTACTC-1_GSM4013393,0
CGTCTACAGGTTACCT-1_GSM4013393,7
CAACCTCTCAGCGATT-1_GSM4013393,7
CAACTAGCAGCTGTAT-1_GSM4013393,1
GCGCAGTTCCTTGACC-1_GSM4013393,0
AGGGATGAGATGCGAC-1_GSM4013393,12
TTGCCGTTCCTCCTAG-1_GSM4013393,7
CCACGGAGTTACTGAC-1_GSM4013393,5
GGCAATTTCGGTCTAA-1_GSM4013393,0
TTCGGTCAGCCGTCGT-1_GSM4013393,0
CAGCTAATCGCTAGCG-1_GSM4013393,7
ACCCACTAGTTTCCTT-1_GSM4013393,0
TGCACCTAGACCGGAT-1_GSM4013393,0
TTCTTAGCAATAGAGT-1_GSM4013393,12
GAAACTCTCGAGCCCA-1_GSM4013393,7
TACAGTGCAGTTCATG-1_GSM4013393,5
TTCTCCTCAACACGCC-1_GSM4013393,7
GCATGCGGTCCAAGTT-1_GSM4013393,7
CGACTTCTCTTAGAGC-1_GSM4013393,8
GACTGCGCAGTATCTG-1_GSM4013393,0
TATTACCTCTTCAACT-1_GSM4013393,0
ATGCGATTCCCTCAGT-1_GSM4013393,7
GTACTTTGTGCTCTTC-1_GSM4013393,12
ATCTGCCGTCTCCATC-1_GSM4013393,7
TACACGAGTATTACCG-1_GSM4013393,0
GTCAAGTAGTGGAGAA-1_GSM4013393,12
ACCAGTAAGTGCGATG-1_GSM4013393,7
TGGGCGTAGAAGGACA-1_GSM4013393,7
GCATGCGCAATGGTCT-1_GSM4013393,7
AACGTTGAGGGTATCG-1_GSM4013393,7
CTGCTGTAGCCGTCGT-1_GSM4013393,0
GACTGCGGTACCGAGA-1_GSM4013393,7
CATCAAGTCATGCAAC-1_GSM4013393,0
ACGTCAATCTTAACCT-1_GSM4013393,0
TACGGTACAAGTACCT-1_GSM4013393,7
GGATGTTTCCACGTGG-1_GSM4013393,0
TGCGCAGGTTGAGGTG-1_GSM4013393,0
GCAATCACAACACGCC-1_GSM4013393,7
ACATGGTTCGCTTGTC-1_GSM4013393,7
TACACGATCGCCCTTA-1_GSM4013393,0
TAGGCATTCACAACGT-1_GSM4013393,0
AGATTGCGTATGGTTC-1_GSM4013393,7
AGATCTGGTGTCCTCT-1_GSM4013393,7
GTGTGCGTCCTTAATC-1_GSM4013393,0
GTCACGGTCTTCGAGA-1_GSM4013393,7
GTCATTTAGACTACAA-1_GSM4013393,7
CTAGTGATCTGTACGA-1_GSM4013393,7
GTCACAACATGACATC-1_GSM4013393,7
GTCGGGTGTATATGAG-1_GSM4013393,0
GTGCGGTTCTAACTGG-1_GSM4013393,0
ACTGTCCAGAGCCTAG-1_GSM4013393,7
GGGTCTGTCCAGAAGG-1_GSM4013393,0
GGCGACTAGATGTGGC-1_GSM4013393,7
GGACGTCAGTTAACGA-1_GSM4013393,7
GGCAATTGTAGCTTGT-1_GSM4013393,7
GGTGCGTTCTGCCAGG-1_GSM4013393,20
TCGGTAAAGCTACCGC-1_GSM4013393,7
GCTTCCAGTGACAAAT-1_GSM4013393,7
GGAGCAAAGTTGAGTA-1_GSM4013393,7
CGATCGGGTAGCCTCG-1_GSM4013393,7
TGCTACCTCAAACGGG-1_GSM4013393,7
GCCAAATGTAGCTGCC-1_GSM4013393,7
GGTGTTATCTCAAGTG-1_GSM4013393,3
AAAGTAGGTCCCTTGT-1_GSM4013393,12
GAAATGAGTGCGATAG-1_GSM4013393,4
ACATACGCAAGAAAGG-1_GSM4013393,7
TACTCGCCACTGTGTA-1_GSM4013393,12
AGCTTGATCGGCGCTA-1_GSM4013393,5
TGGCGCACAAACGTGG-1_GSM4013393,7
GTAACTGTCGTTTAGG-1_GSM4013393,7
CAGTCCTTCCAAAGTC-1_GSM4013393,7
TGAGCCGTCCGCGTTT-1_GSM4013393,0
CAGCAGCCATGGAATA-1_GSM4013393,7
TAGGCATAGCTAAGAT-1_GSM4013393,7
AATCCAGAGCCTTGAT-1_GSM4013393,7
CAAGGCCCATGTAGTC-1_GSM4013393,7
TCGTAGAAGTCACGCC-1_GSM4013393,7
AGGTCCGTCATGCATG-1_GSM4013393,7
ATAACGCTCTGAGGGA-1_GSM4013393,0
AGATCTGAGAGTAATC-1_GSM4013393,7
CGCTTCAGTGTAACGG-1_GSM4013393,7
GATCAGTGTTCCCTTG-1_GSM4013393,7
CGGTTAACATGGGAAC-1_GSM4013393,7
CGGAGCTTCGTACCGG-1_GSM4013393,0
CCGGGATCATCACCCT-1_GSM4013393,12
CAAGGCCCACAGGTTT-1_GSM4013393,7
TGAGCCGAGTGTACTC-1_GSM4013393,0
ACTTGTTAGTCCGGTC-1_GSM4013393,0
CAGATCAAGTAGTGCG-1_GSM4013393,7
CATTCGCGTATTACCG-1_GSM4013393,7
AAAGCAAAGGTAAACT-1_GSM4013393,7
CACACAAGTTGATTCG-1_GSM4013393,0
CGCTATCGTTCGCGAC-1_GSM4013393,0
AGGCCACCATGCTAGT-1_GSM4013393,5
TCGGGACTCGGAAACG-1_GSM4013393,0
GTCAAGTGTTCGGGCT-1_GSM4013393,5
CTGGTCTGTGAGGGTT-1_GSM4013393,0
GAGCAGAGTTAAAGAC-1_GSM4013393,7
CACCTTGGTTCCATGA-1_GSM4013393,7
GAGTCCGCACGGTGTC-1_GSM4013393,7
GTACTTTAGCGTTTAC-1_GSM4013393,12
TCAGGATGTCCGTGAC-1_GSM4013393,0
GGATTACTCTGAGTGT-1_GSM4013393,7
CCCTCCTAGAGTCGGT-1_GSM4013393,7
TTTGGTTAGACCCACC-1_GSM4013393,7
GGAAAGCGTGTGCGTC-1_GSM4013393,7
AGGGTGAAGTCGAGTG-1_GSM4013393,4
GTAACTGTCTTATCTG-1_GSM4013393,7
TTAACTCGTAGCGCTC-1_GSM4013393,12
TGCCCATAGACCACGA-1_GSM4013393,0
AGGCCACCAAAGGCGT-1_GSM4013393,7
GAACGGAAGCCTTGAT-1_GSM4013393,7
ATCATCTCAACTGCTA-1_GSM4013393,7
AGTTGGTTCAGCTTAG-1_GSM4013393,0
GACTACATCGCCATAA-1_GSM4013393,0
TGTGTTTAGCGGCTTC-1_GSM4013393,7
GCACATAAGAGTGAGA-1_GSM4013393,8
AAAGCAACACAAGACG-1_GSM4013393,13
TCACAAGTCTCTGTCG-1_GSM4013393,0
CGGACGTGTGTTTGGT-1_GSM4013393,7
CACAGTATCCTGTAGA-1_GSM4013393,5
TACCTATAGGCAATTA-1_GSM4013393,7
GGATTACGTAGGGACT-1_GSM4013393,0
AAGGAGCAGACTTTCG-1_GSM4013393,3
TGCCAAATCTTGACGA-1_GSM4013393,7
CACACAACACAGGTTT-1_GSM4013393,7
TACGGATGTACGACCC-1_GSM4013393,7
ATGAGGGCAGCGTAAG-1_GSM4013393,7
CGGAGTCCAAAGGCGT-1_GSM4013393,0
TAAGCGTAGACAGACC-1_GSM4013393,7
CACCAGGAGTAATCCC-1_GSM4013393,7
TACTTACTCTTGTATC-1_GSM4013393,7
AGGGTGACAGTCGATT-1_GSM4013393,7
ACGATGTTCAGTCCCT-1_GSM4013393,7
CGTTAGACAAGTCTGT-1_GSM4013393,5
AGCAGCCCAACTTGAC-1_GSM4013393,7
ATCATCTGTATAATGG-1_GSM4013393,5
GCAAACTTCCGTACAA-1_GSM4013393,7
CGTCAGGTCCTCGCAT-1_GSM4013393,7
GGTATTGTCGTATCAG-1_GSM4013393,7
TTCCCAGCAGTTTACG-1_GSM4013393,7
ACGTCAATCAGGTAAA-1_GSM4013393,0
TCTGGAATCTACTCAT-1_GSM4013393,7
GAATAAGGTAGCGCAA-1_GSM4013393,0
ATTGGACCACTTACGA-1_GSM4013393,7
GCGAGAACATCTATGG-1_GSM4013393,7
CAACTAGCAAGGTGTG-1_GSM4013393,5
CATTCGCAGTAACCCT-1_GSM4013393,7
CGAGCACGTCGGCTCA-1_GSM4013393,5
CGGAGTCGTAGAGCTG-1_GSM4013393,7
TTGCCGTCACCTTGTC-1_GSM4013393,8
CATCGGGCACTATCTT-1_GSM4013393,7
ACGTCAATCGTTACAG-1_GSM4013393,7
GTCTTCGAGGAGTAGA-1_GSM4013393,7
GCTCTGTGTGATGCCC-1_GSM4013393,12
CGGCTAGCATACCATG-1_GSM4013393,7
GACACGCTCTGAGTGT-1_GSM4013393,7
GCAGTTACATTGAGCT-1_GSM4013393,5
ATGTGTGTCTATCGCC-1_GSM4013393,7
TTTGGTTGTCTCGTTC-1_GSM4013393,7
CCCTCCTAGCCAGAAC-1_GSM4013393,0
AGCGTATTCTTAGAGC-1_GSM4013393,0
CCCATACGTCGACTGC-1_GSM4013393,0
CTAAGACAGTGTACTC-1_GSM4013393,7
TGAGGGACAGCGAACA-1_GSM4013393,7
CCTTACGGTCTTCGTC-1_GSM4013393,7
GCAATCATCAGGCCCA-1_GSM4013393,0
TAGGCATGTGAGGGAG-1_GSM4013393,7
ACCGTAACATTGGCGC-1_GSM4013393,7
TCTCATAAGTGTTAGA-1_GSM4013393,20
CCTAAAGAGCTACCTA-1_GSM4013393,7
CCAGCGACAATAGCAA-1_GSM4013393,7
AGCGTATAGTGTCCCG-1_GSM4013393,5
GTGAAGGTCAGTGTTG-1_GSM4013393,0
CGAGCACAGTCGATAA-1_GSM4013393,7
ACTGAGTCATAAAGGT-1_GSM4013393,7
GTTTCTACACCATGTA-1_GSM4013393,5
GAGTCCGTCAAGCCTA-1_GSM4013393,5
GCATGTACAACACCCG-1_GSM4013393,7
TGACTAGTCTTGCCGT-1_GSM4013393,7
TTGACTTTCCGCAAGC-1_GSM4013393,5
CTCCTAGAGAGACGAA-1_GSM4013393,0
TCGCGAGGTGAAGGCT-1_GSM4013393,7
GATCAGTAGAACAACT-1_GSM4013393,12
TCTCTAAGTCCGACGT-1_GSM4013393,5
ATTGGTGTCTGCGACG-1_GSM4013393,7
TGCTGCTAGAGGTTAT-1_GSM4013393,0
TGCCCTAGTGACGGTA-1_GSM4013393,0
TCGTAGACAGAGCCAA-1_GSM4013393,0
GTGCAGCCAATAGCAA-1_GSM4013393,7
GCAAACTTCAGGCAAG-1_GSM4013393,5
TACTTACAGTAGCCGA-1_GSM4013393,7
ATTACTCTCGCAAACT-1_GSM4013393,12
CCGGTAGCACAACGTT-1_GSM4013393,1
CTCGTACGTATAAACG-1_GSM4013393,5
ACGAGCCGTTATTCTC-1_GSM4013393,12
GATCGCGAGGCATGTG-1_GSM4013393,7
CTGTTTACATTACGAC-1_GSM4013393,0
GCAATCATCCACGTTC-1_GSM4013393,0
TTTGCGCAGATATGCA-1_GSM4013393,5
AGCTCCTGTGACCAAG-1_GSM4013393,10
TTGCCGTAGCAGATCG-1_GSM4013393,12
GTAGTCAGTCATGCAT-1_GSM4013393,0
AGCTCCTAGAGTGACC-1_GSM4013393,7
AGGGTGAGTCCTGCTT-1_GSM4013393,7
CGAGAAGCAATAGCAA-1_GSM4013393,5
CGTGTCTAGCCTCGTG-1_GSM4013393,0
GTAGGCCTCATCGATG-1_GSM4013393,7
TTTGGTTCAAACCTAC-1_GSM4013393,0
CTGAAACTCAGTTAGC-1_GSM4013393,12
CACAGGCTCCTCCTAG-1_GSM4013393,0
CAGCATAAGCGTAGTG-1_GSM4013393,5
TTCTTAGGTCGCCATG-1_GSM4013393,21
GCTCCTACACGTCTCT-1_GSM4013393,7
AGTTGGTTCATCATTC-1_GSM4013393,7
CGGAGCTCAGACGTAG-1_GSM4013393,7
TGATTTCTCCTGCTTG-1_GSM4013393,7
CATCCACTCTCTTATG-1_GSM4013393,8
CTACGTCTCTGTACGA-1_GSM4013393,5
GCTGCAGAGGATTCGG-1_GSM4013393,0
GATGAAAAGCGTCAAG-1_GSM4013393,1
CCTTCCCGTAGTACCT-1_GSM4013393,8
TGAAAGAAGCGAAGGG-1_GSM4013393,7
CTCGAAATCGGAGCAA-1_GSM4013393,7
TACAGTGGTAGCGCTC-1_GSM4013393,7
GGACGTCGTTGTGGAG-1_GSM4013393,5
CCTTTCTAGCGTGAGT-1_GSM4013393,7
TGAAAGATCAGATAAG-1_GSM4013393,0
TGCGTGGGTAGGGTAC-1_GSM4013393,7
CACACCTCACACTGCG-1_GSM4013393,7
GCTGCTTCATCCTTGC-1_GSM4013393,10
ACATACGGTGCGGTAA-1_GSM4013393,7
CTGAAGTCATGGTCTA-1_GSM4013393,5
GATGCTATCAGCGACC-1_GSM4013393,7
GATCGCGGTTAAGGGC-1_GSM4013393,5
GGACATTCAGTCACTA-1_GSM4013393,0
ACCGTAAAGACAATAC-1_GSM4013393,5
CACAGGCGTGTGAAAT-1_GSM4013393,0
GGAAAGCAGTGGAGTC-1_GSM4013393,0
AGCGTATAGGCATGTG-1_GSM4013393,0
CTCAGAAGTGCTTCTC-1_GSM4013393,1
GACTAACCAGCGATCC-1_GSM4013393,4
GGGATGACACACAGAG-1_GSM4013393,0
GGGTCTGAGTCCGGTC-1_GSM4013393,7
AAATGCCTCTCTAGGA-1_GSM4013393,5
AACTTTCAGATCTGCT-1_GSM4013393,12
CGCGGTATCATTATCC-1_GSM4013393,7
AAACGGGGTCCGACGT-1_GSM4013393,7
GCAAACTCATTTGCCC-1_GSM4013393,7
GGAGCAAAGACCACGA-1_GSM4013393,7
AAGTCTGCAGGCGATA-1_GSM4013393,5
ATCCGAAAGACTAGGC-1_GSM4013393,7
AAGTCTGTCAGGTTCA-1_GSM4013393,3
AGCGTCGGTTAAGGGC-1_GSM4013393,0
TGCGTGGGTTCCTCCA-1_GSM4013393,8
TGTGTTTGTCTCCACT-1_GSM4013393,8
ACGGAGAGTCTTCAAG-1_GSM4013393,8
TGACTAGCAAAGAATC-1_GSM4013393,0
ACGAGCCTCGTACGGC-1_GSM4013393,7
TACGGGCCACTTCTGC-1_GSM4013393,0
AAACCTGGTTACTGAC-1_GSM4013393,5
GACGTGCAGGACCACA-1_GSM4013393,7
GTGTGCGTCCTATTCA-1_GSM4013393,8
TGGACGCGTGGTAACG-1_GSM4013393,5
CGGACACCACCATGTA-1_GSM4013393,12
GACGCGTCACTCGACG-1_GSM4013393,0
CACAGTAAGTGTACCT-1_GSM4013393,7
TCTCATAAGATTACCC-1_GSM4013393,7
CAACTAGTCCGGCACA-1_GSM4013393,7
GTTTCTAAGTGAATTG-1_GSM4013393,6
GTATCTTAGGCCCTCA-1_GSM4013393,0
CAACCTCAGAGCCCAA-1_GSM4013393,13
GCTGCAGCATGGTCAT-1_GSM4013393,7
GAACGGACAAGCTGGA-1_GSM4013393,7
CGGGTCACACACCGAC-1_GSM4013393,1
GACAGAGAGATATGCA-1_GSM4013393,7
GGATTACAGGGATACC-1_GSM4013393,0
ACAGCCGGTCTGCAAT-1_GSM4013393,7
TTGAACGCATGGTTGT-1_GSM4013393,0
AGATCTGGTTCCCGAG-1_GSM4013393,7
GGGTTGCAGTTGTAGA-1_GSM4013393,7
GAAACTCGTCCTCCAT-1_GSM4013393,10
CTTAGGAGTGCGGTAA-1_GSM4013393,7
TGCACCTCAAGGCTCC-1_GSM4013393,5
TGCACCTCAGCTGTGC-1_GSM4013393,7
GTGTTAGCAAGTCTAC-1_GSM4013393,0
CGCTGGAAGACGCACA-1_GSM4013393,4
GCCTCTACAACACGCC-1_GSM4013393,7
TCTTCGGCAGTTCATG-1_GSM4013393,7
TTGAACGGTGATGTGG-1_GSM4013393,0
CCACTACCAATAAGCA-1_GSM4013393,0
ACTGATGGTATAGGGC-1_GSM4013393,5
AGAATAGTCGGTGTTA-1_GSM4013393,5
ACGGGTCCAGGGTACA-1_GSM4013393,8
TGCGGGTCACCCTATC-1_GSM4013393,7
GAGTCCGTCATGTAGC-1_GSM4013393,7
TCAGGTAGTACTTGAC-1_GSM4013393,7
GTTAAGCGTTGCGCAC-1_GSM4013393,7
CTCCTAGCAAGCCGTC-1_GSM4013393,6
CTAACTTGTTGTCGCG-1_GSM4013393,13
CCGTACTTCATATCGG-1_GSM4013393,12
CGGACACCACTAGTAC-1_GSM4013393,7
ACCTTTACATCGGTTA-1_GSM4013393,0
AAATGCCGTATTCGTG-1_GSM4013393,5
GGCCGATAGGACCACA-1_GSM4013393,5
CGGAGTCTCTAGCACA-1_GSM4013393,0
GTACTTTAGACCACGA-1_GSM4013393,5
GCTCTGTGTCCAACTA-1_GSM4013393,7
CGCTTCAAGAAGGGTA-1_GSM4013393,0
GTCACGGGTGTGACCC-1_GSM4013393,7
ACGCCGATCGGCGGTT-1_GSM4013393,7
CGTGTAAGTCAAGCGA-1_GSM4013393,5
GCATGCGTCGCGTTTC-1_GSM4013393,7
TCTTTCCGTAACGACG-1_GSM4013393,7
CAGCGACCATGATCCA-1_GSM4013393,12
CACATAGAGACACTAA-1_GSM4013393,5
CTTGGCTTCTTAACCT-1_GSM4013393,8
CGTAGCGGTTGAACTC-1_GSM4013393,5
GAAGCAGTCTTTCCTC-1_GSM4013393,7
ACATACGTCAGGTTCA-1_GSM4013393,0
GGAGCAATCAGATAAG-1_GSM4013393,7
TTGAACGAGTACACCT-1_GSM4013393,7
CTCTACGGTTGTCGCG-1_GSM4013393,7
CCTATTAAGCTATGCT-1_GSM4013393,1
TGCGTGGAGTGTACTC-1_GSM4013393,0
ATCCACCAGAGCTGCA-1_GSM4013393,8
TGGACGCGTGCACGAA-1_GSM4013393,5
AACGTTGGTTACGCGC-1_GSM4013393,7
CGAGAAGCATCCAACA-1_GSM4013393,0
CTCGAAACAATACGCT-1_GSM4013393,12
GACTGCGAGTCGTACT-1_GSM4013393,13
TACTTGTGTCGTGGCT-1_GSM4013393,0
GATTCAGCACGACTCG-1_GSM4013393,7
CTCGTACTCGTCCGTT-1_GSM4013393,5
GCTCTGTAGATGTTAG-1_GSM4013393,8
TGCCCTAGTCGGCATC-1_GSM4013393,7
CCATGTCGTCCAGTGC-1_GSM4013393,7
AGCAGCCTCGCCAGCA-1_GSM4013393,0
CTCAGAACACGTTGGC-1_GSM4013393,5
ACAGCTAAGTGGGCTA-1_GSM4013393,9
ATCATGGTCCGCTGTT-1_GSM4013393,8
CTGAAACGTAGCGCAA-1_GSM4013393,20
CCTTCGAAGTCAAGCG-1_GSM4013393,0
GTCGTAACATGTCTCC-1_GSM4013393,8
CGCTATCAGCTAACTC-1_GSM4013393,5
GGACAAGCAACGATGG-1_GSM4013393,3
TGGACGCAGTCGATAA-1_GSM4013393,0
TAAGAGACAGCTATTG-1_GSM4013393,8
TGACTAGAGTAGCGGT-1_GSM4013393,8
TAGTGGTCATATACCG-1_GSM4013393,0
CGTAGGCAGGCTCTTA-1_GSM4013393,0
GTAGTCAGTTCGGCAC-1_GSM4013393,0
CATCCACGTTCCGTCT-1_GSM4013393,0
CGTGTCTAGCGATTCT-1_GSM4013393,7
ATCTGCCGTGTTGGGA-1_GSM4013393,7
CAGTCCTGTTCTGGTA-1_GSM4013393,12
ACCGTAACATGTCCTC-1_GSM4013393,8
CAGAGAGTCGTCCGTT-1_GSM4013393,5
TGAGGGATCTTGCAAG-1_GSM4013393,7
CTCGTACTCATAGCAC-1_GSM4013393,14
ACATCAGAGAGTACAT-1_GSM4013393,5
CCTTTCTAGAGTAAGG-1_GSM4013393,8
TTCTACATCTTCTGGC-1_GSM4013393,10
TTGGCAACAGTAAGAT-1_GSM4013393,4
CTTACCGGTGTAATGA-1_GSM4013393,15
ACGATACAGCATGGCA-1_GSM4013393,8
GGTGAAGGTGGTCCGT-1_GSM4013393,8
CAAGTTGTCATGCTCC-1_GSM4013393,0
CTAACTTCATACCATG-1_GSM4013393,1
CAGATCAGTAGCGTAG-1_GSM4013393,8
CCATTCGGTCAAAGCG-1_GSM4013393,5
CCATGTCGTCCTAGCG-1_GSM4013393,13
GGGAGATTCGTCGTTC-1_GSM4013393,0
TAGGCATGTCCAAGTT-1_GSM4013393,0
TACGGATAGATGCCAG-1_GSM4013393,0
AGCTCTCCAAGAGGCT-1_GSM4013393,8
TCGTACCGTCATCCCT-1_GSM4013393,8
AGTGTCAAGTAGATGT-1_GSM4013393,0
TGAGAGGTCTCAACTT-1_GSM4013393,5
TTTCCTCCATGCCTTC-1_GSM4013393,0
TACTTACCAAGCGCTC-1_GSM4013393,8
CTGTGCTAGAAACCTA-1_GSM4013393,5
GCGCAACTCAGCGACC-1_GSM4013393,8
TACAGTGCAAGCCATT-1_GSM4013393,0
GGACGTCGTAGTAGTA-1_GSM4013393,5
ACGCCGAGTCTTCTCG-1_GSM4013393,8
GAACATCTCCGCATAA-1_GSM4013393,5
GCTGGGTCACTGTGTA-1_GSM4013393,5
GGACATTGTGGTAACG-1_GSM4013393,8
GCATGTACATCACGAT-1_GSM4013393,0
ATTCTACCAAAGCGGT-1_GSM4013393,0
TAAGCGTCACCAGCAC-1_GSM4013393,0
CGTCAGGGTTGACGTT-1_GSM4013393,8
ACACTGACATGTCGAT-1_GSM4013393,1
CGGACGTAGACAAGCC-1_GSM4013393,8
GAATAAGAGCGTAGTG-1_GSM4013393,8
CGTTCTGAGCCAGTTT-1_GSM4013393,8
GGAGCAAGTATATCCG-1_GSM4013393,13
ATAAGAGGTAGAAAGG-1_GSM4013393,7
CCTAAAGAGCGTCAAG-1_GSM4013393,8
TGTCCCAAGTCTTGCA-1_GSM4013393,7
CTTAACTTCGCCGTGA-1_GSM4013393,8
AACTCTTGTTCGGCAC-1_GSM4013393,5
CGTCAGGAGGGAACGG-1_GSM4013393,10
GTCGTAAGTATTCTCT-1_GSM4013393,21
TGAGAGGTCCTGTAGA-1_GSM4013393,0
ACTTACTAGTGTCCAT-1_GSM4013393,7
TGAAAGATCAGAAATG-1_GSM4013393,5
GGAAAGCCACTATCTT-1_GSM4013393,15
ACGGAGAAGATGGCGT-1_GSM4013393,8
TCAATCTGTGAACCTT-1_GSM4013393,13
TCAGATGGTCAGAAGC-1_GSM4013393,0
TATGCCCGTAAAGTCA-1_GSM4013393,0
CGCTGGAGTTAGAACA-1_GSM4013393,5
TTAGTTCCAGCGTCCA-1_GSM4013393,5
CAACCAAAGTGTTAGA-1_GSM4013393,9
GAAGCAGGTCACAAGG-1_GSM4013393,8
CGGAGCTCACAAGCCC-1_GSM4013393,10
ATGTGTGCATACGCCG-1_GSM4013393,15
CTACACCGTTACAGAA-1_GSM4013393,5
GGGATGAGTGTGACCC-1_GSM4013393,12
GGGACCTGTGCTCTTC-1_GSM4013393,9
CGATGTAAGTGACATA-1_GSM4013393,13
GACTACATCATGGTCA-1_GSM4013393,0
CACAAACCATGACATC-1_GSM4013393,9
AGCCTAAGTAGCGCAA-1_GSM4013393,9
CCTACCATCTTGTATC-1_GSM4013393,21
CGGAGTCGTAAACACA-1_GSM4013393,0
CACCTTGCAAGCTGTT-1_GSM4013393,8
CACACAACAGGATCGA-1_GSM4013393,5
CACAGTATCCAGTATG-1_GSM4013393,8
CTAGTGACACCACGTG-1_GSM4013393,0
TGACAACAGTTAGCGG-1_GSM4013393,12
ATAGACCCACACCGCA-1_GSM4013393,5
AGCTTGACACCTCGGA-1_GSM4013393,8
CTCCTAGTCCGCGCAA-1_GSM4013393,11
TACGGTAGTGGGTATG-1_GSM4013393,12
AGTGAGGAGGAGTACC-1_GSM4013393,0
GATGAGGGTCACACGC-1_GSM4013393,12
GCATGATAGGCGTACA-1_GSM4013393,5
GGGCATCAGAGTCGGT-1_GSM4013393,5
ACAGCCGCAGATGAGC-1_GSM4013393,8
CAAGAAATCTACGAGT-1_GSM4013393,13
TGCTACCGTCTGGTCG-1_GSM4013393,8
TGTGGTATCACATAGC-1_GSM4013393,13
CTCGTCATCTGTTGAG-1_GSM4013393,5
CGGAGCTCAGTACACT-1_GSM4013393,6
TCGCGAGGTAAACCTC-1_GSM4013393,8
TGCCCTACAAGACACG-1_GSM4013393,0
AGAGTGGGTCTTCGTC-1_GSM4013393,8
CATATGGGTGCTCTTC-1_GSM4013393,9
AGTGGGACATCGGGTC-1_GSM4013393,8
CACACTCTCTCTGTCG-1_GSM4013393,21
TCGGTAAGTTAAGACA-1_GSM4013393,9
TGCCCATCACAAGTAA-1_GSM4013393,7
GTAGGCCTCTCGTTTA-1_GSM4013393,8
CATCCACCACGGCGTT-1_GSM4013393,5
CGACTTCAGAAGGACA-1_GSM4013393,5
TGGTTAGGTCAACTGT-1_GSM4013393,13
CCACCTAAGGTTACCT-1_GSM4013393,1
TGTGGTACAGCAGTTT-1_GSM4013393,9
TTGTAGGGTTAAGACA-1_GSM4013393,13
TGTGTTTTCCAGTATG-1_GSM4013393,12
TTGGAACAGTTGCAGG-1_GSM4013393,7
GTGCATAAGGCGACAT-1_GSM4013393,13
GGAACTTCAGTACACT-1_GSM4013393,7
TAAGCGTTCATCGGAT-1_GSM4013393,13
TTCTCAACATTAGCCA-1_GSM4013393,1
TTCTCAAAGCTACCTA-1_GSM4013393,13
GATCAGTTCCGCATCT-1_GSM4013393,14
CGTTGGGAGCTTCGCG-1_GSM4013393,0
CCCAGTTCATAACCTG-1_GSM4013393,13
TGCACCTCATCACCCT-1_GSM4013393,10
AACACGTGTCGCCATG-1_GSM4013393,8
CAGATCAGTACCGTAT-1_GSM4013393,5
GCAGTTAAGTATCTCG-1_GSM4013393,8
AGCCTAATCCCTAACC-1_GSM4013393,0
TTTGTCACAATTCCTT-1_GSM4013393,8
TGCGGGTAGTAGCCGA-1_GSM4013393,0
CGAATGTAGCTTCGCG-1_GSM4013393,12
CGATGGCTCCAAGTAC-1_GSM4013393,1
GGAGCAACAGGGCATA-1_GSM4013393,8
AGAGCTTGTATGCTTG-1_GSM4013393,13
CGAGAAGAGCGTAGTG-1_GSM4013393,8
CAAGTTGCAACGATCT-1_GSM4013393,0
CACACCTGTCGAGATG-1_GSM4013393,5
AGAATAGAGGAGCGTT-1_GSM4013393,13
GGACAAGGTGTCGCTG-1_GSM4013393,0
CACAGTACAGGGTATG-1_GSM4013393,8
GGCTCGAGTAAAGTCA-1_GSM4013393,4
AAGACCTTCGCGCCAA-1_GSM4013393,12
CTACACCAGGGAGTAA-1_GSM4013393,13
GTCTCGTTCGCCATAA-1_GSM4013393,12
GCTGGGTGTGTAACGG-1_GSM4013393,0
GTACTTTAGTCTCCTC-1_GSM4013393,13
CCAATCCGTCCTCTTG-1_GSM4013393,10
GGGAATGAGTACGCCC-1_GSM4013393,13
AGCCTAAAGGATATAC-1_GSM4013393,0
CAACCAATCATCATTC-1_GSM4013393,0
CCTTACGGTAAGCACG-1_GSM4013393,12
TATGCCCAGCCATCGC-1_GSM4013393,8
GTGTTAGGTGCAACGA-1_GSM4013393,0
TACGGATAGATGAGAG-1_GSM4013393,7
AGCTCCTAGGGAAACA-1_GSM4013393,5
GACGTGCGTATGAAAC-1_GSM4013393,8
TAAGCGTTCTGTGCAA-1_GSM4013393,10
GACACGCAGCCCAATT-1_GSM4013393,13
CGAACATGTGACGGTA-1_GSM4013393,5
GTATTCTTCTAACTCT-1_GSM4013393,8
CACCAGGAGCTAACTC-1_GSM4013393,13
CAACCTCTCCCTAACC-1_GSM4013393,13
AGCGTCGGTCAGGACA-1_GSM4013393,7
CACAGGCTCAGCTGGC-1_GSM4013393,8
GATGAAAAGGCAGGTT-1_GSM4013393,8
GCTGGGTGTTGCCTCT-1_GSM4013393,8
TGCGCAGAGAGTCGGT-1_GSM4013393,5
CCACCTAGTTCCGTCT-1_GSM4013393,1
TGCGCAGGTAAATACG-1_GSM4013393,13
TAAACCGCAAGGCTCC-1_GSM4013393,17
CAGCTAAGTTCGTCTC-1_GSM4013393,13
GGTGAAGCATCCAACA-1_GSM4013393,9
GCATGCGAGCCCAATT-1_GSM4013393,0
ATTGGACTCATAGCAC-1_GSM4013393,1
GTATTCTTCTCGATGA-1_GSM4013393,13
GGGCATCGTTCGCGAC-1_GSM4013393,0
TGGTTCCTCAAGCCTA-1_GSM4013393,4
AGACGTTTCTTCGAGA-1_GSM4013393,8
ACTTTCAGTTACGGAG-1_GSM4013393,15
AAAGCAATCTTAGAGC-1_GSM4013393,1
TTCTCCTAGTGATCGG-1_GSM4013393,0
ATCTACTTCAGCGATT-1_GSM4013393,8
CCTAGCTCAGCGATCC-1_GSM4013393,13
GTGTGCGCACTTAACG-1_GSM4013393,1
TGCTGCTCAGCCTTTC-1_GSM4013393,13
AACTCCCCACGAAACG-1_GSM4013393,13
AGACGTTGTCGAGATG-1_GSM4013393,8
ATCACGAGTAAACCTC-1_GSM4013393,8
TTTGTCAAGGGAAACA-1_GSM4013393,8
AGTCTTTTCCGCTGTT-1_GSM4013393,13
AGTGAGGGTGAGGGTT-1_GSM4013393,9
GGGCATCTCACCGTAA-1_GSM4013393,13
AGATCTGCAAAGGAAG-1_GSM4013393,5
CTAGTGATCAGCATGT-1_GSM4013393,5
ATCTGCCTCCAGTAGT-1_GSM4013393,8
CTCTACGCACAGACAG-1_GSM4013393,13
AAGGCAGGTACGAAAT-1_GSM4013393,8
GACTACAAGAGGACGG-1_GSM4013393,13
CATCAAGTCTCTTATG-1_GSM4013393,0
TCATTACTCGAGGTAG-1_GSM4013393,8
AACTCAGTCCTATGTT-1_GSM4013393,13
GGCTCGAAGCATGGCA-1_GSM4013393,9
TCACAAGGTAGTAGTA-1_GSM4013393,0
TGGTTCCGTTCCCTTG-1_GSM4013393,5
ATCTGCCAGAGTGAGA-1_GSM4013393,5
GTACTTTCACAGACAG-1_GSM4013393,13
CCTAGCTTCCACTCCA-1_GSM4013393,5
GGACAGAGTCCGTGAC-1_GSM4013393,8
AGTCTTTAGAAAGTGG-1_GSM4013393,8
GTGTTAGCATGCGCAC-1_GSM4013393,8
AAAGATGGTCCAACTA-1_GSM4013393,13
TGGCCAGGTCCGAATT-1_GSM4013393,13
GCATGCGAGCAGGCTA-1_GSM4013393,9
TCGTACCTCTTCTGGC-1_GSM4013393,13
CGGGTCATCAACACGT-1_GSM4013393,1
GAATGAAGTCTCTCTG-1_GSM4013393,13
CCTACACGTTCGTCTC-1_GSM4013393,13
CACAGGCGTCCGAATT-1_GSM4013393,8
TCAGGTAAGCAGACTG-1_GSM4013393,13
TTCTACAGTCTCGTTC-1_GSM4013393,11
CGGAGCTTCAGGCGAA-1_GSM4013393,8
CGACCTTCACGGTAGA-1_GSM4013393,13
ACAGCCGCAATTGCTG-1_GSM4013393,9
TACGGGCTCGAACGGA-1_GSM4013393,9
GCCAAATCAGATTGCT-1_GSM4013393,6
CCTTCGACAAGAAGAG-1_GSM4013393,6
AAGGAGCTCCAGATCA-1_GSM4013393,13
AACGTTGGTATCTGCA-1_GSM4013393,9
CAACCAAAGGAGCGAG-1_GSM4013393,8
ACAGCTAGTAAGTGTA-1_GSM4013393,1
ACTGAGTCATCCCACT-1_GSM4013393,13
CGGACACCATGCCACG-1_GSM4013393,13
GTTACAGCATGCTAGT-1_GSM4013393,10
CGACTTCCATCGGAAG-1_GSM4013393,4
CCTAAAGGTGCACCAC-1_GSM4013393,13
GATCGATGTTGGACCC-1_GSM4013393,10
GTAGTCAGTAATTGGA-1_GSM4013393,6
GCGCGATCAAGCGAGT-1_GSM4013393,12
GATGCTATCCTAGGGC-1_GSM4013393,13
TAGTTGGGTACATCCA-1_GSM4013393,9
ACTGCTCAGCGGCTTC-1_GSM4013393,5
CTACCCACAGCGTCCA-1_GSM4013393,16
TCGTAGACATCGGACC-1_GSM4013393,0
CTCTAATTCTCACATT-1_GSM4013393,13
TACAGTGCATTACGAC-1_GSM4013393,8
TCTGGAACACACGCTG-1_GSM4013393,6
AGCGTATCACATAACC-1_GSM4013393,5
TACGGGCGTCGGCTCA-1_GSM4013393,1
CCGTGGATCTCCAACC-1_GSM4013393,13
ACTGAACGTAATAGCA-1_GSM4013393,5
GGTGCGTAGGCCATAG-1_GSM4013393,8
AGTGGGAAGTGTTTGC-1_GSM4013393,17
AGTCTTTAGACGCAAC-1_GSM4013393,9
CTAGCCTCATCACAAC-1_GSM4013393,8
TAAGTGCCAGGGTATG-1_GSM4013393,5
GGTATTGGTTAGGGTG-1_GSM4013393,13
TGCCCTACAAAGGAAG-1_GSM4013393,10
CTACGTCGTAATCGTC-1_GSM4013393,0
CATTCGCAGGAGTTGC-1_GSM4013393,13
ACCAGTATCTCGTTTA-1_GSM4013393,13
ACTGATGAGTACATGA-1_GSM4013393,13
GCCTCTAAGGAATCGC-1_GSM4013393,9
CCGTGGAGTAGCGCAA-1_GSM4013393,8
AGGGTGAGTTCGTGAT-1_GSM4013393,8
GTGCAGCTCAACCAAC-1_GSM4013393,0
ACTTTCAAGCTCAACT-1_GSM4013393,8
ACCTTTAGTTCTGAAC-1_GSM4013393,0
GACTACACAAGTCATC-1_GSM4013393,13
CTTTGCGGTGATAAGT-1_GSM4013393,13
CTACGTCGTGCTTCTC-1_GSM4013393,6
ATCGAGTCACAGGAGT-1_GSM4013393,13
CTACATTCACTATCTT-1_GSM4013393,13
AAAGTAGCACAAGACG-1_GSM4013393,13
GAACATCGTAGCTGCC-1_GSM4013393,8
GTAGGCCAGAGTCGGT-1_GSM4013393,9
ATCCGAATCGAATGGG-1_GSM4013393,10
GAGCAGAAGGAACTGC-1_GSM4013393,13
TGAGCATAGACAGGCT-1_GSM4013393,13
ACGCCGATCTGCTTGC-1_GSM4013393,13
GACACGCCATTCCTGC-1_GSM4013393,10
CGAGAAGAGCACGCCT-1_GSM4013393,1
GCGAGAATCCGTAGTA-1_GSM4013393,0
TTGCGTCTCTAAGCCA-1_GSM4013393,13
CGAGCCAGTTCCCGAG-1_GSM4013393,13
TGCCCATTCTTGTCAT-1_GSM4013393,0
TGTTCCGAGAAACCGC-1_GSM4013393,12
CGATCGGGTTGCGTTA-1_GSM4013393,8
GTCGGGTCACGGTTTA-1_GSM4013393,13
TGACTTTAGTGTTGAA-1_GSM4013393,13
TACCTATCAAGACACG-1_GSM4013393,13
TCACAAGTCGTTTGCC-1_GSM4013393,13
TAGTGGTCAAGAAGAG-1_GSM4013393,13
TGAGCCGCACAGCGTC-1_GSM4013393,8
TGACTTTAGTGCGATG-1_GSM4013393,0
GTCGTAAGTGCCTGGT-1_GSM4013393,13
GAGTCCGGTTAAGATG-1_GSM4013393,5
TCCACACAGGATCGCA-1_GSM4013393,13
CATCAAGTCGTTGCCT-1_GSM4013393,5
ACTTACTGTTATCCGA-1_GSM4013393,8
GAAGCAGGTCTGCGGT-1_GSM4013393,1
AGTTGGTAGGGATCTG-1_GSM4013393,0
GGGAGATGTACTCGCG-1_GSM4013393,8
ACACCAAAGCCGATTT-1_GSM4013393,8
TTTGGTTTCGGCGCAT-1_GSM4013393,9
GCCAAATTCATAACCG-1_GSM4013393,8
CGATCGGTCCTGCAGG-1_GSM4013393,13
GCTCTGTGTACCGTTA-1_GSM4013393,1
CTACATTAGACGCTTT-1_GSM4013393,8
AGTGTCACACATTAGC-1_GSM4013393,10
CTAGTGAAGTGTGGCA-1_GSM4013393,4
TACGGTAGTTTGGGCC-1_GSM4013393,10
AGATCTGAGAAGATTC-1_GSM4013393,13
CTCGAAATCTGAAAGA-1_GSM4013393,5
GAAGCAGAGCTGCAAG-1_GSM4013393,13
TTGACTTAGCTGAAAT-1_GSM4013393,13
GGTATTGCACGTCAGC-1_GSM4013393,8
GGAGCAAGTTCGCGAC-1_GSM4013393,13
CCGTGGAGTGTTGGGA-1_GSM4013393,8
CCTAAAGAGAGACGAA-1_GSM4013393,4
GAACGGACATTGTGCA-1_GSM4013393,13
TCACGAACAAGCCATT-1_GSM4013393,8
TGACAACGTCTTGTCC-1_GSM4013393,13
AGATTGCTCTTCATGT-1_GSM4013393,14
CTAACTTGTTCGTCTC-1_GSM4013393,14
CAACTAGAGCCCGAAA-1_GSM4013393,16
TCGGGACGTGTTGAGG-1_GSM4013393,18
TGGCGCACACTCAGGC-1_GSM4013393,9
GTCTCGTAGGCTAGAC-1_GSM4013393,13
CTACATTCACCTTGTC-1_GSM4013393,10
ACTGCTCAGATCGATA-1_GSM4013393,1
CTAGCCTTCTGATACG-1_GSM4013393,13
CTAGTGAAGCTACCGC-1_GSM4013393,8
ATCCGAACACATTAGC-1_GSM4013393,8
TAGACCACAAGTAATG-1_GSM4013393,8
CGACCTTAGTGTCCAT-1_GSM4013393,13
GTGGGTCAGGACAGAA-1_GSM4013393,13
CGATTGACAACACCCG-1_GSM4013393,5
CGATTGACAGGTCTCG-1_GSM4013393,13
CAAGAAAAGTTTGCGT-1_GSM4013393,8
CAAGATCAGTTGAGTA-1_GSM4013393,13
TCTGGAAAGGCATTGG-1_GSM4013393,8
GGAAAGCCAGCTGCAC-1_GSM4013393,9
GTGGGTCGTCGGCATC-1_GSM4013393,13
CGAATGTGTGACTACT-1_GSM4013393,8
AACTCTTCATGGTCAT-1_GSM4013393,18
TGCCCATTCCGCATAA-1_GSM4013393,13
TCTCTAAGTCAGAGGT-1_GSM4013393,21
TCAGCAAGTTCCCTTG-1_GSM4013393,13
CCCAATCGTGGTAACG-1_GSM4013393,13
TACTCATTCGTCTGAA-1_GSM4013393,4
CAGATCAGTCAGCTAT-1_GSM4013393,6
AAGGTTCTCTTCTGGC-1_GSM4013393,12
ATAGACCAGGTAGCTG-1_GSM4013393,21
CAACCTCTCTCGATGA-1_GSM4013393,13
GATCTAGCACTTCGAA-1_GSM4013393,8
GTAGGCCCACACGCTG-1_GSM4013393,6
GACCAATTCCCGGATG-1_GSM4013393,10
CTGATCCGTTGGTGGA-1_GSM4013393,8
AACTCTTAGTATTGGA-1_GSM4013393,5
CCCAGTTTCAACACTG-1_GSM4013393,13
GTGTGCGGTTCGTCTC-1_GSM4013393,1
CGCCAAGAGGCCATAG-1_GSM4013393,8
ATTCTACCATCGACGC-1_GSM4013393,13
AACTCTTTCACTATTC-1_GSM4013393,13
TATCAGGCAATCACAC-1_GSM4013393,13
GTTCGGGGTCGAATCT-1_GSM4013393,16
AGGGAGTCACTTGGAT-1_GSM4013393,5
ACGAGGAGTAAGTGTA-1_GSM4013393,13
CGTGAGCTCATCGGAT-1_GSM4013393,8
GTGAAGGGTAGCCTAT-1_GSM4013393,13
GCTGCGAGTTAAGATG-1_GSM4013393,10
GGATTACCAGCTTCGG-1_GSM4013393,15
GGGTCTGTCTTGCAAG-1_GSM4013393,13
CTCGTCAAGTTCGATC-1_GSM4013393,14
CATGGCGCACCGCTAG-1_GSM4013393,13
CATCGGGCACCAGGTC-1_GSM4013393,8
GCGCCAAGTCAGCTAT-1_GSM4013393,13
TCACAAGTCGTACCGG-1_GSM4013393,13
CGTGTCTAGAGTCGGT-1_GSM4013393,13
CCGGTAGAGCGGCTTC-1_GSM4013393,5
CTTACCGGTCCTCTTG-1_GSM4013393,13
GGTGAAGAGATCCCGC-1_GSM4013393,8
TCTGGAAAGCCACGCT-1_GSM4013393,17
AACTTTCAGACGCAAC-1_GSM4013393,14
GAAATGAGTCAATGTC-1_GSM4013393,5
GGACAAGTCTGGGCCA-1_GSM4013393,12
ACACCCTAGTCCGGTC-1_GSM4013393,16
ATGCGATAGGCAAAGA-1_GSM4013393,13
TGACAACAGCAGACTG-1_GSM4013393,13
TGCTACCAGACGCACA-1_GSM4013393,13
TGCCCATGTCTTCTCG-1_GSM4013393,18
AGCGTATGTGCACTTA-1_GSM4013393,13
CCTTCGATCACCAGGC-1_GSM4013393,1
CTTAACTAGTGCCATT-1_GSM4013393,9
GGGATGACACCTATCC-1_GSM4013393,0
CCCAGTTAGTCCAGGA-1_GSM4013393,13
CATATTCAGTCCATAC-1_GSM4013393,12
TTTATGCTCGTTGACA-1_GSM4013393,13
TGTGTTTCATCGATTG-1_GSM4013393,4
CAAGAAATCTCGGACG-1_GSM4013393,0
TTTCCTCAGGCAATTA-1_GSM4013393,18
ACGCCAGTCCGAGCCA-1_GSM4013393,13
ATCCACCAGATCGATA-1_GSM4013393,8
CGGCTAGAGCCAGTTT-1_GSM4013393,13
CCACCTAGTCTGGAGA-1_GSM4013393,13
ACGCCAGGTTCCACTC-1_GSM4013393,9
AACGTTGGTCAATGTC-1_GSM4013393,13
GGGTTGCCATCTGGTA-1_GSM4013393,13
CGGACACAGGAGTAGA-1_GSM4013393,13
TCAGGATAGCTGCAAG-1_GSM4013393,13
CGATCGGAGATCCTGT-1_GSM4013393,10
AGTGAGGTCCCTAACC-1_GSM4013393,5
GCGCGATGTGATGATA-1_GSM4013393,13
GCGAGAACACATCTTT-1_GSM4013393,8
GTTTCTAGTCCGAGTC-1_GSM4013393,1
CACAGGCCATCCCACT-1_GSM4013393,9
AGATTGCCACGAAACG-1_GSM4013393,9
ATCGAGTAGCCACGCT-1_GSM4013393,13
TTAGTTCCACAGAGGT-1_GSM4013393,8
CTTACCGTCCACGCAG-1_GSM4013393,14
CAGCATATCGGCTACG-1_GSM4013393,13
TAAACCGAGCGTTCCG-1_GSM4013393,13
CTCGAAATCAACACCA-1_GSM4013393,13
GGTGAAGGTCAAACTC-1_GSM4013393,13
TTCGAAGAGCTGCGAA-1_GSM4013393,8
CCAGCGAGTATTACCG-1_GSM4013393,15
GGAAAGCTCTCTGCTG-1_GSM4013393,9
CAGCTAATCATCTGTT-1_GSM4013393,8
CTCTGGTAGCCTCGTG-1_GSM4013393,15
GAACATCCACTTCTGC-1_GSM4013393,9
GCGACCAAGCTAGTTC-1_GSM4013393,14
CTTGGCTTCGTGACAT-1_GSM4013393,9
CTCGGAGCACCTATCC-1_GSM4013393,10
CGGAGCTAGGGCTTGA-1_GSM4013393,0
ACGCAGCAGACTAGGC-1_GSM4013393,18
TTCGGTCTCGCATGAT-1_GSM4013393,10
CATCCACGTCTGGTCG-1_GSM4013393,16
ATCCGAAGTGTCTGAT-1_GSM4013393,8
ACGATACTCAGTCCCT-1_GSM4013393,8
GGAGCAAAGAGTAATC-1_GSM4013393,1
AAGGTTCCATCAGTAC-1_GSM4013393,8
GACCAATTCCCTTGCA-1_GSM4013393,4
AGCGTATAGGAGTTGC-1_GSM4013393,18
AGTCTTTAGTTCGCGC-1_GSM4013393,8
CTAGTGAGTTCCACGG-1_GSM4013393,13
GGGAGATTCTCTGCTG-1_GSM4013393,0
TGTGTTTGTACTTAGC-1_GSM4013393,13
CGCTATCAGGGATCTG-1_GSM4013393,0
TACCTATTCCCACTTG-1_GSM4013393,5
CTTGGCTAGGCTCAGA-1_GSM4013393,8
TAAGTGCCAGGACCCT-1_GSM4013393,0
ACGGGTCCAAACCTAC-1_GSM4013393,16
ATTACTCAGCTGCAAG-1_GSM4013393,18
GAGCAGACACTGTTAG-1_GSM4013393,18
CACAGTATCACCACCT-1_GSM4013393,8
TCAGCAAGTGACCAAG-1_GSM4013393,1
TGCGTGGAGACTTTCG-1_GSM4013393,13
TGCGCAGCAATCTGCA-1_GSM4013393,6
TAGCCGGAGGCGACAT-1_GSM4013393,15
AAATGCCGTTAGAACA-1_GSM4013393,15
ATGCGATCATGGGAAC-1_GSM4013393,16
CAAGATCCACCAACCG-1_GSM4013393,13
CATTATCAGTGATCGG-1_GSM4013393,8
GTGCGGTAGTGTACGG-1_GSM4013393,8
AACTGGTCAATCGAAA-1_GSM4013393,13
AACCGCGGTTGTCTTT-1_GSM4013393,9
ATAACGCAGGTCGGAT-1_GSM4013393,4
GGCTGGTAGAGGTTGC-1_GSM4013393,9
GCGAGAAAGGGCTTGA-1_GSM4013393,13
CTGCCTAAGGGAAACA-1_GSM4013393,15
AACCGCGAGGCAATTA-1_GSM4013393,8
CCTATTATCGGAAATA-1_GSM4013393,13
TGGTTCCTCCACGACG-1_GSM4013393,9
CATTATCCAAGTCTGT-1_GSM4013393,9
GAAGCAGTCTTTAGGG-1_GSM4013393,11
TGCGTGGGTCCAGTTA-1_GSM4013393,6
TCCCGATTCGTTGCCT-1_GSM4013393,3
CATATGGCATTGAGCT-1_GSM4013393,1
GAAACTCCAACGATGG-1_GSM4013393,8
CACCACTTCGATGAGG-1_GSM4013393,10
TCAATCTGTCTTCGTC-1_GSM4013393,18
CGTTGGGGTCATTAGC-1_GSM4013393,10
GGTGCGTGTAATTGGA-1_GSM4013393,9
TCAGGTAGTCAGCTAT-1_GSM4013393,12
TCCCGATAGAGTAATC-1_GSM4013393,13
GAACGGACACGTCTCT-1_GSM4013393,13
CGGCTAGAGCAGGCTA-1_GSM4013393,10
TGCGGGTAGTGTCCCG-1_GSM4013393,6
TCGTAGACACCCATTC-1_GSM4013393,9
GCTCCTAGTCGCCATG-1_GSM4013393,6
GATCGTAAGCCGTCGT-1_GSM4013393,0
TTCTCAATCCAGATCA-1_GSM4013393,14
GTTTCTATCACTTACT-1_GSM4013393,11
AGCGTATAGTCATGCT-1_GSM4013393,13
TCACGAATCGGAATCT-1_GSM4013393,8
AACGTTGAGCCAGGAT-1_GSM4013393,0
CTGGTCTTCGCCTGAG-1_GSM4013393,13
GAACCTAGTTCCACTC-1_GSM4013393,10
GTGTGCGTCTCATTCA-1_GSM4013393,6
CAGTCCTGTAGGGACT-1_GSM4013393,18
CTCCTAGAGCTCTCGG-1_GSM4013393,3
AAGTCTGAGTAGGTGC-1_GSM4013393,8
GCGCGATGTGAAATCA-1_GSM4013393,13
TCAGCAATCTGCGGCA-1_GSM4013393,13
TGAGCCGTCGCGGATC-1_GSM4013393,12
CTACATTAGGACGAAA-1_GSM4013393,5
TACTCATGTACAGTTC-1_GSM4013393,0
GACCTGGAGATCTGCT-1_GSM4013393,10
AGAGTGGGTAAACACA-1_GSM4013393,13
GCGCAACCACGAAATA-1_GSM4013393,16
TGAGCCGAGAATAGGG-1_GSM4013393,8
TTGCGTCCAGGTCCAC-1_GSM4013393,16
CGTGAGCCATGCAACT-1_GSM4013393,16
AAAGATGAGAAACGCC-1_GSM4013393,8
GAAGCAGAGTCCGTAT-1_GSM4013393,9
AGATTGCAGAGCTTCT-1_GSM4013393,15
CCACGGAGTGAAGGCT-1_GSM4013393,13
GACTAACGTGAAAGAG-1_GSM4013393,15
TGGCCAGAGTACGCGA-1_GSM4013393,5
ATGGGAGAGTCCCACG-1_GSM4013393,10
CTACATTTCTGCGGCA-1_GSM4013393,6
ACACCAATCATGTGGT-1_GSM4013393,18
CGTGTAAAGTACACCT-1_GSM4013393,0
CAGTAACTCGTCTGCT-1_GSM4013393,13
AGCCTAAAGCTAAACA-1_GSM4013393,14
GCTGGGTGTACAGACG-1_GSM4013393,13
CGATGGCCACTTCTGC-1_GSM4013393,14
TGTGTTTTCCTCAACC-1_GSM4013393,8
GATCAGTAGAGGACGG-1_GSM4013393,13
TGAGCCGGTTTGTGTG-1_GSM4013393,13
AGCAGCCAGTCTCCTC-1_GSM4013393,12
TTTGGTTCATATGAGA-1_GSM4013393,13
TGTATTCCACATTAGC-1_GSM4013393,15
CCTAAAGTCTGGTATG-1_GSM4013393,5
GGGTTGCCAAGTTGTC-1_GSM4013393,5
CTCAGAAGTTTAGGAA-1_GSM4013393,9
GTAGTCAGTAAGAGGA-1_GSM4013393,13
GTCTCGTGTTATCGGT-1_GSM4013393,9
TGGGAAGTCCCGACTT-1_GSM4013393,13
GGTGCGTCAAACGCGA-1_GSM4013393,16
CGATGTAAGGCTAGGT-1_GSM4013393,0
CGGACGTAGTGGGCTA-1_GSM4013393,18
GGACATTTCTTCAACT-1_GSM4013393,13
AGTGTCAAGACCTTTG-1_GSM4013393,0
CTGATAGAGGGTATCG-1_GSM4013393,10
TAGAGCTTCGGTGTCG-1_GSM4013393,13
TACTTACTCACCGTAA-1_GSM4013393,16
AAGGTTCAGTGACATA-1_GSM4013393,18
GGGCATCAGACACTAA-1_GSM4013393,9
CCTAGCTGTTAGTGGG-1_GSM4013393,8
TGGCCAGTCACTTCAT-1_GSM4013393,5
GTTCATTAGCGCTCCA-1_GSM4013393,8
TTGACTTGTCATTAGC-1_GSM4013393,14
CCACCTAAGGTAGCCA-1_GSM4013393,1
GACTAACAGCGACGTA-1_GSM4013393,1
CGCCAAGAGACAATAC-1_GSM4013393,1
GGCTCGAGTCGCCATG-1_GSM4013393,8
CGAATGTGTGGCCCTA-1_GSM4013393,14
CGGGTCAAGAGAACAG-1_GSM4013393,0
TTTATGCTCGATAGAA-1_GSM4013393,7
GGCAATTCACATCCGG-1_GSM4013393,5
TAAACCGGTGTGAATA-1_GSM4013393,16
CGGACTGCAAGACACG-1_GSM4013393,12
TTCTTAGTCAAACCGT-1_GSM4013393,18
CTCATTATCTACTATC-1_GSM4013393,14
TTATGCTAGCGATTCT-1_GSM4013393,18
CATGGCGTCATCATTC-1_GSM4013393,8
GAGTCCGAGAGATGAG-1_GSM4013393,16
CCCATACCATTCTTAC-1_GSM4013393,16
GTACTCCGTACTCGCG-1_GSM4013393,13
CGAATGTAGAGACGAA-1_GSM4013393,13
CTCTAATAGGCGCTCT-1_GSM4013393,10
TTCCCAGGTACGACCC-1_GSM4013393,13
GACAGAGTCGCCGTGA-1_GSM4013393,9
ATCATCTAGGAGTAGA-1_GSM4013393,18
ACAGCTATCTTTAGGG-1_GSM4013393,8
ACACTGAAGTACGATA-1_GSM4013393,0
ATGGGAGAGAGGACGG-1_GSM4013393,13
CCCATACCAGATTGCT-1_GSM4013393,13
GCATACAAGGAGTTGC-1_GSM4013393,16
CAGTCCTGTCGATTGT-1_GSM4013393,1
CGCGGTACATGTCCTC-1_GSM4013393,8
GGTATTGCACTTGGAT-1_GSM4013393,12
CACTCCAGTTGCGCAC-1_GSM4013393,6
CCGTTCATCAACCAAC-1_GSM4013393,18
GGCGTGTAGATCCGAG-1_GSM4013393,7
GACGCGTCAATGTTGC-1_GSM4013393,9
TCTGAGAGTCCCTTGT-1_GSM4013393,15
CGCGTTTCATATGCTG-1_GSM4013393,13
TACGGGCCATCGATGT-1_GSM4013393,13
CGGACGTGTCTTTCAT-1_GSM4013393,16
GATCTAGTCCGAAGAG-1_GSM4013393,15
CTCCTAGCAGGTGCCT-1_GSM4013393,15
GTGTTAGTCCGTTGCT-1_GSM4013393,3
TGAAAGATCGCAGGCT-1_GSM4013393,16
TTAACTCAGATAGTCA-1_GSM4013393,13
TTCTCAACAGATCCAT-1_GSM4013393,9
CAACCAAAGTGACTCT-1_GSM4013393,18
CCTAGCTTCCTCATTA-1_GSM4013393,9
GTTCGGGCATTGGTAC-1_GSM4013393,9
AGCTCTCGTTCGCGAC-1_GSM4013393,10
GGCTGGTGTAAACGCG-1_GSM4013393,13
TTGTAGGTCTGAAAGA-1_GSM4013393,16
AGGCCACAGCTCAACT-1_GSM4013393,16
GGAATAACATGGATGG-1_GSM4013393,0
ATTACTCGTGAGGGAG-1_GSM4013393,15
GAGTCCGAGGATCGCA-1_GSM4013393,16
ATCACGAGTGTTCTTT-1_GSM4013393,18
TTCTTAGCAATGGATA-1_GSM4013393,13
ACACCAAGTAGCTAAA-1_GSM4013393,14
AATCCAGTCTACTATC-1_GSM4013393,1
AACCATGAGTGTTGAA-1_GSM4013393,15
TTCCCAGTCTGATTCT-1_GSM4013393,9
CAAGGCCTCGGGAGTA-1_GSM4013393,1
CTAATGGTCTTGCAAG-1_GSM4013393,15
CCGTGGATCCGATATG-1_GSM4013393,5
GGGCATCGTTCACGGC-1_GSM4013393,15
GCTCCTATCCGCGGTA-1_GSM4013393,11
AGTGTCATCATAAAGG-1_GSM4013393,13
CTCTGGTCAAGAGTCG-1_GSM4013393,4
TTGCCGTCAGCGTTCG-1_GSM4013393,18
CCGTTCAGTCTCTTTA-1_GSM4013393,10
TAGTTGGCATGTAAGA-1_GSM4013393,18
GCTGCAGCATGCGCAC-1_GSM4013393,9
TGGCCAGAGGGCTTCC-1_GSM4013393,10
TCGGTAAAGAAACCTA-1_GSM4013393,9
TAAGCGTCATACTCTT-1_GSM4013393,8
CTGATAGAGGATGGAA-1_GSM4013393,3
TTTGCGCGTCCTCCAT-1_GSM4013393,15
TTAGTTCTCTTAACCT-1_GSM4013393,12
AACGTTGTCCTACAGA-1_GSM4013393,18
GGGAGATAGCGAAGGG-1_GSM4013393,0
AGAATAGAGCCACTAT-1_GSM4013393,5
CCCATACTCAACGGCC-1_GSM4013393,4
CTAGCCTCACCTTGTC-1_GSM4013393,18
GTGCATAAGACTGGGT-1_GSM4013393,8
TAGTTGGAGGCATGGT-1_GSM4013393,16
GCGCAACGTCGCATAT-1_GSM4013393,16
TTTACTGTCTGCTTGC-1_GSM4013393,8
GAGTCCGTCTTGTCAT-1_GSM4013393,15
GGCAATTGTTCAACCA-1_GSM4013393,4
AGCAGCCGTTGATTCG-1_GSM4013393,0
CGTGAGCCAGCTCGAC-1_GSM4013393,9
AGAATAGCAACTTGAC-1_GSM4013393,16
ACACCCTTCGAGGTAG-1_GSM4013393,18
GCTTCCAAGTTTAGGA-1_GSM4013393,11
CCAATCCAGGAGTTGC-1_GSM4013393,15
CCAATCCGTACTCGCG-1_GSM4013393,4
AACGTTGCACTTAACG-1_GSM4013393,18
TGGTTCCTCAGAGCTT-1_GSM4013393,9
TCAACGATCTGACCTC-1_GSM4013393,9
ATCATCTGTACATCCA-1_GSM4013393,12
TCAATCTCAGGATTGG-1_GSM4013393,18
CTCGGAGTCGTCCAGG-1_GSM4013393,9
CGTCACTAGGTAGCCA-1_GSM4013393,5
CCCAATCGTGATGTCT-1_GSM4013393,18
CCGGTAGTCGGATGTT-1_GSM4013393,1
CGTAGGCAGGAGTTGC-1_GSM4013393,9
CTCGAGGAGATGCCTT-1_GSM4013393,18
CAGAATCCACCTCGGA-1_GSM4013393,18
TTTACTGCAAAGGTGC-1_GSM4013393,14
CTTACCGAGGATGTAT-1_GSM4013393,8
CTAACTTCACTGTCGG-1_GSM4013393,6
CTACCCAAGACACTAA-1_GSM4013393,18
GTATCTTGTGTCAATC-1_GSM4013393,1
TGCGCAGAGATCTGCT-1_GSM4013393,15
GGGAGATCATCGGACC-1_GSM4013393,16
GTTCGGGGTATTCGTG-1_GSM4013393,15
CAGCAGCAGGCACATG-1_GSM4013393,18
CGAGCCAAGCAGCGTA-1_GSM4013393,15
GATCGCGTCTAACCGA-1_GSM4013393,14
GTGTTAGTCCACTGGG-1_GSM4013393,18
ATCGAGTAGGTGCACA-1_GSM4013393,3
TTCTTAGAGCGATAGC-1_GSM4013393,15
CAGTCCTGTACCGTTA-1_GSM4013393,9
GATGAAACATGGTTGT-1_GSM4013393,18
CGAATGTTCTAACCGA-1_GSM4013393,4
GTCACAATCACAGTAC-1_GSM4013393,12
AGAGCTTAGTGTACGG-1_GSM4013393,18
TAAACCGCAAGCGCTC-1_GSM4013393,18
TTAGGCAGTAAATGTG-1_GSM4013393,16
GACCTGGCAGACGTAG-1_GSM4013393,8
TGAAAGAAGGGATCTG-1_GSM4013393,18
CCTACCACATGGAATA-1_GSM4013393,10
TACTTGTAGATCGATA-1_GSM4013393,18
CACAAACAGCGCTCCA-1_GSM4013393,18
CAGCATATCGCGTTTC-1_GSM4013393,8
GGCTGGTTCGCACTCT-1_GSM4013393,18
GACTACACACCTATCC-1_GSM4013393,14
AGAGTGGAGGAGTCTG-1_GSM4013393,16
TAGTGGTCAAGACACG-1_GSM4013393,8
GGCTGGTGTAGGCATG-1_GSM4013393,8
TGCTGCTGTCGAATCT-1_GSM4013393,18
GACTGCGGTAAATGTG-1_GSM4013393,12
CCTTCCCAGTCAAGGC-1_GSM4013393,5
AGTTGGTCATGTTGAC-1_GSM4013393,3
GTACGTACAGGTGCCT-1_GSM4013393,1
GTCATTTGTACAGACG-1_GSM4013393,16
TGAGCCGGTCTTCAAG-1_GSM4013393,5
AAAGTAGTCGTAGGTT-1_GSM4013393,12
CAGCATAAGACGACGT-1_GSM4013393,18
CTCAGAAAGGCAATTA-1_GSM4013393,18
TTAGGCATCCACGAAT-1_GSM4013393,14
TGGTTCCCACCTTGTC-1_GSM4013393,12
CCAATCCGTGCGATAG-1_GSM4013393,18
CCCAATCTCACGACTA-1_GSM4013393,9
TCAGATGGTATTCTCT-1_GSM4013393,16
GGGTTGCGTGAAAGAG-1_GSM4013393,13
ACAGCCGAGCACCGTC-1_GSM4013393,8
AGGTCATAGGGTCTCC-1_GSM4013393,16
TCTGGAAAGGCCCTTG-1_GSM4013393,1
GTGCGGTCATTAACCG-1_GSM4013393,3
GACGGCTGTATAGGTA-1_GSM4013393,1
GACTACATCCGTTGCT-1_GSM4013393,12
GGCGTGTTCAAAGTAG-1_GSM4013393,8
CCTACACAGCCAGAAC-1_GSM4013393,18
TCGAGGCAGCTCCTCT-1_GSM4013393,15
ATAAGAGAGTGAACGC-1_GSM4013393,8
CACACCTCAAACCCAT-1_GSM4013393,9
ACGGCCACACTACAGT-1_GSM4013393,16
CACAGTACATCCCACT-1_GSM4013393,18
CCCAATCTCACAAACC-1_GSM4013393,18
GGTATTGTCACGAAGG-1_GSM4013393,16
GTCATTTCATACTCTT-1_GSM4013393,18
CTCTAATCAGTTTACG-1_GSM4013393,9
GACGCGTTCATCGATG-1_GSM4013393,18
CTCGAAAAGATAGCAT-1_GSM4013393,15
TCACGAAGTACCGAGA-1_GSM4013393,18
ACGATACGTGTGGTTT-1_GSM4013393,14
CTGAAACAGGCTCAGA-1_GSM4013393,5
TGGTTCCCAATAAGCA-1_GSM4013393,16
CCCATACAGTTATCGC-1_GSM4013393,18
TCAGCTCGTGATGATA-1_GSM4013393,18
TGTGTTTCACAGGTTT-1_GSM4013393,4
CTGATCCCATTTCAGG-1_GSM4013393,6
GTACTTTGTTGTACAC-1_GSM4013393,18
CGTCAGGTCACTTATC-1_GSM4013393,4
TACTTGTCAAGAAGAG-1_GSM4013393,18
GCTGCTTAGTGAAGAG-1_GSM4013393,15
ATGGGAGTCTTAGCCC-1_GSM4013393,8
ACACCGGGTTATTCTC-1_GSM4013393,18
AACTGGTGTTGTGGCC-1_GSM4013393,15
CGAGCCAGTTATTCTC-1_GSM4013393,13
ACCAGTAAGATGGCGT-1_GSM4013393,18
TACTTGTTCCCATTAT-1_GSM4013393,15
TTAGGACGTCCGTTAA-1_GSM4013393,13
GCAGCCAGTACCGCTG-1_GSM4013393,15
CGAGCCAGTTTGACAC-1_GSM4013393,17
ATTGGACCACAGTCGC-1_GSM4013393,18
GGTGAAGAGGCCCGTT-1_GSM4013393,9
CCCAGTTGTCATATCG-1_GSM4013393,14
AAGGTTCCAGTCACTA-1_GSM4013393,18
TGGGAAGAGTCGATAA-1_GSM4013393,10
GTCTCGTCAAGCCTAT-1_GSM4013393,15
CGCTTCAAGACTAGGC-1_GSM4013393,14
GTGAAGGGTCCCTACT-1_GSM4013393,18
ATTGGTGCAGATGGGT-1_GSM4013393,16
GGATTACGTTAGTGGG-1_GSM4013393,14
CGTGAGCAGGAATGGA-1_GSM4013393,16
AACCGCGTCAACACCA-1_GSM4013393,1
TACTCGCTCTCTGCTG-1_GSM4013393,9
CCCAATCCAAACCCAT-1_GSM4013393,9
CTCTAATCAGGCAGTA-1_GSM4013393,14
TCTGAGATCCAATGGT-1_GSM4013393,5
GGACGTCAGAAGGTTT-1_GSM4013393,9
TTCGGTCAGGTGATTA-1_GSM4013393,8
CCATTCGCATCAGTCA-1_GSM4013393,5
CTACATTGTTAGAACA-1_GSM4013393,10
ATCATGGGTAATCACC-1_GSM4013393,18
GTGCGGTAGAGTCTGG-1_GSM4013393,6
ATTGGACCATGAAGTA-1_GSM4013393,8
CGTGAGCCATGCCCGA-1_GSM4013393,18
TGCCAAACAAAGTGCG-1_GSM4013393,8
GCTTCCAGTTCGCTAA-1_GSM4013393,3
GCAATCAAGTGGGCTA-1_GSM4013393,18
GGATTACAGAAAGTGG-1_GSM4013393,16
CATTCGCGTTGTTTGG-1_GSM4013393,0
ACGATACAGCAAATCA-1_GSM4013393,18
ATCATCTGTTCTCATT-1_GSM4013393,5
CTAACTTGTGCCTGTG-1_GSM4013393,18
GTATTCTGTCTCTTTA-1_GSM4013393,18
AAGGAGCTCGTGGACC-1_GSM4013393,9
GAATGAAAGTAGATGT-1_GSM4013393,16
AGAATAGGTATCACCA-1_GSM4013393,18
CCTCTGAAGGGCTCTC-1_GSM4013393,5
TCGCGTTCAGATTGCT-1_GSM4013393,9
CAGGTGCTCAGGCGAA-1_GSM4013393,3
CCAATCCAGTAGATGT-1_GSM4013393,18
AACTTTCGTAGTGAAT-1_GSM4013393,8
CAGCAGCGTTACCAGT-1_GSM4013393,18
TGCGGGTCAAGAAAGG-1_GSM4013393,8
GTCTTCGCACGGCTAC-1_GSM4013393,18
CAGTCCTAGGACAGCT-1_GSM4013393,4
CCTAAAGTCAACGCTA-1_GSM4013393,8
CCATGTCCACGACGAA-1_GSM4013393,18
GTTACAGAGAATGTGT-1_GSM4013393,10
GTCACAAGTAACGTTC-1_GSM4013393,1
CCTAAAGGTACCGTAT-1_GSM4013393,10
AAGACCTAGCGTTCCG-1_GSM4013393,16
ACTGAACGTGCAGTAG-1_GSM4013393,0
CTCTACGCATTCCTCG-1_GSM4013393,18
CGTGTCTCAGATCCAT-1_GSM4013393,9
CTGAAACTCGGATGTT-1_GSM4013393,5
GGAACTTTCAATCTCT-1_GSM4013393,18
GTATTCTTCATGGTCA-1_GSM4013393,18
TTTGGTTTCTCGCTTG-1_GSM4013393,1
CACACTCGTTCTCATT-1_GSM4013393,18
CTACCCACAAGTAGTA-1_GSM4013393,18
CTAACTTAGCTGAAAT-1_GSM4013393,5
CCCAGTTCAGGTTTCA-1_GSM4013393,16
AAAGCAAAGAAACCTA-1_GSM4013393,12
CTTAGGATCCCACTTG-1_GSM4013393,18
CAGAATCTCAGCTTAG-1_GSM4013393,18
GCACATAGTACAGACG-1_GSM4013393,0
ACTGCTCGTGATGATA-1_GSM4013393,10
CAGCTGGAGAACTGTA-1_GSM4013393,10
GCTGCTTGTACCGTTA-1_GSM4013393,18
CCACTACAGCCAGAAC-1_GSM4013393,8
ATCGAGTTCTAACTCT-1_GSM4013393,9
TGACTAGAGCGTTTAC-1_GSM4013393,16
TACCTATGTAGCTTGT-1_GSM4013393,18
TGGTTAGAGACAATAC-1_GSM4013393,4
GAGCAGAAGGACTGGT-1_GSM4013393,10
ACCGTAACAATCTACG-1_GSM4013393,1
AGCTTGAGTGACTCAT-1_GSM4013393,18
CTTAGGAAGAAGGACA-1_GSM4013393,13
GGAAAGCTCGGCTACG-1_GSM4013393,18
GTTCGGGCATATGCTG-1_GSM4013393,18
TTAGGCACAAGTTGTC-1_GSM4013393,4
CAGCGACGTCGTCTTC-1_GSM4013393,12
CGGTTAAAGTGTCTCA-1_GSM4013393,8
CGTTGGGGTGTCAATC-1_GSM4013393,1
AATCGGTCAGTTCATG-1_GSM4013393,9
ATTATCCTCTACCTGC-1_GSM4013393,18
GCGACCATCCTTGCCA-1_GSM4013393,16
GGGCATCGTCAATACC-1_GSM4013393,18
CTAGAGTAGCCACGTC-1_GSM4013393,5
CTCACACAGCACAGGT-1_GSM4013393,4
TTTCCTCTCCTCGCAT-1_GSM4013393,9
GCATGTATCCTTTCGG-1_GSM4013393,18
GTTTCTACAATGAATG-1_GSM4013393,8
AAGTCTGTCCTGCCAT-1_GSM4013393,13
GTCCTCACAGTGAGTG-1_GSM4013393,4
AACCGCGCACAGGCCT-1_GSM4013393,8
CTCACACTCCTCAATT-1_GSM4013393,8
TGACTAGCATTACGAC-1_GSM4013393,18
GAACGGAAGACCGGAT-1_GSM4013393,10
CACCTTGTCTTCGGTC-1_GSM4013393,18
CTTAGGACAATGGATA-1_GSM4013393,9
GCTTGAACATCGGAAG-1_GSM4013393,4
TTAACTCGTACCTACA-1_GSM4013393,16
TGCGGGTCAAATCCGT-1_GSM4013393,1
AGTCTTTAGTGCAAGC-1_GSM4013393,15
GTATTCTAGTACATGA-1_GSM4013393,18
GAGGTGACACGAAAGC-1_GSM4013393,16
TTGCCGTAGGAATGGA-1_GSM4013393,18
GACGTTAAGAGAGCTC-1_GSM4013393,18
TATCTCAGTAATCGTC-1_GSM4013393,18
CTACACCTCTACCAGA-1_GSM4013393,18
GCAGCCACAGGAATGC-1_GSM4013393,18
AAGGAGCGTGCGGTAA-1_GSM4013393,18
ACGAGCCGTTCATGGT-1_GSM4013393,15
ACGATACAGACAATAC-1_GSM4013393,1
CTAAGACAGAGTTGGC-1_GSM4013393,1
GGCGACTCAGCTGCTG-1_GSM4013393,18
ACTTTCAGTATGGTTC-1_GSM4013393,18
CGTGAGCCAGTGGAGT-1_GSM4013393,3
AGATCTGGTACGCACC-1_GSM4013393,10
TTAGGACCATGCCTTC-1_GSM4013393,16
ATCTGCCAGTTAGGTA-1_GSM4013393,16
AGAGCTTAGTTAGCGG-1_GSM4013393,4
AACTCAGAGTACGTAA-1_GSM4013393,18
GTAACGTTCGCGTAGC-1_GSM4013393,9
TCAATCTAGCAGACTG-1_GSM4013393,18
CATCGAAGTACTCAAC-1_GSM4013393,9
ACCCACTAGAATTCCC-1_GSM4013393,18
TTAGGACGTCTTGCGG-1_GSM4013393,6
CTAGAGTTCGAATGCT-1_GSM4013393,18
ACATCAGTCCTATGTT-1_GSM4013393,15
AACACGTAGAAACGCC-1_GSM4013393,1
ATCCACCCATCGACGC-1_GSM4013393,18
CCGTTCAGTCTCTCGT-1_GSM4013393,9
CCTAGCTGTTACTGAC-1_GSM4013393,16
CTGCCTAAGGTCATCT-1_GSM4013393,9
CTCTAATTCAGTCCCT-1_GSM4013393,15
TCAGGATTCCTTAATC-1_GSM4013393,18
GCAGCCATCAGAGACG-1_GSM4013393,14
TGGCGCATCCGCGTTT-1_GSM4013393,16
CCTAGCTCATGCCACG-1_GSM4013393,9
CTGATCCGTAGTACCT-1_GSM4013393,18
CAGGTGCCACACATGT-1_GSM4013393,18
ATCATCTTCCAGTAGT-1_GSM4013393,18
CTTCTCTCAGTCGATT-1_GSM4013393,18
TGCTACCAGATATGGT-1_GSM4013393,18
CATATGGAGTGGTCCC-1_GSM4013393,8
CCTCAGTTCTAACCGA-1_GSM4013393,18
CACTCCACAGCTGTTA-1_GSM4013393,18
CTGATAGAGCGTTTAC-1_GSM4013393,5
AATCGGTAGCTAGGCA-1_GSM4013393,4
CATCAAGTCTACTCAT-1_GSM4013393,11
GTTAAGCGTGAGTGAC-1_GSM4013393,1
CGTCTACTCAGTTTGG-1_GSM4013393,18
CTAAGACCAGTACACT-1_GSM4013393,18
AAACGGGTCTCTAAGG-1_GSM4013393,18
GCTGCAGTCACTTCAT-1_GSM4013393,8
AAGTCTGAGGGCACTA-1_GSM4013393,4
GGGCACTTCTGCTGTC-1_GSM4013393,8
TGTATTCAGCGGCTTC-1_GSM4013393,18
ACGGGCTAGCCAGTTT-1_GSM4013393,18
AAGGCAGGTCATGCAT-1_GSM4013393,18
GAGCAGAGTGCGCTTG-1_GSM4013393,14
AGAGCGAGTTCAGGCC-1_GSM4013393,18
TTTGCGCGTTATGCGT-1_GSM4013393,18
CTTAGGAAGTGACATA-1_GSM4013393,18
GTGAAGGTCTCTGAGA-1_GSM4013393,16
ATGCGATAGCGATTCT-1_GSM4013393,4
CTCGTCACAAACCTAC-1_GSM4013393,18
CGCTGGACAAACGTGG-1_GSM4013393,18
TCTGAGATCTCGTTTA-1_GSM4013393,8
CCTACCAGTTCCCTTG-1_GSM4013393,9
ACAGCCGCAAAGCGGT-1_GSM4013393,9
CTCTAATTCATGCTCC-1_GSM4013393,18
GTGCTTCCAGGTGCCT-1_GSM4013393,8
GATGAGGTCTCTGAGA-1_GSM4013393,18
TGTCCCAGTACTTCTT-1_GSM4013393,10
CATGACAGTAGAAAGG-1_GSM4013393,8
GACGGCTCAGTATCTG-1_GSM4013393,8
GAAGCAGGTTCCACGG-1_GSM4013393,18
CCTTCCCTCAGAGACG-1_GSM4013393,10
GACTGCGAGGGTCGAT-1_GSM4013393,4
CAAGTTGTCGGAAATA-1_GSM4013393,4
TGCACCTAGAGGTTAT-1_GSM4013393,9
GATCGCGCATCGTCGG-1_GSM4013393,18
TATCAGGAGCGATCCC-1_GSM4013393,18
TAGGCATTCAGGCGAA-1_GSM4013393,18
GTCTTCGCACGGCGTT-1_GSM4013393,18
GACCTGGTCACATACG-1_GSM4013393,1
TGTTCCGCAGGTTTCA-1_GSM4013393,18
ATCATGGCAAGTTCTG-1_GSM4013393,8
CCTCAGTCAATGAAAC-1_GSM4013393,18
TGGGCGTTCCAAACTG-1_GSM4013393,14
GAGCAGACATGACGGA-1_GSM4013393,12
ACTTTCATCGTTGCCT-1_GSM4013393,18
ACGAGCCTCTAACTGG-1_GSM4013393,18
TGAAAGACACGCATCG-1_GSM4013393,18
AGCTTGACACCCATTC-1_GSM4013393,18
GAATAAGCATCCCATC-1_GSM4013393,18
CCTACACTCCAGTAGT-1_GSM4013393,18
GTGCGGTCATCCTAGA-1_GSM4013393,18
ACGCCAGTCTGCCCTA-1_GSM4013393,4
AGTGGGACACGTTGGC-1_GSM4013393,10
CCCAATCGTGCGGTAA-1_GSM4013393,18
AACTTTCAGGGAAACA-1_GSM4013393,18
ATAAGAGTCTGTTTGT-1_GSM4013393,18
GGAAAGCTCTATCGCC-1_GSM4013393,4
CGATGTACAGTTTACG-1_GSM4013393,18
GGGCATCCATTAGGCT-1_GSM4013393,18
TGGTTAGAGCACCGTC-1_GSM4013393,4
TTTCCTCGTGTGACGA-1_GSM4013393,18
TGAGAGGGTTAGATGA-1_GSM4013393,14
TACGGGCAGTGGAGTC-1_GSM4013393,18
CAACCTCCACACAGAG-1_GSM4013393,9
GAGCAGACATTAACCG-1_GSM4013393,18
TCCACACCAACTGCGC-1_GSM4013393,18
GGCCGATGTCATGCAT-1_GSM4013393,18
TCTATTGGTTGGACCC-1_GSM4013393,9
TTAACTCGTTTCCACC-1_GSM4013393,1
CGATGTAGTCTAGTGT-1_GSM4013393,18
GCACTCTAGTCTCAAC-1_GSM4013393,18
GGAATAATCGGTGTCG-1_GSM4013393,18
TACTCGCAGGGATCTG-1_GSM4013393,18
CGACCTTCACAGATTC-1_GSM4013393,18
CCGGTAGCAAGTTCTG-1_GSM4013393,8
TCAGCTCGTTCCGTCT-1_GSM4013393,18
CTGTGCTGTGACAAAT-1_GSM4013393,1
GTGCAGCAGAGACTAT-1_GSM4013393,5
TGAGGGAAGGCCCGTT-1_GSM4013393,9
TGACTAGCAGTTAACC-1_GSM4013393,1
GACGTTATCGAATCCA-1_GSM4013393,18
ATGTGTGGTACCGAGA-1_GSM4013393,18
GAATGAACATAACCTG-1_GSM4013393,8
CGGTTAAAGATCCCGC-1_GSM4013393,18
ACCAGTACAGCGATCC-1_GSM4013393,18
GAAATGAGTACTTGAC-1_GSM4013393,18
CAGTCCTGTCCCTTGT-1_GSM4013393,8
CGTGTCTAGACAGGCT-1_GSM4013393,18
CGGAGCTCATGGATGG-1_GSM4013393,18
AATCCAGTCGAATCCA-1_GSM4013393,1
TGTTCCGGTGGCGAAT-1_GSM4013393,18
CTAGAGTTCTGTCTAT-1_GSM4013393,16
GTGCATATCAAGGTAA-1_GSM4013393,18
TGTTCCGAGAGGGATA-1_GSM4013393,3
ACGCAGCTCCATGCTC-1_GSM4013393,9
GACAGAGCAGTATCTG-1_GSM4013393,18
CAAGTTGGTATATGGA-1_GSM4013393,6
TGCGCAGAGCTTCGCG-1_GSM4013393,10
AACACGTCAGGCGATA-1_GSM4013393,18
CTAGAGTAGGATGTAT-1_GSM4013393,8
GTTCATTTCTTTACAC-1_GSM4013393,4
CCTATTACAGCTGTAT-1_GSM4013393,8
CGTAGGCCAGCCAGAA-1_GSM4013393,8
TTGACTTCACACCGAC-1_GSM4013393,7
ATCCACCAGTGGTCCC-1_GSM4013393,16
AAGGCAGGTCTCCACT-1_GSM4013393,9
CCTAAAGAGAGGTACC-1_GSM4013393,16
TTGACTTGTCGAGTTT-1_GSM4013393,4
GCGCCAACATACGCCG-1_GSM4013393,9
TTAACTCCACCAACCG-1_GSM4013393,18
CTAATGGTCCGATATG-1_GSM4013393,8
GATGAAATCCGTAGGC-1_GSM4013393,10
ATGTGTGAGAGGTTGC-1_GSM4013393,14
AGTAGTCGTTGACGTT-1_GSM4013393,18
GACGTGCTCCGCAGTG-1_GSM4013393,18
GGGACCTGTTGGGACA-1_GSM4013393,18
CTACATTAGTGTTAGA-1_GSM4013393,18
GCATGCGCATTTGCTT-1_GSM4013393,18
CAGAATCCAGAGCCAA-1_GSM4013393,14
GAATAAGAGTCCGGTC-1_GSM4013393,14
CACCTTGTCCGCATAA-1_GSM4013393,18
CCTATTACACCACGTG-1_GSM4013393,6
TTGACTTTCCGTTGTC-1_GSM4013393,14
GTATCTTCAGGGATTG-1_GSM4013393,18
TGCCCATCACAACGCC-1_GSM4013393,18
TCTTCGGCAGGTCCAC-1_GSM4013393,9
TATTACCCACCAGTTA-1_GSM4013393,16
AAAGCAAAGCGTTGCC-1_GSM4013393,10
CTAAGACAGCTAGTCT-1_GSM4013393,14
TGAAAGACAGGTTTCA-1_GSM4013393,6
ATCATGGAGCATCATC-1_GSM4013393,4
CCCAGTTTCCGCGTTT-1_GSM4013393,3
CATGACATCTGTCCGT-1_GSM4013393,9
ACGGGTCGTATGAATG-1_GSM4013393,10
ATTATCCAGACGACGT-1_GSM4013393,14
CCAATCCCATCCTTGC-1_GSM4013393,9
ATTGGTGTCCATGAGT-1_GSM4013393,16
GGGAATGAGCCCAACC-1_GSM4013393,9
AGAGTGGTCATTGCGA-1_GSM4013393,16
TACGGGCAGGATGGAA-1_GSM4013393,18
GCTCCTAGTCAAACTC-1_GSM4013393,18
CCATTCGGTAAGGATT-1_GSM4013393,18
CATCAGAAGCTAGGCA-1_GSM4013393,16
GCACTCTTCGATCCCT-1_GSM4013393,9
GGGAATGAGCAGGCTA-1_GSM4013393,12
CCAATCCCATGACATC-1_GSM4013393,16
CCTTTCTCATTTGCTT-1_GSM4013393,14
GTCACGGAGACTAAGT-1_GSM4013393,18
CTTTGCGTCGGTGTTA-1_GSM4013393,18
CCCTCCTAGAACTCGG-1_GSM4013393,10
TTGTAGGCACGTTGGC-1_GSM4013393,1
CCACGGACAACACGCC-1_GSM4013393,16
AGTAGTCGTATATCCG-1_GSM4013393,9
GGATTACGTGCAGGTA-1_GSM4013393,16
ACGGAGAAGTAGCGGT-1_GSM4013393,4
TCTCTAATCAGCACAT-1_GSM4013393,14
TGCCCATCACGTGAGA-1_GSM4013393,5
TACGGGCTCTACCAGA-1_GSM4013393,16
TAGCCGGAGCTAACTC-1_GSM4013393,4
ACGCAGCCATCCTTGC-1_GSM4013393,1
CAGCATACAACTGCGC-1_GSM4013393,14
TCAGCAAAGTATCGAA-1_GSM4013393,14
AACGTTGGTCCCTTGT-1_GSM4013393,0
AAAGTAGGTCAAAGCG-1_GSM4013393,1
CAGTAACAGAGGTACC-1_GSM4013393,5
TCCCGATGTTCCATGA-1_GSM4013393,8
