"","deviance"
"LOC105186768",517.264699981163
"LOC105180849",9597.41994270172
"LOC105186803",7528.34435560667
"LOC105188139",5276.93267863305
"LOC105186752",7724.49809953284
"LOC105186825",11576.474555844
"LOC112590613",2046.20690835143
"LOC105188127",285.66307795846
"LOC105180830",15866.9108628685
"LOC112590631",2272.36023990297
"LOC105186857",1311.32882737065
"LOC112590625",502.527485883199
"LOC105188125",267.222071590751
"LOC105182064",4500.32180418225
"LOC105188142",1163.36090945662
"LOC105190959",4558.36801859378
"LOC105180847",780.649494951363
"LOC105180821",4725.6269779353
"LOC105188135",5356.32452061322
"LOC105188143",10449.8457493991
"LOC105180831",2658.04677584963
"LOC105190975",2342.0919677833
"LOC105190963",3436.52515869364
"LOC105183581",11954.9156812613
"LOC105182066",583.686571597033
"LOC105190955",4224.11866113877
"LOC112590612",5515.54507974823
"LOC105188126",3452.10399822599
"LOC105180850",8033.606672778
"LOC105180843",1795.93667929387
"LOC105180860",13112.746858895
"LOC105190967",2939.50700824437
"LOC109503714",322.341577395246
"LOC105190525",6192.68329684436
"LOC105182068",10995.6779671947
"LOC105184583",6223.57256882781
"LOC105183454",14797.7557801289
"LOC105182054",9005.31712297448
"LOC105190961",6071.94473859568
"LOC105180815",9580.49115853343
"LOC105180824",9921.57757125036
"LOC112590635",773.943773803385
"LOC105182060",492.324487232809
"LOC105180841",3664.71799135926
"LOC105180845",5500.61072578624
"LOC112590611",1675.72311113042
"LOC105188121",12094.5741503074
"LOC105190964",3770.66562095549
"LOC105190521",7698.53776073637
"LOC105190971",4799.02047537688
"LOC105180822",7310.28633576283
"LOC105186784",18352.3035739574
"LOC105190523",6405.79682385826
"LOC105180816",3139.48474080608
"LOC105180829",30449.7516715818
"LOC105190520",8242.36851214131
"LOC105180818",8792.23825149862
"LOC105180835",5797.25486232941
"LOC105182069",3507.67379165102
"LOC105186019",2879.43338917362
"LOC105190965",6893.50232533914
"LOC105182063",36487.5073366924
"LOC112590606",5000.66574901754
"LOC105182057",14084.762959529
"LOC105188137",255.660366706665
"LOC105186017",4049.98902628066
"LOC105192524",4725.9281000594
"LOC105190954",369.047665448153
"LOC105190953",1823.83945251066
"LOC105190524",8446.13622258478
"LOC105180826",3567.91112877961
"LOC105180833",4605.21551873822
"LOC105182061",3183.89434704798
"LOC105180834",1409.73536301716
"LOC105182055",1035.84666094254
"LOC105180817",6961.72784812628
"LOC105190974",5423.97965473187
"LOC105180819",9493.31265574766
"LOC105182065",1327.86917442324
"LOC109504585",14537.8660831859
"LOC105186797",14355.0957453385
"LOC105188122",16677.8255466924
"LOC105188128",5479.80333141025
"LOC105190970",353.986030874039
"LOC105188120",9366.20051195342
"LOC105186016",4435.45369686265
"LOC105188138",6074.52258261535
"LOC105186015",6781.26687692795
"LOC105192350",2440.86716075008
"LOC105190512",8209.62613250496
"LOC105180823",4674.37208629554
"LOC105190966",7839.74186188899
"LOC105182056",2814.76998855841
"LOC105181933",1092.49449695679
"LOC105182059",2029.02085378983
"LOC112590624",877.708799208634
"LOC105186023",15517.359171388
"LOC105190518",8575.98178458505
"LOC105190973",2348.59005765036
"LOC109504582",1389.61884028893
"LOC109504302",929.435995478622
"LOC105188141",6697.71217664017
"LOC105186778",2221.36998798246
"LOC105190514",3087.2910500031
"LOC105183208",6423.02148252769
"LOC105186020",7989.56672611703
"LOC105188124",4596.55041957583
"LOC105190522",9511.40267340997
"LOC105190969",11943.5738730166
"LOC105190515",5262.71706878132
"LOC105180862",2176.94120318665
"LOC105188145",7042.1650740317
"LOC112590634",559.486339044851
"LOC105190958",13798.8906169549
"LOC105180863",4983.43713259892
"LOC105190957",7216.62120289572
"LOC105192525",4694.07358059062
"LOC105190526",3759.81630338372
"LOC105188144",10699.3537645008
"LOC105186844",4592.17555827211
"LOC109504301",8887.67385775701
"LOC105180827",8690.00933728091
"LOC105190972",8400.17001514873
"LOC105190968",6459.07719633041
"LOC105183507",3362.41998615899
"LOC105180836",7907.55186608538
"LOC105190043",5540.74287282372
"LOC105187325",2192.26234134864
"LOC105190040",2893.44851368492
"LOC105183650",9845.87376021482
"LOC105183670",1997.49673454845
"LOC105187344",4445.05073361658
"LOC105187323",7693.84055581643
"LOC105187337",5777.27608829509
"LOC105183661",7812.4697118863
"LOC105183666",7770.16728274671
"LOC105182468",4344.34315429312
"LOC105183658",8310.57079823935
"LOC105187316",5462.80614173373
"LOC105187313",7673.31871010708
"LOC105182469",12751.302385619
"LOC105183645",9932.42901128732
"LOC105190039",113318.807969229
"LOC112589015",794.835555726093
"LOC105187317",1901.96809273388
"LOC105182464",2112.94300616982
"LOC105182471",6636.84540244674
"LOC105190048",854.250313388614
"LOC105183647",6625.26742212116
"LOC105186229",7394.49617463437
"LOC105181972",920.99069158554
"LOC105187342",5939.3689898872
"LOC105183660",7477.83661797662
"LOC105186239",4735.974075344
"LOC105190036",7329.45114314986
"LOC105190046",2277.62374740998
"LOC105186233",574.781837712176
"LOC105181970",5431.77487082837
"LOC105181179",5404.66727699442
"LOC105187314",9517.91733269631
"LOC105183663",8465.303361935
"LOC105182462",6309.06740497882
"LOC105183655",7983.13690627523
"LOC105187327",13932.1347981193
"LOC105190047",3936.75972047158
"LOC105186236",2866.81075068333
"LOC105183652",5619.187742112
"LOC105183669",5241.59387063472
"LOC105187332",4237.04030221714
"LOC105183649",12125.7771546059
"LOC105187343",9174.20312579279
"LOC105186230",6032.46978072997
"LOC105187304",7392.74762454024
"LOC105181164",2123.5791890522
"LOC105187315",6843.78755077724
"LOC112589021",422.669312235831
"LOC105186235",4736.81643868251
"LOC105187301",362.310921369143
"LOC105187320",5076.34856316004
"LOC105183667",4566.03968356761
"LOC105187328",501.370968845745
"LOC105187335",5758.63306067702
"LOC105181134",5449.35352715174
"LOC109504226",1011.90892104523
"LOC105187341",4307.09353893484
"LOC105187311",2079.14936737059
"LOC105183656",1701.42235368916
"LOC105181171",4617.63052511794
"LOC105190042",1287.27537160335
"LOC105182467",4282.26270365743
"LOC105183662",2718.01569897368
"LOC112589017",5479.08354982052
"LOC105183685",8306.73275379161
"LOC105186237",821.80337651098
"LOC105187324",9778.68160003703
"LOC105186232",3577.25448367533
"LOC105190038",3155.64527431119
"LOC105183646",3701.31241923019
"LOC105187321",6709.01641229775
"LOC105187318",2310.71957523308
"LOC105187355",1640.53662256373
"LOC105182463",9730.2101724858
"LOC105190037",5996.49680244071
"LOC105187302",1242.71726749756
"LOC105183654",10194.7972543417
"LOC105182461",4416.19119213922
"LOC105186228",4215.03150832217
"LOC105190045",5968.6046295831
"LOC105187339",945.936356274578
"LOC112589016",765.294676833485
"LOC105183657",5526.95748532566
"LOC105183664",2191.66280832927
"LOC105187340",8240.12424127314
"LOC105187338",3280.88318441749
"LOC105187319",5171.957254167
"LOC105187308",55329.2605029746
"LOC105182465",1978.1956617192
"LOC105187330",13687.2427408022
"LOC105187312",8015.3423327597
"LOC105183648",7460.92003804787
"LOC105186238",2909.93707544756
"LOC105187331",6405.6440773972
"LOC105182466",8449.08577592746
"LOC105183434",8396.00586433198
"LOC105183487",2364.69543454629
"LOC105183465",14063.0859815296
"LOC105183423",3187.55339787842
"LOC105183462",23243.7666791124
"LOC105187910",3486.26176182114
"LOC105183438",18604.4495024777
"LOC105187859",8626.49383854325
"LOC105183436",8238.49792397582
"LOC105187890",1041.89927010312
"LOC105183402",5558.83670420534
"LOC105183471",5038.71188750059
"LOC105187903",13836.7739027984
"LOC105183403",7680.13941011613
"LOC105187847",6422.29710351547
"LOC105183432",41100.5473283194
"LOC105187861",1828.53206139878
"LOC105183406",5877.84326099504
"LOC105183427",24322.5118102502
"LOC105187867",9899.06359824455
"LOC105183389",7005.89751920999
"LOC105187845",1500.60548139646
"LOC105187842",695.026528660824
"LOC105187871",9280.46696969866
"LOC105187881",17780.1799616411
"LOC105187850",6739.49866693119
"LOC105183448",5126.70604439336
"LOC105183416",7148.80742013292
"LOC105183458",5482.70844744373
"LOC112589677",4147.08645664565
"LOC105187904",6431.18497148164
"LOC105183421",1876.74077998977
"LOC105189272",9732.50299184464
"LOC105189273",13853.8191207786
"LOC105183467",2029.65885224238
"LOC105187913",1208.32339074423
"LOC105183445",5682.90320650574
"LOC105187889",12299.1951887909
"LOC105183480",2320.94018299984
"LOC105187863",2527.61976611095
"LOC105187866",7858.91689725047
"LOC112589667",1014.73491043825
"LOC105183456",1059.26301861388
"LOC105183422",3954.80668226589
"LOC105183415",11149.6409101523
"LOC105187885",7384.50370976272
"LOC112589668",464.265904302507
"LOC105183443",7325.2240981525
"LOC105183488",2317.91661200298
"LOC105183420",5981.80891421787
"LOC105183388",14411.5379046319
"LOC105187884",5190.31599573298
"LOC105187898",10138.3308982568
"LOC105183473",570.586989574015
"LOC105183419",4723.34957123563
"LOC105183481",4803.75032289371
"LOC105187840",5542.13478528119
"LOC105183429",682.296048406828
"LOC105187848",7139.81525958398
"LOC105183442",444.417000117282
"LOC105183387",2817.74496709269
"LOC105189274",17531.1265896522
"LOC105187907",22506.4026800476
"LOC105183437",6680.38149189102
"LOC105183408",1428.13004966933
"LOC105187846",9499.94603605166
"LOC105183447",5171.25901490419
"LOC105187844",8547.04396597849
"LOC105187905",3264.28717894037
"LOC105183431",747.707233184882
"LOC105183457",248.161408776377
"LOC112589670",1121.01137752534
"LOC105183410",25065.4677354899
"LOC105183414",1091.1252808253
"LOC105183398",2267.37431612114
"LOC105183446",2155.11995281699
"LOC112589673",267.19875973261
"LOC105183472",5856.48958179548
"LOC105187883",12410.4092408479
"LOC109504271",7334.36734543986
"LOC105187915",3675.21357933022
"LOC105183417",2401.07290873952
"LOC112589666",1282.86513120513
"LOC105187902",10942.2600293687
"LOC105187865",1866.7657020792
"LOC105187857",5610.90132566463
"LOC105187895",6816.50595762117
"LOC105183450",7028.29499958591
"LOC105183407",13568.7878119646
"LOC105187841",2185.72027371177
"LOC105187849",346.238948609557
"LOC105187868",397.883147433269
"LOC105187899",4389.60804451816
"LOC105183452",3598.0311053135
"LOC105183426",10694.2294527259
"LOC105187872",7918.17144840711
"LOC105183470",9602.80210826164
"LOC105183397",10702.8135586351
"LOC105183474",5882.03822826411
"LOC105183390",8127.74347007232
"LOC105183476",6422.8530321932
"LOC105187882",953.97816357426
"LOC105183453",576.998347646618
"LOC105187874",9257.34555815966
"LOC105183484",35082.4947400855
"LOC105183424",4672.6806604194
"LOC105189276",5211.87835760028
"LOC105183449",1571.57166748493
"LOC105187909",4032.98190363715
"LOC105187893",7757.07186156329
"LOC105187855",12435.9356755804
"LOC109503886",1747.80740069083
"LOC105187856",4046.1881234402
"LOC105189275",5228.71300621519
"LOC105183441",13507.4938742403
"LOC105183483",58346.6261211275
"LOC105183469",9176.02656634718
"LOC105187864",7685.85220662638
"LOC105187843",8092.78058980485
"LOC112589671",1677.0372762353
"LOC105187887",2055.99399850348
"LOC105187870",9337.98282733852
"LOC105187858",6986.98956101392
"LOC105187854",12543.1637290891
"LOC105187921",24025.9527276487
"LOC105183401",10112.1041084685
"LOC105183425",640.83096270814
"LOC105187839",14584.1014744783
"LOC105183433",3264.50841780079
"LOC105187914",7162.28915236845
"LOC105187920",390.416105785384
"LOC112589678",332.661794384477
"LOC105183399",5472.61574915154
"LOC105183404",3629.00286840154
"LOC105183440",9630.54529959264
"LOC105183400",6583.11818252882
"LOC105187918",2688.49978029639
"LOC105187901",6748.25762604526
"LOC105187862",1350.49617184093
"LOC105183451",6179.66933712523
"LOC105183418",1765.0611001459
"LOC105187908",8786.81667013889
"LOC105187911",4386.36178437135
"LOC105183409",536.003127440402
"LOC105187916",12246.214587482
"LOC105183466",5086.38319365875
"LOC105189613",2272.97649787917
"LOC105190796",6296.31857624128
"LOC112590012",292.626334251627
"LOC105190805",7163.51540067224
"LOC105189622",12859.1806706171
"LOC105190773",1298.53895286756
"LOC105185592",6704.33920796758
"LOC105190778",18627.8759658477
"LOC105190800",3482.27861867134
"LOC105190791",2692.25619685733
"LOC112590011",2064.21887988371
"LOC105190767",33263.4418015814
"LOC105185613",4941.99929254972
"LOC105190781",14266.8658715579
"LOC109504567",535.834456780531
"LOC105190764",2093.09058903223
"LOC105189614",3886.92924192004
"LOC105190823",806.093896417006
"LOC105186214",8360.54025992423
"LOC105186218",7167.58277214682
"LOC105190803",1854.74809774155
"LOC105186221",2808.61423394405
"LOC105190770",4510.8583503212
"LOC105190814",503.327914735105
"LOC105190801",1516.26325932467
"LOC105190809",3602.49039620106
"LOC105190795",426.282498083988
"LOC105190763",2193.4997271055
"LOC105190788",2391.89066654059
"LOC112590024",585.995931751681
"LOC105190787",6557.55802148119
"LOC105186215",616.109934106788
"LOC105186220",4028.40188832851
"LOC105189620",15083.1355668415
"LOC109504571",7599.3568722249
"LOC105190825",3476.96374767173
"LOC105190771",6619.13935364096
"LOC105189615",19640.5381515879
"LOC105190808",17671.1573962783
"LOC112590019",504.418944523932
"LOC105190776",7088.83221215544
"LOC105190785",6359.07921155737
"LOC105190811",2048.85377426364
"LOC105186219",6939.34151783838
"LOC105190824",1851.34428557443
"LOC105190827",526.217888042272
"LOC105190786",217340.116392607
"LOC105186217",3460.92750304053
"LOC105185628",2900.57671449198
"LOC109504570",15025.5141944476
"LOC109504566",20157.387356752
"LOC105190794",1968.45831070863
"LOC105190780",1340.60318157004
"LOC105189616",4488.94765658794
"LOC109504109",5506.32734976293
"LOC105190826",11956.7806558432
"LOC105186225",256.663175251503
"LOC105185587",5226.56342659557
"LOC105190784",9643.52994488086
"LOC112590016",290.188992436007
"LOC105190789",394.135272815112
"LOC105186216",4585.81343869198
"LOC105185605",754.747593158434
"LOC105190777",3769.66093368581
"LOC105186222",1907.21213320613
"LOC105189618",12603.660973454
"LOC105190792",10736.7404636919
"LOC105190806",8744.16769894491
"LOC105190810",10979.963018312
"LOC105183744",10034.4657359044
"LOC105188164",11297.3265612033
"LOC105181311",5045.793408432
"LOC105183692",5712.97321735224
"LOC112588584",351.5738579145
"LOC112588603",4400.23171785688
"LOC109503758",4932.54842400433
"LOC105181325",8364.09031844119
"LOC112588585",2887.18646559626
"LOC105181303",7825.27842086986
"LOC112588587",620.903266432886
"LOC105191799",12983.7618249507
"LOC105190502",9846.30729234171
"LOC105181284",4073.53074919354
"LOC105181293",6210.88971188785
"LOC112588605",3082.65094428896
"LOC105181425",484.21402135693
"LOC112588586",4259.38658956971
"LOC105183858",10923.7637994686
"LOC105183745",18993.5342583358
"LOC105183859",6522.74559213675
"LOC105182525",25571.4026180343
"LOC112588588",7134.00056386934
"LOC105186174",10635.3400192303
"LOC112588589",5860.63038034975
"LOC105190501",5063.40883580727
"LOC105183694",5819.0894818589
"LOC109503699",8398.58819497713
"LOC105187383",2176.33964681047
"LOC112590406",962.269257258446
"LOC105187392",2570.69043292698
"LOC105187368",1138.42045503153
"LOC112590405",3587.46190313246
"LOC109503700",2634.78175114571
"LOC105181678",386.678062814069
"LOC105181638",6476.63666690328
"LOC105181951",8380.32544409018
"LOC105181663",1721.33095187525
"LOC105181656",2813.0530469659
"LOC105187380",5842.21589826857
"LOC105187379",2409.42116259084
"LOC105181967",25413.1556214861
"LOC105190374",2965.50206724552
"LOC105181637",14326.5005444688
"LOC105187390",4687.27539183633
"LOC105181653",2862.79888803218
"LOC105181669",2104.21577322988
"LOC112590415",6735.13276132951
"LOC112588080",3090.89077135205
"LOC105181658",7505.20189422487
"LOC112590401",1312.96613947203
"LOC112590402",5701.12207764353
"LOC105187363",6292.88876991426
"LOC105181645",14352.7389117086
"LOC105181966",10940.564837405
"LOC112590397",905.56530108573
"LOC105189399",936.607531612242
"LOC105181641",14012.3352573848
"LOC105181963",1776.70079445663
"LOC112590404",6331.78624884761
"LOC105187364",14967.0168323507
"LOC105181675",7505.79916454907
"LOC105181666",11285.9987567293
"LOC105187377",9622.58872473754
"LOC105181642",3563.35469041242
"LOC105181643",8317.35132647272
"LOC105181952",3290.41743429979
"LOC105181652",1502.70193152872
"LOC105190066",11589.2633394972
"LOC105181648",7615.24653071512
"LOC105181968",398.589254077784
"LOC105181630",7500.3518021649
"LOC105181628",6419.49277430346
"LOC105190370",9451.35648369591
"LOC105181633",5039.35067378772
"LOC105181955",6302.98178143048
"LOC105181632",692.993786848451
"LOC105181964",13732.2558980536
"LOC105181660",8990.24309944604
"LOC105187366",372.756491976878
"LOC112590388",985.739087094466
"LOC105181957",9181.28960940487
"LOC105181668",5861.81442365448
"LOC105181661",22099.1515041342
"LOC105181958",3196.72383541107
"LOC105187367",16995.5629986675
"LOC105181676",3733.70744011483
"LOC105181655",5306.19660960086
"LOC112590410",6862.79751914265
"LOC105187398",664.537041795193
"LOC105181644",13170.6351488136
"LOC105181953",11459.8600163032
"LOC105181670",2894.16691235766
"LOC105190371",6774.31548623982
"LOC105187399",8248.13957202973
"LOC105187389",5186.90635981441
"LOC105181959",3402.55766732893
"LOC105187381",27616.1133591271
"LOC105181338",631.447971243797
"LOC105181340",13005.1134305615
"LOC105183136",6598.27819072423
"LOC105181650",8321.4971819094
"LOC105181962",6525.79821285307
"LOC105190375",9218.83937905049
"LOC105181651",5692.3981871675
"LOC105181677",7769.06437448218
"LOC105181461",10596.9556585159
"LOC105190369",8771.84387342459
"LOC112590395",924.659474899175
"LOC105181965",11071.2509657187
"LOC105181636",7582.92238805012
"LOC105187372",9786.51521907547
"LOC105181664",9171.99222079589
"LOC105187391",4220.13745082464
"LOC105187966",12381.5086904869
"LOC105181665",1612.99314187444
"LOC105181671",5489.34523863377
"LOC105181627",368.748024053894
"LOC112590411",3961.8530583058
"LOC105183010",3195.58863656841
"LOC105181956",8210.35532688865
"LOC105181631",3181.65530911077
"LOC105181649",7492.22108060433
"LOC105187374",5547.09162662156
"LOC105181635",1954.19698439088
"LOC105187369",5560.15981826993
"LOC105181657",8838.31978778162
"LOC105187967",3875.76683130068
"LOC105181659",6415.70576690331
"LOC105181634",3037.31143593613
"LOC112590417",2584.5099135381
"LOC105187370",1904.23147579463
"LOC105181646",2672.03785944441
"LOC105187386",4798.0291176444
"LOC105185901",5694.96354633436
"LOC105185892",12252.6113405597
"LOC105185897",563.52514765702
"LOC105186448",11386.7900618217
"LOC105185903",9174.68717443466
"LOC105186466",1978.95062863027
"LOC105186445",7213.53396386838
"LOC105185890",300699.102285216
"LOC105185896",11241.2122319947
"LOC105186453",2854.29033613437
"LOC105186512",13419.2056072251
"LOC105185900",2077.93636062518
"LOC105185891",6044.60239817688
"LOC105186496",4859.63395510143
"LOC105186460",9089.07429433295
"LOC105186450",5773.58075556205
"LOC105186499",1539.74826023367
"LOC105186458",6744.62726168583
"LOC105186503",1362.3397384931
"LOC105186476",2219.55159300664
"LOC105189910",9520.87444866139
"LOC105186469",5216.73693143675
"LOC105186456",4285.95622846786
"LOC105186452",6685.46853070733
"LOC105185898",4746.11925689703
"LOC105185895",3125.08772705647
"LOC105186468",9168.62936594167
"LOC105186480",14747.570219508
"LOC105186470",1893.65061108076
"LOC105186491",1840.95707213204
"LOC105186861",4237.28125219538
"LOC105186862",582.282437753685
"LOC105186495",6738.67040509341
"LOC105185889",4122.74534092941
"LOC112588364",2283.74952011222
"LOC105186455",10627.4013346297
"LOC112588368",850.698051987335
"LOC105186481",11435.5924409749
"LOC105186500",2183.93387883666
"LOC105189913",10989.6338006725
"LOC105186510",3802.01350598055
"LOC105186492",20092.3868742864
"LOC105186490",8346.04401232777
"LOC105186497",15250.2166701309
"LOC105186447",3275.42809805297
"LOC105186478",14283.8857321361
"LOC105186484",6616.30288405279
"LOC105186482",4299.60501399417
"LOC105186498",5590.70594482364
"LOC105186446",4144.44913626748
"LOC105186494",2063.81748923674
"LOC112588365",5414.10105394726
"LOC105186454",5138.24792143988
"LOC105186472",20155.5793815161
"LOC105186487",2593.37555313318
"LOC105186488",6984.12385007332
"LOC112588366",503.405192258307
"LOC105186485",5098.38947995617
"LOC105185899",5152.8225795474
"LOC105186483",6062.78312157337
"LOC105186501",1244.75627580489
"LOC105186507",1145.67820554283
"LOC109503743",697.853928236553
"LOC105186459",255.484614148602
"LOC105186489",1919.29308011046
"LOC105186449",12163.6596453574
"LOC105185894",3606.49842102232
"LOC105186463",896.864411856501
"LOC105186465",9612.0225339376
"LOC105186869",798.454879195261
"LOC105186475",1750.64810972211
"LOC105186493",2023.50808944461
"LOC105186464",1346.73277822129
"LOC112588785",894.509905780446
"LOC105188787",1851.56741241525
"LOC105188230",10775.5426704665
"LOC105188792",12391.5381314142
"LOC105188830",3082.52801047348
"LOC105188798",8308.38295197409
"LOC105188238",2946.86667345953
"LOC105188854",3383.97092024867
"LOC105188251",342.090054570672
"LOC105188828",5096.01481569573
"LOC105188228",8462.79746316287
"LOC105188791",4453.90036397494
"LOC105188821",2634.40871187294
"LOC105188800",3607.36478407914
"LOC105188227",8779.91128739619
"LOC105188245",6708.14758396977
"LOC105188789",13022.9349868174
"LOC105188784",1835.13121229702
"LOC105188795",12215.1856529688
"LOC105188247",5776.62321616431
"LOC105188819",6865.24741344237
"LOC105188797",4571.38067008704
"LOC105188805",888.58561832303
"LOC105188806",8289.45010796157
"LOC105188822",2840.43118916504
"LOC105188825",54887.6012155998
"LOC105188818",2522.78431294073
"LOC105188823",6554.4162908534
"LOC105188786",18696.082330296
"LOC105188788",1133.02510085664
"LOC105188250",11083.5528152122
"LOC105188790",5397.1717316491
"LOC105188246",8186.31094461303
"LOC105188244",9357.18693479549
"LOC105188796",9495.25920653321
"LOC105188243",5079.16134376726
"LOC105188241",9169.09522895471
"LOC105188226",1016.58758076742
"LOC105188235",7306.02586344683
"LOC105188804",5606.2113735614
"LOC105188239",280.153072600815
"LOC105188248",4281.0846865929
"LOC105188232",24561.1822255118
"LOC105188808",7746.9197894872
"LOC105188234",1860.78106960228
"LOC109504362",902.495105400417
"LOC105188824",4831.56302907133
"LOC112588787",1027.3180515433
"LOC105188803",6179.48581863862
"LOC105188827",1919.01689935275
"LOC109504365",737.031608332801
"LOC105188801",2367.23310464556
"LOC105188807",8160.0734283514
"LOC105188242",7478.28117064526
"LOC105188233",6287.02036205972
"LOC105183030",2237.69032490255
"LOC105192421",2303.70189749795
"LOC105180606",6701.12495321665
"LOC105183186",4200.43349298108
"LOC105180611",1282.03027757234
"LOC105182955",3766.50238065484
"LOC105185381",524.624907393751
"LOC105185391",7482.43967992372
"LOC105180601",1048.07422447771
"LOC105183130",469.047766212663
"LOC105180897",3078.4414279155
"LOC105183109",5875.82768168046
"LOC105180889",3802.42394247058
"LOC105182927",6390.01742788516
"LOC112588123",579.905478673263
"LOC105185401",10610.4150194387
"LOC112588027",5112.12064731686
"LOC105183100",628.372047314188
"LOC112588122",5469.96350758168
"LOC105183135",10228.3521830352
"LOC105180890",391.819462197481
"LOC105180618",7705.40373760909
"LOC105185383",820.086203163985
"LOC105183360",6984.03462539191
"LOC105180603",3170.68764350929
"LOC105182960",2141.0697387148
"LOC105180892",590.693395051101
"LOC105192408",13155.4150602265
"LOC105183279",2369.96527417554
"LOC112588128",17619.4014926987
"LOC105192416",8787.3099519161
"LOC105183386",2931.10035179218
"LOC105192427",1692.53265543341
"LOC105185388",4100.36248332611
"LOC105180898",652.578693191276
"LOC105185393",12724.3493755631
"LOC105183215",9085.53805421379
"LOC105192420",2287.13376838656
"LOC105180614",7358.85553912973
"LOC105185405",3580.68834322432
"LOC105185387",4032.51238056137
"LOC105180605",14655.9950141824
"LOC105192412",5545.29182000764
"LOC112588051",799.202224086992
"LOC105183116",1234.38700964793
"LOC105185390",3224.21248330712
"LOC105192424",8455.88381469897
"LOC105183294",865.158867518178
"LOC105185400",4510.41564036567
"LOC105180600",5871.88341215299
"LOC105182987",7887.40767059653
"LOC105185386",7955.22137148165
"LOC105191806",1355.81718657764
"LOC105185398",1091.50088543247
"LOC105192405",10481.1030612429
"LOC105185392",3505.24360536366
"LOC105180613",7451.62119660293
"LOC105180896",1175.06097879107
"LOC105192413",15760.8505249171
"LOC105192414",7943.4901326486
"LOC105185399",17617.5557277494
"LOC105192407",656.623193108681
"LOC105185403",10626.0390550523
"LOC105191805",8327.27012337061
"LOC105180607",881.170326787632
"LOC105180612",585.723155410356
"LOC105192419",4129.96741193202
"LOC105192417",12631.8246536816
"LOC105183405",1531.55481738136
"LOC105192411",5441.22166498743
"LOC105183341",4026.13142839332
"LOC105182970",4204.30041938791
"LOC105183038",10882.6955702009
"LOC105183247",620.767058358855
"LOC105185404",6876.77517686112
"LOC105180615",9848.11491438965
"LOC105180895",7258.56697959789
"LOC105183229",23048.4568397491
"LOC105180619",6038.56528774044
"LOC105180893",9035.52236736795
"LOC105183396",4866.41443075586
"LOC105192418",3129.64217991468
"LOC105183124",16780.5759578244
"LOC105192527",4355.59871548482
"LOC105180602",4280.9830241775
"LOC105180610",18741.8750073243
"LOC105183009",875.355856079673
"LOC105182997",2343.49266481111
"LOC105182936",2849.14491949467
"LOC105183325",3474.36404853712
"LOC105185397",20123.4500839078
"LOC105180899",2292.95553953223
"LOC105185395",1506.09792577239
"LOC105183286",337.643136981683
"LOC105183350",13606.4867087606
"LOC105185385",4021.56670053619
"LOC105180608",5790.99143615465
"LOC105180617",11649.0778420973
"LOC105192410",8302.68841959459
"LOC105192415",5195.50799215846
"LOC105183209",8734.84730345845
"LOC105191807",16061.5443004998
"LOC105180599",8724.38426755423
"LOC105180597",6855.29195165616
"LOC105191802",3582.84067284827
"LOC105184911",6860.47144242336
"LOC105186650",12953.4534851587
"LOC105189500",9183.24444857734
"LOC105185602",14584.8392960994
"LOC105186649",5004.15492470247
"LOC105186645",6980.35887580644
"LOC112589447",293.779439900665
"LOC105184904",8651.85956107281
"LOC105182161",1197.11146241544
"LOC105189503",2940.1715682366
"LOC105186628",5221.38193652964
"LOC105184905",5961.69928969173
"LOC105184892",3866.15500475541
"LOC105186631",17052.7169779539
"LOC105185593",19918.5304600219
"LOC105185601",2534.68094185105
"LOC105183984",638.856510208275
"LOC105186648",6152.93536677483
"LOC105186633",2990.1787331541
"LOC105182163",485.787530135596
"LOC105184786",24478.8055137123
"LOC105186646",16627.3426062279
"LOC105184902",6635.45888766279
"LOC105189491",11788.3372123782
"LOC105185591",3401.84039320371
"LOC105182170",5962.4658387431
"LOC105184907",7221.19440828615
"LOC105186635",5696.61176717863
"LOC105189003",5573.56446164512
"LOC105186644",836.023887365035
"LOC105185597",1287.97018626727
"LOC105184909",311.307052419083
"LOC105182164",834.109870817211
"LOC105186629",3331.99124156994
"LOC105186643",6945.41359720696
"LOC105184784",388.788168785361
"LOC105182158",436.444021810363
"LOC105185600",2204.3884131596
"LOC105184899",9947.53519717952
"LOC105186636",2941.319733912
"LOC105186638",4626.00105302513
"LOC105186642",4321.2446685149
"LOC105189495",7845.12270475785
"LOC105184787",10602.896710888
"LOC105192399",5423.32128843183
"LOC105184908",5718.13489048415
"LOC105186641",20806.7125600842
"LOC105189001",10154.7011333056
"LOC105182166",10555.5723576621
"LOC105184895",8879.36181035682
"LOC105186647",4183.78792170484
"LOC105185603",9228.04123874982
"LOC105182168",2400.48776788379
"LOC105189493",19986.6665472126
"LOC105184898",5924.7318771643
"LOC105184894",4226.61780276296
"LOC105185594",4755.06418801668
"LOC105182160",2106.03724308039
"LOC105184903",9326.12215045455
"LOC105182162",331.464941050411
"LOC105186640",2756.43424807809
"LOC112589442",10270.6874017797
"LOC105186639",11580.4347914985
"LOC105189496",5095.34195090234
"LOC105184906",3409.00672455371
"LOC105184896",11359.5016629068
"LOC105186632",2587.01177946972
"LOC112589454",1198.05021179014
"LOC105192397",3761.08544490059
"LOC105184785",14131.4224016656
"LOC105185606",9006.2678784485
"LOC105186627",6883.76425713299
"LOC105185596",2108.94619479256
"LOC105192401",3802.50211861548
"LOC105184891",15093.5150570706
"LOC105189002",36963.5653601288
"LOC112589448",1074.09520553649
"LOC105185604",2557.54195951075
"LOC105189499",481.558148466999
"LOC105189006",7499.23151816581
"LOC105189492",10478.4807537291
"LOC105184901",822.229508954272
"LOC105182749",6975.20467109028
"LOC105182759",1075.10030433357
"LOC105182764",431.513707160738
"LOC105182744",10603.7565809641
"LOC105182732",22024.2542542318
"LOC105182733",12999.7079444624
"LOC105182748",4410.51793050076
"LOC112590517",349.488483034511
"LOC105188010",5591.26528347305
"LOC105188004",5657.07425781227
"LOC105188019",1655.89462841157
"LOC105182761",8024.56162455229
"LOC105182753",11147.1587808877
"LOC105182728",5869.45649634603
"LOC112590514",491.795593064674
"LOC105188001",5054.41080362774
"LOC105182729",12633.5684410202
"LOC109503797",1841.88446287068
"LOC105182766",3063.27881317614
"LOC105182746",2817.95728888387
"LOC105182752",3119.88439889151
"LOC105182730",8711.32862729605
"LOC109503794",1215.91092008901
"LOC105182735",17834.2052245388
"LOC105188016",12237.4848399838
"LOC105188005",7654.92835098333
"LOC105188024",1319.65079342304
"LOC105182760",2333.76186504293
"LOC105182750",4498.18691293603
"LOC105188014",1081.66877914752
"LOC105182739",7034.81033293987
"LOC109503795",387.44385178826
"LOC105182758",11178.1889493764
"LOC105188009",4910.46301357454
"LOC105182757",7005.98527913224
"LOC105188015",4743.42607190115
"LOC105182754",7270.98296692655
"LOC105182737",3054.95191040356
"LOC112590512",306.997642087433
"LOC105182740",6338.53691138743
"LOC105182747",10054.6089033188
"LOC105182763",2106.83211416477
"LOC105182779",285.673150909374
"LOC105182762",2877.17636271951
"LOC105182751",2001.8575618995
"LOC105182743",14071.6856322411
"LOC105188002",8892.11277535368
"LOC105188022",545.787750103286
"LOC105182755",16207.3173688304
"LOC105182738",8437.96985972727
"LOC105182765",863.115939338353
"LOC105187997",5335.99894233846
"LOC105188006",7046.1617009057
"LOC105188013",4937.22866796799
"LOC105191865",19357.8510518034
"LOC105191886",1543.84565818457
"LOC105191888",40299.567261073
"LOC105180970",2208.81839127082
"LOC105191860",763.66940142461
"LOC105180967",5249.14579102025
"LOC105191861",3988.31887929902
"LOC105191878",23553.5299624643
"LOC105191869",5896.88394034812
"LOC105191889",7902.84194256703
"LOC105180971",5118.4763976099
"LOC105191881",3059.69671835771
"LOC105180969",10149.59929537
"LOC105191868",7496.94345838814
"LOC105191877",4008.74306369083
"LOC112588628",291.089962838723
"LOC105191874",7594.59244593004
"LOC105191863",4030.90943156615
"LOC105191884",8954.50215219463
"LOC105191883",11888.082904699
"LOC112588635",9016.81332092723
"LOC105191866",3869.2479069249
"LOC105191872",2533.01673558128
"LOC105191890",8635.13518293175
"LOC105191873",1079.97742333398
"LOC105191879",261.970382772997
"LOC105180973",4317.22355975534
"LOC105191870",3174.86195299151
"LOC105191880",27470.1992594319
"LOC105180968",877.795473701943
"LOC112588633",1304.56177324068
"LOC105191867",18618.3092873644
"LOC112588634",6578.60542584426
"LOC105191875",15624.2011431164
"LOC105191864",3981.25577237164
"LOC105182380",4983.37215708555
"LOC105181995",3619.15992655367
"LOC105192117",1951.62208066465
"LOC105190649",3250.04037990277
"LOC105186359",4926.19749109524
"LOC105186341",4373.51565626516
"LOC105182485",294.402362581584
"LOC105181997",7314.58406176496
"LOC105186342",1900.57578982332
"LOC105186357",13331.3836785285
"LOC105191224",2577.56248227721
"LOC105192113",4660.86299755555
"LOC105186340",5384.02104473881
"LOC105186355",6765.51323159504
"LOC105192125",536.401446198746
"LOC105184503",2179.60450766431
"LOC105182367",1303.80801113573
"LOC105184550",10790.1238020672
"LOC105182000",22346.1331150027
"LOC105184538",7626.35527782233
"LOC105182427",6676.6516301103
"LOC105186345",6862.43675526535
"LOC105184567",8457.12387117004
"LOC105184296",4748.4446365668
"LOC105186336",15452.7458322232
"LOC105182503",5754.20366733073
"LOC105184448",13023.0100937375
"LOC105184434",11411.0244049258
"LOC105181994",29225.7745068702
"LOC105182403",534.785723129367
"LOC105184577",2647.02182541158
"LOC105192121",5054.79360882652
"LOC105182453",3221.17302085907
"LOC105186351",4183.63070341235
"LOC105184285",342.003548194626
"LOC105182460",6517.51999079958
"LOC105182492",490.813351319781
"LOC105186360",1991.70307881645
"LOC105184357",878.653443497182
"LOC105184423",459.262911554821
"LOC105186347",9059.18636642855
"LOC105182361",2042.36314352759
"LOC105192114",12418.1647464852
"LOC105184374",5494.03652533756
"LOC105186339",1061.77853479106
"LOC105182441",770.167985980552
"LOC105186343",3464.67571347543
"LOC105184493",4890.3311122128
"LOC105183836",829.19714180485
"LOC105192124",3157.75396934245
"LOC105186354",4166.67016108731
"LOC105184397",1590.62165275765
"LOC109503960",4138.48928162255
"LOC105184291",472.703585471168
"LOC105181998",7829.29667466398
"LOC105192119",4694.76421638809
"LOC105184288",2926.53385587892
"LOC105186337",5228.1694575246
"LOC105192118",4155.17192992075
"LOC105184453",4101.49678482453
"LOC105184283",19786.6319852586
"LOC105184290",1297.75589827493
"LOC105184475",6225.07998334904
"LOC105184512",4472.54638051804
"LOC105184294",5821.64331164344
"LOC105184407",10870.7341189254
"LOC105181999",4152.94980227668
"LOC105184382",2341.80573756362
"LOC105186335",15718.2148624032
"LOC105182004",2696.68185924248
"LOC105184532",9116.25682437741
"LOC105186349",3720.02026572993
"LOC105186350",3961.68515573755
"LOC112588281",816.636859194742
"LOC105192116",12865.5135789088
"LOC105186346",4696.06482421416
"LOC105184388",10446.1720538515
"LOC105186356",6701.17114353088
"LOC105192122",6489.97038041679
"LOC105183930",7830.26392013919
"LOC105183951",1901.35519547358
"LOC105185706",6770.2832272045
"LOC105183938",2760.30525079211
"LOC105183926",1471.04800298574
"LOC105183902",10796.1091797171
"LOC105183942",3817.98400328371
"LOC105186610",25195.6698223865
"LOC105183948",10512.1655468342
"LOC105183908",7313.00552489808
"LOC105183894",3782.59577700127
"LOC105186874",4403.64809349038
"LOC105190298",10077.4052112616
"LOC105185708",2612.15070354339
"LOC105183906",4749.49494571982
"LOC105182034",1849.93736710565
"LOC105183935",7117.65764861755
"LOC105183924",7136.54361088072
"LOC105186620",710.771611543674
"LOC109503934",303.332900556694
"LOC105189837",6089.98139628794
"LOC105183936",10331.9449832975
"LOC105189840",5669.93445634926
"LOC112589252",1223.14651457714
"LOC105186613",1983.10002048081
"LOC112589254",1159.02945308907
"LOC105183933",7552.97475643706
"LOC105183953",4590.21299967257
"LOC105183899",1001.50037715015
"LOC105183897",596.247745138589
"LOC105183940",4037.20759336482
"LOC105183928",5194.02989900284
"LOC105180909",2194.0692845581
"LOC105183937",9972.78260162912
"LOC105183952",7903.22428575814
"LOC105186619",998.236499859407
"LOC105186870",4490.83892918178
"LOC105183907",4509.39893473842
"LOC105189835",4828.35637225605
"LOC105185916",4278.08769911441
"LOC105183945",519.771338649401
"LOC105183929",8831.18374863551
"LOC105183913",3235.62201426992
"LOC105186623",10160.7246339635
"LOC105183921",10655.3757455706
"LOC105186616",9731.35455645058
"LOC105183923",6254.1446593876
"LOC105185713",1311.04628773981
"LOC105185707",514.763079270488
"LOC105183896",5009.99714723829
"LOC105186617",13622.1759503044
"LOC105183950",3604.75230966558
"LOC105189834",9112.03522830604
"LOC105180911",5627.38174034468
"LOC105183925",7073.36158678214
"LOC105183947",565.775449894649
"LOC105186618",7096.87691370977
"LOC105183895",1832.57994071374
"LOC105189838",2875.89246491633
"LOC105189832",2254.18440328159
"LOC105186611",3313.63290341837
"LOC105183891",4342.03471577561
"LOC105180910",3409.5094288908
"LOC105185704",10797.583772155
"LOC105189839",3528.45674183372
"LOC105183916",7109.2908000784
"LOC105189831",397.696339849641
"LOC105183903",568.614088587693
"LOC105183931",4746.55838310354
"LOC105189836",7760.43215635884
"LOC105183900",4527.32720228587
"LOC105183889",6230.76796924219
"LOC105186615",8609.40809293503
"LOC105183927",9889.30117751607
"LOC105183892",8239.39021934787
"LOC105183944",9755.7601125635
"LOC105181626",824.525804770461
"LOC105185711",9422.19106101897
"LOC105183893",9183.19580309746
"LOC105183915",6502.41459495681
"LOC105183911",45467.7644538433
"LOC105183904",1377.49268210011
"LOC105186873",20022.2826500121
"LOC105185709",1784.24897728487
"LOC105183946",638.017858927369
"LOC105183941",1621.96192861836
"LOC105185705",510.158247835259
"LOC112589259",3844.55179470291
"LOC112589264",1102.85729522962
"LOC105183909",736.330870859055
"LOC105186612",14711.7292576047
"LOC105184884",4546.23055953237
"LOC105183934",6175.40070904133
"LOC105183918",606.000048995949
"LOC105183910",6921.3173761469
"LOC105186875",3107.80465836785
"LOC105183920",6064.51660162332
"LOC105184045",11722.7160168983
"LOC105182124",3018.59923454587
"LOC105181839",1368.45543681122
"LOC105182261",408.03460573631
"LOC105181849",951.803869297321
"LOC105192542",5842.70137445628
"LOC105182331",9689.28451006413
"LOC105182214",4365.08327154778
"LOC105182100",2957.02659863645
"LOC105190589",4525.267372423
"LOC105182167",40174.5777177815
"LOC105182071",7616.71321196929
"LOC105182020",4743.45692468842
"LOC105182251",1292.08348455744
"LOC105182206",2442.10500168278
"LOC105181770",6455.46463761066
"LOC105192545",7363.86264942728
"LOC105182183",31409.4421607266
"LOC105190588",5861.20786283281
"LOC105182268",2428.29647182219
"LOC105182043",7713.28257093149
"LOC105182030",661.127015566948
"LOC105182010",12763.267826657
"LOC105181930",8007.68100293824
"LOC105182135",1139.26127347351
"LOC105182062",16123.4082990753
"LOC105181969",11497.0771236649
"LOC105192536",283.406900266867
"LOC105181857",8432.17624202335
"LOC105182237",8296.25281241925
"LOC105185213",4909.10677233928
"LOC105192540",1184.32993537655
"LOC105181763",11507.8260521293
"LOC105182275",9201.81069883826
"LOC105192550",342.686568859092
"LOC105182147",9262.14977377832
"LOC105182230",10601.8766517295
"LOC105182141",4594.61898052494
"LOC105190590",1512.18873405474
"LOC105182176",7606.92962576891
"LOC105181976",11290.8763064212
"LOC105182323",2531.33511390018
"LOC105192544",387.158386590042
"LOC105181819",2028.27696529941
"LOC105181873",4817.88224158024
"LOC105192535",9936.62870186435
"LOC105182119",6276.07653822086
"LOC105181902",4236.7231194642
"LOC105184044",14173.2646676014
"LOC105181828",3057.15836527332
"LOC105181862",4566.50755911888
"LOC105192538",22612.3472656
"LOC105182039",660.439325374737
"LOC105182001",4085.37820018438
"LOC105182053",1277.90047640927
"LOC105192537",5728.22350410011
"LOC105181946",8362.18473224573
"LOC105181954",5911.70454253735
"LOC105181204",476.987013916216
"LOC105181184",5516.43273171055
"LOC105184960",4243.65117330567
"LOC105184961",4044.17389181155
"LOC105184955",10395.0038236126
"LOC105184959",3023.85841646362
"LOC105181498",1103.04788949215
"LOC105181186",4750.43878452517
"LOC105181488",267.506187694719
"LOC105181187",5157.87929695402
"LOC105184966",3706.24595710651
"LOC105184957",648.951777442471
"LOC105184965",1283.78758619944
"LOC105184962",7943.03457253646
"LOC105184958",4417.93176916144
"LOC105181201",379.273280240063
"LOC105192267",413.016955536164
"LOC105181499",11284.7105899997
"LOC105181493",800.984534090524
"LOC105181211",6052.26704741819
"LOC105181198",7053.10978911777
"LOC105192268",3545.15773558353
"LOC105181191",3067.90730243664
"LOC105181495",1724.39548647037
"LOC105181190",6834.32940461926
"LOC105181216",14701.9073792301
"LOC105184968",5801.25877237047
"LOC105184972",309.728776197371
"LOC105181221",5996.90616535759
"LOC105192269",4354.53980361541
"LOC105181192",3063.11694521829
"LOC105181199",363.807241856894
"LOC105181193",5564.7171178106
"LOC105184964",380.638706102721
"LOC105181492",17001.2603926301
"LOC105181194",3688.93304659396
"LOC105187725",7248.59804664656
"LOC105181210",1354.03530793919
"LOC105181496",3347.06464880954
"LOC105181185",1705.52579251206
"LOC105181490",4077.75226715609
"LOC105184952",5902.14640185949
"LOC105184950",5795.31974797139
"LOC105181494",45071.0386073007
"LOC105184953",4770.94573630842
"LOC105184951",502.125524432201
"LOC105184967",5355.64091844025
"LOC105181054",3137.18757242263
"LOC105181063",8718.28240600592
"LOC105181061",5611.8884945054
"LOC105181070",2703.33651309434
"LOC105181058",5501.50302796256
"LOC105181075",6589.79990324984
"LOC105186808",3981.76588208729
"LOC105181072",609.724096488916
"LOC105181046",2204.29449328527
"LOC105181066",3757.61499946291
"LOC105186805",15502.24744476
"LOC112589325",395.945569610937
"LOC105181074",276.386313209317
"LOC105186802",23335.31156895
"LOC105181080",2240.70695336061
"LOC105181047",2621.8325439275
"LOC105181067",11720.5309360628
"LOC112589327",1797.83249262433
"LOC105181052",4879.97962711532
"LOC105181045",7732.18325203149
"LOC112589328",509.541964370575
"LOC105181068",11495.0698116903
"LOC105181057",5133.59969040298
"LOC105181051",8639.22861412949
"LOC105181048",14215.3638948111
"LOC105181065",11381.4636792069
"LOC105186809",729.910306014432
"LOC105181055",7945.24483834208
"LOC105181060",1290.1552104692
"LOC105181049",7388.33496888945
"LOC105181064",14936.0717295018
"LOC105186804",2315.2690296806
"LOC105186810",1623.41049857613
"LOC105186806",597.176123791534
"LOC105186801",8958.33269460204
"LOC105181053",2554.1497381651
"LOC105181069",1299.56358371824
"LOC105181050",5564.65579813753
"LOC105186796",16216.9653667058
"LOC105181059",6756.61396090642
"LOC105186799",8959.89182574501
"LOC105181056",5182.36724843627
"LOC105186800",2415.68042489888
"LOC105181044",5113.3159534768
"LOC105186798",8661.90356852541
"LOC105181062",13255.6873911256
"LOC112589326",538.646138319684
"LOC105181084",2689.95983561335
"LOC105188293",5001.85912652697
"LOC105188571",2228.85435534834
"LOC105188519",12571.1736777218
"LOC105188279",3383.90056695148
"LOC112589383",845.789237648384
"LOC105188535",453.005700640543
"LOC105188528",2484.31954040213
"LOC105188268",17744.5804858859
"LOC105185980",596.061829336437
"LOC105188317",361.725943838499
"LOC105188532",498.527508956874
"LOC105188302",1398.25051207261
"LOC105188557",293.167438637933
"LOC105188285",5455.99811856218
"LOC105188282",10404.0593242716
"LOC105188289",13519.9087152413
"LOC105188272",2289.28163995192
"LOC105186032",3673.42566814999
"LOC105188269",5186.21509189871
"LOC105188280",317.055895763228
"LOC105188318",1196.21953276513
"LOC105188521",4246.82634048231
"LOC105188310",385.640886871097
"LOC105188516",19532.4752820669
"LOC105188533",531.275214074447
"LOC105188281",3918.32392784902
"LOC112589377",874.240191300557
"LOC105185967",1278.75069827212
"LOC105188294",3633.81415708109
"LOC105188287",777.023031063574
"LOC105188274",2126.01070010975
"LOC105188523",6116.54619010707
"LOC105188265",5844.1936653273
"LOC105188517",63905.2636496662
"LOC105188288",13047.0600359594
"LOC105188534",399.447213311402
"LOC105188510",352.285956863189
"LOC105188264",2079.38221094136
"LOC105188270",8992.14567631896
"LOC112589594",269.115341717444
"LOC112589549",226156.628450121
"LOC105188283",15090.2600336746
"LOC105185917",7112.30536317324
"LOC105186022",9749.81208196259
"LOC105188512",725.901987379785
"LOC105188303",935.72085895644
"LOC105188271",3843.13469038679
"LOC105188530",5489.28880259914
"LOC105188296",3230.33824187122
"LOC105185972",7807.11453504915
"LOC105188526",5611.55391762995
"LOC105188304",417.374830451559
"LOC105188306",423.326813904443
"LOC105188276",2205.82989516656
"LOC105188307",701.87532381634
"LOC105188275",6252.95065515278
"LOC105186000",11798.0587828606
"LOC105188292",985.566011041368
"LOC105188524",5879.86554956277
"LOC105188568",15747.5148540719
"LOC105188529",1859.95692088418
"LOC105188286",2510.61101980644
"LOC105188313",395.361233480843
"LOC105188273",5354.82284659506
"LOC105188514",11058.9703022608
"LOC105188527",1453.6555428563
"LOC105188277",11103.0851641954
"LOC105185958",5141.04972259523
"LOC105185932",5923.79805936791
"LOC105188518",6454.86217244225
"LOC105188262",8186.70713128254
"LOC112589479",590.55186723742
"LOC105188290",3844.08575606279
"LOC105188266",7552.90259700673
"LOC105183078",283.032716716712
"LOC105188507",7432.7003679618
"LOC105183082",12678.1609445966
"LOC105190542",14659.0296430378
"LOC105183084",4346.94360325418
"LOC105182041",1618.26461535073
"LOC105183061",7769.52710052
"LOC105183060",718.656854704096
"LOC105183077",2246.12471640719
"LOC105185701",590.562311813234
"LOC105188506",4453.42799886547
"LOC105183058",1864.58526782657
"LOC112589542",2850.75324606327
"LOC105185700",477.468300509066
"LOC105190538",2065.47894545616
"LOC105183059",3553.25495887371
"LOC105183071",1258.90308409529
"LOC112589554",937.759639161172
"LOC112589548",1753.00462430354
"LOC105183067",7030.31849595393
"LOC112589557",377.484762972699
"LOC105182038",8262.81252217886
"LOC105183081",366.359949897067
"LOC105182051",7445.42456380964
"LOC105182044",10342.7950563643
"LOC105182040",3858.23106760406
"LOC105188508",6988.14424925775
"LOC105183083",1298.98438247037
"LOC105188503",387.172641598889
"LOC105183074",5490.04614412364
"LOC105183080",5704.27290542733
"LOC105183079",1182.8182680443
"LOC105183057",5615.10761329604
"LOC105182045",1217.09027549352
"LOC105183069",1649.37745131344
"LOC109503739",9908.13719088057
"LOC105182042",2241.16432224341
"LOC105190539",18517.616338974
"LOC105182036",384.777374533404
"LOC105188504",9628.38522713757
"LOC105183070",4746.02615322805
"LOC112589568",1859.77707816638
"LOC105190546",4118.0233837672
"LOC112589555",1269.70995932758
"LOC105182037",663.578771360858
"LOC105183063",6526.36273662279
"LOC105183068",11081.6673593606
"LOC105182035",383.916111729222
"LOC105190544",11751.2480034586
"LOC105183065",6843.71145998929
"LOC105190540",23097.6250242595
"LOC112589558",595.272878217061
"LOC105183076",1748.11043492317
"LOC105190543",4426.54292516636
"LOC112589546",700.496924509648
"LOC105183073",9882.62273015809
"LOC105191449",2431.05994983303
"LOC105191456",349.006141049754
"LOC105191424",812.662120223227
"LOC105191450",20973.9266472825
"LOC105191441",954.204392595612
"LOC105184470",1629.25162772728
"LOC105191405",12592.5909214802
"LOC105191438",3881.2506228377
"LOC105191410",7334.77208003259
"LOC105191402",6074.99041867127
"LOC105191439",626.436291290383
"LOC105191416",652.328728047833
"LOC105191401",8613.4218252677
"LOC105191417",10289.4959135573
"LOC105184471",11340.8559323783
"LOC112588201",983.7237706631
"LOC105191434",531.678285457459
"LOC105191442",2751.44127835267
"LOC105191411",10864.0990085712
"LOC112588198",2819.40511256547
"LOC105191420",785.380360004163
"LOC105191414",394.205266935997
"LOC105191426",1075.67817468483
"LOC105185413",3801.93942418396
"LOC105191404",1531.38412335241
"LOC105191400",8367.84810113066
"LOC105184468",1576.44388221301
"LOC105191409",1183.6286465129
"LOC105191429",475.269990063647
"LOC105191413",872.503550574727
"LOC105191445",5717.42483958452
"LOC105191418",729.161942567491
"LOC105191432",788.168483910156
"LOC105191422",7644.45968650381
"LOC105191428",2313.32582657506
"LOC105191419",3732.77522692478
"LOC105191403",7303.87075359716
"LOC105191425",1795.95772092548
"LOC105191454",2761.78445143285
"LOC105191448",10515.5634788858
"LOC105184469",95607.9480032721
"LOC105191408",8441.09097022826
"LOC105191430",2513.59117547484
"LOC105191412",22794.0661540229
"LOC105191406",1247.74976127504
"LOC105191423",2013.17445993267
"LOC105191437",691.953360249723
"LOC105185412",635.695223117747
"LOC105191452",6241.2076378735
"LOC105191407",13057.66140982
"LOC109504638",18526.0161457538
"LOC105191440",9770.86412072917
"LOC105182511",3872.02878668163
"LOC105182508",13544.1460334909
"LOC105192229",1411.93409074457
"LOC105187960",11931.6204018141
"LOC105182514",20417.6052164645
"LOC105187953",2137.97452678121
"LOC105182509",6604.50363695922
"LOC105187949",19625.5310870512
"LOC105187959",10153.721834727
"LOC105187956",4739.58814363219
"LOC112588397",5061.17239903586
"LOC105192226",18036.9623818922
"LOC105187951",453.513335267971
"LOC105192228",4165.52361683186
"LOC105187965",561.763806021862
"LOC105192223",5106.33149537861
"LOC105182513",6188.07832847558
"LOC112588396",9875.85102489346
"LOC105187963",11361.9672541847
"LOC105182512",4467.36043792029
"LOC105187952",394.023714918864
"LOC105192225",1759.44593018366
"LOC109504703",405.999212237148
"LOC105187958",319.175661951358
"LOC105187954",5342.12639884757
"LOC105187962",13851.0813376812
"LOC105187950",3202.88273474342
"LOC105192222",4433.32143169454
"LOC105187946",4795.99308023424
"LOC105187948",6429.82029209351
"LOC105183697",5187.55304091354
"LOC105189652",11030.562360374
"LOC112590572",2176.58567519161
"LOC105183700",4980.13931981854
"LOC109504439",450.54216770869
"LOC105184886",6445.04981817132
"LOC105183701",3576.07417024447
"LOC105185849",6491.15286161226
"LOC105183698",3881.05823827672
"LOC105185458",336.086203301995
"LOC105183695",2479.16455343494
"LOC105185574",11830.1080918672
"LOC105183703",10028.5162145948
"LOC105185651",1574.853016487
"LOC105189617",3050.72688850629
"LOC105189632",5308.54934498424
"LOC105189647",14754.4566255401
"LOC105183702",6973.13898981672
"LOC105183696",6670.59164296222
"LOC105189638",516.376646579988
"LOC112590579",469.682729476882
"LOC112590576",698.302743736059
"LOC105185719",6978.34849379136
"LOC105183699",25405.245016164
"LOC105192192",10220.0524237024
"LOC105192167",19172.5114731174
"LOC112589634",558.847528316431
"LOC105183651",4906.49666781635
"LOC105183814",379.830217708999
"LOC112589636",24015.1477657502
"LOC105192170",8159.08268039283
"LOC105185734",273.478219890369
"LOC105185717",2906.63580140364
"LOC105192193",8007.34026704025
"LOC105192200",6944.85674414926
"LOC105192205",9258.35078340402
"LOC105192179",11505.7977677843
"LOC105192174",2815.15128369996
"LOC105192184",2337.89139352954
"LOC105192202",10288.4264680107
"LOC105185726",8121.73458906832
"LOC105185731",6070.21707629121
"LOC105185729",13656.5051235263
"LOC109504700",335.968755254468
"LOC105192185",7841.69364809669
"LOC105192213",4752.77092534628
"LOC105192172",3235.98267996047
"LOC105192164",11445.0465590752
"LOC105192189",4497.25758436304
"LOC105192176",1883.08684729266
"LOC105192194",6719.83654125271
"LOC105192166",8770.29201899942
"LOC109504069",897.850774823985
"LOC105183726",1592.98532676027
"LOC105192195",1374.89881917185
"LOC105185714",5912.99644962081
"LOC105192211",7126.8020984333
"LOC105192212",3209.8890223874
"LOC112589632",1035.47546821637
"LOC105192168",2086.14989938872
"LOC105192186",15764.7655066577
"LOC105192180",5751.55089032386
"LOC105192206",1741.64532337981
"LOC105185722",34960.4839743774
"LOC105192173",11356.4642390177
"LOC105192207",164522.908442488
"LOC105183675",6994.66414471875
"LOC105185724",5217.74313375047
"LOC105192182",6962.60173015683
"LOC105192204",1042.27801443345
"LOC105192209",2488.21915127464
"LOC105192210",9484.45691585261
"LOC105192161",9355.67535891109
"LOC105185715",7593.69104478538
"LOC105192187",14811.0882928308
"LOC105185732",2660.48304357512
"LOC105183668",2336.26607139549
"LOC105192201",16832.3265213199
"LOC105192181",7733.63459261295
"LOC105192203",8752.25518004043
"LOC105183690",264.92192699467
"LOC105192177",4673.15296631564
"LOC105185716",2546.69871207483
"LOC105185728",3175.27403086522
"LOC105192208",6564.31472291507
"LOC105183659",4087.68156017356
"LOC105192163",2071.25766292049
"LOC105192199",1986.18991102226
"LOC105192183",12440.8545848777
"LOC105192178",21575.4137783287
"LOC105183681",23380.8813350116
"LOC105185723",552.89413866604
"LOC105185725",980.9276923251
"LOC105192197",5310.13668115866
"LOC105192190",1554.34336456761
"LOC112589635",12249.7615111583
"LOC105192191",4274.65703820125
"LOC105183732",3500.20288432282
"LOC105185727",2902.21537514909
"LOC105183638",12233.5464777337
"LOC105192175",2979.11407783248
"LOC105185721",6832.25083559126
"LOC105185730",4983.07325778462
"LOC105192169",7141.61724733594
"LOC105192434",4754.82241573683
"LOC105192438",13881.9596724058
"LOC105192442",8098.88734381808
"LOC105192445",4383.64962474038
"LOC105192444",4908.28596672283
"LOC105187127",1215.92957025927
"LOC105186767",6014.53353548318
"LOC105185657",6517.86205438305
"LOC105187120",3184.96760285186
"LOC109503579",5231.91348204777
"LOC105186766",610.877177867456
"LOC105185665",2476.48047038611
"LOC105187133",5634.4681131623
"LOC105187128",380.905903769024
"LOC105186257",8815.68168672552
"LOC105192435",2850.33660285946
"LOC105192441",6396.10934702135
"LOC105186771",11109.6043734012
"LOC112588023",16438.4838970702
"LOC105186765",6890.55233055708
"LOC105192437",8509.57638015772
"LOC105192447",4685.04280740276
"LOC105192440",9890.49373568984
"LOC105187122",2108.02880666043
"LOC105192448",8209.59576662161
"LOC105192450",6260.32594930744
"LOC105192446",1294.34475740655
"LOC105187121",9010.24518441918
"LOC105192431",6736.36939999524
"LOC105187126",1910.2329655617
"LOC105186773",12541.2170368861
"LOC105192432",2529.70068538525
"LOC105192436",4886.03273890685
"LOC105192449",4332.48736219804
"LOC105192439",1509.45933164135
"LOC105184986",8463.95593544885
"LOC105185037",5924.92065691387
"LOC109504007",1068.51104977073
"LOC105185019",5285.7109373628
"LOC105184974",1170.54390450743
"LOC105185028",4556.89777462238
"LOC105185020",15670.169793304
"LOC105184988",7851.67067634255
"LOC105185035",10197.0975611834
"LOC105184976",3085.32076436888
"LOC105184999",498.996121734761
"LOC105185006",1378.8356853423
"LOC105185021",2357.22399354545
"LOC112589316",4381.23088518378
"LOC105185015",2827.14115629433
"LOC105185009",7142.86668792263
"LOC105185002",7200.84450546519
"LOC105185017",4256.64218615185
"LOC105185023",3863.91765768628
"LOC105185033",2318.58274534034
"LOC105185030",2934.96817991478
"LOC105184982",15111.3365582973
"LOC105184980",10635.3545992983
"LOC105184979",2427.23323626207
"LOC105184987",6911.60857340655
"LOC105184993",2832.5599728272
"LOC105184983",16052.7812941742
"LOC105184977",13379.6709096434
"LOC105184981",2474.38438003776
"LOC105185011",18737.7422174582
"LOC105180674",9010.99557322124
"LOC105185000",277.880977772382
"LOC105184978",11431.8412870781
"LOC105184975",2080.46940116253
"LOC105185001",14115.4224281808
"LOC105185038",763.877242418133
"LOC105184995",10131.2544992493
"LOC105185014",12022.5916716651
"LOC105184992",11899.9476944002
"LOC105184973",891.117318143046
"LOC105184991",11084.7966693684
"LOC105185036",1545.53990827315
"LOC105184994",11094.0996019065
"LOC105185013",6510.14780429829
"LOC105185018",3607.81591024381
"LOC105184985",1850.13227851808
"LOC105185010",3315.84614983882
"LOC105181586",25951.4150451812
"LOC105181585",484.223526407846
"LOC105189359",7768.62567476025
"LOC105189361",5671.48311482884
"LOC105189379",11862.8696089126
"LOC105181594",6111.99007592041
"LOC105181602",1228.51691237271
"LOC105189358",2417.6675257624
"LOC105181591",2067.71744528551
"LOC105189375",2367.80737894939
"LOC105189356",8275.65659498661
"LOC105189377",4968.78400449685
"LOC105181589",5694.72813343472
"LOC105181592",1234.35085606692
"LOC105181590",7185.36849424539
"LOC105189354",10864.069927814
"LOC112588375",5514.94632222625
"LOC105190379",11884.7010020896
"LOC105189209",587.963036008342
"LOC109504150",1187.29584101189
"LOC105182717",818.375303718308
"LOC109504417",3103.35170972896
"LOC112589789",5402.48668196247
"LOC112589776",839.364361482605
"LOC105182725",19298.0679785175
"LOC105182720",1444.3280491458
"LOC105182709",1569.25090143319
"LOC109503776",745.675515385036
"LOC109503765",297.496779570056
"LOC105182721",745.732542086621
"LOC109503781",877.889784712003
"LOC109504407",1287.90952690824
"LOC109503777",558.079083304327
"LOC109503787",764.006152630027
"LOC105182718",287.345395263239
"LOC112589790",9100.1388428547
"LOC109504412",606.554968101918
"LOC109503784",635.8224563473
"LOC109504419",334.655275245671
"LOC109504413",16565.8151671158
"LOC109504409",693.227172521903
"LOC112589779",828.581332002901
"LOC105182715",17043.7694570457
"LOC112589785",476.057283684567
"LOC105182722",498.985830454406
"LOC109503783",888.477569678342
"LOC112589792",11089.1820646653
"LOC109504405",1152.31655141495
"LOC109503779",1089.52836946217
"LOC109504410",927.125454305503
"LOC109503778",874.227399070533
"LOC105182711",6620.00018229369
"LOC105185093",4133.66886879298
"LOC105182517",22147.4351295146
"LOC105182710",7261.87600674185
"LOC105185095",16941.1277666764
"LOC105182704",27816.8585449979
"LOC105190377",5651.82701523203
"LOC109504408",515.0381540737
"LOC109504411",625.843659739994
"LOC105185094",24167.7506856978
"LOC109504418",739.170804294419
"LOC105185092",1344.77369922509
"LOC109504416",4303.05599845753
"LOC105185661",2581.54846199626
"LOC105185525",1889.66095848929
"LOC105185654",3305.05635816378
"LOC105185664",2083.47427198154
"LOC105185494",1024.57590254896
"LOC105185653",6965.91445475044
"LOC105185371",4920.54460558865
"LOC105185646",27590.5716093421
"LOC105185647",8736.53353597199
"LOC105185640",5588.08467299716
"LOC105185529",370.097579829319
"LOC105185649",7500.35492976735
"LOC105185668",1801.37803460553
"LOC105185450",12022.5145564617
"LOC105185563",3549.10191363149
"LOC105185480",11211.967965423
"LOC105185518",3703.52984611679
"LOC105185639",4242.08456368493
"LOC105185672",12072.3005078684
"LOC105185459",351.366819220778
"LOC105185650",10625.4772851816
"LOC105185666",7984.65966049692
"LOC105185663",2294.55099866423
"LOC109504054",680.687848167952
"LOC105185538",5489.87289509717
"LOC105185670",120565.671772811
"LOC105185501",4225.30688644248
"LOC105185659",2215.28947132474
"LOC105185655",12016.952851363
"LOC105185644",537.102626542438
"LOC105185656",2875.3965547438
"LOC105185673",8272.2049010974
"LOC105185658",4539.11507282656
"LOC105185645",4976.72756653752
"LOC105185510",4872.33571364368
"LOC109504028",5143.73370664105
"LOC105185662",13260.4368863563
"LOC105185671",2804.87147798445
"LOC105185667",913.088212501193
"LOC105185652",2735.2391452772
"LOC105185384",16890.4886813268
"LOC105186597",5336.65602340736
"LOC105182436",10583.4414565934
"LOC105182439",3137.14465136382
"LOC105186585",5681.67230601966
"LOC105182438",6846.23421257086
"LOC105186595",5990.92413352366
"LOC105182459",6288.45660194322
"LOC105186598",8192.9784949993
"LOC105182440",11365.6355765185
"LOC105182429",4834.56429329411
"LOC105186594",2329.77244079155
"LOC105186586",3395.88759252826
"LOC105182420",9129.23632391221
"LOC105182443",3277.16799763827
"LOC105182434",28679.3604551066
"LOC105186596",2301.51908818462
"LOC105182432",8812.06496171943
"LOC105186600",9311.38439267755
"LOC105186588",11139.4998107327
"LOC105182419",1023.10972663445
"LOC105182446",7738.61888525422
"LOC105186587",9453.76032436819
"LOC105182421",11437.5981889947
"LOC112588443",785.878940850727
"LOC105186605",3020.68174486392
"LOC105182445",586.541938481759
"LOC105182449",1343.21035659009
"LOC105182428",25227.4915927996
"LOC105186607",25960.6343709449
"LOC105182422",2861.42732582526
"LOC105186584",17479.0629907953
"LOC105182444",6964.56277492768
"LOC105186590",13310.3622608802
"LOC105182457",977.709451546832
"LOC105186602",3700.8864910445
"LOC105182430",557.328952959424
"LOC105182454",8065.44133469451
"LOC105182433",7004.4770188039
"LOC105182447",14227.9196241497
"LOC105182452",6958.58538557317
"LOC105186601",12402.6096034591
"LOC105182435",6809.86190380115
"LOC112588514",661.538797386161
"LOC105186599",2458.57370504119
"LOC105186604",819.567417186148
"LOC105186603",10712.2672234626
"LOC105182451",2419.3111164936
"LOC105182455",10585.2751932429
"LOC105186593",5003.76126807367
"LOC105186589",4878.03996379911
"LOC105182426",8404.01422546349
"LOC105182450",3239.04699672371
"LOC105181793",695.320614015393
"LOC105188580",2039.35419222307
"LOC105191658",4400.82581563425
"LOC112589404",2933.27129451955
"LOC105188586",4355.61936816032
"LOC105181783",7081.46009340749
"LOC105181803",6144.5868970512
"LOC105191648",2732.16947491418
"LOC105191653",4953.40891472937
"LOC105181809",4628.99972859704
"LOC105181787",7112.81854127521
"LOC105181808",2027.79824739923
"LOC105191668",4093.41565679757
"LOC109503720",3693.45928040002
"LOC105191662",2330.84122049392
"LOC105188575",14450.725620768
"LOC105181802",8357.23191798774
"LOC105181795",13888.2911360736
"LOC105188598",1700.88663881212
"LOC105181785",737.283571671295
"LOC105191661",6850.06166631388
"LOC105188576",17698.5416724336
"LOC105188583",9414.53801353715
"LOC105191663",6816.95712395417
"LOC105181805",9941.58585847229
"LOC105181779",1981.49555131841
"LOC105191669",2637.13297608139
"LOC105188595",1624.80560720634
"LOC105188578",8147.63056107943
"LOC105191649",619.572590324061
"LOC105181791",368.270722595308
"LOC105191654",26939.2675779487
"LOC105181788",1523.15997197087
"LOC105181780",1861.88214908789
"LOC105181799",2721.95397558055
"LOC109504651",892.686501887126
"LOC105181790",387.761045885945
"LOC105188589",1137.04172525036
"LOC105188591",12673.409495448
"LOC105181831",12389.3650185731
"LOC105181827",2400.24661235868
"LOC105181789",17344.6392827497
"LOC105181797",5728.5667386546
"LOC112589399",1420.4058458785
"LOC105188593",6028.97057450765
"LOC112589398",468.773180876076
"LOC105181816",379.97134220847
"LOC105181824",1802.76250759817
"LOC105188585",13723.2839624057
"LOC105181813",7016.94952512483
"LOC105181807",6070.94352946929
"LOC105188596",5766.17432795852
"LOC105181810",13338.2078420483
"LOC105188572",9252.02634313877
"LOC112589401",379.391606248425
"LOC105181798",27371.7636987225
"LOC105181778",7694.24229226969
"LOC105185435",4797.28578908704
"LOC105191664",1544.27021074407
"LOC105181784",15102.6733210403
"LOC105181800",1695.1346130096
"LOC105181804",7141.2417879212
"LOC105181794",3605.99242862835
"LOC105181781",5523.26517465288
"LOC105181801",1184.8344187126
"LOC105191652",15998.4727666094
"LOC105185434",8697.5848076785
"LOC105191655",9763.69064432337
"LOC105188577",5326.58778515672
"LOC105188592",8086.39439352313
"LOC112588065",25377.8314366308
"LOC105188579",8636.95577698125
"LOC105191665",6940.10004496144
"LOC112589396",729.008592702745
"LOC105188574",4728.12483087845
"LOC105188584",4536.94385010456
"LOC105191660",6785.91818033014
"LOC105191670",1541.83752441656
"LOC105191667",8882.14923270121
"LOC105181812",1904.16620369598
"LOC105191650",19967.0250008619
"LOC105188582",7986.26447805567
"LOC105188573",495.803098824854
"LOC105191656",3914.32639262228
"LOC105185439",452.302188560471
"LOC105189806",2806.90653962419
"LOC105180633",6302.72061336368
"LOC105189800",16316.0195174331
"LOC109503989",367.987339260276
"LOC112588059",2480.41258402813
"LOC105180820",647.009631841956
"LOC105189798",21899.7007318426
"LOC112588225",8971.90766302296
"LOC112588228",458.794991592648
"LOC105181639",2604.98344410417
"LOC105188360",3064.07415992737
"LOC105189805",23632.9890519286
"LOC105189793",7812.6265875215
"LOC109504612",3171.07306322671
"LOC105191893",21292.0310434902
"LOC105181426",6559.51315791261
"LOC105189794",12112.0720581055
"LOC112588230",379.56173764127
"LOC105189803",12705.5518999637
"LOC105189799",13141.4322925734
"LOC105186270",17121.79261637
"LOC105188370",290.032822078537
"LOC105188316",17579.3942786262
"LOC105192692",4684.09931524992
"LOC112588231",244.583149174577
"LOC105189796",11378.4357530038
"LOC105180774",314.791750870325
"LOC112588233",4461.00096041191
"LOC112588232",981.349302237343
"LOC112588226",502.609020941049
"LOC105180775",2442.6756303804
"LOC105189797",5713.04513513206
"LOC112588234",7446.7559070177
"LOC105189801",4233.93344659945
"LOC109504478",7070.52505847795
"LOC112588224",3066.42670555742
"LOC109503618",14664.8991674774
"LOC105180773",8133.93501228005
"LOC105184103",6277.37199594171
"LOC105184036",4190.94962097408
"LOC105182756",7938.1073469358
"LOC105189065",2845.21436118587
"LOC105184252",1969.4458961889
"LOC105189308",1842.38298561717
"LOC105189057",8652.34952380141
"LOC105189063",7795.97270633269
"LOC105182724",4159.72025667338
"LOC105184191",3540.30697971068
"LOC105184026",11593.6097221271
"LOC105189284",1592.35542226034
"LOC105189303",2847.04082837093
"LOC105184278",1994.79730491131
"LOC105189296",5539.97032227031
"LOC105189326",13261.2191655817
"LOC105182731",3296.35366148771
"LOC105189302",1959.81902898495
"LOC105189316",4183.7612281135
"LOC105189289",1313.09240046712
"LOC105182830",4587.502522127
"LOC105189305",5108.15636587068
"LOC105189309",1515.9917050121
"LOC105189315",1298.18435554571
"LOC105189322",3833.56030787978
"LOC105182814",3249.83204134331
"LOC105182772",4637.24085200739
"LOC105189327",3607.14431523838
"LOC105189306",3548.55621009918
"LOC105184054",5005.6083580805
"LOC105184216",2103.6302255453
"LOC105182834",7210.3636668327
"LOC105189282",1624.1634182085
"LOC105189304",12930.1483049252
"LOC105182736",40219.9747674793
"LOC105184167",6736.00117543236
"LOC105187816",6312.78943331053
"LOC105189283",5572.26281935429
"LOC105189277",3828.33847041668
"LOC105182745",1262.71989199866
"LOC105182847",989.622691390299
"LOC105189333",7221.45838314786
"LOC105189286",9493.71304940163
"LOC105189321",5302.3873067654
"LOC105187817",11540.4496941608
"LOC105189295",7398.5510426799
"LOC105189287",2450.18825741054
"LOC105184017",6011.24464986456
"LOC105189330",905.795467274452
"LOC105184124",9298.13239645359
"LOC105189300",69978.7811002041
"LOC105184231",8891.71023882893
"LOC105189332",12146.864907156
"LOC105189324",8069.00925394926
"LOC112589114",2244.48027995405
"LOC105189294",3077.41432608126
"LOC105183997",10795.8481506733
"LOC105189314",761.821731535042
"LOC105182793",5090.59928989825
"LOC105184012",6013.2019029135
"LOC112589113",604.238336352494
"LOC105189328",10543.6509647345
"LOC105189319",2806.44745550007
"LOC105189298",7087.92565299602
"LOC105189310",985.38226748883
"LOC105184235",1471.2168119006
"LOC105182785",1335.87823160004
"LOC105184284",6468.69454815382
"LOC105182688",5793.52041663081
"LOC105184210",3981.96335813164
"LOC105182898",3017.91644651677
"LOC105184046",3094.84743486136
"LOC105189323",3598.75535127454
"LOC105189278",409.365464192373
"LOC105189285",2430.16377818251
"LOC105189320",4003.06899615745
"LOC105189288",1746.36751699934
"LOC105184184",2436.23837521154
"LOC105189313",3483.66896701715
"LOC105189301",2538.47803839558
"LOC105189338",1499.89161727399
"LOC105189336",4427.10063502649
"LOC105184095",1322.6550629824
"LOC105184159",2045.45825299365
"LOC105189312",2730.32123491956
"LOC105189058",1336.50918718977
"LOC105182823",7422.86727883761
"LOC105189060",7157.7757155098
"LOC105184086",1453.06698320552
"LOC105182880",14697.3458760171
"LOC105184241",13439.2802969875
"LOC105189293",1161.89248923903
"LOC105182855",3598.16355027943
"LOC105189280",2550.2949898571
"LOC105189291",8834.34780261252
"LOC105189329",662.600870405755
"LOC105189279",1822.01817773501
"LOC105182102",7005.39451032889
"LOC105189051",2048.33451358969
"LOC105188703",9076.91683591493
"LOC105188661",2869.48585053101
"LOC105188744",10797.6648756552
"LOC105188992",5888.81467811681
"LOC105188562",1796.80944870932
"LOC105188676",1177.09395171968
"LOC105188439",5326.74327385238
"LOC105188831",695.926491683967
"LOC112589093",309.224424328242
"LOC105188920",12987.2674454987
"LOC105182104",7892.28595703679
"LOC105188946",3925.69119355576
"LOC105188986",14365.1738708682
"LOC112589090",4120.10760409927
"LOC105188799",350.37353635763
"LOC105189025",4798.61628125133
"LOC105182097",364.725478971114
"LOC105188912",10868.1078149778
"LOC105188474",9536.19856575489
"LOC105188608",5180.35888315009
"LOC105188809",480.369889904167
"LOC105188654",7438.06782412175
"LOC105182094",6886.03654521152
"LOC105188495",3504.28639900457
"LOC105188712",365.882254237096
"LOC105188844",1010.90676311972
"LOC105182096",3937.17571649738
"LOC105189046",5109.97006045918
"LOC105189132",2880.34610904166
"LOC105189075",3892.27922155006
"LOC105188785",3589.16809486092
"LOC105189059",3417.48387406448
"LOC105188450",5635.19076025034
"LOC105189117",410.540785014008
"LOC105188820",1977.17346163814
"LOC105188416",5331.64150470619
"LOC105182103",804.491308741881
"LOC105188686",7156.1256906199
"LOC105188505",20776.0584033012
"LOC105182098",3069.47229681928
"LOC105188974",10652.4801536674
"LOC105188841",750.886505594055
"LOC105188954",5276.09971755069
"LOC105188965",7540.99892555193
"LOC105188940",10320.2396334161
"LOC105188826",1156.507060366
"LOC105189015",8775.09236246628
"LOC112589087",460.864804092334
"LOC105188525",1546.32262000597
"LOC105188767",14138.6247386847
"LOC105188515",3811.64226713872
"LOC105188597",7814.4915876779
"LOC105188581",6385.9955795245
"LOC105188999",4689.47993290278
"LOC105182101",3687.68554345995
"LOC105188551",9727.86893561816
"LOC105189126",2726.54629727203
"LOC105188426",322.051228961168
"LOC112589091",9988.30461710958
"LOC105189039",4996.99323444599
"LOC105190567",5568.11741351257
"LOC105190583",5845.54939261227
"LOC105190568",12401.8612816668
"LOC105190551",4310.19121967104
"LOC105190557",36548.6996133442
"LOC105190570",1736.75666589226
"LOC105190561",2349.37287406944
"LOC105190571",9708.53938155857
"LOC105190554",12523.0727776701
"LOC105190582",4237.83098256995
"LOC105190563",4448.888771315
"LOC105190553",4184.22598220956
"LOC105190569",6219.15822471386
"LOC105190562",8459.46858974529
"LOC105190560",8376.23019048041
"LOC105190566",3745.86592919524
"LOC112590639",1244.83636578931
"LOC105190565",2315.73953952908
"LOC105190572",2301.19809842619
"LOC105190564",10179.2364888229
"LOC105186763",5032.10779123872
"LOC105189128",4110.30092679702
"LOC112590084",458.903984837914
"LOC112590080",1076.27844737928
"LOC105186761",367.547337077353
"LOC105186754",6430.95469136072
"LOC105187795",11365.4736508622
"LOC105186762",1353.32491551496
"LOC112590083",943.159901317296
"LOC105187831",7919.16856469535
"LOC105191744",17738.637424823
"LOC105191528",7060.98280913154
"LOC105187830",2965.16375426839
"LOC105186757",5689.43737254635
"LOC105187797",2234.46469729346
"LOC105191532",8762.40102805554
"LOC105189129",5082.0352652941
"LOC105191530",17082.0896154534
"LOC105186753",7652.03290226625
"LOC105189127",6127.68468533943
"LOC105187825",2558.0475536488
"LOC105189125",6084.283037769
"LOC105187835",862.753580128474
"LOC105186760",2201.81825579129
"LOC105187832",3046.53514676473
"LOC105185418",377.476047861043
"LOC105189123",2366.0955678659
"LOC105186755",10294.0672405764
"LOC105191525",3291.65045998126
"LOC105191531",6641.73197908597
"LOC105186756",6838.56693483432
"LOC112590081",9586.78843806253
"LOC105187402",642.816586256562
"LOC105187824",12661.4295559088
"LOC105187826",6316.41862897925
"LOC105191745",8653.75616140224
"LOC105191746",1239.8172858034
"LOC105191526",1566.49643450125
"LOC105186711",535.729545944936
"LOC105187828",2815.69310509279
"LOC105186758",6243.13621785076
"LOC105186759",11104.3375521235
"LOC105191533",7138.31000057831
"LOC105187800",44542.9944819142
"LOC105191524",4397.43911071165
"LOC105186751",11734.0489891203
"LOC105187829",1076.19509772165
"LOC105191523",12191.4966230337
"LOC109503591",2085.71143006172
"LOC105191527",6745.29663171736
"LOC105187798",2249.20746548315
"LOC105189124",9867.56701952917
"LOC105187799",7859.50333906478
"LOC105184384",2066.69327768028
"LOC105188196",9292.14962946942
"LOC105184402",5062.01139335349
"LOC105188185",10945.7250973927
"LOC105184392",8720.70027466478
"LOC105184422",12462.4900134156
"LOC105184373",10117.8890096827
"LOC105184415",6393.74033809487
"LOC105188172",8538.20925535073
"LOC105184416",13097.9981164942
"LOC105184414",885.734293855061
"LOC105184424",5419.64956378977
"LOC105192262",6422.56130132048
"LOC105192258",1734.12942987378
"LOC105184379",4041.36024946552
"LOC105184398",6035.88859773713
"LOC105192261",4798.04560142549
"LOC105188182",3958.95287741783
"LOC105188168",10250.4504945373
"LOC105184385",11902.4191306966
"LOC105184420",2405.65027235621
"LOC105188181",13179.1800199558
"LOC105188191",3157.37706360299
"LOC105188197",2950.04739089401
"LOC105184401",13590.2160671665
"LOC105184376",2735.0321874224
"LOC105184399",1239.00123909648
"LOC105184405",1556.79302211054
"LOC105184411",1175.47075906808
"LOC105184410",237.451689685887
"LOC105188176",8516.02143835855
"LOC105184396",7160.99543376207
"LOC105184409",3432.84791764097
"LOC105184403",2362.35008326346
"LOC105188174",12981.487232504
"LOC105188190",4242.88869524441
"LOC105188165",6883.00151714268
"LOC105184386",3284.45069298516
"LOC112588880",602.553845732948
"LOC105184413",5868.88557457617
"LOC105188194",1700.27346077618
"LOC105188175",2365.2301457881
"LOC105184418",2939.53907551687
"LOC105188186",36904.7319354491
"LOC105184421",8604.24451295275
"LOC105188187",6717.102667417
"LOC105188166",8644.4767455473
"LOC105184404",10113.0680041048
"LOC105184406",31295.322815894
"LOC105188205",4218.55771778547
"LOC105184383",1529.98965926665
"LOC105188195",2882.84817605045
"LOC105188184",7504.46693492488
"LOC105184425",2788.87116123315
"LOC105188183",6085.70828091422
"LOC105188178",311.652640430903
"LOC105188203",8397.6108787199
"LOC105188173",2115.28252114504
"LOC105184377",6483.93955569074
"LOC105188170",5420.37168603154
"LOC105184408",4262.3060470131
"LOC105188171",3489.50334092557
"LOC105184394",2755.53107495727
"LOC105184387",3534.81271708946
"LOC105188180",6815.33921499877
"LOC105184412",919.108529975483
"LOC105184375",2194.55101440817
"LOC105188199",3908.34587663716
"LOC105184380",8094.51504529724
"LOC105188193",1082.30607578868
"LOC105184372",17891.6664802736
"LOC105184390",6854.77507081208
"LOC105184429",10942.4378736205
"LOC105184426",8832.69278766738
"LOC105188177",4789.16991772106
"LOC105188208",4262.18437216752
"LOC105188192",14696.2897834282
"LOC105184393",9028.9299369961
"LOC105184400",6940.21208835187
"LOC105188204",591.196456582394
"LOC105184389",38361.9621234958
"LOC105188169",1204.64260615499
"LOC105188179",1711.86495960743
"LOC105184391",7352.99131524512
"LOC105184381",4421.23152855401
"LOC105188202",2094.56717824353
"LOC105184395",2134.74278465459
"LOC105188189",11206.8861829195
"LOC105192259",3342.18461259772
"LOC105190606",368.44613998866
"LOC105191069",981.962384947977
"LOC105191075",3887.86395730767
"LOC105191163",3428.7747990149
"LOC105191161",1599.21596334226
"LOC105190607",1078.87652461462
"LOC105190597",7857.14860071315
"LOC105190612",7316.21861662593
"LOC105191076",472.651654428881
"LOC105190593",5099.28112974936
"LOC105191074",13523.7175743524
"LOC105191072",2602.21031197124
"LOC105190617",1909.37433372309
"LOC105190618",7808.52575626425
"LOC105190615",11304.646938424
"LOC105190601",9212.62392532136
"LOC105191068",14624.7293142073
"LOC105190592",6243.7288728297
"LOC105190613",5206.11483733138
"LOC105190598",3286.92139194423
"LOC105191064",3919.86220090585
"LOC105191079",974.405241278847
"LOC105190599",7905.84445408114
"LOC105190595",4951.30652610479
"LOC105191073",16021.4199115677
"LOC105190604",16258.6062996953
"LOC109504544",991.384287466807
"LOC105191060",2550.30532718184
"LOC105191063",6329.8893145432
"LOC105191062",4909.18234423476
"LOC105190594",6570.81498595072
"LOC105191162",12177.5798743923
"LOC105190600",2580.10927277117
"LOC105190605",9202.98627636531
"LOC105191066",5709.51382752268
"LOC105191078",7107.59841263424
"LOC105190609",767.899572748033
"LOC105191067",6653.01551727092
"LOC105191070",15732.4739169939
"LOC105191061",13430.0083701577
"LOC105191077",2518.02738182672
"LOC105190596",800.401857257595
"LOC105191071",2488.60152008412
"LOC105190603",2255.22054283049
"LOC105186934",4032.9135222204
"LOC109504647",14145.9604869873
"LOC105191028",1024.71315056203
"LOC105191030",10276.5746282373
"LOC112589730",5866.61265447843
"LOC105183843",8718.9731414471
"LOC112589708",1465.55696670346
"LOC105191037",12329.7955748248
"LOC105191627",14146.6302790162
"LOC105191635",438.258722936329
"LOC105181582",9299.04127580181
"LOC105183846",7666.64252952653
"LOC105191630",789.084731696314
"LOC105183849",434.808952376196
"LOC109503929",1186.08544172196
"LOC105191632",2851.97898448255
"LOC105182900",21719.4205268035
"LOC105181581",502.707053176871
"LOC105191619",2745.23596006533
"LOC105191629",2245.21096658572
"LOC105191625",3827.36829869744
"LOC112589725",843.072930488624
"LOC105191634",7903.73504874292
"LOC112589721",2972.56603107282
"LOC105191633",3261.26486126617
"LOC105182901",4814.94643644905
"LOC105183850",4218.80090278882
"LOC112589732",2463.64554524874
"LOC112589723",406.565910139406
"LOC105180630",7602.85420592313
"LOC105183740",4923.04384608852
"LOC112589731",1860.78470618224
"LOC105191623",4306.64919460631
"LOC105183839",5280.41375297029
"LOC112589720",414.442086912759
"LOC112589709",423.058771120244
"LOC105191620",4848.53506034533
"LOC105191029",8496.10054217109
"LOC105191032",4148.43330199016
"LOC105191036",2449.91287286341
"LOC112589722",6390.99425381859
"LOC112589724",1065.62519389755
"LOC112589726",13703.0994466644
"LOC112589728",3219.05206836843
"LOC105191622",7515.48363527937
"LOC105191626",6701.10238799259
"LOC105183845",1968.34069181575
"LOC105183852",7934.78108483484
"LOC112589712",305.461196457456
"LOC105183838",316.345217317667
"LOC105191617",3268.65533292161
"LOC105186933",1860.34038180162
"LOC105183842",5671.217350266
"LOC105183856",7945.03504608175
"LOC105183841",4102.81225340035
"LOC105183848",4943.79174494537
"LOC112588053",6608.40869382347
"LOC112589736",14687.0243068325
"LOC112589727",5761.50417643223
"LOC105183837",10295.8414018608
"LOC105191624",1622.85346061509
"LOC105191035",16773.0591195269
"LOC105191034",1859.98390336156
"LOC109504590",1056.97199894972
"LOC105183857",7446.09345091575
"LOC105182902",4689.15288659462
"LOC112589716",513.486428089276
"LOC105185772",5632.46998064372
"LOC105188723",5369.14314102265
"LOC105185751",2417.46543183039
"LOC105188699",547.875870644136
"LOC105188701",431.980088017092
"LOC105185769",9209.88204420342
"LOC105188721",2794.40847708471
"LOC105188727",542.503890181946
"LOC105185761",6217.76520919575
"LOC105188705",3323.36004399399
"LOC105188706",5061.05953703881
"LOC105188704",9227.65685612601
"LOC105185754",8284.13066836173
"LOC105186084",462.616705612412
"LOC105185752",2409.39564715977
"LOC105185760",15920.8557169135
"LOC105188731",520.872339949845
"LOC105185763",1398.97051072922
"LOC105188694",9105.84760545956
"LOC105186087",573.253341155939
"LOC105185768",1614.70987955577
"LOC105188714",8683.49420971637
"LOC105188695",17569.7808761938
"LOC105185743",703.820640124716
"LOC105188725",1056.36195592052
"LOC109504071",394.244357926932
"LOC105187623",5149.49254098732
"LOC105185766",17707.7980524115
"LOC105188729",255.630789849341
"LOC105188702",1169.04220625762
"LOC105185764",6751.8445475511
"LOC105188709",7368.22526120573
"LOC112589035",672.558184560454
"LOC105185742",3914.11809572801
"LOC109504352",576.047372006205
"LOC105187624",2675.71708016261
"LOC105186091",13643.4766245377
"LOC105188698",6936.3032446683
"LOC105187621",5733.84757522772
"LOC105185759",6045.62335945515
"LOC105188693",4135.23735571662
"LOC105186086",6433.1267352219
"LOC105188717",4708.80714455426
"LOC105185777",4410.47718800495
"LOC105188716",8414.76859341986
"LOC105188720",5612.97110075048
"LOC105185757",3056.41087284074
"LOC105185776",643.269650075218
"LOC105188719",1641.64761278184
"LOC112589042",454.954629269684
"LOC105185762",7253.68413316119
"LOC105185746",9027.98426453717
"LOC105185741",18766.2953984016
"LOC105188715",3223.58025389524
"LOC112589034",402.340203655372
"LOC109503577",9253.05131392615
"LOC105188707",290.843588150796
"LOC105185750",13678.6622799068
"LOC105185767",13230.1488915328
"LOC105185739",1790.76691621491
"LOC105188726",8594.24128200195
"LOC105185747",5096.84250351569
"LOC105185755",17016.364804868
"LOC105185756",1372.69797994396
"LOC105181708",12978.7470176878
"LOC105181690",4704.44012586612
"LOC105181686",12146.9395035394
"LOC105181707",8380.52308247367
"LOC105181705",1645.36470933315
"LOC105181685",3639.75768338471
"LOC105181709",5335.03584880738
"LOC105181683",969.268825642831
"LOC105181687",1547.9724928188
"LOC105181716",1485.7447302304
"LOC105181681",27671.4617091148
"LOC105181684",7096.45900190941
"LOC105181704",8244.87535931774
"LOC105181694",10775.0364620886
"LOC105181718",526.434720897925
"LOC105181701",8998.52832861355
"LOC112590351",574.947345481049
"LOC105181706",5411.43860421855
"LOC105181710",15620.7833172714
"LOC105189653",6893.58539027811
"LOC105189733",3575.33463431133
"LOC105189674",4481.13203609339
"LOC105189662",10240.2730684522
"LOC105189754",15939.6096199944
"LOC105189741",5314.31425687153
"LOC105189760",11554.6478392168
"LOC105189672",3165.27698643049
"LOC105189704",3077.49092575342
"LOC105189686",1794.16004605311
"LOC112590043",658.391770168852
"LOC105189701",1161.38150632989
"LOC105189681",3643.96582785637
"LOC105190574",1556.44815653344
"LOC105189745",1884.30536828695
"LOC105189671",2429.76681170645
"LOC105189698",10405.7812531722
"LOC105189772",5977.16844869191
"LOC105189723",2656.03894602825
"LOC105189713",3095.46271850855
"LOC105189664",12679.3942108855
"LOC105190578",1834.488158902
"LOC105189710",5432.77766027073
"LOC105190573",4563.7223101753
"LOC105189734",5154.24683307024
"LOC105189716",17476.9553232841
"LOC112590041",1234.91309639551
"LOC105189709",8251.47789473838
"LOC105189756",5502.41348741583
"LOC105189718",9160.23709328918
"LOC105189721",1273.2560458802
"LOC105190575",6165.86995031204
"LOC105189708",5571.96280918339
"LOC105189683",12853.3184861635
"LOC105189738",5381.39338330811
"LOC105189714",4663.20216204784
"LOC105189703",4490.96975270904
"LOC105189724",5784.77627339332
"LOC105189663",17641.8066117003
"LOC105189682",20197.9706654128
"LOC105189633",9976.24593302498
"LOC105189700",12444.4323018391
"LOC105189750",9513.72123722667
"LOC105189726",5793.50328092287
"LOC105189727",1688.1193617744
"LOC105189712",4869.35111316886
"LOC105189685",4051.94945546243
"LOC105189656",3639.03526780954
"LOC112590037",3722.5588191093
"LOC112590040",6467.22416229403
"LOC105189634",15364.4503922128
"LOC105189655",3750.54130328977
"LOC105189747",5162.04116661822
"LOC105189692",6309.09432959206
"LOC105189680",4138.24810472049
"LOC105189677",3224.4485925219
"LOC105189715",10763.5843619828
"LOC105189751",10659.8784606238
"LOC105189697",10524.1638620493
"LOC105189742",8529.51323679173
"LOC105189753",10649.6495895535
"LOC105189639",8288.78691472523
"LOC105189651",2078.23164877533
"LOC105189767",6635.22707270583
"LOC105189771",1938.09571868991
"LOC105189705",12820.3745345352
"LOC105189679",946.738958527937
"LOC105189658",7104.09120871689
"LOC105189764",4938.55068090612
"LOC105189693",5130.95969541002
"LOC105189758",3969.97062497505
"LOC105189649",874.089752620403
"LOC105189673",2503.93225636879
"LOC105189761",1100.31146949618
"LOC105189637",5157.55680280885
"LOC105189699",4535.6674103395
"LOC105189730",403.635047860048
"LOC105189689",11135.2201529328
"LOC105189746",2933.03459741205
"LOC105189661",1153.04260393259
"LOC105189729",620.68699749341
"LOC105189717",8436.19880202998
"LOC105189732",8874.90147021614
"LOC105189743",12232.8997675287
"LOC105189668",22554.8044958617
"LOC105189660",4406.68036011818
"LOC105189752",19859.7264815787
"LOC105190577",24071.4556390544
"LOC105189669",2875.96234776887
"LOC105189635",4568.01177039727
"LOC105189720",8647.52390306809
"LOC105189657",10906.2773632966
"LOC105189696",9599.67510272539
"LOC109504458",2939.92215928592
"LOC105189642",342474.619173933
"LOC105189636",291.748222015611
"LOC105189737",6796.18995562513
"LOC105189640",2979.41443404333
"LOC105189744",11507.0918614585
"LOC105189766",3495.13641460287
"LOC105189688",361.165136142142
"LOC105189670",38322.0285523742
"LOC105189736",2335.45175645551
"LOC105189665",10545.2948260561
"LOC105189731",1241.34034840165
"LOC105189667",8538.33465907565
"LOC105189739",12673.4252583811
"LOC105189644",41143.0760318216
"LOC105189676",8572.19855032898
"LOC109504460",7665.28037366744
"LOC105189687",2519.10313875143
"LOC105189725",5842.54244746545
"LOC105189722",4494.82575103059
"LOC105190576",439.273556064677
"LOC105189757",6669.98249281444
"LOC112590034",1134.2098959576
"LOC112590036",1519.63633925921
"LOC105189749",5317.83379285867
"LOC105189762",5880.05929912941
"LOC105189646",922.133977708418
"LOC105189645",1018.62636595124
"LOC105189740",2232.71952180697
"LOC105185274",5547.34503389514
"LOC105185236",1733.55020700198
"LOC105185240",3955.36405952702
"LOC105185293",5909.51593724904
"LOC105185287",5368.7325694906
"LOC105185251",3070.34655442059
"LOC112590722",3175.23513033247
"LOC105185273",6501.12176772728
"LOC105185244",11013.6705803163
"LOC105185237",676.071238680106
"LOC105185292",14194.4125074111
"LOC112590720",1553.21609470033
"LOC105185277",5440.68416390186
"LOC105185241",5292.10156336089
"LOC105185242",9376.50526302291
"LOC105185272",3151.66403918371
"LOC105185257",4583.89988949252
"LOC112590724",924.594407196549
"LOC105185267",4936.84425041595
"LOC105185261",917.457431181933
"LOC105185259",4800.70135322024
"LOC105185253",3897.53247025971
"LOC105185276",12103.6242897971
"LOC105185270",411.480324356626
"LOC105185286",9337.35768726572
"LOC105185254",1200.37114728179
"LOC105185266",3141.97427931303
"LOC105185264",2387.22366667705
"LOC105185243",7207.95235178793
"LOC105185268",4418.13784406804
"LOC105185256",1389.32047066622
"LOC105185255",10326.5631282286
"LOC105185247",12902.7961804248
"LOC105185262",2153.81960416747
"LOC105185246",5370.36736109778
"LOC105185284",14667.8092758636
"LOC105185280",3327.49242497126
"LOC105185238",1360.18350624144
"LOC105185260",4242.09007755384
"LOC105185252",3027.77923570061
"LOC105185248",3897.63865721337
"LOC105185279",31038.1988197573
"LOC105185283",3303.87841832628
"LOC105185249",3511.60691592573
"LOC105185235",30310.2262563741
"LOC105185250",3717.56677186411
"LOC105185282",7255.55202070403
"LOC105185271",19256.6699429027
"LOC105190752",5402.95902807379
"LOC105191552",7447.24020906708
"LOC105191913",2875.83193778277
"LOC105192515",6863.87878840545
"LOC112590085",2027.56423482252
"LOC105190714",5638.74699508024
"LOC105190548",7783.15040026652
"LOC105191540",2143.35859288435
"LOC105192520",4286.80922983379
"LOC105190804",3713.84673633402
"LOC105191933",5531.7288145412
"LOC105190691",16183.0849480281
"LOC105191922",3643.64368183716
"LOC105191948",542.160774715456
"LOC105191557",10322.6791267525
"LOC105192523",4020.98102456815
"LOC105190790",3366.82449947516
"LOC105192519",9920.94816106262
"LOC105191538",4406.75075676658
"LOC105191554",5240.75022977517
"LOC105190705",2188.84028013762
"LOC105191923",12838.5234586427
"LOC105190661",13775.8493437495
"LOC105191945",6149.56186824663
"LOC105191936",3621.8786509538
"LOC105190768",4357.92339926007
"LOC105192521",5164.70751166269
"LOC105190867",4102.32586905482
"LOC105191542",5470.69305218623
"LOC105191546",4322.23000394474
"LOC105191918",4212.41654210164
"LOC105191930",533.325413003063
"LOC109503582",13453.7787246285
"LOC105191940",3063.48123328094
"LOC105190885",2457.52551418977
"LOC105191942",9044.12419453161
"LOC105191916",5561.59632005735
"LOC105191932",2502.09059295119
"LOC105191553",8079.48256108206
"LOC105191541",17072.7777016433
"LOC105190728",4253.60064991333
"LOC105191909",9118.08971599584
"LOC105191920",1822.96460497776
"LOC105192513",843.101170541002
"LOC105191903",8580.66769645576
"LOC105191928",7680.16639489597
"LOC105191907",1734.68825622691
"LOC105192517",3902.33124303661
"LOC112590092",2841.59241229927
"LOC105191906",9050.69717549616
"LOC105192514",1769.77793374022
"LOC105190738",669.156349900855
"LOC105187990",7932.82545023338
"LOC105191543",3188.07378202334
"LOC105191925",9830.39759446334
"LOC105192518",2923.18078616058
"LOC105190591",7304.6941029531
"LOC105190558",3203.61889202023
"LOC105190874",13089.3775071609
"LOC105186579",581.443319024719
"LOC105191912",23901.9404325237
"LOC105190783",4789.18034304317
"LOC105190858",3742.10440385541
"LOC105191935",2171.72954636066
"LOC105190685",1665.45544241022
"LOC105190665",4091.18062870331
"LOC105190851",14980.5514750643
"LOC105190616",643.478211310216
"LOC105191547",7491.83193551543
"LOC105190761",12286.2818021995
"LOC105191947",8035.38709941901
"LOC105190797",745.475231581529
"LOC105191915",7875.19428515657
"LOC105191908",356.154008674437
"LOC105191944",7229.0426006772
"LOC105190581",4064.28507094945
"LOC105187991",2467.38248742645
"LOC105191550",9681.14658558057
"LOC105191556",7655.51560898667
"LOC105191910",6986.59169556726
"LOC105191549",8486.67951038572
"LOC105187989",14377.2650132271
"LOC105191929",10418.1951833871
"LOC105191539",3611.23723062788
"LOC112590090",4690.47487103832
"LOC105191544",7191.34862050137
"LOC105190639",6376.61500861602
"LOC105190625",3537.72413830395
"LOC105186986",5160.35221392469
"LOC105191938",3728.43404235467
"LOC105191559",3066.04207210261
"LOC105191939",2277.37487234792
"LOC105191558",10046.3340652543
"LOC105190651",7715.70677882974
"LOC105191941",22210.1400941032
"LOC105192511",2089.15903200865
"LOC105187993",5329.69857019829
"LOC105191548",5997.53311559304
"LOC105189577",894.097949951819
"LOC105184069",5566.79728614344
"LOC105189580",9755.11338681316
"LOC105185406",7908.97647507627
"LOC105184068",3624.34421739609
"LOC105189598",4720.04312921984
"LOC105184083",6217.49250663845
"LOC105189532",6331.92954392324
"LOC105189584",4009.59261562854
"LOC105189534",42966.8221208176
"LOC105184071",2231.93774878574
"LOC105183114",16173.4747415286
"LOC105189563",5070.95075131505
"LOC112588214",1501.72341467662
"LOC109504448",663.385526334257
"LOC105183112",549.55071150882
"LOC112588210",322.942112942131
"LOC105189539",6072.24002245587
"LOC105189561",3193.93787190064
"LOC105189528",906.862437179042
"LOC105189517",3938.77396075301
"LOC105191771",483.512671075449
"LOC105185407",45047.5052493058
"LOC105184084",319.275574645615
"LOC109504447",313.331068151138
"LOC105189604",2011.93481913516
"LOC105189545",10356.6156907863
"LOC112588216",352.317758492282
"LOC105184073",3529.37174976657
"LOC105189518",6380.93492077136
"LOC112588084",1459.14256981444
"LOC105189508",18412.291333363
"LOC105189504",7717.666760919
"LOC105189558",8774.31610081514
"LOC105189582",2734.53870148965
"LOC105189509",8292.00533076496
"LOC105189523",1643.20438473932
"LOC105185351",13552.8682051562
"LOC112588211",726.237716216547
"LOC105189535",11413.5469131457
"LOC105185355",346.429631019788
"LOC105189529",614.124205371392
"LOC105189569",5621.51508568928
"LOC105189571",9097.34749834154
"LOC105189572",12479.7055240666
"LOC105189555",6030.0945682399
"LOC105183113",6553.04366295126
"LOC105189579",19233.4483152697
"LOC105189507",650.825772980894
"LOC105189595",4630.97595026436
"LOC105189541",15790.1957967597
"LOC105189603",820.942097193285
"LOC105184075",1461.23132490518
"LOC105189525",5252.83932003247
"LOC105189562",4626.38787083797
"LOC105189552",1523.97140223731
"LOC105189556",12772.0522328518
"LOC105189522",7550.56279841681
"LOC112588219",640.388288726172
"LOC105189530",1857.02901794022
"LOC105189589",455.360122546255
"LOC105189537",27506.5823368806
"LOC105184072",3304.12045920353
"LOC105189550",5583.40997293901
"LOC105189531",2279.47044336338
"LOC105189511",2305.11405217842
"LOC105189514",4861.63561144425
"LOC105189527",9519.16234282368
"LOC105189565",6615.1837313151
"LOC105189590",367.950302056458
"LOC105189605",442.473529497652
"LOC105189549",7959.9508719467
"LOC105189564",4849.48365056949
"LOC105189521",4207.88486184079
"LOC105189567",2263.50034002904
"LOC105189570",13209.8915974817
"LOC105189538",5596.5383787559
"LOC105189574",24549.2646809304
"LOC105189510",2044.57302482685
"LOC105189599",14451.4861960462
"LOC105189516",14632.8889398873
"LOC105189520",2027.12431933621
"LOC105189515",11377.7159634443
"LOC105189554",2113.1395998489
"LOC105189506",3476.46233756604
"LOC105184082",2113.43393765811
"LOC105189559",7199.22112698172
"LOC105189581",10499.6470300876
"LOC105189543",3949.76000619826
"LOC105189544",6287.62167107141
"LOC105189546",5591.09948907522
"LOC105189560",3333.19307225215
"LOC105189526",7655.31577760782
"LOC105189542",10478.3021275951
"LOC105184079",963.637554942553
"LOC105189575",13427.79165449
"LOC105189573",1222.3370544278
"LOC105189513",10496.2882511567
"LOC105184081",11600.5666780155
"LOC105189553",393.449748836321
"LOC105189540",535.899474510123
"LOC112590520",423.812788196088
"LOC105186415",10032.9456372087
"LOC105180684",7197.99391929481
"LOC105186416",5316.71855655145
"LOC105191399",7141.60373344472
"LOC105184473",123316.655861037
"LOC105191397",16407.4808049344
"LOC105191391",5267.7732475019
"LOC105180686",1964.99566317504
"LOC105188672",261.101212362582
"LOC105180683",3637.41191508466
"LOC105180685",5186.10884205819
"LOC105191393",3624.78612625122
"LOC105191398",2062.09798966954
"LOC105191390",13657.3435760258
"LOC112589527",667.656419206503
"LOC105183498",4259.62534305527
"LOC105183521",5977.51441229831
"LOC105183517",3797.58254443591
"LOC105183497",921.126452166745
"LOC105187046",3066.35801423072
"LOC105187042",14352.5679498622
"LOC105187037",3663.60568349465
"LOC105183495",1422.79104038423
"LOC105183514",4614.54497007674
"LOC105183541",4728.95172880182
"LOC105183515",2630.62513400695
"LOC105183518",368.75643128494
"LOC105183520",10832.4202683127
"LOC105183533",817.664610664526
"LOC105183511",10631.7254682435
"LOC105183545",16944.8208906906
"LOC105183510",79150.9397115762
"LOC105183496",469.93270180564
"LOC105183509",2046.34418762511
"LOC105187041",7082.67408947485
"LOC105183499",17220.2437764329
"LOC105183494",427.589459871943
"LOC105183502",3601.13280788175
"LOC105183505",10500.4075117156
"LOC105183519",28998.6455587807
"LOC112589525",382.613570443652
"LOC105183503",809.512939987828
"LOC105187038",576.137278041934
"LOC105183516",1654.53738919152
"LOC105183544",4807.20011790415
"LOC105183535",2673.81182932949
"LOC105183546",2891.86735117722
"LOC105183501",1593.51624382015
"LOC105183500",9069.16859543112
"LOC105183540",12063.4309042529
"LOC105183534",5121.35252305547
"LOC105183504",625.657147785308
"LOC105183522",8325.86103974576
"LOC105187044",4251.05910618122
"LOC105183493",14340.4415563051
"LOC105187039",1754.30904483064
"LOC105187043",7871.87130926983
"LOC112589530",4017.73195303699
"LOC105183508",15997.7980942231
"LOC105187035",27439.488191377
"LOC105183538",8501.94525468627
"LOC105187049",936.267188106885
"LOC105183506",3195.59928389409
"LOC105187036",10159.3801692045
"LOC105183526",2478.97338816165
"LOC105183536",2769.17148934641
"LOC105183513",5083.86180807901
"LOC105189971",20400.1238776547
"LOC105185623",1413.93604702755
"LOC112590308",1658.44327788521
"LOC109503682",1375.94072518248
"LOC112590309",3080.30480537771
"LOC105191268",4788.69188392424
"LOC105189969",14495.7740856543
"LOC105181456",1919.70275386902
"LOC105189780",8060.71306390247
"LOC105186852",10967.4358536849
"LOC105181452",2885.07416812297
"LOC105181451",1320.11140433218
"LOC105181939",5570.39079490738
"LOC105186846",1309.98290789781
"LOC112590310",350.309414275124
"LOC112590314",1649.34590522392
"LOC105189967",3307.42980829527
"LOC105189785",4142.56514851848
"LOC105191047",6867.62996282259
"LOC105182767",1105.24572050074
"LOC105192349",4778.29200769461
"LOC112590317",712.187282549939
"LOC105181941",1441.41287107594
"LOC105186849",10346.6079358691
"LOC105189965",3736.04043937707
"LOC105189784",3303.8029490935
"LOC105181937",4606.24182017259
"LOC105189774",9036.93881040877
"LOC105189966",9604.29610420178
"LOC105186851",3814.68982561677
"LOC105181449",3203.32193844127
"LOC105189779",10201.2309517406
"LOC105189775",8499.87770723614
"LOC105191269",449.821918448502
"LOC105189777",11407.188150558
"LOC105181940",3521.49150437449
"LOC105191048",14317.5056002448
"LOC105191270",10949.0260683458
"LOC105191046",8194.46733125225
"LOC105186847",16688.0751405654
"LOC105186854",1426.45109777935
"LOC105186845",4444.02362958343
"LOC112590315",10622.5144907299
"LOC105182771",11524.0792301448
"LOC105189778",8062.29042998783
"LOC105191267",805.503831763189
"LOC105185624",3839.70287842462
"LOC105185621",5468.00812043234
"LOC109504470",1779.58541422228
"LOC105185622",3681.25861615663
"LOC105189964",4840.19001847954
"LOC105186850",11219.8240838342
"LOC105181453",10111.3492467093
"LOC105182769",24770.9313658576
"LOC105182768",12660.0120396283
"LOC105189773",9319.88150000713
"LOC105191271",9188.52115940901
"LOC105189970",18854.2651530245
"LOC105182770",4642.60546002176
"LOC105181455",11793.0865009415
"LOC105189781",2351.12463739638
"LOC105181938",11878.031862838
"LOC112588261",792.700522453248
"LOC105181239",620.327546448361
"LOC105181262",2322.76761779333
"LOC105181264",12719.2276749227
"LOC112588259",3403.56525275517
"LOC105181251",7781.53233636065
"LOC105181234",19170.6455855277
"LOC105181230",1508.34987486746
"LOC105181287",2199.70854195486
"LOC105182609",9996.81047007566
"LOC105191443",3932.70281434319
"LOC105181256",1274.93349303379
"LOC105181275",8962.64824662905
"LOC105182608",3416.72030290459
"LOC105181231",6125.41313689487
"LOC105182611",4151.09573388095
"LOC105181241",9821.7066120961
"LOC105181225",5558.57156682768
"LOC105181278",4421.89521107744
"LOC105181263",5694.4789401366
"LOC105182606",4171.25480954245
"LOC105181224",8189.72610070722
"LOC105181286",292.862934046716
"LOC105181228",11527.3194738041
"LOC105181289",5166.38316109141
"LOC105181233",5633.67934348916
"LOC105182610",9145.44226964581
"LOC105181232",7780.29989379029
"LOC105181274",5211.48079957547
"LOC105181279",3181.67008016309
"LOC105182607",4224.36749589551
"LOC105181288",1128.33175646543
"LOC105181240",5440.82273466069
"LOC105181237",4071.84274656649
"LOC105181250",6374.58795935622
"LOC105181281",6471.58455616136
"LOC105181235",5576.1119326037
"LOC105181226",6624.95338460822
"LOC105181276",3144.05285954203
"LOC105182605",1958.43907160555
"LOC105181248",6118.35830666587
"LOC105181246",12022.555518006
"LOC105181267",4061.08695825283
"LOC105181268",483.004226260293
"LOC105181292",2197.35330753796
"LOC105181272",8349.6273434953
"LOC105181261",518.37549986679
"LOC105181238",755.683677348886
"LOC105181227",320.848683501776
"LOC105181271",2776.30022960067
"LOC105181243",7049.12027442824
"LOC105181266",6948.18697922999
"LOC105181280",24464.3741249446
"LOC105191436",22306.7862783825
"LOC105181244",2135.44527303089
"LOC105181249",9553.50614496507
"LOC105181273",10470.2952657752
"LOC105191621",9911.49591069887
"LOC105181236",2593.31281348003
"LOC105186897",2437.69460457157
"LOC105186893",14273.7738052708
"LOC112590551",4989.45193512894
"LOC105186903",6164.33459660135
"LOC105186884",4138.18443267679
"LOC105186889",9709.64535289686
"LOC105186906",8191.55644496242
"LOC105186883",1285.52454821262
"LOC105186895",8096.89009077309
"LOC105188493",7263.46341114977
"LOC105186890",8849.44430878937
"LOC105186936",292.076916929991
"LOC105186891",9433.2603085671
"LOC105186888",7645.04859615905
"LOC105186882",3064.87427472608
"LOC105188497",2203.11479460642
"LOC105186898",10443.6230652438
"LOC105188500",27196.6229689109
"LOC105186900",9054.64245999992
"LOC105186881",4364.31588237441
"LOC105188496",2492.03898570683
"LOC105186901",1395.91029204337
"LOC105186913",6059.05328324035
"LOC105186886",4569.36592538422
"LOC105186896",11072.3909056517
"LOC112590549",4289.90532923818
"LOC109504179",11222.077745361
"LOC112588040",826.848772131336
"LOC105186911",9651.76959486551
"LOC105188492",572.674294907733
"LOC105188498",11227.8609368898
"LOC105188494",7191.28848515337
"LOC105186939",6959.65741720678
"LOC105186885",49669.9341748261
"LOC105186892",2936.64147174047
"LOC105186905",2362.25772180323
"LOC105186904",5439.80613769384
"LOC105190084",867.541661527216
"LOC105184144",5116.53222832503
"LOC105184147",2092.9815100093
"LOC105190073",2477.8936200473
"LOC105183862",6482.46742080878
"LOC105184141",3418.6327114847
"LOC105183886",365.057289020806
"LOC105184119",6758.15048806019
"LOC105190093",1103.6713409008
"LOC105180700",6916.47047509156
"LOC105180703",795.085971606317
"LOC105183872",1653.59402429432
"LOC105184132",5993.50801922952
"LOC105183869",2684.81961371266
"LOC105184151",809.147094849685
"LOC105190078",3361.34841019576
"LOC105184138",4519.89405602315
"LOC105184123",3437.80335711269
"LOC105190089",9780.51035164534
"LOC105183882",2480.84761511023
"LOC105184121",4719.17390561379
"LOC105183884",10246.5944137874
"LOC105183867",431.022355967532
"LOC105184133",2141.28945753776
"LOC105184160",4007.63955380873
"LOC105184135",5157.93667315082
"LOC105183876",4672.47973993275
"LOC105190072",2262.22063038831
"LOC105190076",4417.77291366225
"LOC105190086",5708.81626122185
"LOC105184155",725.023053684633
"LOC105190077",4852.61946121364
"LOC105180694",6666.34038728893
"LOC105190070",18985.6965669241
"LOC105184125",3247.92253581719
"LOC105183864",9202.58382437203
"LOC105184139",1798.98711259005
"LOC105184131",9204.26033848008
"LOC105183863",12916.7099914841
"LOC105184120",5518.30450512177
"LOC105183880",4362.9567856253
"LOC105180695",9394.87265000126
"LOC105190079",4007.61095298093
"LOC109503947",3341.61333512983
"LOC105184129",10464.735908876
"LOC105180697",3029.09238100516
"LOC105184146",4224.50282930664
"LOC105190085",3425.68958351034
"LOC105184153",49420.6558187701
"LOC105190082",683.437263757767
"LOC105180693",1997.34073036752
"LOC105190090",9172.05635799446
"LOC105190069",25683.4569138945
"LOC105183885",313.625193190106
"LOC105190083",16538.417913482
"LOC105190071",7315.79935922719
"LOC105184152",4290.20296231342
"LOC105183870",4012.36596542054
"LOC105180698",7678.48857459832
"LOC105184150",5907.49937314584
"LOC105184143",4265.14758289374
"LOC105184134",846.761459043204
"LOC105190075",3586.75675395428
"LOC105183868",6295.10780515453
"LOC105183883",2895.11137229733
"LOC105184128",25482.7824223773
"LOC105183871",57878.3127034523
"LOC105190091",4820.34544959467
"LOC105183887",1657.0501237706
"LOC105184156",9624.61672019087
"LOC105180696",8026.88258453845
"LOC105183860",7023.13620930205
"LOC105183881",5077.41693299617
"LOC105184148",6692.4416697974
"LOC105184149",2033.37771806638
"LOC105184127",6382.66318376705
"LOC105184157",1860.29078594434
"LOC105184140",3897.84310885383
"LOC105183878",6899.73242310012
"LOC105184137",10671.5207844638
"LOC105184158",509.39810892396
"LOC105190087",1036.92418338063
"LOC105182899",16949.1402503554
"LOC105184126",1603.16316693822
"LOC105184162",454.109621133061
"LOC105182897",2610.74240858664
"LOC105190074",4939.17112598847
"LOC105184136",3268.37966085055
"LOC105192327",1578.84091032217
"LOC105184806",5986.57117630811
"LOC105189040",891.485978515916
"LOC105189038",1347.19072824907
"LOC105189017",486.36047691892
"LOC105190421",5578.08037987889
"LOC105184795",2338.37724688111
"LOC105184803",14255.2062822304
"LOC105192387",10763.6403428955
"LOC105189013",2346.39681046849
"LOC105189026",3630.35841669489
"LOC105184788",882.503025860919
"LOC105184805",1115.87749871151
"LOC105189045",32453.6814556903
"LOC105184790",8321.1855126437
"LOC105192331",11203.7231210719
"LOC105189042",5187.94561954168
"LOC105190426",6811.03650314547
"LOC105189034",389.38695339944
"LOC105184793",9775.20254387987
"LOC105189020",6254.19503787862
"LOC105184815",1242.39922759893
"LOC105189037",2509.76228224341
"LOC105192330",6097.26377756354
"LOC105192393",4605.98299089741
"LOC105184811",701.215713337301
"LOC105184817",904.674671003786
"LOC105189014",1136.56100682242
"LOC105184812",337.252598283011
"LOC105190432",15493.5804445069
"LOC109504394",7085.9405369753
"LOC105192338",1645.35533079972
"LOC105192337",12517.5639305141
"LOC105189054",72294.363758248
"LOC105192386",334.524084598393
"LOC105184789",858.722976782119
"LOC105192381",3973.83695424408
"LOC105192390",1272.98555974462
"LOC105192326",692.570546525239
"LOC105184801",3624.31946568182
"LOC105189050",2773.65760688361
"LOC112589531",246.550644211624
"LOC105184809",2365.592018794
"LOC105189048",18878.6986270041
"LOC105189043",4977.80549818391
"LOC105189030",15886.7734130641
"LOC105189032",4475.91310587395
"LOC105190425",2010.04529491458
"LOC105189012",1381.68484436026
"LOC105190424",2592.41865258148
"LOC105192383",4143.49090016319
"LOC105189047",11425.7277756182
"LOC105189044",9698.48210036194
"LOC105189033",370.589968888746
"LOC105192379",4836.77007541942
"LOC105192328",6143.21745913489
"LOC105189024",2829.15474976448
"LOC105184797",9199.12081254606
"LOC105192376",8687.49372964582
"LOC105192324",2076.23329584659
"LOC105189029",13256.0819676459
"LOC105190427",866.801984347898
"LOC105189019",2379.98858919461
"LOC105184802",15798.2769390738
"LOC105189041",1826.12097218352
"LOC105184808",6831.00798166742
"LOC105189023",8761.06616611502
"LOC105192388",12433.7938667744
"LOC105184799",9515.95219534339
"LOC105192335",8980.71748014376
"LOC105192384",9523.68458648333
"LOC105192389",1902.66475983137
"LOC105192333",4067.51509627938
"LOC105192332",6976.54291877936
"LOC112588527",4167.70313910221
"LOC105189018",15245.3001610354
"LOC105190422",3230.32191235532
"LOC105184807",2474.79466976147
"LOC105184818",10120.4566068389
"LOC105189049",2545.42626330872
"LOC105189016",2218.09585044786
"LOC105192391",7398.35643325751
"LOC105190420",2926.20755190462
"LOC105192378",1432.19852681738
"LOC105184804",5672.87964761252
"LOC105192377",7861.54451292782
"LOC109504393",1301.89850664043
"LOC105184791",632.271587545423
"LOC105189021",3717.09601641458
"LOC105192392",7549.06687853153
"LOC105184796",5585.27437688412
"LOC105190179",8830.83337663743
"LOC105190181",909.277159346748
"LOC112588209",562.538973933919
"LOC105190253",17655.8538096044
"LOC105190256",8350.40398709731
"LOC105190201",9520.89230772477
"LOC112588165",3280.38908084545
"LOC105190259",4345.0198321879
"LOC105190155",2714.00039675977
"LOC105190184",6615.90000266735
"LOC105190159",13826.7868760469
"LOC105190180",1344.33749350329
"LOC105190238",1081.9156074993
"LOC105190200",5618.95686008972
"LOC105190142",1187.84852665087
"LOC105190188",6795.10051810033
"LOC105190222",12600.1572396151
"LOC105190158",3577.60469042811
"LOC105190239",4432.57825490936
"LOC105190209",17113.1968624928
"LOC105190202",1135.34817008301
"LOC105190141",5503.1988331399
"LOC105182918",8770.27169106474
"LOC105190170",2330.93475761407
"LOC105190231",5922.40749795182
"LOC105190197",15227.1041122477
"LOC105190205",2482.43375324974
"LOC105190243",993.188888046898
"LOC105190255",9050.30643221823
"LOC105190237",6165.21874042108
"LOC105190156",6016.8337351801
"LOC105190218",9937.56395692935
"LOC109504503",2587.82790516946
"LOC105190168",1061.86138691094
"LOC105190165",1313.83784644185
"LOC105190182",3492.03431111885
"LOC105190215",1028.98912919603
"LOC105190235",14280.8988109603
"LOC105190187",2964.45243930558
"LOC105190152",9383.50054751489
"LOC105190244",6506.94712862177
"LOC105190194",10259.0667560282
"LOC105190224",7108.11146505134
"LOC105190254",2062.78986358424
"LOC105190207",1770.49160127064
"LOC105190221",11814.0206001113
"LOC105190164",3251.46711215697
"LOC105190183",983.661604717994
"LOC105190262",8748.49686362316
"LOC105190174",23277.4629645823
"LOC105190247",764.868247978222
"LOC112588204",352.501208615569
"LOC105190252",7101.71206607283
"LOC105190229",12331.6079582549
"LOC105190230",10638.444036001
"LOC105190257",5673.98583634269
"LOC105190143",1195.25179906885
"LOC105182909",9775.82455702189
"LOC105182920",9645.92262950754
"LOC105190220",10514.0971071923
"LOC105190149",500.045665320777
"LOC112588257",1617.23466589508
"LOC105190146",2939.2492072856
"LOC105190225",2541.02716292818
"LOC105190240",10861.275027812
"LOC105190228",6180.12856653894
"LOC105190245",10467.5667639686
"LOC105190246",829.495832236965
"LOC109504507",3588.74698632307
"LOC105190198",10531.501125429
"LOC105190213",2476.18054683223
"LOC105190206",8487.75926245696
"LOC105182908",663.27280952693
"LOC105190241",5186.66052898702
"LOC105190263",3432.53898153311
"LOC105190223",8294.63824948864
"LOC105190144",3525.07064995743
"LOC105190217",2654.48788461424
"LOC105190250",10010.8434791266
"LOC105182917",250.076331711121
"LOC109503583",3499.68394918072
"LOC105190189",6018.34893399501
"LOC105190208",913.307551240369
"LOC112588133",1275.53429193296
"LOC105190185",3640.96162202608
"LOC105190233",256.636247039769
"LOC105190192",7752.24808708792
"LOC105182912",10065.2682497038
"LOC105190249",9928.40382403342
"LOC105190172",3442.04953589259
"LOC105182915",664.897387837012
"LOC105182913",15403.1175784933
"LOC105190148",3464.19199570086
"LOC105190242",8184.54651577387
"LOC105190177",2567.99401948042
"LOC105190203",10055.5615491632
"LOC105190264",1148.41387818325
"LOC105190147",1616.33944866417
"LOC105182911",372.685156845881
"LOC105190248",2474.83099642441
"LOC105190204",9059.55571932272
"LOC105190211",17435.1938798481
"LOC105190173",7077.75140326329
"LOC105182922",1945.74044494286
"LOC105190260",4322.71607074345
"LOC105190214",5613.75982689232
"LOC105190166",78603.8281276299
"LOC105190157",604.597227465701
"LOC105190219",4959.74774229614
"LOC105190195",12475.7812926473
"LOC105190171",3308.64740347968
"LOC109504504",11972.6559420158
"LOC105190154",4696.9962766732
"LOC112588199",328.249523459231
"LOC105190160",1011.4153043869
"LOC105190169",1996.10152905974
"LOC105185753",1327.33388636396
"LOC105181767",6817.66629028953
"LOC112589057",280.022636880874
"LOC105185710",4674.07989186514
"LOC105189264",10065.5038818588
"LOC105189269",3039.83318241195
"LOC112589051",4755.94155961906
"LOC105185718",433.3251404585
"LOC105182005",836.301257329633
"LOC105181764",8011.01841777057
"LOC109503712",2205.03216585447
"LOC105191223",1548.35437240575
"LOC105189268",87157.142346694
"LOC105191222",8783.90843789114
"LOC105189266",20930.9122314914
"LOC105182006",571.511504786736
"LOC105191639",408.448137061132
"LOC105181762",6977.65062531682
"LOC105185744",2903.46293613657
"LOC105189265",12521.508721353
"LOC105189267",1569.52352711197
"LOC105191645",1164.17572031047
"LOC105181748",14980.3784948129
"LOC112589046",1180.74168478079
"LOC105185748",1218.33669144275
"LOC105192635",8255.32255694419
"LOC105189896",3158.06161156501
"LOC105192651",6106.15066795303
"LOC112588418",393.659995313502
"LOC112588417",1119.71337589065
"LOC112588420",1076.61323042487
"LOC105184645",3737.50286676298
"LOC105184762",1309.20211507793
"LOC105189880",335.746968737175
"LOC105192639",11495.8830085104
"LOC105184604",16482.3844435507
"LOC105192642",2917.59569110347
"LOC105189885",2087.8397234956
"LOC105184633",1797.06418340211
"LOC105189899",3940.51486203196
"LOC105192666",4778.84601961111
"LOC105184582",15032.5109532654
"LOC105184689",4702.8290138651
"LOC105189906",324.398877539388
"LOC105192654",341.363880667275
"LOC105184765",533.065975652351
"LOC105189893",4683.81417456524
"LOC105184624",1890.6884281853
"LOC112588422",10174.8543059801
"LOC105189883",2984.89709756012
"LOC105189897",602.594919528552
"LOC105189903",3750.54178711523
"LOC105192663",7233.64263597214
"LOC105192655",2076.49313307332
"LOC112588415",1017.73071310954
"LOC105189895",9534.89355822001
"LOC105192632",12892.3895569824
"LOC105184800",3286.4125216427
"LOC105189879",9504.80884270981
"LOC105184746",3786.43858363247
"LOC105189891",4905.01956690156
"LOC105184718",253.871777141787
"LOC105192640",345.666439627716
"LOC105189889",6207.55616912108
"LOC105192659",1014.86305876037
"LOC105192634",3812.27474761091
"LOC105184724",2746.27460800395
"LOC105192637",5701.61205705104
"LOC105192636",2062.93305159541
"LOC105189902",54157.7542421499
"LOC105192643",786.464589456941
"LOC105189881",8357.32169453989
"LOC105192658",15299.5359985731
"LOC105189890",1120.3234273143
"LOC105189904",5134.89064907008
"LOC105184658",631.958642799116
"LOC105189884",3815.44208291877
"LOC105189900",3038.9712291595
"LOC105189887",507.917730435844
"LOC105184751",6170.48635129595
"LOC105184613",1575.42685944842
"LOC105184590",10119.7718255079
"LOC105189892",5869.8380239174
"LOC105189461",7217.28213203917
"LOC105181097",1746.10307420358
"LOC105180923",6245.61884534563
"LOC105189463",12476.9325714889
"LOC105181118",10594.4954403267
"LOC105181098",10823.4955012632
"LOC105189450",2037.72021580465
"LOC105181102",7594.67258866744
"LOC105189468",1004.13040790752
"LOC112588096",1883.9918800966
"LOC105181128",1274.62867150027
"LOC105181129",12401.0734777932
"LOC105189451",997.564719305967
"LOC105181117",1134.00617388728
"LOC105189460",5725.07260194421
"LOC105181122",1865.72343291175
"LOC105189445",9724.84474468353
"LOC105189470",30712.9134459828
"LOC105180930",3788.54180877941
"LOC105181121",2234.13273374194
"LOC105181123",3881.38775655703
"LOC105189459",1308.38433504096
"LOC105181095",367.52129466932
"LOC105181108",7775.03170928796
"LOC105190467",4610.11097957949
"LOC105181116",2881.27444220018
"LOC105181124",3333.60705083821
"LOC105190461",1759.3889453159
"LOC105181093",2015.89465472026
"LOC105189442",14004.2768722332
"LOC105181115",8528.79841301178
"LOC105181111",5761.19239279136
"LOC105189462",4796.59564551931
"LOC105181096",3060.82364190861
"LOC105189456",3807.43659373748
"LOC105181100",12633.8437188348
"LOC105180927",46311.3370522246
"LOC105181094",574.705987950872
"LOC105189439",6088.8593953661
"LOC105181120",6778.96435648559
"LOC105180926",344.313978427721
"LOC112588060",5104.70703551482
"LOC105189455",6072.47647380387
"LOC105190465",8166.0032796114
"LOC105189441",4219.33787369097
"LOC105189437",10836.9198016579
"LOC105189465",9119.44525527613
"LOC105181130",775.908148136132
"LOC105189464",6763.21813835278
"LOC105189449",19185.2314369408
"LOC105181114",4870.2386924175
"LOC105189444",5466.19990080884
"LOC105190463",4789.50925715379
"LOC105181126",2976.91293099262
"LOC105189458",3512.44183720348
"LOC105190464",4534.31790609887
"LOC105181104",2460.25492306273
"LOC105189453",6181.06156132244
"LOC105181105",7044.92949795134
"LOC105189448",3798.20812654567
"LOC105190466",22053.8169851937
"LOC105189454",7703.13193610546
"LOC105189469",681.917088708789
"LOC105181113",7713.5507024759
"LOC105181110",6866.49791220291
"LOC105181106",4647.60743487993
"LOC105184534",3613.8361899731
"LOC105189440",5812.07263889618
"LOC105184917",8004.98442883477
"LOC105184920",986.88213712527
"LOC105184919",17630.3736537268
"LOC112589229",3624.29710185356
"LOC105184064",751.455032970367
"LOC105184922",728.104770569877
"LOC105184061",8554.73691918531
"LOC112589232",738.088777579177
"LOC105184063",1253.5569350921
"LOC105191228",2091.94091685381
"LOC105191231",2939.76796570244
"LOC105190354",7593.98636966896
"LOC105184923",1857.29715912899
"LOC109504516",1134.95420102569
"LOC105184915",4992.22761796316
"LOC105186178",3782.37683890804
"LOC105184066",40664.7356471731
"LOC105184916",1157.02228100734
"LOC105183688",367.049852343905
"LOC105186182",567.245943644092
"LOC105184065",10050.3033901097
"LOC105186176",7997.06901778858
"LOC105183689",11750.257972119
"LOC112589228",3046.69596631612
"LOC105186180",1891.46768688431
"LOC105184060",5119.00770854186
"LOC105186177",6732.67893335428
"LOC105184921",15088.5834568805
"LOC105184925",3628.60910543271
"LOC112589764",8987.34031956465
"LOC105183251",10756.7213731534
"LOC105183253",8902.78977838049
"LOC105183249",12339.8496971891
"LOC105183254",7004.02744768615
"LOC105183258",5251.91194729033
"LOC105183257",8824.16805971351
"LOC105184573",8078.46604437334
"LOC105183643",5036.72602970604
"LOC105184578",1350.25109328146
"LOC105183250",6290.88247476412
"LOC105184579",16030.4726419001
"LOC105180676",7954.92078421758
"LOC105180675",9477.95889224859
"LOC105184629",726.174124867443
"LOC105183259",2284.81880160998
"LOC105184626",916.44925765552
"LOC105184576",11742.1897943187
"LOC105184572",14172.0930232951
"LOC105184574",2102.17641842335
"LOC105184630",7800.94192398569
"LOC105184575",6070.74088258726
"LOC105183255",362.407570677893
"LOC105184628",1882.43681856947
"LOC105188611",4268.58693847649
"LOC105186298",2262.87199135751
"LOC105188607",10454.8892789548
"LOC105186278",409.060407742514
"LOC105186297",13705.2062492917
"LOC105188619",310.569215469811
"LOC105188605",22389.0764707195
"LOC105186314",8218.54479266152
"LOC105186324",7060.64983916901
"LOC105186286",924.883513298986
"LOC105186312",3363.15357486505
"LOC105186307",1065.61733953894
"LOC105186291",663.473132350516
"LOC105186319",5891.84171222246
"LOC105186288",341.070705382101
"LOC105186304",17324.1013911462
"LOC105186320",8058.43351320136
"LOC105186302",72745.165060723
"LOC105186321",1417.83408101105
"LOC105186299",17782.6728000052
"LOC105186318",610.354562929459
"LOC105186276",742.633867599603
"LOC105186310",9660.50586935785
"LOC105186284",1881.56422871204
"LOC105186285",6029.14100423377
"LOC105186279",8594.28981110582
"LOC105186326",695.915343688403
"LOC105186290",6017.59442200087
"LOC105186311",3841.22034389954
"LOC105186323",6678.50569666129
"LOC105186301",12395.5569752351
"LOC105186280",6922.86260485749
"LOC105186332",5909.35622630207
"LOC105186306",29782.7583942467
"LOC105186327",7956.79655184194
"LOC105188609",2079.66256523718
"LOC105186295",3032.72777064206
"LOC105186322",25753.3293264089
"LOC105186309",7698.29801082583
"LOC105186283",6608.08337333479
"LOC105186289",3149.32733570077
"LOC105186293",2873.8241200083
"LOC105186275",1074.76584624339
"LOC105188606",20967.4278474776
"LOC105186330",1832.85049255802
"LOC105186328",5660.12561579839
"LOC105186317",8604.47992476983
"LOC105186316",1554.76108003436
"LOC105188610",75893.7101789591
"LOC105186277",3034.48897171037
"LOC105185103",6910.40498288867
"LOC105185175",4735.00273573055
"LOC105185198",725.823704078748
"LOC105185120",17027.2252108801
"LOC105185144",7217.54145955829
"LOC105185128",1793.4829469314
"LOC105185201",688.748148078317
"LOC105185156",7531.16155449583
"LOC105185118",6890.2794032595
"LOC105185167",11378.7285896339
"LOC105185155",13924.4082772547
"LOC105185180",10363.9226448623
"LOC105185121",6518.88536057716
"LOC105185152",5020.34419783739
"LOC105185168",12821.9107319192
"LOC105185172",6536.39439754841
"LOC105185112",2567.88942105934
"LOC105185101",1579.93506641441
"LOC105185119",5863.50740647598
"LOC105185182",2280.33176223992
"LOC105185158",9447.43994153408
"LOC105185207",263.456340341948
"LOC105185113",14294.6962029921
"LOC105185151",9115.94178935063
"LOC105185165",6098.21950792223
"LOC112589916",4140.55890293045
"LOC105185173",3532.84193336413
"LOC105185143",1183.44885828539
"LOC105185184",2835.41580558702
"LOC105185200",3859.59976191759
"LOC105185211",3157.423277967
"LOC105185134",11018.3900772516
"LOC105185109",8191.35257904708
"LOC105185131",12628.7154915513
"LOC105185136",7919.76392903298
"LOC105185138",7559.90909517315
"LOC112588032",6165.95259410741
"LOC105185114",12542.4376041051
"LOC105185179",311.024869080529
"LOC112589913",3841.97303719778
"LOC105185125",10463.3554965887
"LOC105185194",8761.98217697615
"LOC105185116",2957.21828733963
"LOC105185174",2054.70561297752
"LOC105185192",2845.09972221073
"LOC105185108",8559.98138479675
"LOC105185102",6326.98502058268
"LOC105185139",14301.4064665794
"LOC105185126",8872.57005989493
"LOC105185212",7419.6282862573
"LOC105185099",614.487400506499
"LOC105185147",7240.83631005088
"LOC105185145",7209.22998225438
"LOC105185140",9843.34682030496
"LOC112589909",1053.29048335611
"LOC105185169",1315.85857533564
"LOC105185122",8111.15691356314
"LOC105185132",1069.49550902547
"LOC105185146",19471.8314895615
"LOC105185127",6386.60574410756
"LOC105185177",3762.6216599838
"LOC105185142",2406.3036802037
"LOC105185150",13556.4408916035
"LOC112589914",946.882313448753
"LOC105185105",677.16300480002
"LOC105185137",46051.306859418
"LOC105185154",1192.11826409996
"LOC105185163",2895.45208653216
"LOC105185115",14898.1834293675
"LOC105185181",1087.14949828312
"LOC105185129",6807.43001368341
"LOC105185193",19277.5667961531
"LOC105185133",4529.214443303
"LOC105185130",4388.55229875877
"LOC105185148",6258.29361734182
"LOC105185110",5697.04176029709
"LOC105185111",3751.98029248635
"LOC105185106",12909.790047277
"LOC105185164",1205.86422222444
"LOC105185153",4031.44855961166
"LOC105185157",6119.64586163023
"LOC112589351",6567.98862343032
"LOC105192303",6292.51221245778
"LOC105189876",7148.3823270987
"LOC105189877",14007.3408222646
"LOC105192321",13711.4471162894
"LOC105189853",10717.7053510203
"LOC105189869",6614.19626863844
"LOC105189859",3541.34542844455
"LOC105189871",286.34448800313
"LOC105189855",13304.1730348013
"LOC105182029",6700.66285612124
"LOC105192317",4118.51932166667
"LOC112589358",1443.63837491116
"LOC105192301",2236.60850612083
"LOC105192294",1052.12500168399
"LOC112589360",1300.76927730719
"LOC105192283",1509.6016507502
"LOC105182019",4573.68042125632
"LOC105189874",6382.40225647046
"LOC105192296",6337.56333237912
"LOC105192311",3344.19667790912
"LOC105189862",469.875235950964
"LOC105192310",3423.95392191048
"LOC105189863",2913.51069971803
"LOC105189861",4568.19282655519
"LOC105182025",16885.9606248131
"LOC105182026",1887.04963287294
"LOC105192299",3175.66174972358
"LOC105189868",2853.25236899281
"LOC105182024",1465.97218640742
"LOC105192319",2255.25509757449
"LOC105192288",2898.91877323293
"LOC112589353",544.577660720246
"LOC105189857",14895.6089421372
"LOC105192308",4233.19489722587
"LOC105192315",4681.56897260605
"LOC105189870",7688.20012302474
"LOC105192292",4152.29924751918
"LOC105192316",8466.26773200127
"LOC105192302",12110.1117342898
"LOC105192291",6774.98346764631
"LOC105192318",5283.08973856108
"LOC105192297",7220.26535894265
"LOC105192289",3015.19243736908
"LOC105189854",666.41890101403
"LOC105192304",5211.52606934769
"LOC105192290",6348.23386990785
"LOC105182028",12129.4018748603
"LOC105182015",5172.75145064365
"LOC105189856",7674.29064976594
"LOC105182032",13724.6404011402
"LOC105189850",12122.4575141696
"LOC105192298",10176.7025935779
"LOC105192305",8680.23052157373
"LOC105192281",7389.44083787419
"LOC105192312",3410.7617989319
"LOC105182022",5105.59496667261
"LOC105192280",561.604949786824
"LOC105189866",856.738481901312
"LOC105182021",12923.2792488974
"LOC105189860",2303.38386604317
"LOC112589357",8875.12183120976
"LOC105182023",4276.56782747713
"LOC105192307",4548.11601096838
"LOC105182018",2938.00049262337
"LOC105192320",33624.3329453813
"LOC109503734",595.561068822186
"LOC105192284",3753.05505850026
"LOC105188885",4729.98830364869
"LOC105188889",7961.68556493113
"LOC105188874",3630.47525776496
"LOC105188881",1570.15541202426
"LOC105188879",8813.83080324162
"LOC105191899",12846.0612088287
"LOC105191898",784.133797293111
"LOC105188875",2619.27487966913
"LOC105188884",15025.5348403994
"LOC105191896",25279.46211568
"LOC105188880",13560.179820943
"LOC105191895",6063.55775555551
"LOC105188873",3621.53726380683
"LOC105188878",848.78637300398
"LOC105191900",4028.24029446535
"LOC105188887",4226.83821061545
"LOC105190132",6294.14136087118
"LOC105182327",3860.20811071315
"LOC105182330",5186.99439038029
"LOC105182306",4654.22418182341
"LOC105182317",44565.5993323893
"LOC105182304",12092.0693273391
"LOC105182322",3063.02372789534
"LOC105182302",623.276922787872
"LOC105190130",8452.32787297606
"LOC105182305",8179.9399651522
"LOC105184315",3127.79877468874
"LOC105190125",2037.30781901616
"LOC105184326",4998.89388051987
"LOC105184349",6245.83131914951
"LOC105182308",29765.3419198668
"LOC105182334",4100.68681751795
"LOC105182332",788.581918653122
"LOC105184343",6514.69869777351
"LOC105184347",6598.62894585587
"LOC105190137",12949.8435442814
"LOC105184327",5795.45606928038
"LOC105182339",5946.73697369022
"LOC105182325",2031.68350855203
"LOC105190124",15191.0216603833
"LOC105182338",3665.97449167823
"LOC105182301",8213.64507068544
"LOC105190123",2551.67844516451
"LOC109503965",1789.31420053969
"LOC105182311",3887.53296335031
"LOC105184341",10209.1361343181
"LOC105182310",10273.2740584987
"LOC105184345",3114.48401243299
"LOC105190116",13497.5189059493
"LOC105182307",10921.1786822934
"LOC105190119",6822.62979291044
"LOC105190118",18431.1398329677
"LOC105190134",13185.359276375
"LOC105184318",1778.54397012786
"LOC105190128",5639.36219016271
"LOC105182321",5910.62804732872
"LOC105184325",7170.96373716681
"LOC105184334",285.916916399233
"LOC105182335",26721.1185479895
"LOC105182299",12282.2424248027
"LOC105184316",14914.8503366154
"LOC105182326",6724.99109328319
"LOC105190117",33041.3104630781
"LOC105184346",4234.97092034606
"LOC105184337",672.090196579957
"LOC105184344",4238.56882806219
"LOC105184338",17884.0172157315
"LOC105184332",2136.53213973562
"LOC105190126",11880.6347383439
"LOC105182336",4423.52294580917
"LOC105184321",792.87349345657
"LOC109503755",4710.64029586989
"LOC105182318",13905.9645506238
"LOC105182328",24571.8546197317
"LOC105190120",667.213350817475
"LOC105190139",3259.6356250554
"LOC105182316",31015.7930177821
"LOC105184330",724.566229575444
"LOC105190129",1627.27810651806
"LOC105182319",995.307212257974
"LOC105182300",4329.94603699425
"LOC105184331",5713.59845430733
"LOC105182320",2700.54257433706
"LOC105182333",2653.42106523954
"LOC105190133",15592.257031025
"LOC105182303",3408.97858739831
"LOC105190136",1868.60967439241
"LOC105182309",13206.1378758679
"LOC105186974",12146.6901361644
"LOC105186969",2634.60482198669
"LOC105192468",1733.19768656155
"LOC105187670",15049.2789465651
"LOC105192453",3357.12984655623
"LOC105186970",331.648553415392
"LOC105192476",3212.35328966281
"LOC105186942",8615.12393186876
"LOC105186943",11221.4378022864
"LOC105186946",8895.43196829778
"LOC105192461",17339.326031958
"LOC105192462",9354.168043151
"LOC105186979",13448.7317712315
"LOC105186941",11562.0841167594
"LOC105192460",7950.50330737693
"LOC112589695",442.31721495235
"LOC105186962",7039.19531355767
"LOC105192469",13911.7488598482
"LOC112589704",3831.80489405118
"LOC105192465",811.058278787564
"LOC105186960",415.532779390508
"LOC105186953",555.398370385633
"LOC105186947",4415.81658476727
"LOC105186972",10190.3463414606
"LOC105186973",267.450507625713
"LOC105186971",1911.10808770777
"LOC112589703",2566.9082307228
"LOC105187672",5973.90093149767
"LOC105186958",11323.1601972191
"LOC105186956",4448.57424312175
"LOC105192467",678.323341237831
"LOC105186948",9437.12258575894
"LOC105192455",2677.34817948698
"LOC105186945",17705.6377445675
"LOC105186963",9577.4229930126
"LOC105186944",2759.34435405647
"LOC105186965",5501.98720492463
"LOC105186940",599.611894324799
"LOC105190006",1070.01772335374
"LOC112589147",7235.25302940922
"LOC105186928",2480.14280773125
"LOC105190012",305.351631004536
"LOC105190021",8883.62877570513
"LOC105186931",2710.04850339095
"LOC105184563",2046.22840014068
"LOC105186985",1056.20046325612
"LOC105190017",1284.42646370749
"LOC105186925",908.502553344706
"LOC105190004",3605.97047352492
"LOC105188257",946.15600500904
"LOC105186927",1467.63133170652
"LOC109504494",3252.54388762578
"LOC105190005",9330.09916725104
"LOC105186929",11865.9630945056
"LOC112589151",5464.57426230758
"LOC105190009",12383.8747846739
"LOC109504178",10052.611447437
"LOC105190018",5189.72608128849
"LOC105190015",1234.6394239115
"LOC105190020",2046.38112002402
"LOC105190011",3600.09743605755
"LOC105183131",14266.8332224496
"LOC112589145",2556.55503261153
"LOC105186926",13304.6186028656
"LOC105190030",28462.3855113041
"LOC105189351",1688.2576283915
"LOC105182673",5763.66920894478
"LOC112589095",1399.30396283488
"LOC105182527",9218.84571726706
"LOC112589106",2158.70906401218
"LOC112589044",981.195247988226
"LOC105180974",6791.28590992677
"LOC105181607",8903.72028051383
"LOC105180879",6042.72896163042
"LOC105182677",7322.6117492184
"LOC105180664",3681.60246439732
"LOC105180667",3403.34487802988
"LOC109503694",7760.54247873463
"LOC112589109",2856.83662778126
"LOC105181608",17177.3705240026
"LOC105190353",6655.33453622636
"LOC112589116",5795.83770572673
"LOC105190868",20868.2917941493
"LOC105180671",7066.19077945257
"LOC105184339",1920.68694866742
"LOC112589110",23573.0135149049
"LOC105180666",3797.84929151255
"LOC105180665",1296.303484872
"LOC105184292",2654.70829841413
"LOC105183187",304.120766063887
"LOC105183167",8984.84140087418
"LOC105183160",5406.5284287483
"LOC105183161",2821.29384293404
"LOC105183178",2395.15470628186
"LOC105183173",5367.18646352036
"LOC105183181",7641.88050150495
"LOC105183152",6218.26675859838
"LOC105183177",3960.21016072651
"LOC105183182",4755.95160836958
"LOC105183150",10174.2869711414
"LOC105183157",6099.25868625597
"LOC105183141",1890.97222958995
"LOC105183174",3266.81158650716
"LOC105183143",1147.64944323351
"LOC105183164",1231.06378623045
"LOC105183158",12669.5443325293
"LOC105183163",4186.92428025418
"LOC105183148",2961.48083496912
"LOC105183165",14309.3868727443
"LOC105183142",6842.95899640325
"LOC105183147",3743.8919980847
"LOC109503831",12137.2538769116
"LOC112588287",609.049277298927
"LOC105183169",1965.69782730873
"LOC105183162",806.92458218657
"LOC105183145",1114.48070006964
"LOC105183154",13591.0850522806
"LOC105183183",8959.04868800013
"LOC105183156",4084.27800514669
"LOC105183146",436.006351060281
"LOC105183179",399.239675681424
"LOC105183168",1893.04537812488
"LOC105183140",5706.79919084312
"LOC105183149",1091.35042002854
"LOC105183137",2553.60631674906
"LOC105183159",710.147834019142
"LOC105180758",2572.45087463603
"LOC105180598",3387.01612711485
"LOC105180634",1201.4028207723
"LOC105180751",8758.9552694706
"LOC105180604",15672.6267972373
"LOC112590744",1909.5239173471
"LOC105187059",3748.28302626477
"LOC105189136",20850.4494498362
"LOC105188410",12336.9248163678
"LOC105180669",872.942567321378
"LOC105189134",7291.06942903094
"LOC105188408",8117.25614512383
"LOC105180508",954.654307670046
"LOC105187060",1166.21135222682
"LOC105188407",1795.74785825668
"LOC105180515",5744.35913430274
"LOC105180579",9595.83414468374
"LOC105180624",558.818055774268
"LOC105180616",2650.41257798549
"LOC105189133",4944.59881821163
"LOC105180652",4067.80328589264
"LOC105188413",10576.9253999869
"LOC105188411",4299.70991069704
"LOC105189135",6627.88825677695
"LOC105180533",2198.85654821537
"LOC105180571",524.238501263591
"LOC105189138",1226.85274834586
"LOC105180682",14167.1693808433
"LOC105189130",7925.65681964811
"LOC105189137",6133.57911835021
"LOC105180559",395.186098193696
"LOC105189131",9467.69710290468
"LOC105180551",459.23380099487
"LOC105185810",6565.34457759051
"LOC105188446",6141.89415225756
"LOC105185786",774.937591234534
"LOC105185801",11091.6348920165
"LOC105185827",10203.7713914879
"LOC112588136",7327.111439034
"LOC105185821",6584.11970423876
"LOC105185826",16487.6159378636
"LOC105188428",11450.7844574907
"LOC105188444",6542.83576001361
"LOC105185803",9915.12010998862
"LOC105185814",5361.75492030911
"LOC105188438",9668.85415548065
"LOC105185808",9360.35241156653
"LOC105185824",4272.08899377861
"LOC105185819",696.241733045404
"LOC105185822",3513.92413952815
"LOC105188430",15637.5984297939
"LOC105188419",30336.6055515699
"LOC105188436",7800.88525420031
"LOC105188451",10658.3428699876
"LOC105185780",8026.65766516871
"LOC105185804",17146.7791111174
"LOC105185805",7795.27951425996
"LOC105188437",14800.593682274
"LOC105188435",4126.17989749306
"LOC105185798",13584.3445462378
"LOC105185830",5490.24544589446
"LOC105185806",9684.1344245014
"LOC105188453",11378.2640111665
"LOC105188445",4350.22066350319
"LOC109504331",4801.77707435872
"LOC105185797",1704.25272983237
"LOC105188456",10498.8254278087
"LOC105188423",5446.14936306744
"LOC105188415",12995.7742258181
"LOC105188442",9742.26522509188
"LOC105188455",16355.2715417303
"LOC105185785",11791.5142572138
"LOC105188424",3117.90528825916
"LOC105188452",10701.8653784149
"LOC105188429",254.767907921727
"LOC105185809",7149.17121766839
"LOC105185818",12519.8021811219
"LOC105185796",15429.8917489597
"LOC105188427",6743.32704134
"LOC105188454",1935.71684252909
"LOC105185817",16303.6025996346
"LOC105188422",8388.34972396411
"LOC105185787",15813.2820519704
"LOC105188443",23628.2971057609
"LOC105188425",7921.09114425881
"LOC105188458",9172.74897510403
"LOC105188417",32729.6324698468
"LOC105185828",6628.3795462875
"LOC105188448",2065.41094786969
"LOC105188441",7833.91872437349
"LOC105185807",11397.1968093253
"LOC105185781",11766.4530285999
"LOC105188421",15306.7841846403
"LOC105185811",349.821827257918
"LOC105185823",10313.8242107331
"LOC105188420",10514.0242000465
"LOC105185788",9625.69513911407
"LOC105188434",746.120255334453
"LOC105185829",12679.3507672439
"LOC105188449",9326.50812285706
"LOC105188433",4303.58579460804
"LOC105185832",4085.6392327899
"LOC105185784",13142.7955219649
"LOC105185816",17064.5577393796
"LOC105188898",319.45410887858
"LOC105188896",13011.9919023267
"LOC105188894",11474.2928192806
"LOC105191862",304.363673679692
"LOC112589642",7680.20967494281
"LOC105188893",6786.74159163797
"LOC105188895",12504.5014670012
"LOC105188955",9795.91169843335
"LOC105188977",2998.34425543949
"LOC105188971",1963.38005422026
"LOC112588459",1106.07473069752
"LOC105188918",6892.28638301041
"LOC105188983",380.134117214636
"LOC105188953",419.473897152433
"LOC105188961",1231.85389958798
"LOC105188924",2193.33316243917
"LOC105188968",11616.9053741974
"LOC112588462",785.592610514298
"LOC105188930",7891.97247672958
"LOC105188917",10795.4561023877
"LOC105188933",2135.16686010376
"LOC105188978",1886.71086870041
"LOC105188962",1565.45724874584
"LOC105188913",5165.608252266
"LOC105188952",3432.45040228287
"LOC105188956",1649.26573701364
"LOC105188923",2151.03572620561
"LOC105188936",814.665299950285
"LOC105188938",1818.98949742189
"LOC105188911",3011.012539135
"LOC105188939",1375.67205054117
"LOC105188907",1130.51780892379
"LOC105188964",4499.94654317841
"LOC105188982",493.887427818083
"LOC105188915",991.585550223112
"LOC105188929",3229.67632028327
"LOC105188972",1472.78441937315
"LOC105188944",3973.87112743852
"LOC105188951",8304.53231151805
"LOC105188914",9891.04892290216
"LOC105188921",1718.02992797165
"LOC105188948",11602.6272435734
"LOC105188922",15885.7074597782
"LOC105188945",5506.57258978761
"LOC105188979",9164.61145238103
"LOC105188969",17799.8068488884
"LOC105188966",646.542766188645
"LOC105188947",8337.37250754378
"LOC105188960",15750.44057659
"LOC105188928",6243.84637926679
"LOC105188927",9457.86910181391
"LOC105188937",1833.09504431921
"LOC112588461",535.686166261919
"LOC105188906",4977.47807785597
"LOC105188941",1681.24006431024
"LOC105188934",4508.55268972525
"LOC105188967",7735.20005829994
"LOC105188919",18559.9688007448
"LOC105188958",884.195507536248
"LOC105188959",9307.41345205915
"LOC105188932",2527.21557445393
"LOC105188957",2233.54526020023
"LOC105188925",8698.01633607085
"LOC105188905",363.12849653931
"LOC105188950",11849.1904828653
"LOC105188943",9168.74410565969
"LOC105188942",1557.62494466844
"LOC105180954",9524.7761889519
"LOC112590346",2397.07568288366
"LOC105188991",3087.72653442282
"LOC105188994",5772.36269924528
"LOC112590344",428.499775825952
"LOC105180951",5823.54571770376
"LOC105189000",4697.36733166551
"LOC105180950",5111.9805352942
"LOC105180955",496.953099401181
"LOC105188990",3811.23678309778
"LOC105180958",417.404112105476
"LOC105180957",5215.22548393608
"LOC105180961",1932.49609927256
"LOC105180948",1807.35614520442
"LOC105188995",8938.43390613647
"LOC105188993",3212.3983008392
"LOC105180949",690.857587411637
"LOC105188997",7198.41823449904
"LOC105180953",1026.90720857675
"LOC105188996",8860.83813742157
"LOC105184257",2698.53922734899
"LOC105184282",6716.59100341358
"LOC105184271",6403.19723066
"LOC105184248",901.301564907111
"LOC112589188",1596.94615780013
"LOC105184243",6676.92846497924
"LOC105184841",10089.9646848088
"LOC105184238",2954.4518174723
"LOC105184246",4178.44605623844
"LOC105184266",20331.9619646644
"LOC112589189",344.142023479637
"LOC105184258",9727.19210434751
"LOC105180499",2522.72042763376
"LOC105184240",1372.64767504268
"LOC105184277",1379.36323451357
"LOC105184253",6560.10701123384
"LOC105180496",14129.3039042523
"LOC105184237",1078.41309982088
"LOC105184281",4712.16379023427
"LOC105184261",5134.79991246734
"LOC105184236",361.804423459262
"LOC105184251",8789.81448201279
"LOC105184239",10339.8618212069
"LOC105180497",12661.6888917931
"LOC105184854",11321.3795573003
"LOC105184260",3373.21832126039
"LOC105180504",396.361858660776
"LOC105184276",8157.39403961006
"LOC105184354",3896.22826547042
"LOC105184250",48558.7807771859
"LOC105184262",6360.17544486812
"LOC105184254",13003.6258618445
"LOC105187944",3300.71244832371
"LOC105184247",8136.63806095807
"LOC105180492",2624.855371729
"LOC105184848",8263.72222508159
"LOC105180494",22297.0964021886
"LOC105184267",1793.58956237933
"LOC105184249",69335.9986246695
"LOC105184264",9037.84841108292
"LOC105184275",752.597751072925
"LOC105184360",858.131982101292
"LOC105184244",10618.7634843704
"LOC105184245",4538.89033822306
"LOC105184353",2544.46179511007
"LOC105180502",347.307714445137
"LOC105184255",5737.9589839979
"LOC105184259",10146.8420028473
"LOC105184274",2759.27594274461
"LOC105184256",5599.0768440214
"LOC105184265",12582.272193943
"LOC105184242",6599.88202705529
"LOC105184272",2184.81228982456
"LOC105182654",11329.0500020435
"LOC105182682",528.344443532209
"LOC105182670",1293.76648691022
"LOC112589809",4732.3030995394
"LOC105182640",2749.77085436027
"LOC105182652",9947.91881281226
"LOC105182675",4116.87779254052
"LOC105182678",5969.0611869108
"LOC105182625",4445.09110619409
"LOC105182629",548.486048921491
"LOC105182636",2642.90029118642
"LOC105182630",8834.97125979917
"LOC105182631",775.61343853566
"LOC105182664",5232.6964683622
"LOC105182626",2712.04610107806
"LOC105182624",3046.28388836342
"LOC105182621",2750.7705026831
"LOC105182615",964.497804481234
"LOC105182634",4690.39016663324
"LOC105182653",8673.41507486155
"LOC105182679",11977.1824729045
"LOC105182633",5121.47732811147
"LOC112589812",2317.96878047592
"LOC105182662",13843.2362865052
"LOC105182639",3610.65634671602
"LOC105182648",776.758073091019
"LOC105182661",5210.97926329116
"LOC105182674",6394.6081500351
"LOC105182660",8551.45675697426
"LOC105182637",4766.74705729723
"LOC105182623",1765.34641730226
"LOC105182672",7445.93729100569
"LOC105182666",5991.51783504031
"LOC105182671",5107.98780313231
"LOC105182665",3656.8533159124
"LOC105182659",5285.89468088737
"LOC105182656",5710.00713993864
"LOC105182642",2319.65271345393
"LOC105182643",4256.66315324035
"LOC105182676",8306.65240431904
"LOC105182619",1536.44539210522
"LOC105182620",1895.73748146666
"LOC105182658",6189.0605537764
"LOC105182632",1598.02580277819
"LOC105182627",16275.1535215244
"LOC105182685",365.305574264522
"LOC105182641",5725.88441078181
"LOC105182684",3149.74062420793
"LOC105182638",8375.37043018604
"LOC105182628",1862.5557421888
"LOC105186056",5638.18901795959
"LOC105192215",2732.01463718396
"LOC112589365",10101.4464433053
"LOC105189996",7571.63201160063
"LOC112589361",3928.1632989798
"LOC105185904",2589.79944291598
"LOC105186052",5512.99839754752
"LOC105186058",9708.00604036327
"LOC105186053",443.123787124296
"LOC105186064",833.848353004083
"LOC105192217",3295.2079507515
"LOC105192216",3800.66198502261
"LOC105186060",2647.80720240716
"LOC105186057",830.079494203299
"Glomulin",6705.62130393326
"LOC105189995",1153.721054848
"LOC105180510",6190.10885734667
"LOC105186055",4617.95367475315
"LOC112589367",5162.09668772987
"LOC105186429",2876.56811568374
"LOC105186063",1954.31507704251
"LOC105181949",2005.54419561888
"LOC105186269",3234.86863426883
"LOC105184605",28999.9122609104
"LOC105191141",1177.0090321296
"LOC105186062",13702.8629815936
"LOC105181947",7018.84990745713
"LOC112588308",926.935583597085
"LOC105181139",11054.2027984619
"LOC105180945",6629.55802388306
"LOC105186009",8264.18063248629
"LOC105186678",4508.36673096301
"LOC105191157",1571.630574317
"LOC105192557",38585.9372339501
"LOC105185909",11234.3933333683
"LOC112588297",4790.32604667111
"LOC105185791",8553.90366060545
"LOC105187819",8821.97005676608
"LOC112588296",266.80406867902
"LOC105187631",1164.65356356864
"LOC105186010",1361.6031038749
"LOC112588306",347.507790074227
"LOC112588295",6397.65712858929
"LOC105191147",9709.31861634065
"LOC105183292",2803.44352960023
"LOC105183301",6477.01849819012
"LOC105183306",5955.23822395601
"LOC105183313",1684.60888224406
"LOC105183295",11386.7218814843
"LOC105183304",4474.60370158733
"LOC109503858",8824.09751578052
"LOC105183311",6961.16738856479
"LOC105183300",7605.99102276233
"LOC105183296",12929.6174688732
"LOC112589796",1475.1666138847
"LOC105183307",5993.58963816193
"LOC105183303",1871.99667976303
"LOC105183291",6682.39940145791
"LOC105183302",362.022281895346
"LOC105183308",7131.89551540635
"LOC105183293",5170.71725637309
"LOC105183290",4451.91431807213
"LOC105183310",775.698127283139
"LOC105183305",4511.7066833996
"LOC105183299",1606.62239009343
"LOC105183207",5620.19468937292
"LOC105187577",4407.05985786176
"LOC112590298",368.08669674617
"LOC105191332",4728.69579517305
"LOC105183238",5720.7888486403
"LOC105191368",6946.20831156389
"LOC105183233",5884.23315401994
"LOC105183246",11660.5507354246
"LOC105191705",652.834230751854
"LOC105183234",6179.0113734552
"LOC105187596",5174.25240207303
"LOC105191359",11286.5180497989
"LOC105183203",13328.9924020805
"LOC105183240",4329.49938852734
"LOC105183220",4522.31695288552
"LOC105183204",11017.9535474027
"LOC105191352",15474.3981062356
"LOC105191117",6558.2845145159
"LOC105191229",3348.45833663923
"LOC105191355",5133.14423548929
"LOC105183225",7097.72621158147
"LOC105187594",731.595354706299
"LOC105187617",459.52508935398
"LOC105191363",4959.44998195864
"LOC105191339",10348.4338087346
"LOC105191340",10064.3195608293
"LOC105191742",5553.24071387323
"LOC105187593",6435.70597063295
"LOC105186983",2137.79513254666
"LOC105183237",6081.67900073307
"LOC105191683",5756.19153369897
"LOC105183232",17553.7223247199
"LOC105191335",7489.46385588773
"LOC105191343",5681.23118619348
"LOC105187612",4056.2269679354
"LOC105191350",1389.24408290427
"LOC105183218",8767.49688454252
"LOC105183241",53447.9547013108
"LOC105183231",3063.36193337268
"LOC105187590",2721.1649901953
"LOC105190747",6429.69140831889
"LOC105191334",864.590019991125
"LOC105187613",638.873213947689
"LOC105187602",7424.59384063909
"LOC105191362",4959.59826626903
"LOC105190916",8730.84706176707
"LOC105187595",3103.70199498029
"LOC109504247",5188.90132480153
"LOC105191341",7212.88498508927
"LOC105191714",7656.9420315492
"LOC105187599",5640.96796500268
"LOC105191331",9145.17468218051
"LOC105191357",1297.34004500054
"LOC105183219",39073.9011853301
"LOC105183226",8877.89799069856
"LOC105183244",6519.61343448721
"LOC105183216",2901.75902450417
"LOC105187605",5619.30399653747
"LOC105191738",11257.0265455955
"LOC105191360",303.064186974572
"LOC105191328",5396.18408017943
"LOC105191364",305.221330795186
"LOC105191336",1658.9304005534
"LOC105191330",8858.20852879016
"LOC105187601",9005.67865370145
"LOC112590295",1313.63428855808
"LOC105183228",12793.3058195196
"LOC105183202",590.692029055091
"LOC105183230",3368.32996112927
"LOC105183210",12489.6452253146
"LOC105187583",8179.22028411852
"LOC105187600",12203.701983448
"LOC105191348",16297.6651399874
"LOC112590289",6293.95304628748
"LOC105183235",11642.8918284182
"LOC105183221",13355.9764118446
"LOC105187588",17050.2503860322
"LOC105191353",6652.34838196224
"LOC105183243",2603.9568399035
"LOC105191361",14396.7692581308
"LOC105191344",8004.34484286466
"LOC105191354",1293.64230091643
"LOC105183242",9009.1335772217
"LOC105187608",684.122521550551
"LOC105183214",1365.40846957006
"LOC105183248",2254.31222915122
"LOC105183206",5179.15986578528
"LOC105187611",2118.87996200339
"LOC105191338",8258.51853270875
"LOC105191351",9067.3662975294
"LOC105187597",11896.8333316847
"LOC105187610",6706.25208522314
"LOC105183227",4796.09174213676
"LOC105187609",2700.17125171007
"LOC105183205",8199.72520842664
"LOC105191731",1037.36158757128
"LOC105183213",9633.5396283541
"LOC105191333",1485.14847548475
"LOC105189347",2453.48828066573
"LOC105183239",6851.09162138501
"LOC105191327",500.853592478413
"LOC105191342",923.705415874991
"LOC105187576",10066.3622251858
"LOC105183217",3242.2811353949
"LOC105191349",8425.54695828597
"LOC105187592",4894.9789263538
"LOC105183236",15381.8643341586
"LOC105183212",18890.2724273605
"LOC105187582",1334.91376955332
"LOC105191345",7231.4582900954
"LOC105183245",4480.44133448472
"LOC105183223",3054.99152482479
"LOC105183224",18467.7586107817
"LOC105187579",4514.56067168442
"LOC105191604",11625.2047704753
"LOC105183211",8396.72215436471
"LOC105187584",501.790777726454
"LOC105191347",3599.26170644263
"LOC105187589",777.062080483632
"LOC112590659",780.197022263964
"LOC105183769",2335.63574878956
"LOC105191008",3825.70262364958
"LOC105183758",3551.98766637244
"LOC105191263",15619.1048622317
"LOC105191010",431.698590225341
"LOC112590653",4256.74080968935
"LOC105183752",3715.16974342656
"LOC112590649",414.421569287823
"LOC109504606",9576.18274815269
"LOC105191596",7904.61877746943
"LOC105191297",3859.87958779285
"LOC105191001",7182.28594588048
"LOC105191017",3318.90469226593
"LOC105191321",2145.28286421825
"LOC105190999",12232.7448564065
"LOC105191015",378.467816630597
"LOC112590650",9057.5384516116
"LOC105183761",1182.10578310846
"LOC105183753",1584.05749703631
"LOC105183777",7219.54191608591
"LOC105191200",4273.67792300674
"LOC105191280",11723.5999337654
"LOC105191184",17349.1831356402
"LOC105191000",12677.4768892739
"LOC105191241",5323.8103307346
"LOC105191217",7527.45781676454
"LOC105183762",441.166446127201
"LOC105183772",413.944599980416
"LOC105191011",14246.015581345
"LOC105191014",3335.13959474103
"LOC105191012",4174.87344915978
"LOC105183768",3560.32637069732
"LOC105191346",10093.7810164117
"LOC105191337",9752.37527817745
"LOC105183749",7484.78992309364
"LOC105183754",2983.23407609897
"LOC105183766",11536.9728894955
"LOC105183790",701.920121288404
"LOC105191003",2471.76967341985
"LOC105191013",2337.09724297952
"LOC105191009",3248.25017864917
"LOC105183763",5632.23265900484
"LOC105191588",1960.05454444459
"LOC105191250",4362.40432674554
"LOC105191605",433.994017398511
"LOC112590647",7706.41804307151
"LOC105191004",12451.7438293899
"LOC105183773",1628.28464353635
"LOC105183782",11745.5333894286
"LOC105191273",7312.46470923365
"LOC112590654",341.41966230742
"LOC112590655",2434.9865765584
"LOC105191006",16068.1710892365
"LOC105191380",5001.79888167938
"LOC105191175",11265.4182581521
"LOC105183792",505.336770004516
"LOC105183757",2890.51554560423
"LOC112590657",11260.2603660993
"LOC105183764",10339.89562263
"LOC105191372",8407.96571450218
"LOC105191385",2214.2968900774
"LOC105183748",5703.37298032509
"LOC105183781",1724.71784846236
"LOC105191016",5263.78747969031
"LOC105183789",2944.15775069321
"LOC105183759",10765.3047359299
"LOC105183785",1551.5521820026
"LOC112590652",891.634246228895
"LOC105191166",12586.2538573633
"LOC105183751",14768.5875354014
"LOC105191365",873.812859068415
"LOC105183767",9499.54941426938
"LOC105183786",546.237162410566
"LOC105191002",8010.50868726166
"LOC105191615",1876.60319183784
"LOC105183775",3876.38425289267
"LOC105183110",6279.71113618254
"LOC105191289",8040.21537675902
"LOC105191007",3990.40895481397
"LOC105191392",762.639303936668
"LOC105183780",504.29125650633
"LOC105192506",5304.92335766093
"LOC105192505",2805.1267229846
"LOC109504153",2595.44012867322
"LOC105192500",2301.05294669573
"LOC105186578",6358.92558122368
"Ickin1-1",14552.8785503806
"LOC105192491",1409.07042689618
"LOC112588761",5208.62072224578
"LOC105192495",6951.04271331049
"LOC112588762",6889.98202762228
"LOC105192510",10603.0406019972
"LOC105192503",4388.80873077952
"LOC105192508",2122.49874533548
"LOC105191319",2605.63162977004
"LOC105192493",10768.6319116406
"LOC105192509",2743.08568229449
"LOC105191320",7175.81620270784
"LOC105192489",4844.25264710893
"LOC105192483",8092.29796627148
"LOC105192492",3115.15815673325
"LOC105192496",23113.7823389376
"LOC105192501",5471.36813383447
"LOC105192497",5342.94384206005
"LOC105192485",6011.71627868943
"LOC105188745",7865.07673872702
"LOC105188753",651.143133252238
"LOC105188764",6822.02918868487
"LOC105188743",21775.9156650976
"LOC105188737",4046.68684403193
"LOC105185533",4410.82027474908
"LOC109504360",7044.68774871303
"LOC105185536",1369.51945150555
"LOC105188765",10911.139170033
"LOC109504361",279.034097668243
"LOC105188761",7530.38730432848
"LOC112588992",429.930388487313
"LOC105188746",9705.65485357715
"LOC105185531",4976.09440445519
"LOC105188770",21381.4869423408
"LOC105188747",2363.94403146707
"LOC105188780",1749.42575153123
"LOC105185535",437.447682314877
"LOC105188741",1575.83060888452
"LOC105188742",13633.7334677293
"LOC105188769",11164.5214884952
"LOC105188778",1130.69425342628
"LOC105188750",4614.06608301653
"LOC112588996",843.78325863797
"LOC105188762",2349.39578596306
"LOC105188777",495.18284658394
"LOC105188772",9092.81810087473
"LOC105188749",12531.2836401989
"LOC105188756",505.863979130637
"LOC105188782",4504.62416433321
"LOC105185532",11019.975377397
"LOC105188766",4503.66518304137
"LOC105188771",9666.04231350866
"LOC105188751",11966.8052078135
"LOC105188736",1400.51617367472
"LOC105188768",1974.24878425031
"LOC105188757",560.507815960295
"LOC105188760",3403.38587319735
"LOC105188735",15730.1068535538
"LOC105188738",827.995215151489
"LOC105188755",8776.02071313939
"LOC105188748",10252.4262590671
"LOC105185530",612.726231556349
"LOC112588999",347.841805975771
"LOC105188758",7189.17066830624
"LOC105188773",16156.236701323
"LOC105185548",1833.31286101391
"LOC105186082",1091.71736250515
"LOC105185546",965.160795240149
"LOC105186125",6128.6318863243
"LOC105186268",9999.85791816593
"LOC105185547",2028.99058510968
"LOC105186179",8428.76677814415
"LOC105185540",4537.1476889793
"LOC105185542",8620.9105701809
"LOC105185544",565.533403458784
"LOC105186252",455.790764767434
"LOC105185549",824.565016328679
"LOC105186101",420.476925552086
"LOC105187461",8365.30649114909
"LOC105186325",521.685893290652
"LOC105186348",3718.27550906521
"LOC105186240",905.870773128545
"LOC105185552",2953.87576967225
"LOC105185545",9525.31438102907
"LOC105185558",11391.1616227515
"LOC105186093",7983.03815879712
"LOC105186195",27296.8450330482
"LOC105185539",15636.0508450341
"LOC105185557",1219.2249133841
"LOC105186334",30033.5356438819
"LOC105186066",9534.15888780849
"LOC105186079",13551.3510173456
"LOC105185550",3776.99889695729
"LOC105185541",6667.46312423607
"LOC105185555",2525.99883323829
"LOC105186315",7185.47606716113
"LOC105185556",503.973362809392
"LOC105186292",2632.52361398681
"LOC105185551",3260.75361592154
"LOC112589170",718.201622115974
"LOC105186050",15130.0508649987
"LOC105186282",6949.82121647131
"LOC105186074",19763.3601067743
"LOC105186165",7486.41284042136
"LOC105186308",748.825553241526
"LOC105185543",4837.7147012137
"LOC105186260",9577.24570915759
"LOC105185553",1119.99678054822
"LOC105185537",6042.0591771605
"LOC105188058",4523.13124948778
"LOC105188054",22341.1597791107
"LOC105188079",25283.9509945348
"LOC105188049",7114.78735531523
"LOC105188092",7314.17152139738
"LOC105188080",4853.70028114584
"LOC105188086",678.873605752205
"LOC105190057",1526.97989080254
"LOC105188091",5682.28149086415
"LOC105188082",46072.0883344817
"LOC105188050",22262.6104310477
"LOC105188085",6775.3116513138
"LOC105184052",479.094683755159
"LOC105188048",6085.39002368268
"LOC105184050",3305.04492536447
"LOC105188052",6879.11702503266
"LOC105188087",4604.92641192459
"LOC105188097",402.048583337435
"LOC105188061",4188.68510801489
"LOC105188093",531.631649930127
"LOC112588537",331.194440752617
"LOC105184623",5716.3518647221
"LOC105188044",1264.37276038397
"LOC105188076",18653.0228188676
"LOC105188065",2819.48163974805
"LOC105188083",4099.85913606385
"LOC105188057",1948.80298207775
"LOC105188064",7928.36856159646
"LOC105188099",2361.74862255128
"LOC105188063",12412.005338842
"LOC105188100",3396.39865121127
"LOC105188051",1067.49376471651
"LOC105188062",3236.21776786042
"LOC112588045",6806.36980853296
"LOC105188090",3043.77092025381
"LOC105188059",53375.4382044846
"LOC105184051",6712.43303480187
"LOC105188095",4541.73440298982
"LOC112588665",5398.93253808013
"LOC105188072",4174.22896820044
"LOC112588686",2826.87253230307
"LOC105188096",703.578443548543
"LOC105190058",5856.31890820406
"LOC105184625",15566.136157978
"LOC105188069",28900.2396343978
"LOC105188055",3970.28771340614
"LOC105190060",6906.1896503242
"LOC105188081",524.741715829591
"LOC105184049",1482.60560410651
"LOC105188073",8144.7986342121
"LOC105188089",1318.66037183907
"LOC105188067",8117.9297230888
"LOC109504296",378.787771781481
"LOC105188071",7837.29155618582
"LOC105188077",104708.962405109
"LOC105188047",4582.94914276004
"LOC105190872",2266.17576097663
"LOC105190879",13249.5616453628
"LOC105190896",5460.40027640789
"LOC105190897",462.92624571313
"LOC105192251",5747.10139226731
"LOC105192247",2652.98667596486
"LOC105192255",3290.42810823597
"LOC105190877",4915.51195875564
"LOC105192254",1956.88261878048
"LOC105192242",787.779589105753
"LOC105192240",4682.13709368361
"LOC105192249",643.243384516648
"LOC105184204",10281.3637356158
"LOC105190888",733.731265443774
"LOC105192245",1657.54407059696
"LOC105190895",7226.36198016621
"LOC105190887",3565.6699320595
"LOC105190893",9553.92861361978
"LOC105192252",1200.27724141214
"LOC105192234",8765.24835207334
"LOC105190871",7117.63539041653
"LOC112589698",284.117098447286
"LOC105192248",2630.80699316653
"LOC105190889",9285.3024585697
"LOC105190873",3502.31530034926
"LOC105190894",2560.92263328358
"LOC105192250",3388.39400782444
"LOC105190882",6663.06319340044
"LOC105190880",30164.256986721
"LOC105192237",5199.16929116906
"LOC105190884",968.539922902632
"LOC105192238",6382.6119143208
"LOC105192243",15566.8337047099
"LOC105192235",1429.56970949895
"LOC112589607",833.554133821716
"LOC105190878",58670.9714295785
"LOC105192241",4123.24588095769
"LOC105190890",5349.69503341544
"LOC105190881",3491.29838029848
"LOC105190900",2983.99480219553
"LOC105192236",2242.25281211646
"LOC105190875",3267.04741588025
"LOC105185345",22110.4461411362
"LOC105185319",7893.66660220051
"LOC105185324",10777.5835930599
"LOC105185313",12762.8867349849
"LOC105185335",1841.53141844788
"LOC105185325",24530.1640405572
"LOC105185350",7220.30921743464
"LOC105185349",5179.61556144333
"LOC105185323",6411.98893713218
"LOC105185336",9067.678763851
"LOC105185329",15280.0709546957
"LOC105185330",8463.77219895907
"LOC105185328",4269.25322135598
"LOC105185347",8847.82164248401
"LOC105185312",1279.21876565568
"LOC105185321",6578.17189910622
"LOC105185331",3250.49228538787
"LOC105185316",10171.4133023939
"LOC105185317",2804.88254491655
"LOC105185327",4701.97825764943
"LOC105185337",297.910257935984
"LOC105185320",5328.66031524383
"LOC105185338",510.265852274939
"LOC105185318",1628.77000554028
"LOC112588873",1562.64651217373
"LOC105185348",17646.474021891
"LOC105185315",385.19598849581
"LOC105191489",12523.9104499664
"LOC105191478",11904.4258679941
"LOC105191477",3580.24603699529
"LOC105191490",20950.0027059469
"LOC105187801",6187.68850063719
"LOC105191491",1284.68761830962
"LOC105187796",2525.02302664668
"LOC105187880",786.824744799605
"LOC105187834",3399.35374188915
"LOC105191480",2333.44160982498
"LOC105191494",10651.6508912833
"LOC105187827",946.890281454077
"LOC105191481",4056.09436231355
"LOC105191482",9878.4810100816
"LOC105191483",7224.55667243962
"LOC105187818",7263.58340133276
"LOC105191497",5710.19239576275
"LOC105187789",448.610698952113
"LOC105191488",3331.5487174336
"LOC105191486",632.852020385203
"LOC105191496",266.734539802902
"LOC105187860",1416.62238382114
"LOC105191475",2062.83039987258
"LOC105191485",6587.51903007676
"LOC105189810",5248.16926604327
"LOC105189820",6755.35575913626
"LOC105184186",2005.62190782664
"LOC105189812",8166.80213483558
"LOC105189819",1868.98431328791
"LOC112589314",13146.8085797557
"LOC105189823",6114.02665754168
"LOC105189811",6067.2891738591
"LOC105184179",2341.65955967413
"LOC109504479",491.825253058533
"LOC105184177",6958.52553641212
"LOC105189822",7160.9416240108
"LOC105189821",4449.31416007087
"LOC105189818",7697.48066500565
"LOC105189824",1572.67456428285
"LOC105184182",256.466814068245
"LOC105189809",5740.43389905312
"LOC105184185",1228.25374868707
"LOC105189815",3991.44359798801
"LOC105189817",3618.84759116306
"LOC105189816",5533.94251418382
"LOC105189826",4237.89291485469
"LOC105182564",1408.79472073955
"LOC105182557",4658.92007082936
"LOC105182570",4012.16206909052
"LOC105182568",700.312881811379
"LOC105182554",3841.17682394363
"LOC105182559",5656.60458252411
"LOC105182555",4798.31078013159
"LOC105182546",7320.32521700855
"LOC105182545",9387.23679468391
"LOC105182565",1887.56084370017
"LOC105182556",4965.42367826596
"LOC105182547",5258.1674693203
"LOC105182562",11210.0150156939
"LOC105182561",787.441400871381
"LOC105189191",3727.09608363346
"LOC105189183",8012.24411592296
"LOC105189184",6645.53638951706
"LOC109504403",4313.17136927966
"LOC105189181",6885.48044693736
"LOC105189200",661.592229504043
"LOC105189182",8283.34907358938
"LOC105189195",6219.59010606784
"LOC105189178",7031.18406233953
"LOC105189203",5385.57736564177
"LOC105189193",248.440260996082
"LOC105189187",4434.95716536081
"LOC105189190",7550.9940474902
"LOC105189192",5339.8805491148
"LOC105189179",8616.59092052298
"LOC105189185",1999.82189739043
"LOC105191235",12275.269540586
"LOC105186837",2500.99586744937
"LOC105186839",605.241209248816
"LOC105184370",2875.41155447934
"LOC105184363",6001.30666698651
"LOC105184364",731.336456811095
"LOC105186840",5485.66450977124
"LOC105184369",4672.36109059082
"LOC105184365",3579.34889850702
"LOC105191245",5404.14884875635
"LOC105184366",2783.54651614125
"LOC105191234",3530.9947067158
"LOC105191251",730.951440793446
"LOC105191232",7679.67797106554
"LOC105184371",2703.1154272287
"LOC105191246",2087.6968610498
"LOC105186843",5093.49835743185
"LOC105186838",666.219605250694
"LOC105191236",5503.47411375212
"LOC105186841",3873.84555570102
"LOC105186836",2434.73671895402
"LOC105182998",22972.772782363
"LOC105182994",6501.96127570768
"LOC105183000",13050.0481794316
"LOC105182992",7961.8259485494
"LOC105182995",4494.11928631927
"LOC105182993",9691.00836976635
"LOC105182256",5592.18744385859
"LOC105182235",1708.59403759183
"LOC105182281",7274.37101986932
"LOC105182265",9107.35261495935
"LOC105182257",9155.3022288835
"LOC105182215",16876.3862927892
"LOC105182269",6730.8901435321
"LOC105182262",7436.03681669461
"LOC105182227",7699.37001347198
"LOC105182226",1835.31279273472
"LOC105182259",4764.87282636696
"LOC105182266",4999.70388741706
"LOC105182205",3576.93283706747
"LOC105182225",3126.98775450332
"LOC105182280",2805.77225413523
"LOC105182211",9333.19556646003
"LOC105182249",4832.46585811791
"LOC105182271",637.146117704139
"LOC105182260",6155.21514153092
"LOC105182219",7268.2929921866
"LOC105182218",1784.22275191684
"LOC105182279",2246.12572648774
"LOC105182220",6665.87428732752
"LOC105182264",4474.55120115679
"LOC105182212",3619.90181279037
"LOC105182283",5624.4106779771
"LOC105182274",13215.6710529868
"LOC105182210",6671.82612041782
"LOC105182276",863.023173245025
"LOC105182242",5353.95857359964
"LOC105182239",3813.62376103114
"LOC105182228",5441.81550858375
"LOC105182290",969.705622493286
"LOC105182287",7519.94728331848
"LOC105182216",6389.28330968888
"LOC105182207",8411.98789320183
"LOC105182267",2435.77800838464
"LOC105182236",21347.6239079295
"LOC105182247",6703.41594501551
"LOC105182241",5731.97109773944
"LOC105182245",416.874441017998
"LOC105182252",6590.47520381437
"LOC105182221",9293.17834324129
"LOC105182272",3807.59054465845
"LOC105182213",9274.98792317615
"LOC105182232",5856.20107322104
"LOC105182250",13836.2434914878
"LOC105182253",9329.61924177325
"LOC105182233",6135.77248996481
"LOC105182284",755.267819926553
"LOC105182217",13802.2024754376
"LOC105182277",4692.16201416335
"LOC105182223",9935.09837196847
"LOC105182234",5101.86478968424
"LOC105182286",595.626607623743
"LOC105182282",3086.84976055478
"LOC105182255",2230.14035427595
"LOC105182254",8028.84684987173
"LOC105182292",466.666485956474
"LOC105182240",17978.9292503732
"LOC105182263",5252.2625843964
"LOC105182248",22697.3344661449
"Centrin-1",1251.66202949391
"LOC105182258",7709.00999168445
"LOC105182238",3553.84768386156
"LOC105182204",5700.20701863225
"LOC105186375",1851.91123147715
"LOC105186382",2868.7281538051
"LOC105186372",9112.33037792277
"LOC105186397",8938.07557135537
"LOC105186395",14438.8196753649
"LOC105186394",5475.51067362753
"LOC105186399",6824.80406223655
"LOC105186385",9166.08195834242
"LOC109504121",393.34926418819
"LOC105186404",7202.87380226596
"LOC105186376",398.736701113467
"LOC105186387",3202.88532528189
"LOC105186381",1078.36040551689
"LOC105186371",9347.86590949412
"LOC105186391",7387.1021057392
"LOC105186383",860.463317929306
"LOC105186389",4445.31657868589
"LOC105186373",931.917410229568
"LOC112589471",1328.49936690967
"LOC105186393",6962.70304676666
"LOC105186396",3079.33679991956
"LOC109504120",1999.29954775467
"LOC105186386",4324.8957361916
"LOC105186384",11037.0120809974
"LOC105186388",7325.21913004623
"LOC105190505",5231.92408080616
"LOC105189240",21555.8698359496
"LOC112588747",541.329842986363
"LOC105189225",1519.37612113036
"LOC105189232",2341.80358919852
"LOC105189220",21819.642329241
"LOC105189252",1139.83663685202
"LOC105190504",7673.24618319709
"LOC105189251",2964.64652154751
"LOC112588754",266.243196626884
"LOC105189217",1701.15957010502
"LOC105190503",5619.1865267107
"LOC105189229",23860.5566553394
"LOC112588752",8958.00172351188
"LOC112588755",1207.77944327806
"LOC105189219",1473.35472093329
"LOC105189227",12154.6321063375
"LOC105189256",386.015179503425
"LOC105189236",2374.83164940039
"LOC105189239",4634.59242152819
"LOC109504424",316.439732168043
"LOC105189238",9429.98693533235
"LOC105189222",11873.4886021275
"LOC112588753",971.436602352724
"LOC105188320",12784.5164786236
"LOC112590736",3409.01287276234
"LOC112590737",398.250605374587
"LOC112590738",17663.6874457758
"LOC112590728",289.16204340383
"LOC112590741",897.589486267525
"LOC105182184",5675.52289393671
"LOC105186791",5863.734001865
"LOC105186793",551.299967763334
"LOC105186795",2459.91808590391
"LOC105186785",19020.8692945542
"LOC105186781",1768.62485724833
"LOC105186786",3749.18802780289
"LOC105182198",7677.66852734191
"LOC105182178",5521.48258137461
"LOC105182192",4702.55350295683
"LOC105186779",14408.8042694151
"LOC105182174",4781.49322159163
"LOC105182195",5093.41688811261
"LOC105182197",6436.86674756006
"LOC105182188",360.977811496311
"LOC105182191",5791.83164522006
"LOC105186776",2398.00720713948
"LOC105186777",3000.52074252148
"LOC105182196",2814.97379954641
"LOC105182173",5505.62702777746
"LOC105182194",7180.57619163024
"LOC105182189",11902.2207477759
"LOC105186787",9039.6558894138
"LOC105182179",1211.36819194094
"LOC105182185",1569.05763608184
"LOC105182177",3151.10672661876
"LOC105182172",9812.23769871148
"LOC105186792",15378.8464349678
"LOC105182200",2590.65720291344
"LOC105182182",5011.96894258986
"LOC105182171",4666.27491813748
"LOC105186789",2545.29042593446
"LOC105186775",1403.71565410183
"LOC105186782",4714.2984846484
"LOC105182193",16637.7756195964
"LOC105182180",6335.19481582333
"LOC105186788",19187.7199627709
"LOC105186780",66831.5552552992
"LOC105182186",3458.29693124124
"LOC105186794",9183.0330577401
"LOC105182187",1254.89094174201
"LOC105186790",8255.39072866517
"LOC112589517",3564.75579751965
"LOC105182199",7419.47240148709
"LOC112590422",370.885903706768
"LOC105186743",8577.33694338581
"LOC112590421",1569.3636403217
"LOC105183828",1800.61121777254
"LOC105187012",873.100671973163
"LOC105186624",16042.6667298984
"LOC105182579",5087.01247228388
"LOC105183833",6017.83967885659
"LOC105182584",9300.50303531677
"LOC105183831",5887.75756742437
"LOC105182597",515.349994499288
"LOC105182580",3698.79563584176
"LOC105182577",2288.95154709054
"LOC105182585",1577.42085928859
"LOC105182583",826.098306073153
"LOC105186421",12613.8998990971
"LOC105183829",5492.04897308364
"LOC105183830",5049.85118812391
"LOC105186865",799.522727642858
"LOC105183739",5818.59245480201
"LOC105187275",997.483930484757
"LOC105187217",6999.12009433484
"LOC105187178",361.653821147
"LOC105187229",11696.4921497042
"LOC112588404",7786.6389885768
"LOC105187270",5066.10060386225
"LOC105187208",2827.96138556433
"LOC109504163",363.365170019608
"LOC112588407",3657.99286843382
"LOC105187200",1688.97795529167
"LOC105186705",5854.05524409044
"LOC105186701",1402.84657936201
"LOC105187257",6287.26495455112
"LOC109504216",9092.49300366137
"LOC112588408",336.335624212116
"LOC105187309",5273.40075638741
"LOC105187242",9238.32559103952
"LOC105187282",11572.9254815973
"LOC105186700",2710.87607884487
"LOC105186698",5256.77862959908
"LOC112588405",3153.29472104253
"LOC105186704",452.311191278712
"LOC105182702",13253.9454006939
"LOC105182687",7365.70534555066
"LOC105188328",1319.25158373527
"LOC105188341",7521.3652544193
"LOC105188368",645.029521825183
"LOC105182692",498.171254418482
"LOC105188337",3070.36543156092
"LOC105188338",9178.91762121964
"LOC105188369",3177.84280340261
"LOC105184910",943.651524093147
"LOC105186030",8266.62327377064
"LOC105186031",3360.09781635682
"LOC105184893",4261.05079869551
"LOC105184936",7162.78286934936
"LOC105182701",3896.23246777829
"LOC105182700",2693.09701813376
"LOC105184924",488.568854506419
"LOC105184900",414.290508906795
"LOC109504319",743.376130329299
"LOC105182689",6540.21975622053
"LOC105184929",3845.28629028315
"LOC105182693",6288.20634284423
"LOC105184883",1315.77319832301
"LOC105186034",296.847258844669
"LOC105184946",6648.34965079373
"LOC105183968",7290.93570812539
"LOC105183959",8627.64660272086
"LOC105187662",2248.50172249096
"LOC105187644",3122.00725101318
"LOC105187643",10661.7550266635
"LOC105183966",5282.75498111554
"LOC105183969",7310.93372448502
"LOC105187654",9498.48709520015
"LOC105183975",4537.7933375946
"LOC105183985",23118.1623143791
"LOC105187653",5910.09018828641
"LOC105183963",10474.3997311663
"LOC105183967",9252.79171011772
"LOC105187645",11247.3495194479
"LOC105187658",5362.47701081341
"LOC105187641",2174.79891461762
"LOC105187639",3209.33582501506
"LOC105183960",22989.4750731312
"LOC112590044",5588.13626125021
"LOC105183981",1499.79348498845
"LOC105183962",3207.4729364761
"LOC105183978",3356.28216922
"LOC105187640",4874.1610616491
"LOC105183980",6656.2567607968
"LOC105187638",1429.64471522137
"LOC105187669",32362.5901596846
"LOC105187657",43450.9381411299
"LOC105187648",5982.9750355208
"LOC112590089",3374.98263868594
"LOC105183958",2568.4506015183
"LOC105187663",6461.65915332924
"LOC105187649",8637.61836393669
"LOC105183964",6562.93293353604
"LOC105183976",4651.29953692085
"LOC105187659",1096.90038221022
"LOC105183971",3101.38633237331
"LOC105183977",11668.7377069283
"LOC105187655",2655.59033873059
"LOC105187637",4867.78735457527
"LOC105187660",9203.70834193289
"LOC105183982",5352.52051687562
"LOC105187647",6390.48282542582
"LOC105183974",5721.03308951529
"LOC105183979",6746.586384348
"LOC105187656",1935.80452657944
"LOC105183973",2323.95312453324
"LOC105187652",11820.0157006333
"LOC105187646",4468.02115118633
"LOC105187666",283.39250423759
"LOC105187651",849.054438989089
"LOC105181399",14795.7111554352
"LOC105181397",5775.50546931907
"LOC105185561",707.96283971935
"LOC105185580",643.671641611426
"LOC105185566",7671.324758258
"LOC109504046",7440.18610404498
"LOC105185577",8924.3763460322
"LOC105185582",19615.1049073197
"LOC105185562",9361.64743514258
"LOC105185583",1162.31399532981
"LOC105185571",11485.3798553732
"LOC105185579",8941.94834375028
"LOC105185575",14972.9882273679
"LOC105185568",3412.064745106
"LOC105185565",1384.10638144789
"LOC105185585",7991.87941195346
"LOC105185567",6545.99117442582
"LOC105185564",13069.1461434437
"LOC112590519",523.399253933249
"LOC105185572",3323.09060910747
"LOC105185570",10588.8284375846
"LOC105185573",11678.8674249866
"LOC105186996",8027.06641459372
"LOC105186989",4527.99430461063
"LOC105190854",8959.22985518302
"LOC105190850",2347.31335231483
"LOC105190857",551.263287664851
"LOC105190853",4689.04371387652
"LOC105186992",10599.8570309574
"LOC105186991",7104.09534254546
"LOC105190848",3990.14672434577
"LOC105190852",9519.64990937541
"LOC105186990",7130.19779199265
"LOC105186988",6469.9933310223
"LOC105190849",7380.30311765292
"LOC105187023",998.731870602734
"LOC105190846",11938.9270250008
"LOC112588963",970.694560622866
"LOC112588961",2554.93910050609
"LOC105190843",721.593850118582
"LOC105190842",3201.86642164302
"LOC105190847",13576.7113701919
"LOC105190841",413.662823905033
"LOC105190845",3805.90143546143
"LOC105187024",558.593938367424
"LOC105190840",9477.90802987579
"LOC105192045",913.980161928864
"LOC109504492",1969.74887988773
"LOC105186153",1900.02580800039
"LOC105186097",3493.065061085
"LOC105192033",8241.13001499918
"LOC105186098",5004.6655152115
"LOC105186114",16866.2264716717
"LOC105192036",8007.06207162569
"LOC105186107",5264.92173576107
"LOC105186144",6418.22703955857
"LOC105186103",7288.33558534662
"LOC105189981",4129.17423164278
"LOC105186110",9248.70085062653
"LOC105189984",5756.89777961234
"LOC105186111",5677.08081625468
"LOC105186104",3321.55302632532
"LOC105192024",8223.57187182779
"LOC105186145",4908.11493738589
"LOC105186158",7099.57341735999
"LOC112588535",975.529902499601
"LOC105192053",9772.71385790718
"LOC105186134",3248.00958892096
"LOC105189983",9475.20957016968
"LOC105192037",3588.84980262739
"LOC105186136",4099.92063057176
"LOC105186106",1561.43010102999
"LOC105186096",7216.21577758624
"LOC105186138",2805.11602194837
"LOC105186141",1651.62407977607
"LOC105186100",1207.89668230841
"LOC105192067",1471.77650373657
"LOC105186127",2108.93957693207
"LOC105186102",7451.83929664677
"LOC105192031",5553.98932228205
"LOC105186112",3009.98003218273
"LOC105192035",6147.93004858222
"LOC105192032",7247.56887483507
"LOC105186143",1705.66366776363
"LOC105189980",5213.06617893795
"LOC105192022",1346.16713841069
"LOC105186116",6668.05700615707
"LOC105189979",5268.8606850585
"LOC112588541",4297.97583870883
"LOC105192047",2844.75566481618
"LOC105186099",5503.65932087289
"LOC105186115",5664.84044399835
"LOC105192050",456.462834295677
"LOC105192048",6287.24546027565
"LOC105192064",14284.4837431462
"LOC105192030",5180.27845209869
"LOC105192025",3815.87511692681
"LOC105192052",5130.15027461052
"LOC105186117",9763.32555524407
"LOC105189987",375.521834933708
"LOC105192060",3536.94318711103
"LOC105186126",4810.59090949187
"LOC105192046",5478.39411631638
"LOC105192054",6149.98338692382
"LOC105186135",5000.58657342022
"LOC105192023",1774.62218398459
"LOC105192038",7988.65545416976
"LOC105186109",2551.08886908685
"LOC105192028",2020.80337174861
"LOC105192058",4187.62719717982
"LOC105186154",4032.02324451034
"LOC105186139",78271.6316388628
"LOC105192056",3777.93188940102
"LOC109504099",6630.70801566359
"LOC105186163",453.779250319381
"LOC105192063",6581.81128461477
"LOC105186160",5894.76726463495
"LOC105186119",14198.2814427949
"LOC105189986",5052.04413423197
"LOC105189982",923.986390112865
"LOC105186113",6858.73166202421
"LOC105186133",1648.57869591564
"LOC105186142",920.211051577375
"LOC105192044",12171.8814958295
"LOC105192021",2355.59605805292
"LOC105186162",526.223202959081
"LOC105186148",8627.36711623965
"LOC105192043",5152.08832072874
"LOC105192040",446.598861363213
"LOC105186105",3160.11883772852
"LOC105192034",11194.9077972914
"LOC105186157",10815.381205421
"LOC105192057",9544.23885290231
"LOC105186159",938.925659009616
"LOC105186140",7329.88632112893
"LOC105186150",13869.9151538397
"LOC112588534",1043.53873356509
"LOC105189985",5206.86303370998
"LOC105186131",1704.53666503231
"LOC105192061",12870.8726027679
"LOC105186147",9778.21060516125
"LOC112588536",7813.54485919938
"LOC105187213",5552.04693874482
"LOC105187196",16514.2136511653
"LOC109504212",10100.7004077027
"LOC105187373",7960.22099851122
"LOC105187211",5269.45341572391
"LOC105187420",14257.6341725592
"LOC105187580",14372.8549884604
"LOC105187157",15150.6542120516
"LOC105187181",23818.5739407717
"LOC105187222",8327.17630159972
"LOC105187397",23791.2074437193
"LOC105187216",7085.47196673448
"LOC105187205",1392.24759067857
"LOC105187207",23429.3041586411
"LOC105187203",12654.8027806858
"LOC105187176",7849.06463986372
"LOC112588618",619.716846817087
"LOC105187387",17597.758487068
"LOC105187473",7094.65213869071
"LOC105187188",1653.27535635202
"LOC105187190",19428.4108639559
"LOC105187151",10537.1306598939
"LOC105187204",5040.38949821795
"LOC105187591",12754.7913270255
"LOC112588621",3270.15719810304
"LOC105187186",9365.50991430478
"LOC105187147",7986.8784430993
"LOC105187171",7966.5921478302
"LOC112588622",933.792142662515
"LOC105187168",2397.07366865281
"LOC105187189",2543.3557980472
"LOC105187503",5067.90968171952
"LOC105187606",8890.20846301386
"LOC105187199",10468.6728074584
"LOC105187440",9556.80414448972
"LOC105187161",5663.11462649918
"LOC112588616",2364.28936530781
"LOC105187221",3722.82904445976
"LOC105187193",17523.8395454154
"LOC105187496",1445.5736030079
"LOC109504214",3985.12297377599
"LOC105187206",3316.40626144004
"LOC105187167",10453.8829427854
"LOC105187142",4803.58969662521
"LOC105187154",4741.01226063588
"LOC105187198",8693.13727339531
"LOC105187365",4323.46200953594
"LOC105187183",12900.8699956272
"LOC105187180",13283.6271653088
"LOC105187173",3021.74094650743
"LOC105187159",4888.40036961317
"LOC105187166",7260.81380420463
"LOC105187191",9417.90632660215
"LOC105187197",15833.6986671001
"LOC112588617",482.894432243707
"LOC105187407",413.345415040462
"LOC105187177",3406.81642517789
"LOC105187195",3853.14209440095
"LOC105187146",3346.87660939151
"LOC105187179",17958.9473029401
"LOC105187143",3247.16217230865
"LOC109504213",332.911092832479
"LOC105187224",8318.05179228399
"LOC105187165",7599.74046003244
"LOC105187144",3096.52372815041
"LOC105187182",3145.36663029362
"LOC105187210",4861.76713820758
"LOC105187215",60306.906413178
"LOC105187202",3061.81662280004
"LOC105187164",4471.77446308122
"LOC105187226",5049.88090973255
"LOC105187145",5703.41319146275
"LOC105187219",670.403271662007
"LOC105187153",5580.22210046641
"LOC105187534",7904.31129323716
"LOC105187448",17309.1673489302
"LOC105187175",2275.75396861669
"LOC105187163",6152.34453778973
"LOC105187194",2330.64849887518
"LOC105187174",3168.22916151609
"LOC105187209",11094.0767011722
"LOC112588614",285.153462692892
"LOC105187223",9454.14597236881
"LOC105187201",2410.61808265533
"LOC112588615",576.090862884492
"LOC105187523",3194.26608245253
"LOC105187155",9847.05628456161
"LOC105187225",5964.72010592055
"LOC105187192",10555.6419968426
"LOC105187561",2078.9003666205
"LOC112588619",6141.68617844065
"LOC105187227",7991.92977403734
"LOC105187172",7735.61789378808
"LOC105187214",5389.42882085346
"LOC105187598",4849.13076106103
"LOC105187148",8182.17753975565
"LOC105187156",8782.54149873733
"LOC105186609",10902.481797309
"LOC105180805",8973.22320882154
"LOC112590162",13166.6190608039
"LOC112590161",3603.65128139912
"LOC112590164",7215.78173288822
"LOC105190686",316.042626288359
"LOC105190270",2131.11019238476
"LOC112590160",5724.59828368057
"LOC105183961",493.903868247556
"LOC112590163",1612.18823530302
"LOC112590666",983.720374528535
"LOC105181423",485.081550558481
"LOC112590661",347.641681267618
"LOC112590673",4506.46828641856
"LOC112590675",3985.7327539929
"LOC112590667",298.555065281129
"LOC105181424",21033.4724408773
"LOC105190035",4656.46957682751
"LOC105190460",2092.66189550356
"LOC112589125",3110.3205051351
"LOC105186715",6502.6900155305
"LOC105186720",7841.28405264684
"LOC105186564",8697.47989718423
"LOC105186557",7340.254350277
"LOC105186544",21080.6212592157
"LOC105186818",7448.74099117272
"LOC105186551",6129.67075735425
"LOC105186553",12936.8708455427
"LOC105186571",1662.5459501563
"LOC105186719",8308.25919077863
"LOC112589128",620.995386737736
"LOC105186709",24887.7973750606
"LOC105183188",7429.92381378991
"LOC105186717",7235.37966482169
"LOC105183189",8334.83591968018
"LOC105186712",3952.36607379322
"LOC105186545",20282.0621478934
"LOC105186550",575.824108997595
"LOC105186814",5990.33783223787
"LOC112589137",10900.0547208939
"LOC105186816",56872.3809952536
"LOC105186554",12239.777166103
"LOC105186559",3067.33910749514
"LOC105186708",11509.9913144395
"LOC105186724",2729.4770769006
"LOC112589127",917.999781791653
"LOC105186549",6543.143779912
"LOC105186706",14658.2013677347
"LOC105186563",6317.78245729473
"LOC105186725",11116.9000085474
"LOC105186817",3780.31874170627
"LOC105186555",4396.69323696629
"LOC105186714",10688.8012067076
"LOC105186735",1111.43515333688
"LOC105186723",3854.75355677385
"LOC112589124",2616.36474201448
"LOC105186812",12694.325763985
"LOC105186547",12211.9976706139
"LOC105186548",6375.44105885547
"LOC105186565",1031.15353653702
"LOC105186718",6629.22490764853
"LOC105186736",1870.57060496155
"LOC105186567",10745.2076605931
"LOC105186546",651.788930306337
"LOC105186561",10581.5899121975
"LOC105186556",5050.01910860871
"LOC105186566",12832.5686838284
"LOC105186716",11847.235947056
"LOC105186713",16873.7991906741
"LOC105186707",2138.99291468183
"LOC105186560",3599.24268713736
"LOC105186813",1889.31641792796
"LOC105186811",149603.541016085
"LOC105186710",2608.8058344868
"LOC105186558",12255.6534888052
"LOC112589134",731.280392754206
"LOC105186819",3733.74789733535
"LOC112589123",433.569434800794
"LOC112589136",3994.38598512591
"LOC105188031",3000.78965183484
"LOC105188030",5742.60617421936
"LOC105188035",19697.8760927067
"LOC105188026",21308.8407085782
"LOC105188025",3263.61013966224
"LOC105188028",5814.27384360496
"LOC112588946",280.576056748279
"LOC105188029",5105.20044782038
"LOC105188027",8500.90331150083
"LOC105184655",13684.067876427
"LOC105184690",5384.97203083042
"LOC105184651",6534.90906908035
"LOC105184702",14924.3627770589
"LOC105184692",9063.93073987582
"LOC105184657",1352.06015925676
"LOC105184676",8591.29351984254
"LOC105184637",4376.19989249313
"LOC105184671",8570.76324751404
"LOC105184653",12387.1186025205
"LOC105184682",3804.49795849193
"LOC105184663",3558.54059699154
"LOC105184654",7759.86783554889
"LOC105184698",872.073140109025
"LOC105184656",7814.90621345726
"LOC105184648",11079.9249757252
"LOC105184669",1105.37995867124
"LOC105184677",5445.44553675492
"LOC105184636",1416.17924033947
"LOC105184674",9463.33614605389
"LOC105184686",6160.93416008096
"LOC105184701",1005.89974001669
"LOC105184652",11764.9305393226
"LOC105184650",2853.01583338133
"LOC105184661",3256.29300820966
"LOC105184670",4641.75487762007
"LOC105184664",8215.04621319662
"LOC105184644",10838.0439956538
"LOC105184643",2855.92616735703
"LOC105184662",14413.1985542394
"LOC105184647",8471.69434572937
"LOC105184672",3220.71551335763
"LOC105184681",6330.23947783409
"LOC105184638",13830.8126810617
"LOC105184666",10923.448331973
"LOC105184679",12162.1751332325
"LOC105184680",2284.56422099308
"LOC105184685",15714.7285139535
"LOC105184687",2809.98056327176
"LOC105184683",4125.43689785877
"LOC105184660",6676.27415070356
"LOC105184646",12550.4618472681
"LOC105184641",2140.89917076421
"LOC112589382",1255.82556583536
"LOC105184649",6299.2360951726
"LOC105184694",1499.80323910575
"LOC105184684",9685.04557270501
"LOC105184668",1361.28885418945
"LOC112588031",3069.37566422695
"LOC105187016",394.49627375919
"LOC112588111",368.393167375912
"LOC105187008",3386.87883266524
"LOC105187026",15951.2448324285
"LOC105190366",11075.429121296
"LOC105186679",373.878355575778
"LOC105192155",10587.022207564
"LOC105187010",3904.19249104539
"LOC112588110",252.51200336982
"LOC105187011",1337.3749903442
"LOC105187017",16770.8592538231
"LOC105187019",2991.84615988607
"LOC105187000",10073.7682418097
"LOC105182775",4310.37648929553
"LOC105190364",2774.6361656999
"LOC105186999",13534.2187028182
"LOC105187004",901.327028202781
"LOC105187021",17922.1004193344
"LOC105187007",10485.1027636211
"LOC112588113",1855.27183667492
"LOC105187001",21742.2569106269
"LOC105184610",744.921466831145
"LOC105190365",2316.58383144472
"LOC105182774",4787.13518346316
"LOC105182773",6121.30413612917
"LOC105186998",4857.35448880571
"LOC105191388",594.778140678775
"LOC105187015",4339.88094612099
"LOC105189341",3262.60876702083
"LOC105187014",5810.70384148529
"LOC112588115",270.547663628929
"LOC105187006",4506.88254470827
"LOC105187009",2113.50803657869
"LOC105187018",3208.09535209998
"LOC105192158",11889.5065623342
"LOC105190363",1180.25482191777
"LOC105190368",3673.63819182031
"LOC105187020",620.6509271826
"LOC109504192",1262.13678209132
"LOC112588358",451.214708682845
"LOC105187101",8249.96595121034
"LOC105182923",1105.46026529782
"LOC105181409",4711.50755709608
"LOC105181403",445.239571343507
"LOC109503811",2051.78623713051
"LOC105190942",15743.5223835015
"LOC112588359",261.113254040434
"LOC105182924",3942.60004135861
"LOC105181410",13578.7585342107
"LOC105185863",1993.46835176206
"LOC105187971",2264.79467419041
"LOC105185850",6727.7258468046
"LOC105188003",3063.5720511831
"LOC105188074",11643.7333345518
"LOC105188068",454.416388744165
"LOC105185848",6348.85946190187
"LOC105185844",12370.8129249693
"LOC105185861",15266.4081734163
"LOC105188060",4812.98485128612
"LOC105188140",4622.94873065118
"LOC112589521",3894.19106708889
"LOC105187943",9143.93986832863
"LOC105188053",2677.02219354596
"LOC105188160",3437.76872203178
"LOC105185866",11344.7924219431
"LOC105185851",3216.01682943404
"LOC105185840",3417.74280841219
"LOC105185842",4695.98817554264
"LOC105187979",2066.88682598556
"LOC105185858",2540.38347054198
"LOC105185845",6487.21707543568
"LOC105185857",3823.94496312058
"LOC105185862",5984.27311366569
"LOC105185865",4843.04801873663
"LOC105185852",4599.6033215726
"LOC105188084",888.805102019971
"LOC105187964",2408.8372667251
"LOC105185854",452.694477561933
"LOC105185843",21311.0426825921
"LOC105185867",9489.85006336111
"LOC105185841",13901.0264183868
"LOC109504077",1328.64685981255
"LOC105185847",1486.0065395837
"LOC105185860",1471.21547283376
"LOC105185853",7056.34433146652
"LOC105185846",7833.01802540075
"LOC105190196",11902.5306456035
"LOC105190044",11284.198689993
"LOC105190373",8703.4789473033
"LOC105190190",1626.293193519
"LOC105190145",4635.22369503863
"LOC105190236",1109.33200383127
"LOC105190162",10656.0204388853
"LOC105190127",7196.28987861118
"LOC105190135",18639.316252574
"LOC105190388",284.898758945646
"LOC105190153",1032.87266693857
"LOC105190287",12323.6987741601
"LOC105190121",780.308828822652
"LOC105190275",3123.47664483642
"LOC105190176",3418.9083614572
"LOC105190251",1957.69568817619
"LOC105190212",531.902975643233
"LOC105190302",14993.5431198449
"LOC105190346",2760.29924058046
"LOC105190394",494.696269023869
"LOC109504506",552.455875383622
"LOC105191581",3381.46128539682
"LOC105191606",2698.45756167145
"LOC112588612",1827.88496777646
"LOC105191583",12683.4405884324
"LOC105191589",1396.89181533425
"LOC105191573",470.180271097131
"LOC112588613",1867.31246150717
"LOC105191582",1478.75301150239
"LOC105191570",5775.37145791985
"LOC105191579",5972.4404544695
"LOC105191595",3204.25430561081
"LOC105191572",26255.453393566
"LOC105191602",9582.69582184398
"LOC105191613",789.970306063281
"LOC105191576",891.560900527518
"LOC105191591",2023.24970348343
"LOC105191603",6949.53270977814
"LOC105191571",1838.34676925602
"LOC105191612",1730.99280538453
"LOC105191599",4468.83877570082
"LOC105191607",6359.59821804194
"LOC105191569",694.4106432212
"LOC105191600",10162.069584569
"LOC105191574",10202.5328954659
"LOC105191590",8387.46068289755
"LOC105191578",5743.62034096039
"LOC105191587",12814.822162236
"LOC105191585",1971.7176327741
"LOC105191584",3219.08235132772
"LOC105191586",9306.1540695403
"LOC105191601",586.059511260005
"LOC105191575",6579.31768187199
"LOC105191598",12154.7454288803
"LOC105189097",1052.18485748529
"LOC105189105",8857.42723227249
"LOC105189096",5073.8012327925
"LOC105189081",6832.1526134193
"LOC105189091",5313.19086861143
"LOC105189089",4725.79955789158
"LOC105189102",16984.5802872068
"LOC105189078",2324.27502248298
"LOC105189088",7493.0035840452
"LOC105189095",1118.36984151173
"LOC105189080",7092.20261770421
"LOC105189093",2607.51792793199
"LOC105189077",1317.84476960172
"LOC105189074",3745.20958875511
"LOC105189112",9055.25381628577
"LOC105189098",859.189114842569
"LOC105189103",5498.94210499942
"LOC105189119",5026.91666254055
"LOC105189100",1928.48148567563
"LOC105189082",2105.64869421257
"LOC105189090",4681.27309999397
"LOC105189084",10208.9773616793
"LOC105189108",259.424816459293
"LOC112590361",1216.16028802195
"LOC105189083",12250.7085420591
"LOC112590360",1692.53904048347
"LOC109504398",1584.40679613704
"LOC112590362",958.248680020036
"LOC105189094",4086.25938889145
"LOC105189104",12833.9776034446
"LOC105189076",5429.18935713077
"LOC105189085",4113.32912114055
"LOC105189079",10547.4296015771
"LOC112590359",2937.32019605391
"LOC112590356",987.622444709685
"LOC105189086",3476.08202118067
"LOC105189073",2752.76195575863
"LOC112588800",1378.27682925468
"LOC112588071",1951.30578824988
"LOC105186169",10349.4181115735
"LOC112588797",4837.50187735116
"LOC105189479",6826.41239917483
"LOC105189485",5755.7189282664
"LOC112588796",2910.90958777237
"LOC105186168",13430.1604141693
"LOC112588798",413.587361508693
"LOC105185970",10877.2451532145
"LOC112588791",1312.35060835336
"LOC112588793",8685.979187582
"LOC105181928",8230.53020503203
"LOC105187116",8955.07816187954
"LOC112588807",2731.04085492009
"LOC109504088",540.877564258349
"LOC105185878",15598.5012311618
"LOC105190342",2935.47549505131
"LOC112588792",8857.22116733917
"LOC105187117",8016.57356137134
"LOC105190344",2022.09465091894
"LOC112588802",919.570359723352
"LOC105187690",9272.34892234651
"LOC105187632",4682.54574613926
"LOC112588799",2245.02998623111
"LOC105184984",14109.2312637656
"LOC105188321",6713.76532642077
"LOC105184996",8007.97175624091
"LOC105190345",9993.84227904988
"LOC105188322",5147.69608215785
"LOC105185951",1914.67653211899
"LOC105185934",3211.78407647065
"LOC105185935",9456.91547248259
"LOC105185950",3355.13315640808
"LOC112590099",8566.43031769722
"LOC105185925",11069.0768602173
"LOC105185926",4906.70974056015
"LOC105185940",1801.05605486946
"LOC105185953",1212.60497649042
"LOC105185943",13512.0809609085
"LOC105185930",5321.33202823603
"LOC105185927",5711.78082679061
"LOC105185949",2893.67876789664
"LOC105185945",4831.49017436514
"LOC105185928",4511.89113674179
"LOC105185947",510.204532891158
"LOC105185931",4554.60733711836
"LOC105185937",5437.03438391767
"LOC105185944",11829.8472870871
"LOC105185939",110708.882687539
"LOC105185929",2675.71086128513
"LOC105185922",5930.54349172768
"LOC105185933",5502.81038140453
"LOC105185946",657.939604462088
"LOC105185938",16278.3788445882
"LOC105185924",8595.86593186434
"LOC105188644",7489.40099737018
"LOC105188664",10976.9870748833
"LOC105188640",3293.17874900789
"LOC105188642",3608.99355312085
"LOC105188663",3896.87802916839
"LOC105188643",3668.35831807859
"LOC105188658",678.764997064594
"LOC105188657",3576.72451578946
"LOC105188655",484.637182556394
"LOC112589347",329.824857519834
"LOC109504350",674.348383039992
"LOC105188649",9968.46486715316
"LOC105188645",11981.8279328629
"LOC105189158",4335.78494957028
"LOC105188652",5238.4532331442
"LOC105188650",870.711602902216
"LOC109504349",1208.15312795535
"LOC105191676",5923.34370549766
"LOC105191682",2137.70906893916
"LOC105191695",568.733042672217
"LOC105191685",6849.47519968457
"LOC105191690",2385.87247225938
"LOC112590450",4169.0601868619
"LOC105191678",10271.6012094897
"LOC105191681",25410.0725585717
"LOC105191688",1189.79885307246
"LOC105191691",7371.27787902416
"LOC105191693",6404.40396908501
"LOC105191689",15684.0779482563
"LOC105191677",1017.69713014776
"LOC105191694",3970.95879602699
"LOC105191696",6144.62659826908
"LOC105191684",5514.77044373365
"LOC105191692",8744.78149973687
"LOC112589415",2195.10703853915
"LOC105191954",122273.657906777
"LOC105191972",12022.6979242769
"LOC112588341",6892.26967470225
"LOC105191375",11969.5195069642
"LOC105191963",4715.68466599582
"LOC105191978",851.58923009117
"LOC105191979",3809.55922011356
"LOC105191381",7227.69742017552
"LOC112588339",66392.8292797079
"LOC105191971",350.80453505341
"LOC105191957",7201.35116799332
"LOC105191952",6607.44642848206
"LOC105191958",14403.1968280367
"LOC105185638",4484.851311484
"LOC112588340",9738.16159101598
"LOC105191974",8736.49170518556
"LOC105191969",7167.97954742907
"LOC105191965",13618.6663234108
"LOC105191379",1125.85740392662
"LOC105191970",8501.27854576349
"LOC105191376",5652.29502660683
"LOC105191953",6331.73787473646
"LOC105191377",2580.73818604958
"LOC105191976",11334.1178790584
"LOC105191962",545.49294554177
"LOC105191982",8146.77897516648
"LOC105191968",11033.4496462317
"LOC105191961",3632.38861201055
"LOC105191955",6756.67812664633
"LOC112588344",489.245820008417
"LOC105191382",11468.2634336364
"LOC105191378",10121.7072227613
"LOC112588342",560.489187485926
"LOC105185083",736.596436190919
"LOC112590229",532.680644988043
"LOC105183608",9478.59303554674
"LOC105183613",8409.99519927269
"LOC105183616",1554.94599548086
"LOC105185073",325.971586734337
"LOC105185281",6252.2980328002
"LOC105183618",2055.04448389439
"LOC105183625",9423.50840602291
"LOC105185188",9767.17546729403
"LOC112590230",355.216096863807
"LOC105185222",7030.23885737699
"LOC105186040",4236.71394746902
"LOC105183615",643.172108519841
"LOC105185141",950.019528338411
"LOC105183622",2250.90608922482
"LOC105185352",339.230513084273
"LOC105185443",32359.5857128021
"LOC105185288",1256.42660810443
"LOC105185265",2750.86624281699
"LOC105185208",7818.44898890079
"LOC105185170",6231.93013996386
"LOC105185107",15744.1441556355
"LOC105185230",3932.20199894014
"LOC105185027",3949.64809573125
"LOC105185045",3234.70901288761
"LOC105183624",772.879266421941
"LOC105183617",2136.63245665439
"LOC105185343",2030.24513612544
"LOC105183607",5353.8055404328
"LOC105185197",1189.78889088056
"LOC109504019",3687.22994462944
"LOC105185176",4227.13892998725
"LOC105185022",282.913788494421
"LOC105186041",10993.3151959504
"LOC105185135",4382.02339981315
"LOC105185100",3010.43896309802
"LOC109503909",471.392632590437
"LOC105186039",1909.12174021872
"LOC105183621",15929.0847478553
"LOC112590234",1573.3919870874
"LOC105185149",3242.1328660383
"LOC105183612",1417.17692046063
"LOC105183609",3400.58644282893
"LOC112590235",1897.30165725231
"LOC105185444",5224.99837419918
"LOC112590231",29117.3788768155
"LOC105186042",15038.9899359021
"LOC105185258",5339.88386588128
"LOC105185442",379.343374465288
"LOC105185066",1761.91201093961
"LOC105185245",17341.7462887211
"LOC105183614",4600.15826866241
"LOC105185441",4606.36104451201
"LOC105185314",6437.49864698839
"LOC105183619",8504.52716629359
"LOC105185326",3032.52323934644
"LOC105183610",5094.93310938201
"LOC105185445",4414.04108565005
"LOC105183606",8463.57311986591
"LOC105191819",822.190574868095
"LOC105186516",12659.4611000855
"LOC112590706",2170.15406022701
"LOC105186517",9236.56528474796
"LOC105190706",16816.4848049866
"LOC105180877",7520.93740783096
"LOC105187935",3066.79846185432
"LOC105190061",8903.76710169739
"LOC105180937",7216.34488985424
"LOC105180936",18702.3770665523
"LOC105187931",16290.5342272712
"LOC105184015",13661.7882560728
"LOC105184011",7607.39270188757
"LOC112590135",712.089237063521
"LOC105184019",12430.6569796768
"LOC105184018",14358.0264353489
"LOC105184023",10816.4952424885
"LOC105184024",5389.05669386904
"LOC112590133",410.841859182619
"LOC105184016",3860.47594442672
"LOC105180874",12710.0334292251
"LOC112590129",870.653529548014
"LOC105184025",703.121717751826
"LOC105184020",11950.0467926757
"LOC105184006",7023.8561732115
"LOC109503938",2648.05679782756
"LOC105184004",2959.27437704553
"LOC105180878",10351.7006363641
"LOC105184028",7997.40337919978
"LOC105184029",6523.54533308832
"LOC105187932",4057.78862422346
"LOC105184027",12071.0072437568
"LOC112590130",5125.19137493294
"LOC105184014",2487.35159821803
"LOC112590132",493.397077739099
"LOC105187934",5752.15026456162
"LOC105184008",6663.43172235254
"LOC105180873",5957.03179984383
"LOC105184005",4997.28014818783
"LOC105190062",459.803726994439
"LOC105184009",18393.962216785
"LOC105180876",6585.73133288654
"LOC105184010",3312.543069935
"LOC105184022",8596.82470106075
"LOC112590131",729.790428003804
"LOC105184013",8272.3095833236
"LOC105184441",1304.76110997681
"LOC105184444",13797.525963536
"LOC105189409",87301.4663297373
"LOC105184455",446.64356497661
"LOC105184447",4509.46362988957
"LOC105184456",7491.00249321881
"LOC105189411",8344.65203970304
"LOC105184437",23895.3911397862
"LOC105189420",304.796863001977
"LOC105184440",9261.77018474208
"LOC105189416",13446.011659892
"LOC105184438",5767.03847538514
"LOC105189417",4309.05733196577
"LOC105184442",844.987862629185
"LOC105184458",308.447208775796
"LOC105189418",1936.3070458826
"LOC105184449",6519.82380324684
"LOC105189408",9279.68696265444
"LOC105184459",12027.8810351024
"LOC105189415",6469.34764409439
"LOC105184433",14833.6701208834
"LOC105189404",7545.3291641838
"LOC105184450",88545.2394475765
"LOC105189405",7787.19824844108
"LOC105184443",8963.82776713124
"LOC105184446",20245.864509683
"LOC105184432",1685.07093411922
"LOC112589660",1528.09280577921
"LOC105189412",10038.1084765093
"LOC105189403",209422.960878879
"LOC105184445",18177.5718015652
"LOC105189410",12463.0181584704
"LOC105184454",7743.96089998134
"LOC105184436",11011.2464402719
"LOC105184451",2586.63685054792
"LOC105189419",3028.87132284786
"LOC105184452",3629.46777535556
"LOC105184741",9034.71832812162
"LOC105184745",2378.46392193531
"LOC105184707",11151.3788722665
"LOC105184740",2830.0676526936
"LOC105184739",3869.59572180288
"LOC105184736",14019.4105123054
"LOC105184709",6872.218895502
"LOC105184732",9701.66756967369
"LOC105184772",8524.77564686089
"LOC105184731",8612.36362441697
"LOC105184771",944.691358694454
"LOC105184744",4712.75062635942
"LOC105184727",4628.52775017547
"LOC105184714",12582.7473411762
"LOC105184717",1713.62053117478
"LOC105184733",14434.245670722
"LOC105184710",20248.1494557633
"LOC105184708",6962.52356218614
"LOC105184738",5121.64967119051
"LOC105184730",3969.9086022688
"LOC105184706",8458.06105161615
"LOC105184735",8271.97476269343
"LOC105184743",1476.89933527173
"LOC105184742",5507.93891391193
"LOC105184769",12754.3630107233
"LOC105184725",39243.5242134083
"LOC105184720",8726.91894285623
"LOC105184728",7473.03352828719
"LOC105184711",1836.55724231116
"LOC112588526",2075.23271470502
"LOC105184747",12593.7513543665
"LOC105184705",11256.0724836748
"LOC105184721",309.882226412883
"LOC105184713",4139.03661779625
"LOC105184704",7892.66729580754
"LOC105184734",2019.61969553099
"LOC105184726",2310.0633291735
"LOC105184737",17223.0701053325
"LOC105184712",7385.44783590814
"LOC112589892",729.33637242242
"LOC112589895",335.298755364216
"LOC112589894",1105.55296404479
"LOC105180738",9549.54101839819
"LOC105191859",6796.47516519705
"LOC105191837",327.902800956368
"LOC105191843",2874.88442330119
"LOC105180735",23984.029802274
"LOC105180722",501.655941381794
"LOC105180725",1539.13349141148
"LOC105180742",6566.68847042428
"LOC105191829",301.618459098613
"LOC105180731",2638.25368518837
"LOC105191849",926.039277393209
"LOC105180746",8875.84589353625
"LOC105191216",21233.5478337818
"LOC105180730",6725.21252786389
"LOC105191825",4928.20489204041
"LOC109503578",6975.97561730225
"LOC105191848",654.076979820676
"LOC105180733",19250.5928394093
"LOC105191840",11205.8896951443
"LOC105191218",9091.18686372452
"LOC105186573",10330.1853995892
"LOC105190709",3532.61016766755
"LOC105191832",3324.00894429965
"LOC105190710",2461.16941967321
"LOC105180745",4562.37675083426
"LOC105191852",1479.89730511598
"LOC105191830",5461.07832596427
"LOC105181565",616.606314220611
"LOC105180724",313.511029106205
"LOC105191847",11848.2799437567
"LOC105186576",8890.51728246834
"LOC105180726",3732.67919341268
"LOC105180741",5194.43078435664
"LOC105180747",8417.87563467776
"LOC105191844",17559.7140649391
"LOC105191828",12004.326282306
"LOC105191822",9470.27171239164
"LOC105180736",1697.46715075521
"LOC105180727",7132.84989179945
"LOC105190712",4048.27122414916
"LOC105191826",3551.98154334264
"LOC105180723",8472.54120666673
"LOC105186575",18930.5989317104
"LOC105191827",8100.35418504522
"LOC105191841",12859.0710976934
"LOC105180729",6038.28121544095
"LOC105191846",5259.28728830359
"LOC105180740",2837.55818692817
"Fut8",11747.5737974196
"LOC105191823",405.347090250559
"LOC105180728",1684.85030918894
"LOC105180739",304.490892377721
"LOC105191824",7396.39171903859
"LOC105191850",3675.64490986854
"LOC105180737",14338.1372293433
"LOC105191043",40345.7929526783
"LOC105183988",5299.14276511553
"LOC105181107",481.214306622771
"LOC105183991",3261.91520255578
"LOC112589597",733.937486199698
"LOC105181112",9234.10210991096
"LOC105190349",458.270909734547
"LOC105191042",12435.6960058629
"LOC105190348",4778.97525273941
"LOC105183554",1332.04706694311
"LOC105189481",6022.41160638382
"LOC105183552",1631.03490523463
"LOC105183576",3795.00137785493
"LOC105183577",5888.55323343963
"LOC105183568",13281.127181992
"LOC105183560",37410.642610642
"LOC105183558",1447.90954593825
"LOC105183575",6446.24578584894
"LOC105189494",8550.76422156352
"LOC105183550",10988.4893824263
"LOC105189684",813.951418215755
"LOC105189430",6703.20428156834
"LOC105183587",10150.397415023
"LOC105189466",439.635270761761
"LOC105189452",2448.99109695788
"LOC105189512",3672.41485895154
"LOC105183571",2176.56495010225
"LOC105183561",867.437808989154
"LOC105183578",4403.18602187331
"LOC112589848",350.737461930481
"LOC105183567",6703.02427098723
"LOC105183559",1625.30613940823
"LOC105183564",4347.9217455083
"LOC105183557",6058.14417714349
"LOC105183569",13566.8708857917
"LOC105183584",2179.66299919083
"LOC105189702",5697.80090000175
"LOC105189505",4985.80876850223
"LOC109503610",2547.50752818074
"LOC105183562",3440.15035348481
"LOC105189533",14850.2479870722
"LOC105183585",2002.78384300638
"LOC105189438",5795.92316400373
"LOC105183556",270.400216650583
"LOC105189443",6370.50717681974
"LOC105189551",857.534002500058
"LOC109503905",3602.83758082438
"LOC105183565",705.853032729467
"LOC105183563",2889.71182316545
"LOC105183580",4906.05287827261
"LOC105183566",4147.52667137833
"LOC105183574",2493.11694504926
"LOC105189566",26225.4362422136
"LOC105189473",2647.06096452134
"LOC105189610",2049.47538912942
"LOC105189592",2591.71356890372
"LOC105183553",3239.93243092061
"LOC105183573",2216.86226929907
"LOC105183551",10961.1010903332
"LOC105181568",8410.37275701972
"LOC105180934",3342.8375026128
"LOC112588522",1198.15353586441
"LOC112588524",1568.30261442201
"LOC105181564",13392.9310378991
"LOC105181574",13509.2115069105
"LOC112588063",1561.52701218164
"LOC105181566",1665.87267612829
"LOC105181570",8713.45040219501
"LOC105187081",2965.96293655222
"LOC105181573",287.438244320083
"LOC105181576",644.193062789338
"LOC105187228",8783.74693498937
"LOC105180935",239.234988571492
"LOC105181572",19364.4297845875
"LOC105187158",4579.92371378313
"LOC105181569",14264.2581358313
"LOC105181571",9202.44574784367
"LOC105187262",4396.91681389923
"LOC105187269",6460.09888214627
"LOC105182534",3278.03575151687
"LOC105187273",15026.6372168127
"LOC105187255",2027.45544790083
"LOC105187285",15947.1423288067
"LOC105187281",5954.2400477966
"LOC105187268",853.947451562007
"LOC105187267",7825.45874226487
"LOC112589838",1929.70076203956
"LOC105187263",466.422061514962
"LOC105187276",3409.38873839398
"LOC105187251",7245.43643369015
"LOC105187256",2868.32209680459
"LOC112589837",1291.47459133132
"LOC105187247",9307.6371952849
"LOC105187283",2918.36148735181
"LOC105187240",10042.0917972316
"LOC105187260",8468.35745223355
"LOC112589836",4197.84106415991
"LOC105187248",6788.03271636702
"LOC105187284",10419.8971604774
"LOC112589835",367.914694510901
"LOC105187258",2857.37369251042
"LOC105187238",5872.83353363456
"LOC105187233",18489.7922679462
"LOC105187253",11861.2349062435
"LOC105187254",919.799832266838
"LOC105182538",12019.2086428006
"LOC105187234",11753.7274145137
"LOC105187246",1190.77288839267
"LOC105187287",7716.57991709126
"LOC105182552",10376.046552527
"LOC105187259",16440.6776146889
"LOC105187239",8161.50052060064
"LOC105182595",5332.04170191604
"LOC105191891",3147.37710551818
"LOC109504219",476.64229272559
"LOC105187249",2568.35229401562
"LOC105187252",6752.95336444493
"LOC105182601",13179.0760797519
"LOC105182558",1962.47551270971
"LOC105187261",14486.5102794496
"LOC105187274",11133.5950836605
"LOC105187236",4416.13265773418
"LOC105187241",7767.54188641026
"LOC105187271",10202.7712261082
"LOC105187272",2924.57454091405
"LOC105187235",13758.8710085815
"LOC105187244",7604.60007712196
"LOC105182582",7615.49705117403
"LOC105187266",13410.6747202295
"LOC105187279",2913.6384298653
"LOC105190282",1460.5046598542
"LOC105190279",8345.39025255177
"LOC105182480",5400.70377579139
"LOC105190277",2413.95297370434
"LOC105190274",6257.05972416251
"LOC105190289",8004.75056224538
"LOC105182483",83134.7669579357
"LOC105182487",11314.6432619828
"LOC105182479",5137.37094415144
"LOC105182478",10499.4769171543
"LOC105190278",3720.55509897063
"LOC105190290",4614.59992332643
"LOC105182489",1041.67283991882
"LOC105190285",3831.6228870405
"LOC105190271",5414.47084510838
"LOC105182484",4536.0308158785
"LOC105190281",12666.7001229539
"LOC105182488",500.365360850897
"LOC105182481",10441.2546348094
"LOC105182486",13461.8265467613
"LOC105190280",4534.85687343088
"LOC105190272",5263.05850463239
"LOC105191100",728.615689553553
"LOC105191122",4899.810099111
"LOC105191119",9181.89661069502
"LOC105191108",7408.96242480587
"LOC105191136",3112.44191923122
"LOC105191088",11474.9971757653
"LOC105191116",3410.56731107264
"LOC105191156",6535.55138558543
"LOC105191142",2190.43455769167
"LOC105191126",12658.4966796747
"LOC105191087",5248.40585979757
"LOC105191146",3540.36837388629
"LOC105191085",1413.82774131274
"LOC105191135",10942.8200781634
"LOC105191153",3755.60718508241
"LOC105191082",8807.31499438998
"LOC105191127",9699.42135425142
"LOC105191121",5714.13933873457
"LOC105191154",5113.75025987821
"LOC105191132",2020.24149376914
"LOC105191160",7387.199554987
"LOC105191106",7229.87827071055
"LOC105191115",1199.81056324123
"LOC105191091",2026.7474159173
"LOC112589507",1884.11298132454
"LOC105191155",6342.7770771256
"LOC105191102",5204.97584737378
"LOC105191114",8005.65480681021
"LOC105191130",4720.1580992409
"LOC105191124",861.000513562524
"LOC105191148",7650.28522974943
"LOC105191165",5304.78457793211
"LOC105191101",5820.90373561678
"LOC105191112",20454.7498273652
"LOC105191083",12711.6530459294
"LOC109504605",11794.7039449845
"LOC105191138",8691.56132604484
"LOC105191086",5348.32720635983
"LOC105191145",3898.40001896349
"LOC105191084",16096.8067322838
"LOC105191170",5347.00777098459
"LOC105191095",588.721675576591
"LOC105191144",6037.02544415163
"LOC105191094",7821.63784622193
"LOC105191129",521.721028179386
"LOC105191140",889.663000237414
"LOC105191149",5160.68307700228
"LOC105191133",2761.41385885714
"LOC105191093",3896.09306585546
"LOC105191098",2818.04564359282
"LOC105191109",4071.04992492748
"LOC105191150",5174.01998450192
"LOC105191113",10028.8015234994
"LOC105191092",9324.86530313361
"LOC105191159",995.221700444706
"LOC105191104",7043.98589956395
"LOC112589511",1716.9591673665
"LOC105191090",8298.69972811441
"LOC105191123",4598.02044607475
"LOC105191131",4929.5686434271
"LOC105191143",15856.7664585062
"LOC105191152",417.949425861675
"LOC105191167",257.332666875596
"LOC105191139",5042.1906559255
"LOC109504601",1263.37549976167
"LOC105191080",756.038620137393
"LOC105191168",1790.26565741728
"LOC105191158",6363.84559415284
"LOC105191111",5455.14596898553
"LOC105191096",2416.94093796316
"LOC112588978",1330.47659503384
"LOC112588994",709.34978626393
"LOC105189629",12059.2642036284
"LOC112588959",414.383798149804
"LOC105188871",570.771825541954
"LOC105189628",433.898103531085
"LOC105181465",6819.40226493552
"LOC109504491",1430.67005688382
"LOC105181466",16783.4317017996
"LOC105181872",5872.63758833822
"LOC105180643",4955.47716200929
"LOC105181042",3038.44647905051
"LOC105183075",5809.70302226986
"LOC105183788",4161.23490900752
"LOC105180712",4909.57149512906
"LOC105192295",4212.29548434543
"LOC105192685",8480.45198311132
"LOC105187333",6844.36437871063
"LOC105191959",10381.4260126036
"LOC105181640",469.151600085509
"LOC105186123",6058.87794872982
"LOC105188802",675.13993640733
"LOC105181350",590.64927638327
"LOC105191396",3960.70747951666
"LOC105181149",5147.98801585918
"LOC105181702",2473.10521399596
"LOC105192370",9779.66885346521
"LOC109504194",1973.02278976649
"LOC105187028",1194.73038337664
"LOC105191821",430.301933154705
"LOC112588573",434.552960403976
"LOC112588562",2366.89011176201
"LOC112588565",3500.51792917411
"LOC112588564",572.07218229422
"LOC112588558",6127.63925586001
"LOC105187027",1097.66213683998
"LOC109504223",440.573300398262
"LOC112588568",6516.18355674755
"LOC112588563",376.892096135639
"LOC112588559",2043.27847303784
"LOC112588557",1043.24049414583
"LOC105187625",4505.83410276124
"LOC112588569",651.24559086396
"LOC112588561",5658.00231535847
"LOC105187295",34795.8276597995
"LOC105191174",4333.48655386084
"LOC112590009",2685.47282546826
"LOC112590007",2070.73520357208
"LOC105191177",5273.87100086026
"LOC105191178",1187.8155060314
"LOC105190305",13476.7547732236
"LOC105186433",412.384255131964
"LOC105191176",5561.21342541581
"LOC105191173",4585.45264336235
"LOC105190306",6891.82487118302
"LOC105191172",1174.09778643304
"LOC105190304",3029.52090378579
"LOC105189382",3491.36056488528
"LOC105189390",22213.4385772359
"LOC105189214",8752.85487248962
"LOC105189357",8988.97740329189
"LOC105189343",421.340985754558
"LOC105189371",6624.55115242209
"LOC105189350",6260.62736134234
"LOC105189406",5879.1380843951
"LOC105189413",2983.42663046518
"LOC109504429",1127.45921780121
"LOC105189402",8249.43102960271
"LOC105189189",5263.26099442825
"LOC105189248",11438.8667916917
"LOC105189180",418.714392822861
"LOC105189154",8887.64887068385
"LOC105189163",4937.77296327004
"LOC105189290",307.001236868314
"LOC105189198",7469.13757441818
"LOC105189307",1662.13333495011
"LOC105181172",2086.04117136653
"LOC105181173",6254.16955057643
"LOC105187875",345.430104793727
"LOC105181174",7016.1422503694
"LOC112588711",298.939566048549
"LOC105191262",535.533589047272
"LOC112588715",9806.74374124927
"LOC105181433",4221.68747612669
"LOC112588712",1896.77597544395
"LOC105191264",4436.52056997156
"LOC105184517",3558.12482719305
"LOC112588707",701.45929471464
"LOC105181177",3456.38010082803
"LOC105181180",656.476130444121
"LOC105191259",648.786089202758
"LOC105181170",2278.85221313969
"LOC105187141",341.414543853871
"LOC112588716",5333.65181389972
"LOC105191260",2347.24527870042
"LOC105181168",3231.46354397639
"LOC105181167",2639.43164844698
"LOC105181182",4944.70263003693
"LOC105181175",1226.47094671425
"LOC105184518",1275.23555061315
"LOC105181165",3365.08491796922
"LOC105181181",834.294769286362
"LOC109504620",281.892954547304
"LOC105181176",9563.15725199142
"LOC105181169",4299.92796986893
"LOC109503911",9424.60775349487
"LOC105182363",13040.3638343337
"LOC105182414",6559.03164644375
"LOC105182354",382.537063004035
"LOC105182366",2598.56970147864
"LOC105182406",2521.86943793953
"LOC105182399",12342.4918543045
"LOC105182368",3394.33278413357
"LOC105182381",3372.03098607881
"LOC105182350",1399.26303003625
"LOC105182343",6635.69223726885
"LOC105182344",7503.90394275748
"LOC105182398",3149.23066401655
"LOC105182375",3511.73457895676
"LOC105182410",818.29093318308
"LOC105182379",7910.84807225745
"LOC105182369",5549.06054694033
"LOC105182352",924.698601018329
"LOC105182346",12521.4196864068
"LOC105182407",7643.17712046573
"LOC105182349",1392.60881453663
"LOC105182393",4203.60383019744
"LOC105182400",5135.69827124267
"LOC105182412",8856.90044388246
"LOC105182391",2761.96621050226
"LOC105182397",7111.11215999159
"LOC105182390",4808.20023538084
"LOC105182388",1806.40577953303
"LOC105182401",8810.02841992925
"LOC105182405",7974.53863216318
"LOC105182371",3264.35945566993
"LOC105182415",631.689290293285
"LOC105182396",4716.33479713666
"LOC105182392",8826.63351050317
"LOC105182347",1070.30296193931
"LOC105182404",7719.4013187077
"LOC105182386",7630.76246814885
"LOC105182384",14079.2294704634
"LOC112588770",2890.09893100306
"LOC105182383",16113.8214954313
"LOC105182378",1982.78463967432
"LOC105182372",2457.60351620397
"LOC105182395",790.076554221568
"LOC105182360",297.458402829473
"LOC105182385",6197.1394400275
"LOC112588760",280.081368061301
"LOC105182387",4704.09613840629
"LOC105182377",8965.99676039578
"LOC105182348",16892.7064472328
"LOC105182373",8697.74094218561
"LOC112588882",344.940086171919
"LOC105182365",2798.7428440349
"LOC105182376",10823.106448505
"LOC105182364",5655.77861871413
"LOC105182394",7593.08540162349
"LOC105182389",12046.9285925369
"LOC105182413",914.821080938734
"LOC105182402",3962.70894139817
"LOC112588987",9886.8855916906
"LOC105190994",12027.8750687929
"LOC105190988",1276.03372589069
"LOC105190986",8779.27182418139
"LOC105190992",5259.97369588475
"LOC105190987",5105.75729359848
"LOC112588973",7237.45085506459
"LOC112588985",764.794117893794
"LOC105190993",10215.7973809461
"LOC105190989",647.915703245005
"LOC112588975",1700.04996167405
"LOC105190991",8492.89862499999
"LOC112588976",1554.99018817279
"LOC105183582",2707.61227931153
"LOC105190990",1581.48817225818
"LOC105183589",6996.85718550968
"LOC112588974",836.514025526675
"LOC105183588",4754.54056926586
"LOC105191707",5807.47221247328
"LOC105191712",9291.3771894556
"LOC105191706",2565.90408555479
"LOC105191711",5833.23450455294
"LOC112589309",3985.63305048953
"LOC105185675",1890.0067507643
"LOC105191717",6340.07580714882
"LOC105191674",5699.94863096157
"LOC105191713",4334.68237476831
"LOC105191708",20593.305915608
"LOC105185678",651.217306883428
"LOC105191709",5449.02878112646
"LOC105191701",1605.85253587746
"LOC105191716",3105.8835228724
"LOC105191659",632.080350160875
"LOC105191719",8783.50692310226
"LOC105191715",6037.11734352956
"LOC105185684",3253.68581857844
"LOC112589311",958.023126413534
"LOC105191710",3125.41134521767
"LOC105191666",1290.92416301029
"LOC105185677",2418.06004748035
"LOC105191703",1066.85969477918
"LOC105191704",1748.24499063822
"LOC105191722",9040.94071594068
"LOC105191702",2509.38392053915
"LOC105187788",4292.27681088452
"LOC105191373",9248.50036428952
"LOC105184937",2154.98685345114
"LOC105185297",15040.1431037953
"LOC105186044",9641.30335472897
"LOC105187774",2831.34551733039
"LOC112588433",13321.4208704302
"LOC105185301",5006.47023620678
"LOC105187776",13118.1270849067
"LOC112588436",7866.41807077612
"LOC105191371",11240.0902188308
"LOC105190529",7107.50996999811
"LOC105188188",17270.1034975442
"LOC105187771",8013.95964953686
"LOC112588439",392.892184922003
"LOC105191467",926.293759768018
"LOC105185298",4463.39679869867
"LOC105189431",2947.28790998688
"LOC105188256",11117.9508861216
"LOC105189432",7382.63811713102
"LOC112588435",392.689561787413
"LOC105186045",437.931163804348
"LOC112588434",6499.68893548445
"LOC105190528",8388.13061662469
"LOC105185299",7270.43771465643
"LOC105185300",9717.02797626861
"LOC105188220",770.614893194404
"LOC109504023",3887.7554990825
"LOC105191370",11310.0916915816
"LOC105188198",3903.5708014731
"LOC105187805",3165.08672664912
"LOC105184098",546.181662410358
"LOC105187802",4310.57452257444
"LOC105187804",2841.51310273012
"LOC105184042",2724.37841127323
"LOC105184102",426.947721491893
"LOC105184094",13386.9359784883
"LOC105187812",751.144770939608
"LOC105184096",9697.30793462794
"LOC105184041",5541.39674999169
"LOC105187803",14490.3085484534
"LOC105187808",3850.51906626328
"LOC105184105",1957.07961130082
"LOC105184099",8684.39924582856
"LOC105184106",8988.43785350292
"LOC105184043",7476.13556397394
"LOC105184101",401.673945387325
"LOC105184097",5617.47925401973
"LOC105184100",6710.51708376587
"LOC105183972",1542.40990815012
"LOC112588647",11733.3828050155
"LOC105184481",2088.2845578839
"LOC105184485",1089.02499088184
"LOC105184482",12896.4838208319
"LOC105184492",2969.30250672302
"LOC105184479",10588.5313798867
"LOC105184487",732.885635527211
"LOC112588645",8372.45385051172
"LOC105184497",5763.86010051014
"LOC105184494",2639.04429732842
"LOC105184480",4161.01988817034
"LOC105184495",1680.06975874384
"LOC105184477",16528.1101073424
"LOC105184488",8034.79275901151
"LOC105184490",7053.50895729535
"LOC112588649",266.8457794084
"LOC112588646",2543.48320963514
"LOC105184489",9504.18865919204
"LOC105184478",1431.99992266482
"LOC105184498",3860.41164591983
"LOC105184496",3296.0262417396
"LOC105184491",294424.378583702
"LOC105184499",5184.37188294689
"LOC105190396",1043.72980474233
"LOC105181438",4380.99682608059
"LOC105190395",7819.93248633823
"LOC105190392",3541.87739728463
"LOC105190385",15468.9403381262
"LOC105190387",8892.52358503581
"LOC105190402",8177.99494280716
"LOC105190400",5759.99871522695
"LOC105190409",3128.32422377404
"LOC105190384",25269.7296769912
"LOC105190408",9743.95839026733
"Traa",11590.0651684159
"LOC105190383",9437.94086905586
"LOC105190391",1211.89993788522
"LOC105190405",5351.47810908213
"LOC105184312",10254.8613166541
"LOC105190399",573.802504689391
"LOC105190390",7490.59145348472
"LOC105184311",524.721441809919
"LOC105184314",1227.16995211851
"LOC105180920",8692.88589919432
"LOC105190397",5236.93243452846
"LOC105190404",9755.40927960514
"LOC112589994",373.74160392093
"LOC105184313",4203.36672939401
"LOC105190393",5422.22366309428
"LOC112589991",4196.15058447739
"LOC105190381",13938.4230307091
"LOC105190401",5847.33305554449
"LOC105190389",2336.64353982796
"LOC105190398",5120.0746596087
"LOC105184309",4471.70390495859
"LOC105190386",4724.65787294957
"LOC105180921",2323.72280324875
"LOC105180587",8421.67118252851
"LOC105180591",507.314340468535
"LOC105180590",942.820245140068
"LOC105180588",2407.73150094473
"LOC105185999",2270.93475272004
"LOC105180589",1755.46867783181
"LOC105185998",10233.5435599725
"LOC112590507",9055.17589331328
"LOC105182958",3224.02360713913
"LOC105182935",2699.82097421674
"LOC105182947",9340.64082176361
"LOC105182963",12324.4530496334
"LOC105182953",4753.88863588773
"LOC105182946",8190.71725269575
"LOC105182962",3289.84710206894
"LOC105182954",1431.85898320528
"LOC105182951",9088.17384866667
"LOC105182959",11402.905482766
"LOC105182943",5112.74510219863
"LOC105182948",13436.9308214702
"LOC105182967",6187.74103428987
"LOC105182937",5217.47982160056
"LOC105182949",4861.74219887025
"LOC105182956",2718.06815338293
"LOC105182941",7384.3491059234
"LOC105182952",2472.91184924359
"LOC105182961",6816.86976075614
"LOC105182964",7081.3939896475
"LOC105182944",5722.4533805986
"LOC105182940",11859.2228476974
"LOC105182975",267.388435804951
"LOC105182966",10493.3636303584
"LOC105182942",3470.37782499977
"LOC109503815",3806.25359444564
"LOC105182939",482.106897475235
"LOC105182938",5638.58372610218
"LOC105182945",4942.57628226692
"LOC105188733",10055.9368513962
"LOC105188734",12233.4844034152
"LOC105191278",2053.00265710033
"LOC105190643",2606.75397437134
"LOC105190632",639.430255379107
"LOC105187975",3898.26758195027
"LOC105190633",34240.5211361571
"LOC109504201",604.647786903851
"LOC109504251",3909.1915576246
"LOC112589423",379.716188232139
"LOC105182985",8964.57957065137
"LOC112589429",359.372657924725
"LOC105190689",311.299766453595
"LOC109504667",3840.43556893975
"LOC105185086",12948.5677862611
"LOC112589421",3559.30847102043
"LOC112589426",685.898036088233
"LOC112589422",847.168355657712
"LOC112589425",2809.3318159969
"LOC112589428",372.048786634741
"LOC105184549",5655.05588884276
"LOC112590287",2745.74696385694
"LOC105184546",12539.0967634763
"LOC112590321",2418.4378829388
"LOC105184537",3704.10859306605
"LOC105181335",7888.88588218209
"LOC105184535",17277.6217055664
"LOC112590274",3289.93534587824
"LOC105184531",19499.3320952533
"LOC105184536",2665.10290562826
"LOC105184551",6626.34567609407
"LOC105184557",5564.13485739628
"LOC105184552",17640.7443105378
"LOC105190862",566.047284619817
"LOC105184554",418.290743669899
"LOC105181334",7852.7079393306
"LOC105190859",14933.7116416449
"LOC105184553",3158.99613507037
"LOC105190860",660.567507843684
"LOC105182600",5470.84093991879
"LOC105182822",6083.88798908396
"LOC105182840",10021.071628415
"LOC105182813",7777.43651401848
"LOC105182828",6705.66406211159
"LOC112589906",12574.5398852506
"LOC105182808",16408.0148116004
"LOC105189952",10020.2364553161
"LOC105182810",5811.26437420568
"LOC105182839",6718.02581322467
"LOC105182802",4474.30258070725
"LOC105182803",17603.1742081248
"LOC105189957",559.978896248281
"LOC105182842",20284.904462386
"LOC105182826",5578.59007084306
"LOC105182820",6527.86120991224
"LOC109503803",839.399975355559
"LOC105189955",1560.88797732399
"LOC109503804",881.828215908281
"LOC105182818",8991.07029027577
"LOC105182800",11873.6735668732
"LOC105182798",1272.75181966706
"LOC105182831",4080.94446197578
"LOC105182819",4979.02176463171
"LOC105182796",7416.99850210623
"LOC105182837",15467.9178763034
"LOC105182841",15133.2424381696
"LOC105189958",6804.07817885447
"LOC105182827",2612.37670519408
"LOC105182812",2830.46014863613
"LOC105182824",5202.22527838835
"LOC105182838",5159.28753852048
"LOC105182817",13572.5369801592
"LOC105189961",5209.09878367639
"LOC105182815",299.32510982106
"LOC105182797",5187.56457616979
"LOC105182833",706.717476951454
"LOC105182804",8937.52435453967
"LOC105182843",5947.94345354811
"LOC105189959",2672.34549447661
"LOC105189953",2572.13626385681
"LOC105182816",1795.65786560522
"LOC105189950",769.053605279211
"LOC105182845",2342.42920730199
"LOC105189956",5225.37094360723
"LOC105182829",18768.1132808625
"LOC105182848",3409.06115741623
"LOC105182809",2106.60097637034
"LOC105182805",2237.21983458349
"LOC105182849",6245.37648640441
"LOC105182846",538.841746525677
"LOC105182811",6140.51996746205
"LOC105182850",7880.65591359664
"LOC105188104",22296.1565577994
"LOC112589144",359.904891871753
"LOC105191301",11817.0003332582
"LOC105191285",9519.41853369108
"LOC105191286",1198.50190452972
"LOC105191294",10882.5973319846
"LOC105191288",424.941319104218
"LOC105191293",18779.9418612908
"LOC105191298",9068.86035078577
"LOC105191295",6614.0508054344
"LOC105191304",4209.87222964748
"LOC105191299",9209.63173168818
"LOC112588206",2891.61040540036
"LOC105191292",3155.87257248467
"LOC105191300",2735.51159923214
"LOC105186684",2212.87002584036
"LOC105188860",15156.4067594291
"LOC105192081",14358.7103756612
"LOC105188861",8062.52338056517
"LOC105186685",8836.70124076901
"LOC105192086",6851.86294097778
"LOC105181610",8644.93015842167
"LOC105181618",1701.36341625943
"LOC105192345",24403.6767114663
"LOC105192342",435.222067062725
"LOC105181612",6882.85908947495
"LOC105181615",1361.47178806385
"LOC105181616",455.84222835474
"LOC105192341",5802.90946129874
"LOC105192344",1021.1249960668
"LOC105192339",1246.20583957552
"LOC105181611",9745.32694982905
"LOC105181613",6538.9672151319
"LOC105192340",518.912275555472
"LOC105192348",452.544120517961
"LOC105181619",7050.97216396177
"LOC105192346",11576.9529518524
"LOC105187070",2329.25534212592
"LOC105187075",2708.43831906936
"LOC105187073",8904.26032800009
"LOC105185421",4006.54930393586
"LOC105187068",8515.72530117084
"LOC105185429",7744.39147750247
"LOC105185431",2632.76726115772
"LOC105185428",14457.8344548533
"LOC105185427",5662.437632037
"LOC112588091",720.613386488569
"LOC105185424",1430.50006055726
"LOC105187074",14345.752737433
"LOC105187065",2290.72188355705
"LOC105187064",5455.4984472332
"LOC105185426",3586.27789981238
"LOC105185420",8349.51057258615
"LOC105185423",5189.58340876739
"LOC105187067",1524.29985655035
"LOC105187072",7847.64380711266
"LOC105187066",2927.33778992305
"LOC105187071",9067.01900794615
"LOC105190494",1792.0111792118
"LOC105191774",300.213697370828
"LOC112588169",5371.08727315265
"LOC105190492",6880.0781347406
"LOC105191781",3298.48947456686
"LOC105191783",6486.29008942149
"LOC112588173",581.15313292722
"LOC105190493",13010.1418551467
"LOC112588174",2683.814854752
"LOC105191778",623.081720169137
"LOC105190490",4872.71157672453
"LOC112588172",3269.90564387011
"LOC112588175",268.122226058155
"LOC105191772",11614.5803335854
"LOC109504662",2584.5367661454
"LOC105191787",385.780455489571
"LOC105190488",9089.38076810272
"LOC105191780",9370.64942197646
"LOC105190489",5240.59052764251
"LOC105190495",2669.34268572143
"LOC105187085",2310.7028487643
"LOC105187086",7075.97339737373
"LOC105191785",10333.8708007611
"LOC105181900",37993.4724520861
"LOC105181908",6762.80478935301
"LOC112590558",7642.61281838117
"LOC105181901",12586.8507123065
"LOC105181889",13000.28922895
"LOC105181906",5249.07311885871
"LOC105181867",6238.27269749243
"LOC105181918",11936.8664918584
"LOC105181868",13059.056094948
"LOC105181858",3659.18064132349
"LOC112590560",1018.0608665005
"LOC105181874",5706.29154453351
"LOC105181907",3232.26126245981
"LOC105181895",1424.21942834512
"LOC105181869",391.204489262752
"LOC105181875",9101.88899425531
"LOC105181859",19971.0332226926
"LOC105181891",7566.55520961163
"LOC105181885",17366.0821410663
"LOC105181878",2323.20226452094
"LOC105181860",5259.90643631488
"LOC105181886",9327.158497871
"LOC105181905",846.464692636328
"LOC105181897",7563.44542856764
"LOC105181871",822.097112086833
"LOC105181883",9690.75436343607
"LOC105181894",2441.36495721368
"LOC105181890",5971.57118682939
"LOC105181887",4026.44957579353
"LOC105181861",5597.79559152082
"LOC105181884",6756.4452667529
"LOC112590559",6639.37844246567
"LOC105181893",4068.02275785598
"LOC105181899",2559.70250532815
"LOC105181909",9330.82587917451
"LOC105181877",3757.79352030424
"LOC105181920",1030.04681916229
"LOC105181870",3782.44014625518
"LOC105181892",5755.1824226443
"LOC105181866",3547.40049551631
"LOC105181879",6983.30303188501
"LOC112590563",934.68355728288
"LOC105181921",2306.79198424652
"LOC105181898",5156.72177142408
"LOC105181888",15322.8433281366
"LOC112590561",1960.93837762349
"LOC105181864",1018.83263581459
"LOC105181903",1232.27216130924
"LOC105181863",9449.05240336119
"LOC105181880",3868.23934639117
"LOC105181876",3246.82209076089
"LOC105181919",2030.72849470634
"LOC105181904",11805.1074138501
"LOC105184558",3900.84279791499
"LOC112589612",7037.07336622204
"LOC105189165",5761.66062254594
"LOC112589606",1106.07447542059
"LOC105187775",13993.445652989
"LOC105186068",276.512052197685
"LOC112589614",704.042119829813
"LOC112589610",1186.04336955364
"LOC109504269",1157.16467177709
"LOC105182622",16789.4604530202
"LOC105190269",3402.17168896511
"LOC105186069",8346.50163639718
"LOC112589613",262.841111803247
"LOC105188219",1033.16738529368
"LOC105182612",15222.5933185279
"LOC105186413",17642.8803598057
"LOC112589618",2853.85159710466
"LOC105189630",18747.6946169537
"LOC105186511",2429.81917707517
"LOC105186462",3169.70178000877
"LOC105186473",501.781745308728
"LOC105186502",1682.18598714369
"LOC105190022",4754.82244461548
"LOC105186486",955.334604199917
"LOC105186477",10299.8187875743
"LOC105187974",2530.04308065691
"LOC105187970",2532.28583879787
"LOC105187973",1170.51469011501
"LOC105187969",9042.2700999824
"LOC105187972",34449.4513999556
"LOC105186930",12485.7955324762
"LOC105188845",6737.1581109894
"LOC105191516",8001.39509035399
"LOC105191514",3906.5801915151
"LOC105191508",352.324028274791
"LOC105191505",5931.84093221694
"LOC105190682",307.416311908711
"LOC105191513",3588.27264570926
"LOC105188847",335.113584786321
"LOC105191517",12251.6218272678
"LOC109503573",888.462258967005
"LOC105188843",2632.62350224092
"LOC109504380",361.021552028357
"LOC105191515",733.147198380961
"LOC105188840",7753.24052124203
"LOC105188842",4733.63909595384
"LOC105188846",12066.1891305465
"LOC105191512",349.580461547115
"LOC112588181",316.198544926007
"LOC105190675",497.288745880677
"LOC105190056",2394.05867908307
"LOC105191518",3052.85549148324
"LOC105191510",4834.08387888776
"LOC105191507",1325.66350879563
"LOC105191509",9547.99591917626
"LOC105191506",3765.31416262595
"LOC105190733",422.907970856245
"LOC105190724",641.169038069533
"LOC105190754",3659.83639213654
"LOC105190731",2617.0449987653
"LOC105190750",1099.26462665905
"LOC105190739",13481.1426861263
"LOC105190721",6553.13980844032
"LOC112590447",1364.3098467702
"LOC105190749",8305.13740904221
"LOC105190755",2276.83831566551
"LOC105190744",988.536543093457
"LOC105190729",780.071367360528
"LOC105190741",3044.64866111701
"LOC105190751",4022.51324065682
"LOC105190716",14442.4567015727
"LOC105190757",2193.15862453771
"LOC105190748",1769.5586631253
"LOC105190730",656.269209587856
"LOC105190723",1862.28545314774
"LOC105190740",10415.1179428353
"LOC105190756",4566.25763186705
"LOC105190734",2663.27670053039
"LOC105190735",6979.18832660349
"LOC105190732",13413.0747898285
"LOC112590449",1250.14891262185
"LOC105190719",14121.44553745
"LOC105190742",13169.5704792396
"LOC105190737",14107.1883843116
"LOC105190745",2768.47584206369
"LOC105190743",6670.57181800516
"LOC105190736",4393.63893207901
"LOC105190746",804.663633027773
"LOC105190717",8828.24739438097
"LOC105181330",444.165842054466
"LOC105181332",1525.52037253789
"LOC112589217",20802.8431983974
"LOC105188891",707.938221267757
"LOC105183004",12617.2827951199
"LOC109503767",11795.8162243046
"LOC105183005",2106.52182078276
"LOC105183006",830.407530309136
"LOC105181331",5021.44777228832
"LOC105185873",11367.4932608406
"LOC112589221",6369.54497644891
"LOC112589222",2253.12676319695
"LOC105180546",676.876524859483
"LOC105180528",6240.24126515568
"LOC105180529",6749.45225412961
"LOC105180541",5461.97591252063
"LOC105180523",4974.73784075559
"LOC105180525",7013.06018498846
"LOC105180545",2744.97718986021
"LOC105187702",5965.03027158506
"LOC105187705",5794.75967244957
"LOC105180536",608.538078692548
"LOC105180526",17865.9515086406
"LOC105180549",9807.0769196781
"LOC105180519",13733.91129155
"LOC109503612",338.625802516799
"LOC105180531",3989.11988155178
"LOC105180524",4598.22818907261
"LOC105180521",7731.77708234734
"LOC105187709",4703.37889713936
"LOC105180539",889.260477503204
"LOC105187706",8480.89063210277
"LOC105180548",3385.59501155709
"LOC105187710",3003.15023630874
"LOC105180520",2708.83219936626
"LOC105180517",4756.07603568362
"LOC105187708",10872.2738018149
"LOC105180537",5224.30625581642
"LOC105187707",1669.27877732081
"LOC105180542",7166.4410644895
"LOC105180518",6380.16200395774
"LOC105180540",8631.7225796483
"LOC105180532",2349.42903580582
"LOC105180553",1914.0542644339
"LOC105180538",8333.46966523121
"LOC105180543",6877.86124145619
"LOC105180527",54542.1135568884
"LOC105180547",2503.66371576101
"LOC105180550",5129.55840152801
"LOC105187704",2610.99615460728
"LOC105180534",8867.58796994542
"LOC105180535",7932.63900425344
"LOC105180554",11250.8324365498
"LOC105180544",8022.8820459275
"LOC105180552",2795.96034879916
"LOC105187557",5805.31107926493
"LOC105187526",3851.45040133086
"LOC105187546",12050.2732074433
"LOC105187556",7508.17357396272
"LOC105187519",2892.66366574208
"LOC105187543",4108.24221581566
"LOC105187528",8394.7720023105
"LOC105187533",5267.58891530896
"LOC105187522",4884.82137611266
"LOC105187535",3556.10187335279
"LOC105187516",2767.7337590992
"LOC105187567",4006.14384918001
"LOC105187512",11664.4628788409
"LOC105187564",11353.913733118
"LOC105187541",6510.74470033756
"LOC105187545",4111.78779673984
"LOC105187521",1601.19409989304
"LOC105187524",2053.92958876566
"LOC105187550",10743.9949912971
"LOC105187510",10241.6841393414
"LOC105187532",3611.80966850779
"LOC105187537",8229.61376263706
"LOC105187531",13981.1499513861
"LOC105187525",8619.01971640022
"LOC105187504",1554.21282784344
"LOC105187565",4056.33454552817
"LOC105187548",2291.37562886477
"LOC105187513",5564.04762846911
"LOC105187552",6444.51769910806
"LOC105187560",4440.05439887405
"LOC105187553",12716.7140900016
"LOC105187551",3522.94352750184
"LOC105187517",75378.275691663
"LOC105187518",1045.01795701746
"LOC105187527",5364.34797543098
"LOC105187558",11906.3289655993
"LOC105187562",10548.2011432077
"LOC105187511",17671.3583547806
"LOC105187547",16942.9831725169
"LOC105187509",1751.0025357255
"LOC105187542",1476.7722267588
"LOC105187520",18669.4494232794
"LOC105187540",6839.84207818474
"LOC105187529",11705.6146492545
"LOC105187539",1433.91661436886
"LOC105187507",2636.14105050029
"LOC105187549",5647.32304720356
"LOC105187555",12569.2955463235
"LOC105187554",4820.01593181733
"LOC105187538",5685.56180739056
"LOC105187515",3887.56420366216
"LOC105187544",8240.78566453559
"LOC105183039",4349.32170453265
"LOC105183026",206247.816029846
"LOC105183024",868.976942250681
"LOC105183025",10302.5611553213
"LOC105183036",2695.52294625881
"LOC105183049",430.370996474949
"LOC105183042",2133.2033106904
"LOC105183040",2249.82755997787
"LOC105183037",11749.884824882
"LOC105190361",7784.51565818314
"LOC105187100",895.469444738284
"LOC105183034",2767.30339405848
"LOC105183041",4220.20442659656
"LOC105183044",354.907794503676
"LOC105190362",3949.57875576917
"LOC105183032",2203.64078711416
"LOC105183031",2002.79000564612
"LOC105190359",1249.53202296128
"LOC105183043",1529.16583006785
"LOC105183033",1383.29705286166
"LOC105183029",584.232141841661
"LOC105183027",9658.13358169951
"LOC105183035",2846.32596466898
"LOC105183028",806.821806957904
"LOC105185081",30212.6412435971
"LOC105185060",6871.5782730424
"LOC105185071",5657.91995673706
"LOC105185062",3834.39110729055
"LOC105185057",667.482267422206
"LOC105185072",4581.11510700809
"LOC109504012",1998.46583287916
"LOC105185061",13595.8678080116
"LOC105185077",981.034077847944
"LOC105185059",6205.72769090697
"LOC105185063",8285.13017784077
"LOC105181155",706467.9460625
"LOC105181014",1236.43669731528
"LOC105181019",445.000864410288
"LOC105181031",3057.62338134612
"LOC105181025",3497.41911972215
"LOC105181016",3099.98050020441
"LOC105181028",6357.11227428261
"LOC105181159",23027.2063957098
"LOC105181012",493.915565352901
"LOC105181024",9757.16504512653
"LOC105181029",5698.96151551226
"LOC105181007",709.436651835175
"LOC105181153",30596.3979191802
"LOC105181009",5571.02550228549
"LOC105181156",6136.960254305
"LOC105181005",1722.35237051362
"LOC105181008",3367.14228048629
"LOC105181023",12970.4703774772
"LOC105181026",947.291308947621
"LOC105181157",4945.95298776354
"LOC105181004",2066.18362310374
"LOC105181011",9372.93235480605
"LOC105181160",10361.5664306746
"LOC109503652",8654.12727153981
"LOC105181144",5586.37531635281
"LOC105181022",6369.37097489008
"LOC105181027",626.345031755612
"LOC105181163",3393.33445590157
"LOC105181003",3763.22951400545
"LOC105181152",56913.9146300268
"LOC105181154",22426.9632523263
"LOC105181142",4110.39648317593
"LOC105181030",8149.0948296844
"LOC105181018",2963.62119841989
"LOC109503661",3263.15716767757
"LOC105181141",8269.70102394689
"LOC105181162",3750.3572740971
"LOC112589461",5602.46697522724
"LOC105181161",2668.08422613325
"LOC105181032",8836.50773335837
"LOC105181015",9432.10681292402
"LOC105181017",4177.88368381627
"LOC105192002",401.163808381551
"LOC105192464",1001.06129964109
"LOC105192621",693.158045482324
"LOC109504671",594.457670157478
"LOC105192358",16747.8039515229
"LOC105191992",13754.0122138033
"LOC105191985",6650.83419764732
"LOC105192165",2476.70525874894
"LOC105191943",8256.0384663219
"LOC105192149",12471.489133112
"LOC105192612",4623.93260136208
"LOC105192171",2530.18934449285
"LOC105191967",2749.97662871872
"LOC105192422",7759.74420963539
"LOC105192141",3562.59864982407
"LOC105191966",279.170809281883
"LOC105192329",4851.46167504989
"LOC105192398",9662.80188146217
"LOC105192406",8333.05126054171
"LOC105192443",3708.02831279893
"LOC105192239",19963.2261901357
"LOC105192457",932.118559126004
"LOC105192313",14241.7585265971
"LOC105191919",834.332706048127
"LOC105191934",11214.1958835897
"LOC105192227",5040.48677282341
"LOC105192157",5985.80678790458
"LOC105192336",1143.20733072555
"LOC105192277",11093.6209812213
"LOC105191975",1825.8885959081
"LOC105192371",3153.56314364509
"LOC105191904",4814.27219493111
"LOC105192020",7314.38635482488
"LOC105192433",4468.52285477172
"LOC112590196",445.470232660921
"LOC105192382",6807.8661488289
"LOC105192055",298.819724660338
"LOC105191927",12185.7400098898
"LOC105192300",1972.64127047673
"LOC105191960",5537.48333317594
"LOC109504707",1789.07903691073
"LOC105192260",2665.08808003822
"LOC105192367",7296.87243277373
"LOC105192011",5974.40837041218
"LOC105192198",3152.38797658099
"LOC112590538",719.447923708646
"LOC105184943",1415.51112060609
"LOC112590539",667.721371738944
"LOC105188866",3683.82812029905
"LOC112590541",681.165164760268
"LOC105192482",12392.7525681529
"LOC105192478",887.932021596736
"LOC109504554",9468.72082997038
"LOC105190670",9658.87294917138
"LOC105190673",6167.70239289625
"LOC105190656",5878.3425550559
"LOC105190672",4769.52347457042
"LOC105190663",342.708370056431
"LOC105190669",4358.13547508652
"LOC105190654",13655.1208396478
"LOC105190652",14623.431758857
"LOC105190657",9263.20954055699
"LOC105190660",553.321794852451
"LOC109504552",18622.4380664867
"LOC105190650",15087.4360059356
"LOC105190662",3720.79268125714
"LOC112588033",7845.08196646885
"LOC105190653",478.880721259149
"LOC109504553",2212.48617489096
"LOC105190664",10853.6568871891
"LOC105190667",6248.64233878267
"LOC105190655",5287.36446807171
"LOC105190668",13676.9772929307
"LOC105190681",537.83788594367
"LOC112589922",3094.45239611809
"LOC112589921",3845.21043083213
"LOC105191466",919.762663598203
"LOC112589926",1267.60762481091
"LOC112589925",1406.4384431454
"LOC105183051",10309.8678724346
"LOC112589934",486.568158509193
"LOC105190454",4650.24957700913
"LOC105181166",2862.50682668719
"LOC105191258",6142.60243055541
"LOC112589920",2842.60785364862
"LOC112589924",6811.21970202332
"LOC112590603",9113.38939800271
"LOC112590601",382.823218167081
"LOC109503750",5855.82464156736
"LOC105190622",6952.58146734939
"LOC112590589",3393.34962953764
"LOC105188680",1204.65813750715
"LOC112590602",2380.65307647976
"LOC112590590",616.788788959816
"LOC105185879",3779.72177286957
"LOC105191257",11096.5474722906
"LOC105180981",3977.41373736367
"LOC105181089",5405.12911409973
"LOC105192702",902.525229440373
"LOC112588078",13647.2146630101
"LOC105180458",784.268096541161
"LOC112588109",699.098317683908
"LOC112588553",743640.94475972
"LOC112589696",478.904642080409
"LOC112589795",13403.790856731
"LOC105185954",12144.6902391823
"LOC105192665",346096.038191114
"LOC112590121",6042.4883736963
"LOC105185669",14094.5312567816
"LOC105190481",8635.21506375976
"LOC112590124",848.422811173044
"LOC105181347",8762.24668654786
"LOC112588384",747.126679620621
"LOC105181599",12429.1329861014
"LOC112588387",1292.70379223811
"LOC105187813",20785.2134527633
"LOC112588385",7574.12169927768
"LOC105181598",4620.80859113208
"LOC112588386",452.338397397635
"LOC105191183",10985.9584971852
"LOC105185340",397.619138271255
"LOC105185311",2835.1330923959
"LOC105184933",11060.0874408493
"LOC105184935",8004.88219361973
"LOC109504002",4686.92143891813
"LOC105184928",409.301521147205
"LOC105191185",2345.06660459612
"LOC105185309",3902.10157642395
"LOC105184930",4075.45492669027
"LOC105185310",11051.0831509612
"LOC105184932",2772.10290677632
"LOC105184931",15969.4583608191
"LOC105185305",7224.07410462003
"LOC105185308",5994.46579862292
"LOC105185339",1626.88006753035
"LOC105185307",13383.1307299393
"LOC105190839",18843.7865492485
"LOC105190855",5584.84930830256
"LOC105190830",4583.08539295285
"LOC105190831",932.523581785545
"LOC105190832",5079.29781140501
"LOC105190838",551.75219640403
"LOC105190834",3159.67381823357
"LOC105187454",4092.59142846075
"LOC105187465",4997.77145958701
"LOC105187439",7567.20022934686
"LOC105187411",8322.4634888011
"LOC105187441",8245.44367058939
"LOC105187446",6017.58113306021
"LOC105187493",396.457423017065
"LOC105187422",3984.46986559323
"LOC105187456",6257.37334190231
"LOC105187434",2397.75267642942
"LOC105187467",5610.0371868676
"LOC105187416",6336.74677872619
"LOC105187406",7087.71955622256
"LOC105187452",9305.55668833886
"LOC105187431",13799.0067131632
"LOC105187418",6410.96495909603
"LOC105187410",2546.22905096864
"LOC105187428",7604.81842595231
"LOC105187444",2681.09134808803
"LOC105187492",7310.0914182083
"LOC105187443",7293.85377533576
"LOC105187447",4927.15375542344
"LOC105187423",5999.77412223141
"LOC105187460",1438.75784945227
"LOC105187425",11283.8975499214
"LOC105187426",4767.87979795416
"LOC105187417",10915.7790892474
"LOC105187433",7781.5373215874
"LOC105187429",11675.8319841848
"LOC105187450",13875.2412931327
"LOC105187412",1664.68124730144
"LOC105187463",965.751358010676
"LOC105187419",1760.72245256392
"LOC105187498",915.946819407894
"LOC112589902",6000.63252653745
"LOC105187408",1488.45508328867
"LOC105187497",2667.73037410375
"LOC105187409",6627.16615088687
"LOC105187453",5540.6766690424
"LOC105187466",3158.54250048767
"LOC105187430",1058.05188247553
"LOC105187438",6461.43725858856
"LOC105187415",5347.63757365401
"LOC105187413",11176.7766356413
"LOC105187414",4097.25567367481
"LOC105187490",344.614551629354
"LOC105187494",4580.78277328674
"LOC105187436",7944.03627540924
"LOC112589901",1669.61924385656
"LOC105187462",4899.42602385017
"LOC105187455",1886.12987739287
"LOC105187427",3029.82690199468
"LOC105187432",9429.57184731899
"LOC105187442",305.609834939054
"LOC105180846",22549.0552459396
"LOC105187680",3413.50093677733
"LOC105187679",1507.06313487416
"LOC105187689",300.9297740917
"LOC105187684",10453.2521827565
"LOC105187685",3188.59515193911
"LOC105187677",484.688111249714
"LOC112590233",2783.07324306755
"LOC105180868",8219.01491123995
"LOC105187682",6425.45500853897
"LOC105188217",4759.31250604112
"LOC105183367",3589.87775210085
"LOC105183368",2918.73260460333
"LOC105180574",4022.93004806575
"LOC105180578",3337.21595282321
"LOC105183348",5925.92777209493
"LOC105183376",465.524998959064
"LOC105183342",17061.9857216808
"LOC105183335",5173.05659504604
"LOC105183359",8467.1568054359
"LOC112590566",2121.40250701814
"LOC105183351",5790.33306001272
"LOC105180577",4134.60601241454
"LOC105183337",7397.5055106782
"LOC105183339",3449.9523653797
"LOC105183375",6400.80428060545
"LOC105183344",1013.85743221187
"LOC112590564",5394.9631218174
"LOC105180569",522.281696870587
"LOC105183352",563.936949193133
"LOC105183338",6952.85643452483
"LOC105183362",5902.77712581314
"LOC105183353",2896.18669087375
"LOC105183349",6594.34824747084
"LOC105183355",3647.71721386072
"LOC105180580",5064.19314196471
"LOC105183366",17912.0922534037
"LOC105183336",1079.16939149055
"LOC105183347",4650.81093358449
"LOC105183369",3034.3301464863
"LOC105183356",6379.37853848247
"LOC105180572",13484.2885063536
"LOC105183361",6621.03134528467
"LOC105183358",15736.7263777465
"LOC105183354",9339.03705364992
"LOC105183334",3403.79863939643
"LOC105180575",10068.9544113799
"LOC105182120",2798.4921140737
"LOC105180638",322.044854270938
"LOC105183373",13116.5012290501
"LOC112590568",355.315162967442
"LOC105183364",7741.68465299832
"LOC105191991",6153.47481475377
"LOC105181722",6045.51291059225
"LOC105191995",550.764490708235
"LOC105192000",11831.8924114889
"LOC105191993",1829.06324138221
"LOC105191988",263.264996110003
"LOC105181729",5668.38293660515
"LOC105192004",5609.94041092704
"LOC105191986",6557.882816865
"LOC105192008",13117.461322684
"LOC105192006",3575.07534452298
"LOC105192005",15306.3812769122
"LOC105181727",420.941345351642
"LOC105191987",4012.87077137232
"LOC105191989",5755.81718001852
"LOC105181720",4201.17969250812
"LOC105191990",1605.17331721399
"LOC105181743",269.708854300588
"LOC105191996",9581.42659368015
"LOC105191997",5394.08661240306
"LOC105191983",1203.82800410046
"LOC105191984",1517.76915903701
"LOC105181723",2113.62636336088
"LOC105191998",4267.3007432394
"LOC105192003",8771.79446056198
"LOC105181725",346.067423603963
"LOC105181721",21796.3565421794
"LOC105181856",12275.1703266462
"LOC105181845",1818.94132077001
"LOC105181847",8556.60293689708
"LOC105181910",713.29636507896
"LOC105181846",9712.54655796316
"LOC112588222",617.157532738364
"LOC112588223",4454.23848013079
"LOC105181850",3510.39383623806
"LOC105181851",7553.98601759453
"LOC105181912",1030.1610020943
"LOC105181914",504.735284931212
"LOC105181844",618.830074717477
"LOC105181854",7677.51735946333
"LOC105181842",5766.02187656077
"LOC105181855",3200.17663472859
"LOC105181848",8538.87204710407
"LOC105181841",2511.04601319778
"LOC105181843",17410.992931068
"LOC105187751",28856.9662945849
"LOC105187763",4589.67925651163
"LOC105187740",5734.73931035602
"LOC105187750",8471.28970166757
"LOC105187744",704.811226130098
"LOC105187757",16210.7712903693
"LOC105187768",6608.68783498893
"LOC105187746",1116.49509741634
"LOC105187759",2748.40749648524
"LOC105187755",9382.69586012881
"LOC105187738",180843.294876726
"LOC109504260",1406.60958847904
"LOC105187748",6198.93578672127
"LOC105187760",12702.2502138425
"LOC105187741",865.502920548593
"LOC105187742",3752.61918811788
"LOC105187739",10282.9270373341
"LOC112590028",567.240975766954
"LOC105187753",4227.22742793043
"LOC105187749",3638.68150289624
"LOC112589033",846.081940306315
"LOC109503748",7330.82229258353
"LOC112589027",7483.16145549199
"LOC112589038",555.212660756884
"LOC105183267",12244.8717243651
"LOC105183266",10497.2512690161
"LOC109504195",15469.5373344049
"LOC105182149",15347.8856872434
"LOC105185046",4692.28877650763
"LOC105185042",7988.90327837618
"LOC109504008",16230.0062993572
"LOC105185044",5954.98216813547
"LOC105186539",6757.38789190927
"LOC105186524",11178.1517505394
"LOC105186537",7502.47205131406
"LOC105186530",3431.33204384158
"LOC105183197",1799.60857496812
"LOC105183195",5901.35126759872
"LOC105183198",4096.05628195641
"LOC105186521",5632.66770532267
"LOC105186523",6561.35200423811
"LOC105186526",11556.2383433677
"LOC105186538",2067.79870732871
"LOC105186535",12587.4011817902
"LOC105186531",6096.09048090625
"LOC105186533",3112.6800413548
"LOC112589818",1125.40250232761
"LOC105183196",4857.2935966249
"LOC105183199",10760.607578504
"LOC105186525",1768.80560129289
"LOC105186529",1710.66349303759
"LOC105186522",4278.49249489028
"LOC112589819",403.459738867869
"LOC112588734",1659.50351695844
"LOC105181852",12233.7130089289
"LOC105182569",5937.91632739903
"LOC105182175",6376.46947719245
"LOC105182506",2717.56265453942
"LOC105182505",29793.8369233618
"LOC105182498",7290.57711083633
"LOC105182507",6388.16330860769
"LOC105182502",8777.86079966922
"LOC105192112",7360.37353714619
"LOC105192108",9451.24566480422
"LOC105192107",2842.01436451291
"LOC105182494",1793.63857881793
"LOC105182496",4501.96181304734
"LOC105182497",5186.44633463619
"LOC105182500",3635.44167272524
"LOC105182504",3905.99584661819
"LOC105182499",1857.65309203615
"LOC105192111",8755.77533063688
"LOC112588188",317.269525994252
"LOC105182495",514.089381891041
"LOC105192110",4977.89083823743
"LOC112588187",3842.77589316101
"LOC105182501",1593.42272110349
"LOC105189735",3416.05807458073
"LOC105190338",739.916818640435
"LOC105189948",6337.64834801462
"LOC105189926",2400.40782373044
"LOC105189782",726.45736611225
"LOC105189728",2320.23605850381
"LOC105189765",16854.154533307
"LOC105190007",10886.8559659498
"LOC112589523",391.971946212983
"LOC109504459",3846.38793482064
"LOC105189804",4941.34347487521
"LOC105189875",3535.33547627871
"LOC105189795",13819.8128336155
"LOC105189916",15270.4428022267
"LOC105189940",9486.68614602149
"LOC105189865",1847.62497883311
"LOC105190328",12884.2095741703
"LOC105189776",8325.46854788158
"LOC105189960",23543.263711683
"LOC105189841",12493.3748872901
"LOC105189886",8939.98719949931
"LOC105189858",1361.28032865893
"Anamorsin",10681.1052127596
"LOC105190317",10424.3827964508
"LOC105189935",1757.90018511867
"LOC105189787",23113.5457891343
"LOC105189851",5591.67563532214
"LOC112589522",350.540543639537
"LOC112588149",1289.15766257096
"LOC105181440",1580.96641417261
"LOC105191027",18141.031602336
"LOC112588147",2535.20615370947
"LOC105181932",10143.8613267594
"LOC105181993",6265.53770314358
"LOC112588768",576.68057319688
"LOC105181978",10207.1131463979
"LOC105181981",2438.89396436347
"LOC105181979",8959.87889341555
"LOC105181977",12188.8772956597
"LOC105181971",1037.95853438567
"LOC105183123",24173.1463079353
"LOC105181985",4286.57694153556
"LOC105181973",6135.55050068157
"LOC105181974",624.685628708067
"LOC105183126",5025.11166069563
"LOC105181975",3167.85419871874
"LOC105181980",4511.14200498094
"LOC105181982",4094.2856513758
"LOC105183125",2200.71477797918
"LOC105183122",2351.60696423113
"LOC105181987",374.861346726294
"LOC105181992",16199.2877920421
"LOC105181984",11893.2649911798
"LOC105181983",4655.77066663507
"LOC112588324",253.045929956854
"LOC105185012",1046.39326224299
"LOC105188132",852.137872560523
"LOC112588323",4466.00001540804
"LOC105180975",3586.89107582451
"LOC105188136",28849.957409045
"LOC105187941",1403.31361828204
"LOC112588329",2797.88325911741
"LOC105189993",12347.4119818854
"LOC112588048",1626.39578277019
"LOC109504300",725.99984728436
"LOC112588326",1185.25272512326
"LOC109504316",291.57415492519
"LOC105188133",30829.9235053757
"LOC112588328",411.143130996452
"LOC112588325",257.896528913956
"LOC105180977",610.60683577589
"LOC105187942",3101.88829463388
"LOC112588052",11539.1690120441
"LOC105181428",8313.39641922586
"LOC112588321",3765.19924360465
"LOC105185016",5686.07931499667
"LOC105186855",500.73107918904
"LOC105186696",3592.64366053305
"LOC105188848",5104.38893181409
"LOC105186691",7171.20232234087
"LOC112590366",12121.5750319732
"LOC105188774",11418.6673865631
"LOC105186654",11234.5157283894
"LOC112588050",19896.5250897898
"LOC105186694",7858.04354353548
"LOC112590363",13084.1058571389
"LOC105186690",4060.37423296828
"LOC105186697",15161.401921283
"LOC105186689",2916.30858334505
"LOC105191022",13629.1769555519
"LOC105186692",2123.65908538341
"LOC105186688",5148.13899370807
"LOC105191023",4994.6622118464
"LOC105186693",7325.61693384163
"LOC109504531",1202.16090133573
"LOC105181039",9875.95005528908
"LOC105185884",3771.60220499411
"LOC105185886",13533.7986931682
"LOC105185084",12068.5425848375
"LOC105185082",4854.83566829392
"LOC105182418",3639.65714507467
"LOC105190513",8520.78353689094
"LOC112588090",3627.56688411172
"LOC105183002",281.433788343508
"LOC105185216",975.527937596222
"LOC112588485",475.498219473985
"LOC105185885",3447.37853639509
"LOC109504231",5347.38231669566
"LOC105190519",18947.3802210554
"LOC105183995",12009.2369145143
"LOC105183994",11519.3896418033
"LOC105183998",7053.26145551177
"LOC105187728",5799.94405022809
"LOC105184000",7484.73447075475
"LOC112589245",4031.29075628876
"LOC105185833",20503.5458699595
"LOC112589246",10615.458009809
"LOC105187135",11164.5625212596
"LOC112589247",7384.00153792816
"LOC109504205",1621.832326738
"LOC105187726",12275.0399464481
"LOC112589241",2776.54986795147
"LOC105183996",11875.6902466091
"LOC105185915",16170.0317527063
"LOC105184001",3668.33038656721
"LOC112589243",778.985529560605
"LOC112589248",1836.97241325046
"LOC112588691",7691.11895075096
"LOC105190330",7470.21115788501
"LOC105181133",4252.315082235
"LOC112588689",282.570612431678
"LOC109503910",441.60152435966
"LOC105183629",1458.47683463763
"LOC112588696",3296.40749207164
"LOC112588687",3246.58007908373
"LOC105183630",2995.21403480111
"LOC105183628",9812.58027100305
"LOC105183631",6669.3421216199
"LOC105192703",333.294204549692
"LOC105180460",2513.90608559322
"LOC105180486",731.103839125218
"LOC105192694",5181.21107189989
"LOC105180479",15660.5865051437
"LOC105192683",3217.14275569304
"LOC105180468",4738.10532222199
"LOC105192691",6828.5346144258
"LOC105180463",759.262937681297
"LOC112588778",735.515699573592
"LOC105192704",5869.17561777985
"LOC105180478",10753.717530054
"LOC105180474",8965.88810257572
"LOC105180477",17233.2940123937
"LOC105192696",3132.93959502462
"LOC105180461",1151.94592719365
"LOC105192687",7068.45054916032
"LOC105180470",2520.80862883569
"LOC105192707",1791.45438300227
"LOC105192693",1120.989733516
"LOC105192699",7259.67444368943
"LOC105192689",925.116978089239
"LOC105180484",1140.55052799703
"LOC105180472",15496.2529949584
"LOC105180459",9178.63170414961
"LOC105192697",2769.86588548905
"LOC105180471",23035.6719013266
"LOC105180462",8394.02286361675
"LOC105180476",1816.22539138066
"LOC105192690",5416.82029145067
"LOC105192700",9231.58244955121
"LOC105180485",658.352412997952
"LOC112588777",490.186412045786
"LOC105192684",3180.19213111059
"LOC105180465",7469.966358363
"LOC112588779",353.198600082391
"LOC105180467",3421.78508781114
"LOC105192706",11855.3637567126
"LOC105192162",13831.835174663
"LOC105192698",1539.20142146855
"LOC112588780",4790.43323417963
"LOC105180487",14622.1217841186
"LOC105180473",6082.30370281309
"LOC105192701",2137.42496475579
"LOC105180469",5700.03952096025
"LOC105180475",10486.2679265821
"LOC105183719",526.590099424866
"LOC105183710",7545.67994625858
"LOC105183723",1515.74831205736
"LOC112589954",11694.5016140159
"LOC105183713",8667.08688752266
"LOC105183716",7960.13794768525
"LOC105183722",2878.87331406874
"LOC105183729",1680.50797210168
"LOC105183733",14913.5144655967
"LOC105183730",5924.67985556585
"LOC105183724",4392.02838671448
"LOC105183728",12310.7532603605
"LOC105183720",8019.66392720327
"LOC105183705",9785.68355002557
"LOC105183708",4726.00160694962
"LOC105183709",3541.43792945623
"LOC105183715",2577.03733322068
"LOC105183714",8655.43294889
"LOC105183721",5946.6681525549
"LOC112589953",400.600195032178
"LOC105183706",4510.83280822153
"LOC105183738",2031.90186339694
"LOC105183712",2726.94133908061
"LOC105183727",10844.7431348276
"LOC105183737",6056.56652888471
"LOC105183734",9372.19821613032
"LOC105183717",1164.65988868957
"LOC105183725",38147.184350515
"LOC105187674",7427.66508211798
"LOC105187675",6622.54079666411
"LOC105181387",14622.1066709939
"LOC105181376",2863.28631684038
"LOC105189475",7782.02094237736
"LOC105181380",26520.6553793829
"LOC105181383",6849.88762381269
"LOC105181360",13866.2613563753
"LOC105189472",729.055434526106
"LOC105181363",1051.93179902163
"LOC105181358",553.303642828248
"LOC105181374",8023.62918542773
"LOC105181385",648.48212772906
"LOC105181370",689.270506789739
"LOC105184465",13219.0713938897
"LOC105181384",3586.19562795092
"LOC105184463",4086.75596214132
"LOC105189471",9797.65301226702
"LOC112589476",556.985047620838
"LOC105181368",2577.99840316771
"LOC105181372",11409.1846517108
"LOC105181369",13629.7600662751
"LOC105181373",11492.2187286306
"LOC105190468",1386.22592131697
"LOC105184462",3763.24634322529
"LOC105181354",5290.91347828345
"LOC105181377",6472.26204468352
"LOC105181367",15178.4549842194
"LOC105181355",1837.75359451588
"LOC105181381",4418.76033148116
"LOC105181382",15376.1490083213
"LOC112589477",3172.65085325886
"LOC105181375",10130.9416147053
"LOC105181357",1001.44782907837
"LOC105181362",1525.00456682238
"LOC105181365",6563.02575995099
"LOC105184464",1953.03585946531
"LOC105181352",12873.6391475413
"LOC105181388",7432.9508279913
"LOC105185233",1012.32236131583
"LOC105185225",15444.0309234078
"LOC105185223",592.699698409892
"LOC105185224",5760.95222178221
"LOC105185231",558.36205617371
"LOC105185227",2991.00311580169
"LOC105185221",1659.3031339195
"LOC105185220",18586.5075476341
"LOC105184819",12791.6940160315
"LOC105184844",11063.9437155645
"LOC105184866",7645.98280830602
"LOC105184851",663.288447853199
"LOC105184828",3111.96456851354
"LOC105184868",18013.5053016057
"LOC105184838",4716.54964643716
"LOC105184847",5967.57033102602
"LOC105184877",4328.50869228937
"LOC105184862",4046.75814122953
"LOC105184856",8646.59641825258
"LOC105184846",8687.23809139952
"LOC109503995",2108.72803869546
"LOC112589960",809.102371674202
"LOC105184832",314.350658013704
"LOC105184857",3128.32875101765
"LOC105184865",6892.90061008492
"LOC105184872",6431.16474284225
"LOC105184850",16398.7255604844
"LOC105184852",10111.4424097456
"LOC105184870",6235.27345933345
"LOC105184871",2321.80075315068
"LOC105184837",12650.7570663538
"LOC105184823",4893.04272519939
"LOC105184867",2809.95727133988
"LOC105184845",312.064633092485
"LOC105184830",5850.97284506434
"LOC105184833",4314.25506829445
"LOC105184849",3356.56889541666
"LOC105184829",7503.14876440902
"LOC105184864",14145.7721327364
"LOC105184874",3805.96685759192
"LOC105184827",2570.79085515095
"LOC105184825",17169.1345664357
"LOC105184858",1217.42989598675
"LOC105184820",3840.66195305025
"LOC112589961",6639.59747153043
"LOC105184822",3659.0358268388
"LOC105184853",6039.930881701
"LOC105184842",1262.12313952319
"LOC105184835",8724.94189559263
"LOC105184831",10217.2097355743
"LOC105184863",6054.62284129452
"LOC105184836",5464.35006993492
"LOC105184821",9746.43124260848
"LOC105184839",3036.57301696611
"LOC112589958",457.840469305462
"LOC105184840",4239.31988287134
"LOC105184860",508.706544456923
"LOC105184834",22975.1320485308
"LOC105191204",4408.00998176797
"LOC105185468",3072.42868797817
"LOC112589478",1483.38640184096
"LOC105185476",5858.30731414935
"LOC105191192",10281.3566507181
"LOC105185485",11801.9755852774
"LOC105191208",504.227133940089
"LOC105185449",7794.57568717097
"LOC105185477",1695.16106356882
"LOC105191196",7237.64952248801
"LOC105185453",11172.0897196301
"LOC105185461",4459.77969193689
"LOC105185481",4278.00164849958
"LOC105191206",7066.50157508985
"LOC105185488",12322.4058173961
"LOC105185465",3733.76921218664
"LOC105191205",12110.4451704264
"LOC105185447",22271.3991363161
"LOC105191203",855.754878886337
"LOC105191197",8906.40059677408
"LOC105191187",1866.8942222737
"LOC112589480",466.630384372902
"LOC105185467",13490.8511784113
"LOC105185460",9982.94375160789
"LOC105185483",3609.69436837834
"LOC105185452",4540.43375514709
"LOC105191202",7644.28224214458
"LOC105185478",8351.5023902649
"LOC105191193",6038.99323931275
"LOC105185471",1919.07618955367
"LOC105185456",2895.98997877403
"LOC105185466",8950.82453412486
"LOC105185446",5066.9094486885
"LOC105185486",3730.02269272336
"LOC105185472",11416.2458339473
"LOC105191186",4516.75573020657
"LOC105185462",14851.3730203139
"LOC105185469",411.160907415416
"LOC105185454",9268.56059636875
"LOC105185457",3803.91860458717
"Importin-4",3310.95543278846
"LOC105191209",1394.19596005215
"LOC105185475",1904.73778512639
"LOC105191194",11064.7657751737
"LOC105191198",1344.71191567316
"LOC105185464",1254.18361844401
"LOC109504040",2280.00569242004
"LOC105185455",5179.65912993451
"LOC105191199",11373.2705250255
"LOC105185463",1830.75362037844
"LOC105185482",11144.6188678622
"LOC105185484",12420.4293752655
"LOC105191207",9255.80600053157
"LOC105191201",4036.42356777334
"LOC105185470",5464.69132893183
"LOC105185451",9803.27487257597
"LOC112590243",744.361268466352
"LOC112590246",403.585908887723
"LOC105190339",3469.06956787657
"LOC112590254",7565.43633850267
"LOC105181348",6521.33389513006
"LOC105186266",17840.9048120581
"LOC105181346",10750.3101287008
"LOC112590242",400.454554143874
"LOC105188692",10526.319765592
"LOC105188690",3385.5300027232
"LOC105188687",5516.08803038487
"LOC105181682",1621.3240725593
"LOC105181255",7599.60250988869
"LOC105188685",12063.5648611195
"LOC105181200",2511.97213016131
"LOC109503659",3186.08349574064
"LOC105181247",17703.2173664333
"LOC105181693",11441.7821079803
"LOC105181222",4850.67321003171
"LOC105188689",6978.23917904706
"LOC105181270",8436.81991907694
"LOC105188691",5988.71493173762
"LOC105188684",4870.89963772983
"LOC105181265",17765.9636882702
"LOC105188688",10859.8672596342
"LOC105181242",8084.2972435511
"LOC105191950",4297.41775514485
"LOC105183805",2494.35071393649
"LOC112589103",665.868970236505
"LOC112589101",536.815988350726
"LOC105183815",4166.684835736
"LOC109503590",6251.65078076432
"LOC105183799",5035.99173512277
"LOC105183812",319.643995703029
"LOC105183819",2131.30782055879
"LOC105183809",4307.62327147066
"LOC105192556",10293.1714138666
"LOC105183806",6637.24135791203
"LOC105183816",3028.89081464763
"LOC105183804",14380.4290024003
"LOC109503927",3400.09609425847
"LOC105183800",7406.24719948822
"LOC109503585",548.967904770609
"LOC105183811",3957.75738333348
"LOC105183821",932.7371260613
"LOC109504680",2725.31563563918
"LOC112589097",2369.24450606349
"LOC105183824",7376.64808366033
"LOC112589096",487.242272463794
"LOC105183808",6757.50506489108
"LOC105183820",6224.12996981324
"LOC105191951",1933.16401215391
"LOC105183801",1233.57530733839
"LOC105183802",7372.03921594454
"LOC112589216",7366.97029757858
"LOC105188902",5698.19010403122
"LOC105187110",679.312788585458
"LOC105186183",1470.54882198896
"LOC109504102",418.393590456415
"LOC105186213",1635.48428407694
"LOC105186203",3442.31806521512
"LOC105186207",10087.9668892545
"LOC112588863",6735.81663269388
"LOC112588865",1113.14482657707
"LOC105186210",4355.7927057441
"LOC105186206",1849.42455498377
"LOC105186209",502.232897906001
"LOC105186208",11883.8520164768
"LOC109504428",1495.65688660986
"LOC105181742",957.405040423539
"LOC105186204",6366.50269523501
"LOC105182882",2239.42623731374
"LOC105188374",2883.1940717182
"LOC105182885",3464.40425615429
"LOC105191813",7201.24343655382
"LOC109503807",8653.61170524264
"LOC105182861",1880.89524629399
"LOC105182881",2399.55620880736
"LOC105191851",2693.70312135011
"LOC105182879",5376.0833050979
"LOC105188382",3988.74553306902
"LOC105188384",3446.14439187895
"LOC105182863",8067.89516080546
"LOC105191766",5799.10102658435
"LOC105188371",3817.39850399718
"LOC105182857",6925.0800272638
"LOC105182860",872.170619806333
"LOC105182859",5075.14694314258
"LOC105188379",1597.6128240613
"LOC105188373",7191.7625275125
"LOC105188375",4289.33100044872
"LOC105182854",9247.41621645372
"LOC105182884",821.869681328006
"LOC105182856",12993.5339346854
"LOC105182862",2328.25404572237
"LOC105182877",2431.13140248921
"LOC105188380",2913.94932371217
"LOC105191790",2986.92848549827
"LOC105188378",431.596764336723
"LOC105182889",420.212861121124
"LOC105182872",4318.47024388626
"LOC105182873",1946.14577695638
"LOC105191856",518.686315779619
"LOC105182868",2143.75826796067
"LOC105188372",4100.93873408039
"LOC105188386",16264.4898276058
"LOC105188377",10730.234342727
"LOC105191800",4213.46682063221
"LOC105182867",8056.34674825415
"LOC105182865",5900.89889830138
"LOC105191842",986.824329026209
"LOC105182874",1393.07786391221
"LOC105188381",9962.0754938906
"LOC105182890",4958.17751649225
"LOC105188390",4650.20059655375
"LOC105182891",11455.4335837817
"LOC105182864",12537.1334322463
"LOC105188392",2050.23798265254
"LOC105182866",5755.61875626415
"LOC105182887",853.916039851624
"LOC105188391",7057.54258308113
"LOC105188383",8620.38474183772
"LOC105182871",24644.4926930763
"LOC105182883",3123.38728915713
"LOC105182870",9885.82017165087
"LOC105182895",299.975187432853
"LOC105188376",4971.62142624363
"LOC105182875",803.987411705581
"LOC105182858",929.264663625488
"LOC105182869",4667.82026882018
"LOC105182894",6811.00628909064
"LOC105188387",10708.6277938561
"LOC105182878",5614.5360919308
"LOC105182853",530.083208226323
"LOC105184226",947.495668645347
"LOC105184233",7812.99116982726
"LOC105184234",5365.77528131002
"LOC105184232",3271.5202803781
"LOC105184229",4248.40522119654
"LOC105184227",6299.22180352632
"LOC105184228",5121.61300648377
"LOC105184230",367.04903939002
"LOC105182931",1066.56700933163
"LOC105182929",3148.14443897606
"LOC105182928",8606.59176764759
"LOC112589805",1221.65110206741
"LOC105182971",1281.1409417386
"LOC105182932",3776.11574775855
"LOC105182934",2906.76444015816
"LOC105182933",7304.72272954842
"LOC105182930",6130.21267655345
"LOC105192139",8825.74517348774
"LOC105192128",2625.08068877727
"LOC105192132",954.731132859199
"LOC105192153",1875.07538973538
"LOC105192152",8018.7331083312
"LOC105192134",17359.6841521842
"LOC105189547",20255.7461430662
"LOC105192147",20044.521312272
"LOC105192144",3094.01077542884
"LOC105192136",5689.90723110488
"LOC105192127",31953.3826543015
"LOC105192142",4177.77710829671
"LOC105189619",5291.09494831905
"LOC105192140",6071.95757090381
"LOC105192129",4723.89896532377
"LOC105192138",7472.97633311836
"LOC105192143",2119.92236863564
"LOC105192145",11217.9752709908
"LOC105189435",7676.2993949575
"LOC105192151",697.085741631171
"LOC105192133",9671.39194934192
"LOC105192150",7117.48148342855
"LOC105192148",13339.8351165587
"LOC105189068",738.404487848741
"LOC105192137",1433.96653467485
"LOC105192146",10582.985974324
"LOC105188916",5665.94446621953
"LOC109504363",556.000653220881
"LOC105189864",4067.22486945742
"LOC105189691",517.425517814089
"LOC105188629",1287.63992392346
"LOC105188635",832.642941606001
"LOC105188627",8358.90015649907
"LOC105188628",6832.75380613889
"LOC112588964",1515.86008239541
"LOC105188625",4436.35660279291
"LOC105188636",587.740692964121
"LOC105188626",1173.80028762256
"LOC105191761",1654.09647545622
"LOC105191751",7762.28068737379
"LOC105191757",2400.61229663915
"LOC105191764",15481.413224064
"LOC105191758",8247.45156095445
"LOC109504660",2425.83767888145
"LOC105191765",10380.2695280963
"LOC105191762",5611.2614296992
"LOC105191755",5190.31055197126
"LOC105191748",7780.83438609587
"LOC105191753",15550.0983117287
"LOC105191760",829.82294513094
"LOC105191767",16972.4885108273
"LOC112589582",542.042298511353
"LOC105191749",10978.7478916891
"LOC105191756",4455.11002244295
"LOC105191750",3611.22948546133
"LOC105191763",3175.16862747717
"LOC109503974",2474.86624502461
"LOC112588491",584.719173416738
"LOC105185372",19462.2874688905
"LOC105185358",6738.20846226495
"LOC105185375",4309.585727675
"LOC105185374",7173.9641678505
"LOC105185370",10169.0875753044
"LOC105185357",22409.3179977159
"LOC105185377",3050.32183614033
"LOC105185368",459.918508776295
"LOC105185367",9965.65222258845
"LOC105185361",8780.04831236353
"LOC105185362",454.999445210437
"LOC105185365",5197.29877633612
"LOC105185379",4055.16226145925
"LOC105185366",4768.01310124419
"LOC105185359",886.762833620047
"LOC105185364",1300.70479124694
"LOC105185373",7488.91414721128
"LOC112588413",1317.59768571646
"LOC112588412",8815.45145039116
"LOC105185363",18374.9159492299
"LOC105185360",14932.6691696468
"LOC105186657",3339.78759588295
"LOC112589205",3545.27085043492
"LOC105184033",12750.5010313887
"LOC112589200",786.152578709266
"LOC105184032",111095.584845884
"LOC112588054",406.250533784247
"LOC105181441",38416.4206961833
"LOC112589204",683.108871541712
"LOC105188397",1818.52593193683
"LOC105182079",7624.10005276279
"LOC105188395",4270.61193167796
"LOC112588640",1240.7871653209
"LOC105188400",11332.012209435
"LOC105182076",5828.46988166127
"LOC105182080",9135.46698586439
"LOC112588637",3369.79006541041
"LOC105182075",1100.11918326341
"LOC112588638",5526.15650862916
"LOC105188394",6441.32975363126
"LOC105188396",1585.64625105663
"LOC105185869",6839.93181500411
"LOC105188398",10881.0201782478
"LOC105185868",1127.54459951411
"LOC105182078",297.569995321692
"LOC105182077",4095.78026510349
"LOC105182074",3340.44025589786
"LOC105188399",1119.05852873332
"LOC105189149",11923.8000490344
"LOC105187040",5746.25283327797
"LOC105187069",3678.51734848685
"LOC105187034",16817.5434779026
"LOC105187111",3863.23740545133
"LOC105182587",3035.21318824815
"LOC105182590",1078.92736007038
"LOC105187013",5303.28522554255
"LOC109504400",530.409753304532
"LOC105182592",5984.28337976846
"LOC105187093",10390.7196868402
"LOC105189143",4583.82391279902
"LOC105182586",10964.7129917089
"LOC105189145",6769.34374624558
"LOC105189148",762.322717854534
"LOC105187058",5837.11988252481
"LOC105189152",6924.84013272663
"LOC105182591",4200.97538793367
"LOC112588237",1316.31926182269
"LOC105187052",5771.72359204574
"LOC105182589",15934.835599678
"LOC105187062",6135.27447333005
"LOC105189151",4017.83783720712
"LOC105189146",12083.965687479
"LOC105189142",2002.68324978598
"LOC105182593",6194.03911789077
"LOC105192009",7711.58013926519
"LOC105192016",19326.4278790367
"LOC105192015",3467.35100082371
"LOC105191386",908.225792778949
"LOC105192012",361.199641442491
"LOC105192014",5875.07828291048
"LOC105192010",4569.57313225153
"LOC105191387",5188.82903193762
"LOC105188211",12992.0940185122
"LOC105188485",4640.75405877864
"LOC105188418",8250.41629220661
"LOC105187350",4353.60651572436
"LOC109504268",1212.40183258608
"LOC105188207",6920.93732672198
"LOC105188263",10407.6348950053
"LOC105188206",10679.3130526312
"LOC105188342",7946.81155787695
"LOC105180489",12570.3758487959
"LOC112589339",4037.37789525452
"LOC105188018",6197.60440977907
"LOC105187947",2062.17015259259
"LOC105180490",7733.57950918472
"LOC105180491",8169.68994411179
"LOC112588026",3154.93575200233
"LOC105188088",1065.65618617523
"LOC105182087",18348.0374658792
"LOC105182084",1057.47312256813
"LOC105182091",15551.4986436675
"LOC105182095",8478.71170245522
"LOC105182090",4669.10881524081
"LOC105182092",5386.44006345639
"LOC105182088",5910.9241719748
"LOC105182093",35756.8900348913
"LOC105182089",7712.55180355422
"LOC105182086",2278.83417845532
"LOC109503581",10291.6807051008
"LOC105182125",6130.70100420593
"LOC112588626",412.483507709765
"LOC105182137",6847.41836979704
"LOC105187477",8271.5911230663
"LOC105182127",6388.87200211056
"LOC105187469",17276.3930834647
"LOC105182132",380.752377510936
"LOC105182144",9027.04857798442
"LOC105187472",9934.92252463754
"LOC112588625",1814.11171611482
"LOC105182143",3712.68900147248
"LOC105182136",8424.33063026569
"LOC105182123",13784.8356896977
"LOC105187481",9568.22135634288
"LOC105187476",5923.7255753122
"LOC105187475",1245.65423997037
"LOC105187474",16760.6993587344
"LOC105182142",855.13464446392
"LOC105182139",10760.6089906667
"LOC105182138",8144.93641856378
"LOC105187488",6207.7257575053
"LOC105182133",8770.18584233022
"LOC105187500",796.71430974708
"LOC105182134",3171.93547539813
"LOC105187480",4512.50531402755
"LOC105182128",7109.06159370437
"LOC105187478",40970.3962254377
"LOC105182126",3603.22451673508
"LOC105182140",2214.08616240639
"LOC105187479",8420.83231432209
"LOC105182129",9240.73181838429
"LOC105187482",5207.40939418115
"LOC105187499",6360.34196594081
"LOC105187717",12306.9652434455
"LOC112589292",10674.0443222906
"LOC112589285",20294.8997810741
"LOC105185089",17810.4015193871
"LOC105187719",1397.97072020758
"LOC105185877",5976.20933971846
"LOC105188852",6867.29871749587
"LOC105185875",12849.9486815989
"LOC112588024",3597.12937377969
"LOC105185090",1679.1343158742
"LOC105192219",15246.5545721187
"LOC105192074",1283.48334890781
"LOC112588056",4448.93172130461
"LOC112589288",2632.08912473035
"LOC112589279",7069.17926517853
"LOC105187718",2802.55325452546
"LOC112589280",1086.73077973382
"LOC105190982",16431.8169365022
"LOC112589282",2082.53795348174
"LOC112589278",7964.99001037869
"LOC109504258",265.770739771464
"LOC105185876",17497.9236181043
"LOC112589284",1586.16965007007
"LOC105190416",2144.96066942842
"LOC105192218",16771.2608488606
"LOC105186987",2097.95084625366
"LOC105192220",18708.1353595197
"LOC105185620",6237.94091041088
"LOC105187721",8715.38316815912
"LOC105190984",5073.83992704218
"LOC112589287",858.539560455773
"LOC105186916",7888.43172504505
"LOC105186920",2310.23106065094
"LOC105186915",2664.19159905999
"LOC105186922",12612.4926847549
"LOC105186919",974.046996553247
"LOC112588940",2378.47375900986
"LOC112588941",378.309394705975
"LOC105189114",6377.51619814167
"LOC112590276",721.935196825405
"LOC105184213",6930.05188478885
"LOC109503958",301.617834514536
"LOC105184279",10279.514844384
"LOC112590277",386.595008830882
"LOC105184218",10090.5053666587
"LOC105184222",432.539149668968
"LOC105184211",6176.09042775321
"LOC105184280",1988.57749474611
"LOC105184214",12204.5010600199
"LOC105184224",7413.55969659938
"LOC105184219",4553.70730196589
"LOC105184212",5950.22833604262
"LOC112590278",3904.63537012146
"LOC105184209",9475.43818958612
"LOC112590280",7963.35172881539
"LOC105184208",4874.72873057855
"LOC105184221",13121.6206199383
"LOC105184217",7946.49365569268
"LOC105184225",19808.7228333426
"LOC105184220",6242.68391884878
"LOC105187925",319.462191428245
"LOC105187926",2243.72348190134
"LOC105187927",509.831787769663
"LOC105188042",6548.50622273613
"LOC105185694",270.871732619288
"LOC105185696",12962.769048465
"LOC105192638",124512.28776464
"LOC105185692",685.72130716144
"LOC105186184",975.469255667143
"LOC105188045",13942.7522424406
"LOC105185693",7851.46838740393
"LOC105185691",27364.3178594886
"LOC105185690",3307.90296602767
"LOC112590113",2195.01102408431
"LOC105186668",10591.5193162968
"LOC112590106",3098.25508240796
"LOC105180765",5148.26658576219
"LOC109504246",798.723822219017
"LOC112590114",12524.6022497134
"LOC112590103",346.244725252497
"LOC105180764",8668.56250577652
"LOC105189345",4422.9145325904
"LOC105180769",2311.25613267015
"LOC112590111",5573.51457310818
"LOC105182291",11504.8019293944
"LOC112590104",6518.90001320558
"LOC105190412",4796.65526972266
"LOC105189344",7240.44917312438
"LOC112590108",4920.01640400128
"LOC112590110",3424.03598218186
"LOC105180768",1812.91830214771
"LOC105180766",5766.88187644634
"LOC109503984",1808.89321650534
"LOC105186665",7669.45030994968
"LOC112590112",1354.28171337069
"LOC112590105",637.197550156041
"LOC105188987",4578.00986234623
"LOC112590109",11781.9677206812
"LOC105186667",6775.21979516225
"LOC105180770",2963.04802537993
"LOC105187933",12193.2986435977
"LOC105186669",5882.84033815616
"LOC112589484",830.335120515881
"LOC112589483",479.296962839241
"LOC105183052",5322.95345526384
"LOC112588663",9363.71280010902
"LOC105183055",22342.0435157261
"LOC105184940",388.588142823628
"LOC112588661",5709.66239793551
"LOC105189488",43081.6629276672
"LOC105183054",21748.6931649258
"LOC112588660",278.830943996462
"LOC105184939",2567.82648110486
"LOC105181529",35516.4756207893
"LOC105181546",5481.04170526507
"LOC105181558",1207.37066438411
"LOC105181035",7722.05917528243
"LOC105181515",2503.82792036154
"LOC105181552",21931.9517276515
"LOC105181510",4107.84369395272
"LOC105181522",11926.6666389444
"LOC105181507",31334.8001776143
"LOC105181533",7327.91861091567
"LOC105181531",3270.98167555965
"LOC105181541",2579.36401119383
"LOC105181556",17314.6228424385
"LOC105181540",929.154320065037
"LOC105181547",14777.4245195886
"LOC105181514",5460.14669859835
"LOC105181539",16003.3053886629
"LOC105181509",4785.11893348598
"LOC105181555",4060.48179122408
"LOC105181524",7513.84295356816
"LOC105181505",1287.57674183193
"LOC105181512",10428.3068534729
"LOC105181525",3975.87347127385
"LOC105181033",3582.61762631321
"LOC105181535",9500.90598509404
"LOC105181517",3410.36260004936
"LOC105181513",708.809265778387
"LOC105181551",5761.05272544207
"LOC105181520",8400.45057430502
"LOC105181511",5593.52560771321
"LOC105181532",3531.93739417992
"LOC105181534",9846.00827464162
"LOC105181544",7148.52236615395
"LOC105181518",9750.46690443196
"LOC105181537",2762.99115785775
"LOC105181550",837.771350931344
"LOC105181526",10858.0733135753
"LOC105181519",1100.67156524795
"LOC105181538",4430.25634055963
"LOC105181528",19989.5053184169
"LOC105181549",711.44219050661
"LOC105181560",6479.64261880056
"LOC105181553",8494.47252954256
"LOC105181536",2082.5050493884
"LOC105181516",8212.98077771073
"LOC105181559",6289.88886757078
"LOC105181554",8998.01825090854
"LOC105181561",1736.87458942327
"LOC105181545",6175.1464629335
"LOC105181523",10697.7856496141
"LOC105188637",4595.97769110125
"LOC112590488",7023.64893348938
"LOC105186675",6139.48407146553
"LOC105185627",9643.91959720838
"LOC105186677",1612.75542804486
"LOC112589172",407.987309343676
"LOC112589165",1261.85726097181
"LOC105180990",9586.55001173636
"LOC112588043",1513.3974549344
"LOC105185619",9410.75149311378
"LOC105190909",9848.12396067801
"LOC112589173",7318.69206014748
"LOC112589178",4271.03987716497
"LOC105190908",3964.04299190561
"LOC105183011",15904.0770666238
"LOC105180993",524.57547122171
"LOC112589171",1240.73529515281
"LOC112589192",1429.01747487129
"LOC112589156",2194.84935859566
"LOC105189352",2949.01319834523
"LOC105183012",12273.9548205752
"LOC112588088",8016.88641736538
"LOC105180991",1041.26329231646
"LOC105180992",20406.4298784072
"LOC105192574",1754.70068622863
"LOC105192558",21403.5639167762
"LOC105192573",3927.72212520533
"LOC105192563",2531.19533731657
"LOC105192580",11968.3982116608
"LOC105192559",18005.3147342775
"LOC105192564",3086.80823831547
"LOC105192576",7140.45828717142
"LOC112590697",1306.38345710404
"LOC105192582",12530.2715937115
"LOC105192566",7535.86824052614
"LOC105192570",9217.91788069675
"LOC105192562",4429.34017967181
"LOC105192571",10511.4661670669
"LOC105192572",7583.65472653203
"LOC109503595",2801.68454848238
"LOC105192577",3678.96142580785
"LOC105192578",39970.0641625137
"LOC105184352",4057.58322505509
"LOC105186583",9389.46805050629
"LOC112590482",1159.45105490307
"LOC105187137",444.951358693448
"LOC109504155",718.741432598675
"LOC105181432",26910.2094367616
"LOC112588930",1935.70574353389
"LOC109504182",282.869301717419
"LOC112588928",2305.00249372958
"LOC105192361",2862.20079568576
"LOC105192362",11781.2096670435
"LOC105192363",4383.07029916307
"LOC105192373",1317.74938291207
"LOC105192366",5538.75588645817
"LOC105192357",3158.6306054554
"LOC105192364",605.877886253706
"LOC105192359",1863.95107927178
"LOC105192354",5490.76565985922
"LOC105192372",3551.18595217686
"LOC105192351",9369.78246830495
"LOC105192368",6128.61336387575
"LOC105192369",11497.2239875147
"LOC105192352",9949.3607503996
"LOC105192356",3552.22091760581
"LOC105192375",7006.61306824648
"LOC105192365",1817.28509431042
"LOC105187650",5041.37077231064
"LOC105187714",2700.95497676189
"LOC105186984",4822.81700372291
"LOC105187678",9882.68864610929
"LOC112590535",591.226435103963
"LOC105190451",11127.152578047
"LOC105190630",728.686664497327
"LOC112590187",1914.62767726424
"LOC105192214",19683.2017134554
"LOC105182201",5595.13509243615
"LOC112590185",510.332407036894
"LOC112590186",1855.47178266024
"LOC105189490",14756.9724372186
"LOC105187575",1190.32665773388
"LOC112588581",551.289018076032
"LOC105186831",2580.74222357733
"LOC105180759",336.190073913279
"LOC105180756",3356.19678285771
"LOC105180757",3698.45250182241
"LOC105180754",482.69186563634
"LOC105180755",2279.18540161804
"LOC105180752",6247.70525283575
"LOC105183731",2103.92490909335
"LOC105180753",15403.4507896904
"LOC105188482",8291.95088816588
"LOC105188472",6224.9992266609
"LOC105188467",828.278085587447
"LOC105188476",15091.4034533832
"LOC105188471",4365.14365540304
"LOC105188459",5029.60746796173
"LOC105188478",5206.83819386555
"LOC105188483",432.686123037056
"LOC105188468",1816.06547294425
"LOC105188461",11123.9376630569
"LOC105188460",10770.349713839
"LOC105188477",6563.14313830051
"LOC105188469",4351.09340339883
"LOC105188484",7266.56694235633
"LOC105188481",7475.36278519611
"LOC105188479",8129.36751220917
"LOC105188487",8436.10506150062
"LOC105188480",3602.81080807248
"LOC105188475",2171.97637670351
"LOC105188473",4435.98861288326
"LOC105188466",14886.5349985086
"LOC105188490",4365.19376905041
"LOC105188486",10641.4886305528
"LOC105188465",4703.33283259886
"LOC105188462",9791.85317778301
"LOC105188489",6213.4659093271
"LOC112589988",2063.390733966
"LOC105188488",3170.68718419825
"LOC105188470",9973.19545597804
"LOC105183599",11958.3838880251
"LOC105183596",1941.31268013056
"LOC112589080",318.609188302443
"LOC105183598",1121.35728142573
"LOC105192628",12465.533134263
"LOC105184301",7445.02011761304
"LOC105184303",1031.94416317852
"LOC105190097",328.70940359404
"LOC105184302",5387.82066554915
"LOC105184304",11155.3324513823
"LOC105180708",6524.01373738181
"LOC112588267",694.27484393403
"LOC112588266",1594.86443841997
"LOC105187630",2556.54306491102
"LOC105192625",4219.64959114988
"LOC105192626",2920.21084151869
"LOC105192624",882.916554841767
"LOC105192627",4490.49175714961
"LOC105187629",7274.50896767832
"LOC109504252",7288.13448091681
"LOC112588264",270.218116532806
"LOC105192092",6693.97477488
"LOC105192094",14703.291857298
"LOC105192098",2910.83073938005
"LOC105192093",8319.50656438935
"LOC105192091",6389.6055094958
"LOC105192106",476.080681300919
"LOC105192099",4656.86049338223
"LOC105192101",7663.32831070707
"LOC105192089",7869.02754042234
"LOC105192102",4577.5372216558
"LOC105192104",8429.26511638986
"LOC105192096",1272.50883858934
"LOC105192095",10042.2011011074
"LOC105192090",12622.818212814
"LOC105190642",9914.83207026149
"LOC105190635",4849.39587130656
"LOC105190637",6377.53005758222
"LOC112590031",790.43162384829
"LOC105190638",26642.2302273504
"LOC105190640",944.413900723184
"LOC105190641",8033.30476032831
"LOC105190645",379.148203714611
"LOC105180825",342.995018976716
"LOC105180869",585.05728956932
"LOC105180976",7517.02388221841
"LOC105180858",6082.67076663123
"LOC105181099",1317.20194520125
"LOC105180894",4515.82193097449
"LOC105181091",5436.30359793595
"LOC112590464",3941.79799403608
"LOC105180972",5717.32453079691
"LOC105180884",5370.02592833154
"LOC105180997",7162.97701135003
"LOC105180904",744.775272135683
"LOC105181043",1746.33717922273
"LOC105180837",1752.96577238774
"LOC105180938",19567.8830349756
"LOC105180984",1908.4051560901
"LOC105180929",789.122164727662
"LOC105180832",299.899116250758
"LOC105181006",8087.20175968094
"LOC105181034",6417.30616302822
"LOC105180914",1308.76155610217
"LOC105180925",3228.37209070075
"LOC105180966",5102.6235617255
"LOC105181013",1791.43311487249
"LOC105185976",6150.87341405004
"LOC112589774",1301.7552155332
"LOC105185991",15468.2145731742
"LOC105186002",7603.79511354148
"LOC112589771",1202.25274494732
"LOC109504093",626.661400384316
"LOC105185973",8530.44560744255
"LOC105185988",2686.05098152578
"LOC105185975",1436.74248847461
"LOC105185987",4961.75472297723
"LOC105185986",4120.15744679517
"LOC105185981",2704.49314313905
"LOC105185985",1901.17283989877
"LOC105185983",4442.6491502743
"LOC105185990",3923.94220617519
"LOC105185978",32279.9097381751
"LOC105185977",551.862753956461
"LOC105185989",20625.450376052
"LOC105185979",9121.62948440669
"LOC105185993",33797.6828943049
"LOC105186003",612.855900486492
"LOC112589775",1626.06053614888
"LOC105188112",12159.6579981496
"LOC105188117",3921.2993091238
"LOC105183102",1845.18332956202
"LOC105183096",13725.5303393293
"LOC105190697",6982.30128393987
"LOC105188116",8895.90360234815
"LOC105188109",4626.54417142399
"LOC105183098",4172.13928978204
"LOC105183090",6095.29153953351
"LOC105190696",1035.14890651811
"LOC105190695",6078.76838685617
"LOC105188118",3611.04640472856
"LOC105188110",1776.41352059771
"LOC105188111",1416.50769717962
"LOC105183095",7145.10106741059
"LOC105183094",2031.89418823658
"LOC112590433",291.138446002959
"LOC105183088",3881.82075029313
"LOC105183103",2138.46102851093
"LOC105183091",1589.69950208705
"LOC105183104",4239.62517217885
"LOC105183089",1282.86181940758
"LOC105183106",6621.24857867703
"LOC105190698",4802.00772843222
"LOC105188108",1795.10498603787
"LOC105188115",2810.96791868447
"LOC105188113",6562.5807928852
"LOC105181603",1856.52681185363
"LOC112589866",445.321099835408
"LOC105180794",6489.39974219112
"LOC105180881",12448.8479261732
"LOC105185612",7110.44050271947
"LOC112589870",1954.08384142663
"LOC112589878",454.00177695591
"LOC105180777",8225.8144360549
"LOC105185589",305.140721916877
"LOC105185614",7360.81991310161
"LOC109503623",5569.65195366019
"LOC112589872",13174.8778573342
"LOC105180882",6542.40575309561
"LOC105185586",9287.91084424811
"LOC112589874",3481.29652995014
"LOC112589871",10569.6953455988
"LOC112589880",425.669184457675
"LOC109503823",2626.66473987214
"LOC105185520",5242.58897911326
"LOC105185519",16310.5599028521
"LOC105183384",13886.8626008333
"LOC105185534",2261.2410942596
"LOC105185523",13729.3044331628
"LOC105183382",12139.1338125845
"LOC105185524",16767.0035289851
"LOC105185527",1054.19830857307
"LOC105185514",1931.36088261137
"LOC105183383",4560.5929401576
"LOC105185522",338.593680947723
"LOC105185515",4659.85354597457
"LOC105185521",5186.84044312153
"LOC105185526",25524.3935942659
"LOC105183477",7599.45229014209
"LOC105183549",7174.19507094687
"LOC105183555",4372.126848017
"LOC105186744",14638.9018246751
"LOC105183592",8188.90291375291
"LOC105186739",6089.67814264476
"LOC105186748",4354.07801758618
"LOC105186738",12131.5925618484
"LOC105186737",5882.82844194995
"LOC105183602",8527.29508218069
"LOC105186742",575.889527145328
"LOC105183570",9069.91555406461
"LOC105183531",19867.5630748963
"LOC105186749",258.357136659374
"LOC105186741",1223.30213592972
"LOC105183539",3953.25748100022
"LOC105186746",4394.72529608597
"LOC105185963",3345.97836356757
"LOC105186666",6855.55273099093
"LOC105185962",1495.00357559247
"LOC105186435",2217.84604495319
"LOC105186606",4684.83948915912
"LOC112588190",329.768689919064
"LOC105186552",11329.6840278536
"LOC105185964",6351.8297414578
"LOC109504162",4568.93244832603
"LOC105186591",5252.50576007738
"LOC105186658",4297.57716525646
"LOC105189436",7884.16303748256
"LOC105185961",9774.40369192308
"LOC105185965",5525.80728629666
"LOC105186569",13165.1463821373
"LOC105186682",433.418010172035
"LOC105186614",62790.3969280708
"LOC105186621",1117.87193765233
"LOC109504127",11424.9748842221
"LOC105185966",8848.18283250149
"LOC112588189",21717.879079482
"LOC105186630",900.291990182498
"LOC105190326",5256.31952346899
"LOC109504509",325.293528274518
"LOC105190311",962.646310863959
"LOC105190312",2487.87173105032
"LOC112589982",669.609491068292
"LOC112589985",292.246487362438
"LOC105190323",4241.73375109386
"LOC105190324",2879.16687823216
"LOC105190320",12882.7901393962
"LOC105190310",13742.7107076854
"LOC105190325",5848.52840203867
"LOC105190329",1568.00942591888
"LOC105190314",5986.72302002897
"LOC105180780",7392.63293563666
"LOC105190321",14320.0456408569
"LOC105190319",4828.53846353215
"LOC105190318",7057.79226564211
"LOC105190315",9953.16084069668
"LOC105190322",391.964145018743
"LOC105185615",4147.57192432958
"LOC105184431",652.781260977272
"LOC109503939",1201.79114531729
"LOC105190917",12544.4627549539
"LOC105190914",10726.2928891324
"LOC105190921",8280.41332910276
"LOC105190924",3893.34279526828
"LOC105190922",2320.938119106
"LOC105190931",5023.49540129105
"LOC105190918",287.245373580555
"LOC105190932",580.083989863461
"LOC105190911",6600.14443623336
"LOC105190923",10989.7323862678
"LOC105190915",2770.68445433901
"LOC105190925",2751.77630589549
"LOC105190928",17686.424928295
"LOC105190929",5704.16947292322
"LOC105190913",617.107562098165
"LOC105190927",10059.784743137
"LOC112588510",1582.89693804593
"LOC112588511",3642.42905403002
"LOC105190098",12640.2516919327
"LOC109504607",1045.91376708711
"LOC105190099",4688.67216311492
"LOC112588512",4939.16345811262
"LOC105191171",1450.09122053033
"LOC112588515",436.825325111387
"LOC109503943",2275.49661723926
"LOC105181318",6361.87546711351
"LOC105181317",617.945359312286
"LOC105181310",2382.74598845655
"LOC105181314",4479.66015652479
"LOC105181322",3985.70167431869
"LOC105181319",5841.36316119888
"LOC105181316",567.068161126381
"LOC109504154",712.196852228416
"LOC105181312",497.104117866249
"LOC105181320",2616.99489314338
"LOC105181324",635.678280882305
"LOC105181323",1698.0309147706
"LOC105181309",7641.97276899081
"LOC105181326",620.14554830016
"LOC105186582",3839.11044201975
"LOC112590380",456.957298047999
"LOC105183022",605.312189361285
"LOC105185294",376.175935249381
"LOC112590381",8291.80125374344
"LOC105181427",6614.18656740693
"LOC105180507",8269.6660695199
"LOC112590379",5011.97697571481
"LOC105181137",4083.82654247488
"LOC105184175",6109.1513895066
"LOC105181136",7037.72355459904
"LOC105181138",32900.9926459241
"LOC105190688",5983.9257517038
"LOC112588837",359.091576905695
"LOC105192126",6268.94811074498
"LOC112588839",775.690218761237
"LOC105190690",609.844838905875
"LOC112588840",2737.31725353187
"LOC105187635",10885.5615565964
"LOC112589186",6418.21923517049
"LOC105191511",14649.0262182272
"LOC105191521",12460.6314432589
"LOC105186734",1693.52038248003
"LOC105191493",2063.40339341308
"LOC105191479",5445.9065288314
"LOC105186740",1675.91129287007
"LOC105191555",6180.63133978232
"LOC105191529",5774.83320938035
"LOC105186726",9698.31897426314
"LOC105191566",1550.38796375987
"LOC105191504",12483.4547601073
"LOC105184882",5929.66183498796
"LOC112590206",550.238389602335
"LOC112590214",1336.55156874496
"LOC112590211",267.974809441244
"LOC112590212",257.498861257884
"LOC112590209",646.657314376087
"LOC105190762",12843.2446773332
"LOC112590213",1297.18386911213
"LOC105191561",2172.52210187937
"LOC105191562",1042.71899972833
"LOC105191560",3892.68900653718
"LOC105191567",2544.8304098491
"LOC105191565",3544.28216300091
"LOC105191563",7128.6705825453
"LOC105191608",7392.24564229965
"LOC105190053",291.235060103218
"LOC105190050",10097.2941584561
"LOC105186251",9980.95207347483
"LOC105186248",8599.85331256725
"LOC105186250",5943.75954066017
"LOC105186249",4895.63559708545
"LOC105186245",3389.45599505956
"LOC105186247",14074.210604605
"LOC105186244",630.777842664807
"LOC105186242",1755.02184075031
"LOC105186243",17926.3041661033
"LOC105186254",862.496131752662
"LOC105186253",8616.75412091285
"LOC105186246",6119.38115909285
"LOC105186241",2360.41401806843
"LOC105185003",505.966111664849
"LOC105187298",6356.63165392578
"LOC105180680",3323.28071122025
"LOC105187769",17134.8984382949
"LOC105181471",567.224905655077
"LOC109503580",3473.21075610909
"LOC105180679",3962.08812093551
"LOC105181479",4759.39677345705
"LOC109503685",5757.55113650133
"LOC105181475",9013.14446302066
"LOC105181480",8643.65688834908
"LOC105181477",4939.12377021584
"LOC105180681",3093.26537262367
"LOC105181483",13330.4885307865
"LOC112588037",6541.53051182173
"LOC105181474",21341.6438225979
"LOC105181486",7240.97935027531
"LOC105189072",9918.65248235818
"LOC112590552",448.359977869049
"LOC112590515",8341.49245704617
"LOC105186443",13611.94784098
"LOC105181476",10356.1035005934
"LOC105181484",18943.394021528
"LOC105190295",14507.7048090559
"LOC105181478",1100.72430418193
"LOC112590508",10068.0508950132
"LOC112590554",782.129106541705
"LOC105181481",931.541648303446
"LOC112590490",7977.65046555347
"LOC105181485",3736.79950385165
"LOC105190511",5066.26010616555
"LOC105190537",4106.10948245749
"LOC105186201",676.155640915922
"LOC105186198",3229.92757982503
"LOC105186197",1417.57796084416
"LOC105186196",6690.61694459232
"LOC105183605",975.974151635691
"LOC105186194",5676.32735816919
"LOC105192603",1978.67527435655
"LOC105192611",4341.70936141214
"LOC105192604",3641.64211303608
"LOC105192596",4178.35756779403
"LOC105192605",671.280500077623
"LOC105192586",2871.26578999329
"LOC105192606",4729.94391687674
"LOC105192600",5852.98781117143
"LOC105192591",3515.77191808546
"LOC105192601",7395.63819635018
"LOC109503598",3719.87259668761
"LOC105192615",11674.3823309328
"LOC105192613",580.539353271974
"LOC105192608",1331.03519802038
"LOC105192609",6002.00126821757
"LOC105192599",2970.01607749794
"LOC105192614",12455.7378516835
"LOC105192610",1600.70693454092
"LOC105192594",27809.5956538357
"LOC105192616",1254.69392621947
"LOC105192587",3658.64616263997
"LOC105192607",6519.55500700775
"LOC105192593",1575.83650321566
"LOC109503599",1129.65331861443
"LOC112589654",527.333313341754
"LOC105192588",2773.58741692545
"LOC105187348",4329.12109118736
"LOC105187347",8571.28273301397
"LOC105187345",14222.9540130682
"LOC105187346",6498.95661703488
"LOC105187359",11948.0624005065
"LOC105187349",11946.9806733194
"LOC112590181",498.246585149522
"LOC112588044",745.248780414558
"LOC105191814",5622.35159162997
"LOC105184599",5403.90597966027
"LOC112588890",648.485392359955
"LOC105184596",10415.7198624288
"LOC105184589",6891.25303936835
"LOC105184587",1328.50979369812
"LOC105184603",352.319614279339
"LOC105184602",8839.75813324522
"LOC105184597",4420.31590917478
"LOC109503988",271.747115583783
"LOC105184588",13835.2710721751
"LOC105184598",4413.10323457771
"LOC105184593",5414.15081955774
"LOC105184591",3344.09366754279
"LOC105184600",6956.43125599263
"LOC105184601",8112.36415849583
"LOC105184586",4255.78482904972
"LOC105184592",11624.3235096456
"LOC105183018",1344.8492837054
"LOC112589503",751.359743401529
"LOC112589502",599.099836542438
"LOC105183019",2691.78092712438
"LOC112589500",7438.55960506486
"LOC105183017",2267.28558636572
"LOC105183015",335.288289809123
"LOC109504668",4268.29958883117
"LOC112589505",3538.33846256597
"LOC105183016",7830.32580361277
"LOC112589506",337.059387328548
"LOC109503822",3578.78794533769
"LOC105186908",15218.2063351909
"LOC109504180",8474.00569411911
"LOC112588966",894.06784670343
"LOC112589012",601.219181793253
"LOC105186095",3060.96276637488
"LOC105186080",11429.5352037474
"LOC105186075",6675.42501145789
"LOC105186071",5774.0987931647
"LOC105186072",2918.66571573545
"LOC105186081",644.9729116599
"LOC105186073",3733.53213182037
"LOC105186092",1390.18191608538
"LOC105186077",3231.7719852531
"LOC112589010",4649.87579897358
"LOC105186078",1148.09539606028
"LOC105186076",315.456057974562
"LOC105184187",11356.492060663
"LOC105184192",1542.29814823437
"LOC105180658",4709.5749163265
"LOC105184201",5009.25370402972
"LOC105184200",10220.9168070358
"LOC109503953",2441.04280804374
"LOC105180655",1242.66158076063
"LOC105180644",11044.5248378174
"LOC105180648",4245.92832417983
"LOC105180654",1262.73799652384
"LOC105184198",802.943602110116
"LOC105184194",878.517913770619
"LOC105184193",8316.59928039135
"LOC105180647",5432.33484096934
"LOC105180657",11548.0702851326
"LOC105180642",17173.1510613099
"LOC109503954",4767.24146918325
"LOC105184195",336.814833461963
"LOC105180650",6665.27536483034
"LOC105184188",1661.28470621207
"LOC105184189",4990.49637301721
"LOC105180651",649.315012441388
"LOC105180646",15764.7263955593
"LOC105180645",29780.7954497723
"LOC105184197",4199.27395824854
"LOC105180656",17279.4487523932
"LOC105184190",6903.10529559141
"LOC105180653",4632.17079774557
"LOC105180649",1009.1601081415
"LOC105180659",4001.96343608726
"LOC105184196",4179.18102421327
"LOC105184199",3787.18256176193
"LOC105190102",17891.1706366056
"LOC112589650",4632.2669023946
"LOC112589647",725.772154363568
"LOC105190101",759.797141166729
"LOC112589648",1853.33439032428
"LOC105188985",11368.4002096779
"LOC105183455",893.425378477781
"LOC105184565",1379.78884550944
"LOC105192159",1648.65413135871
"LOC105181307",4413.4798151636
"LOC105183463",3847.32429294735
"LOC105185417",4028.54927744997
"LOC105190904",9637.39156158815
"LOC112588348",892.733385857926
"LOC105186513",2771.93030803721
"LOC105192160",7192.288617767
"LOC105184564",7342.76759734302
"LOC112588349",1613.40233241283
"LOC112588350",438.852980121903
"LOC105183439",1072.61953223503
"LOC105183468",14120.2680708295
"LOC109504083",3604.12135931263
"LOC105183905",4615.78203289652
"LOC112588143",1062.10625836032
"LOC112588142",9460.4854996768
"LOC105180989",9375.98256373956
"LOC105183275",2345.51292921291
"LOC105189395",4868.28745101345
"LOC105189393",962.137880539195
"LOC112588106",1451.23558084533
"LOC105183274",6356.00338221245
"LOC105183269",11445.8686044611
"LOC105183284",15008.6834730465
"LOC105183273",7229.34356867714
"LOC105183282",1358.29334517802
"LOC105189394",5131.60248086975
"LOC105183276",4766.58597363361
"LOC105183285",2212.39286009065
"LOC105183283",1478.60169332918
"LOC105189389",15116.3956275058
"LOC105183280",1401.61006471025
"LOC105189392",13845.5560224605
"LOC105189388",14828.6519652702
"LOC105183281",10744.2323473129
"LOC105183278",3865.47337897178
"LOC105183272",7848.26060868603
"LOC105189391",20687.3696343605
"LOC105183277",8512.8812348257
"LOC105183270",4557.98564064478
"LOC105180854",3741.93011252523
"LOC109503641",1229.85254992965
"LOC105187098",4675.92091024322
"LOC105187097",4405.82820920453
"LOC105180851",7731.59561890833
"LOC105180856",942.923128030322
"LOC105180857",5840.5559098886
"LOC105187092",2486.18007974413
"LOC105180853",980.634673210354
"LOC105187099",341.47024543549
"LOC105187772",16375.580596497
"LOC112589133",506.190192905788
"LOC105190866",6430.76945696617
"LOC105191816",1486.5482509027
"LOC112589981",9105.04083237451
"LOC105190864",19735.8031126555
"LOC105183261",3249.30372159761
"LOC105183264",2719.88015807563
"LOC105191283",8471.08260224435
"LOC105191284",3169.52219736966
"LOC105183265",2574.62340218414
"LOC112590328",473.883824529233
"LOC105185957",427.791583482159
"LOC105183262",9360.15976715518
"LOC105192678",2805.08563207852
"LOC105192679",4049.26969533541
"LOC105192682",3612.71459509337
"LOC105188236",676.35223805757
"LOC105192674",544.249781526352
"LOC112589210",1458.90134918286
"LOC105180483",15982.3015562862
"LOC105192677",4342.66496918487
"LOC105192672",5843.13559135068
"LOC105192671",2258.73863242836
"LOC105180481",3830.75778587717
"LOC112588659",4016.47862599694
"LOC105189791",16821.6810929214
"LOC112588658",7064.15396760136
"LOC105189790",4919.07136821621
"LOC105189792",6565.86190654229
"LOC105185882",6230.61678730026
"LOC105185881",6009.62944302874
"LOC105190977",2547.69372960126
"LOC112588475",10035.0644624802
"LOC105185513",2141.67704182665
"LOC105182529",2777.44123864484
"LOC105182528",18794.7351063153
"LOC112588474",2124.6342272435
"LOC105189962",13870.5106213672
"LOC112588848",753.442887290119
"LOC109504085",627.950598190536
"LOC105186674",580.299660282906
"LOC112588846",5143.02057564273
"LOC112588852",6286.67494597045
"LOC105185611",9096.90209736586
"LOC105186673",1394.2270040746
"LOC105190410",2879.1219583327
"LOC112588845",3660.83823906741
"LOC105191732",10263.9866661852
"LOC112588850",14381.45847738
"LOC105190455",259.626077051645
"LOC109504523",3044.9376075173
"LOC112588844",5350.84641932387
"LOC105187778",9746.60880986175
"LOC105184057",5558.87317860615
"LOC112590067",1625.09188747324
"LOC105184056",6917.16108597814
"LOC112590070",4156.17394977322
"LOC105184058",17621.5707953215
"LOC105187785",5588.09365802576
"LOC105187779",2471.28229073795
"LOC105184055",3618.82779431313
"LOC105187784",12173.1357951223
"LOC112588823",1311.45797796014
"LOC112588821",1972.92277117169
"LOC105183194",9318.64310309661
"LOC112588822",3791.55613213345
"LOC112588971",1301.38098459126
"LOC112590469",448.848551836386
"LOC105191318",3292.97113350749
"LOC112588899",445.665847825477
"LOC105181462",8697.94598729457
"LOC105181588",898.129782733442
"LOC105181719",11127.6805562322
"LOC105190939",12482.2412954039
"LOC112588897",1925.69780423614
"LOC105181674",1251.49252144623
"LOC105181617",5645.90220708475
"LOC105181422",8748.40123922697
"LOC105181473",5389.06302386833
"LOC105190938",15388.448882129
"LOC105181647",22405.1170436412
"LOC105181548",7382.81143201215
"LOC105181595",6154.9329568121
"LOC105181728",4126.17785757589
"LOC105181667",7194.54221819161
"LOC105181431",3330.22984836148
"LOC105181604",4815.55106310614
"LOC112588898",652.965056734538
"LOC105181530",1386.55593412256
"LOC105181542",4812.61590284911
"LOC105181448",6822.50067558785
"LOC105181557",8174.30326244953
"LOC105181654",5339.26258224436
"LOC105181521",10508.4331829912
"LOC105181629",5299.22337584296
"LOC105181609",8285.80165898355
"LOC105181508",7703.72823772005
"LOC105189934",15039.3833277471
"LOC105189070",1338.26629735511
"LOC112590493",9194.34015711427
"LOC112590494",3303.31468985589
"LOC112590492",808.96279858908
"LOC105183639",15570.0245998364
"LOC112590049",676.743593833226
"LOC105183965",4474.58762291122
"LOC105190933",7750.76018533723
"LOC112589066",9954.36120618008
"LOC105190934",4243.87708534276
"LOC105190413",897.248584937404
"LOC105183591",10231.2128982539
"LOC105183590",2235.63616234438
"LOC112588101",8706.73221022893
"LOC105183593",8519.2257344772
"LOC112588102",1604.06453082124
"LOC109504442",3515.61816736251
"LOC112588104",13484.4060668969
"LOC105183595",3356.91030594329
"LOC109504039",1489.52036756158
"LOC105185497",3316.10373337178
"LOC112588812",13674.8745498333
"LOC105185490",9043.25177096041
"LOC105185502",388.217753392136
"LOC105185491",1738.38895664325
"LOC105185503",1638.69478190842
"LOC105185499",14128.424606626
"LOC105185496",2717.92454271329
"LOC109504036",3016.74437626984
"LOC105185493",14751.2788702131
"LOC105185504",12953.0428577626
"LOC105185505",1658.87291777931
"LOC105185495",619.017335662275
"LOC105185489",4209.18362013307
"LOC105185500",637.69438666732
"LOC105185498",7984.38114874888
"LOC112590270",490.146974984346
"LOC112590269",427.811517894166
"LOC105189426",6464.9395267615
"LOC105189427",2543.66176014153
"LOC112590260",3268.04617797481
"LOC105183133",3297.17645162604
"LOC112589075",762.980052131436
"LOC109503914",4041.45037925645
"LOC112589076",305.057458722162
"LOC105185893",910.20988069161
"LOC112588252",7964.95251823805
"LOC105189069",4339.62672846712
"LOC105189067",9438.9865714347
"LOC105191179",20967.3474730656
"LOC112588249",3744.7523689738
"LOC112588255",974.557503904948
"LOC105180939",10265.5136623439
"LOC112588245",15531.4306937452
"LOC112588248",6018.22263387101
"LOC112588256",2048.58392800123
"LOC112588250",11774.3826693292
"LOC112588253",1674.89883910255
"LOC112588254",9282.81782587971
"LOC105185888",8604.8774722849
"LOC112588244",2223.52998534073
"LOC105185902",2792.85996457703
"LOC105180940",8431.88440791972
"LOC105183742",3514.42838365119
"LOC105185971",786.054454173147
"LOC105182522",7476.60142302994
"LOC112589294",386.364306631162
"LOC105190760",10499.5661742487
"LOC112590120",573.084573204469
"LOC112590117",685.881624016508
"LOC105191647",12725.2719834177
"LOC105184305",8127.8426475622
"LOC105186823",2316.7445561397
"LOC105186820",5210.70476189365
"LOC105186824",2940.86257854796
"LOC112590442",810.423613488509
"LOC109503949",1953.08829214951
"LOC112590438",311.269173446337
"LOC112590436",462.685573260845
"LOC109504293",856.397166501673
"LOC112590443",4817.26106957651
"LOC112590440",8172.03021617141
"LOC105182726",7654.80016641049
"LOC112588392",776.466753144223
"LOC105191305",1223.53232366748
"LOC105187149",24154.2325403453
"LOC105187160",1940.73164833827
"LOC105187138",4108.85745461789
"LOC105187292",2658.95426078951
"LOC105189972",6794.66257365667
"LOC105187129",6416.26431179637
"LOC105187124",499.748646845963
"LOC112588400",11417.5564573007
"LOC105190579",2148.24691313325
"LOC105190550",3409.96380993082
"LOC105190547",5633.60672691558
"LOC105190549",8021.96530148878
"LOC112588720",8587.57050055848
"LOC105183676",8678.56550957418
"LOC105183677",15923.040480066
"LOC105183679",4762.63798108155
"LOC105183672",1677.17989064506
"LOC105183678",4505.47299571559
"LOC105183673",8904.54304262644
"LOC105188161",6724.32464669746
"LOC105187983",9712.27356499145
"LOC105188157",2677.3558719765
"LOC105188156",1105.58172636902
"LOC105187986",10833.9396851058
"LOC105187995",441.489839567587
"LOC105187985",5724.75707847819
"LOC105188153",538.138877038752
"LOC105187980",3098.3439117056
"LOC105187978",6437.27354405225
"LOC105187987",7238.29576546116
"LOC105187981",8814.28102134504
"LOC105188158",31228.8758255563
"LOC105187977",8604.81053271762
"LOC105188155",2916.04495361121
"LOC105186536",11456.6748061617
"LOC112589840",381.002830089544
"LOC112589839",255.468872816383
"LOC112589841",8847.36259306714
"LOC105181746",761.115383820189
"LOC105187055",991.640584006428
"LOC105187053",6446.78723221579
"LOC105187054",321.088545345699
"LOC112588923",4340.32548699433
"LOC112590192",283.273891850847
"LOC105191040",1273.04863326784
"LOC112589832",2154.56235067402
"LOC105191005",23450.0429682207
"LOC105190891",296463.259173363
"LOC105190902",3255.97561710249
"LOC105191089",4897.4947605659
"LOC105190941",6469.5959130237
"LOC105191081",1727.92960814891
"LOC105191044",8454.17041074389
"LOC105190983",8670.52534681089
"LOC105191033",2471.60945181336
"LOC105190962",775.423880465826
"LOC105190926",5884.67055518061
"LOC109504583",1328.83952870059
"LOC105190936",5555.48269969717
"LOC105190998",3284.47620976526
"LOC105190919",4339.55542865582
"LOC105190112",5506.96360626883
"LOC105190110",5444.73034854809
"LOC105190109",1115.31720088347
"LOC105190114",12538.7719756263
"LOC105190113",4882.0199648223
"LOC112590533",7293.25199845711
"LOC105190107",2444.88117431652
"LOC105190105",19882.391400791
"LOC105190108",1937.22075327503
"LOC105190103",9933.2276297905
"LOC105190111",2665.14765238585
"LOC105190115",9679.00393140481
"LOC105182602",2979.90527051668
"LOC105182603",705.939894732676
"LOC105182604",2741.35805287761
"LOC112589140",3584.71877284731
"LOC112589139",526.151142556173
"LOC105183798",8702.93233868343
"LOC109503826",13812.0173935854
"LOC105183797",9340.48932414877
"LOC105188886",4887.37153512416
"LOC112590699",641.946823058123
"LOC112590788",1765.27651503013
"LOC105189349",3390.26787960034
"LOC112588361",2084.3653972344
"LOC105186419",6316.25741946519
"LOC112588360",1838.14882196174
"LOC105186427",1304.68358459052
"LOC112588757",1601.53846205565
"LOC112588756",1806.83173351483
"LOC105191220",1187.4128128592
"LOC112588035",9135.11664551336
"LOC105182518",4942.46630763375
"LOC105191219",2674.461826332
"LOC105180687",5060.41559777175
"LOC105182341",846.735158344953
"LOC105191214",6202.99995968422
"LOC105191215",1566.51880384544
"LOC105191213",3750.91666893029
"LOC105191212",21777.8731431497
"LOC105185024",1559.28618902307
"LOC112589571",3913.70365599021
"LOC105185025",8347.71395696788
"LOC112589305",362.748587055245
"LOC105188222",11613.8905606483
"LOC112589304",530.065255106445
"LOC105188224",2873.66675460957
"LOC112589303",2222.70632539431
"LOC112589707",4037.41929472392
"LOC105186167",832.775800348723
"LOC105190439",10303.6942506345
"LOC105190437",8255.79478364456
"LOC105190441",2178.55395434565
"LOC105190436",4366.59511214038
"LOC105190438",3617.5865154827
"LOC105190444",1869.63266146433
"LOC105190445",3855.47330324361
"LOC105191741",10565.4995809148
"LOC112589300",2373.97130943508
"LOC105191274",13585.4202403854
"LOC105191740",5195.97361495915
"LOC112589299",5061.77133777264
"LOC105191743",16059.9553541133
"LOC105191272",7258.58910223657
"LOC105191739",1293.91691546542
"LOC105191736",7205.65208184025
"LOC105191737",9126.45964266705
"LOC109504623",398.757617315792
"LOC105191735",10587.6427224251
"LOC112590066",2054.16809588382
"LOC105185880",6039.93453386151
"LOC112590062",275.053146701445
"LOC112590060",3008.54977796659
"LOC112588061",7629.51774715579
"LOC112590065",534.350662612087
"LOC105190623",11858.4912400701
"LOC112590063",12537.6062920765
"LOC112590059",15365.6442540133
"LOC105185883",8311.09185433845
"LOC105186661",10793.8741870671
"LOC105186662",1338.49615600054
"LOC112589185",748.917108912392
"LOC112590341",319.660246962384
"LOC105191282",12681.6851962463
"LOC105184467",3711.97355113326
"LOC109503830",6691.85761202844
"LOC105187361",7683.49887715083
"LOC112588943",2810.18952346622
"LOC105187360",1179.91651458249
"LOC112588944",1586.41992539693
"LOC105185296",361.390233524239
"LOC105190303",2443.54383698397
"LOC105188213",8659.43910176655
"LOC105186728",3020.91682353506
"LOC105186731",9239.85377035027
"LOC105186732",15818.1477303985
"LOC105186733",1687.91704746856
"LOC105186729",10772.6476905841
"LOC105186730",4929.90258097899
"LOC105181768",3362.73804417072
"LOC105180582",1958.86339998589
"LOC105188612",5335.53886068798
"LOC105188616",2194.82413252274
"LOC105188620",1434.59487525607
"LOC109504347",7257.49259503189
"LOC105188614",1867.79807215187
"LOC105188615",3658.01340152861
"LOC105188618",6500.79546243104
"LOC105188617",8661.37115925406
"LOC105188613",6537.05045514951
"LOC105186171",73546.8639677303
"LOC105186173",10363.3099664187
"LOC105186170",98996.812018099
"LOC105186172",6580.88892402832
"LOC105181500",19758.1302997504
"LOC105191039",3277.50359944141
"LOC112588403",4129.67175550746
"LOC105181501",5185.169326059
"LOC105184611",317.105521942464
"LOC105184885",284.171828377255
"LOC109504149",6220.88484445417
"LOC112590340",6166.52378183718
"LOC112590334",5141.97200196083
"LOC112590339",9967.99577107902
"LOC112590336",11576.4018753489
"LOC109503961",9485.58138740137
"LOC105186438",15525.5875675276
"LOC105186261",2590.37630599714
"LOC112590338",5403.2694063119
"LOC105184466",1448.45037183936
"LOC105192256",15584.1998240867
"LOC112590332",4768.31882107982
"LOC105184540",9183.79097006971
"LOC112590335",9982.26299719474
"LOC105186262",2316.42797731024
"LOC105192257",1018.26269061961
"LOC112590333",2189.54005169518
"LOC105184541",5446.00215814884
"LOC112590331",10932.175145232
"LOC105184542",8096.02679731931
"LOC109503786",1574.33999480027
"LOC105180859",7399.01328722035
"LOC112590100",465.777895467725
"LOC105186858",1128.2995221321
"LOC112590102",2270.86632381314
"LOC105192551",1218.35754072922
"LOC105186365",7329.24246995141
"LOC105192554",6885.63047232076
"LOC112589157",7121.78645062675
"LOC105186366",8847.07363103986
"LOC112589160",316.040803419643
"LOC105180999",16708.0723321371
"LOC105192555",7201.75739340555
"LOC105192552",6952.25416128779
"LOC112588765",467.165958184973
"LOC105185295",588.284390968022
"LOC105185921",13392.452517642
"LOC112589579",735.168287248883
"LOC112589576",9426.19221930495
"LOC105185920",4680.63171055041
"LOC105191465",3720.88035596133
"LOC112589320",375.471278716139
"LOC112588042",298.00139989971
"LOC105188107",5517.06775568067
"LOC105191464",5454.16098895961
"LOC105188106",511.919704617202
"LOC105183704",810.79022116241
"LOC105181740",4310.49943585425
"LOC105181735",424.603235651622
"LOC105181736",6678.46903769075
"LOC112589834",3505.90997566669
"LOC105181731",5023.41137050682
"LOC105181730",5830.70849630542
"LOC105181737",958.317117480305
"LOC105181732",13073.9451267627
"LOC105181738",10627.9726166713
"LOC105181739",5929.95778025675
"LOC105181733",22284.3576981874
"LOC105189175",10969.3249110643
"LOC105189173",3655.78029572203
"LOC105189177",17171.1043572331
"LOC109503574",5553.80130227548
"LOC105189176",2073.09648164166
"LOC105184926",13513.4229502467
"LOC105182989",1666.22981329702
"LOC109504575",513.390074946199
"LOC112590477",885.008752557981
"LOC105184506",6501.20045187989
"LOC105184507",628.685301527146
"LOC105184504",8057.83587528553
"LOC105184508",3478.57053181956
"LOC105184501",6699.75110085956
"LOC105184510",6255.80009594141
"LOC105183287",8561.21669983785
"LOC105183288",3547.2272054754
"LOC105183289",2182.82531673927
"LOC105183312",8108.49738500974
"LOC112590330",5085.98669610035
"LOC105182705",466.439974718968
"LOC105182703",1499.3621113604
"LOC112588826",3022.51310844819
"LOC109504549",12733.2757656503
"LOC105184759",5757.96896590754
"LOC105184750",5456.80799762771
"LOC105184754",1502.16428782321
"LOC105184757",536.828005499683
"LOC105184766",10067.1272531201
"LOC105184758",3476.30970165874
"LOC105184753",11623.6971321974
"LOC105184752",13715.7804694905
"LOC105184764",6963.84184415497
"LOC105184755",1641.26084465559
"LOC105184761",8295.73171879584
"LOC105184763",15911.8755030419
"LOC105181927",4826.30631521399
"LOC112588317",1669.31347458227
"LOC109503962",10092.2744446367
"LOC105189216",12183.7696973352
"LOC112588319",10111.7558590425
"LOC112588314",924.941014002252
"LOC105187712",9905.21757870662
"LOC112588320",427.541054831847
"LOC105187713",8592.38948920676
"LOC105181703",3905.42073192593
"LOC105181406",4629.43614201393
"LOC105181379",3941.28137740146
"LOC105181396",1753.00992044003
"LOC109503653",264.120695563874
"LOC105181359",3565.10919557766
"LOC105181343",9183.0210261305
"LOC105181371",8682.27619990245
"LOC105181353",7422.93836009079
"LOC109504100",2302.05527077917
"LOC105181391",4181.6581476554
"LOC105181463",8645.95298841057
"LOC112588555",1014.57287010246
"LOC112588554",256.457464287751
"LOC105186418",7813.75877921061
"LOC105186417",626.156521941787
"LOC105186425",2377.88470145359
"LOC105186428",6105.64997649784
"LOC105186426",8347.35982708176
"LOC105186424",2777.80245335007
"LOC105186420",5855.68853031125
"LOC105186422",17816.9209278418
"LOC105191568",20689.6030584374
"LOC112588105",463.361549666694
"LOC105187711",3348.24506115228
"LOC105187694",11122.1499850524
"LOC105187697",7321.03275770773
"LOC105187701",3762.10562417098
"LOC105187698",323.174723419295
"LOC105187695",8000.68262519932
"LOC105187692",9041.65126224661
"LOC105187700",3837.54337859889
"LOC105187699",9952.06872967275
"LOC105187691",12557.5354164941
"LOC105187696",10082.1993756755
"LOC105187693",3307.94257153586
"LOC105189170",829.654774058895
"LOC105189171",421.330477981715
"LOC112589751",4210.88927890545
"LOC105181341",5661.93838400381
"LOC112589745",761.837765042004
"LOC105181342",10056.4838758269
"LOC112589747",1763.88482491935
"LOC112589746",4339.3986865082
"LOC112589752",4350.77524297292
"LOC105182121",9582.16706876433
"LOC112589749",7969.20834399806
"LOC112589750",3519.38820507449
"LOC112588667",1490.03338702692
"LOC105190694",9282.92738168106
"LOC105181420",6676.77883628674
"LOC105192232",6382.40389703813
"LOC105181421",305.316309119889
"LOC112589890",3464.1236302061
"LOC112589886",292.678680793063
"LOC112589885",8275.8364902149
"LOC112589887",415.895920599984
"LOC112588271",430.869159698613
"LOC112588273",3113.97191914269
"LOC112589180",725.714994468084
"LOC105184942",1306.80976930457
"LOC112589181",7608.6053226109
"LOC112589183",700.742938616792
"LOC112589182",827.244207761675
"LOC112589179",4510.43608648721
"LOC112589177",2346.1639472584
"LOC109504119",1083.91286297202
"LOC109504633",9651.4809093046
"LOC105188675",4207.78734010378
"LOC112588939",1529.49913894361
"LOC105181935",17000.1944967752
"LOC105181936",7752.51504300984
"LOC112589343",4627.49429167197
"LOC105190491",9428.62413269767
"LOC112589350",1064.76530037936
"LOC109503742",10017.4280969712
"LOC112590284",5714.55295683587
"LOC105190335",6240.06152896318
"LOC105190067",3998.78267587568
"LOC105190068",669.912348234966
"LOC105185837",7428.43576176016
"LOC105185838",7224.97132773752
"LOC105184530",7026.62710348856
"LOC105184524",3906.0786375628
"LOC105184525",20114.5906280736
"LOC105184527",4683.28575408889
"LOC105184526",1512.72136133416
"LOC105184523",3043.33918327253
"LOC105184528",8386.45615900784
"LOC105190472",3517.00438990311
"LOC112590217",508.683904689904
"LOC105190355",1350.07160465429
"LOC112588453",7735.74375633462
"LOC105187936",1704.07010982464
"LOC105182788",13618.4836835316
"LOC105182794",4511.48813374543
"LOC105182783",7872.83481516998
"LOC105182787",1200.45697363553
"LOC105182791",5210.51013550307
"LOC105182786",9819.47890332151
"LOC105182844",6744.91495044803
"LOC105182795",324.564071002628
"LOC105182790",645.880213967932
"LOC105182789",30894.6055804628
"LOC105182792",6498.81414857599
"LOC105182784",5829.36535782127
"LOC105180946",1580.34195199051
"LOC112589274",5875.80384201997
"LOC105191729",9271.91325125544
"LOC105191728",9934.2285082649
"LOC105180947",347.204857014593
"LOC105182533",10078.0156547143
"LOC105182541",10895.3172034367
"LOC105182531",10103.5639098879
"LOC105182542",8321.01521655238
"LOC105182535",4517.7183877184
"LOC105182539",6170.00504359352
"LOC105182536",6822.70495254655
"LOC105182540",5134.9116474873
"LOC105182537",18538.0947411088
"LOC105182530",11157.2723614643
"LOC109503770",5220.61000580879
"LOC105182532",8184.99419262455
"LOC105180688",860.897013868519
"LOC112590189",1724.55390046965
"LOC105180689",3278.22154068759
"LOC105180690",5209.9095638747
"LOC105184511",11422.9291291701
"LOC105180691",2495.74155221338
"LOC105181470",7912.49405789893
"LOC105184606",524.817667126121
"LOC105188601",8724.36692587242
"LOC112590226",5930.25689859158
"LOC112590045",4607.98147018878
"LOC112589162",633.05638747696
"LOC105183370",22445.5700536224
"LOC105183371",3386.52321514697
"LOC112589373",7417.18320025866
"LOC112589166",1253.12164349039
"LOC105180563",7655.71820031496
"LOC105180564",1738.75970383695
"LOC105180568",9765.36416037152
"LOC112588958",1620.09794729993
"LOC105180561",13965.2256888135
"LOC105180565",13379.1316547949
"LOC105180558",1401.33656265104
"LOC105180567",7054.14299402546
"LOC112589275",1880.08260907019
"LOC105191902",427.281280058955
"LOC105180979",3828.74904314002
"LOC105180980",3387.50474531844
"LOC112589802",1999.14452441975
"LOC105187794",13825.1474975264
"LOC105184632",13755.8624238948
"LOC105184634",2505.20148940257
"LOC112590148",3741.73771953191
"LOC105184635",2748.71614076926
"LOC112590147",426.176303293542
"LOC105189947",5999.50307199942
"LOC105189944",6157.39547316258
"LOC105189951",2280.67098989848
"LOC105189949",13449.0719219037
"LOC105189942",5637.52495344089
"LOC105189943",12239.619688801
"LOC112590228",2069.3652716949
"LOC105189945",12391.679724896
"LOC105189946",1980.71910824983
"LOC112590151",302.877264492909
"LOC112590195",922.186948976925
"LOC112588576",840.209843080336
"LOC112590239",11114.4810117079
"LOC112590384",2932.47945457032
"LOC105189939",19528.8271091603
"LOC105189941",8273.47501979155
"LOC105180891",4977.69626268212
"LOC105192530",5345.35628219334
"LOC105192529",3392.19651971748
"LOC105192528",3439.49076536144
"LOC112590075",1847.71434210165
"LOC112590078",1971.79960138757
"LOC112590074",5353.70072628257
"LOC112590077",2501.90824710547
"LOC105181295",494.626338508843
"LOC105181294",2016.64280564898
"LOC105183048",2095.08678431208
"LOC112589586",4215.37883125405
"LOC105182919",6772.75125776372
"LOC105182635",7263.74171406545
"LOC105182698",8907.20639035376
"LOC105188630",2362.4999536633
"LOC105188633",3697.36191558958
"LOC105188634",8765.71658337009
"LOC112588969",6192.04963002891
"LOC105181417",7580.42836519716
"LOC105181416",10759.7892112563
"LOC105190759",7437.51339345257
"LOC112590141",1734.4644202365
"LOC112590140",11481.0848032801
"LOC105190758",3092.22801444345
"LOC112590139",1985.95208479451
"LOC112590510",664.236029423671
"LOC105180994",4897.57996770852
"LOC112590428",4699.39080142902
"LOC112590429",1171.893958137
"LOC112589997",711.558076626578
"LOC112589996",1452.8763718996
"LOC105190479",316.452391500543
"LOC105190478",3661.64992691591
"LOC105181297",2147.32039488214
"LOC112588907",533.359414938346
"LOC105181296",4223.12175536174
"LOC105181300",1179.33518625655
"LOC112588901",10075.5834709354
"LOC105184513",6363.82983227185
"LOC112588900",2930.65683598688
"LOC105192018",441.040075880294
"LOC105187393",21971.2185299356
"LOC105187394",8034.84348273045
"LOC112588927",1688.02218405416
"LOC112589440",505.568888488153
"LOC112589437",6675.40770652242
"LOC112589439",737.561594884384
"LOC112589436",8484.28056459923
"LOC112589435",5859.51468822924
"LOC112588861",4727.7040262805
"LOC105189261",1541.7087505529
"LOC112589855",411.766920764617
"LOC105181836",2235.30197854947
"LOC105181837",2947.17434111672
"LOC112589854",1921.26587411664
"LOC105189262",4117.79450537089
"LOC105183129",3305.21580579811
"LOC105183128",21040.3981484237
"LOC105183118",895.304349677817
"LOC109504592",1935.32595210121
"LOC112589884",576.612654166388
"LOC112589883",511.51993108185
"LOC105184362",2929.24972286802
"Trab",4111.73701553272
"LOC112588829",2860.166182193
"LOC112588827",8719.19284605219
"LOC112590425",477.621515677894
"LOC112588448",1215.84486824091
"LOC112589759",4932.01374604442
"LOC112589741",297.940831111671
"LOC112588902",5371.70580064709
"LOC105191853",7439.55415148914
"LOC105191855",1391.55609287263
"LOC112590352",658.264346636029
"LOC105189401",4730.73338624663
"LOC112589904",334.932813943949
"LOC112589332",1127.93470707413
"LOC105190774",907.156080749005
"LOC112589861",1052.74910056737
"LOC112590154",9914.55405084728
"LOC105180998",5745.83465018963
"LOC112590462",457.175012921757
"LOC105189263",5388.03648343675
"LOC112588030",2581.01149617307
"LOC105188602",4012.36700963893
"LOC112590155",438.552922930674
"LOC109503957",1178.51752842884
"LOC112589237",521.605986546245
"LOC105190865",6320.94189942178
"LOC105192623",9843.37512068932
"MT-atp6",57038.6553693819
"MT-atp8",1028.77345060036
"MT-cob",69834.9022555088
"MT-cox1",252359.754404765
"MT-cox2",165792.129411727
"MT-cox3",254556.024100482
"MT-nad1",62836.3991579203
"MT-nad2",61572.9397334808
"MT-nad3",10067.7779130893
"MT-nad4",4218.5290698166
"MT-nad4l",26133.1453823991
"MT-nad5",37595.7272271693
"MT-nad6",89879.4994922075
