"","deviance"
"LOC100576147",11864.8606233361
"LOC100577342",1132.26011365411
"LOC551556",47724.5042737781
"LOC727596",62328.5664476523
"LOC102653881",843.982606660204
"LOC413675",29492.8683119659
"LOC412361",29173.6196989728
"LOC100576257",994.811873045616
"LOC409313",62472.3921385927
"LOC552435",59273.1321372752
"LOC102655567",28056.4204955268
"LOC726320",26040.960395309
"LOC551974",72422.6370956708
"LOC726405",49824.6965113553
"LOC102654759",16837.4497540402
"LOC551202",54264.6846292367
"LOC413357",66154.9894945325
"LOC727539",75230.6127969037
"LOC725638",54554.4823108006
"LOC724635",20440.7048158969
"LOC725532",24625.7294968031
"LOC412712",44098.9708955268
"LOC410761",28013.7845034375
"LOC409546",134734.721500858
"LOC725230",76275.4697583653
"LOC724538",69267.9144742166
"LOC102655275",16701.7282846838
"LOC408577",165361.612730423
"LOC102655032",14276.9410669165
"LOC413813",53980.3201131537
"LOC408624",68738.5170764731
"LOC411572",52512.2788890568
"LOC551893",54134.0830062635
"LOC113219119",39636.0275336087
"LOC102655515",19997.6412319745
"LOC100579021",43048.5321343528
"LOC100577039",4101.20603712959
"LOC724327",30120.4906529147
"LOC552374",168616.117437239
"LOC409078",186189.647480545
"LOC102655442",5534.18339134026
"LOC410726",72696.9741373586
"LOC551418",115935.534949156
"LOC102656333",6185.75932248474
"LOC100578479",74380.7639589986
"LOC550901",38898.049518915
"LOC551158",49094.0213149755
"LOC552497",67380.5142985885
"LOC551762",70784.5401127541
"LOC724638",29845.4549868149
"LOC408621",63778.011355838
"LOC100578281",65930.8681412566
"LOC102656429",77358.4386488311
"LOC725982",58231.6629976133
"LOC409937",21131.124488202
"LOC725682",44973.3279891095
"LOC725720",26030.2134048789
"LOC550724",118627.805945998
"LOC410033",91057.8862129909
"LOC113218960",3878.10188140831
"LOC551646",78500.8233481164
"LOC411406",5588.14684260408
"LOC100576288",49434.1709407746
"LOC412117",72067.6706342502
"LOC408565",75558.4176309821
"LOC100578309",25929.4283459389
"LOC551978",79167.7967123198
"LOC100577197",12136.6317315437
"LOC552036",99829.2738653561
"LOC409931",80329.8396792246
"LOC102655185",34604.3687701009
"LOC410733",48482.7672434388
"LOC113219418",12863.2948998724
"LOC107964488",128754.868426932
"LOC724455",62650.4020134611
"LOC100578752",52766.8184975468
"LOC408623",331531.165944636
"LOC100578543",10485.4756470019
"LOC409860",95423.635165045
"LOC102655663",10490.0052166008
"LOC102653680",20338.9340511808
"LOC551647",439743.79054767
"LOC725068",203652.063853113
"LOC726647",99707.5204936038
"LOC724904",11037.4940014552
"LOC413551",76461.3189010299
"LOC724281",2597.64374135642
"LOC409327",180096.031114378
"LOC411976",28585.3084291035
"LOC107966071",10334.2688611193
"LOC100578952",38610.2574668597
"LOC552440",44201.4307548341
"LOC113219395",13105.4743544873
"LOC410702",67849.1972948875
"LOC409481",102668.733405602
"LOC408600",133060.63422887
"LOC113219103",689.825491524589
"LOC411836",30630.8220883303
"LOC726119",51469.6670552722
"LOC107965622",18266.6252750912
"LOC113218813",24186.9740849367
"LOC100577074",21586.9540959156
"LOC100577882",10439.8824703502
"LOC551204",85198.6687015968
"LOC409027",130997.914933176
"LOC410766",88390.3009155099
"LOC551581",24142.0594673761
"LOC412626",29010.0480635265
"LOC107965716",21573.3046579419
"LOC552628",38134.0820339217
"LOC726291",60182.1097210005
"LOC726088",76579.3073058985
"LOC411700",122523.319881225
"LOC408602",144287.615002601
"LOC724798",36984.1074093884
"LOC551280",38973.2356682722
"LOC107965530",836.50781344929
"LOC725388",66568.7154333168
"LOC107966045",2269.14948103607
"LOC102655811",2863.34377320667
"LOC107966060",890.526739448631
"LOC726014",81735.4737143198
"LOC102655431",2800.60515921115
"LOC725045",33212.5913121356
"LOC113218608",11644.3790963048
"LOC552197",63708.8861424695
"LOC107966072",13332.1990941048
"LOC726348",67174.8343970279
"Akhr",8357.38589807777
"LOC410688",74462.0828414264
"LOC113218757",1879.53326725171
"LOC409096",26644.7505266295
"LOC413574",52026.8126499871
"LOC411850",92924.0799256526
"LOC100576697",37873.3517150491
"LOC410723",98766.7230553497
"LOC410744",24913.716375276
"LOC100577296",14489.3417801996
"LOC551208",36032.1900885805
"LOC100578913",13251.1117083764
"LOC100577425",25341.7656104178
"LOC101664701",14274.43903541
"LOC727452",71651.2061562737
"LOC100578245",29729.275779784
"LOC550903",51829.0601086093
"LOC102656752",767.993162919683
"LOC408626",78509.0907964858
"LOC113219192",658.244262744394
"LOC102655181",5219.49697114515
"LOC725308",70195.4057256855
"LOC102653957",32281.1786346863
"LOC725458",23769.8197995734
"LOC100578631",105946.861610891
"LOC107965607",5776.8772145576
"LOC409859",66876.8647140864
"LOC724634",114949.353101066
"LOC408625",38994.2965025707
"LOC102654555",110669.644408909
"LOC100577239",46110.4030533591
"LOC113219090",11558.1521270311
"LOC412088",88992.1278373135
"LOC552083",52458.3328040568
"LOC409755",36276.2831928739
"LOC551242",57084.0059996913
"LOC724328",59339.2662539725
"LOC552676",45314.0199805236
"LOC552094",96762.3248715699
"LOC726912",88953.6718988293
"LOC725841",40394.5319589802
"LOC551415",50957.9865981535
"LOC724240",85492.1932964129
"Msx",35466.4433989646
"LOC725572",76068.0125507995
"LOC410749",58417.2675140023
"LOC724197",759.074856760424
"LOC100578334",574.078610590513
"LOC102653822",9821.76887594386
"LOC414039",34455.9875714767
"LOC552473",121006.446322369
"LOC107965319",357.38757174617
"LOC100576770",37545.0999043613
"LOC409053",145587.491071993
"LOC100578115",318.629301086229
"LOC113219248",937.780618044587
"LOC413080",25716.9615144502
"LOC410664",63220.6191356066
"LOC100578378",4874.84389253705
"LOC726729",203273.573289269
"LOC102655540",25335.2417759878
"LOC551906",67591.5729251166
"LOC113219285",15623.7058867343
"LOC726220",21141.930759736
"LOC727144",46236.4095197119
"LOC551386",43392.6668471001
"LOC551818",63654.0337654024
"LOC410157",50134.7998135473
"LOC113218547",38359.515123909
"LOC552332",95044.1840778608
"LOC107965369",41867.6090192212
"LOC551670",30064.6276815693
"LOC100577533",45475.5750454784
"LOC100576139",30166.2470688912
"LOC113219245",37398.1641552528
"LOC100578133",20043.0646559631
"LOC414017",95042.5994166182
"LOC550785",1714882.64763729
"LOC413759",193285.309142434
"LOC552660",53864.8318676346
"LOC410772",29537.0545841392
"LOC724639",78724.2790657872
"LOC100576726",2573.88959773455
"LOC100578571",2898.61219716004
"LOC725040",55553.3497998894
"LOC550996",68759.153854752
"LOC725817",30662.8852511011
"LOC409911",117927.084327326
"LOC113218939",7861.03737603275
"LOC552065",39987.7589630307
"LOC410779",341635.824903899
"LOC412114",48035.3313190549
"LOC409689",46338.4022286953
"LOC725279",42120.9234230338
"LOC410736",7282.95532173699
"LOC409109",374596.844498176
"LOC726368",42025.4680226972
"LOC100578657",54333.1509734101
"LOC413425",62483.4662436091
"LOC102655652",11803.4610107809
"LOC408574",60982.0984042427
"LOC724326",29390.3777545838
"LOC113218530",5840.68415589167
"LOC413674",45422.628707528
"LOC100578653",50906.4023004916
"LOC409926",62795.8456781544
"LOC113219272",33052.9325887016
"LOC100576126",613.616851267665
"LOC100576505",5799.39172375567
"Rfwd3",173853.935416473
"LOC102656611",9276.23887702348
"LOC410009",21516.4872734487
"LOC102656644",1767.47032134851
"LOC102653658",56909.1006637365
"LOC551205",62481.689501819
"LOC100577822",12712.1263336136
"LOC412287",83449.1782754411
"LOC409417",81603.8459432856
"LOC409074",84216.1904085865
"LOC100576132",74374.8097788301
"LOC410686",238227.26728821
"LOC100576242",78520.8002122941
"LOC410756",1239158.83657466
"LOC100578472",44998.8401451666
"LOC411985",86075.3492125503
"LOC410718",266964.642309746
"LOC409079",41079.0246111124
"rtGEF",72796.0908066959
"LOC725348",55442.7657184364
"LOC726918",90846.4723313903
"LOC724796",2705.86064032576
"LOC113218850",95910.532821341
"LOC410662",571575.752544968
"LOC726223",46556.6818075765
"LOC100576446",18470.3677169853
"LOC725816",31751.8020113956
"LOC410685",101193.421284982
"LOC100576700",195746.287618335
"LOC552294",134236.640274386
"LOC409392",68494.0226850009
"LOC726590",333.555706335865
"LOC551558",170553.851191209
"LOC724618",766619.370437922
"LOC100576662",2287.35106687594
"LOC102656426",3029.35791138046
"LOC413907",8844.50339188508
"LOC551842",53561.1555588447
"LOC102654856",18780.5736244564
"LOC113219261",22729.5812011386
"LOC409261",44980.1990157934
"LOC408614",297362.173024624
"LOC725746",74174.5951364368
"LOC552366",3019.18594963738
"LOC107965508",46371.6895614801
"LOC552229",14739.3233920129
"LOC724193",13344.0874937026
"LOC412397",55309.9715600907
"Grd",182768.82121944
"LOC413470",107161.714599608
"LOC412141",49143.415355994
"Emc",144779.819886745
"LOC107965915",1030.0359269406
"LOC113219123",1263.84842681801
"otd2",53056.0348409833
"LOC107965347",5453.74578004502
"LOC100577648",62403.2200531506
"LOC725081",102165.947261958
"LOC113219140",2185.28886163663
"LOC551279",255824.757583247
"LOC724118",29459.4313595487
"LOC113218708",35951.5697795786
"LOC100577872",69724.9788609867
"LOC724495",72928.5659444592
"LOC113218910",10001.7269161015
"LOC725712",96103.611986981
"LOC551320",185478.50637955
"LOC102654681",48763.2045047423
"LOC409225",45653.6464978143
"LOC726243",138029.67371191
"LOC102654175",3554.63128300515
"LOC409462",47525.9098046831
"LOC100579018",4107.990254501
"LOC552530",114197.691424014
"LOC724330",34717.3424802567
"LOC411408",75887.4740927891
"LOC408598",90839.6724293299
"LOC100578551",72727.313540925
"LOC113219263",1140.61759489265
"LOC411704",13871.5531486996
"LOC102655107",16471.1546237238
"LOC412016",42433.7091705227
"LOC550645",82018.0663418721
"LOC551531",51708.1828819254
"LOC102654478",4641.40341387259
"Glob1",21717.9152031231
"LOC107964283",98835.0445200668
"LOC107963991",54184.2308410628
"LOC113219406",15049.0472302243
"LOC727199",84223.0762287523
"LOC409298",58670.6997081821
"LOC413303",23590.6832108044
"LOC100577992",28911.739870011
"LOC551791",41399.599518483
"LOC113219088",35608.0007412334
"LOC100578184",3870.67472875281
"LOC551573",64533.2840168497
"LOC413099",62243.8456858827
"LOC100578082",35739.859363267
"LOC412523",28217.9385292406
"LOC107964619",1292.75433379905
"LOC100577942",1910.83998462446
"LOC410748",90669.8266503842
"LOC413631",39965.4916448338
"LOC551680",24975.7817613375
"LOC113219004",47851.4805216665
"LOC410061",98303.8852239978
"LOC408618",402849.654014776
"LOC726591",53484.8417928372
"LOC100577655",979.589177544039
"LOC102656814",25331.1271919419
"LOC726578",1567.07995523272
"LOC552118",40959.739127385
"LOC102654549",3292.97011239454
"LOC413834",110922.444801664
"LOC102655391",10155.9529464025
"LOC409925",74066.8360961775
"LOC726431",69242.2970973853
"LOC408592",12987.7273269725
"LOC102653614",38464.644844844
"LOC408567",53866.9551090558
"LOC726325",84656.8562944075
"LOC113219389",4569.00643613967
"LOC100578883",60841.7928443481
"LOC551381",239010.564617344
"LOC726172",62483.4402083954
"LOC100576820",2412.34712563463
"LOC410727",56014.132410977
"LOC100576537",12352.2053010305
"LOC410719",42135.7574483601
"LOC408586",202771.218853848
"LOC100577918",13315.9051634969
"LOC724992",69778.563033246
"LOC551732",47573.0500220197
"LOC413499",43143.9952520544
"LOC726178",141524.105253492
"LOC107966053",29514.821159764
"LOC551671",29944.8114292285
"LOC724535",140626.665695889
"LOC409620",61058.2689904911
"LOC552163",71609.1370970476
"LOC411351",67212.2240849347
"LOC100578901",33301.2251609719
"LOC725460",230557.533847376
"LOC102655034",25290.9807293659
"LOC409189",155733.123346667
"LOC107965033",8392.96032827548
"LOC551069",312399.760901571
"LOC725748",70020.186776521
"LOC551406",35714.4963088388
"LOC409739",47847.0253611463
"Crz",122286.783271821
"LOC102655073",14109.2974006677
"LOC413524",59762.3543736355
"LOC724681",34640.2516537759
"LOC107965104",14381.7363227873
"LOC724678",57174.2181641172
"LOC107963982",122581.295015119
"LOC552167",75972.8389691345
"LOC725344",40672.1035365702
"LOC100576547",9518.87553498591
"LOC412918",113769.641112082
"LOC411372",40543.4917877035
"LOC411997",21269.4228350757
"LOC726944",23090.4976629545
"LOC413055",67575.3153237544
"LOC724239",1607.27198321177
"LOC552654",57969.5522894849
"LOC113219399",3336.18315789631
"LOC107964061",113674.967123649
"LOC100578016",39005.3160670259
"LOC410705",860.398283181376
"LOC107964012",28300.7900275272
"LOC727331",63656.4204038463
"LOC100577521",10527.8561280462
"LOC552395",7286.81508760937
"LOC113218556",89000.5755934303
"LOC410690",80098.8509853815
"LOC412316",8127.07071028462
"LOC725386",1334.92422932299
"LOC724587",78050.1148565043
"LOC726685",77738.2476142374
"LOC726920",11247.8531057242
"LOC412362",50251.9444443409
"LOC102654916",1977.86824821845
"LOC551469",72977.1966690071
"LOC552067",39219.2864952631
"LOC113219412",232953.436336492
"LOC100576445",25950.3301321865
"LOC102655531",2986.24224862484
"LOC551358",43847.3879362075
"LOC410673",50666.6090112806
"LOC411573",75158.847045153
"LOC408642",20162.7285461472
"LOC724761",125335.349952346
"LOC107966043",97990.3495123773
"LOC551071",240275.238355791
"LOC113218940",911.584979508752
"LOC113219329",2074.39087539406
"LOC410753",32312.723371344
"LOC408619",68469.2654687777
"LOC409922",54760.2889530282
"LOC100578568",7466.18566862854
"LOC413558",117014.455823998
"LOC551941",88754.8022171352
"LOC410757",41290.3226268463
"LOC551207",86511.0043390831
"LOC725345",54876.5157338989
"LOC551676",64506.2754281968
"LOC725154",19483.1214273676
"LOC413560",42956.7134092662
"LOC100578031",184864.699147292
"LOC410725",41114.606044781
"LOC113218663",22961.711794437
"LOC409340",73017.7837705018
"LOC411781",37523.0812533562
"LOC726779",38139.4395824145
"LOC411910",4701.5208091603
"LOC409288",94399.84069479
"LOC726609",123191.214910896
"LOC102656856",7544.70086066082
"LOC410672",76789.8372385395
"LOC113219125",15679.4190034068
"LOC100578131",820.366646051027
"LOC727074",54334.8182661312
"LOC107965231",20830.7682469697
"LOC410034",37354.6111903442
"LOC100576338",18510.8667079732
"LOC410771",127280.987829308
"LOC552372",46264.8213091865
"LOC107964221",66497.5718409185
"LOC725736",38138.0270502991
"LOC408589",153888.871599661
"LOC552064",77069.7756081009
"Trxr-1",75879.4862850078
"LOC102655775",1083.49094603658
"LOC409517",93161.1013807936
"LOC410763",42140.3004572788
"LOC410747",39934.6323966798
"LOC412262",73032.6657798354
"LOC113219392",6858.4304643892
"LOC724196",47599.576815758
"LOC551622",28454.6804362712
"LOC113219135",15702.0652878792
"LOC113218798",40712.1515466672
"LOC409757",91979.8695158469
"LOC725239",7217.50829373978
"LOC113219405",22809.9424038965
"LOC100577833",157074.870617269
"LOC100577113",54369.6565528414
"LOC412588",77991.3083909396
"LOC100576602",81449.6771205922
"LOC100576425",46863.9575552355
"LOC413835",90541.2833037837
"LOC552719",45086.0097931375
"LOC409704",84870.8580492218
"LOC102656044",1475.81330054094
"LOC107965163",8759.7326914217
"LOC724948",79785.6261261876
"LOC726221",91972.5539868597
"LOC726742",57183.3638073481
"LOC411968",700.182505524135
"LOC551450",93374.2000417798
"LOC107965891",20059.9119439404
"LOC409193",83015.6320278493
"LOC412495",54658.8703602833
"LOC107963981",3975.98752416245
"Tret1",315093.673239614
"LOC725527",13826.5247716476
"LOC113219308",18330.7316144862
"LOC727419",30988.0885382505
"LOC725421",45149.4272719949
"LOC113219302",2363.22826744868
"LOC409936",104828.798104797
"LOC724537",72048.5969605098
"LOC102655594",3474.19520230378
"LOC102653866",54461.2187688525
"LOC408573",44517.8979076554
"LOC726259",34840.4072197295
"LOC410777",79554.2921775061
"LOC724282",51579.1877301184
"LOC411794",76490.6475924856
"LOC102654380",1752.01144764369
"LOC100577082",112921.959849784
"LOC113219404",129635.263450043
"LOC113219258",57500.1119078076
"LOC100577325",82520.0304150335
"LOC410678",79707.2452472068
"LOC100578621",127823.423934282
"LOC551546",74738.8325711834
"LOC409126",107380.59804838
"LOC100577365",20115.6052303556
"LOC550977",74262.2305287714
"LOC107965381",44655.8828833333
"LOC102656083",17905.6630940572
"LOC726056",154680.653748052
"LOC409733",81931.4703466857
"LOC724903",499588.745396084
"LOC552095",57558.7606607403
"LOC413118",81494.8930350426
"LOC102655896",106540.314939518
"LOC412528",62068.9298100468
"LOC552153",34056.3035482875
"LOC113218805",39645.960606185
"LOC100578424",42072.2022966921
"LOC725945",1967.98184759426
"LOC724195",496121.454719575
"LOC102656618",42336.4943166595
"LOC409957",205295.885686612
"LOC408635",47041.2419466242
"LOC551156",54990.5263886434
"LOC102654265",27240.8002505849
"LOC100579052",16170.1745590702
"LOC107964068",11887.7736520861
"LOC410694",149198.629859672
"LOC551620",74548.2129083381
"Fabp",72673.6103271893
"LOC113219249",3577.71826950554
"LOC411722",38915.8358713752
"LOC107964890",19963.1928506694
"LOC100577782",8337.92017136065
"LOC410021",407382.402780113
"LOC113219410",43767.6036150937
"LOC551892",51868.8285493228
"LOC100578513",71616.2630545933
"LOC551584",51114.2791405636
"TyrR",568183.063300297
"LOC725776",14418.5547902376
"LOC727087",47493.5316128149
"LOC100577019",361530.60353701
"LOC102655422",932.049952946244
"LOC107964593",3429.0288635163
"LOC107964158",7948.94038042706
"LOC724234",59215.6202124411
"LOC551679",65112.5916299769
"LOC100577481",63941.0731936671
"LOC412212",60030.1350476525
"LOC726148",229321.761302494
"LOC551889",82608.8952228522
"LOC724835",194767.49796667
"LOC409999",49154.9785359947
"LOC102655490",1663.8129690668
"LOC100578205",58024.0084382774
"LOC412745",72042.0313449606
"LOC102655679",59086.4013924081
"LOC413670",15927.3839105839
"LOC100577692",197718.454738683
"LOC100577585",21024.7289169986
"LOC100579059",69551.9155246892
"LOC113219416",49895.885473224
"LOC113218878",37132.9523602758
"LOC100577753",100843.80709232
"LOC408634",40159.7696370022
"LOC552162",51277.1473809109
"LOC107966041",227771.137539117
"LOC410674",228374.158124985
"LOC102654495",16694.2646987036
"LOC413968",643787.266221937
"LOC100578271",97890.0629437943
"LOC724720",77359.3338717036
"LOC551384",65916.2973337536
"Crzr",20292.2881336779
"LOC107964337",6140.95807095494
"LOC102655493",1248.48537067993
"LOC100577336",76135.216384829
"LOC409832",73270.4683585037
"Tpcn1",57785.4887716647
"LOC113219112",70031.7139963416
"LOC551109",45097.4326191898
"LOC413245",45593.6175816177
"RCC1",36679.0505484958
"LOC102656453",12482.2199089389
"LOC412948",63489.524996323
"LOC100576747",79469.0386777348
"LOC100578881",16610.0887306781
"LOC727267",40561.6003048871
"LOC725683",7164.94963765167
"LOC551699",50502.2916292748
"LOC413678",2374.13805086361
"LOC413378",62649.2007428166
"LOC725044",24138.3134363615
"LOC100576230",13893.439637791
"LOC552091",63854.1372685587
"LOC726708",62410.4736755575
"LOC100577704",4501.63254944222
"LOC409606",58047.1623460626
"LOC102654510",36048.1973273784
"LOC408616",228639.242977415
"LOC107966047",3816.92590360541
"LOC100577003",51203.2712776432
"LOC725028",42163.6327301182
"LOC552761",7895.6477147466
"LOC552260",31547.5735394521
"LOC726062",34640.3862896049
"LOC100577501",50038.5540193298
"LOC410739",210213.379332361
"LOC413468",123558.617344179
"LOC413374",61610.6088483232
"LOC551451",56610.8468458292
"LOC412613",58926.2213721127
"LOC726298",102698.14739014
"LOC551206",21018.6327814662
"Pcl",41742.2308968785
"LOC410780",127907.509599448
"LOC551621",16419.4253664388
"LOC727479",36984.3159680913
"LOC726810",20810.9856323791
"LOC102656318",18051.9318424932
"LOC725190",285676.193380138
"LOC551107",225143.588058654
"LOC412813",866157.159501176
"LOC725494",78780.7486894857
"LOC727538",65980.990307585
"LOC408609",58872.3713052346
"LOC551843",91249.1616494709
"LOC100578606",27293.2025398138
"LOC725819",77265.2780856938
"LOC413672",65780.3344141645
"LOC107965930",32638.2280749004
"LOC100578370",65330.0883274935
"LOC411526",72202.1907789112
"LOC725884",227995.526602343
"LOC113219400",30599.6773283409
"LOC100576414",4850.54657002162
"Hsc70-5",129617.658320167
"LOC725284",77766.8768961638
"LOC726446",32525.853525552
"LOC552644",66312.4867875371
"LOC100576258",9805.89924652803
"Slc35b1",63426.4897937845
"LOC102656732",656.605546885836
"LOC100577891",1131.33927748631
"LOC100578042",2738.08232449826
"LOC408597",34849.5677184949
"LOC412406",85544.397224227
"LOC413693",23567.2882157905
"LOC409360",57859.1199813504
"LOC107963988",30272.5642609614
"LOC411473",42466.6696406855
"LOC408587",54299.4318472254
"LOC408633",33292.6201324675
"LOC552128",70952.9701911462
"LOC100578060",2897.6133112825
"LOC413502",2685.09323722403
"LOC107964165",39761.3838646124
"LOC413346",660.919729750417
"Gtpx1",131869.64491189
"LOC724874",11912.4559930357
"LOC726545",3324.73625901034
"LOC724332",44747.8375434908
"LOC410050",38902.6556459193
"LOC102655946",5196.21776158871
"LOC724415",56348.6165381811
"LOC409127",85890.8616999667
"LOC102654159",54718.2008663968
"LOC725042",76708.6528848739
"LOC724585",50489.0977922514
"LOC107964458",2840.61362666561
"LOC409571",32160.3599947415
"LOC413024",149490.484121761
"LOC551383",52634.9367106027
"LOC410671",46238.7942095339
"LOC726756",84626.7901019577
"LOC412511",83540.5362536758
"Nedd9",198917.829500669
"LOC113219111",37453.6076759857
"LOC726015",11587.9226963642
"LOC724283",38800.9163887118
"LOC726347",124599.271594222
"LOC724115",48415.4973378411
"LOC410751",9335.3432819976
"LOC100577194",28404.7384638514
"LOC100578187",26178.0674876506
"LOC410785",323121.640233498
"LOC409238",163807.339913311
"LOC412224",68536.5255213715
"LOC412197",126814.739265523
"LOC725981",41834.3791120379
"LOC113218522",2201.23129251647
"LOC726349",114639.790499838
"LOC726450",164047.887780872
"LOC727019",63229.1203912483
"LOC724994",65093.6305242688
"LOC408645",550644.606877423
"LOC408578",27263.7432221275
"LOC113219402",17291.9077474132
"LOC102655012",29700.8515001215
"LOC410782",74683.9293262393
"LOC100576169",79131.2010124252
"LOC113219388",65634.8309973461
"LOC551281",52712.0498382349
"LOC102656224",102866.69587681
"LOC726412",15327.0048790676
"LOC726972",179556.758847691
"LOC412220",10013.0833767851
"LOC410706",905076.083402599
"LOC725724",56963.485012396
"LOC551356",1302106.8137489
"LOC100577847",55286.1504068422
"LOC409887",60383.3921175719
"LOC551612",75668.3155627383
"LOC410740",52238.1498599259
"LOC102653941",76725.1699747058
"LOC551559",40324.0696026947
"LOC102654047",1256.29640299622
"LOC102656636",39763.9181727911
"LOC726115",24855.5291732322
"LOC413501",5343.21760090425
"LOC411996",100918.483436576
"LOC408632",83068.2441146842
"LOC724372",65163.306546399
"LOC113219393",5687.30396500633
"LOC409607",100890.292597221
"LOC725848",18274.4861751261
"LOC724763",8426.43680484929
"LOC724991",123437.086483685
"LOC102655614",21209.1565345719
"LOC552206",90900.3921077533
"LOC412412",118372.40681755
"LOC727390",54096.6813550392
"LOC413240",25644.449689565
"LOC726544",147090.710168157
"LOC410071",78426.1806456102
"LOC100576961",15943.4212255964
"LOC100578978",12598.0470439751
"LOC414037",79067.7746865302
"LOC102654454",7396.96191144484
"LOC100576164",19104.6053025145
"LOC409584",116918.263274514
"LOC102656037",31663.3546158134
"LOC409717",103152.969732109
"LOC726060",165731.612501111
"LOC102654894",12076.6667145858
"LOC409062",65177.3570446564
"LOC413867",75748.225762093
"Or2",18801.5191100431
"LOC102656489",1097.89994794281
"LOC412721",48314.1749348817
"LOC551960",40586.9160811637
"LOC551790",52326.8082416108
"LOC409505",86346.0778564876
"LOC552243",275973.837679634
"LOC113219409",3824.22377572316
"LOC725647",165526.125065827
"LOC724280",58655.8956859981
"LOC551894",37059.9553793576
"LOC412458",22088.0586251048
"LOC102654917",18683.2502560414
"LOC726468",41297.9371497321
"LOC551154",100148.776596917
"LOC100578820",48132.8627617867
"LOC102655819",2067.58803158445
"LOC100577118",130385.910012269
"cad",3623.03632704241
"LOC100578005",64230.4281433605
"LOC113219271",14858.8947119633
"LOC551111",58358.3844313067
"LOC102653777",5851.68273244261
"LOC725383",260367.003306912
"LOC552502",81105.6062274356
"LOC102656923",21297.8909104601
"LOC551321",55980.4493304405
"LOC724146",45037.0673761222
"LOC413784",238621.924370802
"LOC412949",201122.232974122
"LOC113219256",55563.1967980086
"LOC409100",73003.4369865743
"LOC113219089",7156.6372597736
"LOC107964114",844.580083745943
"LOC102655057",2775.42530517794
"LOC408579",132668.608909436
"LOC411600",73637.8279425093
"LOC725609",65261.1571452575
"LOC413735",37717.2736996256
"LOC102655530",34488.6006185812
"LOC102654358",27760.1303113245
"LOC113219394",25821.3031474933
"LOC408583",225417.937948061
"LOC412674",35730.3328145418
"LOC107965121",781.870344050719
"LOC100578104",1780.76499599405
"LOC102655243",364569.049116534
"LOC411927",34361.055877105
"LOC107965634",936.074265951481
"LOC100576454",70969.8037899098
"LOC113219344",6652.10973351611
"LOC410743",23852.426176907
"LOC727436",22236.8426411081
"LOC726238",492062.954081871
"LOC725320",67633.8317743704
"LOC102654496",3167.3679621351
"LOC411407",51966.9382314226
"LOC551494",91897.6380767424
"LOC102654367",2472.68908738758
"LOC102656491",71372.4837502893
"LOC726145",52249.8797572255
"LOC107964063",3682.4709948368
"LOC107965102",17885.46979673
"LOC107964025",241073.517092176
"LOC410741",216396.073257136
"LOC551585",15742.5590721566
"LOC552602",63128.8292762206
"LOC102655229",5335.1739099273
"LOC552052",65896.7747207264
"LOC100576885",68372.6601038413
"LOC102654365",70070.9304420978
"LOC113218641",282392.231952192
"LOC414021",262576.101363054
"LOC724993",13172.2123571135
"LOC100577977",61487.6647370489
"LOC412449",51182.779058578
"LOC551703",18190.8036507047
"LOC102654114",1778.66910374715
"LOC113219189",29600.4245494608
"LOC410115",59422.2089876839
"LOC102656816",40534.5024778204
"LOC409579",85957.4938786216
"LOC100576708",51828.8635519298
"LOC410665",45439.0462874292
"LOC113218825",2287.67480710952
"LOC409093",93218.1859337864
"LOC100578907",58458.1068837815
"LOC102653619",33018.9825763589
"LOC724279",56587.2036981558
"LOC551385",480803.151494204
"LOC552032",42316.9312053345
"LOC410775",94971.3179614279
"LOC113219398",28314.2783772606
"LOC409105",103560.424720459
"LOC413239",56153.3623659206
"LOC100577522",587084.046864081
"LOC102656214",12321.6169536291
"LOC102656327",20162.3887964508
"LOC551678",66723.6004421314
"LOC725415",353546.696963732
"LOC414022",93377.0673227028
"LOC726722",24440.0401813517
"LOC410791",740492.264730208
"LOC408576",1021164.40330509
"LOC551557",69044.7515757958
"LOC725818",5525.29374820454
"LOC411799",41965.5802876011
"LOC724539",14831.5074467919
"LOC726694",50141.1028270154
"LOC102655778",43197.3606735967
"LOC411965",30308.4060012069
"LOC724235",64688.2727489609
"LOC551157",70106.518264367
"LOC102656720",5913.06439958189
"LOC413649",31556.4656878852
"LOC408641",6706.00960110769
"LOC413577",186719.734685282
"LOC113219074",2103.8792447749
"LOC408603",15391.6335271978
"LOC726788",66449.0553725048
"LOC102653666",27532.9891063636
"LOC102654797",2235.3892213199
"LOC102655568",14544.9323681266
"LOC552549",59261.3895124465
"LOC410765",32098.0315009358
"ecd",77099.4076611833
"LOC413081",47459.7874022833
"LOC113219225",8249.62251457551
"LOC107966049",5618.9671495374
"LOC102656395",1975.62100663441
"LOC100577043",493.799968406889
"LOC408595",84806.9365129585
"LOC726235",54743.4223516412
"LOC413855",70572.1903944153
"LOC412319",52837.2843495216
"LOC410724",105374.775131531
"LOC410717",148276.983729075
"LOC100578882",123949.710332338
"LOC724625",89322.6742854258
"LOC724331",66466.6694576339
"LOC550948",50883.6875310942
"LOC725496",89187.9344322847
"LOC412436",85384.8532262873
"LOC411882",58426.7715095936
"LOC413754",60821.6949219847
"LOC551354",23419.3442774963
"LOC102655747",4864.59602262773
"LOC552185",88904.3127039776
"LOC411705",82819.8929464633
"LOC102654698",51381.6137772108
"LOC100578255",49038.476587642
"LOC107965571",3487.18985422345
"LOC414038",73390.9999069179
"LOC411474",67656.153819871
"LOC113219001",30431.3481832182
"CSP6",79851.7595794006
"LOC100577905",115095.703496294
"LOC102655437",35373.442427851
"LOC100576435",26846.0978256958
"LOC102656513",4096.8099486295
"LOC410788",80045.5949589821
"LOC725387",64594.413174166
"LOC409113",76680.3479724068
"LOC409608",477414.872851997
"LOC102653813",833.390713689992
"LOC100578467",56613.7731891984
"LOC725457",1197.70316871132
"LOC410676",63424.8431603409
"LOC551665",47188.2872904604
"LOC107965063",17962.2321142763
"LOC726369",48648.8917225595
"LOC551623",910170.647241032
"LOC551555",88801.7298280378
"LOC725684",52372.9111058586
"LOC408601",81639.4111068833
"LOC725106",2912.87576893968
"LOC102655249",3573.02938623947
"LOC552187",122527.234515583
"LOC107966054",70786.083684008
"LOC409520",47309.9880811169
"LOC726113",38505.7382451179
"LOC552457",22205.2988763104
"LOC113219207",2645.78948115749
"LOC107964644",10230.4265885584
"LOC413471",18570.8401550289
"LOC552096",41531.2770548078
"LOC726743",29957.6375611246
"LOC409351",72293.8236508725
"LOC410080",60138.0059166335
"LOC725343",62163.3620912143
"LOC551031",293594.324123869
"LOC113219390",18699.512704228
"LOC409923",211913.102563031
"LOC410728",5450.35800186099
"LOC412353",430844.162734937
"LOC552251",85928.1292732252
"LOC412546",63178.9907501969
"LOC412578",30861.4080050128
"LOC102655805",2488.6232436719
"LOC724875",81354.6609141636
"LOC100576231",1842.78162235127
"LOC725651",12416.4473623996
"LOC409748",199982.86517455
"LOC100576990",65674.732010799
"LOC725922",17000.1963508206
"LOC102654970",90503.0966461394
"LOC409479",191811.067194872
"LOC102656788",14298.9547590046
"LOC408631",121458.484760466
"LOC100578057",29381.8081084504
"LOC100577142",19735.4986464537
"LOC113219191",5871.95878715074
"LOC409807",118237.034841256
"LOC102656360",73459.9633005181
"LOC113218896",8098.77009240376
"LOC410057",106653.382582527
"LOC100576131",40019.4574788365
"LOC410043",119612.79878984
"LOC107964879",12977.4509734257
"LOC102653709",2441.66969698168
"LOC113219320",14753.9268513427
"LOC409734",30934.5107754518
"LOC551448",67771.4382248343
"LOC100577959",383137.131285802
"LOC725237",41068.4133778575
"LOC412107",19162.7996481551
"LOC413576",6621.65706240153
"LOC726505",10469.9139027224
"LOC100577920",21084.9452156188
"LOC725272",28617.1255230021
"Uqcr11",261475.253948524
"LOC413677",80414.3275615368
"LOC412288",85211.7968318283
"LOC411995",68751.1163062719
"LOC408620",63431.1521885704
"LOC408604",58990.6549568944
"LOC409930",160527.654645409
"LOC102653841",4293.77581944365
"LOC113219417",41442.0480430335
"LOC551472",57815.3162111761
"LOC552371",39343.736076338
"LOC412480",56324.5480007249
"LOC408569",59288.7406260469
"LOC412343",57213.6735226276
"LOC725947",39769.0063165678
"LOC113219391",420.666449488886
"LOC551241",56858.1711528051
"LOC412282",82762.6330314011
"LOC727116",38810.917650382
"LOC102654966",623.533855185967
"LOC551530",112849.860461162
"LOC100577273",54659.0252338249
"LOC410730",7255.40201423336
"LOC102653639",7288.61080394929
"LOC107963979",5866.65950196871
"LOC551452",38365.0372522293
"LOC725980",48939.1364672775
"LOC410758",647276.754054883
"LOC725105",77288.8957427106
"LOC724497",49419.9750396301
"LOC102655581",39232.8933954579
"LOC410752",102404.823155614
"LOC406118",46881.3363800098
"LOC550716",142249.722003844
"LOC409258",50918.1692857014
"LOC100576321",90901.1108439923
"LOC410687",2125.65634093613
"LOC412189",64332.2601615123
"LOC413713",43179.8974818075
"LOC725041",2343.03565559259
"LOC408580",58697.1347478483
"LOC107964213",57450.1206987743
"LOC725078",4058.98833190157
"LOC102654418",4032.42200638306
"LOC413000",16061.4252802475
"LOC113218573",3494.78767170775
"LOC409036",77363.3199459503
"LOC113219247",1667.23869926304
"LOC725920",14038.2800219555
"LOC725885",538658.88691991
"LOC100576106",21026.9259743689
"LOC552648",35297.9921205176
"LOC100578966",21770.6023843748
"LOC100579054",42948.3958587513
"LOC552140",57729.4972983086
"LOC724238",501371.66312732
"LOC552425",20962.2288230936
"LOC726560",4623.48030571498
"LOC726562",77344.9237400484
"LOC412191",91860.2032704444
"LOC113219319",3315.06805682416
"LOC113218581",121484.207086326
"Rnft2",29091.9977843215
"LOC551419",41236.1789313122
"LOC408594",180671.077547681
"LOC411665",160865.792903589
"LOC409966",266459.189646931
"LOC408615",55362.4392594527
"LOC724633",37574.4634486824
"LOC724721",10117.6437958324
"LOC113219185",786423.74908982
"LOC725317",87242.3552747322
"LOC726034",74287.8887898723
"LOC725747",40947.2878033597
"LOC412610",50755.3756431011
"LOC409282",204879.150252825
"LOC102654398",87773.0257225472
"LOC409646",21078.6430988501
"LOC102653800",42262.1097445145
"LOC410710",167455.428743707
"LOC413228",60899.0235593288
"LOC113219397",5210.26079331582
"LOC725281",2829.74279527878
"LOC410083",162610.333252531
"MsrA",79382.1582715272
"LOC551792",125615.799111307
"LOC413467",47784.0482228437
"LOC409468",179724.786077056
"LOC551731",93115.9914958128
"Ks-1",385831.687188162
"LOC725946",82350.5950393785
"LOC102656812",25661.7959174202
"LOC113219408",751.674555894736
"LOC409312",58286.9585342515
"LOC726646",11336.0881832091
"LOC410696",634218.345235938
"LOC100578285",31129.3897616377
"LOC414004",73656.4959221925
"LOC409852",8310.65541306541
"LOC410070",117458.425674134
"LOC725574",29180.5443560778
"LOC100577454",87194.0120514242
"LOC724578",41674.2358743076
"LOC100577384",6084.41894151726
"LOC409102",80892.4202983459
"LOC551529",57773.3320307454
"LOC107966055",87602.6078310534
"LOC726487",3124.24348690492
"LOC410755",329492.456584643
"LOC412834",55510.6411785556
"LOC552014",50947.3425402097
"LOC412778",101838.662421821
"LOC552316",50372.8028792478
"Gat-a",23911.811113874
"LOC410675",102982.868602729
"LOC551574",84382.6331331842
"LOC410754",66144.9132664179
"LOC409290",111469.990828735
"LOC100576586",97893.4540648791
"LOC552186",33888.3282308088
"LOC724950",2233.01170161223
"LOC410035",226404.723964204
"LOC113219232",3128.74631036121
"LOC113218747",2976.40026272426
"LOC727127",82636.5776961634
"LOC113218643",6762.2341305104
"LOC552264",49256.5457257298
"LOC102654998",17944.5922827657
"LOC726542",67159.3524395545
"LOC102656640",638.928991759849
"LOC724237",19677.7769900897
"LOC725976",58173.2493052767
"LOC551636",97045.9455612632
"LOC412407",52899.3531113749
"LOC552090",53550.5231980883
"LOC411405",617.874935528441
"LOC102656017",98923.2298892967
"LOC551318",88313.6871970166
"LOC411555",83001.7677171219
"LOC550789",49014.7184123016
"LOC102656283",115552.254473
"LOC412240",74792.9121190001
"LOC725745",64318.8907585872
"LOC724679",82510.5222862985
"LOC726902",89777.5319321735
"LOC412190",55686.4028166803
"LOC725189",692491.720045133
"LOC412164",46596.5914775484
"LOC409527",78329.170737714
"LOC100577689",46239.0264439168
"LOC409251",56221.7661982196
"LOC724536",64287.6557654102
"LOC409229",56043.963700905
"LOC102656903",11685.8853715463
"LOC107964845",46443.4317329608
"LOC409218",115671.137719338
"LOC100578600",34513.7930510041
"LOC411721",36451.9978422777
"LOC409756",114284.637013415
"LOC113219214",4841.38935221291
"LOC100578782",146119.650852851
"LOC113218842",18654.808704138
"LOC102655155",26551.2842740546
"LOC107963993",2395.15865745372
"LOC409701",289832.5777869
"LOC102654976",7030.91037241791
"LOC412777",988396.13290159
"LOC102655045",1817.6106365906
"LOC725079",78558.6944186464
"LOC412601",72551.9581539419
"LOC725882",6864.78581947043
"LOC113218656",15501.1446499988
"LOC724762",20729.223512454
"LOC412118",98024.8651685764
"LOC552001",18349.8188818257
"LOC412410",78067.9155959368
"LOC724413",49274.9121947228
"LOC726447",53416.3665245761
"LOC113219401",3563.57233222421
"LOC412473",62699.8701918287
"LOC725725",8492.76934419374
"LOC725419",145877.301378809
"LOC100576088",38136.1415726406
"LOC107966061",57788.7230708566
"LOC724540",21302.9651941753
"LOC413255",53147.867402909
"LOC408622",34319.6501297836
"LOC100577291",19051.8886053922
"LOC102656191",10475.0140264219
"LOC551909",77695.980715117
"LOC551761",2720.37091294706
"LOC413500",10048.8284820582
"LOC724144",47560.5123518903
"LOC413575",43481.0398241548
"LOC725378",90536.8942173859
"LOC100578696",77735.3310643086
"LOC412636",28949.5897141958
"LOC551976",99679.6590970592
"LOC412925",15161.3024302459
"LOC410769",61775.0462124191
"LOC100577499",18073.2972654526
"LOC751767",10398.2874749314
"LOC724620",91842.2828043336
"LOC725306",73606.6734367228
"LOC410745",13708.4943287212
"LOC724901",50329.8689915389
"LOC411982",94982.7966448887
"LOC551633",45655.3088489314
"LOC413650",79607.6052592066
"LOC107964624",794.354525376001
"LOC102656598",14045.8153426572
"LOC102653825",1964.07383296757
"LOC102653893",39937.4052817783
"LOC726264",32716.697726248
"LOC724496",35932.1368825187
"LOC726350",19209.4668547272
"LOC100577260",24002.4425995268
"LOC100577254",805620.009977762
"LOC102655618",55445.6752263229
"LOC409114",192421.199359561
"LOC725649",63835.8782361466
"LOC100578458",38430.8623465525
"LOC552117",57779.2665996354
"LOC551939",41590.7832875351
"LOC102655202",752.152395182158
"LOC107965445",205594.991818425
"LOC102654257",3406.12798850199
"LOC409780",779706.887717484
"LOC100576291",695084.234466622
"LOC100578735",13711.3605658369
"LOC412103",96169.1934357963
"LOC727186",41372.1215028648
"LOC551580",41483.6163235857
"LOC409259",63117.1647598885
"LOC107964511",26701.7468763363
"LOC412451",58756.7450212537
"LOC102653920",13434.6975529874
"LOC100578747",12195.4435595776
"LOC408591",74703.2557588425
"LOC102656779",16628.9324758066
"LOC113218550",37375.0180748153
"LOC727522",607.491479923777
"LOC107964596",1652.5387708761
"LOC408572",63058.1385723563
"LOC551730",61247.0302509514
"LOC113218781",27699.8528814814
"LOC551637",61147.7890971412
"LOC724795",64404.3051962088
"LOC408570",15300.9683171564
"LOC412017",33922.2579972167
"LOC107964502",16023.7442212555
"LOC102655849",25271.5463356436
"LOC102653954",16675.9463949036
"LOC410689",585169.817320988
"LOC100576540",157217.589071892
"LOC552038",54600.2324969913
"LOC107964080",3397.43816248673
"LOC408646",72527.0997661246
"LOC551912",51350.6499555426
"LOC726667",41842.4079603106
"LOC410669",284866.366420087
"LOC551837",25924.7705967554
"LOC413895",67470.5802428796
"LOC102654381",30957.4497488049
"LOC102655882",468.409100379378
"LOC412015",26746.0818834992
"LOC102654353",14446.878903242
"LOC409792",324006.797360027
"LOC550899",473224.319064695
"LOC411546",42793.4191327384
"LOC412748",85979.7843561575
"LOC102655636",613.781813626774
"LOC413950",53265.1925798887
"LOC410022",162324.890166826
"LOC100576871",39141.3208253886
"LOC100578708",20955.1295087705
"LOC552221",125226.069647531
"LOC411715",89410.3751850245
"LOC725273",14342.5460889014
"LOC413018",63325.7335848584
"LOC100578389",11303.4748444541
"LOC409924",80696.0512074459
"LOC410776",17059.3729730519
"LOC102656747",7305.87364956054
"LOC113219411",395.889042271926
"LOC410732",465487.79697014
"LOC724329",52648.7272677498
"LOC100578066",189847.609049627
"Hsc70-4",811132.623243161
"LOC411548",100638.93643214
"LOC411983",23858.5757660584
"LOC102656575",28561.0680902965
"LOC107964341",16303.6435523178
"LOC102653997",2897.03340554851
"LOC727229",54837.9999778974
"LOC726824",86982.5910109896
"LOC725151",1370.86016825601
"LOC409886",57357.5385868686
"LOC113219066",21177.8168056139
"LOC408596",8437.06014103861
"LOC113218984",8782.95961988369
"LOC113218523",300404.883410671
"LOC411723",88034.4138006582
"LOC100577140",38145.8144425976
"LOC724199",569.76149216686
"LOC724374",47421.3746879497
"LOC409311",102277.319611941
"Stip",63603.1714125564
"LOC102655469",16642.9812309465
"LOC100576447",10117.5639788701
"LOC102656449",2433.67929773251
"LOC551420",73150.0941683383
"LOC102656359",39372.6780175548
"LOC409564",87299.3534841251
"LOC107966040",33839.4706927155
"LOC726451",12436.5288294893
"LOC724145",6877.3337137323
"LOC102656558",47316.8661762373
"LOC413132",89592.8076685322
"LOC102655654",9364.16351189289
"LOC412112",55110.3128180116
"LOC503505",181358.99555613
"LOC725775",90265.5178142995
"LOC107964442",15899.6158901028
"LOC550992",61990.2930770639
"LOC102654266",3856.13018851789
"LOC100576730",7055.25337667279
"LOC100577369",59173.482179668
"LOC552181",17391.8801911593
"LOC724233",149890.437228768
"LOC412384",58345.9147997197
"LOC102653708",19787.1028923168
"LOC107965313",38942.9675912499
"LOC410784",53358.1307032869
"LOC100577450",51040.4950955174
"LOC413025",84586.4739615019
"LOC102654581",1399.08959894634
"LOC409401",82903.5039380351
"LOC725455",7231.54794708991
"LOC113219396",73298.9100478934
"LOC725576",101177.610276877
"LOC408585",30662.7879031323
"LOC412734",50018.1397621786
"LOC551606",25913.4368639141
"LOC102656828",13867.90125155
"LOC725495",22701.1298209162
"LOC552426",70766.6715901671
"LOC726766",79614.40436016
"LOC102653642",3984.54908941031
"LOC409690",128811.579969301
"LOC412196",8048.71026393811
"LOC726218",35066.3268833458
"LOC100576789",13519.0442432364
"LOC413244",28798.7408407864
"LOC100577577",481.958826505223
"LOC102655720",1459.58398900916
"LOC725225",13557.0974368051
"LOC727079",29869.4733719104
"LOC409749",54827.6132377621
"LOC551443",40007.0546120842
"LOC410683",14848.5896812722
"LOC107963961",18260.5495080873
"LOC100577848",5799.50591352197
"LOC411472",42420.4299581702
"LOC409927",44715.4034991016
"LOC100578855",698.511403867538
"LOC100578360",55320.5838686369
"LOC409909",56459.8077656638
"LOC724760",6862.95254677864
"LOC552636",16214.3656991765
"LOC408568",96527.7163263343
"LOC724541",16611.505994202
"LOC727399",215274.262312425
"LOC726541",92220.7339382211
"LOC113218819",12524.3173429269
"LOC107966044",37081.0000719769
"LOC412829",6073.85362416815
"LOC410663",39774.8476657878
"LOC102656669",342.963748094593
"LOC725238",163908.030501482
"LOC409706",131465.300661344
"LOC552274",38405.2791012716
"Syt1",368896.479243357
"LOC102655724",4995.87713600727
"LOC100578300",5833.32275985705
"LOC724192",174464.245063571
"LOC107964507",27450.612945624
"LOC107966050",6961.55181997111
"LOC410684",56879.4971240366
"LOC551705",63820.153906377
"LOC100577895",2671.02104378943
"LOC725305",4497.95601268855
"LOC411675",148393.464196475
"LOC724411",44766.5045621004
"LOC113219286",353.189463145556
"LOC551785",32383.8422178731
"LOC102655933",3695.89945801547
"LOC412263",405183.149004597
"LOC727263",123716.41578129
"LOC725450",52364.2603748846
"LOC551725",57895.3012315825
"LOC552068",82317.9993985593
"egh",69573.2686245728
"LOC725150",93100.7595869752
"LOC409103",98739.6699513781
"LOC100578721",48521.2782809696
"LOC413377",95294.0252711219
"LOC725459",11396.7478889329
"LOC725606",7659.86318061989
"LOC552315",104233.14707958
"LOC412354",166814.753886198
"LOC727396",70882.2357561607
"LOC107964344",17491.0610109629
"LOC113218632",825898.788978633
"LOC410746",44616.9617669286
"LOC552141",57521.1772889863
"ROCK2",97936.2881903476
"LOC113219182",28388.862180282
"LOC725418",46908.425638145
"LOC408590",88331.9153983921
"LOC724636",40204.6746928557
"LOC726061",65037.5868835078
"LOC409970",182747.841314029
"LOC552743",36963.8755189131
"LOC409718",58995.8696485781
"LOC551203",183755.992149932
"Dat",47943.9285223488
"LOC551416",98841.6042801649
"LOC107964984",8045.87046869992
"LOC412000",67042.6713323637
"LOC552166",130651.37947023
"LOC100578247",11798.3066261962
"LOC409383",532422.174944603
"LOC406132",69734.3474017838
"LOC100578445",80849.8693759359
"LOC408643",91668.8119039622
"LOC724794",21929.0755305684
"LOC724148",4287.116814892
"LOC550706",77783.1887415251
"LOC413056",5449.73878250727
"LOC410734",4866.53315994107
"LOC551819",35759.8309105625
"LOC113218729",78699.989173021
"LOC409910",153153.077019208
"LOC410729",3326.14459954862
"Prpf3",68664.8077698079
"LOC552142",450984.273836049
"LOC102654014",39079.3176860402
"LOC551728",70465.5359705637
"LOC552040",40701.208100324
"LOC725414",27395.6720310591
"LOC113219278",35535.6064294317
"vas",44475.811116444
"LOC409138",299356.190256918
"LOC107964618",15982.949593301
"LOC724719",80469.8105168508
"LOC100576918",27910.903436417
"LOC411753",63219.5460812348
"LOC726886",133512.087596024
"LOC724412",37722.5150359173
"LOC412081",84718.2057393658
"LOC551868",27242.0722188592
"LOC725489",7951.27941601679
"LOC113218578",13907.6334355648
"LOC411808",107326.954258383
"LOC107965181",23764.771575671
"LOC724680",100275.10353809
"Sergef",46318.7847868605
"LOC409226",76559.5575934534
"LOC100576938",48353.0587561894
"LOC410116",80200.3858979885
"LOC408575",62758.7062837131
"LOC102654799",6374.10597627813
"LOC100578146",82197.7977520337
"LOC409075",61272.3375304344
"LOC552039",38892.6811014256
"LOC102653612",1634.82251260471
"LOC413437",25910.6984847733
"LOC726449",15528.5502195894
"LOC726316",88822.3649834312
"LOC551911",46039.9633572655
"LOC413868",129450.850948868
"LOC102654413",2299.44973325664
"LOC413562",140892.132880811
"LOC414042",64131.3186243082
"LOC100578953",124404.757859292
"LOC408607",73284.9353967386
"LOC551411",92110.9000762003
"LOC552419",37782.6576558313
"LOC102655014",10601.1721904546
"LOC113218833",6128.87739370455
"LOC552063",79786.9341380834
"LOC100576703",43973.2234323035
"LOC551188",61561.5236307804
"LOC408876",167003.104933608
"LOC725734",25240.3221054001
"LOC113218852",16922.744884777
"LOC724929",189310.135550864
"LOC102656534",51979.9311370454
"LOC107964645",474.67277229994
"LOC411140",21749.9343823418
"LOC411141",56751.6505442401
"LOC113218561",5427.08165550667
"LOC100578223",7161.99873476828
"LOC409897",108982.387935473
"LOC408868",27170.6533617108
"LOC100577963",55532.5646400275
"LOC412367",38186.0339824215
"LOC100577214",62731.2661591466
"LOC113218849",7404.29951709667
"LOC551066",101216.076879114
"LOC107964590",15347.3713814368
"LOC412984",78433.8362882882
"LOC552058",41836.7506480807
"LOC412985",76713.0175143291
"LOC102655635",25762.8517233756
"LOC724745",115330.334235795
"LOC550921",168449.793110499
"LOC100578675",16295.1526010123
"LOC413043",49322.3642089136
"LOC413877",42780.0994856402
"LOC725130",68151.0567306329
"LOC725480",22380.5972893448
"LOC100577731",5839.16517003182
"LOC102655953",19385.578710312
"LOC725599",71340.1592581455
"Kr",204254.832078881
"LOC412020",50354.647530004
"LOC100578929",10106.6049669179
"LOC551811",28752.62194071
"LOC550827",77895.0405754636
"LOC724783",96062.2305560348
"LOC551856",35697.6972108389
"AGLU2",100612.530498697
"LOC102654860",182169.333671315
"LOC100578659",25093.1639648499
"LOC102654988",7660.39221225117
"LOC552496",62177.5966429694
"LOC113218832",16198.6318646995
"LOC409908",74899.293509332
"LOC102656523",11846.2895660758
"LOC551512",56420.1252802056
"LOC100576116",40924.3082268278
"LOC102655062",1247.84583938573
"LOC102655455",47070.3047520972
"LOC113218869",78384.537923481
"LOC726054",76433.9065116763
"LOC100576669",46045.6678328831
"LOC725405",95269.7143238125
"LOC100576868",7869.31463333939
"LOC100577057",7422.63022497837
"LOC412661",23554.3975508267
"LOC102656209",1593.45578886914
"LOC100577805",3782.38063988057
"LOC411154",112543.805124661
"LOC107964623",16888.6966394057
"LOC552314",29925.0763363148
"LOC551566",116810.931394134
"LOC107964632",32213.2192330743
"LOC102653731",14076.0771640849
"LOC411692",89434.9916395603
"LOC409183",33100.9127988743
"LOC102655870",40049.3337134185
"LOC100578417",20360.508744828
"LOC102655213",28730.1097465472
"LOC413005",383796.135523867
"LOC411183",223481.371053194
"LOC113218831",15705.7640811676
"LOC409028",57234.8223075249
"LOC726754",30350.0696074257
"LOC102654924",6555.36849834205
"LOC551552",43702.2172769395
"LOC725814",12584.5542291029
"LOC411145",25761.4504349408
"LOC725365",54096.4690310615
"LOC413899",33769.5278289081
"LOC107964659",10507.8399883765
"LOC551788",10485.4232869032
"LOC412194",65237.6753664063
"LOC113218877",3022.79197785795
"LOC102654812",42080.0242389609
"LOC725799",310736.921011245
"LOC100576573",7085.99402085107
"LOC102654087",40921.2440028586
"LOC726338",61070.3867978074
"LOC100577552",82722.7984791831
"LOC412448",7117.68282645028
"LOC100576895",8883.47222269817
"LOC725217",22699.8604486497
"LOC102655847",48918.6069296163
"LOC551803",128900.694699087
"LOC408872",270770.640588757
"LOC409459",87769.2871660057
"LOC409425",55011.6896104148
"LOC102654469",16903.1726295822
"LOC727108",80043.2932954961
"LOC102653602",23626.189051609
"LOC411148",59570.4638586333
"LOC410031",64664.4610699591
"LOC724703",24292.7067789397
"LOC726463",2503.85077522742
"LOC102656088",1939.32049075287
"LOC100577215",5693.994830042
"LOC725935",38744.2080585479
"CPR13",2112.5660586469
"LOC552204",36531.5475719353
"LOC102653661",1314.50272570564
"LOC409972",181675.939925415
"LOC102656132",37889.3716278139
"LOC413154",52066.2789341416
"LOC409928",315908.345370618
"LOC724860",6347.46623306167
"LOC113218838",51634.6150846415
"LOC724352",32362.6844372484
"LOC408891",51394.3437473298
"LOC726620",91177.0808644474
"LOC107964573",43792.4922319018
"LOC102655529",14230.6775992632
"LOC410136",90889.5839648158
"LOC102654344",38224.1261271704
"LOC725706",84912.9851771505
"LOC552115",146993.730747755
"LOC113218884",20605.0884208293
"LOC408884",227468.592802188
"LOC413356",61312.1261864186
"LOC409317",43983.2133564654
"LOC411155",1803127.64475371
"LOC100577286",2231.31684332606
"LOC411158",409728.375771675
"LOC411387",1422.72331691086
"LOC100577141",2557.62264238823
"LOC411980",71761.1824422253
"LOC409528",124874.689485111
"LOC411639",3671.81452035025
"LOC413189",77507.009266677
"LOC411164",61051.6960978153
"LOC102654776",207734.955828966
"LOC412889",44536.031114349
"LOC725017",6336.30920150119
"LOC107964660",10687.1774575828
"LOC411181",304541.836137006
"LOC726174",40350.0723242661
"LOC100577894",145488.03604503
"LOC102654122",5155.28280045068
"LOC411864",38364.7133118314
"LOC113218859",14547.330691482
"LOC551055",47128.4890994868
"LOC102656171",36892.2989190308
"LOC113218860",12364.1430586928
"LOC102656653",8528.35854941072
"LOC551631",51797.0401762736
"LOC552287",82634.4126633448
"LOC552362",54241.106916941
"LOC100576304",8042.4538998618
"LOC408892",26757.1939594817
"LOC413046",75742.0845564962
"LOC409899",56795.3149587403
"LOC102654387",4160.71303600278
"LOC113218855",4093.51745973302
"LOC113218886",13878.8262369604
"LOC102655219",21100.58510302
"LOC102653863",113819.463475314
"LOC725328",80953.7617013844
"LOC409448",22321.4804420042
"LOC100578585",19501.7836967856
"Kr-h1",101266.563290883
"LOC411935",13530.5692969446
"LOC100577393",244731.672898375
"LOC107964598",9358.70002220504
"LOC107964634",26638.5187191925
"LOC727501",39851.1115331588
"LOC102656574",6091.32083455217
"LOC413900",57354.2096295072
"LOC727497",58400.7088986193
"LOC408878",15185.290815861
"LOC411793",35796.7503555326
"LOC551099",79237.4357222172
"LOC100577778",80672.5314094811
"LOC102655311",41216.7491262272
"LOC726162",9300.47329169822
"LOC724308",26081.0756974328
"LOC411163",92474.667961553
"LOC113218821",10409.5427649433
"LOC100578257",49914.4659938404
"LOC724861",85372.8012317515
"LOC100577213",28851.6510394426
"LOC102654088",8703.0925967175
"LOC113218851",24549.0968786871
"LOC113218864",4096.66604587035
"LOC113218857",6603.18187137551
"LOC412366",82765.2597219341
"LOC100578454",26479.2114057059
"LOC113218843",358.692189434378
"LOC102654534",13670.8013285212
"LOC411978",19998.769611897
"LOC725592",73180.2545852832
"LOC102656723",1452.74464020561
"LOC100576568",10414.4420698678
"LOC102656270",12547.4335746181
"LOC100577919",49159.0440444238
"LOC102655881",9403.78913981622
"LOC552645",82157.1673829043
"LOC413785",252844.567552874
"LOC552224",56252.2682167678
"LOC102655070",10365.9913257728
"LOC113218875",8024.3995353584
"LOC552159",49569.2283990909
"LOC411595",137091.984504724
"LOC113218846",1401.50800459029
"LOC102653657",30232.7009919099
"LOC727398",63224.1386379697
"LOC726133",52959.3408216561
"LOC102656430",23414.1954030667
"LOC409271",80069.4102503126
"LOC107964594",71716.0592762764
"LOC552306",65187.3988255253
"LOC102655033",6891.75710271584
"LOC550869",22080.3877392293
"LOC113218861",19621.6444021288
"LOC552089",27933.3154754333
"Cox6c",145432.026796294
"LOC113218822",4067.52288508699
"LOC113218823",8745.49988423673
"LOC102654584",23777.6686729209
"LOC100576661",7371.37594953895
"LOC552677",88872.9541090738
"LOC107964592",30354.3321940924
"LOC725707",97464.5306455037
"LOC408894",231309.65735107
"LOC113218837",9397.08088276413
"LOC100576976",30449.6307741831
"LOC413040",330188.620796951
"LOC725570",98123.2702579151
"LOC727346",12666.6167285072
"LOC725436",116740.842029315
"LOC100576179",765.245142160299
"LOC413368",135013.856067825
"LOC413190",10849.9234272345
"LOC724259",120859.535065208
"LOC413173",38124.9217623682
"LOC100576482",69452.8018723163
"LOC411167",72341.1015675814
"LOC409787",103980.37479191
"LOC102653821",1313.74081323337
"LOC724565",2543.16655480596
"LOC413898",57767.7615495626
"LOC551150",73713.7753699402
"LOC413730",9895.16005891252
"LOC102654056",68780.1839198815
"LOC102654587",9107.14620399377
"LOC113218876",1795.74639143747
"LOC409358",67652.5567179107
"LOC725761",47510.5025950397
"LOC107964013",45781.8805450111
"LOC552455",79429.4937215168
"LOC102655997",16822.4278658567
"LOC409452",99066.9290004363
"LOC100578593",24156.5074298868
"LOC724977",46567.3286569028
"LOC102656738",14459.5995279061
"LOC411157",615692.786146821
"LOC102655355",4433.49981972541
"LOC113218839",7737.20196036112
"LOC102654321",18482.6162279133
"LOC113218845",1547.7686017101
"LOC107964652",1696.00257618292
"LOC100578680",282967.180986647
"LOC413473",627330.88310344
"LOC411171",90082.1652855687
"LOC413071",362147.683511608
"LOC102655092",7088.84328131086
"LOC725719",49141.6595198935
"LOC412986",15544.4537340667
"LOC102655284",33945.0967550535
"LOC551398",46613.0267680015
"LOC724666",46940.705929081
"LOC412131",36426.8565335276
"LOC413076",285204.492728733
"LOC552342",86367.2138647302
"LOC408875",112000.322638423
"LOC412756",81002.8104517807
"LOC100578266",65183.3234579711
"LOC550870",602197.913353041
"LOC724172",1268127.61173328
"LOC113218865",6465.84249661705
"LOC100578461",127677.285661834
"LOC409450",109481.15122596
"LOC102654206",6187.53954175925
"LOC102655655",9530.9034515865
"LOC411637",82298.3433450832
"LOC102655018",99149.4934353344
"LOC102656504",45512.6360702162
"Gycbeta1",133683.27438259
"LOC552272",233291.005089163
"LOC102656909",4258.60711754891
"LOC100576253",828.07256206528
"LOC102654144",24032.9101898662
"LOC102656082",2339.2822919328
"LOC100577360",961.692716664221
"LOC107964630",2190.25623653418
"LOC102654621",2518.89528065031
"LOC107964569",32986.1846530915
"LOC107964603",87224.6029842559
"LOC102656388",20356.741852914
"LOC724323",23187.1665043247
"LOC412481",45498.8627013892
"LOC551973",104206.23077856
"LOC113218562",48356.4246043999
"LOC413074",85979.672516576
"Pban",2848.75273750079
"LOC409291",102963.004973362
"LOC113218824",4446.029871205
"LOC409986",58730.4274319142
"LOC409305",85497.8956310281
"LOC100576307",19714.1435947225
"LOC550930",213922.085240878
"LOC552112",61664.8380467616
"LOC100579053",85709.701171282
"LOC551659",37922.8355056749
"LOC107964661",1961.99434830785
"LOC113218835",838.204533773345
"LOC102655043",57572.8429361926
"LOC102653613",101636.723490977
"LOC100577636",195113.366296058
"LOC113218829",33547.6722598745
"LOC408888",62911.9439357687
"LOC551046",3480.23331885897
"LOC102655786",43157.8907023522
"LOC102656846",36483.6083229369
"LOC725801",58499.4665997111
"LOC409263",66815.2155012835
"LOC102654006",432.898841055196
"LOC100576637",14898.9143088321
"LOC724655",626690.81164845
"LOC411182",69790.4431925039
"LOC410005",60712.1037335223
"LOC102654173",1699.40201146828
"LOC551086",245045.307794186
"LOC100577517",1353073.63069011
"5-ht7",626700.056928876
"LOC724309",24246.6063377807
"LOC409441",88170.384492534
"LOC102655506",19608.4329364482
"LOC726222",143900.910771874
"LOC408867",126127.635979723
"LOC724517",132522.305523019
"LOC551924",39945.8287289578
"LOC410159",103271.950783389
"LOC100578409",9805.31046641517
"LOC100578041",6677.34294881414
"LOC113218871",20307.3988641999
"LOC552363",51697.1355389977
"LOC551700",63084.461532729
"LOC100578602",84347.0528725109
"LOC724311",97923.4629121488
"LOC102654551",8522.92867106041
"LOC113218834",4017.33950054352
"LOC411175",116894.282743423
"LOC107964584",7866.6320978533
"LOC409946",85538.4930257287
"LOC551660",107852.739911481
"LOC551817",62137.8822145404
"LOC411177",107147.825111459
"LOC725479",35813.6067640504
"LOC107964597",2929.55064007488
"LOC102655200",92184.8453498944
"LOC113218856",21104.1587518059
"LOC412021",5136.5164148958
"LOC724391",17168.167145691
"LOC409296",71606.9925404185
"LOC107964672",16456.6950013137
"LOC107964601",4822.40998020071
"LOC102654110",5084.34447034072
"LOC726441",2068.75805385192
"LOC550969",61123.8685427435
"LOC724435",43991.0874888699
"LOC107964633",32238.7177262115
"LOC102656936",25316.5447984908
"LOC102656842",18089.6800968766
"LOC100579061",85962.2751404352
"LOC102656876",695.391744325025
"LOC725997",1835.94114482692
"CPR28",28804.2128373743
"LOC100577020",100539.261388695
"LOC409055",98883.8231757223
"LOC724220",777684.873743468
"LOC726423",13577.7008415275
"LOC411969",84271.8471864497
"LOC102654605",19781.0620826951
"LOC107964671",2255.28411088844
"LOC100577846",103001.859826844
"LOC102653733",381.965024456788
"LOC100577422",33862.7601043956
"LOC412545",66822.2382447411
"LOC724832",25545.8087331843
"LOC102655251",57724.8273851876
"LOC100577398",1351.16760471486
"LOC552285",6238.97237878668
"LOC550700",60468.9787461035
"LOC725417",70609.7079420703
"LOC100576151",46324.6648540164
"LOC100578352",1126.5173859269
"LOC411865",43088.8861905806
"LOC725216",50892.359690139
"LOC102654626",85888.0018164502
"LOC113218882",14289.7817014184
"LOC107964608",83853.9583819926
"LOC100577923",58919.4096271301
"LOC107964682",405.153885901073
"LOC412666",36026.1514499085
"LOC725879",40425.9046090305
"LOC107964635",1042.83684080796
"LOC113218827",12674.8506622671
"LOC724930",65518.7890909127
"LOC726655",365033.208772997
"LOC100576517",7610.16466736834
"LOC724676",41813.9351954071
"LOC724480",34215.6788704233
"LOC107965838",24820.4289056743
"LOC551617",50110.1799566241
"LOC100576336",63461.0346398372
"LOC113218874",8980.49096398683
"LOC726236",2633.14322374409
"LOC411147",113362.223411391
"LOC113218847",925.523873670872
"LOC412887",42522.5164678103
"LOC102654141",24575.6174058559
"LOC102656698",21600.2125691832
"LOC113218836",403.115652701718
"LOC412169",78096.6557694457
"LOC100578777",29254.3987959386
"LOC100577958",90631.8144020033
"LOC113218828",1870.4882607984
"LOC412919",64006.4925812931
"LOC725629",777.232922770218
"LOC102656300",3320.84868545162
"LOC100578311",47987.951953014
"LOC100577259",28899.9464069781
"LOC413796",67892.0092676262
"LOC724610",55783.8237600881
"LOC409809",54046.9107655935
"LOC551431",61072.5199745566
"LOC724350",47583.9058993878
"LOC724260",1455.63567372566
"LOC102653634",748.227134964058
"LOC102653910",481.134931490408
"LOC113218872",1451.18014328885
"LOC107964583",206077.276244929
"LOC113218563",14082.9726731627
"LOC724784",68754.4312302963
"LOC552266",136736.050051248
"LOC113218564",43591.0638211236
"LOC406142",42680.7523664611
"LOC102655365",12054.6403719875
"LOC102656608",21383.2926145109
"LOC113218883",11653.230945222
"LOC408896",580409.291249055
"LOC107964575",2952.50806681942
"LOC102653977",16172.2350031946
"Eif4g",148028.859509248
"LOC411150",68746.5786655829
"LOC100578804",11696.7136552899
"LOC724928",78603.2765173677
"LOC551658",102557.081535776
"LOC411670",126819.017606209
"LOC551087",53456.7286244624
"LOC102655889",105181.360713089
"LOC102654995",1835.61672103134
"LOC413783",101576.454555213
"LOC726672",13884.4312194354
"LOC725800",83559.0293889126
"LOC113218881",3991.07046998889
"GlnS",285642.904254367
"LOC409626",15557.4598382716
"LOC412396",270466.633967642
"LOC725593",56624.6842612558
"LOC724490",75499.1157938492
"LOC100576836",15606.9835304228
"LOC409977",55530.1591112998
"LOC113218885",22010.3202171398
"LOC107964525",28051.2029986556
"LOC550824",89783.2081215985
"LOC409708",37466.8563503832
"LOC100578830",3169.42574428579
"LOC107964653",5921.76935007546
"LOC413746",24299.3652994494
"LOC100576400",43068.9018858647
"LOC412573",82501.40312076
"LOC725813",10901.3986448045
"LOC102656019",11924.4939118088
"LOC413472",26315.0966212016
"LOC107964589",103887.02737987
"LOC411886",47075.0461824649
"LOC727202",12700.1759381832
"LOC551460",560595.876409491
"LOC113218867",3557.2911296745
"LOC100578546",66571.0676169551
"LOC551749",48092.3989214925
"LOC413781",53172.5876657403
"LOC107965965",25862.8388041329
"LOC726081",78604.0634024582
"LOC113218862",449622.428968384
"LOC411355",63700.3025010944
"LOC409617",59543.208426567
"LOC724399",58554.6934360608
"LOC409451",151034.129577401
"LOC725512",46205.0940496784
"LOC102655049",26005.1775899071
"LOC100576621",41443.5170255224
"LOC724859",85280.1280696581
"LOC727306",45555.0886737288
"LOC102654172",36855.3752716214
"LOC413592",73337.8247578703
"LOC408874",359591.310779967
"LOC413998",106151.694815779
"LOC113218873",23320.1676788419
"LOC107964629",1486.18577853471
"Pburs",10817.4478061948
"LOC411482",65864.3553087288
"LOC412099",235746.007259537
"LOC409786",288522.044224946
"LOC100577712",1861.86726404815
"LOC413159",530388.571449016
"sGC-alpha1",230155.251596321
"LOC724310",12752.7733249983
"LOC409293",142038.738356865
"LOC551222",49645.8887906344
"Cat",29048.8557617541
"LOC107964545",7847.2600917324
"Smb",61507.7012992562
"LOC408887",145769.797147178
"LOC727375",68802.942389874
"LOC411609",2375.64202741607
"LOC412917",263420.537345594
"LOC113218818",4227.26149642657
"Hbg3",54881.8654778963
"LOC410055",19696.5841239475
"LOC100578875",61677.1920805445
"LOC725630",85018.0028710088
"LOC100577491",44735.5139355976
"LOC413512",78794.5114100669
"LOC102656875",17557.2233820595
"LOC100576337",31531.1714025265
"LOC102655238",20670.9693185199
"LOC113218826",4996.88006391109
"LOC107964686",1288.60637859809
"LOC100576162",54101.3034504455
"LOC409336",68703.5478877748
"LOC412360",77286.8391496047
"LOC724747",270632.495246518
"LOC408869",226879.395864155
"LOC113218830",2591.85723075077
"LOC726498",32374.4886972888
"LOC113218841",5802.07196580689
"LOC552305",56310.6733120622
"LOC412888",48012.569124467
"LOC550922",20125.4172218719
"LOC725218",102419.360317458
"LOC552046",95243.014990672
"LOC100578105",33975.7617417668
"LOC102653687",20241.4181064002
"LOC724816",125758.736189407
"LOC100578433",92559.4816261095
"LOC411176",154005.746973966
"LOC409842",40515.6903652928
"LOC408890",139569.415015794
"LOC107963977",11651.9474716689
"LOC102656672",1754.05543530762
"LOC102654300",19344.0341356761
"LOC102656730",5192.79555124065
"LOC113218854",568.992939026845
"LOC725673",40037.1108050713
"LOC551045",46290.9767767857
"LOC102654810",7599.73052402962
"LOC413474",65471.6291356263
"LOC550703",69037.5285402654
"LOC725301",53168.3944971155
"LOC726163",29602.1615757621
"LOC113218870",7524.58105764523
"LOC102654660",10812.2283176699
"LOC100576143",40277.2558692944
"CPR12",5747.52186440252
"LOC411496",74379.71490483
"LOC551371",16362.7315244195
"Def1",25269.892653952
"LOC551952",42880.2423687957
"LOC409675",249413.494464627
"LOC412279",16671.9941523314
"LOC100576233",34445.9233466923
"LOC102656661",199145.125050065
"LOC100577936",107734.809121756
"LOC725881",103474.483867665
"LOC102656014",29086.5416740612
"LOC727310",25729.1346461312
"LOC725173",38711.0856442342
"Abscam",1013447.86656504
"LOC552267",75664.7256396101
"LOC102654366",40956.1645127298
"LOC725965",2782.32775376238
"LOC102655494",11284.1546244648
"LOC107964581",73877.7437983677
"LOC102656121",55300.7741767899
"LOC113218866",68853.4730418568
"LOC102655356",76095.0347686183
"LOC724826",92390.4744414872
"LOC107964531",27280.8619280369
"LOC408883",48789.8065816094
"LOC726290",54750.7213125293
"LOC552008",39391.9436545811
"LOC100578988",28394.9647570576
"LOC107964543",1072.70794863433
"LOC552624",88584.0569984848
"LOC725097",39448.3878753076
"LOC724221",249020.446253632
"LOC724475",77420.829438559
"LOC412109",1269.36169030019
"LOC102655611",25179.3484283699
"LOC100576183",6723.04497456285
"LOC412199",48103.0314372868
"LOC102653609",2253.29583193723
"LOC412193",36474.1576012887
"LOC551020",31857.7464722531
"TpnT",30663.2532783959
"LOC102655757",12295.0910289197
"LOC724442",149297.091838739
"LOC725524",100732.137536133
"LOC408886",42574.4639722352
"LOC102655393",13037.7140455679
"LOC107965926",4462.71144341417
"LOC409593",61183.76066965
"LOC102653636",1426.45475492101
"LOC724516",83996.8607894117
"LOC107964610",99223.7786297176
"LOC100578289",1578.731576838
"LOC107964582",14639.3287487689
"LOC413073",94082.408027444
"LOC409810",45671.37532847
"LOC113218880",59601.4931000512
"LOC551098",318581.359540851
"LOC551832",73012.6951032563
"LOC100576838",35804.8805491895
"LOC412339",45929.678507156
"LOC552604",261347.981435492
"LOC413165",77926.2794671524
"LOC413204",15834.3729169168
"LOC100576696",36919.8962352765
"LOC107963964",5355.4231230113
"LOC551177",19663.2326323665
"LOC412933",43097.9472072348
"LOC100578394",12497.4622377504
"LOC551760",75863.8532337423
"LOC413328",110961.888596979
"LOC552472",47323.0799502904
"LOC102656855",913.555879413657
"LOC102655111",18454.3035054921
"LOC100577346",18035.8854001893
"LOC551178",43716.8132823529
"LOC552387",20610.1039073534
"LOC113218868",168634.975637072
"LOC413971",42986.4871355135
"LOC100578059",52644.8029599255
"LOC724976",65886.9484334822
"LOC102655446",71673.0722799476
"LOC724611",10945.0826172877
"LOC409707",112016.613120266
"LOC100578434",48135.2919944991
"LOC113218858",7799.8702180037
"LOC411875",66266.375891838
"LOC551088",74483.201360855
"LOC102654016",55229.6555180086
"LOC100578421",28478.3043981912
"LOC412931",34708.7685949803
"LOC412170",23391.3856227691
"LOC412932",43007.3331590953
"LOC409721",25943.9694641493
"LOC552540",33722.6312196533
"LOC102656896",31820.0666115302
"LOC113218844",21753.0803176037
"LOC100578391",580.774805104521
"LOC107964640",17000.8839630976
"LOC725258",128003.27489111
"LOC727180",85608.5455529322
"LOC100577764",98952.7971547055
"LOC102654930",12574.7895803979
"LOC724892",5061.90690513122
"LOC724390",37505.4509516516
"LOC100577168",77397.8255275188
"LOC413205",1724.26415585004
"LOC551865",57532.5592483412
"LOC724656",69084.5379706579
"LOC102656753",4121.81008496067
"LOC552327",54189.01725548
"LOC100578239",85915.8236920666
"LOC113218820",1711.59425157774
"LOC113218840",41663.3109680025
"LOC410054",69638.7397302598
"LOC552520",48260.1454583238
"LOC411173",28597.8329370762
"LOC552244",109112.061678841
"LOC408871",33044.0340651316
"LOC411638",49787.6956205688
"LOC102655130",14213.8807734343
"LOC409709",13439.4753148366
"LOC409442",63741.457753587
"LOC411159",8395.3739505338
"LOC100576172",3052.16901416972
"LOC550968",48314.8074264405
"LOC552662",37754.4656084125
"LOC552047",36726.2993065474
"LOC100576666",12494.175442251
"LOC102653904",182995.69181634
"LOC411673",103966.842784819
"LOC409898",104814.854746168
"LOC107964568",3001.7803428298
"LOC107964673",3612.13461998891
"LOC406093",42687.4124394845
"LOC411156",24860.3268709644
"LOC725770",66064.9620854341
"LOC411144",60017.7483666289
"LOC100578161",77131.1685854427
"LOC551345",59047.6848723628
"LOC552331",50450.5165348785
"Burs",5255.02081698333
"LOC409292",77278.4274604985
"LOC102654775",1435.48571863504
"LOC102656621",12479.6013525567
"LOC724825",959.095595105453
"LOC412823",48867.5873394031
"LOC724389",553208.641329976
"LOC413782",36380.4849198483
"LOC100577819",54414.0664179787
"LOC408877",394356.564203829
"LOC100577629",14761.4272169413
"LOC100577386",51119.9205312604
"LOC725914",38626.6497128127
"LOC107964680",760.672154222365
"LOC100577373",3070.45228835398
"LOC725513",4407.35595577616
"LOC102653737",481.098766310296
"LOC102654897",1499.59106187839
"LOC726883",69436.9105436191
"LOC724658",65716.6647168598
"LOC550710",90481.701325414
"LOC411142",46246.3531577589
"Gat-1B",34872.860096366
"LOC725964",601360.047587911
"LOC413447",36174.3251749646
"LOC100576222",4059.49519928865
"LOC113218848",176011.650151237
"LOC550677",24008.9609657754
"LOC100578667",90020.5525971539
"LOC100577815",4677.51445077894
"LOC550689",99972.318898181
"LOC100577262",886.390192427582
"Vha16",56318.7166302995
"LOC107964622",4033.49224819605
"LOC412522",81320.2102768474
"LOC107964649",1168.90872996118
"LOC113218853",25124.346811015
"LOC411970",84045.1996831647
"LOC413126",81268.3498401183
"LOC100577565",5899.00940065283
"LOC408882",72769.018208627
"LOC411172",49292.0424137541
"LOC408889",82174.63332769
"LOC102655252",670.524541734229
"LOC100577669",71353.1484238473
"LOC552301",955.105245533211
"LOC409536",130026.070956138
"LOC113219132",5157.02031683104
"LOC102654948",2403.02154127482
"LOC727205",53004.5934667818
"LOC113219120",12651.0646937392
"LOC102656919",1544.62393790141
"LOC409124",7832.82569442836
"LOC413053",52884.3919625438
"Rpl41",223658.450665757
"LOC724179",104226.426136621
"LOC107965752",787.074741798286
"LOC551501",80129.0192297247
"LOC107965256",3243.06673704251
"LOC727193",20993.027435811
"LOC100577801",163188.622539049
"TpnCI",22650.7228113207
"LOC551391",127984.868952491
"LOC409099",94162.5186787648
"LOC727221",181627.813523231
"LOC408328",138805.008046928
"LOC102656637",2983.88659650642
"LOC410315",59326.8791612794
"LOC408358",99211.5308517709
"LOC725581",143264.470345387
"LOC413583",54006.0457654024
"LOC410286",85073.6351382658
"LOC409323",127968.190464983
"LOC100577651",53195.1221101752
"CPR4",35358.8199786921
"LOC100576947",13790.0646958963
"LOC100578669",14738.2581483792
"Mrjp3",10983.2543616737
"LOC411554",75615.0452605609
"LOC726506",32841.5143178324
"LOC113219083",2465.26071132881
"LOC409764",70476.4092081512
"LOC107965194",82571.2217147478
"LOC102654883",5701.61675827806
"LOC410324",15789.3560867589
"LOC726180",182751.60532376
"LOC113219136",37628.0096884831
"LOC107965200",3464.69069284377
"LOC552577",150783.417254652
"LOC100578194",22893.8429998598
"LOC408336",70779.7310961011
"LOC552715",26351.9473569849
"LOC552832",6648.68310919689
"LOC102653698",654.846943882283
"LOC102656595",5471.80586632629
"LOC552835",37806.014711335
"LOC408308",569309.466236077
"LOC412018",77762.1602387421
"LOC102655842",7628.66207293363
"LOC107965279",6963.73607651787
"LOC727282",38309.4888917314
"LOC102653990",22751.7764468545
"LOC412839",87676.2785167229
"LOC410350",50201.9526031786
"LOC100576157",44532.4067305647
"LOC409839",89517.4448004197
"LOC100302106",541408.246506503
"LOC107965274",20818.38953291
"LOC724954",49456.9522592432
"LOC413309",95080.0239701679
"LOC410316",80095.2601224122
"LOC413667",64670.6758676593
"LOC100578154",10108.0372432664
"LOC409068",43906.3153670799
"LOC102654135",31606.1206748396
"LOC726407",164432.963741362
"LOC410269",80963.4766486539
"LOC411862",36153.8852413633
"LOC113219138",5572.19221498887
"LOC113219102",68047.3872382825
"LOC725680",137979.007251029
"LOC551061",89107.3884365505
"LOC102655106",20806.2261163719
"LOC726814",28682.7572870284
"LOC107964010",38448.0959687323
"LOC552843",21710.8415103068
"LOC413133",78709.3778996753
"LOC725287",77866.8285934108
"LOC107965236",612.222676956942
"LOC412750",132436.420351613
"LOC100576913",11350.0789818458
"LOC409512",558969.854094237
"LOC410306",45468.7449593756
"LOC552542",67279.6833811334
"LOC100578596",32896.4761352114
"LOC102653840",4141.70773039727
"LOC113219104",7220.46288756745
"LOC727236",95514.201734873
"tra2",78263.7474492984
"LOC727122",60358.5809171691
"LOC727447",82456.8135344919
"LOC413457",75652.2906819794
"LOC100577623",207994.792100069
"LOC410332",80641.7475091103
"LOC413567",35240.3808942884
"LOC102653728",5447.12356056139
"LOC409904",210151.71166179
"LOC113219075",3711.40242213161
"LOC725452",61117.0840502407
"LOC100578388",49296.0134180311
"LOC551667",81641.291639305
"LOC411796",33551.4066844133
"LOC100577250",54215.8128048888
"LOC412972",63702.7518113101
"LOC102653638",5531.60351281233
"LOC100577456",35609.3988435923
"LOC552714",115819.541508384
"LOC107965203",2575.19451505933
"LOC552232",36082.9820861139
"LOC102654083",82662.0775013715
"LOC100578030",106114.798021565
"LOC550881",36789.7067884874
"LOC100576176",43043.2435517201
"Pkc",451004.061536748
"LOC551144",39368.0406261001
"LOC102654239",17022.404099074
"LOC410320",804934.122819573
"LOC551486",63803.1780448256
"LOC413096",66644.6429191319
"LOC100577879",557109.723512133
"LOC100576552",9222.74633988333
"LOC724201",86556.6926128021
"LOC102653901",8658.06785405272
"LOC408348",60384.2591474394
"LOC102654793",4109.89272660977
"LOC552823",69535.059071066
"LOC726955",24692.1275091204
"LOC102654161",15137.8797553329
"LOC725616",572727.168159088
"LOC409534",102036.104896727
"LOC409241",169330.018197902
"LOC102655353",2466.97723522763
"LOC413545",79412.6772614364
"LOC410322",136716.6785096
"LOC412893",602038.798734676
"LOC107965253",9537.52773873639
"LOC409385",73508.5806919864
"LOC411457",114183.12377713
"LOC552828",42184.1540529851
"LOC724955",84319.1175167093
"LOC107963983",48463.1014518795
"LOC409363",161562.845884354
"LOC410154",82963.4303847824
"Syx1A",262504.150129974
"LOC725951",76070.4658666051
"LOC551609",47012.8082210535
"LOC100576646",51186.0557300983
"LOC724715",49518.8526126
"LOC409976",38482.3834254292
"LOC725352",47436.5388533904
"LOC100578745",1807.24617711819
"LOC102655440",60324.0888549727
"LOC552535",64758.7198761601
"LOC410271",69176.7469775191
"LOC100577771",80080.3560599793
"LOC107965230",2672.46052363046
"LOC725821",44048.7686746322
"LOC100576742",4387.50133388729
"CPR1",2337.71755399163
"LOC410349",34649.591342854
"LOC413944",56189.0233569212
"LOC100577644",47141.9852223442
"LOC408354",124073.21614865
"LOC410298",46889.5133317065
"LOC726771",42429.8605173451
"LOC113219131",68883.7098502469
"LOC411998",54319.407361921
"LOC410351",106470.838664726
"LOC107965168",16702.4241524242
"LOC100577789",49012.9296542477
"LOC412840",119384.237036753
"LOC100576185",77240.1336879494
"LOC409314",351722.009542127
"LOC724527",51746.3773177094
"LOC410305",38098.8265294499
"LOC725565",79431.5753785471
"LOC102655272",39815.5869599016
"LOC409152",99021.7468818759
"LOC724336",147837.915426038
"LOC552738",28901.4346263801
"LOC409307",29817.1384446304
"LOC408329",80958.9355074059
"LOC100576189",16568.6934081748
"LOC413666",24477.4482051668
"LOC552612",60192.0568545426
"LOC727007",23231.0581409156
"LOC551964",66770.7441309927
"LOC102653824",28323.6986189963
"LOC552348",49929.4480263358
"LOC551449",78889.0537969419
"LOC100577449",57476.5958891667
"LOC102653702",47790.0502361371
"LOC113219080",40843.9296713913
"LOC727407",60038.2384335658
"LOC411719",27129.7820204867
"LOC113219133",50202.5794363527
"LOC413087",34746.5163247
"LOC552480",37852.024324432
"LOC726781",45601.7197138802
"LOC408312",30609.4143882002
"LOC100576153",17065.6962898218
"LOC410263",62740.9858980546
"LOC113219116",761.213111957769
"LOC409636",13600.602431278
"LOC408319",59442.3231625914
"LOC408337",140591.731871383
"LOC107965288",62793.2268745176
"LOC102654363",4519.50801714991
"LOC411552",74146.4285107801
"LOC409470",102435.113137577
"LOC102654792",39918.759801603
"LOC113219070",4491.90178588127
"LOC412865",907015.962374471
"LOC725782",91113.5536100615
"LOC724446",56330.4495703909
"LOC408369",18524.2053808068
"LOC100820634",207960.897703107
"LOC102656461",1469.59319980881
"LOC724545",93732.609633558
"LOC102655263",27220.8910618069
"LOC724842",66938.5367036074
"LOC412591",99149.7741939995
"LOC100577364",322803.51972729
"LOC552056",56623.0881728806
"LOC409136",64961.1668903859
"LOC107965270",19423.1351912876
"LOC410376",46740.6140858462
"Ac3",235094.296938621
"LOC107965261",14972.8503203459
"LOC100578413",16813.68226517
"LOC551313",108062.735690755
"LOC411553",47068.28973026
"LOC408320",25605.2012445319
"LOC725183",25946.974060651
"LOC102653705",32113.8368773035
"LOC107965165",46568.2510492929
"LOC726757",46332.100549064
"LOC102655485",12092.9035290825
"LOC413134",87779.8210098339
"Cdk5",48940.6010986488
"LOC113219127",3033.50820788675
"LOC408345",59707.7421568929
"Rga",40733.065684061
"LOC413816",38548.1615964432
"LOC411535",76177.1558196716
"LOC102654487",3978.78609486459
"LOC100576370",705.982584944522
"LOC102655835",3354.40076143984
"LOC552716",40046.6825300241
"LOC113219094",727.33092855884
"LOC107965276",16083.1094737584
"LOC102655980",105374.313299016
"LOC102653993",82426.0852394411
"LOC411585",21930.853855332
"LOC726486",43668.0640332409
"LOC102655004",15892.1031901893
"LOC726408",60696.2595472672
"LOC409095",94935.1478367154
"LOC113219099",1523.08721224383
"LOC113219071",14135.389309488
"LOC725462",29652.8574422227
"LOC551707",69653.1387941379
"LOC412219",76064.2322476734
"LOC102656011",43718.9274188656
"LOC100578439",34973.3662962951
"LOC107965260",16513.080719666
"LOC100578475",1079.6218490959
"LOC107965252",1371.95073465624
"LOC726695",73975.4830027693
"LOC413311",53971.4541955526
"LOC409518",84103.0237862875
"LOC552482",45957.9543244319
"LOC725245",14851.4770259346
"LOC409178",101327.842693916
"LOC409838",62716.3393495138
"LOC552002",132213.893951295
"LOC406097",76059.6869014491
"LOC100578112",97400.7610818746
"LOC412346",67884.9267359184
"LOC113219142",3157.9484002906
"LOC725822",41375.0373414917
"Or105",11705.3151624761
"LOC413942",11926.3065830975
"LOC100578357",1208.59351729485
"LOC724876",33738.0642794589
"CPR3",27687.1853360134
"LOC413680",89285.1193001466
"LOC413428",161482.913240395
"LOC409647",49511.0574041849
"LOC409766",56293.7207354306
"LOC726896",258803.332097629
"LOC552774",127424.588605775
"LOC726508",45299.0917282582
"LOC413380",4052.25748816345
"LOC408309",231859.371936521
"LOC409695",201478.558382263
"LOC102653896",51744.8359502587
"LOC409634",978074.050149392
"LOC411939",54964.4119568451
"LOC725323",59551.7521524415
"LOC100576519",65996.4579023089
"Mrjp9",382.335644257008
"LOC410293",21379.5492252365
"LOC409203",13106.5442345205
"LOC409759",44336.3217902493
"LOC102654666",2201.89675920837
"LOC411918",85762.0449486312
"LOC725288",16011.8996790638
"LOC100576585",15693.7020352541
"LOC725243",561220.154149563
"LOC408352",65838.0851342877
"LOC102655299",12681.8972052991
"LOC727189",43472.0984682245
"LOC726301",52991.5004656595
"LOC552154",14123.0192054575
"LOC409070",65203.1050529747
"LOC410278",195070.432484638
"LOC107965290",616.130813207808
"LOC414001",67599.0426446998
"LOC107965147",177976.946887384
"LOC727170",229954.90707216
"LOC410339",58360.3785500381
"LOC413379",512.28243772867
"LOC550935",71807.7100313117
"LOC550973",43228.7886204469
"LOC107965173",4933.58053817063
"LOC724952",4481.33760918497
"LOC413772",63482.0444931675
"LOC409877",108602.206132249
"LOC409531",91715.6476319432
"LOC102655948",6280.54191457988
"LOC102656707",499.946469496385
"Mrjp4",2126.25893982318
"LOC113219128",18527.7134079671
"LOC724997",42807.0986707047
"LOC113219096",10728.9507075074
"LOC552791",69976.0850139817
"LOC100578343",35788.8274569741
"LOC102655180",6726.9759231209
"LOC409863",44436.7211676991
"LOC412273",22701.8710626549
"LOC409061",22345.1971524567
"LOC100577406",8468.26157207443
"LOC552820",99592.6793100277
"LOC113219095",3021.27322338516
"LOC410273",94106.4058843269
"LOC413086",56525.6938908012
"LOC410291",134188.920752019
"LOC413336",53678.4791885543
"LOC100577649",61635.3533041186
"LOC102653678",77804.3460716385
"LOC726150",17534.7007588001
"LOC102654090",29886.0938857704
"LOC410345",70579.5474285946
"LOC100578317",75360.4289158505
"LOC100577735",67928.3539293209
"LOC725615",91984.5668298258
"LOC552769",34473.2685800133
"LOC552098",49544.4533153867
"LOC410283",39906.1155130815
"LOC100577766",39747.2904260863
"LOC727510",100776.784374858
"Mrjp1",17995.4502769899
"LOC725424",35577.5254595926
"LOC551268",10041.6528236827
"LOC551528",100984.256841477
"LOC102656066",11447.0296008687
"LOC412866",64189.7980859042
"LOC552626",62451.5277499027
"LOC102654609",6218.08174485003
"LOC410334",2634.99752106799
"LOC413430",75483.4014545446
"LOC410308",57441.8582527036
"LOC113219115",37895.6291167488
"LOC724953",18800.9712594312
"LOC552145",65188.1605552013
"LOC410254",64426.235907595
"LOC551734",78354.0978654611
"LOC408359",87361.570843484
"LOC100579040",40560.4424042582
"TpnCIIa",17841.66689972
"LOC102655523",66470.7753933365
"LOC410289",70731.58319434
"LOC113219101",1546.55278292072
"LOC102654866",68311.6040323479
"LOC724335",1975.72231425929
"LOC551425",103954.54571952
"LOC107965212",79923.3245125212
"LOC113219069",8825.94184440359
"LOC100578581",32434.1221475345
"LOC408353",49433.812175168
"LOC409260",33635.2093615674
"LOC726018",56804.0976461489
"LOC410280",95404.3263969729
"LOC413145",40543.3730168827
"LOC411888",46307.9565459664
"LOC552459",34561.9938346198
"LOC551467",56206.5582959409
"LOC725324",94370.663395051
"LOC410270",544068.533407632
"LOC100578716",10531.671649412
"LOC550656",78373.9480145564
"LOC408347",92088.3067651796
"LOC409861",96912.9554943717
"LOC412348",44954.2541293229
"LOC551229",76815.247001158
"LOC107965266",20188.2103297873
"LOC552367",24785.8227968925
"LOC113219097",52751.3795165432
"LOC552231",70125.1168205539
"LOC100578910",3861.59550300368
"LOC408316",88738.2538466558
"LOC410282",26290.708929428
"LOC552830",118658.125818189
"LOC551162",74779.0937846232
"c-mos",17011.7217212009
"LOC413091",77827.2835623531
"LOC113219100",56581.102626515
"LOC113219067",1688.35724287479
"LOC409941",45855.3656466687
"LOC726895",9614.90900485076
"Sod2",96498.0960416051
"LOC102656080",4984.50582721843
"LOC107963971",3263.8586680038
"LOC102654871",40100.67863891
"LOC409348",84833.5812009164
"LOC100576761",67922.0510821402
"LOC410255",64335.8622646256
"LOC102656537",771.897800152548
"LOC409574",56223.377151905
"LOC410304",926537.062565018
"LOC726612",50406.3177108513
"LOC102656914",46673.0878123606
"LOC410266",32600.564580074
"LOC725688",9834.02059486778
"LOC410108",76049.724487251
"LOC413259",33203.1197607979
"LOC413837",238517.396356322
"LOC102655147",2893.68212459361
"LOC726595",55976.8520964807
"LOC410118",60935.8574009403
"LOC100578577",1206.92468386872
"LOC102655038",3390.45850610702
"LOC410307",77600.9990747455
"LOC102653856",4483.22453767808
"LOC102656748",21552.8288468055
"LOC724770",31957.6668713351
"LOC411889",42507.7774184708
"LOC410301",76379.4618652965
"LOC408364",159630.010859668
"LOC552651",172554.625879766
"LOC410330",60167.9432698055
"LOC100578524",50775.4140096706
"LOC724769",41477.3990590057
"LOC107965237",121420.909733605
"LOC724896",27777.676710534
"LOC551323",80665.1068587651
"LOC552308",42460.1118533908
"LOC113219117",24056.3656681251
"LOC100576279",30777.1433897426
"LOC100577014",51077.0093619362
"LOC408361",26981.428210426
"LOC408351",178872.798997021
"LOC724685",58448.251261882
"LOC100577687",49305.8288450349
"LOC113219124",2233.51001317547
"LOC552460",47192.1510266841
"LOC102653601",62206.1046647086
"LOC412215",2881.68716858979
"LOC412606",76018.7565986136
"LOC410340",59755.5963964943
"LOC411458",53123.9638325337
"LOC408315",172241.631333528
"LOC725984",17240.4162353122
"LOC409474",93012.9184476838
"LOC411735",55345.8302937261
"LOC726594",60472.9817687214
"LOC409491",65882.9658319631
"LOC409438",53207.2366540483
"LOC725641",45961.6823456287
"LOC102655411",58649.0029583985
"LOC100578575",39811.3537551837
"LOC408349",75323.3128334235
"LOC408367",101051.329946909
"LOC725194",45426.7244358293
"LOC113219106",38835.7657895591
"LOC411943",39898.3245813292
"LOC726964",66831.4872636847
"LOC725923",89365.3083304578
"LOC551309",72457.3081575626
"LOC550984",59713.3935930064
"LOC410261",35401.5425242698
"LOC107965805",24700.7795473835
"LOC726963",2599.20498791103
"LOC107965281",71439.0032337637
"LOC724791",17873.4506573139
"LOC113219085",729.795467609204
"LOC102655371",13075.3289524985
"LOC102655184",3274.15034226694
"LOC551883",481655.279671652
"LOC113219107",6653.69842825682
"LOC410294",70464.4423095286
"LOC725614",89412.9161994209
"LOC724290",83773.6482067218
"LOC551424",80634.592173585
"LOC412222",5216.60273319957
"LOC413429",62335.5284316364
"LOC726019",44915.9577939436
"LOC107965751",41143.6711041735
"LOC727299",52982.9767736136
"LOC552295",63026.1436372972
"LOC113219098",25231.0390790639
"LOC102655030",29667.1961889247
"LOC102653945",19636.6242614253
"LOC102655407",208996.383963055
"LOC113219110",2030.24780161502
"LOC413728",57012.4558283044
"LOC409622",107298.156659663
"LOC113219134",8906.90145703082
"LOC113219139",20807.0086818259
"LOC410257",54954.5611767579
"LOC413108",65888.775909917
"LOC102656690",1105.43386080445
"LOC100576647",37074.7340400077
"LOC552753",37673.2032772465
"LOC552303",114470.371261843
"LOC100577378",30182.8662173137
"LOC725391",29774.8231733038
"LOC408342",138983.394034838
"LOC113219109",543.771102828544
"LOC552085",46465.7972253875
"LOC725689",97761.416969636
"LOC411861",53108.5313165773
"LOC726780",75033.2537186352
"LOC724501",127914.077938557
"LOC107965198",8239.44601635597
"LOC410288",3650.1626507753
"LOC410344",60725.8117408664
"LOC413343",28339.1120706801
"LOC102654369",40049.4071579664
"LOC102654395",41016.3483363956
"LOC102655785",26920.0298891516
"LOC727052",1411.44546522923
"LOC410259",288963.301986259
"LOC113219130",34644.9681573147
"LOC726913",139480.960354935
"LOC726801",57184.9861285806
"LOC411566",68673.6300794901
"LOC102655660",1314.55386005339
"LOC551560",1922.70315468522
"LOC107965224",23791.5705984893
"LOC725924",1366150.38366721
"E75",348365.790598169
"LOC724287",452500.980327414
"LOC413916",56008.335003868
"LOC726415",221000.711373478
"LOC100576532",22029.3776828637
"LOC409184",50880.1180625394
"LOC724155",50852.4942381093
"LOC552446",39645.8523861631
"LOC408332",84970.8231881862
"LOC412409",62485.8126830736
"LOC551073",138819.515397022
"LOC552746",26768.1664477835
"LOC102654444",51072.5828716079
"LOC726993",260759.276690679
"LOC552447",6424.83778437903
"LOC113219073",49732.4469260703
"LOC100576985",52598.0672557435
"LOC552733",7872.2165292226
"LOC552723",61436.5710523434
"LOC411769",227118.771521293
"LOC724502",42871.0873035907
"LOC726225",1063.25370945984
"LOC113219137",51026.9638445183
"LOC100577693",25812.9151272796
"LOC409569",46925.7405943583
"LOC410336",356093.936963622
"LOC100578547",46667.693984312
"LOC113219092",12379.0335260839
"LOC102654709",500.671468985422
"LOC410325",77313.4287771315
"LOC410253",186150.126789618
"LOC724288",66653.2324394428
"LOC113219079",757.268582485831
"LOC408310",22277.4587885578
"LOC100576286",56105.1398473113
"LOC411614",277788.622058321
"LOC412705",44164.9748370441
"LOC100578128",19166.6257962532
"Mrjp5",3006.67733062572
"LOC107965199",5731.6713898307
"LOC727495",63210.5166778554
"LOC409396",52011.405649228
"LOC552588",31247.4809736196
"LOC551283",89912.6463475325
"LOC107965271",9198.29693201536
"LOC100577161",5473.45493708021
"LOC100578162",35745.5268190609
"LOC409735",71797.5734425985
"LOC102656587",79938.8072571191
"LOC552763",28524.333386141
"LOC100577578",80848.1383497526
"LOC113219065",35389.475822267
"LOC102653994",9682.82031148452
"LOC100576225",2280.42568746756
"LOC107965241",12274.2649783107
"LOC102653963",36385.7825358221
"LOC411734",96491.6212808546
"LOC552814",109358.809526639
"LOC408311",112622.981009226
"LOC410264",52928.9675620956
"LOC727192",85387.6334977854
"LOC102654947",20936.4341139661
"LOC102653967",106744.151111644
"Mrjp8",3056.35709442997
"LOC408382",23276.5494577605
"Ppib",67883.5874364397
"LOC551987",208801.939030892
"LOC551815",34635.8272788901
"LOC102654712",2433.93113470626
"LOC409942",71435.2414573468
"LOC412944",60209.2506590622
"LOC410299",107755.407429305
"LOC550655",725539.281892836
"LOC413943",82068.6222271943
"LOC410347",213713.213438274
"LOC552752",61067.3021523262
"LOC725084",84940.7165027191
"LOC410326",81146.7411933074
"LOC551635",63617.0392478245
"LOC724998",45762.5899327443
"LOC551532",47396.8760046551
"LOC409373",80763.2263676545
"LOC552729",80078.7219625139
"LOC107965250",95978.3536870622
"LOC552511",28927.9103585187
"LOC412414",48530.5893770281
"LOC100578246",99387.298275322
"LOC410134",67511.5802528282
"LOC551624",199646.03900734
"LOC725274",56064.0332419395
"LOC551736",495157.32457679
"LOC113219086",31823.2708420245
"LOC102654613",4512.59639425366
"LOC552689",25776.0121373842
"LOC409767",104663.459789483
"LOC107965233",90887.9846329978
"LOC100578101",17365.9800832044
"LOC113219129",1071.95809617588
"LOC100576421",223881.263391836
"LOC411811",39184.9787081265
"LOC102656717",1247.58967460062
"LOC100578759",5109.44570674283
"LOC408335",103693.156053666
"LOC410352",78474.3401717965
"LOC412108",167385.464679539
"LOC727303",31785.8407349228
"LOC551500",70118.7342212399
"LOC410272",80042.1142767381
"LOC413310",158259.780971422
"LOC102656737",9547.45049265166
"LOC725887",55275.9432524592
"LOC102656725",50917.3795536881
"LOC552282",121773.190173542
"LOC411364",51795.2026047726
"LOC113219113",3590.55953512293
"LOC409765",41749.8592440983
"LOC726904",38348.9696339253
"LOC551683",60084.7376280131
"LOC552468",197594.58319384
"LOC107965179",79929.0044968778
"LOC412422",78894.5549397089
"LOC412236",53781.5899788124
"Y-h",1716.70111059428
"LOC552254",115705.841570855
"NFRKB",96552.4393779165
"LOC100578375",18745.0157638819
"LOC413427",135777.396000757
"LOC107965272",26149.7145829847
"LOC725351",19327.6023518082
"LOC551211",139879.07586074
"LOC724361",51223.4658469865
"LOC412832",66368.3430412249
"LOC113219078",592.842603856725
"LOC100578332",143056.176918997
"LOC107965158",5002.95507562171
"LOC113219122",1517.10164744433
"LOC551493",70029.3332888625
"LOC408365",6062.53940577665
"LOC113219141",23166.5366561968
"LOC412247",25071.0440180577
"LOC724878",61720.0881331222
"LOC100576289",88514.5671699117
"Mrjp7",5372.65694705398
"LOC412663",44988.7481718399
"LOC551483",76478.4094963043
"LOC102654106",1248.72144798642
"LOC408343",1386044.11490174
"LOC413833",3967.66013667359
"LOC102654282",64553.5518358485
"LOC726151",51038.6076332933
"LOC552557",36798.2180300701
"LOC410338",47437.5938897597
"LOC551140",82483.3021352503
"LOC727234",51444.4588277726
"LOC409265",53386.7413148668
"LOC726455",14940.7581755079
"LOC724942",139978.151408392
"LOC409393",85166.6739888715
"LOC551276",74712.7413110298
"LOC100578540",25445.00642578
"Mrjp2",8670.71522720895
"LOC409762",42041.6550019101
"LOC107965169",15320.1558739926
"LOC113219091",54728.6160102744
"LOC725289",42660.691756164
"LOC725540",143102.10477901
"LOC725781",75328.5461757076
"LOC552759",69162.2558306311
"LOC102656305",7990.18292475297
"LOC410323",26072.661058984
"LOC726800",38742.9439004969
"LOC102654041",31253.5508125769
"LOC411483",70875.8355802959
"LOC113219121",73678.3519786616
"LOC552313",14848.0916003507
"LOC724756",62705.0106815211
"LOC550987",36975.7337359869
"LOC102656228",1616.55232778517
"LOC102656859",962.122857453821
"LOC410258",68067.8080884865
"LOC725069",11424.2847495743
"LOC725780",66994.4361009926
"LOC412046",111760.365694459
"LOC725580",51519.2586552188
"LOC410317",1149565.85487988
"LOC551838",77150.1392925042
"LOC552833",67448.6597946187
"LOC412423",71848.0692077536
"LOC102655574",9949.13900315608
"LOC107965175",8073.76522300179
"LOC551668",81270.2516608818
"LOC408368",37262.1027526378
"LOC551735",88411.3504220515
"LOC411863",52776.8005095327
"LOC107965219",13068.9690921057
"LOC727037",4054.17019125292
"LOC408321",47786.9560199157
"LOC727012",52528.8543449367
"LOC411602",42682.536249033
"LOC727424",44301.3095387206
"LOC102656166",71584.9979721057
"LOC413668",59775.7123416205
"LOC107965795",20380.6923766827
"LOC100576186",10573.7677905894
"LOC102655046",21620.1839259228
"LOC408339",493565.9439467
"LOC410375",105170.188988574
"LOC726522",27057.4028498851
"LOC412172",41216.4280493804
"LOC725051",13906.3054307274
"LOC551454",75484.7079618503
"LOC100577504",12564.4736310571
"LOC552680",44649.3971386172
"LOC410319",52432.5924013542
"LOC100577809",8353.11883607703
"LOC727222",60452.3427669755
"LOC410274",91915.3375205097
"LOC410331",64225.5088378303
"LOC411718",34298.5959863182
"LOC412277",110998.75776286
"LOC726432",93484.4419941183
"LOC113219118",174997.184929032
"LOC107965171",24757.837860336
"LOC551795",48031.1135882363
"LOC412278",76668.2130542307
"LOC113219126",4416.6861065072
"LOC413657",75436.7177376793
"LOC727405",59699.7905846678
"LOC107965189",925.866578271312
"LOC550794",72856.4515298425
"LOC408333",105194.754087429
"LOC100577845",42396.1765135197
"LOC552407",74260.9090700233
"LOC409475",62854.6482346688
"LOC412842",55169.0670158847
"LOC552799",17518.2212506179
"LOC409956",196468.333139822
"LOC726443",41349.0457755064
"LOC409171",71629.1875420494
"LOC411505",58300.1835412679
"LOC409978",57081.1185954242
"LOC409332",114931.939102238
"LOC410296",15627.1084859027
"LOC100578002",21584.7743337648
"LOC100578976",52925.9749458028
"LOC408346",92282.7023893041
"LOC113219077",5013.83893504879
"LOC102656488",39210.8111410596
"LOC100578438",7266.42098615659
"LOC100578697",57544.6624339557
"LOC552700",78737.0671488305
"LOC100576989",31048.7928020349
"LOC725390",39644.0383818594
"LOC408355",72209.5534502395
"Or98",2749.18877651436
"LOC413261",33713.8122150051
"LOC107965262",46936.1639663372
"LOC551148",67105.9523217443
"LOC100577060",37451.6841652326
"Hex110",25063.7118975976
"LOC724799",100250.64645371
"LOC107965211",44131.2359927629
"LOC413934",22269.5154255156
"LOC409784",83781.0981014096
"LOC410295",10820.5522458343
"LOC102656336",18918.1420382278
"LOC408327",83734.4697592638
"LOC413054",27005.8939002753
"LOC102655564",10303.9571895482
"LOC113219068",3186.52498433038
"LOC100578723",48425.2527986001
"mGlutR1",160349.312710444
"LOC100576773",2094.7278587778
"LOC413097",40648.7142536293
"LOC725750",409208.668256606
"LOC409494",25879.8780613285
"LOC552683",47775.4312851751
"LOC410318",5106.4606349881
"LOC100576392",204003.310299885
"LOC107965146",7932.73608707931
"LOC724460",203108.143386864
"LOC413344",45072.338248473
"LOC100578943",40448.7978263985
"LOC102656136",70897.5105143959
"LOC107965235",1056.00845951895
"LOC408317",17755.8613572619
"LOC107965150",9883.37916275166
"LOC409329",55190.305743476
"LOC552375",88049.2620715031
"LOC107965228",4276.30728037422
"LOC410348",69589.4266875073
"LOC726770",131086.475711694
"LOC413827",50824.6452905523
"LOC113219108",5092.00593845477
"LOC552838",37902.1433889985
"LOC100578089",53435.6551962437
"LOC102656796",185372.450137658
"LOC725727",57271.4164506957
"LOC102654329",14124.0210595509
"LOC412375",66754.2783329599
"LOC408314",47842.0354620179
"LOC725687",72258.8748028972
"LOC726861",104405.598150862
"LOC100577344",34419.3613893251
"LOC413822",76370.0939569585
"LOC552744",87519.3214736392
"LOC410337",14292.1875328634
"LOC550926",60891.8753298022
"LOC413906",62930.3246862047
"LOC100576660",60030.1405632406
"LOC726294",133825.385334295
"LOC107965225",26538.9386571012
"LOC107963968",65389.7839991472
"LOC552779",46433.9026243687
"LOC724154",64697.7759645821
"Ip3k",106938.367825305
"LOC551379",78464.1417361982
"LOC102656805",1978.81994689639
"Mrjp6",1110.92117933768
"LOC725050",32886.6229557829
"LOC410256",63906.6643954121
"LOC100577073",384730.114711168
"LOC726875",74383.7377916634
"LOC107965291",662.330972922234
"LOC107965243",2408.21942752246
"LOC107965218",40635.76764132
"LOC413109",22857.8608927765
"LOC727593",11430.057240489
"LOC413543",3652.00581789769
"LOC113219076",29282.2340951943
"LOC107963960",93569.5211759682
"LOC100576609",2034.29361104623
"LOC413144",29814.725757373
"LOC551146",112300.170241148
"RpL32",149257.835483904
"LOC100576299",24687.7640783327
"LOC726564",22499.8020485236
"LOC409841",72930.7990219921
"LOC100577455",133930.038182096
"LOC413260",29965.4273805497
"LOC724322",82057.7011164452
"LOC107964020",13084.5322736359
"LOC107965192",57413.6757475814
"LOC102654017",19852.9376619152
"LOC100577537",1811.27345712779
"LOC725952",19934.2516697358
"LOC100577520",45000.1711740614
"LOC102656071",2413.72687961156
"LOC727502",55701.9037325772
"LOC102655983",28152.5727841831
"LOC100576717",99317.2198266976
"LOC100578939",100983.383344823
"LOC726274",2500.71735214878
"LOC724286",11789.6029531596
"LOC100576557",30453.595720033
"LOC408331",191421.156640581
"CPR2",759.13460257138
"LOC100576080",14287.0280927812
"LOC410290",35452.3736415972
"LOC724580",3991.50133330748
"LOC102653665",1003.27614840921
"LOC552695",38347.8996004006
"LOC100578739",251100.916552753
"LOC412154",80921.3726983471
"LOC411433",59433.4015301985
"LOC552804",104295.226866592
"LOC552309",121700.399260528
"LOC100578709",74891.4065243133
"LOC408322",123790.029018049
"LOC725316",23872.7301581777
"LOC550884",30729.250354925
"LOC102654628",82971.1851466897
"LOC409595",33873.7286725008
"LOC102654700",50695.8909164378
"LOC726579",58548.0384784881
"LOC102655203",55763.9812105128
"LOC102653972",29849.9683910856
"LOC410343",36586.0723318691
"LOC410341",196043.788474556
"LOC100576744",43912.8564825787
"LOC724622",53139.0523521187
"LOC102654166",382143.780024733
"LOC102655536",6358.87609692531
"LOC410328",43242.9132767926
"LOC409476",116838.170846111
"LOC410297",29928.7876144656
"LOC408324",92101.5145747303
"LOC100578159",85676.5271364399
"LOC551113",125275.562881396
"LOC107965265",1519.74935220636
"LOC411795",50616.1083927761
"LOC725244",56151.6748091239
"LOC412536",45935.5345340856
"LOC102656252",7975.30867311111
"LOC100577914",1037.39953718432
"LOC727290",14089.1178876265
"LOC102655688",35563.0237369422
"LOC724877",45176.336803492
"LOC113219114",70016.7601649925
"LOC102656667",16910.9892522647
"LOC551114",66362.8535148811
"LOC409870",60008.2997798058
"LOC100579022",1175.39339040094
"LOC102653574",727.484177581979
"LOC102654272",10636.5658943999
"LOC726903",286526.320851283
"LOC410262",64277.9390297921
"LOC726923",66198.8950275936
"LOC550701",60300.8709476548
"LOC100577041",2926.57829792162
"LOC409280",55326.7264018977
"LOC551324",37929.0766020287
"LOC552619",281122.539169744
"LOC100577699",5564.97985417966
"LOC100578061",3249.78339617475
"LOC409919",128333.721476731
"LOC724768",11101.8349595236
"LOC724736",564441.771606379
"LOC100578586",30254.7448949242
"LOC100577995",146479.009435549
"LOC410878",5814.34192062684
"LOC726570",118687.509272806
"LOC726461",197703.449390976
"LOC107964086",10204.7394193261
"LOC725357",41151.0739994303
"LOC107966088",27035.0234845949
"LOC409087",121953.105347929
"LOC100577749",15795.5976940404
"LOC409430",125767.738727607
"LOC724665",86715.0651766725
"LOC726097",17682.1486267282
"LOC100578170",56786.270006659
"LOC727168",67120.0806284238
"LOC107966112",23603.5784717358
"LOC411906",93352.941726804
"LOC102654200",416998.607876183
"LOC552202",11955.2473244917
"LOC100578429",73210.8928387685
"LOC725588",33108.3565927781
"LOC100578484",3537.3127886908
"LOC100577605",943.605473082079
"LOC552075",96822.2973514085
"LOC408716",283632.877234887
"LOC724852",217642.837372283
"LOC408694",151063.094659642
"LOC113218598",57413.2995209091
"LOC408702",38326.5140842326
"LOC413351",50744.1689127872
"LOC726987",9888.47363664763
"LOC725144",85971.1009625802
"LOC410796",90022.4026091148
"LOC409322",94512.3498011362
"LOC413186",84012.1795994353
"LOC411763",43582.8083436995
"LOC725826",71375.1036567977
"LOC551849",15775.5532405161
"LOC552101",115754.102587169
"LOC552365",66888.4462899631
"LOC102654074",2748.38938413033
"LOC102654085",8428.91940131289
"LOC409235",36388.0498705495
"LOC412315",56054.0364452509
"LOC550739",54802.0110483468
"LOC410851",46822.0955703733
"LOC725861",10567.7642731689
"LOC113218599",6337.07806559388
"LOC100576706",40728.697783535
"LOC410806",69963.2296088664
"LOC724851",140134.499965064
"LOC413208",85928.7783603638
"LOC550804",28729.5531297234
"LOC727300",36777.7225299319
"LOC113219424",9461.9618365831
"LOC408690",219807.171385642
"LOC552277",6256.98123317577
"LOC100577719",44511.9794618346
"LOC551632",2721.52443797367
"Or5",5353.13697019984
"LOC727534",61957.4229591348
"LOC410889",58250.329842472
"LOC412009",49517.3863882752
"LOC113218607",7698.37551898088
"LOC408661",252988.731474101
"LOC550663",110483.724641365
"LOC412853",153553.102288574
"LOC551905",13748.5492501594
"LOC552074",85692.07793103
"LOC411348",149681.603993241
"LOC102653637",55355.9631021868
"LOC725376",70186.8158595336
"LOC100576896",113837.19050258
"LOC410852",301553.139807405
"LOC726187",86461.5517391949
"LOC102656798",22919.5081395033
"Or26",6770.76076449635
"LOC726009",42041.5803562505
"LOC102656232",1684.30003321305
"LOC408715",1093995.24446073
"LOC552105",62251.2166977675
"LOC100578514",2667.1934105035
"LOC107966099",34149.0258365587
"LOC726332",20171.2416237473
"LOC409192",151358.475774996
"LOC408648",62427.5505550598
"LOC100576862",90381.4920748677
"LOC113218520",13922.8965359097
"LOC725164",1292592.76498088
"LOC100578885",169092.116299551
"LOC410891",79189.8514992637
"LOC100578084",30520.4810979693
"LOC550664",43499.4569895858
"LOC100578507",43291.8862888567
"LOC100578436",191234.957135765
"LOC100578478",5713.11934284178
"LOC413147",86458.2328500932
"LOC113218553",10675.8110420271
"LOC100578420",33735.5079379625
"LOC726292",6922.80378042707
"LOC409820",60171.3817505905
"LOC100576816",9374.3650917614
"LOC411766",54318.9455636317
"LOC724716",40855.2513250404
"LOC551273",44846.7896422678
"LOC410870",214116.33470314
"LOC102656585",181036.225093675
"LOC726589",103759.909427889
"LOC100576284",8069.55161456862
"LOC413207",83743.2865126961
"LOC726793",12908.8825550172
"Or56",10039.4363782095
"LOC726583",58629.5647157207
"LOC100576783",9579.90246382584
"LOC410819",363340.782779809
"LOC102654576",56051.0607501231
"LOC551395",33969.830386778
"LOC113218582",34794.5551406468
"LOC100576174",14692.0834512961
"LOC113218597",55931.0849423529
"LOC113218529",80904.4007666155
"LOC725696",107095.193703737
"LOC107965774",25637.3509822669
"LOC410882",633824.288770435
"LOC102655645",8638.86619262665
"LOC410869",92187.6601658815
"LOC102654726",3586.21526050163
"LOC724162",77439.3351969013
"LOC100578899",176719.376997231
"LOC410844",27347.8436498688
"LOC552320",3324.85690972325
"LOC107966086",5863.33497050515
"LOC102656824",623.24151868612
"Obp1",15903.9892880954
"LOC726679",63002.0266401161
"LOC409871",75724.863302401
"LOC100578624",34786.9558426451
"LOC726783",3256.80442634798
"LOC551290",3143.36776642716
"LOC408652",106637.491641494
"LOC100578587",2639.06371684209
"LOC552483",25808.0667627831
"LOC102654452",7985.60601864286
"LOC102656130",49524.250307722
"LOC725530",40593.813856538
"LOC100578537",60067.2601180708
"LOC412132",85979.469001634
"LOC113218600",420418.899429752
"LOC551687",86936.762292925
"LOC100577598",4485.29625794745
"LOC726231",162965.429314987
"LOC100578730",4817.2173697385
"LOC107965761",848.329414630337
"LOC552405",28021.0526710064
"LOC726303",32342.5721721287
"LOC727119",61626.3415032536
"LOC113218583",13713.315140862
"LOC100217360",2587.1741783782
"LOC100576847",7029.6713454205
"LOC552211",53736.5320627679
"LOC113218589",85900.6791125658
"LOC727350",54226.2746628531
"LOC410833",20091.7208283729
"LOC551535",49748.0318560082
"LOC100576118",3252.3478594012
"LOC551689",57460.9138016789
"LOC726108",35649.6868416751
"LOC413279",31118.111005413
"LOC102655624",1212.26527871552
"CSP2",23997.0165040274
"LOC100577827",39501.0631676909
"LOC412330",170458.156420746
"LOC726804",265605.190026844
"LOC551122",43716.6138877306
"LOC100576881",8149.40484386016
"LOC410875",63973.9514729582
"LOC410855",44007.4302286279
"LOC725396",40694.8146251086
"LOC107966106",11461.7162070452
"LOC551688",51677.1553250588
"LOC724554",113326.487116506
"LOC100576949",469.505975641644
"LOC100578468",1599.49873673105
"LOC726747",86955.9443795078
"LOC107966105",20860.9309273681
"Or30",38279.7112108971
"LOC107964045",11307.0512476936
"LOC100578614",6042.24168812603
"LOC410804",40339.9047004424
"LOC113218586",27038.3390397873
"LOC552044",69307.096784858
"LOC552037",27978.8745975247
"LOC725757",45067.2647591474
"LOC100578801",4827.84261820058
"LOC102655706",538272.780296665
"LOC724600",37368.0439630641
"InR-2",73312.8598194175
"LOC408664",106527.597878276
"LOC100576403",11363.543007609
"CPR14",6939.07943113771
"LOC102654678",1245.01588851119
"Or4",2239.57293310991
"LOC725358",40167.8649295174
"LOC100578356",44972.0528272639
"LOC102653583",4734.08320161861
"LOC410000",50924.9829352295
"LOC409236",151531.426801157
"LOC102656639",5710.04567985623
"LOC113218533",8450.88904117199
"LOC409091",98528.2898914787
"LOC107966089",2225.84727157818
"LOC409092",51351.4055401754
"LOC551563",53697.8080703942
"LOC107963989",1125.69982238345
"LOC408696",94979.4628585982
"Or13",2185.16571539287
"LOC725758",22169.2516819122
"LOC551773",60943.2761292489
"LOC725091",74053.1887585793
"LOC102655330",10793.2193240375
"LOC113218611",92400.0292732504
"LOC552453",14486.5837661959
"LOC725295",43348.0116895009
"LOC413933",57798.3514086535
"LOC412008",69888.5156528912
"LOC102656092",8380.8837193161
"LOC100577377",3857.18415573011
"LOC551255",111572.98266643
"LOC100577139",170847.174844913
"LOC102653599",34431056.6460286
"LOC409457",84941.3170829574
"LOC113219427",36834.2261968031
"LOC102654142",36071.3793752794
"LOC102655088",25725.8337659776
"LOC107964028",24704.0604645952
"Or51",5026.17822971549
"LOC113219428",13698.0429716016
"LOC725958",21429.8393436282
"LOC725491",127539.454850964
"LOC725589",26686.1646539678
"LOC724919",58901.9993841532
"LOC551330",91384.7065336567
"LOC113218584",163856.49112931
"LOC413787",74091.7587618097
"LOC100578119",43882.9144511978
"LOC726438",63287.0219460719
"LOC410854",56931.8620129316
"SPG11",67463.3151621264
"LOC410888",674322.492385992
"LOC409151",85245.5657140932
"LOC113218612",24916.7409440901
"LOC100577334",26201.0707460341
"Or58",5916.57743023063
"LOC410857",273521.435462622
"Or10",3690.7921897162
"LOC113218542",26994.2437733985
"Tert",35814.5762482799
"LOC412003",94347.1550360187
"LOC552020",1290333.46583154
"LOC551254",119428.81426134
"LOC107965760",2451.96392277415
"LOC413023",72657.126647329
"LOC102656562",19576.3931044104
"LOC408660",54960.4004754363
"LOC724274",233284.777071684
"LOC726605",12408.437704968
"LOC725860",737659.442167692
"LOC412678",53146.3173939314
"LOC410893",405360.198555464
"LOC725270",817.19145356931
"LOC724669",79710.7121890793
"LOC100579003",91782.3580264803
"LOC552593",45722.8556902782
"LOC724488",130753.679103
"LOC107964103",35426.7603652904
"LOC552580",91042.4529303669
"LOC100578519",31679.0350402268
"LOC100577661",28353.5024987562
"LOC551412",25110.8495234601
"LOC107964035",25839.6391179329
"LOC410801",34098.8333894457
"LOC100578498",85414.5481953213
"LOC552418",24927.0282920197
"Or53",7771.48613370736
"LOC412646",100291.863550543
"LOC409530",88120.1180319847
"LOC100576433",44936.7246501201
"LOC412175",133510.160125867
"LOC551772",509921.046228553
"LOC408693",83780.1763292309
"LOC410133",149516.338510206
"LOC410887",73919.2733226111
"LOC725008",5662.17773134356
"LOC100578611",569584.873217366
"LOC725138",37233.8332190615
"LOC552307",37416.7235840972
"LOC725625",82096.7893369955
"LOC408673",63104.6281781693
"LOC107964054",2274.39536021549
"LOC410831",171867.168307473
"LOC726393",14749.5985834889
"LOC725957",42090.3087206887
"LOC412133",85433.8613402944
"LOC107964038",876.913241638035
"LOC102654445",14733.4890919454
"LOC411955",35211.5300569525
"LOC724775",74777.3340869911
"LOC410896",9364.4541340372
"LOC552595",41591.1547416651
"LOC550962",38838.4564734217
"LOC408670",555815.369370552
"LOC107964069",139722.919200281
"LOC100577635",211061.789654407
"LOC100578839",65021.1120432076
"LOC410885",9722.17110531203
"Or25",15235.4495629313
"LOC413142",38471.2362194405
"Dnmt3",52261.5835372659
"LOC410825",84120.8100145538
"LOC409038",70055.4849779777
"LOC726925",65180.0451368434
"LOC408649",88048.2582609514
"LOC551121",183581.902586051
"LOC408718",161988.165289439
"LOC102655388",45990.6724188289
"LOC727574",103639.848563822
"LOC100579011",1272.4901015354
"Or50",14432.1030774246
"LOC102653961",11988.3349527103
"LOC107966087",37960.3364446476
"LOC100577715",14085.2799801083
"LOC100577106",3566.52703991138
"LOC410837",41768.9265541767
"LOC412505",95730.114042541
"LOC724734",67332.4032887537
"CPR17",3340.15703805505
"LOC413146",58375.7373646513
"LOC724275",54927.1238094409
"LOC727358",77281.0153761923
"LOC100579024",52791.3404486906
"LOC100577255",89604.6281968978
"LOC410895",171633.542893385
"LOC113218591",77129.3521354464
"LOC410850",15751.292862814
"LOC724648",35665.722412973
"TpnI",13760.8537710058
"LOC551596",249240.246810607
"LOC725058",604.241720741926
"LOC102654955",146976.245160403
"LOC107964040",15294.0319103393
"LOC410802",14608.713808712
"LOC725205",1934.82754363102
"LOC552319",62754.3939661086
"LOC113218602",15684.2525320764
"LOC725789",25941.9678471585
"LOC727515",38995.6546039594
"LOC107963966",22512.8484566308
"LOC408669",94110.5640039479
"LOC410803",110671.206687604
"LOC100576649",57843.9085922515
"LOC102653703",38847.2998909359
"LOC102654653",117197.012759781
"LOC408717",117284.813293848
"LOC551123",2283557.28140762
"LOC410863",61656.776192648
"LOC410795",105268.604271295
"LOC113218585",3441.88845866073
"LOC410838",109569.594318083
"LOC413209",83115.7022717408
"LOC100577530",83871.2017916378
"LOC408685",314477.501266072
"LOC726735",79502.3071649892
"LOC552292",17437.3654235762
"LOC409793",82304.3759575528
"LOC412077",73985.8081124432
"LOC412143",106203.606748421
"LOC100577903",108220.340568561
"LOC412010",64203.2261068058
"Or55",7860.89210085962
"LOC411349",117807.782426769
"LOC552370",125302.791659429
"LOC551801",73486.4110165251
"LOC408655",61016.6746004602
"LOC408701",52183.662497149
"LOC102655971",54666.4199869756
"LOC412824",67674.0278228769
"LOC725697",9434.84596469154
"LOC100577268",61338.8492120639
"LOC409086",140368.64721934
"LOC412700",83331.0693157888
"LOC550665",34556.6731301429
"LOC410867",175028.093359912
"LOC410809",51108.146404225
"LOC413940",81764.496097585
"LOC107966100",13568.3821204981
"LOC102655434",1625.2580094457
"LOC408714",135672.662594864
"LOC551992",43986.5258010752
"LOC551536",50610.9999432995
"LOC100578144",9455.78147724407
"LOC408688",536037.880940684
"LOC409950",23342.5333038759
"LOC410811",73362.1343571128
"LOC408705",107788.873991526
"LOC102655367",4165.95751231734
"LOC410805",43560.6649580768
"LOC102655553",1869.95188143597
"LOC113218551",27597.5049083949
"LOC411672",9130.48538252419
"LOC725009",59745.4664425906
"LOC100577474",8469.58477554892
"LOC724598",57987.0360563335
"LOC411764",96783.8976745914
"LOC724341",44338.0680367554
"LOC412697",31538.2621789663
"Or12",2976.14267576537
"LOC107964060",27621.831385926
"LOC408650",122326.566306276
"LOC726899",29321.6114125232
"LOC102654530",55494.8643929152
"LOC724211",52174.3897915421
"LOC100578691",48022.5549825971
"LOC100576986",17776.274578972
"LOC409164",86947.7785705712
"LOC724187",7857.39130916569
"LOC552422",48165.4508031793
"LOC102653975",26678.3974747719
"LOC408668",73733.54523556
"LOC725891",345024.035614329
"LOC100576623",9709.5230410493
"LOC102654309",26337.9844497841
"LOC725165",15167.1504024652
"LOC100576796",94191.7675724772
"LOC725059",57601.586808052
"LOC408695",155262.188440613
"LOC725143",66272.1931489879
"Or27",19828.4905119855
"LOC724553",38006.4061403887
"LOC107964096",4381.24631709841
"LOC412711",72959.3795282138
"LOC727456",56809.4929534668
"LOC102655291",36449.4656872459
"LOC412955",98206.5873929172
"LOC410130",73697.7158449856
"LOC102655857",2639.66765824614
"LOC409246",95857.333364513
"LOC412005",65481.206871455
"LOC725397",69490.121660864
"LOC100577939",16068.0536260837
"LOC726128",93121.3866613964
"LOC100577606",85775.4998869742
"LOC408657",57329.392941807
"LOC408691",71231.2191543495
"LOC724449",188355.73847662
"LOC100576249",17710.7011327321
"LOC100576320",5752.07640351021
"LOC100578694",75738.1907253915
"LOC724776",5074.60199842664
"LOC413845",44002.1558230835
"LOC552788",80692.8484098625
"LOC113218606",11395.3657983621
"LOC102654905",398.204667210963
"LOC726304",44840.6800809936
"LOC724405",360071.781095894
"LOC413955",67290.2572759556
"LOC552562",49406.1728524899
"LOC408712",120815.935775544
"LOC410865",87306.434646092
"LOC107964093",10949.7118772154
"LOC408662",70349.8701354719
"LOC100576512",108440.205212625
"LOC410132",51736.2647813321
"LOC113218595",794.46865324323
"Or14",3624.13301244358
"LOC410799",42538.6578435905
"LOC412127",40804.3175258858
"LOC413607",50926.5550298563
"LOC551364",127369.278416625
"LOC409489",28971.6789611796
"LOC724673",14209.9144411657
"LOC725429",49983.284026844
"LOC725893",36143.0478920992
"LOC410871",50803.3078859103
"LOC102655100",1109609.7262827
"LOC107964083",18131.7123443471
"LOC724319",231860.740020889
"LOC107964072",28442.8247060548
"LOC410820",146168.210104535
"LOC412331",64208.542361768
"LOC100576732",23165.0085523946
"LOC727308",171584.03175691
"LOC726051",132766.821239447
"LOC412780",54772.8661884025
"LOC409034",87828.0153361945
"LOC413265",52261.5635678365
"Or37",25904.3866303516
"LOC724986",93929.0402551594
"LOC410872",45758.3975474327
"LOC410856",74877.6588246488
"LOC724508",82731.054856204
"LOC726840",47415.0032177095
"LOC113218593",4351.83917228812
"LOC552747",79912.8712755837
"LOC102656852",38935.9972953343
"LOC408672",61405.3297345388
"LOC726171",146946.233830952
"LOC551008",26795.1321545495
"LOC100576829",74538.8564722645
"LOC550695",73665.592420997
"LOC552364",74960.2238977508
"LOC408680",327934.472692406
"LOC410823",145218.9148532
"LOC113218609",7377.41640542737
"LOC100578727",68342.9673317654
"LOC410890",7101.38204359393
"LOC100576571",69053.3877001257
"LOC102653857",15669.6001354586
"LOC102655559",14702.9656365246
"LOC552346",56512.7892188826
"LOC100577101",19720.3355890767
"LOC107966095",3891.38543887863
"LOC411671",56697.094502409
"Vamp7",39118.3560137328
"LOC726085",57769.3962623436
"LOC726419",40323.1108400048
"LOC550895",55462.8234295893
"LOC411871",322249.448412984
"LOC100577437",21283.1878174986
"LOC410828",9668.90010819458
"LOC410879",38976.7451955282
"LOC410792",43159.1723748636
"Kakusei",147007.637470387
"Or57",42883.4883973722
"LOC102654210",5882.71421920812
"LOC413869",61851.3035783381
"LOC100576818",42897.8903951037
"LOC551872",77093.6331896632
"LOC107964030",35758.1560398711
"LOC727293",29627.0249808897
"LOC409234",99679.2468996637
"LOC408699",1294301.90950207
"LOC726812",38756.2079862339
"LOC410866",437018.162675475
"LOC725930",28422.1824406718
"LOC410886",71320.9501957517
"LOC408653",117128.33427266
"LOC724425",807.25705871638
"LOC413578",88553.9071792793
"LOC102653978",24230.606237583
"LOC410808",44737.5729999599
"LOC726554",38990.603487188
"LOC100578072",8929.35270641061
"LOC412759",27450.8090105369
"LOC410894",3221.90573126319
"LOC724114",1290.64492557574
"LOC725101",58704.5989802685
"LOC408686",129992.266208205
"LOC113218604",3128.56628503901
"LOC408675",78721.9497662953
"LOC725626",67689.1013631376
"LOC100577125",30673.4547936322
"LOC102656010",180450.728869294
"LOC552073",15063.5069213755
"LOC102655792",30008.4714211211
"LOC725743",62708.2319441778
"LOC100577670",206922.237362857
"LOC408708",55417.7129644735
"LOC408697",70544.4801093036
"LOC408677",81085.2394772434
"LOC725528",108850.02167735
"LOC409221",97224.21897039
"LOC725325",20741.1834861908
"LOC726428",21907.3921844464
"LOC102654685",1505.17524048213
"Eyg",2364.21319690346
"LOC100578437",61009.326736446
"LOC411765",96425.1842669868
"LOC725473",54875.6012459673
"LOC726956",85867.2937349393
"LOC724367",71614.4356713468
"LOC107966102",1707186.31249666
"LOC100576914",12312.280774289
"LOC410877",62364.3290004185
"LOC724808",74658.1528396984
"LOC100578833",36889.1902415939
"LOC107966117",15039.9608887443
"LOC726295",232277.15032073
"LOC410848",54859.4052569898
"LOC409111",114582.378869942
"LOC100577787",2377.6898316244
"LOC102656907",6496.37293784453
"LOC551009",58863.2273788895
"A4",6357.76730001393
"LOC102656247",46622.2797879372
"LOC408710",115004.073285706
"LOC410816",69801.0362670423
"LOC107966103",1551180.94447277
"LOC408687",37817.965609463
"LOC552124",24218.8429893767
"LOC113218601",3439777.44682436
"LOC113219429",17612.6794939106
"LOC408656",74147.2909799388
"LOC107964042",45209.7860545147
"LOC410853",304140.755602745
"LOC726280",101479.288142854
"LOC100576808",751.640669063351
"LOC100578724",1225.9386669761
"LOC726711",27229.1987028174
"LOC550738",84298.9452632787
"LOC409791",1078825.64763123
"LOC726375",26117.5103934122
"LOC113218594",78654.0133353755
"LOC107964089",11961.140171146
"LOC726798",9362.19465969229
"LOC113218605",37001.8569234907
"LOC102654939",27114.3612315665
"LOC552129",86505.2213871104
"LOC100577590",21061.0500361456
"LOC725294",486710.777501222
"LOC100576274",24589.4025600988
"LOC412314",53818.5532154364
"Or11",3939.16161475769
"LOC410793",9170.22646581359
"LOC727393",81529.2343632083
"LOC113218592",9844.46319180893
"LOC724299",127689.158574112
"LOC107966098",25606.0919813623
"LOC410087",119546.78170839
"LOC102655235",40328.3229562902
"LOC552471",43290.4718932604
"LOC725506",1299.86214936319
"LOC724300",17259.4983596625
"LOC113218588",2504.1590843719
"LOC411452",111137.532892565
"LOC409088",30115.1346909591
"LOC100578213",12844.2247317717
"LOC726924",898100.032767445
"LOC724850",52670.7654559083
"LOC100579058",15787.8155775828
"LOC725119",66109.0675221349
"LOC412030",49826.5782656696
"LOC100576984",18729.6589704632
"Calpb",83916.1011543637
"LOC100576121",3318.90602379833
"LOC100577226",43102.4690781783
"LOC102656676",1081.33741393344
"LOC411697",45306.9431494493
"LOC107966085",1512.49083393652
"LOC107966114",36390.9621831671
"LOC413928",45141.1634843752
"LOC551891",49763.4581300641
"Or52",8218.54922822894
"LOC100577496",8890.08856464521
"LOC102653940",64489.2502033554
"LOC100578397",34298.0315865672
"LOC726230",51207.8981140768
"LOC408706",159399.025091917
"LOC552092",87631.2884353304
"LOC410824",15386.598976577
"LOC551167",161440.506560149
"LOC551997",87026.8609456185
"LOC412076",54757.9826775528
"LOC100577751",30156.4310219087
"LOC726053",114383.406527938
"Or35",59281.9380383876
"LOC102656093",56200.750965488
"LOC726760",74251.0713063136
"LOC410821",50450.4970235194
"LOC107964039",84356.9009609887
"LOC413164",120275.877020365
"LOC107964104",393358.771094359
"LOC552434",49593.9283097125
"LOC102656630",816.490606737613
"LOC552343",48820.6155423502
"Hiscl1",347320.889203023
"LOC410862",26965.3126662579
"LOC102655218",871.353688743939
"LOC410897",61574.8742836782
"LOC408676",109453.558058633
"LOC102654426",163208.078400841
"LOC408678",36840.7380074527
"LOC552311",34099.8723196947
"LOC551743",33003.4971026354
"LOC102653600",4627.52479824251
"LOC410812",77579.1978359867
"LOC100577927",57299.3587487059
"LOC724507",12705.3988784015
"LOC724792",115225.179536155
"LOC410874",115376.798086393
"LOC724424",44466.851383633
"LOC551914",157833.244045627
"LOC113219425",5886.87712562219
"LOC409039",87008.227222905
"LOC408711",42030.1708738741
"LOC102655454",5367.86780340317
"LOC409821",77736.9352280042
"LOC412594",199559.720770228
"LOC410829",32776.1763579948
"Or19",15079.9519674454
"LOC102655008",56297.8626718643
"LOC100577068",24985.2122686594
"LOC102656490",5872.46446331784
"LOC102654348",12891.1263842575
"LOC552183",187270.070359843
"LOC725742",48342.0097009216
"LOC102656216",3430.85487776848
"LOC410127",96971.7541463126
"LOC102655435",18838.7121837322
"LOC107964043",11386.1613711464
"LOC113219426",19672.1346938353
"LOC410876",21253.7194141641
"LOC725718",121764.635250057
"LOC411359",76853.376867268
"Or9",1088.63883832727
"LOC724471",15610.6901451762
"LOC102653939",1253.54788443014
"LOC102655220",2171.8716443255
"LOC413060",138233.452688894
"LOC725850",28265.8154004814
"Or41",19272.012044447
"LOC410849",63213.5403567167
"LOC100578654",68216.8095634602
"LOC725892",12791.2306643981
"LOC102654107",26313.3713213316
"LOC724555",8567.82128697106
"LOC100577742",58991.8939517274
"PDHB",55380.465044561
"LOC102655825",7306.02538387531
"LOC724599",115360.896676412
"LOC413350",103963.559701287
"LOC113218610",24463.2514825712
"LOC726803",2389.64915611803
"LOC410864",77540.1147628723
"LOC412465",297341.155834211
"LOC413130",67258.8447053451
"LOC408681",52443.2233959596
"Fabp-2",209194.522168549
"LOC107966113",16471.5789075341
"LOC107964046",29867.9099051536
"LOC412386",58184.6886895696
"LOC411729",34629.7112700907
"Eaat-2",32699.914148687
"LOC102654800",753.352720046511
"LOC102654355",14491.2421254517
"LOC102653640",28532.9110184856
"LOC413278",60491.9726605833
"LOC551476",37036.1524217336
"LOC412516",42959.5879379219
"LOC725828",57314.5831540298
"LOC726478",6612.69024692009
"LOC551595",68069.7744865831
"LOC408713",23029.9633955321
"LOC551492",51158.2256789943
"LOC552012",32904.7095979706
"LOC102655463",4493.44293100852
"LOC100577671",5886.42549571074
"LOC408666",33224.1482856912
"CPR22",1943.34016466951
"LOC100576944",14804.7387931947
"LOC551690",71413.8727491425
"LOC727460",116632.218803509
"LOC552790",56681.7779859531
"LOC100578715",16554.451868077
"LOC725070",109898.476368648
"LOC411870",42315.7248948458
"LOC100576733",163999.783160502
"LOC551508",55446.7626475455
"LOC113218590",28195.8792907843
"LOC102654729",33891.1677841393
"LOC113219430",1922.51698523734
"18-w",23523.785978623
"LOC102654146",2214.99062517164
"LOC410883",45006.0746736233
"LOC410860",64539.2202572682
"LOC726110",52714.9813737205
"LOC100577938",14410.2905236987
"LOC410884",699.370100109017
"LOC552620",62294.1061800499
"LOC408663",125356.231422711
"LOC727049",46129.2793063674
"LOC113218587",7334.74958735371
"nAChRa6",3296790.93045748
"Cdc37",126934.495024194
"LOC113218603",56412.6290536036
"LOC102653750",6759.04462243261
"LOC100577634",3169.08361955254
"LOC409566",49087.0155036704
"LOC408674",34733.805770936
"LOC551477",50543.3876608857
"LOC551711",56605.830716482
"LOC725441",39684.6839513847
"LOC550806",60871.1708054587
"LOC102654330",2166.45982327187
"LOC102656070",5345.81562658838
"LOC113218895",14767.1373376123
"LOC113218909",21755.2326647162
"LOC102656403",630.461815772181
"LOC100577997",70593.3771276388
"LOC552585",100282.41135074
"LOC100577098",73076.080834759
"LOC551570",39377.907781551
"LOC552104",97442.2767495483
"LOC410162",85924.3717584678
"LOC725233",388807.708588496
"LOC408923",69182.3199666964
"LOC726379",76194.5101662469
"LOC411217",42850.0955365461
"LOC413280",117122.550185988
"LOC102656570",2617.40587678062
"LOC100578126",99287.1768881609
"LOC552005",4715.20270685911
"LOC727520",56266.1460348596
"LOC411193",47830.2454505416
"LOC408952",95803.0798612004
"LOC411802",82885.2150417222
"LOC102656548",2668.97620274493
"Tk",793134.769967903
"LOC413247",14283.5588146637
"LOC414012",86662.7691723539
"LOC113218900",23818.8034267594
"LOC725019",5960.71491139356
"LOC409364",115150.070906196
"LOC411234",77480.0165181255
"LOC551224",4882.19494427892
"LOC412371",73080.3969910851
"LOC412816",74468.3228254353
"LOC413494",77913.6427749783
"LOC100576932",39878.7544472861
"LOC412394",49322.8326822133
"LOC411214",67582.8947446806
"LOC412393",82350.0524236709
"LOC408902",130373.763561942
"LOC100576784",43032.9963095287
"LOC412896",720347.974652976
"LOC113218897",13280.2168912703
"LOC411195",37920.540603659
"LOC113218908",570.852257902045
"LOC411218",59832.4028654924
"LOC100577341",64201.2234511193
"LOC102656007",37247.2143201213
"LOC552152",49678.1612327612
"LOC409158",92601.0056128255
"LOC113218887",36998.9836499873
"Or170",1747.38066532304
"LOC102654777",22116.4674944726
"LOC100576987",2637.11358615385
"LOC409252",108248.773339795
"LOC113218911",52969.2297239797
"LOC102654121",38381.4671323326
"LOC552000",66872.2721063968
"LOC411502",42652.6671935826
"LOC100578532",404.506090125038
"LOC102654335",95981.6392348696
"LOC100576497",31140.1711893312
"LOC102656392",15718.9276988069
"LOC409277",99246.490141749
"LOC411220",1021295.60372619
"LOC550875",77269.5756428019
"LOC551269",88242.1583202875
"LOC552087",71587.7180981186
"LOC100576974",42230.064749314
"LOC725131",1292162.37038239
"LOC413411",26114.8018468233
"LOC107964750",9836.12536362924
"LOC100578232",36489.1335658214
"LOC411196",41560.4925776006
"LOC411599",110317.137207828
"LOC726343",18055.4048928616
"LOC100576812",49962.9127431042
"LOC408911",83820.8188589558
"LOC100576948",372968.590912335
"LOC552600",34716.8776623867
"LOC725174",52352.8979722642
"LOC102654594",12003.4291087256
"LOC551405",2628.45607692663
"LOC724749",9704.75797708114
"LOC100576293",31653.9846533761
"LOC100576146",19914.9731352007
"Eif3h",45135.9480245147
"LOC113218904",9267.15183469887
"LOC100578053",61856.7157986731
"LOC724817",34079.0661302549
"LOC727227",98294.2433138075
"LOC409083",52416.788500357
"LOC725416",26527.5838671076
"LOC409619",424.026552697666
"LOC100577489",2417.7835149584
"LOC411814",3854.86564273946
"LOC408926",87522.9182311184
"LOC408914",1033342.78286034
"LOC107963990",92748.5651172309
"LOC551295",97834.6784527414
"LOC107963970",11279.1568844445
"LOC102656862",10251.1458660074
"LOC411229",329856.825110776
"Arp1",129158.583062635
"LOC100579008",6579.56161068704
"LOC409410",143528.207103925
"LOC726363",72801.1989544421
"LOC551602",65374.7290200079
"LOC102654115",2687.84138482218
"LOC100577026",71786.2396282608
"LOC412643",127416.917253889
"LOC408915",818287.32926752
"LOC725260",195361.794338987
"LOC411201",380960.233431946
"LOC726786",6910.25191890339
"LOC100577883",4218.79269322003
"LOC408951",302271.538000811
"LOC414014",83204.6477475574
"LOC411192",44097.4689393564
"LOC102655754",4064.91055889899
"LOC413957",38781.1863103301
"LOC724706",109339.209218596
"LOC100577507",68184.9658033667
"LOC552586",54584.5495900732
"LOC552656",72557.1186415477
"LOC411947",57750.218752779
"LOC107964774",27864.2390076396
"LOC727370",78493.8611211107
"LOC409125",90483.1167417648
"LOC408897",178013.753741233
"LOC411908",39451.9509177874
"LOC727001",45253.1351891372
"LOC102653587",50194.0801886849
"LOC724659",30140.4543835193
"LOC411748",212871.519422088
"LOC408898",12697.145650978
"LOC551661",4477.72471936409
"LOC724568",40195.9082764328
"LOC552157",10056.9184192142
"LOC413384",51989.205491977
"LOC552048",37247.6700502168
"LOC412681",52589.4693935584
"LOC725936",111082.370161538
"LOC411586",207547.125209413
"LOC113218906",2915.04498557119
"LOC411186",9537.042911484
"LOC409274",71257.3671625584
"LOC726134",3680.32360148518
"LOC725064",249324.981357916
"LOC107964757",11525.401232518
"LOC107963976",49438.5255214236
"LOC725632",29776.1027815697
"LOC552509",51705.4823835213
"LOC413333",26472.5040373532
"LOC551180",3679.35442790429
"LOC724631",153357.400822012
"LOC409212",551072.660973051
"LOC107964762",36111.8028188038
"LOC726164",65639.378608587
"LOC412454",56886.4262589773
"LOC725966",9680.11523870438
"LOC113218892",56042.3235292658
"LOC412162",52724.472962034
"TyHyd",253888.936796674
"LOC409106",60899.6110976844
"LOC724263",53342.2734104795
"LOC100576960",38606.8766175066
"LOC107964730",4741.4174517759
"LOC100577385",22411.5628681616
"LOC725516",32162.3354939741
"LOC107964720",27036.3238965086
"LOC100578236",388334.495340625
"LOC409691",46864.6304517827
"LOC107965780",4547.18368880216
"LOC411233",77121.961823914
"LOC552568",57813.9709556847
"LOC408916",109188.913202783
"LOC107964775",31456.3861171756
"LOC409162",8107.710045985
"LOC551223",20076.0193973594
"LOC100578269",17820.7533244415
"LOC726400",14891.6092880967
"LOC100577221",62739.3215075477
"LOC727249",94827.9322100026
"LOC552605",66475.4123425357
"LOC413699",81024.7999659472
"LOC411227",115994.453136283
"LOC100578137",4369.87975528127
"LOC107964765",29987.1851009273
"LOC100577220",27621.4881674141
"LOC408908",248302.98880526
"LOC411215",13630.074009233
"LOC102655685",5514.18557809295
"LOC413362",30892.3064514294
"LOC410140",813045.146412229
"LOC409801",1122.36627590209
"LOC724672",115146.883497919
"LOC411534",175551.667408673
"LOC409389",86520.2585366105
"LOC408944",367037.966721768
"LOC100577763",90292.6128967435
"JHBP-1",9386.37545168375
"LOC724436",842.111893927565
"LOC725408",88054.3075900569
"LOC412994",474585.210441791
"LOC113218888",50488.6709725786
"LOC102655721",9653.1148615484
"LOC100576606",57716.1644832251
"LOC551260",33718.6761063665
"LOC724567",26536.0157575729
"LOC100577498",92378.0371092351
"LOC100578816",28407.733409268
"LOC408945",109339.794811728
"LOC411712",6280.64798264561
"LOC408936",148914.767994889
"LOC102655089",3922.92020814415
"LOC724518",339191.183176886
"LOC412521",55300.2624427633
"LOC551102",93443.844861805
"LOC411188",4072.33544187102
"LOC408904",50995.793190931
"LOC409387",46861.5704818109
"LOC413410",186173.058578738
"LOC552026",78273.5572375105
"LOC113218912",8514.62910750543
"LOC726532",566.057611962896
"Ant",368120.926651685
"LOC413153",271900.391212358
"LOC724612",20336.631845022
"LOC727239",55183.4239553488
"LOC413958",66120.0185969881
"LOC102654639",25535.6734627436
"LOC100578937",80928.9137940935
"LOC413493",49151.2381249821
"LOC409045",130076.740522317
"LOC102654659",7753.43755253758
"LOC408901",47066.2758211436
"LOC551898",153970.672504944
"LOC724569",50469.9327781394
"LOC413383",219107.684414665
"LOC100577986",134277.35597691
"LOC100577781",41521.7077451234
"LOC102653847",2507.0263448678
"LOC411191",17780.4727401884
"LOC102656697",2046.04152103935
"LOC100576492",20164.2219267591
"LOC725219",2416.69193089944
"LOC100578177",5196.89335744976
"LOC725261",20140.5147159924
"LOC100578995",11228.0883537829
"LOC102655232",1280.11342087584
"LOC102655976",5724.44394599202
"LOC409082",70420.8605429255
"LOC408900",74336.5236377772
"LOC409350",102469.021781661
"LOC411223",1857.02407341987
"LOC412176",90796.8460392237
"LOC102654113",54973.0161593
"LOC409645",28505.1286897344
"LOC551089",1334.04368830412
"LOC100577541",40083.919313461
"LOC102655814",18880.2359439336
"LOC100576694",443.332998562853
"LOC411219",81977.9360807484
"LOC102655858",2594.30040280605
"LOC412491",74732.3370383701
"LOC725481",46863.3972715182
"LOC413192",36224.9418543375
"LOC100578704",39862.6588840831
"LOC102656309",11869.0194750261
"LOC107964773",32557.7442397705
"LOC107964732",4348.00818708254
"LOC551644",129076.991700941
"LOC413152",61831.5651159913
"LOC724313",2519.80556284088
"LOC409163",763.353624039349
"LOC726399",480767.319009738
"LOC409806",42496.8916479508
"LOC411541",52882.3537886405
"LOC411187",1000.12730271993
"LOC408903",199458.486908661
"LOC102653805",1039.1013646731
"LOC552437",69159.3088125327
"LOC100578975",41635.7357990639
"LOC409107",108223.205254482
"LOC551805",5493.32724065745
"LOC107964711",16450.6356992694
"LOC726699",7304.06074524298
"LOC412817",62448.0355141506
"LOC102653798",26973.1888359153
"LOC551779",71386.489437788
"LOC413433",93638.9201031954
"Hsp90",781970.677923895
"LOC113218899",1225.32191182305
"LOC413698",316975.185656098
"LOC102656137",81940.2486604595
"LOC550970",170024.59717647
"LOC551259",356620.394499883
"LOC100576687",77029.1214497399
"LOC724223",64540.3462973906
"LOC100576599",2862.44988559118
"LOC552259",106785.367032748
"LOC411909",55275.001772084
"LOC551337",91194.8054311741
"LOC408909",172961.318898596
"LOC550834",62943.4975231013
"LOC100577476",17718.2224986104
"LOC552050",34557.1219331241
"LOC100577453",4596.21896489778
"LOC724863",68655.4894626144
"Ho",75122.5522826778
"LOC726401",864874.941800587
"LOC100577307",122317.278420816
"Adk1",138389.392348399
"LOC107964744",3319.71702693963
"LOC724660",103228.216504572
"LOC102654841",1487.10947459339
"LOC107964737",17605.4317600622
"LOC102655332",10194.8822902132
"LOC550694",68525.0998492398
"LOC100577744",6938.4344401563
"LOC113218536",4184.06280204741
"LOC113218891",13030.2765613913
"LOC408922",495623.381130391
"LOC102653641",55498.8425512853
"LOC725915",61152.6378037874
"LOC413065",58550.3489298449
"LOC411200",68497.2389198951
"LOC725406",115687.630788973
"LOC724262",16049.0030427048
"LOC107964778",42262.7386827236
"LOC724312",8663.41583261153
"LOC413098",42441.0835214802
"LOC552617",66235.9809495462
"LOC100576110",28203.2317890832
"LOC113218889",1856.62077482102
"LOC113218890",14439.3449071535
"LOC113218893",1395.13440923933
"LOC725515",64602.0171931563
"LOC100576263",50351.5850572273
"LOC411683",40373.8807643771
"LOC107964726",55140.9913833969
"LOC102654601",722.537482648403
"LOC551130",139110.270940434
"LOC113218567",247482.97184214
"LOC727251",31991.0169684268
"LOC100578503",43549.0660310881
"LOC412552",88952.605767547
"LOC552150",66631.8289789899
"LOC408925",53499.3939621004
"LOC102654560",2211.81597718502
"LOC409386",87350.2875449625
"LOC410013",800000.65918836
"LOC551193",19157.0427688549
"LOC551702",29881.6688036704
"LOC107964008",18252.0569345919
"LOC102654482",19747.9205540005
"LOC102656658",45648.048598295
"LOC551179",925.397772366429
"LOC107964703",7615.64070452018
"LOC113218907",35140.7352446592
"LOC100576755",43213.4260393119
"LOC408934",231784.594352369
"LOC725330",37134.9100542536
"LOC550687",33119.4858790521
"LOC414028",81041.1975706399
"LOC726196",35194.4272200689
"LOC107964742",20840.7179960917
"LOC408937",93073.9079339784
"LOC412560",39420.5046012041
"LOC107964751",18135.1420689719
"LOC107964776",2613.0096717034
"LOC413873",93226.8557787086
"LOC551349",64447.4186494052
"LOC113218566",62324.2821541086
"LOC413246",152584.653884158
"LOC724862",44733.9483531533
"LOC551804",192349.735177747
"LOC411185",69924.046024077
"LOC412810",65515.0716247005
"LOC725762",6812.16745077703
"LOC100577571",3209.08437039728
"LOC410119",83271.6112157032
"LOC552125",80197.6477440492
"LOC726661",35236.0898076547
"LOC725329",421150.896854831
"LOC107964766",719.220102311981
"LOC107964764",30969.7891118499
"LOC413248",78464.036385261
"LOC100577132",1740.60263261126
"LOC412372",55661.9608536059
"LOC413361",92507.9141356603
"LOC724705",17672.7943055759
"LOC409851",180010.215039871
"LOC409590",23077.404023585
"LOC726656",95128.6380268738
"LOC724757",53588.4733929628
"LOC551544",4853.54947859579
"LOC100578523",17599.8607187826
"LOC725018",20583.8679056373
"LOC411189",23290.6489459543
"Nipped-B",87374.7816464861
"LOC409278",77170.3834412075
"LOC551293",90283.3369433153
"LOC107964728",6394.67407602117
"LOC726823",80633.0120347647
"LOC100577159",17949.0970289841
"LOC552801",45997.6021344961
"LOC100576528",237220.672915358
"LOC412804",82919.5869005502
"LOC411986",224192.397238041
"LOC552172",87120.1118598529
"LOC100577875",1537.18849035837
"LOC102655674",41132.3612134634
"nAChRa4",1101884.2964442
"LOC724823",641789.834218111
"LOC725175",1148.95915072278
"LOC408910",183853.404910636
"LOC100576841",32781.2252824405
"LOC113218894",10371.3356837992
"LOC411212",832815.574477375
"LOC408905",73020.532939329
"LOC107964769",1383.39455599304
"LOC413637",41045.3807958304
"LOC551400",37755.2640637237
"LOC724353",12848.9570518937
"LOC411231",36847.9372475123
"LOC409558",78685.6242185498
"LOC725555",80281.8591647265
"LOC411213",355865.308076533
"LOC411695",57795.0638701827
"LOC413345",49844.0620880801
"LOC551778",14860.6880101941
"LOC725366",8940.82999800453
"LOC100577707",126116.199251751
"LOC726210",81964.1720814643
"LOC727260",80529.9458637718
"LOC725708",55390.7331243004
"LOC551225",80327.694054042
"LOC102655337",37368.3597741737
"LOC408949",73765.3955993683
"LOC411685",4602.07208639266
"LOC100577156",5281.31841585399
"LOC724869",36263.2048845546
"LOC409913",56237.172645487
"LOC100577723",50665.6354384361
"LOC408935",1080964.44877395
"LOC100578483",27805.8876879811
"LOC413354",44086.7736675723
"LOC102653944",15327.1499182443
"LOC100578207",6897.8259207931
"LOC100578629",49855.0047291036
"LOC113218905",113474.425624185
"LOC107964771",397.316448415038
"LOC412259",24665.7510163484
"LOC413721",146832.063527538
"LOC412274",59063.399387946
"LOC726358",82809.4890695428
"LOC411230",63399.2967764301
"LOC100578235",44693.7403508824
"LOC413495",38514.3708216776
"LOC408950",82927.9480025963
"LOC413176",88098.1413431421
"LOC409933",205434.93642156
"LOC413720",69693.4820949794
"LOC100577472",297304.464399295
"LOC102656539",117878.523038637
"LOC107965778",8803.69451093881
"LOC102654592",11061.684465103
"LOC726762",15421.9201511658
"LOC406124",652482.7073674
"LOC412808",138224.698301182
"LOC724355",47075.3729327344
"LOC102654578",14919.8877842003
"LOC113218902",1764.62184216616
"LOC724893",40799.770062277
"LOC100576260",1989.92524545217
"LOC412642",76878.1592848166
"LOC727418",34399.1209275529
"LOC727091",389343.986047409
"LOC411696",68054.4132740234
"LOC551304",35657.4580380124
"LOC551437",24598.7784489157
"LOC552491",96227.8131304733
"LOC725407",3438.08652897555
"LOC113218898",36386.5501861623
"LOC408953",168014.233682839
"LOC100188904",21321.0823931392
"LOC727088",65732.1499863825
"LOC412818",697049.002367562
"LOC102656013",26255.7763598336
"LOC724704",199208.513589716
"LOC551998",20220.6868515362
"LOC102655859",399.114801028301
"LOC726362",696.69483910137
"LOC551879",14545.8167629905
"LOC107964724",1942.560151467
"LOC551613",73629.7113131968
"LOC726842",392141.497082713
"LOC413167",44152.4856597169
"LOC412799",177843.368649197
"LOC725594",31341.0371786712
"LOC102653770",4404.77561416915
"LOC410067",93653.6237787619
"LOC727247",24737.5624018074
"LOC551047",80973.2044380096
"LOC102656511",10318.6147072754
"LOC107964760",12371.4655407437
"LOC100578020",21226.500041534
"LOC409624",89889.0899595509
"LOC102654878",1123.87010274122
"LOC100576298",23476.3321203147
"LOC409768",68888.9913070566
"LOC413332",124440.195034559
"LOC409934",156325.028201632
"LOC413831",68740.1777339288
"LOC102655868",7077.81612316012
"LOC411197",19381.466633246
"LOC102656729",1698.56407429795
"LOC411540",51959.3554363407
"LOC726664",99723.4342066534
"LOC102656332",10287.4376622536
"LOC413334",119479.971189455
"LOC411706",7880.9548350182
"LOC409693",47043.1388778049
"LOC411199",164421.672279842
"LOC408939",72224.7593373214
"LOC100577018",492.441630649653
"LOC552061",88289.5320338323
"LOC726833",84505.0220756808
"LOC100578834",39022.9747963377
"LOC551461",69633.6479482339
"LOC409802",46474.0972386554
"LOC100577972",166513.818782981
"LOC551662",69495.4468735929
"LOC725668",17176.0400307005
"LOC412755",38988.9331461422
"LOC412806",30739.5110505171
"LOC411194",42974.7744170434
"LOC725482",90958.5661081049
"LOC412332",134102.233959575
"LOC727230",89533.3770714402
"LOC100576741",3177.51739133628
"LOC411750",78311.2567681223
"LOC408906",189378.220106747
"LOC413168",19103.2948349635
"LOC408924",30900.8126866851
"LOC408942",123202.424826188
"LOC411226",16337.0003045
"LOC409272",62110.915426121
"LOC100577235",8642.45189864666
"LOC724617",47585.7281813365
"LOC410041",75022.1298536814
"LOC552505",179421.033998565
"LOC107964743",1861.25618695496
"LOC102653960",32126.6053998905
"LOC550818",192318.270775501
"LOC411539",87636.5054928325
"LOC409077",497447.929316468
"LOC552130",1856.40275836087
"LOC100578733",6903.53956704943
"LOC552486",62881.106853539
"LOC551128",72599.9950742914
"LOC726900",34530.0205482896
"LOC727271",78232.6750645393
"LOC107964493",3910.67828339528
"LOC551397",44023.8074447945
"LOC113218767",5079.06710525388
"LOC724608",6450.59662936572
"LOC413690",61141.2931941212
"LOC410098",60291.0497815767
"LOC411071",152817.870875413
"LOC727022",53850.9856383013
"LOC100577896",25383.9284333418
"LOC552741",40118.2973018807
"LOC409594",68664.2675741694
"LOC100577257",6280.74569788316
"Imd",47237.9495067026
"LOC107964467",28472.5690829351
"LOC409456",116421.968821247
"LOC409727",98222.0886379806
"LOC411106",43628.2043852136
"LOC100577094",35659.7050953502
"LOC408845",174716.852989022
"LOC551550",49407.5258400356
"LOC411068",77687.8258021956
"LOC102654030",13058.3156134063
"LOC413762",83626.5358672077
"LOC100576349",4954.59025675824
"LOC100577128",2712.79106436759
"LOC107964423",59496.8106304191
"LOC552182",54118.1060333327
"LOC100576277",189727.417276893
"LOC413757",53515.0685267263
"LOC411809",108208.775730702
"LOC113218814",1338.08793796747
"LOC100576826",28978.6096248785
"LOC725127",23709.5358733245
"LOC412641",6295.15745167807
"LOC551897",19470.581515563
"LOC406073",471658.056968117
"LOC102655751",74042.4221344281
"LOC100577941",35955.7853405625
"LOC409979",10043.2578235723
"LOC100578651",2500.61313627565
"LOC411125",51348.4808295332
"LOC412687",55876.6899048708
"CSP3",22535.9302938397
"LOC412644",48031.1455280035
"LOC727246",157448.76447041
"LOC102656464",14639.3058676623
"LOC408848",116391.828291972
"LOC726160",25331.8795909673
"LOC552382",67524.8163931707
"LOC102656230",888.994786419846
"LOC412488",64755.2593048826
"LOC102655904",348908.59122099
"LOC100576101",71738.3625915115
"LOC100576449",33782.7539977439
"LOC413319",69852.70914596
"LOC724218",46892.8815486578
"LOC726894",91192.9743288117
"LOC412549",51455.606551872
"LOC551480",40911.8181189755
"LOC725492",62848.826294735
"LOC552797",87630.5313449044
"LOC552413",41643.5161151999
"LOC102656140",1280.39436139614
"LOC409444",101400.006850927
"LOC113218762",7037.54619477554
"LOC100578865",378071.99064534
"LOC102654740",7985.38482156961
"LOC725796",43366.0258622661
"LOC413718",53009.1724453802
"LOC113218763",4895.91080534461
"LOC413169",65097.7844522753
"LOC412426",56101.3975943326
"Brd7",91315.7590888883
"LOC551993",9060.91109852195
"LOC413128",3941.14877226323
"LOC411104",361862.895355192
"LOC113218803",37683.8123230428
"LOC725337",56078.0146382486
"LOC102655563",4223.5825344835
"LOC113218791",36454.0538681045
"LOC409155",72876.1910604755
"LOC412531",44876.0117393974
"LOC100577396",3524.21716605776
"LOC725015",76019.6481854094
"LOC726439",197626.712335207
"LOC552772",24809.1658417598
"LOC411105",45950.7772046936
"LOC411124",74868.6181315369
"LOC412676",67880.3959685343
"LOC100576886",30792.8748810032
"LOC552439",47772.0791617064
"LOC411829",93591.3557819754
"LOC409153",75640.5550224693
"LOC724170",79010.749576396
"LOC107964500",2241.9832160208
"LOC102654994",197033.036679909
"LOC412593",77606.6006948482
"LOC552420",39362.6581561753
"LOC409725",45851.7332391961
"LOC726260",45199.8241101175
"LOC406081",10967.2509953139
"LOC102656275",2826.41312919113
"LOC412580",40091.672807119
"Qbp-1",402827.673834801
"LOC102656864",44314.6785143046
"LOC413763",45872.653312358
"LOC724169",118058.021219521
"LOC113218766",13782.1727046665
"LOC551459",42503.1156570053
"EF1a-F2",216460.090631069
"LOC412401",175730.063331904
"LOC411545",56781.2967855217
"LOC552574",69906.4446877595
"LOC107964404",109995.071884464
"LOC100579034",56271.2695912125
"LOC102654186",48423.6670738066
"LOC409500",44165.7645296994
"LOC100576908",64051.3589847753
"LOC726841",56971.3133816388
"LOC724868",140521.569405647
"LOC411891",52949.6593228498
"LOC102653851",2315.2742072902
"LOC726828",48125.6674769381
"LOC100577231",478250.256313569
"LOC412751",35342.1847521552
"LOC102654384",44431.1911344633
"LOC411085",38931.0746447828
"LOC412382",13610.8434820693
"LOC414011",70534.0446260798
"LOC552810",72521.9249484967
"LOC552357",30137.7651211309
"LOC410030",41693.8969046544
"LOC726429",11600.1664152894
"LOC411116",341360.862569598
"Dcr-1",75270.3393181917
"LOC413365",44948.8268890193
"LOC413366",23449.8867266342
"LOC100578444",40341.3095278412
"LOC551314",81269.4214950635
"LOC552430",55553.609530842
"LOC413691",23348.5325381514
"LOC107964461",44133.2228787883
"LOC725899",56267.0397183659
"LOC724529",28895.3015518717
"LOC724742",77480.2575706798
"LOC408839",102469.047793751
"LOC725298",99905.715617402
"LOC411072",45653.6280862252
"LOC725362",72859.5173679689
"LOC411385",23514.2240308344
"LOC102656501",31958.0742864268
"LOC113218759",6985.61941360602
"LOC100576559",39028.575214111
"LOC413129",49317.1233333266
"LOC102656265",2004.84469952414
"LOC107964465",2719.71582714827
"LOC102653815",79251.3251795506
"LOC412965",149313.920590553
"LOC411114",834267.168590475
"LOC100576657",71505.4950850422
"LOC408851",87516.1544440438
"LOC107964512",2446.49687091048
"LOC726025",53261.678572136
"LOC724926",23809.3031256663
"LOC725963",26821.4828837613
"LOC724701",49463.3594559144
"LOC412119",44881.3524911712
"LOC413011",94722.315282251
"LOC100578984",106960.625586743
"LOC409589",102776.191362672
"LOC408860",52265.8255571188
"LOC411892",118010.560609696
"LOC411060",71394.965883233
"LOC413012",71715.7834312456
"Err",143141.846585955
"Chmp1",77406.8863897731
"LOC100578151",11564.3206939888
"LOC726309",15120.812677039
"LOC409382",85304.2982688705
"LOC726216",54809.3053469482
"LOC725552",74630.0874390414
"LOC411627",58048.6317674305
"LOC107964516",12151.2094405506
"LOC724654",2423.96945638404
"LOC102656901",31682.2236705968
"LOC725795",65278.6287953748
"LOC100578298",54296.7055130076
"LOC107964403",51409.0415881277
"LOC113218804",11271.7042709997
"LOC113218809",209425.929148452
"LOC413930",25248.8694731336
"LOC102656631",15288.7125583022
"LOC409141",51182.2946712137
"LOC551747",42842.8740995271
"LOC726336",102018.255116235
"LOC724431",50994.5799237131
"LOC725774",22671.2909577726
"LOC102653921",23757.5727453897
"LOC551877",119630.558650695
"LOC412268",53639.2202577369
"LOC102655168",2773.80032065058
"LOC727113",82315.8445454871
"LOC411890",51007.3346385591
"LOC100188940",69629.1184026662
"LOC412232",63163.5116098064
"LOC726002",79039.5283897538
"LOC100578835",26765.5125376827
"LOC726480",53316.1720214364
"LOC113218552",88834.9346122373
"LOC113218777",13023.715594339
"LOC107964413",17761.3842208408
"LOC100576683",618449.397104371
"LOC100576165",40340.8973396093
"LOC100578810",196398.34414428
"LOC409058",1354.96525047661
"LOC409063",108794.331934663
"LOC726074",24892.3711994182
"LOC550965",694.939789542372
"LOC411134",51976.3466947551
"LOC102654987",91546.3744734079
"LOC113218796",650.732959776427
"LOC102654470",16687.1727353133
"LOC725732",176617.363679132
"LOC102654379",48489.6307077206
"LOC411465",55940.4328351116
"LOC725128",34251.1058613447
"LOC100576817",65472.5719572288
"LOC412550",56990.9711355689
"LOC411088",47572.0302736761
"LOC411758",127008.119895469
"LOC409867",93837.9522636458
"LOC551219",36939.2212950859
"LOC411086",75585.4815624885
"LOC727423",210103.474230731
"LOC100578799",25182.1079020794
"LOC551441",51999.5646815121
"LOC100576966",57591.9500482611
"LOC725171",47169.8243775767
"LOC102656586",23984.2735579993
"Coq7",66650.8623019053
"LOC725148",100553.907941181
"LOC725364",1941.09163342772
"LOC408842",87498.443279421
"LOC724515",9419.86167035206
"LOC100577967",43168.2567123382
"LOC726058",84271.830731075
"LOC107964436",38384.6672681546
"LOC552383",24396.7421750752
"LOC552523",882.872541463579
"LOC102653873",18228.9036967762
"LOC408850",131182.843623546
"LOC413711",79798.438746379
"LOC102655139",10124.8114930495
"LOC100576859",19912.4724352244
"LOC100576434",5942.56387811481
"LOC107964417",4903.56277781834
"LOC411121",68003.3335797751
"LOC726653",52886.5184588077
"LOC107964414",4055.10316796839
"LOC411091",103684.890506614
"LOC413809",53326.0763954066
"LOC113218793",200433.903712038
"LOC107964433",43477.350993373
"LOC412097",76079.5980427157
"LOC102655217",32931.5368004608
"LOC408866",57458.1073748456
"LOC552195",107481.242510215
"LOC410109",93549.1462797779
"LOC100577164",8601.52447502974
"LOC113218770",22459.1831060914
"LOC102656027",238715.342547387
"LOC551854",70134.5492680662
"LOC412293",42564.8216717109
"LOC102655278",91133.1944614302
"LOC113218789",22755.8604130904
"LOC102655240",31831.0172714589
"LOC412378",65783.9966474904
"LOC551927",100359.028041756
"LOC113218797",14270.4228285481
"LOC413684",35606.4523069845
"nAChRa3",152828.991861494
"LOC725835",55797.8820996231
"LOC409728",148506.202736933
"LOC724561",9714.05080465795
"LOC552196",35032.4504580318
"LOC552748",25845.9865609952
"LOC552780",15317.4917609228
"LOC100576413",303295.138735348
"LOC726284",179693.564416219
"LOC102655605",83197.5475023505
"LOC113218559",30433.7861421898
"LOC411756",77210.8537605347
"LOC100578718",109477.686236247
"LOC551831",69159.6756312114
"LOC102656657",84672.3121333523
"LOC412557",62766.8004850106
"LOC411093",39113.6844124245
"LOC726569",67046.6063557025
"LOC113218779",58205.2621264057
"LOC409819",37502.6949751072
"LOC413170",74869.073375413
"LOC725909",74278.495522038
"LOC100577237",100590.213402489
"LOC413935",57576.7656273561
"LOC408847",46508.8958437524
"LOC411110",97430.2267280093
"LOC412543",119063.965242643
"LOC113218780",766.860504906211
"LOC413705",8476.99516283188
"LOC725834",93393.5204174758
"LOC411381",4137.77996654152
"LOC725934",62514.2800594136
"LOC725569",44094.4037590497
"LOC100577410",4109.8503659287
"LOC726999",27573.9164545137
"LOC726737",844.799950716573
"LOC113218810",1933.56702947496
"LOC552672",10652.6198168335
"LOC412443",40938.6367433931
"LOC552299",41457.7830652683
"LOC413929",82058.3576988999
"LOC413020",63956.6813206956
"LOC409206",100777.266361403
"LOC413815",55596.317231146
"LOC551548",51004.3213285807
"LOC550886",85954.4514095667
"LOC725093",185111.281720242
"Dsx",76472.8779105109
"LOC725147",193453.114624372
"LOC408862",330634.961988568
"LOC411738",106932.978724565
"LOC100576287",1323.02831506055
"LOC725477",82447.1501977833
"LOC100576207",2949.50903260768
"LOC413926",51174.3013366548
"LOC552441",49865.7566504665
"LOC412245",176426.385466099
"LOC551782",18696.1574724683
"LOC726107",65137.0973184269
"Ndufs5",180176.575209222
"LOC727257",37929.058194138
"LOC409046",82756.7706730496
"LOC551982",81891.6514699932
"LOC413966",58789.8955346802
"LOC551464",49548.1415401066
"LOC413063",91231.4254752479
"LOC725744",36400.3606991491
"LOC100578576",69632.541886626
"LOC409414",204410.040172897
"LOC552684",121831.691348818
"LOC102655090",117351.65852269
"LOC414043",60209.761343125
"LOC412468",71170.9502348636
"LOC410056",97902.6674119185
"Acph-1",2460.64542176456
"LOC726101",1035671.02503443
"LOC552536",84130.0863134856
"LOC100578678",93969.1769747459
"LOC100578736",33735.4908053126
"LOC100576965",485431.032134877
"LOC411981",112389.201951981
"LOC107964412",29588.1854484373
"LOC100577015",4403.80119304962
"LOC726047",4056.37413673549
"LOC724386",2227.44316349665
"LOC727432",92716.1404790636
"LOC100578106",69929.1448819456
"LOC100578665",143182.61504515
"LOC102655134",12329.8895790272
"LOC409359",144792.735876271
"LOC725867",38692.7390166714
"LOC727156",37242.7436000021
"LOC113218764",1023.92881382743
"LOC726255",50133.9538529699
"LOC724258",2450.69348676766
"LOC411077",56687.1992466809
"LOC102653596",15206.5452774614
"LOC411919",18548.9738612415
"LOC100577702",37436.3485278625
"LOC552545",167402.403268776
"LOC727420",34911.5143281785
"LOC107964483",18345.8469481512
"LOC100577376",17864.2927402115
"LOC102654649",38374.7013185094
"LOC726337",61615.9057838839
"LOC724450",205246.757165892
"LOC552512",6656.03881259224
"LOC413014",246309.332488206
"LOC727141",93681.9016987458
"LOC725733",58985.7967958666
"LOC412445",34613.4952343392
"LOC102656709",9643.00795457579
"LOC727450",87712.0429918258
"LOC412544",87543.4674056685
"LOC725255",9695.7523375132
"LOC409729",185194.383581813
"LOC408865",554316.396355107
"LOC551919",50352.6376951619
"LOC413807",86599.003888245
"LOC724370",64822.473978721
"LOC413439",47344.3681135534
"LOC408844",464733.477402606
"LOC107964513",14393.5332267546
"LOC102655495",2659.64799609446
"LOC552227",54756.8743716881
"LOC725211",69620.1816814969
"LOC412548",16939.3329670344
"LOC413318",84316.7204303872
"LOC725568",34657.6525277731
"LOC102655308",1605.72440134545
"LOC552787",48016.3405091442
"LOC102653974",10806.8783593938
"LOC552805",35618.2008415498
"LOC100576346",220733.010435545
"LOC727416",8343.54993290943
"LOC409167",278036.590045108
"LOC551776",3545.21033330307
"LOC411062",60108.1243727518
"IF-2mt",71471.7782870006
"LOC107964460",59863.628402666
"LOC726806",62164.2600859217
"LOC412286",76997.0108842649
"LOC551339",33158.7974931718
"LOC411507",40974.3227006606
"LOC552236",35034.5992751673
"LOC724744",79635.3072343061
"LOC113218560",87741.8372493872
"LOC411739",76002.836941126
"LOC552402",221786.273233186
"LOC113218765",10287.4842671796
"LOC551920",30168.5484099581
"LOC113218794",36872.1965291018
"LOC100578534",87254.4485418671
"LOC552513",57484.7481387554
"LOC411115",105363.316687042
"LOC102654054",30208.1719936245
"LOC727582",53105.0111765136
"LOC100578156",117405.260570453
"LOC102656287",38752.2233940161
"LOC100578193",3188.71348374209
"LOC552325",74289.7173340623
"LOC551578",41319.7390953698
"LOC725210",33866.1426700464
"LOC406145",1230.95381122988
"LOC411113",571808.241289612
"LOC113218807",13271.0443683595
"LOC102656134",75597.878964643
"LOC724388",8299.7716465263
"LOC102655148",34208.0420933791
"LOC724891",63398.0131932967
"LOC100576216",52643.5565748963
"LOC102655438",132904.682817951
"LOC107964400",28119.9209827372
"LOC724433",252125.648329427
"LOC725404",26041.5112935806
"LOC113218808",54809.8242201027
"LOC552786",68609.812693101
"LOC411058",270712.502659768
"LOC409796",151507.949542682
"LOC726683",66746.3467682927
"Nrx-1",540535.134769389
"LOC409334",69876.1300209321
"LOC411647",64937.4005605462
"LOC408846",48116.4539715138
"LOC413653",57562.0953135532
"LOC551890",102767.168074026
"LOC726703",12465.4375160016
"LOC551802",13536.9591937875
"LOC100577955",1262.82222680602
"LOC409686",90865.1741675655
"LOC100577717",30017.4437388656
"LOC100576759",88910.8716603814
"LOC411962",45070.5262216823
"LOC552198",61997.5182398479
"LOC552720",189137.053234126
"LOC113218812",77669.3979670618
"LOC408824",556803.502944582
"LOC412381",31703.3747185296
"LOC411122",84447.1897013839
"LOC552323",37307.8144822516
"LOC102654567",46840.8305153048
"LOC414033",53308.4996612361
"LOC552767",27070.0786685848
"LOC100576603",363271.2297245
"LOC113218787",348.48959733961
"LOC411631",82868.7577379735
"LOC100576597",59030.9037003702
"LOC724133",54822.1569559338
"LOC100577683",2966.73902439818
"LOC412707",48767.1651711766
"LOC102656251",16854.3652188015
"LOC113218771",7898.59719487486
"LOC726397",16894.9986986699
"LOC725212",22624.376659629
"LOC411073",44258.8350793157
"LOC100578476",8262.64704897002
"LOC726957",62340.5258159791
"PHRF1",135080.250634691
"LOC411099",93266.8528322231
"LOC724307",13609.2992912536
"LOC727014",90198.4616966366
"LOC552679",14382.4843989113
"LOC411419",38992.0292253791
"LOC726568",46211.4824386943
"LOC100577646",27065.1115257596
"LOC113218802",21449.0175184961
"LOC724560",35687.3297723744
"LOC107964405",43762.5372233341
"LOC408843",37852.7257941922
"LOC113218785",7711.5622382171
"LOC551185",49857.5008122025
"LOC102655661",104423.878408797
"LOC409782",250312.867494464
"LOC409333",22805.0496514074
"LOC102654091",18904.1426361583
"LOC100576404",57944.0849359937
"LOC724306",42266.3918971333
"LOC411079",174230.120904928
"LOC107964006",10670.0110627925
"LOC107964428",22023.2578968146
"LOC727639",162584.73493706
"LOC413588",36555.6903841688
"LOC410128",62335.579135392
"LOC113218800",104027.502138238
"LOC724743",87717.2617503328
"LOC413870",32958.4997400896
"LOC113218806",1683.44448858121
"LOC408834",53824.9690329059
"LOC411524",29193.5885853032
"LOC100578746",36512.4415648905
"LOC100576522",7035.55430250373
"LOC408827",50507.8525320401
"LOC409547",73352.9799201122
"LOC100576667",64420.0204907253
"LOC100578741",1431.65595767452
"LOC100576196",293462.522295953
"LOC551692",58254.943749987
"LOC408833",49471.0344623696
"LOC408864",204314.045113984
"LOC408859",83807.2878949018
"LOC100577107",22595.5163955913
"LOC100577295",63830.1609050735
"LOC551520",96222.6732944737
"LOC552657",36014.128475094
"LOC551526",55020.9870986403
"LOC552806",53037.5338248506
"LOC724524",57076.2956829522
"LOC408841",123954.156434945
"LOC726118",198745.81905744
"LOC408821",49275.7951003737
"LOC113218799",20405.0909724946
"LOC725760",13212.0567065767
"LOC113218761",56138.4899971572
"LOC409866",49128.8730959343
"LOC411070",80884.1980080577
"LOC724924",48091.7890060045
"LOC100578542",86871.2133871274
"LOC726139",71678.2857649105
"LOC725529",45235.7814699477
"LOC412487",35682.5122284639
"LOC724563",250800.081712512
"LOC408857",227321.18737632
"LOC411103",67845.4675232308
"LOC727035",18628.100496375
"LOC102655600",175979.517365318
"LOC113218769",42559.0114896172
"LOC725798",6640.87897376474
"LOC100578123",1139.61885624002
"LOC100578017",73601.3686999739
"LOC412303",91490.9790601912
"LOC724564",43544.9617628077
"STT3B",64917.6546261146
"LOC726286",41061.6202479627
"LOC408852",129729.338234272
"LOC113218801",34459.4314096157
"LOC552611",38341.4984120636
"LOC107964437",35021.2614050358
"LOC113218772",45689.3662926288
"LOC411065",37286.5847840982
"LOC552025",49431.9804278595
"LOC409882",326620.808207754
"LOC107964495",860.23012042648
"LOC102654127",83156.3591616601
"LOC726310",79178.804488926
"LOC551903",74859.4659460774
"LOC726103",65631.4501919742
"LOC725299",20102.5633312636
"LOC551369",9287.14498660489
"LOC411095",40931.5188444246
"LOC411100",37658.3865529678
"LOC113218775",3629.18566709884
"LOC102655943",15204.3882974526
"LOC413825",51223.4037580203
"LOC551867",105130.892341768
"LOC726269",131030.631396469
"LOC725511",40114.4273770734
"LOC100576584",4860.38199897677
"LOC411664",291223.15880131
"LOC411828",63081.2588874577
"LOC552840",38478.7206263327
"LOC550673",47033.563473684
"LOC725435",77952.0815910639
"LOC724700",35971.6466665722
"LOC100578864",77083.3273333053
"LOC408853",108216.251879468
"LOC102656927",4997.4224438546
"LOC113218773",4620.33330578939
"LOC408822",1142462.43882932
"LOC552106",158943.680563069
"LOC100576794",36934.8602060124
"LOC411757",52601.8455310831
"LOC552324",68347.8999003657
"LOC409283",93008.3257849258
"LOC725705",31282.0709345386
"LOC409043",215262.188829219
"LOC100577803",40498.2555790087
"LOC100576378",106574.960027591
"LOC408828",150535.637913695
"LOC113218784",5834.37233768893
"LOC413451",76637.1441187621
"LOC552842",74756.8603289803
"LOC552659",63712.8606435466
"H",47375.9301580608
"LOC100578046",55220.0428830379
"LOC552023",106396.43131882
"LOC102654993",45217.5517544725
"LOC725898",38767.6530999459
"LOC724925",79271.9301238633
"LOC113218774",29919.0693055539
"LOC726654",17418.3114046803
"LOC100577042",7767.30372895493
"LOC552692",34834.0765647043
"LOC413001",86396.3103481168
"LOC413686",87830.8787224329
"LOC726916",85740.108497544
"LOC725146",95374.4188283492
"LOC551956",34345.3086610968
"LOC724348",12871.3756827871
"LOC412968",21792.437741056
"LOC725704",95630.3938749381
"LOC409047",40368.2409152733
"LOC100579007",8852.5863935676
"LOC411081",35672.5924887659
"LOC107964398",3809.66561433346
"LOC107964510",33846.8701242775
"LOC727009",41670.1033512165
"LOC725363",32394.476214435
"LOC725098",94155.1170181178
"LOC552691",53201.3689602839
"LOC408863",700501.810624306
"LOC113218778",43924.6619391251
"LOC102654490",428.964095389466
"LOC411649",40077.833581107
"LOC552572",127485.149366759
"LOC726102",84515.8045154717
"LOC100577584",5976.70186318844
"LOC409254",131279.864389669
"LOC408840",84049.4492469246
"LOC724349",101339.061416259
"LOC411076",34163.5228453515
"LOC724974",34211.6493728518
"LOC552566",85022.879997984
"LOC724369",161985.400237031
"LOC100579049",88888.277849844
"LOC413171",153425.06508546
"LOC100576359",31768.190601312
"LOC107964419",49911.0287971816
"LOC107964473",7033.90606062846
"LOC412104",97222.8435923955
"LOC551174",61676.6667184889
"LOC726682",42265.2989584068
"LOC408837",154749.224898154
"LOC100578191",41011.8548462161
"LOC412408",66038.5221053506
"LOC412858",345054.437763009
"LOC113218811",47350.81914222
"LOC551258",80195.2159791868
"LOC408836",63275.8677066455
"LOC552771",11624.1365029299
"LOC411657",4650.98294607129
"LOC100578215",65255.4572051549
"LOC725170",31664.5348437722
"LOC413527",78145.6176783261
"LOC725074",58778.6563236143
"sGCbeta-3",31216.2289207667
"LOC551830",83371.7701225195
"LOC413370",82513.9991745052
"LOC551619",41806.7663309182
"LOC551519",81444.5233896223
"LOC102654429",63881.8939954678
"LOC102655142",2021.49665585475
"LOC724474",66831.3785614701
"LOC552381",87643.8851399459
"LOC408830",17773.8869569966
"LOC412227",97892.9540647373
"LOC100578822",86665.6877829949
"LOC727431",8117.13887309955
"LOC551311",62576.006910405
"LOC107964438",8146.44856094474
"LOC413542",65557.8066163701
"LOC551855",52545.8462619841
"LOC411078",488086.823790816
"LOC409060",43538.6622381411
"LOC413766",60282.0477757672
"LOC409510",85158.5900631701
"LOC552449",70883.9812393578
"LOC413548",82714.275609337
"LOC411090",30464.0471968738
"LOC410026",64742.9631637797
"LOC107964518",1970.73991093451
"LOC100577335",41968.6236430418
"LOC412966",76589.7766058351
"LOC408835",321303.914639588
"LOC100578355",68036.9892278888
"LOC100577000",67322.33568635
"LOC102654528",9025.4693873832
"LOC113218795",13352.3473347932
"LOC410165",344654.90612904
"LOC410096",31179.1949360972
"LOC726318",93463.9532322364
"LOC100576129",385098.008786628
"LOC100577974",3499.90394206146
"LOC102654542",7669.92016783804
"LOC409576",63674.7062563916
"LOC552673",53262.7460311535
"LOC726879",53115.3714554938
"LOC107964408",48379.340736101
"LOC409799",50915.861623663
"LOC726551",56824.6900996967
"LOC552696",73561.2102088212
"LOC411080",43170.6316357833
"LOC724856",71273.5215967864
"LOC102656297",1641.35339585467
"LOC412442",26864.610296259
"LOC100578382",101976.877173732
"LOC411481",55975.6013607364
"LOC100578893",75237.3656958902
"LOC552102",44678.9089857108
"LOC413021",410615.822009237
"LOC725628",25484.9388500747
"LOC725267",45453.5907795689
"LOC725866",71983.3786228412
"LOC552607",30382.5836699199
"LOC726530",69483.2315555827
"LOC552103",14424.7351509248
"LOC102656249",48954.8229817877
"LOC552559",44937.5973081352
"LOC409726",44473.6312309307
"LOC102655788",2165.8807801718
"LOC409781",154345.040669068
"LOC411133",9951.29357781402
"LOC725409",53879.7271265408
"LOC552831",37626.1003588544
"LOC552740",41386.0577175676
"LOC550966",63144.5217129086
"LOC408831",63423.8582618961
"LOC726501",38007.1382664238
"LOC107964422",60513.6842121999
"LOC102653764",18000.813373536
"LOC725550",86925.982192226
"Tg",9468.76365434705
"LOC413166",40339.6361161542
"LOC412059",83768.0222055833
"nAChRa8",63943.6380168365
"LOC107965828",727.269596845723
"Ancr-1",4159295.04787682
"LOC410095",76838.1102938461
"LOC725038",43545.0930618696
"LOC725303",54780.0197382565
"LOC102654715",111288.405723596
"LOC551466",73950.087533073
"LOC724432",163620.629017169
"LOC113218768",1052.01174881688
"LOC409207",247128.025285184
"LOC724831",208949.45521251
"LOC102656021",67648.7293791876
"LOC102655112",51872.7968222765
"LOC100576848",48677.1631449756
"LOC100576155",73931.3713858863
"LOC552846",43966.7950523485
"LOC100578440",46712.1253167027
"LOC552450",36828.7060432499
"LOC102656628",2335.28064010864
"LOC102654399",6689.77688043874
"LOC102656326",16689.9640685525
"LOC409698",68031.1746293971
"LOC411604",52363.0471740945
"LOC100578346",58666.7567098559
"LOC102656705",25377.9577654204
"LOC411059",65710.5811292139
"LOC409818",524786.833824705
"LOC725797",69144.752053739
"LOC100577579",35249.6802559181
"LOC411102",17763.4052336431
"LOC102655560",49256.7171835581
"LOC102656568",15910.8531701192
"LOC411126",99073.4714672123
"LOC552782",125729.282850141
"LOC409724",82063.6143037423
"LOC552161",57121.4168640411
"LOC414032",105187.499198457
"LOC411069",58657.4941417358
"Cyp314a1",13375.3859282904
"LOC408826",170086.766077221
"LOC409678",18642.208079734
"LOC107964499",105809.322587301
"LOC550749",31313.022786132
"LOC100576600",53190.6646937907
"LOC107964462",401.433143262958
"LOC100578085",2429.3287403216
"LOC726552",80622.4917060025
"LOC724385",56337.4289006038
"LOC725361",27940.9335386617
"CSP4",6017.65430474678
"LOC412859",502035.258631657
"LOC113218788",42635.46152162
"LOC107963997",49854.1048987719
"LOC725478",51971.1456767849
"LOC100578566",3415.66257281769
"LOC725551",127218.381498725
"LOC102653584",7549.90225875135
"LOC726497",70387.7313167095
"LOC107964432",8974.05411912691
"LOC412435",50718.3514518422
"LOC102654898",82846.7476724177
"LOC102656245",457.371730469256
"LOC724513",70774.8587429586
"LOC102654095",62784.2497249518
"LOC411603",56679.176078239
"LOC724607",126197.32349373
"LOC411083",1339691.44969571
"LOC551934",65316.2177079765
"LOC726914",69393.106759149
"LOC410097",68557.056802636
"LOC551044",14170.9308433879
"LOC552764",69198.9023628894
"LOC102656199",20941.8546312984
"LOC102654197",7275.37164750719
"LOC551176",43390.5649415985
"LOC726776",21922.3749511215
"LOC726990",6692.6820307104
"LOC724927",58417.543630842
"LOC552079",672278.987237697
"LOC726312",36671.4768663935
"LOC409581",78990.3971221959
"LOC102656120",14658.4524392717
"LOC551758",13122.8293851443
"LOC100578888",53755.1629226197
"LOC551125",140679.153265371
"LOC552603",53136.7825654869
"LOC413689",71240.409589965
"LOC102655862",7653.85556617295
"LOC107964154",7977.77133392989
"LOC100577293",59022.5888516891
"LOC552278",522280.850564369
"LOC551597",412398.396082987
"LOC413233",81457.4307290218
"LOC412924",157073.683211471
"LOC412177",33279.3467891705
"LOC408761",121536.938172689
"LOC102654728",14303.0286989925
"LOC725401",37840.7499154946
"LOC724947",52399.4550953968
"LOC412002",71641.2017854101
"LOC552601",42056.5441401816
"LOC412620",46573.9567994913
"LOC726043",27763.8787835617
"LOC726496",87391.1334668827
"LOC724301",3563.07007492078
"LOC100577885",38769.9356872858
"LOC113218624",27317.3047885761
"LOC410072",44496.4132489808
"LOC726129",62598.9842821294
"LOC726175",220992.844042602
"LOC113218631",13829.0522643424
"LOC413489",16279.4439537382
"LOC113218625",22256.7061412086
"LOC100577044",1437.8237094806
"LOC100577185",95132.6862115551
"LOC100577300",107128.611995579
"LOC409639",48148.5951901136
"LOC102653792",9212.57568830409
"LOC102656556",910.287834975253
"LOC102654351",2318.57436106969
"LOC113218657",27312.844806373
"LOC113218652",1186.40402025214
"LOC408754",39120.1274087661
"LOC100576737",15515.8120857589
"LOC102656890",44075.3027259952
"LOC551217",28957.7149341543
"LOC409347",93951.5858610473
"LOC413404",45447.5271065414
"LOC102654314",112042.94713528
"LOC551171",31180.6533842648
"LOC413948",17061.3122131443
"LOC409443",44922.2623618389
"LOC552234",57914.1901234605
"LOC107964236",62775.9110874403
"LOC725791",15428.2570658852
"LOC724167",64528.0956793322
"LOC102656527",11070.8308182575
"LOC413503",733093.888321653
"LOC408759",124864.161083101
"LOC412159",40383.7891118056
"LOC725591",58687.9670088419
"LOC551083",33901.0623318603
"LOC410938",70680.8999939951
"LOC410911",68613.3649978482
"LOC100577162",1257.54612973652
"LOC409346",129361.473940201
"LOC102655453",15251.2256894785
"LOC102654870",7952.92383115626
"LOC552551",79998.8772277982
"LOC412868",46286.3546116974
"LOC413372",217340.515738733
"LOC410941",61052.9624669926
"LOC100576677",5980.8693195764
"LOC551744",45078.2672820686
"LOC724602",13435.7010767239
"LOC100577681",43568.5937505084
"LOC413812",89470.1374779115
"LOC551745",59859.4533276446
"uzip",212456.872286965
"LOC724780",3401.27015655393
"LOC413390",53963.8552736059
"LOC410959",33400.1919945864
"LOC409965",110399.390111475
"LOC102653892",8868.73715420913
"LOC102655050",58438.3637649007
"LOC100576901",2213.5188637868
"LOC725037",50441.0667699654
"LOC726252",180608.434074892
"LOC726033",45441.3699451237
"LOC412195",69971.4943165008
"LOC551755",108541.594369969
"LOC552412",76878.0554845
"LOC113218555",31748.9246246444
"LOC551479",59895.4186692889
"LOC724557",63589.4509913916
"LOC107964237",6588.62122193251
"LOC100576872",70386.2446754866
"LOC107964181",4844.63333319962
"LOC551430",75670.9988559014
"LOC412294",36996.5098924167
"LOC409556",62144.0598707853
"LOC413874",69531.9354244708
"LOC411420",9883.75242041532
"LOC102653797",30443.7451987661
"LOC102653935",9186.88717883275
"LOC724853",234118.694120628
"LOC551168",71149.021680965
"LOC726282",52719.0835427455
"LOC412045",66435.7818408791
"LOC113218671",11649.2243641262
"LOC413416",62485.5542279198
"LOC411564",19775.1012975922
"LOC100576467",81961.9026180228
"LOC100578706",92408.0137751317
"LOC408730",41100.5783229917
"LOC409663",35243.2524704775
"LOC113218620",22771.7625663901
"LOC102656050",24902.5695624786
"LOC102654214",9491.33363912621
"LOC113218650",29074.8933050434
"LOC725959",201110.52558969
"LOC413889",36084.8352446116
"LOC409640",169941.342487928
"LOC725122",112432.775791536
"LOC726584",16197.9298938899
"LOC412265",74926.8821638342
"LOC100578821",28077.1842502653
"Tbh",89998.5439820017
"LOC552539",58436.1745031775
"LOC724129",97614.6297680303
"LOC551331",115810.994725235
"LOC410094",57557.0341798152
"LOC113218640",11902.0724236721
"LOC410073",77955.365962218
"LOC413655",43516.1629060258
"LOC724402",107272.029903531
"LOC408728",18435.7130277181
"LOC100576506",39133.9458966745
"LOC413393",37249.6766145334
"LOC409865",164350.161843767
"LOC408724",48718.766615739
"LOC100577810",1511.29476035046
"Cpap3-c",124416.634641571
"LOC100576620",75902.1240345831
"LOC100577224",8525.49656711517
"LOC102655746",37414.1928186427
"LOC724382",928.963617412629
"LOC100578261",58838.9378482985
"LOC113218660",737.222401734945
"LOC551484",40339.6932507388
"LOC100577303",26799.624163076
"LOC410907",53047.0617350231
"LOC410913",1272.40832348094
"LOC410951",739464.085464746
"LOC409131",133678.678496834
"LOC107964218",31260.4304929674
"LOC724227",25134.0004525711
"LOC102656068",1084.07165937342
"LOC724483",4347.06255026896
"LOC113218629",5599.60958954363
"LOC102656040",39349.1134330683
"LOC107964235",625.617055873441
"LOC100576866",52649.8420600075
"LOC410027",79779.1142170655
"LOC102653875",64383.797632413
"LOC413341",111855.124287856
"LOC413314",88555.5545978928
"LOC413313",45086.8446003873
"LOC410045",141274.378112196
"LOC725698",30032.1072734623
"LOC726409",36808.9007895322
"LOC726869",41112.0753243559
"LOC102654134",66210.2768308679
"LOC411904",46823.288040383
"LOC551970",24838.1513186057
"LOC413997",46623.6295624205
"LOC113218654",38708.3079962946
"LOC412295",61057.5798586861
"LOC727415",72622.6458331842
"LOC724128",55809.2887760289
"LOC410952",85619.5012849092
"LOC113218675",3413.02890615003
"LOC107965799",179618.277277545
"Cpap3-b",28667.6122785692
"LOC113218670",40801.4744104586
"LOC551723",51442.8875278863
"LOC551124",28457.6360850248
"LOC100576296",60543.7480531074
"LOC410117",124366.430383462
"LOC102654766",1754.71885971469
"LOC413376",55666.3883661965
"LOC100576120",17215.7607547825
"LOC726042",258308.544946656
"LOC724131",45005.8890392889
"LOC552093",37081.8448416224
"LOC412667",132540.400905448
"LOC410965",59685.0711252805
"LOC100577513",5335.1813196871
"LOC551291",162110.94257072
"LOC102655840",17927.0613331612
"LOC412459",72334.6950798546
"LOC409335",55833.6067624785
"LOC551375",204241.167600195
"LOC552280",75498.477435299
"LOC413289",50424.3210659373
"LOC102653966",359.914687133951
"LOC113218659",956.820659659498
"LOC550991",39821.8378704945
"LOC552022",74690.2770308479
"LOC408723",92707.6242449898
"LOC412851",59314.8762376114
"LOC726071",51012.5553666017
"LOC551465",427.492040025431
"LOC100577971",118885.813255787
"LOC100578544",3912.50665587049
"LOC551826",110175.40458541
"LOC724652",14392.9386998136
"LOC413738",64006.9470035512
"LOC107964175",7296.69163177541
"LOC724489",56924.9747414006
"LOC102654231",9560.88109548049
"LOC552021",18107.7442123252
"LOC412929",38913.6768357122
"LOC408751",58915.9420763559
"LOC408749",73473.3257539722
"LOC725864",81533.2197450115
"LOC113218668",88748.4513171297
"LOC412160",53591.2846373249
"LOC725432",285150.423399585
"LOC100576953",6200.87992845561
"LOC727126",26888.0783450221
"LOC724509",50414.3402531598
"LOC107964219",13970.5972583816
"LOC100578666",16281.1082337039
"LOC725829",265674.123519142
"LOC409523",78162.0176812187
"LOC413486",72368.1096152118
"LOC100578399",22218.071933858
"LOC107964189",65393.9340664045
"LOC107964224",603.297946513805
"LOC102653952",20706.066822462
"LOC100578314",1200442.89269432
"LOC551916",103712.468566025
"LOC102654297",15092.4486611392
"LOC410949",49404.2590454998
"LOC413490",14641.5806695169
"LOC413394",47885.1499456549
"LOC113218661",5975.83824453491
"LOC113218637",14384.0755813774
"LOC410926",60800.3926844615
"LOC724900",4191.76111485254
"LOC102653804",947.452861413558
"LOC412843",5518.67536201824
"LOC552200",52995.0100938918
"LOC107964187",21330.9295264219
"LOC727546",9879.19648864554
"LOC551485",101184.273738816
"LOC551540",29650.7664329745
"LOC409242",150465.537458295
"LOC100577242",89137.7614951289
"LOC102653938",6909.06605552632
"LOC724188",66459.2027208091
"LOC725700",33961.311352114
"LOC409703",121729.069023046
"LOC409857",50324.5565094388
"LOC725359",28832.7673442821
"LOC107964193",8790.26921658616
"LOC551607",97253.2192883275
"LOC100577436",17627.589944752
"LOC113218627",7271.9819885932
"LOC113218665",1490.49332630123
"LOC410950",64706.9154191981
"LOC100578670",46416.8830681481
"LOC724343",42368.2822866307
"LOC113218628",634.971923239439
"LOC408752",69170.3588984611
"LOC102656190",43889.9070113343
"LOC552667",85255.7255641777
"LOC410936",74551.6713652036
"LOC100578109",49649.848726699
"LOC724651",195656.175289129
"LOC411404",53889.98838435
"LOC102655011",1535.50873072197
"LOC100578296",167260.43613792
"LOC412432",90830.5477803333
"LOC411411",57999.607474832
"LOC113218655",8232.06710695152
"LOC102656605",4689.24027502324
"LOC113218664",115228.657086191
"LOC113218618",4954.38546180592
"LOC100577721",14314.0520848899
"LOC552175",99118.1758862254
"LOC724695",86771.0555731237
"LOC410915",5189.4934762279
"LOC100578925",743249.559031285
"LOC551537",43849.6428034471
"LOC725590",49385.6854684357
"LOC551715",45290.4665339417
"Hsc70-3",197144.96343645
"LOC552139",78109.34849301
"LOC410957",85975.0217921066
"LOC100576638",11796.5990608364
"LOC411858",70625.7440170111
"LOC551966",14615.326988563
"LOC552590",76363.3230624734
"LOC725960",298259.933805108
"LOC726130",181200.434403998
"LOC551396",51249.2984635208
"LOC725060",10580.6801175761
"LOC726189",8151.69140561299
"LOC100577147",17436.2466101353
"LOC100578353",19291.8561686121
"LOC550667",72504.6574642205
"Est-6",3220.52908287536
"LOC408740",810936.800307881
"LOC102655282",1235.43346869837
"LOC409406",59261.360182463
"LOC410970",70974.4052436576
"LOC551041",64875.5144846456
"LOC551727",37109.5756542865
"LOC102654919",59990.3609307897
"LOC412111",94030.2462517552
"LOC726283",296865.351057643
"LOC413829",143625.103724628
"LOC726232",43517.3760405052
"LOC551917",2739.08107912282
"LOC102654488",15619.7834892275
"LOC100576748",4891.87269554348
"LOC724166",48352.281095625
"LOC725792",64090.5541649791
"LOC409286",323255.7535851
"LOC726099",36799.6480782228
"LOC102653931",5269.99783806449
"LOC113218653",24340.3189427582
"LOC551655",28997.1893431672
"LOC412464",77570.9741705691
"LOC102655152",20070.3682571554
"LOC100577574",56350.5271532616
"Nmdar1",130106.94528335
"LOC107964222",18120.9631274632
"LOC113218651",36883.3404679029
"LOC100577890",12597.3510701487
"LOC551365",79896.1566986737
"LOC724779",108613.550640866
"LOC408741",479103.777629931
"LOC410943",155846.60279826
"LOC551042",57106.4640851914
"LOC724969",69162.8867773936
"LOC102656479",1598.23638016675
"LOC409402",7602.57061419314
"LOC107964232",512.778987474863
"LOC725991",39020.9324898061
"LOC551538",65464.3192968947
"LOC102656475",6434.3238388453
"LOC552076",44630.5374798326
"LOC100577324",45345.8807328875
"LOC410947",254998.479343718
"LOC413089",78194.7856405387
"LOC413388",95374.6006304075
"LOC552297",194989.084931765
"LOC412243",177810.818299054
"LOC412266",105533.93645909
"LOC102654809",28027.0112940559
"LOC107964233",7307.93051619338
"LOC413389",59788.6357713612
"LOC113218676",3979.79848331274
"LOC100578320",4962.48798065884
"LOC409295",39308.579957683
"LOC102653853",1987.02207757546
"Pten",62798.5754348028
"LOC551850",108682.367363842
"Cpap3-d",8411.30963769761
"LOC551478",53588.034325909
"LOC552029",50646.5853100428
"Ndufs1",77860.3835108788
"LOC100577174",57084.8001507562
"LOC409642",148519.090689116
"LOC724778",37948.4722468096
"LOC551442",55389.3724151282
"LOC408734",5436.97595465056
"LOC550808",49690.1271756596
"LOC100578339",84458.6092337745
"LOC408721",413342.220321227
"LOC409498",62976.723251284
"LOC551712",47286.8797493021
"LOC411930",99806.5501277368
"LOC408742",70360.9391504177
"LOC102654682",91149.4036129361
"LOC411893",977.496234251856
"LOC102655094",5107.12502004396
"LOC412846",78802.7415822167
"LOC411536",127487.502847656
"LOC413805",31723.4398500609
"LOC113218672",22945.3869216535
"LOC552493",34584.30591687
"LOC551215",78408.315727978
"LOC107964183",9447.48583734946
"LOC107965859",48607.1417045876
"LOC552241",76022.2381275443
"LOC550745",72829.6360626488
"LOC102653714",11836.0264703822
"LOC414002",95297.5256133787
"LOC113218648",15303.3288444626
"LOC409256",36315.9612477371
"LOC102654622",5090.6569378537
"LOC410092",11683.9477332086
"LOC100577638",160306.154117002
"LOC409132",55255.506028054
"Csd",91964.5048715901
"LOC410905",32002.1555009775
"LOC113218634",18935.004278861
"LOC408763",205644.780681998
"LOC102656822",104741.164030307
"LOC551347",15547.3321881939
"LOC727354",95034.7618897019
"LOC551521",44031.1803609029
"LOC412850",74054.3650939857
"LOC724164",55191.6617775664
"LOC107964197",3250.22090205141
"LOC411365",226380.381895995
"LOC102656384",25450.7899567335
"LOC726870",55690.4175563997
"LOC411492",69025.2589672175
"LOC409308",91806.8015361854
"LOC102653989",8276.70481606957
"LOC102653928",4965.23285858758
"LOC726147",33036.8552709402
"LOC413810",60380.3689660036
"LOC102655189",1048.17272769358
"LOC552147",29447.7997279465
"LOC413858",25081.832656156
"LOC727159",127055.91431762
"LOC102656549",36494.0445458433
"LOC102655173",22721.5070094751
"LOC410953",73073.3986632472
"LOC726365",38109.9336053667
"LOC102655259",62794.006949002
"LOC113218630",154760.083595128
"LOC102655496",43266.3613300626
"LOC408748",55035.0702925371
"LOC102654960",16829.699407915
"LOC100577120",56741.1389331686
"LOC411376",24922.8536645522
"LOC409856",238385.097873173
"LOC409255",91619.6513141643
"LOC551714",840.984396241088
"LOC102653751",31094.3691838382
"LOC725167",90184.7682303621
"LOC107964212",49244.4754841427
"LOC100578040",84014.2825984544
"LOC410007",40951.9787626987
"LOC113218622",7560.95095844727
"LOC551408",70403.735671822
"LOC107964214",34835.6466312523
"LOC725400",30555.7308750626
"LOC100577576",9224.24949870947
"LOC725894",468106.502632282
"LOC102654815",3639.80108802459
"LOC726158",61481.2830689788
"LOC412419",64096.1845162638
"LOC113218636",1166.73908830984
"Cac",1233534.50216474
"LOC113218667",3212.39947981412
"LOC409643",207263.412564897
"LOC100576366",62185.8657334148
"LOC552489",22694.9008226791
"LOC412979",48582.3739628317
"LOC552519",91136.1967902305
"LOC100576644",25044.7394867177
"LOC102656910",152216.594895242
"LOC551457",25485.3407664547
"LOC408722",906725.051671363
"LOC102656334",2089.42694673071
"LOC100576718",30629.4080018865
"LOC100576333",93981.5695896631
"LOC413488",73004.7140586737
"LOC102653852",6264.33171803003
"LOC413987",104046.649835109
"LOC410114",94552.4582023087
"LOC724811",46098.7838389378
"LOC411896",61236.5398193046
"LOC551539",36358.5290245554
"LOC725740",92088.8919675308
"LOC410916",102950.408550266
"LOC107964134",26077.8658345239
"LOC726727",131641.612881842
"LOC551654",36109.9846869607
"LOC551948",45455.3405627548
"LOC725831",7339.50402810362
"LOC409130",515661.324910617
"LOC100577795",5417.46250260174
"LOC724212",60500.6632571552
"LOC724214",96218.2178853394
"LOC409900",49582.2544724382
"LOC410920",26910.682468837
"LOC725061",83510.8429931058
"LOC113218619",75402.5028876072
"LOC410967",123201.080644395
"LOC412675",97556.5498723253
"LOC102653649",14379.8738321824
"LOC725895",91635.1951643983
"LOC550964",13700.789815021
"LOC725931",39045.169901217
"LOC100577278",6949.68850651382
"LOC412855",684354.812131143
"LOC726188",202419.59178384
"LOC107964204",82792.9933990612
"LOC552573",88919.7607199191
"LOC100578233",14762.5560882486
"LOC102656502",7266.69986186791
"LOC100578226",89828.4238598789
"LOC408755",73520.7501470426
"LOC113218674",81114.7385297833
"LOC724920",44165.6405290621
"LOC408729",37835.4126012459
"LOC726857",25605.6088259276
"LOC100576234",97651.8881367189
"LOC413194",77484.150430605
"LOC100576768",77414.734545204
"LOC113218644",2514.2171751826
"LOC100577773",774.857019902991
"LOC725123",16148.4972408094
"LOC107964206",120696.703637341
"LOC107964196",16852.7870340483
"LOC724810",76518.7672623913
"LOC413498",67104.654551863
"LOC409888",95209.1693705628
"LOC550978",74020.333055458
"LOC102655354",77951.5287436278
"LOC410933",103455.59352065
"LOC100576502",17506.9358491358
"LOC551458",30576.3143310795
"LOC102656758",14983.4355473753
"LOC724886",116705.277495601
"LOC724558",49870.2215990956
"LOC552649",96233.0812299903
"LOC725474",72101.4810720362
"LOC100577216",347311.396772141
"LOC725326",31415.1399280256
"LOC100578349",195780.598407308
"LOC102656234",28391.3021642206
"LOC102655809",1143.00576891788
"Fem",104103.530457008
"LOC102654331",21946.7843910706
"LOC409404",56487.3195492353
"LOC413791",151435.580098563
"E74",175605.839501331
"LOC410960",17396.1280561434
"LOC551509",31347.3557177559
"LOC551616",51617.3747130631
"LOC410093",46752.7064653734
"LOC100577327",1621.99516641589
"LOC412956",515474.953575866
"LOC410972",37171.4397711117
"LOC410079",57150.9672925347
"LOC410956",179549.213466398
"LOC411494",154958.236158715
"LOC552571",61408.2518006759
"LOC410961",83712.8039370514
"LOC410975",10521.0904433777
"LOC411412",85398.6377642427
"LOC413363",63557.0471091215
"LOC552399",100226.857235155
"LOC412342",32913.0694337499
"LOC412524",57763.2246411296
"LOC412869",7215.43096526458
"LOC410918",208996.9568811
"NOS",69064.454601923
"LOC100577047",54066.651763933
"LOC551256",34585.2489950997
"LOC551057",47061.4356419623
"LOC410976",11901.3105991271
"LOC102654169",81825.4383507262
"LOC411931",72388.0205882614
"LOC113218616",84847.2911099487
"LOC100576853",45642.2973079977
"LOC102654823",2719.76464890567
"LOC113218635",3191.31313785069
"LOC726633",62918.054125293
"LOC410076",61549.5144960249
"LOC551949",42769.5008077293
"LOC409653",50674.6153182032
"LOC725830",67854.1323087168
"LOC551216",84111.06331148
"LOC113218669",9089.32026854157
"LOC413391",56379.0880180539
"LOC413817",79981.3687397792
"LOC408750",19093.5045743366
"LOC408725",175483.438487909
"LOC725664",11169.9931206522
"LOC410924",54977.1524317708
"LOC724603",71634.8430471661
"LOC411903",66110.1766897846
"LOC552510",57556.5590453912
"LOC100577525",33722.2833385256
"LOC102656442",37986.2851183886
"LOC410091",102408.09719095
"LOC107964138",10813.8898075267
"LOC100578734",51684.7266111557
"LOC551510",42409.4769835815
"LOC724270",71923.4145338969
"LOC100576775",72901.6003440282
"LOC100577743",24982.5504312968
"LOC726385",43645.6582701934
"LOC100577620",25165.0085402987
"LOC107964152",22257.5801004557
"LOC102655807",7502.94234307028
"LOC412506",74287.0715122295
"LOC726529",43073.3510735466
"LOC551169",59671.2479128999
"LOC100578418",38531.5083675706
"LOC412616",48432.8076674916
"LOC113218638",12873.9660208821
"LOC413708",35473.2550700216
"LOC410906",48324.5657463878
"LOC410944",36080.968310749
"LOC724510",83324.619197937
"LOC102655867",1651.69739138713
"LOC410161",213213.832142552
"LOC412341",37889.3624843805
"LOC102655237",4622.94242109477
"LOC100577538",76009.5733846254
"LOC410948",32160.6692614515
"LOC107964132",1283.45573651043
"LOC102653826",4063.06575782754
"LOC551875",105176.474676986
"LOC411403",42142.9604320652
"LOC724344",627502.051990693
"Jhe",19353.6428188772
"LOC113218639",67585.3713333817
"LOC551896",62821.1476832378
"LOC410923",317203.604616223
"LOC113218623",35619.1035293454
"LOC107964211",14079.4216438434
"LOC113218666",73511.944979168
"LOC551673",101726.33902107
"LOC100577253",75193.8955055171
"LOC410904",99846.4742054059
"LOC102654462",89759.3583378041
"LOC100577228",96923.589121832
"LOC552613",74443.1869742464
"LOC551701",58803.2912078601
"LOC724985",23389.6671910132
"LOC724256",35050.78021648
"LOC408732",55846.7026628989
"LOC552647",87535.8505513084
"LOC410925",92247.3861099019
"LOC552149",43101.2649370363
"LOC113218658",49361.7202866839
"LOC113218645",978.442567243151
"LOC409893",146738.243198371
"LOC409795",144158.322224805
"LOC408733",224846.172466585
"LOC551827",79081.9479235847
"LOC100578584",74617.6388838461
"LOC100576419",4926.07498817255
"LOC409968",54442.8042961467
"LOC100577178",8291.37477914243
"LOC102654687",9071.28018669096
"LOC102655950",29307.8107268459
"LOC100576930",50639.7084656059
"LOC102654417",43960.3339314638
"LOC410973",22852.6230641308
"LOC113218647",97180.1743800705
"LOC410964",28443.6619721129
"LOC107964133",46473.574821198
"LOC724809",60139.3286551631
"Ube2g1",66519.7176502421
"LOC107964202",80863.3100141131
"LOC113218646",21450.2854594988
"LOC412923",27097.5753243758
"LOC410922",157604.706458444
"LOC409492",111378.576444697
"LOC409872",108382.109532059
"LOC552192",85897.2110511023
"LOC113218633",25761.342704832
"LOC408762",65459.5816298854
"LOC725699",39344.8585826842
"LOC100576104",71262.503134787
"LOC412256",108897.47866773
"LOC552563",59430.6648466119
"osp",185961.617379114
"LOC107964015",39900.4362946165
"LOC100578165",127901.284029841
"LOC414029",207337.117804897
"LOC412844",9847.34419297511
"LOC724628",53434.4478897755
"LOC412619",60503.4959964682
"LOC412883",299106.744959735
"LOC107964011",133160.375932249
"LOC413484",60896.270772622
"LOC412708",77699.4733848558
"LOC410968",57089.1162602431
"LOC552599",39586.5492451884
"LOC552148",20997.4868773608
"LOC100577675",27437.7896805651
"LOC409422",426625.495191447
"LOC100576098",19500.8382046928
"LOC412599",39550.2814216427
"LOC408727",7201.39607587338
"LOC724921",31897.2806402528
"LOC107964225",16319.4570780209
"LOC113218626",5758.62232524978
"LOC100578464",55913.6877546604
"LOC726131",14307.0284239641
"LOC102656299",21944.1405737569
"LOC100577932",576765.078301238
"LOC552629",63756.1959583525
"LOC100577264",5920.90761858444
"LOC411493",11633.5112643656
"LOC102654882",19130.7223044392
"LOC411613",32493.6021774182
"LOC100577678",20882.1608811112
"LOC102654788",2597.41415236082
"LOC102655392",23681.7322376733
"LOC410940",52378.2175617766
"LOC410958",105337.620432754
"LOC724559",74013.817589271
"LOC410910",47685.9154550304
"LOC113218554",52852.3197244614
"LOC551170",83934.7442509041
"LOC413288",66655.7961577942
"LOC410969",53083.6644752397
"LOC113218673",22479.9780393117
"LOC724363",51923.7044823914
"LOC724215",100126.713459944
"LOC724885",306283.956568742
"LOC725036",37964.8221911508
"LOC552811",17533.0550655161
"LOC411563",32143.8049080012
"LOC100576290",14962.6617293202
"LOC412267",72508.0204455149
"LOC409932",84093.7431754378
"LOC100578530",39371.0266060696
"LOC102656557",5049.91823510414
"LOC107966069",15837.2696129904
"LOC551235",41354.4253092001
"LOC113218642",11241.7039778194
"LOC552802",54061.8460993267
"LOC551874",62593.7525431033
"LOC551043",287887.784121378
"LOC413448",49507.3716491666
"LOC410044",397276.170188977
"LOC552193",21032.588868463
"LOC552625",56540.3856550637
"LOC409906",73994.0922069842
"LOC550691",7917.09699708418
"LOC113218662",764.382855029312
"LOC724737",176852.009769885
"LOC100578283",33943.9132317628
"LOC100576797",456.462870128338
"LOC411589",80345.5059055323
"LOC100576272",51773.266710462
"LOC724629",23300.6154500489
"LOC412690",25049.8038933507
"LOC413590",6320.79511782062
"LOC411013",55401.7765688021
"LOC552078",840.598051561585
"LOC100576383",446861.60490633
"LOC408809",452089.044544902
"LOC102654271",40116.8997942652
"LOC552429",117359.159923089
"LOC409182",262962.000320327
"LOC102656291",36677.3555829429
"LOC411044",57036.1544348218
"LOC411009",448133.946554095
"LOC410038",10223.5574116721
"LOC102653955",42644.4660490821
"LOC725904",47367.7868540223
"LOC113218715",3283.59375251094
"LOC725896",63260.4048933139
"LOC102656652",52168.6282480872
"LOC726681",91674.0299391407
"INTS8",59616.1934330119
"LOC107964289",37627.1969013544
"LOC411529",38412.6348499595
"LOC727055",30771.4906698204
"LOC725269",81213.0867582654
"LOC725311",52633.7515796397
"LOC113218737",27393.5211447372
"LOC727071",74562.8272285971
"LOC408796",85641.7570243746
"LOC412993",488145.189158168
"LOC411581",59555.2351039358
"LOC102654949",52982.5601879675
"LOC107964275",15077.0870492031
"LOC551257",238916.608056212
"Or130",2190.08739266011
"LOC100577725",6341.70758557038
"LOC102655622",8852.14817820042
"LOC102655592",877.268100816157
"LOC725012",46363.7249700385
"LOC409659",71493.6455191938
"LOC408817",135767.566563837
"LOC102656089",20149.5332721155
"LOC102655740",4842.62446018133
"LOC102653803",1062.57502462994
"LOC102654745",2872.23166943917
"LOC100576361",2029.02107398393
"LOC113218740",9887.04915868875
"LOC102655228",196487.696329026
"LOC725905",34500.7119485961
"LOC102656142",60572.6754839512
"LOC726044",125196.653667973
"LOC551012",80207.9525136636
"LOC725832",4706.90812666635
"LOC100579057",39607.4758581379
"LOC551126",58041.6513687787
"LOC412013",14086.6370024505
"LOC107964314",82139.645413588
"LOC412036",51610.919473325
"LOC726726",88102.2707159503
"LOC724922",57577.7854021442
"LOC100576453",5533.42582996549
"LOC551664",63881.3007620033
"PIH1D1",36603.9427399034
"LOC411046",269158.520851342
"LOC726866",125017.631026594
"LOC726132",57548.4917858709
"LOC100577976",92864.0976425511
"LOC550865",84629.0919508939
"LOC409543",76120.3421161468
"LOC552621",53579.1295112619
"LOC107964264",4138.74533009052
"LOC409051",459987.93585268
"LOC726733",5220.39536293076
"LOC724983",34282.3406917659
"LOC550811",162061.484784397
"Dscam",278530.417502315
"LOC411642",40749.895112524
"LOC411006",70567.8348714852
"LOC726308",52995.8740157834
"LOC100578999",45586.5946181284
"LOC107964268",144485.938362533
"LOC552322",240323.77077076
"LOC102654580",15752.1193122963
"LOC113218725",26142.5599364713
"LOC413591",45453.4510750546
"LOC113218745",90669.7568963354
"LOC408819",42243.4207331245
"LOC102654312",39751.0826740838
"LOC113218538",20434.0655908627
"LOC727528",57346.2295982545
"CPR27",3114.23862177803
"LOC724481",38696.5250186956
"LOC411026",41325.179038353
"LOC552213",166695.863329208
"LOC107964278",1294.53346131933
"LOC102656131",48481.9846022361
"LOC411047",68830.2799026748
"LOC409117",53361.6321317056
"LOC724781",32532.8273443069
"LOC102653946",41636.9076163188
"LOC413113",6232.05833636335
"LOC408803",492797.914229229
"LOC550920",48271.7112378584
"LOC724830",150134.468932744
"LOC726159",58447.0715005239
"LOC725360",3188.15402364241
"LOC409143",3793.88952784127
"LOC725013",56884.763838007
"LOC408773",27963.6694625111
"LOC412217",114414.676247872
"LOC413423",59032.2228101054
"LOC409306",690.9938957191
"LOC726024",65489.5438731007
"LOC100578248",89691.0298948723
"LOC100577614",467.435984657068
"LOC113218733",1630.91113242843
"LOC725678",58085.5544514679
"LOC408770",413324.642307526
"LOC725510",11696.1632055541
"LOC113218750",16225.3455197433
"LOC726305",48955.2383776815
"LOC102656261",41140.1606202131
"LOC102656934",120642.681623156
"LOC107964339",18232.038436858
"LOC107964319",44679.7855545529
"LOC551527",30676.2143443719
"GstS4",448.672418458682
"LOC107964352",4793.68522461566
"LOC408807",160649.153981636
"LOC552635",57435.8576069414
"LOC408818",46680.9151172658
"LOC100578254",13899.1728281232
"LOC551774",280183.633748883
"LOC102656904",4135.73914385042
"LOC552171",82958.0366380299
"LOC408774",84264.9833215417
"LOC413112",411.101498170302
"LOC551515",82416.5180705236
"LOC408785",48890.4443913495
"LOC100576850",41655.6927611248
"LOC412130",71399.3664005786
"LOC724741",62741.8938560496
"LOC100577562",1089.18660611595
"LOC411023",59762.804927269
"LOC107964350",40501.5019599376
"LOC724189",47290.0803420193
"Dl",99772.1235571352
"LOC410994",43140.7920485037
"LOC409134",75927.3434756419
"LOC724226",804.13394937703
"LOC413520",31066.1450129811
"LOC100577527",2082.68053036819
"LOC412727",42950.8146123741
"LOC113218746",51673.0898334172
"LOC411209",410054.573829388
"Gfat2",66296.1186602369
"LOC102655124",12331.2037665825
"LOC411050",496201.71968628
"LOC411640",45091.5602867001
"LOC411053",9217.48990222384
"LOC107964357",14695.2981064456
"LOC725897",45415.1191397142
"LOC411003",48269.9793490372
"LOC102654674",17320.7627196719
"LOC102655838",58132.5282993754
"LOC724429",3606.56955686245
"LOC724346",67966.3994724306
"LOC551775",59683.6579008877
"LOC113218730",74857.4152382832
"LOC552792",2597.48569186004
"LOC102654465",75118.367862033
"LOC552293",14875.5347817239
"LOC408790",51520.5575013087
"LOC551672",77926.1983330706
"LOC107964260",5541.63605217059
"LOC408799",214274.455558687
"LOC552007",238955.812551335
"LOC107964312",33141.9549645683
"LOC551541",321542.662217307
"LOC724973",118336.963020248
"LOC410084",64671.1595247424
"LOC102655796",36364.706496386
"LOC411021",19496.1478043997
"LOC411018",145285.400968669
"LOC102654763",21375.3850355304
"LOC100578579",310007.177294809
"LOC113218517",4975.68917140631
"LOC724738",63921.2065243557
"LOC413139",50865.8036320264
"LOC724532",94513.073019604
"LOC724531",99668.7540854544
"LOC726671",125243.961175665
"LOC113218728",35207.6257027418
"LOC113218734",2409.42302235857
"LOC412897",166240.09629576
"LOC725208",63742.2517023832
"LOC408767",164773.243637099
"LOC410990",61369.4772074138
"LOC725341",47589.3492536834
"LOC102655676",40055.8054153176
"LOC726602",101220.655220684
"LOC100578989",4521.60824140486
"LOC413331",83703.1065716953
"LOC113218546",2551.43800455295
"LOC412703",21515.1713960347
"LOC725961",34753.6418019763
"LOC409324",55834.3013960295
"LOC727027",94610.7888715039
"LOC552698",48402.6190190039
"LOC411917",107596.406198521
"LOC102656302",45549.412476789
"LOC725253",46847.3952056724
"LOC113218744",9443.772985511
"LOC113218717",99877.536049566
"LOC724216",8807.51896487837
"LOC107964281",33703.4540451703
"LOC100576894",15676.7840607096
"LOC102655942",14806.3703398405
"LOC113218738",7981.92387282051
"LOC725475",43817.2196274261
"LOC409794",46891.7765343191
"ACSF2",5128.71777763542
"LOC411582",75726.0687159456
"LOC107964317",43129.5303036629
"LOC411619",76585.8705175031
"LOC408805",72886.0044967664
"LOC552614",49959.0927841867
"LOC726253",43745.9166560342
"LOC107964288",8361.45489012187
"LOC552194",59752.7073844898
"LOC724923",32067.8588473452
"LOC100578557",34730.474971464
"LOC726855",3840.48398129726
"LOC726761",18518.2430026007
"LOC727085",21620.9121884011
"LOC102655609",29997.7968264764
"LOC409788",89984.5796619034
"LOC113218751",453.61041713167
"LOC409110",81001.7510675017
"LOC411054",287127.90866089
"LOC107964328",3021.26211390907
"LOC413371",98581.8929259599
"LOC413884",205845.022935687
"LOC100577397",89676.0098645069
"LOC408920",98431.2486527325
"LOC411038",75872.8452135365
"LOC724739",55937.1376041048
"LOC724430",16006.1061785052
"LOC724740",28173.2136470184
"LOC551722",78806.8137416246
"LOC552451",63501.2663327123
"LOC727471",24952.6107022636
"LOC724889",8724.44109527515
"LOC102655779",26108.3960800411
"Apd-3",606.004521798766
"LOC727140",71992.0907321107
"LOC726784",62459.3758289523
"LOC412149",36310.3899021973
"LOC724472",60391.5572888036
"LOC726176",34641.2289764624
"LOC113218732",13482.8363870378
"LOC408775",235810.049912847
"LOC409697",67602.0667534044
"LOC102655287",7732.69395329919
"LOC100576514",26918.6130784954
"LOC411011",148323.660956363
"LOC102656583",1345.00976056639
"LOC552417",135500.401687711
"LOC113218718",1427.30483587991
"LOC102654758",3761.84952031346
"LOC413669",137887.964916044
"LOC100578823",81999.0824669548
"LOC725434",17935.7629276846
"LOC113218711",3826.50730492459
"LOC725703",52592.6427678271
"LOC411579",38710.6513603268
"LOC100578482",52431.840145495
"LOC409833",37421.8693961349
"LOC100576100",7776.05938935647
"LOC107963962",76932.1947559312
"LOC411907",35836.6941385233
"LOC100576412",85438.0628192057
"LOC100578015",85946.1290015809
"LOC552283",244483.35370371
"LOC100578134",31222.6556794001
"LOC412072",17040.3025930885
"LOC411043",51841.6623172511
"cact1",58446.3018813917
"LOC726966",46930.180715172
"LOC726949",114043.966911844
"LOC724511",27369.9164740934
"LOC107964338",25523.1885345321
"LOC725062",67740.201868818
"LOC409316",79130.5171126053
"LOC408766",193727.891248157
"LOC408782",148077.746663684
"LOC408784",90480.8550369791
"LOC411415",40632.4803296858
"LOC725645",60057.6925875794
"LOC412596",41496.4514112076
"LOC725374",40396.0675439235
"LOC410992",46638.6483695846
"LOC102654533",423913.665611122
"LOC100576765",12138.005882492
"LOC102654688",30598.9071005668
"LOC107965749",28732.9975876231
"LOC100576929",56389.3444937337
"LOC725102",42662.0927330744
"LOC100577553",27131.3128290301
"LOC102656444",54134.195135974
"LOC100578201",81417.7520045931
"LOC551101",48166.0266682654
"LOC724971",43275.5911810248
"LOC410993",21837.7869693439
"LOC113218722",17400.8211880887
"LOC725011",36551.8639693151
"LOC727483",79053.4580998117
"LOC410996",4815.66258598955
"LOC408814",41102.0105180506
"LOC551614",72325.9194189567
"LOC102653577",1760.54401572218
"LOC107964323",2848.58079661417
"LOC552583",37569.734504354
"LOC413117",31369.0734375127
"Gr10",22209.5654154432
"LOC552664",70463.8328291288
"LOC100577876",68586.323435217
"LOC107964343",58324.8324946299
"LOC724793",106590.511777345
"LOC102654965",70521.5527434256
"GstS1",15262.1096090444
"LOC411014",55184.1831205754
"LOC411030",41123.2207477598
"LOC552727",56706.2283241489
"LOC413508",87723.5218573294
"LOC102655452",63620.7608305127
"Vg",32931.6049747962
"LOC724303",94298.9004715907
"LOC725207",61614.1972166074
"LOC113218727",31361.9665744531
"LOC107964351",162587.700896732
"LOC412158",62692.396646637
"LOC100576125",37706.804125916
"LOC724855",54680.9902975576
"LOC726550",45622.4740553613
"LOC410979",492959.948579506
"LOC102655144",20654.4458767648
"LOC100577580",34205.2936199416
"LOC100578773",46309.4252574706
"LOC551961",207782.376183194
"LOC725665",40378.3701944501
"LOC726421",2528.14255136829
"LOC409662",68801.3862847689
"LOC413523",65368.4322999115
"LOC102655503",93543.3366829802
"LOC107964313",2549.79742351292
"LOC725793",65588.6080660252
"LOC411633",51307.0899975798
"LOC113218709",55139.1748259259
"LOC102654858",34944.3318467533
"LOC102654638",9817.93154529456
"LOC727165",396.843676214738
"LOC413399",178494.753928612
"LOC102655281",872.971649387215
"LOC102655409",22547.6286748378
"LOC100578879",80276.0592633982
"LOC411036",410610.246137829
"LOC725992",74438.2020043422
"LOC100576735",32442.7715767146
"LOC409789",12648.1248718003
"LOC411515",202597.606630774
"LOC100577548",14924.3336308401
"LOC551599",43501.4041110076
"LOC412662",69546.105746886
"LOC409118",33380.8124038312
"LOC409905",112048.685781659
"LOC409394",77019.61751498
"LOC551302",42816.068064104
"LOC113218731",5003.30223363462
"LOC725092",230669.004800013
"Cbs",58174.6862267753
"LOC411012",58406.7813100375
"LOC726045",157048.690123164
"LOC411618",39204.5139089386
"LOC102655177",2479.95334698082
"LOC100576163",59242.3124659814
"LOC408787",196669.911192081
"LOC550671",22695.893116745
"LOC552704",51565.189619078
"LOC107964304",9264.64830243119
"LOC412472",30964.1867589024
"LOC551518",66044.8066893368
"LOC113218749",26416.2180128783
"LOC726072",5807.15718550494
"LOC102654720",52145.6848833474
"LOC113218736",2579.99813924355
"LOC413638",61463.7680963969
"LOC411678",67645.6267361671
"LOC725547",2540.67580289114
"LOC408794",61286.7199219572
"LOC100577272",77551.3416555612
"LOC412416",67265.2145721674
"LOC409981",207035.897159788
"LOC113218748",55405.0388878562
"LOC409173",6135.60046373734
"LOC408777",49627.4888757461
"LOC100578779",127915.978527272
"LOC406139",78855.2950462991
"Rps14",161677.234263418
"LOC409883",71150.4857219248
"LOC408815",72596.3600472691
"LOC552138",24801.2462979587
"LOC409884",17432.2765920165
"LOC725627",22251.3291169628
"LOC113218716",23130.3871291393
"LOC551852",63143.5371446117
"LOC100578714",18835.2757790116
"LOC100578168",171300.850636978
"LOC102656620",100366.280290479
"LOC102655466",24202.8791807409
"LOC107964262",36413.4548677139
"LOC100576283",143950.115742971
"LOC552527",69070.7951553402
"LOC409559",116716.619031893
"LOC102655153",3482.60350144187
"LOC408792",138840.182166975
"Apd-2",986.889960273792
"LOC412345",32442.8074725361
"LOC408917",20983.943259579
"LOC726254",88455.0417020873
"LOC107964284",47097.0746418694
"LOC410999",64414.2343835403
"LOC102653929",3452.69983490964
"LOC107964291",27238.6948991927
"LOC726980",10865.4856687228
"LOC726827",31437.8754345248
"LOC107964272",1866.654653765
"LOC102654736",38656.9617699033
"LOC408804",12485970.4961578
"LOC551355",55863.2654137847
"LOC725266",52081.6513390312
"LOC411052",100575.343650604
"LOC113218713",9848.21717722674
"LOC102655817",7572.69515207099
"LOC409129",37806.4287255445
"LOC102655898",61929.5039590052
"LOC412457",63473.8233640293
"LOC102656174",2332.95714583557
"LOC409172",186223.137342073
"LOC100577054",996.563264028039
"LOC107964300",17054.8357298003
"LOC411468",69126.2060587442
"LOC726585",51337.0535024386
"LOC411024",53590.0104661662
"LOC100576993",104117.268288086
"LOC412574",78009.3538279893
"LOC725962",5201.10253813872
"LOC410986",88060.3434684551
"LOC412898",54596.5583692318
"LOC408918",87370.2669451491
"LOC552653",71023.7511094621
"LOC727466",35057.9350898699
"LOC408780",64004.1417526133
"LOC552608",285924.929688261
"LOC113218724",3573.92955324352
"LOC102653628",4733.07178515271
"LOC727131",760.799567124305
"LOC552428",53007.1468334391
"LOC102655878",18664.3132066434
"LOC727136",2214.78406752171
"LOC100576135",545.980216344283
"LOC410997",14699.6247913388
"LOC551605",30863.1275986403
"LOC102654463",54978.2531796734
"LOC413727",63009.0282096992
"LOC107964335",1397.08562002578
"LOC102654156",15394.4985916918
"LOC408801",344773.829159863
"LOC724383",59896.0941433042
"LOC725942",48843.5025173559
"LOC410982",21624.1738647484
"LOC410989",85348.0182684506
"LOC113218752",29934.6391889006
"LOC411206",58958.1736888207
"LOC727092",35190.4211511295
"LOC102654550",5283.88725092471
"LOC102654345",66740.1115611675
"LOC724368",244480.966212331
"LOC724604",123439.019365076
"LOC412456",45244.968352253
"LOC726989",72693.3048001961
"LOC408789",7335.74376822193
"LOC409983",101700.706018459
"LOC412801",851971.723571531
"LOC408793",91666.727086423
"LOC113218720",833.390247579375
"LOC113218742",4723.60131394441
"LOC552336",81642.9533416436
"LOC552809",194275.207852376
"LOC551403",86776.657332605
"LOC725209",4897.73210865389
"LOC113218557",195617.991008212
"LOC100578955",43775.5782037845
"LOC100578609",178202.533093178
"LOC552731",93854.2276477022
"LOC100578446",13783.3861158558
"LOC414051",60073.9100132416
"LOC413137",162606.67006608
"LOC113218743",40977.3400919909
"LOC113218741",8159.83030553222
"LOC411759",74495.7094250373
"LOC413936",127403.970868011
"LOC102654773",56573.2534917517
"LOC408811",206930.077164907
"LOC410987",72741.3972687037
"LOC412540",114131.735774428
"LOC411533",54638.4432788279
"LOC102653782",2694.25797646677
"CPR19",5654.69274549772
"LOC409949",157838.021679903
"LOC100577492",152008.975585471
"LOC412235",24603.0735558307
"LOC413138",94467.2606466133
"LOC107964305",32964.5785618374
"LOC409301",85852.8591966853
"LOC409774",540187.497812025
"LOC102655905",74221.5482547786
"Camkii",3086805.1005068
"LOC413400",56738.2780927112
"LOC726086",52556.6031510615
"LOC725125",6822.01293282946
"LOC412067",46173.0740038681
"LOC408788",51099.5719649429
"LOC102655966",50906.2284647968
"LOC113218714",57367.145395842
"LOC413141",68959.9981033511
"LOC412471",59468.1672039652
"LOC726080",102287.264024324
"LOC409560",69510.4206291258
"LOC113218721",77859.220053123
"LOC408808",177478.158728437
"LOC412589",61437.1030447662
"LOC408820",63759.5311857234
"LOC100577497",21197.4260172396
"LOC100578947",104018.583620021
"LOC107964334",810.029714855015
"LOC410998",111549.865956311
"LOC113218719",29309.4772233786
"LOC725254",50185.2837910419
"LOC725646",56002.3969274393
"LOC408779",232282.853334911
"LOC408810",338175.342237527
"LOC412129",71704.2428403413
"LOC100576498",450370.480673648
"LOC724653",1538.11050665968
"LOC412166",141874.201711101
"LOC725878",94781.022146547
"LOC411207",44665.9362104865
"LOC552379",59823.2202218431
"LOC724698",443.057147202825
"LOC113218735",2756.08920766316
"LOC411204",76607.4949306902
"LOC113218549",27281.9317431546
"LOC409588",92390.7374339458
"LOC724304",93000.6760052813
"LOC409115",54665.9462857792
"LOC552077",70718.5274065804
"LOC725546",81168.802205398
"LOC726724",4593.8094594803
"LOC408791",411032.725473222
"LOC102656221",5023.80652096702
"LOC412670",8161.19542311267
"LOC411519",14049.2931242867
"LOC411048",186651.979270997
"LOC726394",64506.287211114
"LOC107964315",35280.2059159972
"LOC726073",56666.9171808851
"LOC550748",67116.344503274
"LOC411019",102428.559899037
"LOC409142",277370.145100053
"LOC100578188",24439.9490542794
"LOC412221",83624.0646802278
"LOC100578368",155904.053811018
"LOC724890",10367.6826198998
"LOC409658",119862.813912851
"LOC551629",63641.5788529641
"LOC411531",32507.5072651917
"LOC726335",37729.9028016805
"LOC409596",53278.6399497116
"LOC408783",79563.7370586155
"LOC411202",7475.8493176045
"LOC100578006",53966.3482172654
"LOC102654974",72412.5949928536
"LOC409488",136649.119895141
"LOC552249",12201.2231009272
"LOC551858",8443.59207425056
"LOC550918",96869.0388962838
"LOC107964329",22692.9358256041
"LOC100578330",66529.9005944551
"LOC726826",92153.3080814225
"LOC726377",19330.7597492649
"LOC411942",42218.427183511
"LOC551918",33003.3670746322
"LOC107964308",934.920189856683
"LOC100576476",1335.33778523738
"LOC100576964",516.716724643013
"LOC726378",15806.8875448852
"LOC725169",53063.3684451809
"LOC726307",103022.062365463
"Apd-1",1167.24587582247
"LOC725943",117406.7022098
"LOC102656496",11735.8581521049
"LOC725993",54380.9868484411
"LOC552548",91201.5180057604
"LOC725548",168855.713090238
"LOC551746",307988.954835706
"LOC102654975",1327625.8404986
"LOC113218739",4696.71063420511
"LOC102654889",29689.3464639878
"LOC100576745",75597.7822012927
"LOC552841",65496.4002484471
"LOC725701",5299.73184155814
"Melt",3113.93503850626
"LOC726755",12361.1664167178
"LOC726817",84354.7815200402
"LOC410980",77233.118775478
"LOC551173",28964.0711699549
"LOC409495",112115.039462367
"LOC550814",50380.2887965519
"LOC100577798",286838.195279505
"LOC102655821",243636.879617171
"LOC102654259",20241.2581612502
"LOC100576898",46259.3838853295
"LOC413440",106014.649790122
"LOC551085",12867.6275510074
"LOC411677",46725.1351949783
"LOC724473",121570.538527193
"LOC726100",51298.5207877709
"LOC409337",171320.288332384
"LOC408769",581737.022997338
"LOC411557",338013.777327446
"LOC409773",39084.3883713252
"LOC411037",55690.9346563502
"LOC724717",1167.51476706014
"LOC412234",62467.3921502014
"LOC409140",67137.2068713487
"Apd-3-1",458.556228779323
"LOC727166",8399.17792722323
"LOC408797",22988.0937418845
"LOC113218723",170076.533787834
"LOC725381",2378.58649951181
"LOC410985",42482.6488543077
"LOC102654066",43804.6864221573
"LOC551628",50322.195074401
"LOC107964271",5228.30595477601
"LOC107964349",201573.213348988
"LOC724888",52323.2967549195
"LOC411760",125636.395313182
"LOC551511",31431.0874720225
"LOC409598",18919.4949439035
"LOC409165",107817.375243511
"LOC551834",73308.3128795174
"LOC725679",109322.352615231
"LOC100576863",21882.8316315824
"LOC100576746",117736.286300075
"LOC725999",193573.29482559
"LOC725134",32995.4587203242
"LOC100578107",333.389936307533
"LOC552709",923440.620057682
"LOC724932",40377.6548246629
"LOC102655072",173160.315672033
"LOC107964819",2875.03913926037
"LOC409455",25948.7988812402
"LOC411881",61397.5902076743
"LOC412027",75717.9977122861
"LOC726514",346711.141231575
"LOC100576182",7460.02247786264
"LOC102656529",58176.9367783198
"LOC552049",54055.4490585559
"LOC551338",40614.6265857188
"LOC100578826",127322.214823733
"LOC100577546",57347.7355164959
"LOC100577150",4757.48536706745
"LOC726874",59457.3785756015
"LOC726537",61826.2292086728
"LOC724264",92897.8865946967
"LOC412584",68589.2110595993
"LOC552151",57455.4832166182
"LOC552358",157505.518947994
"LOC107964899",32818.419257922
"LOC409435",159758.051228096
"Tmem98",11766.4589339162
"LOC100576801",28870.206013568
"LOC113218952",13543.2971728309
"LOC413052",79973.568137482
"LOC409990",63923.6906978475
"LOC412722",80115.3225382005
"LOC725368",80336.5730704372
"LOC411353",14076.0354984775
"LOC551572",8315.05269683967
"LOC107964901",25616.2858433149
"LOC551409",122509.3341334
"LOC410107",54144.4149634278
"LOC412323",43463.3254112805
"LOC100578909",65971.2055790863
"LOC113218524",43456.4830580994
"LOC102656498",15384.747714963
"LOC550929",157738.612426561
"LOC409325",87881.0103479568
"LOC409769",78539.096392642
"LOC408972",5845.53004948458
"LOC412746",96051.5201813146
"LOC107964798",42762.743019768
"LOC725234",23091.1935791653
"LOC100578589",18488.1594266268
"LOC413612",56943.0749002165
"LOC552024",9894.14647758966
"LOC413556",42239.5451314573
"LOC102654896",160192.166738714
"LOC552631",17621.0495589193
"LOC412125",33826.2049833889
"LOC113218961",7955.27779831736
"LOC409544",66845.9472958334
"LOC551885",68025.3178347398
"LOC409993",77748.4910987909
"LOC411448",35483.9969101197
"LOC551184",72685.6439666885
"LOC113218923",400945.126833129
"LOC107964874",46732.1867147442
"LOC113218942",3546.18808013221
"LOC726890",31434.2513726854
"LOC113218931",13550.4921225846
"LOC726013",113684.166003288
"LOC100577582",30656.8330005316
"LOC102655292",23477.3435360724
"LOC102655812",3406.49940969618
"LOC100578450",111568.276068592
"LOC107964813",27979.4385903781
"LOC100577587",89723.1975917409
"LOC725485",321486.195861852
"LOC100576405",352479.127684334
"LOC412249",77038.6353612858
"LOC100577817",5420.61625392473
"LOC411775",54934.3070473465
"LOC100577283",572628.233696709
"LOC411260",38710.7806170115
"LOC102654521",60267.0648431081
"LOC107963995",17016.985375345
"LOC413915",49430.6820166357
"LOC552279",9966.90300140537
"LOC413946",290858.043932012
"LOC412115",72013.9711598319
"LOC113218967",756.959141745819
"LOC100576300",41920.0569446746
"LOC100577889",4569.13838298283
"Sod1",126917.027621378
"LOC107964839",105270.000067839
"LOC725039",24038.6109287411
"LOC102654832",63243.8912460387
"LOC409166",81892.1735411915
"LOC409995",67957.5617508659
"LOC724225",22306.3269314715
"LOC725331",139443.4021597
"LOC409969",115865.176152076
"LOC102654523",10658.087468169
"LOC551720",88500.9826474078
"LOC413275",66614.3650626186
"LOC102656218",2248.16433379233
"LOC102655690",1998.49043485934
"LOC113218965",86727.7432078919
"LOC411290",93243.5246191621
"LOC408973",156882.488836275
"LOC410085",124983.413201183
"LOC409122",115861.852713744
"LOC552223",81918.17870344
"LOC412299",343487.08177297
"LOC412092",118864.160153105
"CSP1",8205.75576049713
"LOC100576105",3576.62493212114
"LOC551029",131000.205786913
"LOC102654188",49648.7909477026
"LOC102655790",23863.937331738
"LOC552494",112862.183201699
"LOC726212",77343.3573006259
"LOC413418",68995.5540898188
"LOC102654108",87791.9163366205
"LOC552284",51526.5996291454
"LOC107964793",108054.40652255
"LOC102655995",12028.2451590534
"LOC551226",30450.318523336
"LOC552721",114881.1904344
"LOC551866",97112.1784527877
"LOC551904",70301.8929414925
"LOC725186",53532.0011327098
"LOC410169",68977.7029357585
"LOC113218953",89635.8369929296
"LOC726359",43292.9073469815
"LOC102655053",30834.7986539752
"LOC100576754",78336.4401630464
"LOC412082",33068.325046142
"LOC724750",87019.4902786762
"Ets97D-like",43143.4350701424
"LOC552768",43084.2216306708
"LOC727101",59437.0238286076
"LOC552717",33825.969704449
"LOC408955",123488.527220274
"LOC413643",57684.8584133129
"LOC100577680",1768.49905173264
"LOC113218930",5731.24010809116
"LOC725220",43203.331606678
"LOC413663",66973.1516451079
"LOC409243",146216.442957929
"LOC409557",24930.3778120912
"LOC725135",18386.1450020739
"LOC409326",373225.762058017
"LOC102656347",77495.7858177504
"LOC411916",14473.0836057496
"LOC725370",12645.8878351435
"LOC726571",5759.8524073436
"LOC411841",75765.7790443646
"LOC413196",61128.0192747052
"LOC100578668",1023.86844832888
"LOC552031",140600.781307699
"LOC725483",15163.4863670266
"LOC724785",87543.7720872676
"LOC411959",24124.8597640519
"LOC102654641",24087.8319204196
"CTL5",23188.6801025432
"LOC412350",35292.9776294021
"LOC724864",3387.61061551843
"LOC100577539",9686.04459637498
"LOC409169",34341.92676985
"LOC725023",42246.2466847997
"LOC411905",94479.6271017238
"LOC552528",114000.596773363
"LOC413740",26691.7479117632
"LOC412837",13698.2745347324
"PGRP-S3",31405.6812907356
"LOC552576",86309.925308981
"LOC107964891",36793.7921632467
"LOC102655426",27654.2522625945
"LOC100576972",44461.6462503041
"LOC113218926",5031.39476900276
"LOC411894",10340.1291374444
"LOC100577727",71513.8286539422
"LOC552582",60788.1955376191
"LOC102654761",17962.9579887095
"LOC102655836",66255.1239278848
"LOC552444",83370.4619984829
"LOC107964814",61487.6987818318
"LOC102654732",38913.6259296066
"LOC726953",81254.2008848519
"LOC409367",6933.44834910649
"LOC551718",80604.4562349683
"LOC113218917",4248.61633286576
"LOC725871",45844.9799600171
"LOC552214",56419.8187505939
"LOC100578253",71208.411743413
"LOC726339",71759.5157924615
"LOC410018",93824.9115562732
"LOC113218924",7362.04153291515
"LOC102655877",64960.5113186429
"LOC100577676",63254.6330925677
"LOC113218934",3639.44136279294
"LOC551297",61520.6261704563
"LOC100577519",41678.4371813872
"LOC113218956",1977.29732080811
"LOC107964825",56411.6117293777
"LOC100576760",48808.6010222907
"LOC408970",29599.6336905842
"LOC725065",83716.5553571358
"LOC113218950",34915.3174068635
"LOC727408",12166.7076897918
"LOC725967",18932.6348680968
"LOC100577711",34934.3182056617
"LOC551137",70835.6093404939
"LOC411674",52499.1018989819
"LOC551296",35844.1534419932
"LOC107964906",96299.7872497118
"LOC100577901",13814.3066469772
"LOC409454",68453.0641194433
"LOC552215",22318.7205215634
"LOC102654385",31310.2968388153
"LOC107964872",28198.5104333749
"LOC102656294",21835.5227029477
"LOC552555",40069.7074790547
"LOC413253",71395.7346524374
"LOC725263",127068.59442083
"LOC411658",48022.9424752711
"LOC411282",268746.47488627
"LOC409353",50572.3124766124
"LOC726871",28222.648202011
"LOC107964791",25106.9155999156
"LOC408966",197403.693478353
"LOC551603",105633.968494516
"LOC411238",234784.655452718
"LOC409912",94137.2980948279
"LOC113218962",19063.4403319176
"LOC412308",35952.504447495
"LOC727634",52210.4737988352
"LOC411630",163039.840204459
"LOC727015",45700.8316349966
"LOC100576880",2743.81003923224
"LOC413002",109267.621229266
"LOC411272",63071.8511929042
"LOC411596",23598.9561371904
"LOC412192",25114.760177037
"LOC551401",11177.3873367319
"LOC552263",45100.2699778141
"LOC724571",48707.0314531464
"LOC411277",173148.674204689
"LOC411991",55852.8317168674
"LOC411266",38681.3816052256
"LOC552710",75611.6326106023
"LOC551016",147226.614307784
"LOC725021",32852.9641901558
"LOC107964878",2377.3350455246
"LOC409196",97552.756948441
"LOC411423",52522.1441889372
"LOC552310",57023.6851357123
"LOC100578828",30812.8045439962
"LOC102654625",64794.339323573
"LOC551308",80635.3864636074
"LOC726811",34227.7495111816
"LOC725556",115857.113857018
"LOC100577600",241704.55353429
"LOC102653727",13110.0530028889
"LOC100576198",932.163528151804
"LOC552177",222811.556810198
"LOC113218966",3198.68952778984
"LOC412612",69538.9834094163
"LOC551432",211366.253072593
"LOC100577978",4346.22874191106
"LOC411774",45506.5914039844
"LOC551888",74530.1811284153
"LOC102654020",8191.00241336447
"LOC411693",143142.919234081
"LOC113218964",3202.91625880992
"LOC100577302",66658.4743716228
"LOC409770",28803.5677622977
"LOC107964820",28401.9106860728
"LOC409195",42871.5212875062
"LOC113218954",37364.0715113428
"LOC107964864",2181.27840223059
"LOC102655783",754.31650223039
"LOC726617",53737.4867472987
"LOC100577825",22046.3533612484
"LOC551806",20369.7742469405
"LOC107964857",1670.53874985685
"LOC107964884",48090.7821601873
"nanos",141418.630596881
"LOC413185",106403.580033528
"LOC100578892",44043.7107981122
"LOC411698",44854.6840029712
"LOC552665",47377.5820373128
"LOC100577756",31513.954255907
"LOC412701",117824.468002923
"LOC411240",75358.7277520536
"LOC551754",43121.2970643128
"LOC102655375",6934.85898047273
"LOC413462",91204.8806800107
"LOC551135",47713.5919303564
"LOC408959",50785.2861762347
"LOC100578928",5596.72125875387
"LOC408963",347719.08236986
"LOC726381",64617.5157374153
"LOC724630",63358.8761819174
"LOC552003",105302.868286414
"Twi",7248.82330681759
"LOC413919",42471.2916232055
"LOC411262",68723.2898434786
"LOC100578698",34458.165552591
"LOC552010",45933.0397017703
"LOC413739",139267.014116697
"crh-BP",129025.779548018
"LOC411265",68680.965686853
"LOC413616",458566.824344963
"ATP5G2",565849.478760164
"LOC409026",79121.4991599577
"LOC409089",128937.964629518
"LOC102655491",10000.8623117996
"LOC113218921",9734.11873908401
"LOC102656871",4028.7767694222
"LOC100576975",48474.1276534426
"LOC102656572",8209.04786964806
"LOC725803",1492661.0266768
"LOC551835",65973.930274873
"LOC724176",54647.0084092821
"LOC100576215",34193.400937513
"LOC102655158",5695.67534519732
"LOC102654234",16987.7626773176
"LOC411245",54012.641475479
"LOC726657",88995.6660777698
"LOC102655507",24456.7174628307
"LOC410003",91609.7090933649
"LOC724786",47266.0493245089
"LOC409065",95123.1921913265
"LOC411989",211687.813996955
"LOC100576878",148645.467840918
"LOC413195",117928.102596543
"LOC100577363",8604.0477982784
"LOC409814",19876.3655898324
"LOC113218949",26244.691234667
"LOC725804",879.475564009336
"LOC412398",82074.3214199655
"LOC113218918",5718.33926914428
"LOC113218945",161252.702696635
"LOC551104",55346.0579393721
"LOC409397",44284.8905871874
"LOC726673",53678.4091590741
"LOC102653839",15934.5150902266
"LOC551696",41601.6506057454
"LOC551462",62719.8142052988
"LOC413197",152273.674865752
"LOC409463",85667.4442286666
"LOC552051",46136.9121201592
"LOC102656765",149331.646823415
"LOC726643",64362.5549924496
"LOC113218947",2029.05629831432
"LOC100578259",44398.2492799917
"LOC102656264",15332.5652665839
"LOC411961",116210.064246121
"LOC724819",64579.9401820053
"LOC725973",6603.55258552802
"LOC551553",33085.7778030921
"LOC725838",6611.04775790541
"LOC551513",63921.5242524494
"LOC409511",13912.9589286512
"LOC726482",60297.3695410624
"LOC107964914",1771.75510869559
"LOC413048",630.664627165164
"LOC102656541",57395.8859953397
"LOC102656719",4162.29057737024
"LOC551950",21034.5964651516
"LOC409371",34660.3761047503
"LOC724870",73816.2750819506
"LOC408964",95863.2718950501
"LOC410105",60883.1485827604
"LOC408969",65773.7384231288
"LOC412284",75876.7807808302
"LOC107963998",2334.2106692932
"LOC552495",67634.9818846287
"LOC552432",37897.6918134936
"LOC552242",2931.4717777474
"LOC408958",185490.84833649
"LOC552732",38235.4085165494
"LOC412079",44702.6806228081
"LOC725312",296096.607320128
"LOC409245",110261.114809387
"LOC100577351",23394.2120204578
"LOC107964828",14007.4487799425
"AChE-2",1445728.57295018
"LOC411435",35282.1421329151
"LOC412069",105192.784097581
"LOC552498",94841.9594880207
"LOC413051",82721.1251534091
"LOC102656215",37938.4238887891
"LOC726819",48311.7221596505
"LOC413875",140781.793026018
"LOC412694",46943.9621548845
"LOC113218958",43180.3262313057
"LOC726190",100051.160844886
"LOC413618",54075.1808746849
"LOC412041",18822.8343211032
"LOC725941",62982.06583815
"LOC725908",54926.4670493852
"LOC100577382",5803.56727544202
"LOC411248",181096.555051339
"LOC411652",71477.4051785776
"LOC107964843",57674.5408509276
"LOC411255",42103.5039418752
"LOC411264",66542.8675829747
"LOC414015",78439.3291816073
"LOC413047",21994.2684427079
"LOC552623",54715.0518929802
"LOC411288",863259.129594125
"LOC726314",53899.0034342534
"LOC413885",39995.4407251986
"LOC412080",55921.7715195765
"LOC409059",61094.6406372861
"LOC408967",124834.287617769
"LOC100576795",59141.1581872636
"LOC412655",78213.5852549376
"LOC413652",68224.7030614298
"Gb15078",13237.6524268246
"LOC412728",82293.4657189324
"LOC100576699",27518.6833959289
"LOC107964850",16951.1390129261
"LOC413184",53824.0759834253
"LOC409836",203717.23208875
"LOC551376",83800.7550751637
"LOC551301",60077.3851877551
"LOC100577444",40133.5957079686
"LOC100576936",8914.01008135098
"LOC113218941",168301.092353308
"LOC100577229",3656.04430226245
"LOC408961",70613.3471117484
"LOC100578055",3605.56915878833
"LOC100576381",73424.1335309527
"LOC409244",100977.897680568
"LOC725518",98285.4111339699
"LOC113218955",4472.02360625755
"LOC411391",45925.8625408653
"LOC552239",120086.998687432
"LOC107964821",7199.33931419067
"LOC410099",104749.75724793
"LOC100578051",89587.6845938558
"LOC102655399",41944.7393575676
"LOC551021",72123.3876464678
"LOC409553",17562.5123000625
"LOC102654485",7173.83094351482
"LOC726689",69369.850134489
"LOC726341",56322.8791805849
"LOC409368",72816.9386711795
"LOC409493",139023.518772014
"LOC102655968",4788.70755845369
"LOC724933",170783.068084646
"LOC107964876",43097.196563999
"LOC413324",71074.7421598466
"LOC413263",8661.86425970436
"LOC725438",11750.5107042399
"LOC724437",37720.9683862758
"LOC726658",8049.88823139825
"LOC409771",171019.490061559
"LOC551928",68840.9229338713
"LOC107964818",29524.0587064255
"LOC113218932",1540.59823202736
"LOC113218925",86720.2661969755
"LOC409529",51077.4434488167
"LOC726637",68426.5928891752
"LOC411252",94867.3631839871
"Hbg2",6297.12508946921
"LOC408968",72573.4041116508
"LOC100577269",8205.80735826051
"LOC726500",44001.5593667297
"LOC100576326",48723.50237483
"LOC102655432",73234.0095643678
"LOC412825",11344.7923921271
"LOC552431",65369.6206721398
"LOC725870",285182.24076425
"LOC726572",36362.5033349576
"LOC726422",44717.7412982663
"LOC411679",52129.9195935937
"LOC727480",65968.4566167709
"LOC113218937",26522.3441421786
"HEX70b",35399.7371104382
"LOC551962",72877.062463961
"LOC113218929",30514.5322270537
"LOC413914",65241.6224726663
"LOC102655099",2494.42344907147
"LOC413264",2750.44594126558
"LOC409154",70512.159543972
"LOC102654654",46061.8082103478
"LOC726587",103354.393293217
"LOC100577306",25097.9039987163
"LOC413183",104571.412846315
"LOC113218944",207460.982723714
"LOC725669",109998.47446866
"LOC100577915",5209.26578040709
"LOC726297",222180.496745741
"LOC725670",21110.7245764028
"LOC409219",49718.4042715451
"LOC725837",79459.1504858328
"LOC725332",69375.0395730709
"LOC551809",51556.8507493339
"LOC726383",16657.2547268136
"LOC409533",136757.968923809
"LOC726380",52165.7018976183
"LOC413340",91513.9652926435
"LOC411250",334954.59291191
"LOC409473",96348.2975165469
"LOC413912",105104.544922966
"LOC102655587",33309.876605215
"LOC107964859",2082.2702640539
"LOC102655080",11515.8254425435
"LOC411268",48154.6623131395
"LOC412504",70579.9880013724
"LOC100578200",21510.6036288609
"LOC725876",3907.96837893194
"LOC411459",70655.9759091408
"LOC410017",46242.4083234497
"LOC551841",44432.2006001036
"LOC100576096",16738.8365821255
"LOC724979",8584.02664973691
"LOC102654371",2991.14385091794
"LOC726872",52268.7391480203
"LOC409538",57154.3264138626
"LOC100577332",454831.700248779
"LOC410142",99046.7194717273
"LOC409369",22086.0675440685
"LOC726076",25141.6389073874
"LOC107964894",8775.95681667614
"LOC102655794",6026.00787949495
"LOC411239",39895.080383798
"LOC726915",7916.33885228532
"LOC726028",49829.9349668179
"LOC727030",61476.8025390306
"LOC100577452",39461.6495056491
"LOC411253",112206.102050109
"LOC724398",18666.0251890482
"LOC100576503",13397.0648580351
"LOC726636",71860.4034719431
"LOC413252",62740.5518887108
"LOC409197",35653.0196080875
"LOC107964838",16649.4819262322
"LOC102656787",348.739412269824
"LOC726007",52442.1466537995
"LOC408965",17849.8222771871
"LOC552400",61775.4712041698
"LOC409637",116054.05310235
"LOC724175",12371.3592280267
"LOC411237",49071.3547372148
"LOC113218919",1951.22699449652
"LOC409273",112257.699758398
"LOC550698",53127.9147248828
"LOC102654746",30737.9472039003
"LOC412128",100591.559172947
"LOC100577053",34142.3727099472
"LOC100578337",203183.268913192
"LOC412391",65626.155451278
"LOC113218943",6300.43833220727
"LOC102656248",36284.9894820195
"LOC726713",45683.8982332284
"LOC107964911",27391.1921579804
"LOC409843",177117.311717679
"LOC409150",113605.156570847
"LOC551261",269208.709279008
"Ecr",268543.144724839
"LOC102656530",3446.96718709986
"LOC409991",48697.9958854048
"LOC113218928",19049.2019938642
"LOC409992",49829.8279979131
"LOC100576478",186010.298057876
"LOC725901",421728.658834014
"PRF",117955.034969016
"LOC413627",64194.8752881759
"LOC725633",42537.2148644042
"Amih",630687.44614554
"LOC409565",211150.49290703
"LOC100576401",18422.3105342476
"LOC551860",33717.2903629643
"LOC113218927",147147.503605951
"LOC102655603",54495.2446978756
"LOC725057",57930.2592958374
"LOC411629",104823.242766279
"LOC727647",324770.639022758
"LOC551663",218277.367756225
"LOC107964903",29346.5572552556
"LOC725844",68580.5038997069
"LOC107964792",24730.0713741557
"LOC413106",2082.82958630903
"LOC100576471",357473.644247892
"LOC408960",941751.098857071
"LOC100578572",3738.56551079865
"LOC412254",112717.876588998
"LOC100577033",41654.9095658544
"LOC409341",85331.733842527
"LOC413625",69753.0442215926
"LOC100577722",42189.9355109537
"LOC552560",87481.2559230621
"LOC551954",35407.6256932303
"LOC409370",64017.8595270858
"LOC100578363",40769.2575341142
"LOC113218569",37993.0603137763
"LOC725439",28060.1932894078
"LOC107964805",106332.950053904
"LOC551780",100379.244212847
"LOC102656147",4429.95516019682
"LOC724533",62639.9628288513
"Hex70c",508.481344556889
"LOC107964817",66204.3330931739
"LOC411771",11749.1951121833
"LOC100576645",33396.1128261121
"LOC726315",12097.3005423093
"LOC102656151",5033.56680270856
"LOC412950",101713.380222776
"LOC102656369",51180.2889372805
"LOC100576968",71991.9856078539
"LOC413724",62684.3083812014
"LOC413438",72108.5871586399
"LOC100577408",82404.326594519
"LOC411597",80704.596457498
"LOC412200",79133.7236625012
"LOC409403",62155.113157533
"LOC412439",141338.574426864
"LOC100578157",26018.5661798937
"LOC100577135",3969.69253154026
"LOC413029",102930.584653976
"LOC551182",70484.096776022
"LOC724443",36665.7848506961
"LOC412835",87992.8848024812
"LOC412377",76567.4256861164
"LOC102656187",1445.22636294832
"LOC408957",136877.933478499
"LOC413215",303664.765805719
"LOC413103",81599.3050696105
"LOC725020",93514.4011698161
"LOC409994",64395.0197719635
"LOC724570",16258.4118349169
"LOC724708",53921.6932039322
"LOC413620",161001.810807424
"Apime-ASTA",94848.6563276393
"LOC409616",263807.930494376
"LOC411276",123277.063743497
"LOC725764",37845.8831923671
"LOC100578113",48440.4470601879
"LOC726513",1489.0739701109
"LOC724320",33832.6462002574
"LOC551422",85156.7912861991
"LOC552685",445.949339092677
"LOC551717",105633.189738223
"LOC107964902",401.973835105238
"LOC551514",2645.20788425889
"LOC724393",6594.60868267879
"LOC552550",84125.8131171349
"LOC411732",34017.2122848886
"LOC107964896",2117.43198043977
"LOC412444",5673.2310412032
"LOC724934",15111.3406869578
"LOC102655699",126167.534289772
"LOC113218938",2145.40532035683
"LOC412827",70887.8358500405
"LOC551545",27304.7405815393
"LOC725571",59377.4755115794
"LOC551571",6496.98754312779
"LOC113218948",5468.5439149837
"LOC100578025",1071.34201386309
"LOC413844",1536.87027871486
"LOC100576982",2796.67312230816
"LOC409157",55400.729204742
"LOC726504",64130.0416626935
"LOC552552",89052.9201282819
"LOC113218568",55681.9881831554
"LOC100577488",14187.6331821857
"LOC411279",35413.771141757
"LOC102656154",9051.69645897974
"LOC100576515",108179.451148176
"LOC552503",41576.4061470975
"LOC412650",48483.9322370841
"LOC726625",26892.9640997253
"LOC727649",58462.328633764
"LOC411270",67711.1594312143
"LOC726586",61846.8696823014
"LOC725765",49213.1844279127
"LOC724613",105543.073714071
"LOC409303",58069.3856115887
"LOC411280",37423.2680904025
"LOC100578705",193377.902873082
"LOC100577982",65866.7248216005
"LOC100577575",43913.1770324916
"LOC724439",96095.5534529332
"LOC412161",116181.906554086
"LOC102656668",33216.5886996585
"LOC724935",79972.5241358064
"LOC725900",1583.55594543813
"LOC412959",78194.8222932013
"LOC411915",54831.9061782146
"LOC107964868",9134.73416602581
"LOC724519",53395.2386882722
"LOC552055",75478.4963294172
"LOC409240",65884.4631591033
"LOC409692",567931.075090938
"LOC100577071",759.910869417315
"LOC413293",64217.2594070919
"LOC102656373",2629.2622646178
"LOC100576912",37886.0031958302
"LOC100576916",1407.02136250449
"LOC551863",3899.84890919283
"LOC100578559",47464.5647179391
"LOC102655462",179550.832738231
"LOC107964885",6122.14630638492
"LOC551131",41837.0563045131
"LOC413568",304340.280369862
"LOC100577280",124992.5380693
"LOC100577110",4131.01461279021
"LOC411651",6714.85377296167
"LOC411261",24290.7267730414
"RpL35",132507.13017967
"LOC413676",117287.431922097
"LOC413814",65921.0984061663
"LOC726165",9477.10408924549
"LOC113218920",59432.8895566129
"LOC726832",49092.0718337885
"LOC100577080",20153.9489582771
"LOC726027",35505.184317887
"LOC113218951",1097.68072687526
"LOC551263",35570.6432103417
"LOC410004",61869.1472591283
"LOC100576319",4439.97821866095
"LOC107964799",2847.71157239047
"LOC411820",127560.042232838
"LOC102655784",2743.93423567219
"LOC102653693",850.547202088237
"LOC551694",44773.7251487001
"LOC551090",39628.2611560577
"LOC100577724",12511.6579656863
"LOC725573",24361.6814288878
"LOC100577028",66274.7631905224
"LOC551781",53137.9250390779
"LOC102654944",812.993478022879
"LOC552516",41450.988309145
"Hex70a",4402.77434351679
"LOC102655302",2734.41001595652
"LOC552290",53030.1564298241
"LOC413664",88219.0331200333
"LOC100576831",11268.9286151042
"LOC409633",436875.542204331
"LOC725334",30617.1636409744
"LOC102655591",8040.23473518694
"LOC409631",3451.93382579884
"LOC724931",43056.8306525561
"LOC411269",43741.7619095653
"LOC100577931",56381.6201915034
"LOC113218963",5328.17175247469
"LOC409064",53325.8305974114
"LOC726411",13889.0543290063
"LOC413679",5089.73159056629
"LOC726778",74030.0824400178
"LOC726725",7605.01737440498
"LOC412838",188962.103300923
"LOC413006",68052.6705546061
"LOC113218922",62647.5791537358
"CPR6",13356.7100903943
"LOC726000",66913.2991903767
"LOC552794",54933.029577583
"LOC413619",25087.7756479582
"LOC102654281",97535.2554846208
"LOC411731",77247.0101851485
"LOC107964797",2407.86487209573
"LOC408971",256332.616402337
"LOC551807",86784.5969684047
"LOC102655682",2864.80411569828
"LOC551983",46975.7030414727
"LOC100576382",1915.98987998494
"LOC413460",84803.2214067492
"LOC107964835",34755.6163157738
"LOC100577746",68401.5619241529
"LOC102655138",9096.86173686884
"LOC411273",37318.6178418254
"LOC409264",44781.3352589531
"LOC102656579",18455.6172303809
"LOC410106",42238.8512830103
"LOC551751",46613.4762498542
"LOC409628",58282.4000871544
"LOC107964882",39865.976951837
"LOC726952",46872.1929289719
"LOC726829",339656.229237081
"LOC102655689",37166.0462979879
"LOC552034",46481.3030842182
"LOC411285",5424.6480859831
"LOC113218946",67528.9393581643
"LOC113218957",42589.3175672453
"LOC726908",127419.56203218
"LOC100577288",49429.0185119759
"LOC409722",476545.903097848
"LOC102654154",2343.52402331642
"LOC552180",78763.2004742312
"LOC102655052",43537.5937408856
"LOC551833",59257.8309946646
"LOC412150",105090.006053376
"LOC411392",104458.13754234
"LOC107964909",3328.93670017526
"LOC552596",44183.5891923482
"LOC725910",77235.3391416895
"LOC411974",28543.2490435174
"LOC100578949",2852.26979542658
"LOC410037",115577.303237148
"LOC409250",29967.0333989062
"LOC726822",51766.0103225411
"LOC102653930",28704.1250367764
"LOC410101",118538.229008429
"LOC411856",26918.8022924726
"LOC414009",35563.155704281
"LOC107964861",33215.6928815691
"LOC413976",43986.41403674
"LOC411249",77759.0129736257
"LOC102656645",13814.1031655753
"LOC100576781",67965.3894695229
"LOC100578841",50772.5141654285
"LOC100578811",33388.7310495928
"LOC100576387",2590.86506345718
"LOC410227",12093.7074180751
"LOC100577573",10218.8501935563
"LOC113219034",14259.1486622396
"Obp11",13594.7102278946
"LOC100577839",2311.38193867029
"LOC107965094",1038.27111987108
"LOC725653",56552.7400114213
"LOC100577603",156680.193701344
"LOC725880",49422.9884780619
"LOC100577423",64395.1757438367
"LOC551495",29432.2106436833
"LOC102655127",67819.6429469438
"LOC113219040",25862.2109607487
"LOC725108",11277.1798345711
"LOC102656594",88678.272696346
"LOC552069",4692.67729841
"LOC413925",37402.5459615609
"LOC552169",19493.6315236366
"LOC726244",36141.4977290235
"LOC412937",74730.7544908316
"LOC726592",6882.4949796823
"LOC102654741",1886.59607331237
"LOC724626",43968.8548152074
"LOC100577759",156224.867840259
"LOC412602",99348.4674391563
"LOC411711",50075.8791650738
"LOC724995",10303.0032824719
"LOC100576247",1350702.28049139
"LOC100577211",1057.50900066109
"LOC412198",79391.7330502598
"LOC551353",37825.6391916488
"LOC102655329",681864.503685139
"LOC412710",56291.6695951069
"LOC551143",149570.957341832
"LOC410237",18638.1337559966
"LOC409361",28515.0845453074
"LOC412035",56521.5011636863
"LOC409532",76817.6472270705
"LOC113219051",10275.5462869858
"LOC410177",68881.6550554328
"LOC102656560",672.980785109369
"LOC100578783",55042.1946682713
"LOC413749",13189.7146717329
"LOC100578466",115038.227354235
"LOC102654050",11531.3723743252
"LOC410198",68171.3442439355
"LOC102655419",4794.789799922
"LOC100576963",46968.589892109
"LOC725749",63549.5046211489
"LOC413924",22311.3660666026
"LOC550685",99563.3413771894
"LOC409649",17087.7651520851
"LOC113219044",3005.35341006795
"LOC409847",309075.097823557
"LOC102655924",2582.66010441746
"LOC726427",29187.1313898921
"LOC552097",56217.0990989895
"LOC724542",33964.931599996
"LOC413544",53790.7916334111
"LOC412355",107922.447672927
"LOC100576270",14611.6143179861
"LOC409056",64557.1049188001
"LOC100576462",6595.15175607155
"LOC724486",38313.9983376642
"LOC725049",55923.7907291221
"LOC411417",73707.4225348063
"LOC100577772",90992.7586585853
"LOC102656315",2815.16150268494
"LOC100577607",9028.47868443613
"LOC414025",139783.577960426
"LOC102656337",36029.247328462
"LOC725461",19461.0645641164
"LOC409191",57502.7041868699
"LOC412638",63632.0403683361
"LOC552728",22093.0909874724
"LOC411806",88317.832974399
"LOC551610",52158.6922327769
"LOC100576750",2054.58482018095
"LOC412101",45888.5718470355
"LOC102653988",1155.06662383439
"LOC409460",63596.237356543
"LOC113219039",14757.0936623935
"LOC100578731",5181.87431167077
"LOC727048",41906.474604191
"LOC100577138",229112.986472904
"LOC102655241",8015.07441479081
"LOC100577981",1589.00436520981
"LOC550791",61407.5748779372
"LOC412093",127166.695913179
"LOC412055",82384.7349106264
"LOC100578965",170114.828423152
"LOC724141",80749.5879251983
"DHRS4",31907.8911846116
"LOC100578769",69071.3685608477
"LOC408303",99554.1223996514
"LOC413242",578010.660335539
"LOC725538",43609.0125662139
"LOC551666",118686.618061048
"LOC107965038",6001.75672920556
"LOC113219056",3401.71611467349
"LOC107965117",47574.6457114373
"LOC100577877",58255.5457396974
"LOC100576134",139086.496775602
"LOC550726",89658.4042238141
"LOC552225",91446.8957920528
"LOC100578824",20316.5869328695
"LOC408288",30800.1798581526
"LOC552458",46881.1606355559
"LOC100576099",14027.0353932201
"LOC413683",103341.88742854
"LOC410183",80642.6255027046
"LOC410191",53480.0713461531
"LOC724333",348422.70900359
"LOC552688",57713.1628594646
"LOC409170",53642.8295626483
"LOC551901",61535.885753267
"LOC409548",98108.2506431148
"LOC551421",39409.587360694
"LOC100577758",10564.9731717788
"LOC102653912",32652.4843351593
"LOC408282",75064.2406558836
"LOC102655465",68041.4045038156
"LOC725193",60615.8435896168
"LOC552189",45771.673822479
"LOC552618",105867.504931485
"LOC102654940",3265.19451220902
"LOC726265",51482.6630749122
"LOC411854",108863.041338338
"LOC113218572",2080.08328214519
"LOC551864",55546.8937423584
"LOC107963973",66172.1742956459
"LOC725286",95256.988449164
"LOC412174",32484.9463255792
"LOC726149",905.172557768997
"LOC725107",51784.5801368463
"Y-y",24233.4286337925
"LOC725191",5542.57812877552
"LOC725240",32476.6747138248
"LOC551414",95363.4682650948
"LOC725611",68055.6273602188
"LOC100577844",80121.4148118789
"LOC107965055",9931.81148247439
"LOC552522",42536.3008742991
"LOC725685",71328.4200118968
"LOC724119",63019.196953327
"LOC412508",110977.816824433
"LOC414048",77583.0730517231
"LOC412916",356252.626465933
"LOC724909",76456.885089224
"LOC107965022",46423.9525368052
"LOC409472",87775.3592827963
"LOC107965048",9210.47550393385
"LOC725577",29608.7992871311
"LOC410172",85458.0823249535
"LOC107965045",46076.0933997183
"LOC551435",120652.341727868
"LOC100577672",49792.5410729253
"LOC408293",94439.2923870855
"LOC551361",96874.7160923653
"5-HT2beta",215032.356159695
"LOC725886",50862.4166671375
"LOC410208",76278.2976850992
"LOC727078",67539.6524392543
"LOC113219060",691694.408360753
"LOC551153",57277.5798427738
"LOC552253",51407.8835752957
"LOC408267",201448.913269761
"LOC102656571",7498.05093837191
"LOC102656656",9240.31387178908
"LOC413989",79717.8190724849
"LOC406144",8539.63252019536
"LOC409486",115234.609372431
"LOC727455",110895.708449125
"LOC411612",49373.1429832175
"LOC412094",77927.0910724474
"LOC100576531",32283.3097178817
"LOC102656116",11202.1385607205
"LOC102654242",2642.30823739381
"LOC725854",57502.6750045918
"LOC725142",38204.9285812199
"LOC410236",16113.0619370597
"LOC113218521",96851.6842859893
"LOC725539",14575.5518522107
"LOC410241",70933.6061007738
"LOC107965122",6001.16724753803
"LOC726121",40387.1765810026
"LOC725241",368066.920721092
"LOC113219049",8476.2442823252
"LOC409921",89602.3532190033
"LOC725224",58771.1655253037
"LOC102656145",6659.35462912454
"LOC409672",80039.8854977955
"LOC409849",697311.625885361
"LOC102656189",721.627714826314
"LOC102654570",40593.7766781181
"LOC100577004",173781.652938266
"LOC550711",137199.708715993
"Cry2",32034.2554777452
"LOC102655396",6154.23313051108
"LOC107965073",38716.6827054384
"LOC412233",80373.3846448057
"LOC408272",82647.4231041436
"LOC724150",250614.930244532
"LOC410231",1256.90803658738
"LOC113219053",22517.1410076182
"LOC100577343",104573.12548888
"LOC409723",77575.701980304
"LOC726237",58459.7635968385
"LOC113219054",71168.7927394115
"LOC100578455",33949.1224249555
"LOC410245",39870.8010047003
"LOC410225",55863.904249436
"LOC409668",45776.9201515149
"LOC408283",73140.1939871584
"LOC726453",32027.368616052
"LOC102654892",1115.05958822481
"LOC100577165",15598.3678396701
"LOC107963965",26074.5470148166
"LOC113219050",5972.48749328745
"LOC724458",39043.2326932309
"LOC102654428",963.850895610624
"LOC410238",51225.0902510422
"LOC409201",51995.0106422143
"LOC411707",43963.4775226471
"LOC551793",74604.032898757
"LOC726268",58356.7508524325
"LOC725950",94069.6935102399
"LOC100576945",65890.5875297139
"LOC100576772",2115.36167023266
"LOC408301",39229.0361249651
"LOC551588",41859.5306069191
"LOC410216",317894.837765244
"LOC107965051",5222.39771810418
"LOC726262",1405913.55386295
"LOC725603",16275.6840822821
"LOC412475",6807.94435383767
"LOC409920",101628.187864769
"LOC411691",19222.195286489
"LOC408306",174719.454996487
"LOC412431",29689.9267410896
"LOC100577493",50123.388289522
"LOC102655156",10682.9347559476
"LOC408286",118273.406606085
"LOC551726",39568.8182367975
"LOC727269",93778.814112229
"LOC100578780",95838.6569892055
"LOC100576915",77725.8280171443
"LOC412305",64188.046671621
"LOC102655071",5459.20169640354
"LOC551497",65103.1459687297
"LOC100577980",60217.4900005709
"LOC100579031",17109.7124204441
"LOC409650",10231.8282168256
"LOC727288",87650.1921115769
"LOC107965070",883.095906423408
"LOC551840",58228.7442197754
"LOC413271",47096.0075394156
"LOC724498",10735.2971623877
"LOC552353",51158.1401957171
"LOC100577788",18148.7325553806
"LOC410211",98629.5970959117
"LOC102655420",31187.4807279908
"LOC100576130",137087.997915059
"LOC724907",14395.4060368363
"LOC102656808",6136.86402152562
"LOC725983",79819.4433150047
"LOC410226",216793.397160878
"LOC725192",30835.3545009984
"LOC113219032",13750.3574878046
"LOC726199",186908.700012112
"LOC100578866",50446.7025449619
"LOC102655526",74869.5864493381
"LOC725948",69789.9313866007
"LOC102655447",1095.120563897
"LOC113219046",43617.5547126756
"LOC410170",167289.973076334
"LOC726540",78307.3385282912
"LOC408264",135392.601477055
"LOC726668",90049.4523482668
"LOC100578852",38139.6187795484
"LOC727298",54284.7429291382
"LOC410189",30222.9275947225
"LOC412914",158950.212814545
"LOC725612",59161.9027007251
"LOC100577192",19066.5385762248
"LOC107965032",2489.48005279929
"LOC113219057",1693.21740565704
"LOC100578068",154182.380351865
"LOC412863",147502.209128475
"LOC410239",81459.6535180549
"LOC551706",117870.272100728
"LOC724457",26514.2082585547
"LOC552360",45597.3360569698
"LOC726273",74502.5658048069
"LOC725613",98679.0849513062
"LOC726272",96640.7027436453
"LOC409671",63754.6129589835
"LOC724543",20904.4131281002
"LOC410023",90764.8823492068
"LOC724724",175848.111213862
"LOC107965056",4582.08104357041
"LOC410155",96232.0627861703
"LOC551981",46163.1454823478
"LOC727505",21609.3336471227
"LOC412607",77464.2478469532
"LOC412310",10163.9115022198
"LOC727261",67856.1601839371
"LOC410233",151968.553086276
"LOC100577308",39842.3076239536
"LOC552501",74999.9231190914
"LOC413995",4067.33710307324
"LOC552639",76064.2252532525
"LOC727023",41912.5797425245
"LOC726389",64986.0557357536
"LOC552276",68049.7228595783
"LOC412302",62953.7273438572
"LOC102654124",703.328880882647
"LOC725949",83407.0477899022
"LOC102654286",7323.09523926936
"LOC724285",369930.859507913
"LOC724152",63215.3232321917
"LOC552734",100954.262758916
"LOC727285",139016.505413542
"LOC410234",54217.2740520957
"LOC102655470",17146.1280873854
"LOC113219041",21809.2754667626
"LOC102655141",70877.0516180297
"LOC102654070",17507.1553894826
"LOC408304",125065.965885463
"LOC107965086",8644.9182422047
"LOC107965050",13048.9689909987
"LOC100577331",346.234028280736
"LOC413547",65150.723276366
"LOC102655481",51984.7443627048
"LOC724494",79615.318612712
"LOC724334",955.319907405943
"LOC552330",73762.1769321903
"LOC100577285",44263.8883911771
"LOC102654762",1283.10012278539
"LOC102654569",19155.9454372389
"LOC102655479",166971.313360844
"LOC411654",66230.7704550271
"LOC726977",116791.7945784
"LOC107965127",2906.41316604589
"LOC411786",38831.357280513
"LOC100576438",73696.1321513129
"LOC551844",82080.5071386967
"LOC100577602",64484.117743706
"LOC410228",4044.97217396416
"LOC409315",72791.9289583297
"LOC724765",33402.5051487369
"LOC102655765",49794.5567823361
"LOC102655339",2195.43221209054
"LOC552015",62981.9608021232
"LOC100578366",10492.6778661124
"LOC410015",94232.6568880861
"LOC412053",65014.7492881406
"LOC100577069",871.264815200432
"LOC412328",79478.7337603976
"LOC102653659",26125.4448590323
"LOC725675",46017.7071289655
"LOC551210",53701.7565291342
"LOC725046",174863.199179189
"LOC551243",55755.7697216211
"LOC409903",124105.913848732
"LOC551282",16516.8911205701
"LOC107965098",170591.620688254
"LOC412782",35515.1999863468
"LOC113219038",79981.4548479518
"LOC726414",54458.9502724371
"LOC409670",227473.772334851
"LOC100578341",24802.8490411239
"LOC107965080",5817.38012604844
"LOC725155",105309.076494854
"LOC411754",57541.4289074615
"LOC725048",62308.3548670058
"LOC727262",30688.4235004859
"LOC107965047",12230.9097033389
"LOC107965042",20524.7894732384
"LOC409525",96427.2928734827
"LOC107965085",38759.3360210194
"LOC100576957",7565.45952179594
"LOC107965041",378788.454292845
"LOC408295",114764.644382938
"LOC100578386",67956.3060644058
"LOC107965079",5123.13637081634
"LOC724767",36524.7990796036
"LOC724241",25954.7088486066
"LOC410187",67368.9905189553
"LOC410190",37787.3372228454
"LOC412870",34491.4204192051
"LOC102654893",35505.3186347327
"LOC725578",11505.7485992127
"LOC100578797",10201.8929662623
"LOC726219",62249.7483721273
"LOC551820",27204.860085473
"LOC100578448",10718.2739492129
"LOC412034",19915.1845506875
"LOC100578555",2754.39429298028
"LOC412281",132858.606438044
"LOC413464",322653.592817518
"LOC552526",40488.5667369982
"LOC102655612",50716.0684666043
"LOC102655797",2728.22092006677
"LOC410204",22102.9345002459
"LOC552246",53303.5036440254
"LOC410179",12251.6340699992
"LOC413101",66782.9284568994
"LOC724996",42779.4792477503
"LOC113219030",54456.301303192
"LOC113219036",790.400843154274
"LOC113219033",2085.46475400835
"LOC726120",85101.2135447731
"LOC551270",33030.6189299225
"LOC409119",80869.9779018292
"LOC100578719",5109.41356024314
"LOC551967",12754.5121091489
"LOC725877",28394.9853270486
"LOC100577466",60885.4151980773
"LOC410201",173836.305848822
"LOC107965039",54680.6522906439
"LOC107965036",89724.278425626
"LOC552042",20132.5464422997
"LOC408298",373759.250267951
"LOC724640",1280.13613693256
"LOC551463",37549.2423099038
"LOC102656841",54469.8956357393
"LOC412306",59480.9539628709
"LOC550715",88667.772215205
"LOC100578623",5911.76593697208
"LOC107965825",47423.3372746832
"LOC552392",77714.1873712835
"LOC726611",19765.6735880419
"LOC409699",55605.9554312852
"LOC100577407",123662.421424329
"LOC408271",175061.441534569
"LOC100578744",22685.3536055182
"Obp10",94763.6929631981
"LOC408277",49068.4949982671
"LOC102655712",1866.1434237734
"LOC551499",24507.2634750361
"LOC411366",34592.163669717
"LOC410188",189003.241000611
"LOC726179",110927.863917176
"LOC100578316",646.639415354486
"LOC552275",73518.8759783667
"LOC107965076",67083.3541920577
"LOC100578890",45895.2287189834
"LOC551498",252083.373920098
"LOC410194",66034.4743096521
"LOC102656138",10149.9217808155
"LOC411655",65798.60386869
"LOC726983",53972.8077251662
"LOC100576423",70299.7145984011
"LOC409159",9822.97749025701
"LOC408294",81617.1417893826
"LOC113219058",1103.28934511796
"LOC551516",31037.608835756
"LOC552669",56560.1381751621
"LOC102654069",9569.59062494786
"LOC100578641",21529.9028774169
"LOC724321",62511.0871509251
"LOC100578132",60618.7189830755
"LOC409497",81062.2841064567
"LOC113219059",2906.06269524065
"LOC100577401",105510.97492821
"LOC551953",79418.0127935295
"SsRbeta",16249.8920815313
"LOC102655555",4546.80962303697
"LOC102656107",57919.9776830724
"LOC552682",77834.0389116936
"LOC724872",29003.2330524518
"LOC551586",60016.9634293639
"LOC102654435",51485.7480779324
"LOC725686",56717.9039942824
"LOC551986",23203.5266830463
"LOC726321",230317.87894219
"LOC409057",6165.19717128172
"LOC107965107",37163.1730317067
"LOC724822",83020.1336913409
"LOC410235",16262.5917638058
"LOC102654079",9586.72269317161
"LOC412598",54272.7327392437
"LOC102654029",113549.791790118
"LOC726469",103619.699200504
"LOC102656106",29381.8013500782
"LOC102655223",19965.5775218704
"LOC408269",21188.4854229313
"LOC102654086",1692.26272231857
"LOC725536",45797.1832359415
"LOC102656733",37505.7895907863
"LOC724838",4362.47727551142
"LOC113218545",46640.5143152445
"LOC726470",1206.29892643257
"LOC409673",41680.5618659951
"LOC102656564",1334.73290582925
"LOC551231",77439.2534051607
"LOC724408",55987.2506376568
"LOC551488",22530.5029863082
"LOC412749",86959.0171166598
"LOC100577201",2023.10031310385
"LOC410175",108717.22411382
"LOC408284",36562.4989580135
"LOC102654388",8386.51385931497
"LOC113219045",27455.6795017508
"LOC102656008",2870.33992077307
"LOC410217",90202.0143513714
"LOC725422",28000.8943777349
"LOC724908",6813.99134359735
"CytC",201842.19632487
"LOC410006",1003605.73229081
"LOC410218",59192.1463529451
"LOC552143",30434.3060392709
"LOC408275",102073.569267108
"LOC726200",908.280049355655
"LOC100576452",2724.1411726007
"LOC550885",77238.7233014671
"LOC413758",110135.667984069
"LOC726017",228654.191511069
"LOC102656431",5487.30547045126
"LOC552681",85905.3012382695
"LOC100576472",70854.225970739
"LOC107965025",1683.76559713701
"LOC408302",54975.4008220004
"LOC726063",61533.1391206936
"LOC724151",51660.289699019
"LOC724453",85200.1084307542
"LOC100576565",42893.6670012858
"LOC100577690",23035.7597691892
"LOC107965125",1998.44262872336
"LOC102654938",14883.3464580659
"LOC408285",78016.8842336583
"LOC410184",35069.7061254934
"LOC410229",159265.435420696
"LOC550651",167618.871635441
"Dnmt1a",60953.7484558747
"LOC412864",92884.5781815245
"LOC102654285",42401.157276972
"LOC551980",60983.5163596369
"LOC726488",68898.250520426
"LOC552469",55515.4044406673
"LOC410001",617353.622838844
"LOC102656022",17193.6007337169
"Uvop",38487.2194066864
"LOC551682",80216.992040961
"LOC102655866",6103.85692809967
"LOC727275",38684.9392914383
"LOC408276",99853.7907054792
"LOC113219052",1097.84929040878
"LOC107965037",116584.570726621
"LOC100576882",452691.330527864
"LOC100577441",648.898049916233
"LOC725654",120272.979197619
"LOC413510",163374.272675997
"LOC102655648",54993.3711245939
"LOC725350",1432.46886709456
"LOC726201",18316.8137981169
"LOC411785",69267.4496976429
"LOC551756",64776.3073373368
"LOC725681",114301.334487285
"LOC409552",160518.0478753
"LOC551496",44415.0592946487
"LOC726016",27619.3401195535
"LOC410178",291859.105048479
"LOC413441",53766.2667635866
"LOC410244",32022.8367023894
"LOC100576223",65764.0119577025
"LOC726241",84876.5356905477
"LOC410223",82745.0854170276
"LOC551724",101111.536019161
"LOC102654089",40644.8947268255
"LOC100577949",58668.265437225
"LOC100576217",29013.6908010553
"LOC107965021",19564.673468942
"LOC102655031",4254.56619991248
"LOC411506",58682.1909902832
"LOC409522",70658.8836798802
"LOC102655756",2854.09170194243
"LOC100577102",94524.4128420823
"LOC551787",65129.6830376778
"LOC102654990",1244.99252221991
"LOC413792",87259.6918329839
"LOC412526",90738.3110340857
"LOC725047",115922.122940513
"LOC100576715",1786.93406635496
"LOC412569",6124.43150658691
"LOC100577198",77725.2738925874
"LOC107965091",60944.640635747
"LOC412913",49193.0916621573
"LOC552658",57906.6243762561
"LOC410206",39674.0356916405
"LOC100577027",61601.9952997257
"LOC551784",61654.7916177323
"LOC725977",28098.9202945699
"LOC725082",33182.2786564913
"LOC102656404",14379.6794082208
"LOC113219031",18440.4416406603
"LOC552663",57012.7520521164
"LOC552556",19692.5047466388
"LOC414027",59167.6280257956
"LOC726546",24326.8448342805
"LOC725389",2089.58568805163
"LOC410222",346966.982965574
"LOC102653934",19032.6661169107
"LOC551360",125953.663902492
"LOC726270",146734.455943914
"LOC724683",44782.6244360502
"LOC100576103",3759.14687599239
"RpLP1",234476.252143788
"LOC551794",31191.7231611178
"LOC412627",23029.6440677622
"LOC725579",93566.1506327642
"LOC408292",71120.1724703617
"LOC724417",174048.939007067
"LOC413270",9884.98949223745
"LOC113219042",51168.7890709501
"LOC410200",50369.5182650856
"LOC113219027",34181.0760870025
"LOC113219028",10439.4869698146
"LOC409869",180735.44969463
"LOC552144",15428.0474657037
"LOC100577127",35026.7280642688
"LOC409390",456906.570412854
"LOC100577748",21604.2010707746
"LOC725562",77612.115623707
"LOC113219055",10497.7213704847
"LOC413504",136283.233412208
"LOC100577870",40053.2026760843
"LOC410122",355835.665344071
"LOC412051",74223.5812137757
"LOC102654349",2654.92866890821
"LOC408280",143371.135032366
"LOC410202",17922.9555891837
"LOC551589",49165.8268516161
"LOC100576417",42012.1803113722
"LOC724951",9287.13498496572
"LOC409427",70916.6783530269
"LOC412363",64200.6612459269
"LOC409499",38774.5768189012
"LOC552134",27762.5961990076
"LOC410246",140905.910547891
"LOC409395",130454.965246995
"LOC552722",81346.5996460302
"LOC413605",79040.3846660941
"LOC100577149",11884.990533596
"LOC411577",97768.9156706082
"LOC408299",162421.776204992
"LOC727349",89919.9095953291
"LOC113219062",21435.0790117669
"LOC551733",845867.234615099
"LOC102656356",6264.91181049319
"LOC100576140",61779.2478646274
"LOC410171",56928.2576523271
"LOC408291",44448.4331347297
"LOC410158",103553.740985351
"LOC100577017",188368.193346701
"LOC411414",37333.3445412014
"LOC409362",216679.540460267
"LOC410207",24990.2302641606
"LOC102656182",23002.0028849516
"LOC410219",57604.4015200841
"LOC113219029",11009.8350207705
"LOC100577188",81331.8712262441
"LOC410195",44710.8687048168
"LOC551072",41261.2566401623
"LOC724499",1659.25070482698
"LOC100576301",9485.33567338904
"LOC551372",22428.0177404562
"LOC102656724",3014.56989113825
"LOC411591",66694.9607735075
"LOC107965062",196822.414337895
"LOC412476",58113.8628484355
"LOC413702",49870.1430921152
"LOC107965072",69784.829606661
"LOC551587",7627.39194561679
"LOC409876",171654.195868922
"LOC410060",490350.795519218
"LOC727266",32428.1656220288
"LOC102655698",119005.386607934
"LOC551814",36304.7953975156
"LOC410205",53959.5257544977
"LOC551757",136800.034912057
"LOC725974",214973.654397503
"LOC107965043",49902.5236208849
"LOC100576572",43470.3877907533
"LOC113219061",30684.0618211742
"LOC100578011",25768.5149263043
"LOC113219043",689.032388710234
"LOC550998",70330.071460873
"LOC102655521",3040.80732554418
"LOC551999",102188.010800824
"LOC551763",89024.2054851304
"LOC113219035",1021.20999407666
"LOC409648",11493.5312546657
"LOC100578404",86136.8771944724
"LOC100576193",16357.3316585008
"LOC408278",238428.067356019
"LOC113219037",10231.7935501958
"LOC726326",46565.7643367551
"LOC100577856",8636.46323615375
"LOC411477",95218.3259669091
"LOC100578774",112302.41459167
"LOC102655064",4540.1272467966
"LOC413573",49225.6892123236
"LOC100576864",48999.4701796396
"LOC411335",39439.406724771
"LOC107964937",25147.1475206292
"LOC100576161",71996.2997718721
"LOC552289",80050.9186035325
"LOC100577409",122147.341261967
"Or115",496.411125371687
"LOC100578529",136986.512178904
"LOC100578428",19285.3497472972
"LOC724357",70618.0644640825
"LOC102653672",17194.345548898
"LOC552384",50914.0330234857
"LOC113218974",166980.814932441
"LOC412272",46518.5932180033
"LOC551373",42019.011597372
"LOC551554",64927.0314561998
"LOC727210",41046.9970959959
"LOC102656448",31715.2530215631
"LOC552433",54881.5173428565
"LOC411336",37389.4339305152
"LOC412679",58269.1223120691
"LOC412764",4997.5175465265
"LOC726137",50016.2826922382
"brp",396244.076878756
"LOC113219018",15740.6403227366
"LOC552514",50595.9632485656
"LOC725178",22659.4842764746
"LOC102656409",25257.1029764394
"LOC107965006",26753.2379468714
"LOC102656282",672.117609991492
"LOC725336",721970.49274224
"LOC100576355",56898.2952222463
"LOC102656685",53160.2550123751
"LOC100579026",862.137730379518
"LOC113218570",4218.92433452045
"LOC724583",20516.4737579775
"LOC724395",22292.4475852333
"LOC409790",36394.250556401
"LOC113219007",329598.355703518
"LOC409411",60744.9198633862
"LOC100578608",13185.3258568156
"Obp4",37981.1630542553
"LOC102656759",13078.9349108292
"LOC102656849",49196.1349845374
"LOC102654831",267724.252867814
"LOC725486",83006.1706066623
"LOC725807",73499.4962997388
"LOC726367",14074.2079152226
"LOC107964022",77489.1602098225
"LOC100576534",44147.3143688772
"LOC552341",81139.9084378765
"LOC411879",92099.5332533957
"LOC551265",40394.9885364237
"LOC409433",97063.0933000757
"LOC113219003",4485.21405513329
"CPR11",5754.60055690796
"LOC726818",14397.859582996
"LOC102655307",59850.4016592952
"LOC551604",40641.1467344441
"LOC552467",90945.0719177583
"LOC408980",40068.3784929635
"LOC102654507",278467.914401898
"LOC102653781",27687.2770189537
"LOC727324",11050.0453646254
"LOC102654536",2324.58037679324
"LOC409600",52469.2214169869
"LOC726030",111143.631252474
"LOC411297",89083.1310095902
"LOC102656577",84930.2177512352
"LOC727028",4199.53895051789
"LOC102656492",65750.490364156
"LOC102655244",60208.9955040622
"LOC100578227",18331.4848070288
"LOC409024",220286.77504757
"LOC113219011",510.183044098139
"LOC107964981",1582.25441245411
"LOC409025",21086.7909184156
"LOC107964958",351184.159259822
"LOC100579047",4030.90044854338
"LOC551133",35889.0792655991
"LOC113219006",8601.62171581506
"LOC409696",35420.7231645752
"LOC411306",84431.4183756602
"LOC551922",15928.2875597249
"LOC100576220",6683.98436613493
"LOC102654874",17950.2584672404
"LOC552291",48367.4618445546
"LOC409320",58275.9207076021
"LOC409000",415923.735736541
"LOC726001",1532.2360721658
"LOC552027",98614.1125118504
"LOC724873",61135.3314330011
"LOC409005",51658.8524865297
"LOC551996",38121.0523698038
"LOC726535",10185.4200418504
"LOC550692",57572.6339848603
"LOC113218978",14809.0720753451
"Pet117",18976.1647832422
"Obp2",662.201981707796
"Obp7",1332.66008453848
"LOC102653763",100898.018724739
"LOC552359",67351.3973956606
"LOC409515",100155.930823191
"LOC552403",68464.4376636688
"LOC100576679",227473.559155113
"LOC102655120",265984.658977361
"LOC107964939",2907.59382179128
"LOC724451",40652.9113362195
"LOC551264",45892.4845494418
"LOC107965854",35137.3020955474
"LOC552326",131190.755363088
"LOC412714",115744.52875426
"LOC100576640",57730.8957674022
"Rps8",246685.75531141
"LOC413030",45997.8322769701
"LOC107964003",5244.45228305896
"LOC413821",63097.624222307
"LOC412885",108781.266098726
"LOC552442",60834.7733140272
"LOC102655429",705.195028869704
"LOC411294",102575.83613021
"LOC551642",45530.9406928198
"Grp",5214.38663646544
"LOC102656483",8456.96850013986
"LOC411298",20417.562186752
"LOC102654629",25697.0712065888
"LOC724937",72563.7039877747
"LOC113219020",11304.0986718658
"LOC726639",7737.96741229092
"LOC409279",72237.0880207168
"NLG-3",492298.359725459
"LOC411832",233703.2045451
"LOC102656274",3848.06675307505
"LOC408986",65935.1150156236
"LOC100576439",74713.2171221607
"LOC107965007",4918.3698263359
"LOC100576348",87732.36708118
"LOC113218571",714.348346790577
"LOC107963974",7622.40632548907
"LOC413555",465595.795746217
"LOC726765",25321.799356428
"LOC411326",102103.549194145
"LOC102654316",15993.508810803
"LOC100577440",2536.63476807442
"LOC726077",59331.559819532
"LOC413181",47098.1636139398
"LOC100576610",45459.5983215509
"LOC113218539",44128.030784952
"LOC725031",127734.574411423
"LOC102655047",17107.1868065109
"LOC724269",501803.781141923
"LOC408976",233934.066139424
"LOC413692",48494.3489424572
"LOC411371",103587.535773423
"LOC102656114",4775.59302698781
"LOC727000",253222.697870357
"LOC409409",51966.4989632016
"LOC409249",86479.7762981607
"LOC102656398",4474.56853182737
"LOC411345",851814.859858395
"LOC113219000",1411.91197759602
"LOC113218993",7764.92206393642
"LOC727592",46526.8660122189
"LOC107964968",33600.6559113143
"LOC412446",62840.9869986889
"LOC552414",99643.7972502359
"LOC411340",3487.60917338746
"LOC726750",4845.20406432023
"LOC726626",58249.3098165301
"LOC412960",251594.687302425
"LOC412091",372994.162112403
"5-HT2alpha",81130.6749159369
"LOC100576369",168595.073456679
"LOC409599",116605.373202208
"LOC725335",4589.99214635579
"LOC113219014",8090.68260574842
"LOC113218997",37958.5972822361
"LOC409586",77146.5484662049
"LOC412025",45720.6558946833
"LOC725067",46897.9716872505
"LOC726981",666.077127562571
"LOC409217",89001.019979655
"LOC409465",74558.7171618589
"LOC727021",874.104377292541
"LOC100578726",57458.2459170501
"NLG-4",572465.507536892
"LOC113218989",15480.1655285935
"LOC724718",108813.475373698
"LOC727568",31977.0611071008
"LOC100578323",22728.1088090897
"LOC102656350",4142.73695651969
"LOC551227",77929.5619101513
"LOC413994",376630.958895961
"LOC102654750",16909.5848530782
"LOC408982",64947.4541156894
"LOC408992",504567.436072454
"LOC726721",100579.931397975
"LOC100578091",11650.5645836629
"LOC107964934",9160.34573602192
"LOC409085",70430.5229279168
"LOC552386",75219.9844007512
"LOC550684",42344.2482272534
"LOC725302",7874.00549778205
"LOC727153",49838.1635023417
"LOC725969",647.026249864258
"LOC411846",22669.3208203024
"LOC724936",66895.3318248392
"LOC726850",3872.46336060292
"LOC409186",63997.0685267055
"LOC102653654",12552.3167796812
"LOC100859932",319520.470354423
"LOC100576813",8390.30092343126
"LOC724178",206679.722359586
"LOC552643",65710.1942494343
"LOC551093",139761.894752032
"LOC726991",158282.466930764
"LOC107964975",5208.80435308208
"LOC409310",60666.7786311201
"LOC412961",97966.271536876
"LOC409017",65545.1014192767
"LOC102654791",83137.118942739
"LOC102654053",657.132190031731
"LOC411822",73722.708036484
"LOC726515",33856.3857232127
"LOC408996",150574.277241382
"LOC726958",56873.3223177977
"LOC726444",54971.5411003591
"LOC411305",30513.888434379
"LOC408988",457177.976740576
"LOC726608",73137.8733004009
"LOC552693",98623.7892615818
"LOC726288",19388.1494142644
"LOC411343",147675.877138676
"LOC100576192",1122.1814654724
"LOC552798",67219.7953651386
"LOC102655897",10120.5910742244
"LOC100578093",26192.0650761432
"LOC408989",25470.4197033013
"LOC551445",38698.8689309878
"LOC100576876",88355.23023948
"LOC409231",81136.8725193343
"LOC727010",3050.82634813962
"LOC409365",72948.8625702944
"LOC107964955",29001.6700792372
"LOC102654585",41925.896045105
"LOC725026",1971.46193549369
"LOC552484",69727.9508550962
"LOC107964964",17821.9807191386
"LOC726361",14382.8784805727
"LOC113218988",361.35559976748
"LOC107964950",158492.416062525
"LOC100576504",24561.4674959425
"LOC551576",48870.0755756334
"LOC726860",31004.7996063099
"LOC411315",296840.395096432
"LOC408391",45100.5343812906
"LOC552345",109028.268325959
"LCCH3",98701.5156529373
"LOC100578713",36359.7414633428
"LOC102654691",160377.591088965
"LOC102656465",142862.201723209
"LOC552778",93037.4607418322
"nAChRb2",5525.78101722723
"LOC409262",40370.6426315914
"Para",479970.658314727
"LOC724895",21375.2848230576
"LOC725598",51366.7681862033
"LOC100578763",36163.2260081253
"LOC107965829",1484.43542194588
"LOC100642173",43124.1522495354
"LOC409007",177020.539119056
"LOC412155",68955.1769417308
"LOC113218983",63121.3122524057
"LOC410063",24259.4860767062
"LOC100576702",10136.942801646
"LOC725557",534208.700651135
"LOC113218543",2401.37751330708
"LOC408981",116041.450597075
"LOC412768",423.470013022603
"LOC552476",62556.6910974495
"LOC100577561",34105.778483962
"LOC409281",96481.6070297046
"LOC551972",56081.3193950834
"LOC107964944",1541.402649264
"LOC410012",95175.2372515947
"LOC413917",44321.9156391107
"LOC726629",906.665321365599
"LOC100578130",2086.73076994347
"LOC102656006",81218.9719067379
"LOC411295",126032.621166958
"B-gluc1",27805.6815211811
"Lin-52",36752.439581322
"LOC725024",455453.934380516
"LOC552217",3563.24810219679
"LOC113218994",18747.9477891567
"LOC413768",11922.8110455426
"LOC107965005",584.032890538392
"LOC552487",62893.4097887911
"LOC411301",23115.5873247142
"LOC408985",33694.6768016682
"Obp5",4543.88080221142
"LOC412767",1414.22700986081
"LOC724315",366908.98252948
"LOC411503",54951.0906824066
"LOC726197",65949.2579148415
"LOC413274",71686.1714289258
"LOC551097",51744.8500987414
"LOC100576271",38610.9399304947
"LOC725710",16933.8710599808
"LOC409602",2496.51757830535
"LOC113218975",26987.1077710536
"LOC727173",159362.62557187
"LOC411833",63579.4699409314
"LOC412276",39153.4777154707
"LOC100577988",57983.1925790837
"LOC409741",82688.653650827
"LOC409804",213204.388089707
"LOC107965000",20762.6000673041
"LOC726167",72707.2369664193
"LOC113218998",32445.1014959885
"LOC413382",551888.475494102
"LOC411293",78565.5594694335
"LOC724267",76888.5528679822
"LOC107965817",42820.1402107041
"LOC412762",33889.7413273552
"LOC100578798",1509.16333809387
"LOC409144",71264.8392989101
"LOC102654076",20393.7686931237
"LOC726289",154020.711343216
"LOC107964997",598.514642016373
"LOC411447",88882.1850366169
"Rep",247769.914871654
"LOC727599",59203.1053310713
"LOC550822",52013.8606315768
"LOC102653793",75730.2370268995
"LOC113218980",474221.44178708
"LOC725227",30628.0742510903
"nAChRa1",259667.09992713
"LOC100577667",18112.9567631102
"LOC100576170",632.503534329034
"LOC725076",146410.734332961
"LOC411653",260979.986876801
"Cox6b1",126741.78722506
"LOC107965011",2620.27675858546
"LOC724440",121777.240941827
"LOC411299",86344.3728239704
"LOC412770",73309.909547681
"LOC411304",43764.4831909616
"LOC551907",76550.9449707757
"LOC552228",156139.310833213
"LOC412629",56077.0287107031
"LOC411296",3327.90271263489
"LOC552462",39716.0995317702
"LOC725595",36572.9867968759
"LOC724787",132745.081156982
"Rpn1",82492.1933417863
"LOC100577151",18387.2447249898
"LOC413984",104537.665921134
"LOC411923",64123.4695058328
"LOC726213",55823.1296958019
"LOC409001",131239.921154014
"LOC724358",9636.57173080546
"LOC102656893",41804.2023407144
"LOC726382",34860.5793518868
"LOC102654541",19178.5054557253
"LOC409232",180528.175466703
"LOC552421",62093.9861254118
"LOC726796",1945.42002665125
"LOC727630",146867.355554038
"Obp3",926.930468846812
"LOC100578212",36490.2990474626
"LOC411307",22363.651029483
"LOC413256",168012.351169463
"LOC411358",6425.10147636571
"LOC726642",88619.7753751862
"LOC113218976",7299.73871645009
"LOC725634",60489.1535982981
"LOC725842",2684.81431077867
"LOC409019",33998.6710770804
"LOC409010",65959.9509658226
"LOC100577358",22382.8080711111
"LOC724138",286058.092674194
"LOC726029",34758.7589490384
"LOC102655357",36881.037303617
"LOC409020",403702.377166502
"LOC107964990",61546.6004365839
"LOC726662",47109.611778533
"LOC412011",238316.45165538
"LOC725558",89315.9867863953
"LOC724477",4221.97641107431
"LOC552273",47814.6503217246
"LOC102655900",4326.94518275258
"LOC726880",35715.9698708725
"Obp6",12267.1632723155
"LOC725766",572.302845337234
"LOC411476",71658.4819805885
"LOC408987",113159.414280066
"LOC107964959",98548.3012555699
"LOC107963984",12927.6012317616
"LOC726740",29822.9072668451
"LOC113218979",59582.70940708
"LOC102655174",7669.05289048669
"LOC107964994",68857.2029226315
"LOC412291",78230.0502242914
"LOC412688",98622.1942411549
"LOC100576902",58110.7692359565
"LOC726619",49581.0886594171
"LOC100578842",3246.82871529803
"LOC100577266",25024.1470280645
"LOC550780",73902.2147938667
"LOC550924",34477.8878489365
"LOC552524",50583.6772537947
"LOC551433",100640.99069949
"LOC113218990",5377.06080304683
"LOC409805",29703.4443755898
"LOC411330",9190.16025588048
"LOC409357",54226.9318918529
"Dop3",941538.263170458
"LOC409004",205324.334163643
"LOC408990",25862.7324115143
"LOC724663",70371.0910287623
"LOC412665",42444.574219646
"Usp",152412.057183267
"LOC113219015",53406.3081993899
"LOC107964977",10960.9818973492
"LOC100576935",17534.7100612782
"LOC113219002",22212.5271753143
"LOC727552",36405.683809748
"LOC100576167",1257.86444993295
"LOC727278",81657.9129790356
"LOC411936",57259.9227501572
"LOC100578354",23518.6529076674
"LOC552066",45215.4280013393
"LOC113218991",46177.3855942705
"LOC113218995",48406.9547805137
"Nrk1",35355.9876271643
"LOC102656780",2464.31927361476
"LOC552216",8376.7899506776
"LOC102654795",13642.0209181582
"LOC102656198",40596.9493329705
"LOC100578732",1277.26104232044
"Tpx-4",41094.6429643626
"LOC725903",3007.23604833108
"LOC411347",672006.750999775
"LOC113218544",94828.6734222283
"LOC107965832",27270.5844906571
"LOC102654579",65848.247080753
"LOC113218992",28470.5683546692
"LOC102653673",1524.4734629947
"LOC725938",86144.1817956043
"LOC552515",81142.7097063563
"LOC113219019",3206.7194205918
"LOC408983",47618.2220000938
"LOC725372",24159.2956918848
"LOC102654439",36914.2122135376
"LOC100577196",61497.3300591316
"LOC102656497",460.455637359352
"LOC727157",18744.2621246213
"LOC102654498",2656.5549373067
"LOC409016",260811.881906528
"LOC552340",310067.907917612
"LOC552173",69113.347615653
"LOC412763",14497.0372041885
"LOC412787",121328.964199585
"LOC102653932",702.759022907421
"LOC409267",128559.739208065
"LOC102654952",64804.7002062033
"LOC102653834",26785.1682728574
"LOC107965793",59981.2033879255
"LOC724177",285632.83432718
"LOC412647",84678.6740059021
"LOC411316",22178.1339833902
"LOC551305",38290.1232614788
"LOC100576085",90093.2083326851
"LOC409006",123718.626194949
"LOC409015",148745.573183843
"LOC102656614",442.847720800717
"LOC102655512",514.660609532164
"LOC408991",102223.501629637
"LOC100578664",3454.86672833351
"LOC724520",2909.5618776552
"LOC726934",2876.44503243225
"LOC725596",155709.610792113
"LOC100578699",2852.00062716919
"LOC100577252",25764.2452396277
"LOC412289",62171.2366052999
"LOC102656311",68697.6529153305
"LOC100578770",3506.37809316032
"LOC100578430",2771.6346573392
"LOC409022",119643.994131708
"LOC411320",23456.7182301256
"LOC725970",542627.831784386
"nAChRa2",82473.8175222303
"LOC100578345",136405.47807911
"LOC411491",38740.7999271204
"LOC552235",82648.6100378858
"LOC102655319",6886.6146963454
"LOC552401",41954.0449008388
"LOC552803",27987.0957126748
"LOC551959",21686.6628592731
"LOC100577998",173827.855172163
"LOC552546",8313.80235708189
"LOC107964976",5014.45678076903
"LOC409002",438.47928521135
"LOC102655639",51465.4230773807
"LOC107964998",66774.1884760531
"LOC409420",55616.2653726515
"LOC409023",35042.323111918
"LOC725671",12964.1159933328
"LOC102656074",296517.847578134
"LOC726638",46015.2899620724
"LOC726106",184812.94683501
"LOC409073",67224.0672937231
"LOC411291",14202.2984489981
"LOC102656773",2554.1355717819
"LOC113218985",40313.3122781451
"LOC412784",65757.2791989348
"LOC726215",86527.3171469495
"LOC100576261",45532.1056091563
"LOC551936",23490.6843666303
"LOC113219009",3257.49624112156
"LOC100578512",2816.32936590154
"LOC107964972",58074.7984514707
"LOC113218999",21224.528907625
"LOC726950",2621.28688045667
"LOC411317",5124.23123301551
"LOC409388",37790.0714130794
"LOC552674",67029.5598707033
"LOC412467",45284.6267283365
"Psq",100786.945992905
"LOC411327",34742.664381992
"LOC411338",45780.7140479131
"LOC725136",57638.157345195
"LOC412815",120641.81210017
"nAChRa9",1959.82765800139
"LOC412510",62696.862773828
"LOC113219012",581.472401880594
"LOC412318",42518.7930284378
"LOC102655945",4053.56679234318
"LOC107964982",2653.16007151326
"LOC409268",94272.9333383075
"LOC113218982",63743.5506948414
"LOC726941",89958.3425173145
"LOC113219008",21899.5170683687
"LOC412880",56495.281852561
"LOC113218977",1116.63054822998
"LOC411837",47428.6611444394
"LOC100578400",3341.67168804773
"LOC411450",48922.0148878533
"LOC552245",38778.8841869902
"LOC113218987",52505.5913331246
"LOC724616",11184.3974819137
"LOC102653713",38736.5704864509
"LOC102655188",71406.3117089265
"NLG-5",545887.631315372
"LOC551930",377309.699177065
"LOC107965827",51470.8257462271
"Gpdh",136682.567898689
"Amel_8916",90893.8207358941
"LOC411845",48472.5337198632
"LOC102654158",403.426106555656
"LOC411344",581978.237172828
"LOC552561",14929.5569957262
"LOC102654246",859.015224571917
"LOC411922",55871.5780136523
"LOC411924",69524.9971772803
"LOC725563",87175.0816909419
"LOC100576187",116085.154698964
"LOC412769",16079.8047335034
"LOC102656567",2227.98782385089
"LOC725264",508091.681021602
"LOC552529",61907.828169691
"LOC724356",137444.422708407
"LOC113219016",24225.8580087685
"LOC551523",101053.047290232
"LOC411542",77797.0834655984
"LOC411960",83654.2762998419
"LOC102656338",34096.0571729789
"LOC409011",42195.5927100546
"LOC408979",86781.5979532611
"LOC100578597",87386.6437106302
"LOC552793",66055.6145156592
"LOC100576436",84332.0600655689
"LOC410062",124175.190457234
"LOC100577999",15898.8191482707
"LOC406152",67043.9567999446
"LOC411744",149034.4884938
"LOC411490",102157.008028105
"LOC550940",65718.5118177016
"LOC552749",87301.2289338749
"LOC551880",85461.8931980336
"LOC552499",35901.0119866577
"LOC552642",49591.3772254923
"Per",127779.688113311
"LOC413660",56963.856848812
"LOC100576825",9536.2876222481
"LOC412157",97266.7311539701
"LOC411508",53914.9164367652
"LOC409540",86544.1456732494
"LOC113219165",6418.32766976491
"LOC412731",71012.1081869793
"LOC100578628",47402.4018614094
"LOC107965375",75786.8057628919
"LOC409881",2601.00397133192
"LOC410357",41386.1887598604
"LOC725268",65765.3514509104
"LOC409954",176783.098236809
"LOC409285",77773.6344607952
"LOC724912",75954.2185034847
"LOC410353",2112050.04058893
"LOC411361",104512.618626428
"LOC409208",28125.4940351558
"LOC724203",68849.6569187278
"LOC724546",32348.6902856571
"LOC107965385",472.107174084547
"LOC100577755",3728.12281244666
"LOC113219151",43503.8376946621
"TpnCIIIb",42469.8030440934
"LOC102655041",20986.6488474062
"LOC411812",284073.881039899
"LOC412742",72806.8798461979
"LOC113219150",15585.1068069366
"LOC725656",69077.8367605665
"LOC107965314",75283.247848528
"LOC113219157",4444.49976304196
"LOC725353",713.902445422554
"LOC412460",50939.4603992488
"LOC413064",32651.4570021553
"LOC726039",35173.2479938548
"LOC413450",58488.3502009815
"LOC113219152",3603.38521972161
"LOC408394",18120.100863483
"LOC725465",41511.0982618649
"LOC410393",619079.315194533
"LOC410059",88998.2435574559
"LOC107965378",12605.6159524389
"LOC551410",42012.9103337347
"LOC100576940",8202.1460061225
"LOC551549",66440.2237302045
"LOC100578276",1378.61392740264
"LOC408381",169000.926653311
"LOC410387",61698.3147455076
"LOC107965308",35278.7685507536
"LOC410167",19588.5975358486
"LOC551765",13027.5445162158
"LOC413840",58297.1018830676
"LOC107965377",1624.93532673396
"LOC107965325",64869.8848068113
"LOC102656500",28690.5123303631
"LOC410354",53051.0085503656
"LOC102654911",54057.5854444311
"LOC100577024",2446.1532682464
"LOC102653773",26478.2327556741
"LOC726433",12534.7700831433
"LOC724142",83607.1144020292
"LOC551490",848665.057695532
"LOC725197",57405.3041182181
"LOC102654184",16459.1881246423
"LOC409098",68629.682315588
"LOC408371",59847.342482393
"LOC413123",70747.5131100364
"LOC100578814",5315.65096067796
"LOC100578936",29826.4571145214
"LOC100576992",2567.19544271587
"LOC107965307",3179.67897788528
"LOC724418",953.866708399354
"LOC409108",505480.821077221
"LOC551870",86595.4355004105
"LOC727496",20087.586665524
"LOC100577673",96280.3189441788
"LOC113219145",2691.94728030995
"LOC102653922",90318.4244832859
"LOC409783",320302.957948588
"LOC726193",1431.97507814333
"LOC412452",50687.2934474704
"LOC410388",81604.2254773069
"LOC552329",56805.592072006
"LOC412611",37168.0676611449
"LOC724291",1754.19976625237
"LOC724802",48643.2585009841
"LOC724959",103009.759657512
"LOC552694",182426.867038454
"LOC411622",963.4057479282
"LOC551325",177735.888559808
"LOC725618",63287.9118641529
"LOC100578121",48791.4207739021
"LOC410148",21246.171085383
"LOC102656016",6778.57496856595
"LOC100577737",52413.4739129059
"Fibroin1",26215.784616878
"LOC724772",639.270657086766
"LOC100578562",22020.8796094728
"LOC102653716",2245.6097962584
"LOC413224",260725.217944252
"LOC100576705",2915.01330792149
"Fibroin2",1215.44029175168
"LOC551240",54659.1405452653
"LOC409539",275527.984343532
"LOC412326",48562.8679024221
"LOC107965335",12130.3859104753
"LOC102654409",3407.25721506066
"LOC412180",41028.118658947
"LOC409892",59047.2110775417
"LOC726032",219378.221379676
"LOC408374",338187.380431865
"LOC413842",57895.2630683299
"LOC725500",27277.7719179076
"LOC100577381",406.138723188519
"LOC726471",4804.62001997989
"LOC724407",89359.4331783829
"LOC724202",3949.05112491087
"LOC551753",88357.802948677
"LOC408390",28540.2071385796
"LOC412862",30205.5621388825
"LOC409915",69295.3753548191
"LOC727237",8938.81729434665
"LOC410355",42240.8478612092
"LOC102656885",5086.79739304342
"LOC408395",4226.29144772473
"LOC410386",114346.232047232
"LOC551427",64776.0480931154
"LOC102655718",16782.7735135196
"LOC551869",112739.466671632
"LOC724913",51922.1173224245
"LOC113219154",431.086633604945
"CYP6AQ1",1630.68279435694
"LOC100578829",7039.78687873471
"LOC412085",55548.4772900532
"LOC409554",94580.4602356404
"LOC102656160",593.341128690838
"LOC409247",77435.286268739
"LOC552711",8636.9104521361
"SIFR",410584.947018082
"LOC102653810",7255.43725795663
"LOC411789",98448.1260958055
"LOC726524",235076.766667102
"LOC100576227",55534.716553293
"LOC413223",71863.6531171033
"LOC412065",33565.9032413254
"LOC412741",75107.9435557069
"LOC413714",35980.0135515794
"LOC107965322",54914.4706452906
"LOC102656387",12926.8982060932
"LOC411378",20783.5898434683
"LOC410398",144939.952916795
"LOC412788",10550.9109501505
"LOC100576951",52715.0092563356
"LOC102654806",3589.55107620101
"LOC550829",82777.6537565058
"Fstl5",184988.25597671
"LOC551625",34905.2895353542
"LOC100576919",51497.616755783
"LOC102655123",66076.316007106
"LOC409955",47730.5399977699
"LOC552247",75471.3468300357
"LOC100578329",10260.2004114025
"LOC725085",574.963398716561
"LOC100576546",9710.32418537064
"LOC100578102",765614.495283823
"LOC100577913",94257.6646404914
"LOC725617",50770.9515859542
"LOC411538",40382.1117565563
"LOC113219161",6710.75486835567
"LOC100578818",163382.800253936
"LOC410371",224994.095075117
"LOC552110",45363.5815587344
"LOC107965367",20091.1049577621
"Cryl1",51923.927633249
"LOC409439",72258.6018977315
"LOC100576956",239792.087271004
"LOC411510",32572.0882726439
"LOC727130",71995.2925972082
"LOC100576840",58984.2203848204
"LOC102656473",18947.5055169915
"LOC724292",779587.172872007
"LOC727612",50551.8686244615
"LOC412564",81596.5670066143
"LOC100578367",7567.49971165237
"LOC107965340",20582.8286442133
"LOC725246",6853.79261613424
"LOC113219153",568931.17409456
"LOC552755",50197.0714770381
"LOC113219147",18506.71541837
"LOC100578805",56761.9054090909
"LOC410369",86078.4750589723
"LOC100576619",90674.2076228384
"LOC551884",69630.0298925169
"LOC551695",112595.325403388
"LOC408387",87470.8144107957
"LOC100578238",75495.1507239866
"LOC100576212",2989.34158622864
"LOC102654183",1143.42741417577
"LOC551198",72509.6659462659
"LOC413539",82941.158697804
"LOC113219148",4312.89068920281
"LOC100576513",365.246585605603
"LOC412797",1702.6189549534
"LOC102656043",5620.95456107973
"LOC411509",25732.6198665577
"LOC724911",1544.45202300023
"LOC100578526",26445.226316636
"LOC413709",66690.9628283754
"LOC102654959",288008.950727404
"LOC410396",63179.5261802552
"LOC107965360",4420.21308999939
"LOC412735",125556.980838087
"LOC410380",112632.352603314
"LOC113219160",4423.56382025441
"LOC102655824",18453.6542292309
"LOC413369",6658.541224585
"LOC100576630",14589.323914699
"LOC551737",2952337.95897674
"LOC100576302",15760.6696986427
"LOC726580",61765.3559897174
"LOC408373",57255.2916864039
"LOC410149",11173.5990321977
"LOC551591",81591.0699995074
"LOC113219146",2092.97007412017
"LOC727106",72442.1233170121
"LOC410365",80834.47183876
"LOC107965387",6928.69868169256
"LOC551649",2554.25875153197
"LOC412570",36556.6349703253
"LOC412630",33434.9825682914
"LOC552190",9062.87960124783
"LOC410368",15297.8756122153
"LOC724243",590379.484933578
"LOC102655436",6935.8782161575
"LOC727473",70058.9295575942
"LOC410385",59621.5733950235
"LOC551103",83311.8203082893
"LOC724462",3353.41225758571
"LOC412878",501800.888218442
"LOC552534",105888.188319233
"LOC552347",32893.6452683711
"LOC408388",220585.348336155
"LOC551963",76478.1756611402
"LOC411488",50985.6091692678
"LOC409379",90235.0570504179
"LOC725690",1786.90694269784
"LOC552397",284175.754686028
"LOC410381",36193.66162009
"LOC725086",47117.0605706839
"LOC727561",43361.75764443
"LOC724801",43776.6696208635
"LOC113219158",10262.4178070173
"LOC113219156",148417.898941939
"LOC100576373",41319.7448350124
"LOC724642",17941.9343178743
"LOC113219162",177784.255269368
"LOC726758",6580.72486573222
"LOC100577559",27796.2435069038
"LOC408392",74919.0924622405
"LOC409778",229398.947342213
"LOC726065",190809.266014232
"LOC551738",44559.6632637765
"LOC107965323",12550.9765456864
"LOC551677",73170.3637483638
"LOC102654686",10373.3334293123
"LOC107965336",54141.0868102411
"LOC102654211",13379.281077203
"LOC408384",44241.4086010089
"LOC551474",57279.775823436
"LOC410394",46349.3835322344
"LOC412260",79997.816931306
"LOC551201",110821.546940667
"LOC102656170",1501.92267398929
"LOC409959",45010.2058423538
"LOC552265",174753.478687095
"LOC413222",83728.9124356234
"LOC100576543",42566.7749981102
"LOC408370",23082.5840191323
"LOC100576458",11241.3931650926
"LOC113219166",14703.6149279075
"LOC102654992",24645.9852035812
"LOC102654968",40338.8741350738
"LOC113219167",2983.56874763793
"LOC552725",35447.9366198464
"LOC725309",514.237431953067
"LOC107965803",2236.59515037727
"LOC107965348",7363.00792747364
"LOC412399",85133.7401426719
"LOC102655631",11822.3853214904
"LOC412884",72308.2465296402
"LOC102654436",26742.2653338917
"LOC100578613",9273.09402875951
"LOC412148",31325.6025984314
"LOC100576839",3767.91118531734
"LOC107965384",1405.34774788234
"LOC552108",66501.7004928276
"LOC411813",114696.952912726
"LOC100578014",78729.7905851196
"Or109",709.674875594666
"LOC100578209",45104.8286617957
"FAR1",111990.26222076
"LOC412351",29183.3991297067
"LOC410379",174701.878008181
"LOC413398",48655.5417011409
"LOC413732",79908.0101964423
"LOC725855",55775.641202794
"LOC107965359",938.413812130188
"LOC100576774",79163.8850398199
"LOC102655102",9233.03412996916
"LOC408393",644790.447779777
"LOC552121",45457.1158265469
"LOC551608",80644.1207592941
"LOC726204",101713.137158953
"LOC100576769",447.92271453828
"LOC552712",42005.7300979916
"Or107",1221.53115349392
"LOC102653958",1709.94375093765
"LOC408386",73355.7610126128
"LOC102653706",2975.83421583159
"LOC414035",47257.910237317
"LOC727050",17556.7443585836
"TpnCIIIa",28236.5299641346
"LOC724999",93256.6414529292
"LOC552178",32487.9810141301
"LOC102655710",2065.82800753208
"LOC102654936",2510.79361735463
"LOC102656838",4172.04591436535
"LOC413753",103746.622371454
"LOC725498",23542.9013424123
"LOC102654867",2592.84362360256
"LOC100576484",64082.8191495952
"LOC113218527",1692.20494980383
"LOC724712",27779.6730732462
"LOC410370",1811.94431553502
"LOC724590",3308.45745004184
"LOC724843",96902.0254239719
"LOC410395",115644.815999464
"LOC551284",47698.5708099482
"LOC551859",933726.116318867
"LOC552286",52722.0314854021
"LOC551426",43903.0853304132
"LOC107965349",1166.03279956419
"LOC409041",44587.5057496114
"LOC102655405",31644.2487794024
"LOC413210",34675.9542521518
"LOC107965310",37129.6711213617
"LOC410361",53002.8627446337
"LOC725052",1248.32843487067
"LOC552699",88972.6611002896
"LOC413296",195158.962548518
"LOC102653865",955.894816532505
"LOC410019",128473.908862876
"LOC100577888",4491.67354397845
"LOC725157",29653.21657381
"LOC411699",67017.7727718649
"LOC100578473",46400.8448275103
"LOC725541",2369.90348464605
"LOC100578502",1276.46490849042
"LOC107965317",1325.94073378052
"LOC113219163",356.491161364824
"LOC552705",52638.0003992384
"LOC725642",40554.5410325571
"LOC412116",62853.861157503
"LOC410166",49487.8175426383
"LOC724727",116565.289654251
"LOC409831",73497.5912387428
"LOC410042",6658.42038937203
"LOC413297",44182.3735407901
"LOC107965368",5755.99203732687
"LOC107965353",8615.51740358205
"LOC100577359",940.685630687383
"LOC107965338",5704.03493068017
"LOC107965363",7141.322810397
"LOC410363",144817.230924624
"LOC551094",3997.95381055925
"LOC727490",52104.924841504
"Fibroin3",354.906516314689
"LOC551759",14732.2724239717
"LOC410362",463870.183183818
"LOC726092",32150.3994713493
"LOC552268",31408.4952273606
"LOC113219144",3497.06618082552
"LOC552070",38236.0700017525
"LOC552084",32015.8177027982
"LOC102656410",3211.17077892357
"LOC550854",33471.195511925
"LOC724943",76157.4940876861
"LOC726782",52717.7715070337
"LOC102654437",4628.33645884036
"LOC551350",87648.7826941602
"LOC726709",162508.381395527
"LOC100576903",5642.65786122872
"LOC102654012",47564.5239378553
"LOC725156",73722.0876251891
"LOC100577829",47928.7209233592
"LOC100577908",3947.27612645873
"LOC411852",37900.9123385922
"LOC410390",48622.1440003982
"LOC727110",22602.3649616711
"LOC100576422",59209.9771144683
"LOC725783",2854.25245495893
"LOC412744",24270.8913319486
"LOC408372",3197013.91949282
"LOC552488",90378.9927522799
"LOC113219149",230641.055704636
"LOC411807",20186.4315910061
"LOC413553",4813.1232263422
"LOC107965355",762.951310585126
"LOC100576246",3870.1116534957
"LOC552317",63369.1997034675
"LOC100577596",2533.91720602025
"LOC107965318",1139.67528388233
"LOC410373",617172.085591372
"LOC724710",66178.8945722297
"LOC100576282",3676.4399772845
"LOC409168",40258.4282648867
"LOC100578660",117961.927198886
"LOC725187",90802.9048326723
"LOC409145",36600.9030453128
"LOC100576488",881.917486155704
"LOC100577202",6587.42445711086
"LOC107965316",553.193317983068
"LOC100578548",1931.40722231818
"LOC551034",33571.0938241558
"LOC102655922",350.209016877031
"LOC552742",66495.4871530425
"LOC551200",34280.6791888854
"LOC100578927",55700.2802275319
"LOC412635",52012.9276954416
"LOC107965350",2319.00129422912
"LOC100576266",66255.6411732129
"LOC726789",241751.370949416
"LOC100576428",255628.731393816
"LOC113219159",947.100200062783
"LOC726247",70428.5212998969
"LOC551248",98425.0204633423
"LOC552156",52822.4670331422
"LOC551590",52305.0602569417
"LOC410383",65694.1296452826
"LOC100577487",7007.99701765401
"LOC113219155",4202.72408412345
"Fibroin4",1177.54044511089
"LOC107963967",2901.70223532961
"LOC724988",37245.6886590455
"LOC551857",63506.8491967071
"Ef-1a-f1",187705.518912161
"LOC551033",103094.140671795
"LOC409342",41653.9597019129
"LOC724242",276182.937612294
"LOC413947",137836.250968569
"Tspan6",77386.4541442345
"LOC413125",586380.002021811
"Obp12",15578.9126440547
"LOC102654078",4699.44264149486
"LOC410058",12820.5099995235
"LOC551913",25346.9154419066
"LOC552718",91839.5015594633
"LOC409483",45500.1685579107
"LOC552170",46787.8772815693
"LOC726802",8066.34683867212
"LOC726929",12092.0378748258
"LOC725196",26814.0146250346
"LOC552765",93042.3085603321
"LOC412309",43786.1967635119
"LOC102654492",2026.16725309182
"LOC410402",10469.5551022013
"LOC113219195",25355.7662752584
"LOC102656439",21933.2919706414
"LOC100576758",374.58748889762
"LOC411843",121488.307606663
"LOC413266",67382.8646371545
"LOC725501",314037.484118816
"LOC410434",41766.9976305529
"LOC413491",5947.14515015893
"LOC726597",9312.33303567793
"LOC102654683",3853.2584869948
"LOC102656087",43909.4995255663
"LOC551116",29478.8371106571
"LOC102656452",13652.7054727622
"LOC113218574",847.07047460067
"LOC100578263",12524.4353669222
"TpnCIIb",14469.4021690426
"LOC107965418",1264.3376108113
"LOC552686",54156.3860310401
"LOC102655167",673.316809134875
"LOC102656271",80980.0147904364
"LOC410432",3844.09653509248
"LOC727025",80215.823791513
"LOC410413",73110.1532844517
"LOC408406",70961.8509173176
"LOC552256",45302.0049173335
"LOC552578",106407.946987247
"LOC409187",77825.7896617077
"Ripk5",78977.5492975438
"LOC727444",105306.854288026
"LOC102656111",4140.72678169262
"LOC411805",92939.4447622581
"LOC724205",78259.7253430634
"LOC113219183",476891.283431989
"LOC410423",150319.818912986
"LOC724644",290668.302019706
"LOC551149",66313.2380737227
"LOC552146",18272.3327741377
"LOC725247",33797.347104565
"LOC408412",64318.9252480563
"LOC724643",33762.5744731369
"LOC413549",31165.2435376815
"LOC113219203",294.976557954993
"LOC726434",986.721473173638
"LOC409714",214082.200610462
"LOC724946",844.678972631534
"LOC100576555",12374.469191026
"LOC102653615",397.965209049492
"LOC724548",179198.807785705
"LOC726391",14873.4591145518
"LOC113218526",16460.8300277896
"LOC726648",4320.25771770593
"LOC100577515",43583.7715292562
"LOC550732",364836.292058878
"LOC100578674",64582.8999422601
"LOC411396",212207.882734454
"LOC102656244",28669.0582476763
"LOC409715",26116.7251848043
"LOC726329",2710.59852358133
"LOC726598",34593.7650136629
"Eth",842.801444769423
"LOC725290",249971.861188078
"LOC100577348",17515.7096054166
"LOC102654023",55493.0968858867
"LOC113219199",16898.713793694
"LOC102654588",11667.3380718718
"LOC113218532",4847.77803578878
"LOC107965826",4416.3958792792
"LOC726696",10882.8985079681
"LOC113219201",1954.88885974826
"LOC408429",351479.39295243
"LOC102654865",28349.4441142795
"LOC102653890",22805.9453129804
"LOC410420",28515.5363414998
"LOC726736",89148.329930044
"LOC724463",23357.6655345164
"LOC102654165",115865.891395243
"LOC410428",37303.1656447129
"LOC100187599",37001.8480198904
"LOC725925",40058.9611032042
"LOC100578751",936.257144345236
"LOC107965401",5845.81447761848
"LOC100577013",18757.731593115
"LOC410468",73643.986510589
"LOC102655268",8191.0222379203
"LOC411568",49606.288370126
"LOC726456",197111.590631931
"LOC410103",62884.8621010634
"LOC100576671",172715.452756587
"LOC102654964",42316.8543500889
"LOC410422",15529.2928783133
"LOC100578023",18356.268724938
"LOC100576617",10134.2031413067
"LOC102654929",3428.26110369035
"LOC100576843",30081.1868481118
"LOC552354",69186.3207536504
"LOC100578853",51417.3157125037
"LOC726790",41249.2162715202
"LOC408434",45554.0279131734
"LOC107965449",42671.3935203307
"LOC102654734",17385.2332042855
"LOC100578442",10859.1493257797
"LOC410465",1692.96184978971
"LOC408407",55584.1934090785
"LOC551812",69438.9516870485
"LOC100577092",376011.847782392
"LOC113219202",16422.3390456864
"LOC551796",136961.915548585
"LOC551895",92019.6920736912
"LOC100577543",9525.66615492394
"LOC551822",79550.3420826523
"LOC409676",97428.2069253961
"LOC102654950",58948.633234042
"LOC100578992",18914.3943007906
"LOC725099",5963.23837555228
"LOC113219186",27689.4959944729
"LOC408417",61954.9625025431
"LOC100576508",9015.75572136321
"LOC100577322",181161.011725627
"LOC100576851",115116.129283139
"LOC100577222",134063.102902515
"LOC102654730",6346.8736635577
"LOC725918",24743.2588400023
"LOC410464",7490.70503785854
"LOC100577569",7994.71489533975
"LOC410442",452681.481242593
"LOC409961",232804.678912394
"LOC102656183",118316.288965986
"LOC410102",42610.7587123822
"LOC107965746",8506.97344719084
"LOC113219210",85214.4526585427
"LOC102655427",39707.7242497831
"For",145416.737399229
"LOC113218548",28588.3529841623
"LOC100577451",33793.6344873135
"LOC408428",5193.58609222731
"LOC100576879",122036.957644644
"LOC413881",124047.703832598
"LOC409829",120307.784435889
"LOC724592",446746.061866676
"Br-c",487574.481913934
"LOC408433",95962.7200510683
"LOC412209",7258.69767758924
"LOC100577146",10671.9146128561
"LOC552030",101632.650856009
"LOC409846",70761.1794454731
"LOC408435",1473229.40872386
"LOC413908",536.69735431268
"LOC107965950",2015.06923468429
"LOC408413",51661.6371596443
"LOC412934",299726.464872641
"LOC725426",21963.6656434305
"LOC551250",13021.3034616654
"LOC726969",1402.92681787808
"LOC100576248",597.828572276982
"LOC100577367",68536.3669154263
"LOC726815",32604.2616375823
"Cyp6as5",1287.23197753842
"LOC724591",69029.0014246415
"LOC551363",57885.4850344472
"LOC724962",551000.241491815
"LOC113219215",159956.254527057
"LOC113219200",2362.6463192115
"LOC102653858",24068.6713554601
"LOC107965416",25392.7434596534
"LOC100577091",3497.41021605532
"LOC412876",109900.859487462
"LOC724803",76635.5393783163
"LOC408421",147853.102387652
"LOC408402",49129.2542854321
"LOC113219194",6348.00169963454
"LOC410451",91684.1908082359
"LOC726838",12308.566955494
"LOC726248",10021.1971099235
"LOC724645",18079.305940173
"LOC724378",28791.6699586664
"LOC408424",72824.4528908944
"LOC724244",62480.783867799
"LOC410408",46011.1159601246
"LOC107964024",563.62210303981
"LOC107964001",5275.92199492872
"LOC102656072",3325.1929515208
"LOC413267",56259.1389226743
"LOC727302",2055.04827283489
"LOC413880",51666.0319421689
"LOC107965414",22896.7867303245
"LOC410410",48512.9964098073
"LOC552016",49198.7615697487
"LOC112939925",3686.07805308121
"LOC113218535",9386.17537313413
"LOC725856",24500.0828677207
"LOC412541",20625.1351078052
"LOC551189",70936.0597097229
"LOC552209",1671647.17534027
"LOC107965402",4626.29191422687
"5-HT1",829478.168840392
"LOC725523",21105.6306890568
"LOC408432",663592.345815817
"LOC551343",70771.408894117
"LOC113218525",16242.3291749636
"LOC410463",34052.7600051425
"LOC107965448",16881.6610180141
"LOC100578617",399.088100565232
"LOC100577752",135416.975553503
"LOC408426",20065.3445035728
"LOC726759",64021.1243764916
"LOC100576722",37698.1469016126
"LOC107965421",23593.1297170654
"LOC409736",40206.7295504585
"LOC102653949",15399.2512540164
"LOC113219212",420.395945951356
"LOC408400",5517.74504217762
"LOC102653899",562.508439554129
"LOC552758",39279.6710942722
"LOC408427",189163.746391629
"LOC100577428",268990.344216059
"LOC100576527",55153.1074415325
"LOC726859",491.779028752225
"LOC724156",9980.66383641076
"LOC113219209",569.580345914854
"LOC726690",9752.32026177878
"LOC113219193",369.409109709164
"LOC408397",58373.2977825468
"LOC107965783",3155.12921804393
"LOC550798",77532.3474893768
"LOC107965406",115479.392930537
"LOC726370",11307.5249051244
"LOC102655361",8313.88242877856
"LOC107965413",8324.04327540763
"LOC408408",83151.4802349107
"LOC113219197",37005.5750348011
"LOC102654895",4561.61553042778
"Pla2",474.428609161481
"LOC725158",4535.98761363245
"LOC113218576",2417.38128792221
"LOC724829",40983.0442401851
"LOC410448",43677.7240313353
"LOC410439",322795.904496436
"LOC102654236",25242.5109294929
"LOC727618",1511.18461231963
"LOC100576819",60634.1739815074
"LOC410415",57745.5164458251
"LOC107965434",7065.23298710672
"LOC551249",26800.9815417968
"LOC410403",86661.038859112
"LOC102656212",5653.81903669884
"LOC113219187",6761.55097120337
"LOC100577045",247377.484986893
"LOC550955",44195.5333956386
"LOC725354",219649.045910018
"LOC409066",66883.1394480504
"LOC408405",43135.2270200074
"LOC410399",1168.02790339401
"LOC409049",89473.3823184725
"LOC725053",4780.45756255619
"LOC107965409",846.285503874112
"LOC552210",6669.25214021749
"LOC725542",232925.090017955
"LOC409826",5382.9682621495
"LOC552707",82190.4227751233
"LOC551502",60665.3887971359
"LOC408414",6318.12606249114
"Vhdl",13478.8806016643
"LOC724728",96773.4485147344
"LOC410452",2359.08853245399
"NPF",52530.4648142149
"Pgrp-s2",25143.9174043553
"LOC412936",86355.2038480926
"LOC102655280",6621.20026739337
"LOC408418",119083.781597377
"LOC102655054",12577.2740852049
"LOC409845",183581.061143104
"LOC410438",31468.3266968016
"LOC408401",63732.5626454864
"LOC552829",439.959231558238
"LOC726669",3246.5765808801
"LOC102654313",3371.01635185578
"LOC410417",14546.6788298324
"LOC726472",846009.273833857
"LOC413250",28557.8635691364
"LOC550956",36306.9127477033
"LOC726599",44886.5219598349
"LOC408411",491849.65776888
"LOC727631",45022.2439538158
"LOC410416",3005.03937857279
"LOC410459",55420.5120803545
"LOC410454",3893.03488028868
"LOC410470",552022.280992613
"LOC410469",47263.1234183006
"LOC551533",48103.1288694215
"LOC408409",122768.755475529
"LOC113219188",1489.74773428225
"LOC100576397",4502.4301957264
"LOC102654920",29014.4139467588
"LOC410446",54277.8332652721
"LOC100577696",103335.131600034
"LOC410447",138092.375879756
"LOC410039",57503.1607818092
"LOC102654051",126665.545931478
"LOC410078",112933.388314452
"LOC727118",68935.451777185
"LOC102655519",6127.29189437143
"LOC410456",16578.4944965442
"LOC408415",54868.7626805992
"LOC102654192",28013.5590217828
"LOC112935903",1041.64164659831
"arm",73345.0857669276
"LOC100579038",27262.8080506752
"LOC102654099",549.11822855683
"LOC100578321",120588.979107941
"LOC410449",115520.439319712
"Dll",151930.191112367
"LOC410462",11475.3903634699
"LOC113219184",7864.68392444875
"LOC724619",5943.34198518318
"LOC102654448",96063.0208006778
"LOC726677",930.243285486528
"LOC409230",60976.8165401877
"LOC100578090",116838.887447381
"LOC727146",47319.7323954499
"LOC409827",1061.42085600426
"LOC410406",26242.6663503916
"LOC552191",65663.4483118996
"LOC410441",55352.5820187149
"LOC100576924",244038.05161029
"LOC724505",73959.2970944393
"LOC102655449",53309.2683143815
"LOC107965814",1352.83739035934
"LOC727598",1292.90767960198
"LOC408430",1087813.80070833
"LOC406114",4820.26659321737
"LOC410414",31632.3711243203
"LOC107965455",854.963486723932
"LOC409050",89649.0959839195
"LOC107965415",12395.0193236711
"LOC551053",38800.2910856272
"LOC552062",108440.405294145
"LOC413299",80308.9586512141
"LOC726093",128713.00679528
"LOC412935",80923.0833063135
"LOC102656472",6271.20692277672
"LOC102653897",438.24458487989
"LOC551881",102987.660218887
"LOC408416",35618.3741498629
"LOC724687",39639.9953951386
"LOC413596",171677.163010965
"LOC726547",292574.73059999
"LOC107965459",1511.12718628027
"LOC410405",7569.0596981514
"LOC413980",40129.6152329917
"LOC551232",281082.43669521
"LOC726371",589.483818069519
"LOC100578220",50154.3776846618
"LOC107965425",2592.02889085406
"LOC551910",1350.44880801535
"LOC726613",1469.99998076668
"LOC113218575",457.160161585883
"LOC102656433",70280.9902320873
"LOC726525",34104.3934082379
"LOC100578100",10863.5870801211
"LOC726040",64680.5953812933
"LOC551739",17923.5984068422
"LOC551650",75557.4389475901
"LOC725753",32556.7226952067
"LOC551392",73479.909727679
"LOC102655078",3870.39227860988
"LOC408439",60966.2081573519
"LOC724961",577.562242550372
"LOC410429",47497.6984383767
"LOC100576460",482.406488252555
"LOC102654055",11166.3441736076
"LOC409825",77656.3834036803
"LOC725111",31685.4221187716
"LOC113219196",5608.96749145101
"LOC102656601",413056.254646412
"LOC408420",35520.649979385
"LOC100576994",6976.73742078909
"LOC410144",50594.5826944239
"LOC726538",67977.1687073818
"LOC726352",9651.89128673473
"LOC725393",131542.168972792
"LOC726995",2148.56549425008
"LOC413550",91425.2945526825
"LOC102654608",11357.088999206
"LOC724120",226588.048107968
"LOC727578",38371.3435594916
"LOC102655841",50808.10920806
"LOC410427",158194.348619504
"LOC113219190",942.020048124709
"LOC552377",100227.488050155
"LOC102654690",10555.991624772
"LOC725619",84562.720441253
"LOC551028",112879.627925877
"LOC726205",18884.6004869714
"LOC726852",899.14018537487
"LOC100578957",198783.96820366
"LOC102656830",7660.83045082976
"LOC408438",84251.6657907316
"LOC410467",240108.290097325
"LOC724899",30285.932372756
"LOC100578649",1187.91312021288
"LOC726240",239070.583000529
"LOC102655843",2282.55134634105
"LOC552678",267866.751697738
"LOC726862",80285.2754877306
"LOC724686",4694.69828330482
"Glurb",1065713.86909061
"LOC409962",15339.4729258118
"Foxp",582934.761781901
"LOC552398",38792.6236170637
"LOC409963",442351.153735807
"LOC413594",43534.1639858707
"LOC551272",192364.182226224
"LOC724914",2615.98065047498
"LOC408398",42298.5481516107
"LOC724773",30108.1651653336
"LOC409257",1060899.35449608
"LOC102656149",8478.02318026546
"LOC107965433",11952.1622877059
"LOC102654408",397.111974468534
"LOC551845",3516.67359099821
"LOC100579055",52513.6605018544
"LOC100578423",406846.971830343
"LOC552409",64858.5030746078
"LOC102653814",354.723555841745
"LOC408431",59292.7021349084
"LOC107965398",23757.2850710695
"LOC410424",80793.8630700399
"LOC410538",47208.6540588028
"LOC551708",57668.2312802788
"LOC410534",50947.0521418905
"LOC100577784",83853.9075327525
"LOC552701",43946.1136431792
"LOC551212",61307.5011767225
"LOC724915",32371.4087721494
"LOC113219231",26780.0618368159
"LOC725055",18455.7506432104
"LOC727280",72527.4476622078
"LOC409751",2307.41685032937
"LOC551197",16957.0511513434
"LOC100578776",10097.9205162578
"LOC725543",37800.7389113871
"LOC724688",44619.3611302047
"LOC551709",70114.8221733429
"LOC113218534",48650.5846828221
"LOC410489",19202.7376356221
"LOC552640",23780.1803357442
"LOC551303",47422.6701849804
"LOC102653748",15055.6434485691
"LOC725620",44050.8628257998
"LOC725291",72692.4561934718
"LOC726020",12181.7210998511
"LOC413623",28151.0565032502
"LOC726124",40832.340878042
"LOC102656425",31588.2989517009
"LOC410479",979851.074722122
"GluCl",467118.549640931
"LOC102655020",63856.637914789
"LOC552017",393147.258338422
"LOC727185",95154.8341936823
"LOC724593",173944.804120095
"LOC725840",316709.38983754
"LOC100578931",51910.034002373
"LOC113219227",3046.68489153716
"LOC410557",129610.283107176
"LOC410542",53233.9181456605
"LOC725056",17637.905509001
"LOC100578034",11221.7068379911
"LOC100577641",1047.65827061582
"C1q-VP",7607.94819966174
"LOC107965522",14477.6772925044
"LOC113219234",2408.45185442845
"LOC100578862",10835.9891066465
"LOC100576184",827.16008644316
"LOC410497",198962.029035371
"LOC551344",50882.8608923803
"LOC410565",79444.49966461
"LOC107965509",40536.2218543832
"LOC412926",2873497.51518585
"LOC413793",51018.1516063388
"LOC727008",85562.1778770196
"LOC552355",85474.6980695578
"LOC409702",57303.5286596211
"LOC100577430",53746.2606290168
"LOC408456",13455.7509050566
"LOC107965486",23442.9600712871
"LOC410506",21339.6489052637
"LOC107965541",3154.24351349533
"LOC408443",49346.1769835566
"LOC113219236",13032.925905697
"LOC102654427",585.588187681423
"LOC413525",51699.0203490993
"LOC408464",75548.4452261318
"LOC551561",68362.8904816245
"LOC410547",76343.1363227221
"LOC725318",550910.734164208
"LOC410550",14830.9509974738
"LOC100578265",763.082485529941
"LOC412007",55075.5008236558
"LOC551275",83862.4137300404
"LOC100577945",471758.285162705
"LOC550981",65367.313122673
"LOC412976",12839.5705248933
"LOC102654480",1367.03314249985
"LOC100576608",39526.3081370766
"LOC727129",541.217370289433
"LOC410512",50890.8287565434
"LOC726723",76147.4505218625
"LOC552650",104144.839250471
"LOC550801",81146.9590895004
"LOC100578877",231580.078323071
"LOC100578048",739.091698736606
"LOC552815",49170.1038260038
"LOC412074",45095.1402067807
"LOC413601",36215.978977466
"LOC113219223",7489.27524539406
"LOC410484",46453.7178970257
"LOC410525",35087.6109086527
"LOC113219241",3463.3976794296
"LOC413294",3764.29750145608
"LOC102655921",4394.58286908526
"LOC724879",44632.9514772201
"LOC410533",43732.2852668746
"LOC411780",70204.0538211786
"LOC726493",10696.3047529086
"LOC410121",55607.4631948187
"LOC551327",3460.65334738457
"LOC100578703",2617.08678479805
"LOC726961",35775.4266302151
"LOC551428",3371.26021955121
"LOC102655979",1792.34776267044
"LOC409743",67071.8114038771
"LOC413977",313772.742773056
"LOC726527",81809.0167774914
"LOC410510",74659.1149796825
"LOC725179",104376.779454111
"LOC408477",74416.0435491502
"LOC725754",67611.3800869342
"LOC726227",28570.7425344231
"LOC100577136",53315.1442013346
"LOC409198",71466.098373657
"LOC724464",1788.55598604162
"LOC413909",72759.1336712291
"LOC408493",22215.4315647398
"Blop",8979.6652315817
"LOC410475",45508.9169499984
"LOC410567",82642.1199310522
"LOC100576265",50142.8898888326
"LOC100576996",25736.1153611759
"LOC724157",54420.398730412
"LOC726582",116532.850815098
"LOC408453",24864.5135541107
"LOC107965506",17275.7604718598
"LOC102656671",37041.7739502249
"LOC408442",84720.3738269794
"LOC113219226",13106.8710462341
"LOC409985",108485.687967242
"LOC410492",5925.55179966224
"LOC410521",7485.2089227079
"LOC113219219",304003.392581573
"LOC550914",107900.301597081
"LOC725149",60018.7369440767
"LOC551990",33704.6388506447
"LOC551446",145358.140059445
"LOC413285",6192.87771217635
"LOC100578729",9181.67322859857
"LOC552492",59694.3553320533
"LOC113219217",11523.5414142844
"LOC411495",62786.9265099635
"LOC413213",192932.750612854
"LOC552261",393420.376735354
"LOC724365",52127.765519854
"LOC408497",112975.243370751
"LOC410507",46102.8833735192
"LOC100577840",32339.7516189299
"LOC727335",12211.6093645187
"LOC413069",69385.9752112722
"LOC102653795",24098.636482501
"LOC409578",52867.665726552
"LOC107965470",3814.45502248513
"LOC408461",24827.2049926547
"LOC413582",435635.326289436
"LOC107965550",11629.5084556924
"LOC726066",2808.62816299177
"LOC107965520",116274.204292951
"LOC100577863",14555.7273820739
"LOC100577180",29059.9859887368
"LOC552671",108551.109572603
"LOC726474",64266.5534723588
"LOC100576934",997.744449351087
"LOC726791",41697.5860385089
"LOC102656882",2632.06926166288
"LOC100576734",40394.9630659076
"LOC113219242",11290.7074233428
"LOC100576226",61222.7331069508
"LOC410554",17024.3798381795
"LOC102656712",14535.6737007996
"LOC102655815",31697.152439377
"LOC113219218",10176.8565983083
"LOC411661",53118.0068700127
"LOC410520",7858.50752061857
"LOC100578563",67896.266923691
"LOC107965474",6553.28577620573
"LOC727287",14062.132835396
"LOC724420",93501.4441473077
"LOC411779",42962.1676656804
"LOC408500",120919.054363148
"LOC410499",9054.87856077575
"LOC100578998",12253.3541851019
"LOC102654519",15015.7438709486
"LOC100578307",3690.47956165762
"LOC725033",569213.11904063
"LOC724846",25998.6633517185
"LOC107965519",94932.1502114862
"LOC410493",48617.7085063411
"LOC102654557",911.086123964144
"LOC727272",103075.77361069
"LOC413579",57339.2702664086
"LOC100577065",3472.6176881301
"LOC727026",66005.6775134755
"LOC724379",17324.6405058543
"LOC410532",20487.7591807081
"LOC724646",53726.0413953068
"LOC551579",84664.4421150179
"LOC413286",44508.5523197523
"LOC413110",54791.4497339693
"LOC100576542",49086.0160018173
"LOC725583",26650.9068471453
"LOC725621",85869.9979686759
"LOC726322",50060.6802358198
"LOC408463",187756.757767175
"LOC551684",187661.320819356
"LOC412301",45028.6084576134
"LOC113218537",64140.5576667796
"LOC409902",170545.179227039
"LOC551823",89079.7684696657
"LOC410480",387849.91190693
"LOC107965473",93421.4700677739
"LOC409752",184612.917752768
"LOC100576814",36270.4304916578
"LOC727081",31270.8675895748
"LOC726922",53718.4454885274
"LOC727378",69453.1051402366
"LOC409199",60149.175351345
"LOC113219233",299442.411803595
"LOC413879",55250.7446703555
"LOC550958",14642.0738517071
"LOC726600",7300.09371995681
"LOC100578406",68053.3926547744
"LOC100576374",31319.0783950076
"LOC113219244",38225.5953260602
"LOC100578854",175211.55595391
"LOC100578515",124969.007007688
"LOC411662",41192.6601021744
"LOC410535",115403.828252105
"LOC100576461",159591.871009353
"LOC413305",63386.4680151195
"LOC408457",62961.8981546174
"LOC410561",31754.8164054927
"LOC411972",91371.4464878794
"LOC552071",137142.590501831
"LOC413854",42414.5100467018
"LOC100576122",720.304219594897
"LOC100579005",2012.95720549905
"LOC725346",1737.43068062432
"LOC408503",64735.6661513725
"LOC727312",88864.5674312133
"LOC413569",431635.37489027
"LOC725184",264763.648007792
"LOC410100",58878.3776841714
"LOC552443",46413.0641610019
"LOC552445",206987.199157053
"LOC551651",98092.0851489659
"LOC409294",173102.265567387
"LOC412320",33359.6155027674
"LOC725453",208490.590770395
"LOC726768",81368.8669697128
"LOC102654450",518802.493477204
"LOC410483",3430.48831126423
"LOC102653879",68341.4467510779
"LOC726947",63864.7691340811
"LOC410511",59355.6489383505
"LOC409253",78433.3869399186
"LOC100577279",44520.7526986832
"LOC102654724",25224.5290302371
"LOC725420",425.298243375752
"LOC727135",78919.4119216863
"LOC413466",46343.3362239345
"LOC724804",50981.3451492538
"LOC725456",497.327785055248
"LOC551439",33493.7911920052
"LOC724465",6194.04449253369
"LOC409822",12534.3174315313
"LOC724550",63420.075621388
"LOC727652",65789.6853281603
"LOC102656485",35942.0706502467
"LOC726392",22852.1783682161
"LOC113219230",51377.2406752274
"LOC410498",908706.607028261
"LOC552724",20684.9384268814
"LOC551931",71755.0538851662
"LOC113219220",15951.1969559163
"LOC550686",105851.979480549
"LOC410527",93449.734694706
"LOC100577682",73646.0432683105
"LOC725502",9774.1955434991
"LOC725926",247924.112067448
"LOC409614",39663.7255265863
"LOC107965480",5946.5831307377
"LOC412927",255472.427102219
"LOC102655247",7370.16413490152
"eve",2623.1233983885
"LOC100577030",102590.01546986
"LOC100578380",17676.678270274
"LOC724293",57761.7524504001
"LOC413794",21835.6181092202
"LOC726153",893484.953342402
"LOC410486",92136.4476023612
"LOC551846",109154.459779521
"Tom7",33337.6554487179
"LOC100578443",32695.6755001591
"LOC100576738",5612.47922181617
"LOC725054",38409.1437767384
"LOC100577849",6212.03260154826
"LOC408455",501575.986877763
"LOC409945",53210.1730674839
"LOC410546",60402.0256501898
"LOC102656582",3261.88165526186
"LOC552532",54663.0436030389
"LOC410559",2691.63648490826
"LOC113219224",7264.49421766564
"LOC725200",13700.5976377195
"LOC726492",28079.8432363432
"LOC411790",32957.5473564336
"LOC411486",3036.53159263235
"LOC408473",131569.301994976
"LOC100577506",40619.7249574787
"LOC408451",22523.5301709582
"LOC411520",62554.7462148226
"LOC552735",97177.5700457522
"LOC113219243",13590.2294116473
"LOC100576530",180626.734035463
"LOC727294",38536.4094830317
"LOC102653718",1733.74901296195
"LOC727174",51970.1971968301
"LOC410537",19453.7312729677
"LOC102655844",837.215494171052
"LOC727150",111286.233509538
"LOC409300",68924.0269092349
"PPO",59803.0854663994
"LOC725978",39361.018868314
"LOC100576688",12476.1893380148
"LOC100578067",25493.156656828
"LOC410571",66605.7685868912
"LOC412313",83801.0705602581
"LOC413068",872.870546082746
"LOC551882",99202.2828774394
"LOC725784",35132.6116683691
"LOC408481",66683.7580248937
"LOC726275",2787.43047910682
"LOC412928",62509.4819760926
"LOC411663",63689.6406714206
"LOC410487",132386.306874378
"LOC552424",99934.1837704999
"LOC102653862",72736.5668173452
"LOC411373",1086.34386288542
"LOC102655464",11890.5509507369
"LOC725711",46008.4526211817
"LOC409084",123324.207681175
"LOC727311",52874.2491703032
"CUTA",74758.6835076393
"LOC102654486",1376.00420209864
"LOC409753",96723.0135118323
"LOC550799",157712.972213017
"LOC727486",147867.976178358
"LOC724731",43809.086204838
"LOC107965484",31138.6208026901
"LOC552652",56967.6605922038
"LOC411920",56139.0837353832
"LOC408494",44717.7392039777
"LOC552592",23287.4760290153
"LOC726839",4371.03235897072
"LOC724487",80660.2516719335
"LOC727277",66852.3874389429
"LOC102653947",1839.77541101935
"LOC724594",132282.365264389
"LOC102654738",1752.97174335021
"LOC102654783",21650.6480863728
"LOC107965500",12556.5663847152
"UHRF1",53267.1556801031
"LOC726373",77429.305135095
"Stg-1",179252.83361084
"LOC551118",82560.1910153858
"LOC413613",93315.3436988154
"LOC100576591",34350.7872639125
"LOC551768",59357.9034501546
"LOC552632",231605.142543945
"LOC726697",104491.048669175
"LOC102656201",1680.40491245325
"LOC410526",11752.4682777736
"LOC552116",56461.0527567364
"LOC408478",135703.434345431
"LOC412623",82350.3287374439
"LOC107965532",15360.1182668554
"LOC552812",40853.0349023779
"LOC410556",62843.3195613779
"LOC100576128",17522.5995736452
"LOC408480",58089.6996998157
"LOC408444",121973.643693357
"LOC107965489",31481.3057511376
"LOC552485",67399.0464884184
"Reck",49225.3559638217
"LOC410530",63948.5096572079
"LOC724752",102561.84622954
"LOC408448",31953.1581611526
"LOC100576690",296749.196477247
"LOC726276",77385.2236743737
"LOC727309",62534.6380710875
"LOC410541",61319.6539972897
"LOC102654839",6348.23382300196
"LOC102654842",6619.18814360517
"LOC408470",84977.8358395461
"LOC551378",3735.27452086085
"LOC408452",60440.252014599
"LOC102656505",3078.31686887519
"LOC100577694",91847.6681954788
"LOC100576195",77278.2754312314
"LOC494509",57605.5269952281
"LOC409429",71477.6966825571
"LOC552477",128011.687258754
"LOC410505",54798.1645437355
"LOC100577387",1007.14783905684
"LOC551766",120883.162635732
"LOC409202",123335.493093127
"LOC551741",19749.9559782577
"LOC102654696",98494.2063590526
"LOC100578990",120669.105069825
"LOC100578743",67990.6265147396
"LOC102653936",1352.75468010707
"LOC551191",59082.6653644547
"LOC408447",203265.035165527
"nAChRa7",624992.282362316
"LOC100577155",36848.9029260409
"LOC409405",69799.7321658033
"LOC113218540",28792.3379286934
"aub",55861.9196102762
"LOC726928",106409.17888687
"LOC410502",61492.7131768466
"LOC408441",55046.9162987161
"LOC724506",37004.2487349938
"LOC100576402",76691.9249769859
"LOC100577632",708832.633345101
"LOC100577263",50327.96705274
"LOC727151",18390.3929610979
"LOC100577362",1284.21243384368
"LOC412941",148218.653165201
"LOC552569",58919.4140621113
"LOC102654315",10011.8946777631
"LOC724206",59793.1692201885
"LOC409711",464268.094505552
"LOC408474",10284.0073285889
"LOC100577002",43725.8801902494
"LOC410495",7341.92017539381
"LOC410514",341363.493142513
"LOC727642",9401.37943647177
"LOC726867",73651.3034781412
"LOC102654890",87757.7704782081
"LOC107965494",4696.65435398366
"LOC409408",68377.5871062762
"LOC412057",37518.2460273066
"LOC727648",66521.0135941324
"LOC727320",49317.7187824639
"LOC551742",73096.0285740999
"LOC726906",69713.0578325989
"LOC406146",80087.6213858365
"LOC727232",122216.549527372
"LOC409984",55597.9591982396
"LOC410482",51863.6593969178
"LOC725467",74201.8632050867
"LOC725575",75393.5228085996
"LOC410485",75027.8363717003
"LOC552703",66663.1158200637
"LOC100579015",31936.3903626404
"LOC408471",108806.176678151
"LOC102654160",8128.23023370278
"nAChRb1",46124.9697025412
"LOC410555",4601.96835375556
"LOC102655994",81400.640469372
"LOC727235",76070.6006174784
"LOC100576767",26171.9369064374
"LOC551944",78653.8455260741
"LOC107965504",13081.4496869146
"LOC107965485",1804.61758149988
"LOC726184",67328.5379968112
"LOC410516",36600.3332590538
"LOC410515",9724.9436716841
"LOC412624",45543.0510896899
"LOC107963972",4841.41056468137
"LOC727650",33371.4583758852
"LOC727164",2835.1859367677
"LOC107964014",12644.0448675544
"LOC410570",81653.4694616799
"LOC410174",97438.6797288582
"LOC410549",70717.7286914802
"LOC550734",55587.5814535756
"LOC550858",47732.0815702697
"LOC413481",25499.0307632747
"LOC727284",6854.14503157104
"LOC551100",78897.0959823497
"LOC552517",98575.9034585548
"LOC410517",115399.591383348
"LOC100577121",50129.8358025034
"LOC413878",23737.10587597
"LOC100577145",50784.8734667248
"LOC113219228",3598.2576628847
"LOC102655837",3346.1688133326
"LOC412271",22035.9765090784
"LOC408501",59585.3912859965
"LOC727313",63950.4512517053
"Metrn",65562.7380501821
"LOC725310",59297.8162981702
"LOC113219221",4094.39524775585
"LOC100576082",35309.2335573316
"LOC552043",64891.0551391123
"LOC100576803",2108.73222543839
"LOC410539",17647.4421776485
"LOC552824",39449.6490798669
"LOC413435",32366.5758088306
"LOC100576251",205262.693556029
"LOC102654224",16268.1138978416
"LOC102653589",11520.5373983129
"LOC102653690",13431.3527925318
"LOC727254",51009.5011811959
"LOC410494",107141.224206383
"LOC406105",9140.83180988867
"LOC408467",62532.6434529165
"LOC408449",145146.569796419
"EphR",129186.757234713
"LOC552088",64058.893218843
"LOC409577",63750.3098824066
"LOC724159",143105.3488131
"LOC408465",487150.831756804
"LOC410558",78780.1866262706
"LOC113218579",56210.5752849946
"LOC409862",74566.5504182121
"LOC410545",102759.422857427
"LOC413688",27349.519855688
"LOC410501",8879.96457688632
"LOC724247",71999.4228631681
"LOC100576983",116323.272096713
"LOC412296",51366.6633714248
"LOC100576152",1257.13455749057
"LOC724158",16378.0908870059
"LOC408446",114329.227866333
"LOC107965502",53608.4497131291
"LOC724339",57803.2136942167
"LOC726649",64187.3507120293
"LOC107963986",70917.5424771465
"LOC726364",56551.488810177
"LOC551582",6312.47697872061
"LOC411778",59127.8449550659
"LOC410563",94752.786466461
"LOC552508",25472.3226646507
"LOC724294",95256.1109692815
"LOC107963969",1217.01925356796
"LOC726979",53484.1962633357
"LOC409299",78854.1597747621
"LOC412070",49045.8122243257
"LOC409331",52044.8523132621
"LOC552697",67203.4280579408
"LOC409894",60456.8006236551
"LOC113219222",39679.6587051011
"LOC113219237",11361.110980073
"LOC552579",64814.4373769274
"LOC100576925",35342.601524882
"LOC725607",20916.7561341377
"LOC102656835",12111.6634190195
"LOC727121",20560.9938138219
"LOC410562",213639.26795989
"LOC113219229",1653.34820678654
"LOC107965534",28022.000522996
"LOC113219239",1396.96179224897
"LOC102654440",25917.7964512486
"LOC100578920",23064.1566997216
"LOC102655179",953.722375681178
"LOC552776",49634.9487803864
"MARCH6",76770.1440298571
"LOC100576236",1533.31919864173
"LOC100577542",240128.989771973
"LOC410566",67466.3176827289
"LOC724338",57524.290623673
"LOC409177",329222.493280758
"LOC102653697",3133.34878210973
"LOC408458",31775.6388837999
"LOC726692",87147.985452604
"LOC411617",417891.52669948
"LOC100578935",2072.27310300404
"LOC551704",57861.7764636087
"LOC411857",99940.7527290685
"LOC102653655",15310.1324772154
"LOC102654676",5777.74957231346
"LOC552361",45598.7809180044
"LOC410553",34353.9726482151
"LOC552373",27198.3211670711
"LOC410120",59822.4364364424
"LOC100576615",97062.313203098
"LOC102656664",27715.4317794779
"LOC551618",65612.3181489552
"LOC113219235",6039.50779257275
"ILP-2",26775.9801971429
"LOC100577739",100053.96857219
"LOC100577050",59275.9962629916
"LOC410509",684.229100737948
"LOC409563",71744.6393223593
"LOC552726",199030.148786499
"LOC726997",970447.245064864
"LOC100578813",57976.061449461
"LOC410518",29569.3321849715
"LOC727128",150855.582635799
"LOC100576805",315280.704353083
"LOC550857",111877.948708162
"LOC411839",58089.4433550481
"LOC408462",60918.2476896368
"LOC409276",89889.3988182894
"LOC551740",70794.757313875
"LOC727238",103681.744580817
"LOC724121",55627.8793756904
"LOC412617",73031.6045405804
"LOC726670",86879.1056444451
"LOC412975",40397.9370515948
"LOC412954",51366.1567460665
"LOC107965483",32977.1519464616
"LOC409549",78447.4173794452
"LOC410603",839.182064437844
"LOC100578725",47394.219431939
"LOC100577797",32486.1880732923
"LOC413755",75855.9262592713
"LOC552081",105752.966585427
"LOC102654925",38696.4504681347
"LOC725005",5245.88790666615
"LOC100578260",61926.976808647
"LOC411463",154861.561945814
"LOC113218516",6975.18998775267
"LOC551562",2993.82103279425
"LOC410632",76922.9762729206
"LOC100578592",6020.37105383774
"LOC409377",102338.727615604
"LOC411725",13902.8059488203
"LOC551825",65031.2362517102
"LOC408532",5910.74733266343
"LOC113219254",957.59929011603
"LOC552053",33487.657873039
"LOC413973",13881.1538563404
"LOC410612",29592.2368724764
"LOC100578249",46650.1295808608
"LOC726905",27935.1843029336
"LOC727223",89233.4657571658
"LOC726666",42518.5947102861
"LOC100577899",17954.6170676506
"LOC412205",51770.0437812318
"LOC113219283",36302.3511945792
"LOC552633",43200.4168963435
"LOC412453",53503.7595555435
"LOC551078",106942.343018831
"LOC552845",38186.089572412
"LOC113219264",20527.4599235395
"LOC113219252",49913.0825262978
"LOC100577777",10666.073757015
"LOC726353",4608.35785993682
"LOC726566",78274.196119858
"LOC725659",59379.492830157
"LOC102656553",56706.9393931489
"LOC551769",42288.2025979485
"LOC551946",97564.8287679218
"LOC100577112",9310.37591776141
"LOC724466",4391.78669703577
"LOC410578",22172.9585230233
"LOC552114",76581.6804921059
"LOC113219251",18499.454948307
"LOC726854",2336.28684294277
"LOC726417",63795.7715084862
"LOC412774",11673.3989617759
"LOC100577081",34449.1098719664
"LOC409270",81387.8541525453
"LOC551237",27516.8869084919
"LOC552839",36003.4446596543
"LOC551861",154061.877099793
"LOC552849",304729.979115174
"LOC552410",48257.0826062315
"LOC408523",75540.9196712552
"LOC408533",64586.2883662531
"LOC410585",95815.9337514273
"LOC411897",61926.7112272213
"LOC409485",82207.7668203048
"LOC410595",54914.1119305631
"LOC102653784",9572.05215037604
"LOC411720",44293.4234151724
"LOC410624",245760.175290627
"LOC102655457",1727.34998444476
"LOC410151",142901.55128559
"LOC102656563",11471.5161859311
"LOC726459",2100.34654206561
"LOC100576612",53894.6806317411
"LOC551517",68028.0259944133
"LOC410613",100514.157786197
"LOC100576855",29391.19299132
"LOC413517",115729.971301985
"LOC726731",58601.5007124847
"LOC724186",124529.608573704
"LOC412024",56625.7725770729
"LOC107965601",6979.2100840966
"LOC107965565",732.960653553664
"LOC100576411",37646.7109368863
"LOC408534",2576.63764864573
"LOC100578556",91941.6702828347
"LOC412503",48591.6678781159
"LOC551958",68339.9726314356
"LOC102654376",21762.3798235643
"LOC102655585",2706.38870350877
"LOC411746",137768.920440105
"LOC552766",8866.31525020703
"LOC102654111",24631.881747618
"LOC724806",4189.81182890883
"LOC113219265",8413.58701285832
"LOC726041",59065.1938069995
"Dop1",485666.824705781
"LOC102656905",51726.3112754122
"LOC411937",23393.5502149181
"LOC725890",67834.5393650277
"LOC102655352",7083.82227448182
"LOC727031",72875.9494704077
"LOC412163",26417.7629364497
"LOC409835",3639.23602229416
"LOC113219270",83618.8840386785
"LOC409160",83192.2327181904
"LOC100577841",23315.3588571123
"LOC411570",130031.720119777
"LOC100576958",70154.300250498
"LOC107965567",10576.8009824346
"LOC409740",10960.800012164
"LOC551824",70400.6324428656
"LOC412554",63698.2280227625
"LOC726435",51624.9120752368
"LOC551328",79766.9039074779
"Obp9",6089.04072586472
"LOC100577640",38724.8615147924
"LOC113219280",22619.9131856292
"LOC725505",50116.0544919546
"LOC409603",8659.24878392553
"LOC725088",95638.8852128671
"Adar",109448.904533121
"LOC551438",80100.750938613
"LOC725954",5550.93335946643
"LOC100576569",426562.841664521
"LOC107965557",12504.6182273998
"LOC100576330",333.204500649231
"LOC724596",53194.0342688261
"Lop2",6025.35994773769
"LOC408524",76120.199657424
"LOC113219287",3906.66410977087
"LOC113218518",2185.71149963201
"LOC724295",81025.643747615
"LOC102654464",7129.30480374157
"LOC412478",50125.1227801879
"LOC102654505",39201.4623873016
"LOC409440",53893.3791164265
"LOC552072",33794.5098055054
"LOC102654737",57692.4852727564
"LOC406096",443143.362092279
"LOC102656745",43903.1036512346
"LOC412997",60911.6318746231
"Obp19",412.56905857367
"LOC413036",74921.9269523795
"LOC726457",13751.7923915333
"LOC724113",35529.2645153726
"LOC724847",517349.546808105
"LOC409200",85816.0817133014
"LOC408539",53702.6724662952
"LOC102655058",24527.7977768407
"LOC412907",106556.142936173
"LOC410580",77118.6954671822
"LOC725811",60731.2266556274
"LOC113219253",75438.0768864825
"LOC726323",231568.377272983
"LOC724647",36101.0617349329
"LOC100577544",2611.36808966104
"LOC113219288",748.86790540803
"GstD1",15306.4380097834
"LOC107965624",2715.28327777973
"LOC102656186",3390.61951599558
"LOC102656263",20562.815181399
"LOC552237",49996.9776108079
"LOC413963",50961.1592634366
"LOC410620",135059.305153144
"LOC411611",92767.6238742343
"LOC726509",67636.7804651475
"LOC107965883",64604.3192637016
"Mblk-1",4245743.47282511
"LOC113219269",37257.4868710813
"LOC726720",51944.970577171
"LOC107965787",5723.99993007601
"LOC102656354",462387.642089276
"LOC113219250",8545.85876135723
"LOC409447",61696.035512152
"LOC100379261",102658.122201001
"LOC726068",759899.960586697
"LOC724865",23945.0168684308
"LOC100577418",46629.9436234341
"LOC102656786",10867.159050491
"LOC100578561",1221.19153895719
"LOC726745",50162.5116744278
"LOC724733",74739.7720106512
"LOC552730",40838.7186541543
"LOC113219277",45918.0650125012
"LOC409502",35722.1486941739
"LOC551489",68413.3961360507
"LOC724690",33015.7643072674
"LOC107965788",50655.9819389737
"LOC724249",29765.0987609723
"LOC408527",51044.774887802
"LOC726528",9328.42707527958
"LOC413034",131342.277827116
"LOC409090",130731.755251628
"LOC411797",54974.0081317605
"LOC102654656",1210.57804450801
"LOC726728",121315.651327188
"LOC413931",105901.232550511
"LOC410606",60259.3247351616
"LOC102654517",14340.4129855098
"LOC107965630",385.94471526541
"LOC100576097",1733.64540850953
"LOC107965597",9486.17552627173
"LOC552816",76443.604225937
"LOC113219281",9238.03749419878
"LOC551194",43244.5653164184
"LOC724125",60629.8962310185
"LOC725379",116372.3272832
"LOC409918",72145.3102600689
"LOC102655670",7647.16635207654
"LOC100577209",76575.0992704692
"LOC410591",50020.849045501
"LOC107965615",27591.3328686515
"LOC100577679",45309.1302548324
"LOC409610",62278.5348718013
"LOC411724",80422.8133964622
"LOC552851",55391.079101291
"LOC410602",71880.4113583069
"LOC552082",74768.1985176532
"LOC113219273",4922.77290926346
"LOC410622",28490.7681134654
"LOC726650",71678.6687503021
"LOC552827",49125.8586135523
"LOC100577836",41228.1696086232
"LOC552844",1519965.53048396
"LOC102655195",18996.2971992636
"LOC726458",3057.42602012944
"LOC107965562",40187.2845586249
"LOC113219266",36558.8077626725
"LOC726302",387172.002602013
"LOC408520",194576.62930298
"LOC552616",24069.6826692999
"LOC409185",126358.465831904
"Obp13",3920.36129909242
"LOC102653832",4080.09367541954
"LOC726069",201752.389525299
"LOC726126",73823.8159661378
"Mad",1206275.21458729
"LOC100576625",67401.2947668189
"LOC725114",7369.99552625917
"LOC408517",362202.28952066
"LOC408544",18497.0880951942
"LOC102655621",11801.883109186
"Tpx-3",79741.7589983423
"LOC411849",65708.9032791377
"LOC725427",16346.5851447419
"LOC724207",52225.9618974077
"LOC411646",92515.9054775978
"LOC100578218",131914.049912485
"LOC726863",7904.69330629363
"LOC550941",9774.76939952987
"LOC107965599",33214.7721194715
"LOC725503",145919.222929007
"LOC102655028",31590.8093430112
"LOC408536",8304.88931652954
"LOC552807",64166.199183062
"LOC726543",173872.595465369
"LOC726250",5513.58452816612
"CPF2",35574.5751703144
"LOC408516",111867.368899319
"LOC724965",79041.4967860791
"LOC408547",718939.322776869
"LOC724250",10988.554692025
"LOC408548",101162.800825432
"LOC102655764",2294.64635894576
"LOC100576273",9371.0989318123
"LOC552690",66895.7592737833
"pHCl",306540.493318644
"LOC726853",7158.96149029774
"LOC102654084",166757.574803363
"CPR16",3195.4121581648
"LOC550659",35656.4542701549
"LOC408531",31050.5343590446
"LOC724732",89158.2955122681
"LOC102656231",445.387605648584
"LOC725623",87934.8991535858
"LOC102655865",6578.49210440541
"LOC551316",27194.6200656145
"LOC410577",336315.117111394
"LOC409609",92017.7196582272
"LOC551945",41403.8009358982
"LOC725755",47487.3502883348
"LOC726651",48593.0808399295
"Oa1",124821.000898927
"LOC724251",117326.546618574
"LOC408541",39799.741686984
"LOC100576614",72503.7111392093
"LOC726962",36035.6533215358
"LOC725859",38132.2924446297
"LOC551005",224555.729077407
"Argk",544945.90233379
"LOC102655461",18495.6591443426
"CPF1",9215.91962597301
"LOC113219268",23540.1442593371
"LOC100577088",15985.4925117055
"LOC113219259",6034.76700733012
"LOC113219284",93654.5642399432
"LOC552452",49612.8163477431
"LOC410597",42263.4615684397
"LOC408519",101738.791633107
"LOC102656440",3440.31564450657
"LOC113219279",5867.52487752688
"LOC102653965",83376.5790610878
"Or63",4138.0937332715
"LOC726898",36750.7960352213
"LOC100578560",47737.3136277905
"LOC412230",58400.1573761222
"LOC552006",94783.3875822991
"LOC113219267",36739.3089032458
"LOC413478",40838.8650995686
"LOC725586",92677.6384862636
"LOC100576224",6385.71293931066
"LOC726278",7837.66805863392
"LOC408522",32918.1353186982
"LOC409508",37224.3805694403
"LOC412251",60931.5455554919
"LOC410614",25408.0108337098
"LOC413515",91102.698202776
"LOC551957",157509.907120698
"LOC411742",97862.8516363935
"LOC102653594",110454.0708216
"LOC102656143",871.469729441923
"LOC100576159",99633.1530112862
"LOC102656554",19233.3986234049
"LOC726631",33789.1419812308
"LOC410610",21833.3455195334
"LOC410623",8565.70979391037
"LOC409513",107415.067936654
"LOC552800",70863.9729172885
"LOC107965582",5077.53276847484
"LOC411467",55810.4946630316
"LOC107965606",26919.9545570372
"LOC413557",187918.197449768
"LOC726095",87463.163662636
"LOC409321",54821.5397603869
"LOC412791",11376.8859145607
"LOC552109",129699.19748519
"LOC107963999",1635.41336176559
"LOC412775",11354.340291929
"LOC411772",121864.301439885
"LOC726698",72557.4158299668
"LOC726825",3792.88061854098
"LOC102656682",4304.47507420387
"LOC408510",4162.76190839565
"LOC409664",61443.3432309512
"LOC102655893",24496.8163240812
"LOC552736",140019.805522807
"LOC102655798",8594.7872289939
"LOC100578580",47670.5817255861
"LOC725380",42477.7800284674
"LOC725824",52724.2586443342
"LOC100578286",58463.0631582376
"LOC113219276",10744.8363407889
"LOC100578894",20023.8545254717
"LOC113218519",4237.33733755679
"LOC409611",163354.082228757
"LOC102653663",686.798285642164
"LOC726718",17366.3762618883
"LOC725115",104273.881692829
"LOC411569",43191.057689902
"LOC726156",48327.1772799295
"LOC410589",128389.32254369
"LOC406147",49590.0129321936
"LOC107965593",2780.58813247993
"LOC724366",86226.9018099576
"LOC724916",17197.4068603256
"LOC409674",273567.528064879
"Obp21",972.685895015259
"LOC724421",11438.3716234942
"LOC107965616",11651.4078008978
"LOC727228",56248.5267632209
"LOC411466",162156.48502335
"LOC552099",48682.1796021549
"LOC410633",1384.32501931838
"LOC100577909",135997.498937036
"LOC552784",43624.430046173
"LOC409550",59962.6637795953
"LOC102656029",48651.9356479028
"LOC102654708",32155.2038405063
"LOC552312",72416.6466655233
"LOC550735",34765.6260146831
"LOC102655145",192965.74551675
"LOC100576221",49533.4326264898
"LOC408509",62733.4643823046
"LOC726887",151170.737124346
"LOC408504",70867.9409243166
"LOC107965596",2454.65871686422
"LOC724467",37397.5134450198
"LOC408512",58067.609231686
"LOC412489",36200.3425853015
"Snf",35566.5955376055
"LOC725248",93359.3322117005
"LOC100576799",86198.8408744098
"LOC102653759",51940.7485726404
"LOC409681",42647.6995918765
"LOC410600",99048.1355935675
"LOC725394",39205.643954451
"LOC107965636",34352.3597441382
"LOC410583",2307.16289599767
"LOC102654248",735.123385603867
"LOC113218531",2196.44403469507
"LOC724789",64068.7257581818
"LOC100576529",4648.59593444107
"LOC408508",80379.0088206301
"LOC102655879",2039.47950641408
"LOC410636",87400.1173812831
"LOC552848",48872.7108006569
"LOC100578262",86615.5510089828
"LOC551847",16738.1631155187
"LOC551969",70510.8521184359
"LOC552201",58937.777494404
"LOC726155",486.148448736401
"LOC726510",19338.1891145459
"LOC409378",53650.0092755367
"LOC409713",147103.596458301
"LOC410627",3070.8790128288
"LOC100576262",623.702829316156
"LOC409204",9048.10235044932
"LOC113219262",210548.669564515
"LOC100577783",5693.31905663808
"LOC410040",137113.709122295
"LOC409665",206815.19056952
"LOC102655522",5421.96613213842
"LOC727622",45354.9311703475
"LOC107965577",43024.2384806362
"LOC107965614",4106.59813867983
"LOC410601",34572.9696254069
"LOC100576592",21540.2541702889
"LOC413078",69147.8618896119
"Ing3",46635.6972989286
"LOC100577551",53285.0246999157
"LOC726601",36469.0896647037
"LOC551968",61395.8995409035
"LOC409682",161227.190399818
"LOC550915",50422.6149463451
"Obp14",39696.5177563591
"LOC725584",28935.9992733143
"LOC102653771",779.971972851057
"LOC113219260",26863.4440925864
"LOC413742",83595.3809625981
"LOC726067",74758.9081506146
"LOC725786",64254.2936829004
"LOC102656508",20731.5420472489
"LOC107965595",5223.84684713533
"LOC551984",89906.7301760579
"LOC113219274",31254.3543753651
"LOC726792",11653.1657245584
"LOC102655306",1052.8036195809
"LOC409501",66815.6007132498
"LOC409613",45146.0761568292
"LOC102655673",53740.3694775977
"LOC725889",55757.0108827359
"LOC413697",46491.4836101302
"LOC409269",57344.858920372
"LOC412886",9742.13581816178
"LOC113219257",19788.4555286726
"LOC107965604",5271.84819970104
"LOC102654768",43667.8840259173
"LOC724917",5136.77843973959
"Tsf1",115746.260137934
"LOC725468",52335.3528378701
"LOC409179",38766.5336339808
"LOC113218580",61479.2917842317
"LOC107965564",4956.33231215576
"LOC727429",759.785233692257
"LOC408515",107773.204583676
"LOC724551",52336.8113567163
"LOC410609",296861.278805026
"LOC107965637",1921.24130294214
"LOC100576173",12627.2162952566
"LOC726616",163811.701951772
"LOC412795",166815.111320297
"LOC102654646",3056.73856977708
"LOC412996",7694.60602625329
"LOC409318",152190.504213358
"LOC726706",27806.7831431167
"LOC412430",25311.9996098001
"LOC100577912",247087.374241806
"LOC107965583",1501.73179371086
"LOC100578045",1764.49902619689
"LOC412203",1354.15977674105
"LOC552018",72514.4029442121
"LOC552836",8176.69371215393
"LOC552745",63873.3366632218
"LOC100577320",15098.0284301174
"LOC726331",807208.731688274
"LOC409816",16667.4660247464
"LOC113219282",6674.25588235962
"LOC409137",229659.144483184
"LOC100577464",1334.01019093571
"LOC410575",51594.5435332347
"LOC100576418",1226.5603931277
"LOC102653951",193517.65348588
"LOC725987",28757.7675835248
"LOC409355",56330.0726972347
"LOC408507",79472.2371851434
"LOC100577394",47439.1034940859
"LOC552123",96866.0341651542
"LOC551770",96268.9133734843
"LOC410621",39739.4132132559
"LOC408543",133813.559133179
"LOC413964",28166.2275558405
"LOC725717",54063.5384660363
"LOC107965598",68463.9575679698
"LOC552461",18862.4630416996
"LOC107966025",3502.24858811879
"LOC409666",87785.7816253583
"LOC551413",52032.5524432335
"LOC411958",243922.449454662
"LOC550767",32371.394875768
"LOC102654477",2648.99076183725
"LOC552258",86396.7686329228
"LOC100577122",59745.7388394854
"Obp18",424.381756188496
"LOC552795",82385.6129027631
"LOC100576740",428.067564695563
"LOC102654757",23652.7720853167
"LOC410618",67489.7333298835
"LOC107965612",14486.337469541
"LOC412100",78195.6739950129
"LOC726746",58950.1670762752
"LOC413200",209717.022864296
"LOC551593",46140.7696282034
"LOC102655899",431.367249929226
"LOC726615",25453.8271422439
"LOC100576891",795.156515735599
"LOC408511",105447.741949718
"DopR2",497571.620338603
"LOC725812",52506.9440716112
"LOC102655126",39801.0354900779
"LOC408525",92450.0326674539
"LOC411827",143385.135086668
"LOC726436",45669.1701501796
"LOC410604",139395.474010756
"LOC552634",42273.610436691
"LOC408542",75423.4525229848
"LOC551119",73444.6351696294
"LOC100578044",3287.30992252659
"LOC410607",55304.3626811993
"LOC100577656",55778.4330898135
"LOC413636",57212.1385570286
"LOC408526",103071.113183261
"LOC552757",52885.9285499304
"LOC552028",29524.405668552
"LOC409667",107971.475620415
"LOC726229",518.828192659492
"LOC113219255",27480.9466580155
"LOC726228",4551.93889894064
"LOC726948",750319.998765221
"LOC725250",6973.34546789699
"LOC552553",34686.7990007168
"LOC408546",101645.035694267
"LOC411410",49835.7908323641
"LOC412789",94702.6618385122
"LOC411902",36942.7732051396
"LOC413032",60020.2839442848
"LOC409573",80913.6040872366
"LOC726978",15929.7613429939
"LOC725201",47862.0126665154
"LOC102656397",11432.7193886395
"LOC100577754",12113.2423875359
"LOC552479",96275.4644308537
"LOC100576194",7966.41700704432
"LOC410617",34739.5784224856
"LOC725661",111019.676345814
"LOC410573",156840.648766369
"LOC724380",88378.5323611205
"Obp16",549.956500207451
"LOC414008",37539.5432057485
"LOC727591",49673.1920670595
"LOC411694",43913.3141642385
"LOC410581",4921.83335260142
"LOC726476",115575.304175041
"LOC412231",59494.3543659357
"LOC413959",61193.2796931342
"LOC726277",40530.8171519445
"LOC551525",31761.4148285825
"LOC724160",84309.7790369159
"LOC100578924",36963.4563356034
"LOC726416",85910.7411933918
"LOC726965",867.225589613322
"LOC724296",46687.1660009095
"LOC724493",69704.6132595384
"LOC552781",29270.5666629575
"LOC552257",63546.7607509021
"LOC408528",145193.891313393
"LOC551839",30116.5264746879
"LOC551213",82658.4337424687
"LOC726494",36552.4548594724
"LOC552818",80577.3904637387
"LOC102656552",9636.03935025698
"LOC408538",3852.68856280284
"LOC102656197",31184.1262952842
"LOC412828",125482.648394923
"LOC102654652",10072.6216877834
"LOC726330",69960.4305103697
"LOC412796",49161.3490519749
"LOC411727",62475.2152930148
"LOC410129",75886.4939754533
"LOC552641",60019.3925669377
"LOC551902",60226.2606317531
"LOC410616",29630.9665283514
"LOC102654909",9205.87781435157
"LOC411730",66818.5533640933
"LOC413795",46540.3904528066
"LOC412830",22420.3735364545
"LOC102653894",12636.3096316863
"LOC102654261",51343.7315379159
"LOC552850",74114.7468455697
"LOC409680",148443.377583669
"LOC410582",6087.37769995694
"LOC551551",103707.712271443
"LOC726548",133653.393640461
"LOC409712",29059.4995512888
"LOC410626",6041.71588988694
"LOC100576432",44638.261031261
"LOC102655477",38616.9882653727
"LOC724208",38836.0522417074
"LOC410630",126941.858813501
"LOC107965578",7512.24301660493
"Lop1",39457.433687617
"Wat",7405.69644460233
"LOC726495",31091.6037339442
"LOC411901",68484.6006864817
"LOC551036",72874.0657960522
"LOC724123",84027.950448371
"LOC409180",79558.5738963538
"LOC552750",52743.7552988774
"LOC552155",39520.2608161601
"LOC725504",23251.0372431053
"LOC552708",95534.7710553682
"LOC551908",36408.5094418318
"LOC551721",114115.271636621
"LOC410635",68469.5847500105
"LOC552847",44817.8763551743
"LOC102656039",10801.5911794884
"LOC551871",626.960689382041
"LOC725251",92507.6258434933
"LOC412739",116625.906470897
"Cyp4g11",39365.7388496078
"LOC408564",160175.972817983
"LOC408556",97312.3899448661
"LOC102654461",21794.1485560751
"LOC409638",79068.9355227352
"LOC725118",77097.6541069497
"LOC552554",41963.0890942966
"LOC113219297",14523.9418592939
"LOC102656292",77163.4805495262
"LOC102655097",46798.8165494468
"LOC725469",61708.0324167276
"LOC726251",21541.1168059896
"LOC102654662",30873.0226067463
"LOC551685",25817.47828888
"LOC107965674",37852.8945473682
"LOC408559",37129.1264322788
"LOC113219292",35902.9332226169
"LOC411816",64647.1525140638
"LOC410648",8507.43061072736
"LOC409890",178632.960476
"LOC725470",85877.9726922386
"LOC107965658",12826.2631264989
"LOC100577966",36108.7282731895
"LOC100576444",655.091372545953
"LOC102654610",48670.2140213611
"LOC551771",112958.039429277
"LOC552288",62131.913804864
"LOC100578001",1221.66722024823
"LOC411576",148862.517526916
"LOC413799",28077.5775310111
"LOC551079",45719.5415288549
"LOC113219314",34194.4316535062
"LOC107965706",16723.9381134464
"LOC100577996",19313.8902178834
"LOC413385",120572.16788175
"Rpl39",211834.57904835
"LOC100576563",125303.707884483
"LOC411815",57765.2820561952
"LOC113219306",18215.7933744094
"LOC102654340",6528.97939718514
"LOC551374",86331.8754279176
"LOC724161",82263.22430307
"LOC726888",65928.0726593442
"LOC408563",132091.0012767
"LOC102655781",18001.2014620121
"LOC413633",102323.878288217
"LOC408558",37759.262960441
"LOC102653850",9428.00692380063
"LOC726096",91717.2345660708
"LOC102655793",2538.82980438458
"LOC410659",84463.0670901788
"LOC410658",132590.617399417
"LOC726521",17747.8023461703
"LOC413614",90772.8190821349
"LOC100577163",36791.5969175511
"LOC113219327",2488.78415109992
"LOC725928",106383.48237299
"Def2",1314.90918422494
"LOC100576487",9535.89483351862
"Apid1",5528.74977021937
"LOC409951",68586.3518429678
"LOC107965722",16689.602472986
"LOC552009",61628.0267463131
"LOC413121",49912.0931436736
"LOC100577769",286854.984524354
"LOC102656259",21545.7858261854
"LOC102655915",19002.7346808592
"LOC102656566",5249.23369345959
"LOC409467",25414.4618023937
"LOC113219309",9441.45534700132
"LOC102654151",5646.58631454982
"Syt20",9602.33397759016
"LOC412084",83832.2935720731
"LOC552113",69289.4675517458
"LOC102653588",42084.4588269144
"LOC410649",318282.279711371
"LOC552675",119087.281456945
"LOC102655864",53360.7075221167
"LOC107965678",22954.2400716873
"LOC100576554",45854.5701535117
"LOC113219301",26899.9534063567
"LOC413789",115412.670636793
"LOC725883",11389.9792314251
"LOC724468",1035077.80194831
"LOC102654852",19414.7799084821
"LOC551080",80260.4484353442
"LOC102654221",2512.93307612189
"LOC552567",64849.0027772781
"LOC408554",255636.852052847
"LOC102654984",529.988871881022
"Antp",15620.5763579735
"LOC551938",75936.9795096688
"LOC102655619",36887.5992937873
"LOC413802",113414.403260785
"LOC100576709",206159.39482766
"LOC100577317",54008.1114232705
"LOC413120",109953.919218977
"LOC726279",60446.8075870824
"LOC412696",39877.3458694315
"LOC412470",255358.055644307
"LOC551947",90147.0573810309
"LOC552490",266091.951109092
"LOC102654623",18826.95043807
"LOC725788",103883.323152556
"LOC102655928",31207.1072140953
"LOC102655539",32111.869912059
"LOC102655208",1962.77889914577
"LOC412563",64376.4629275739
"LOC409604",98815.2776786091
"LOC552328",58217.6779365851
"LOC552531",115052.377254969
"LOC107965697",3411.549998422
"LOC102655617",42541.2540414857
"LOC100577886",96980.3408072733
"LOC100578921",28805.4365933047
"LOC100578277",38307.1454774721
"LOC724807",54409.3651120408
"LOC411575",103977.86701754
"LOC412056",7606.86344894337
"LOC411556",24247.9069562634
"LOC413891",98478.3313078
"CPR5",13548.8570049708
"LOC102655509",1728.56471418121
"LOC551799",52746.2558459993
"LOC412608",46278.7581786096
"LOC552019",98085.8491015246
"LOC107965694",5761.88874797948
"LOC113219317",836.28765210877
"LOC725252",50096.3469154539
"LOC552597",25477.4906953344
"LOC102654007",40104.0151464216
"LOC413529",61776.7300153265
"LOC100578684",42505.1134299447
"LOC409384",107563.652550193
"LOC100578129",54035.9681694803
"LOC113219321",10379.9190485911
"LOC102653741",8824.9818145626
"LOC413407",68558.5653576809
"LOC552637",2878.16552186468
"LOC409222",66279.4907356849
"LOC412455",74439.2512156605
"LOC102653888",24114.1549114555
"LOC551547",31693.7887898936
"LOC100577610",72234.1546985956
"LOC552756",92078.9797450737
"LOC409487",60463.6761895212
"LOC550975",81477.4548496986
"LOC408551",94792.8276710225
"LOC100578618",771.195153748547
"LOC412083",55059.0211240116
"LOC724692",35730.018172561
"LOC107965668",15961.7626749792
"LOC107965687",8010.83496124732
"LOC550989",58626.4577075605
"LOC100578474",46551.5303087456
"LOC409424",104977.086547489
"LOC107966034",2545.23220502146
"LOC113219304",5019.65580982451
"LOC100576544",43886.5213610303
"LOC552318",116288.032036409
"LOC551106",44459.6218456711
"LOC413852",47439.3348284905
"LOC725315",71782.8246916726
"LOC100577697",213162.009908655
"LOC409228",120641.40271255
"LOC113219322",1196.73441004443
"LOC113219293",75927.1909886855
"LOC551429",31935.5842670185
"LOC551505",57119.3666949834
"LOC107965703",3238.17666049433
"LOC413119",20568.3295169861
"LOC100578237",65269.5363950693
"LOC413774",74280.3849295476
"LOC552610",172296.149472407
"LOC113219326",6426.29451257246
"LOC725566",71393.4202687481
"LOC102656417",15651.3675289765
"Tpi",122860.469543944
"LOC102653780",2372.43926423167
"LOC552100",2962.44560153536
"LOC412388",44672.1607076874
"LOC408562",179456.238886266
"LOC113219294",2147.64959488361
"LOC107965683",70124.3922440045
"Ndufb2",124852.575408414
"LOC102654837",6721.18965624327
"LOC408561",26327.5249742768
"LOC409953",119062.768674861
"LOC100576457",57857.2011518207
"LOC409952",107035.287620818
"LOC724827",84355.6866546272
"LOC102655582",18098.5232910812
"LOC113219291",49089.3071940027
"LOC100577109",4248.57648268812
"LOC412513",38756.3407361692
"LOC113219299",24512.9223031648
"LOC102655538",7449.37318321866
"LOC107965670",1314.56784259978
"LOC412031",31328.1567074837
"LOC113219295",72093.9484162075
"LOC102656015",47504.4851357066
"LOC551252",45426.0720342241
"LOC102653761",5984.06899706492
"LOC412187",81469.3823202592
"LOC552470",191584.66263525
"LOC551506",40553.5488990231
"LOC413408",25899.1142884397
"LOC102656258",28475.2027553444
"LOC409176",4151.37051212055
"LOC726354",69457.3702889043
"LOC551686",70898.7718354936
"LOC412379",65590.1767071314
"LOC102653621",10348.5748965451
"LOC413386",61173.0772558691
"LOC725662",172046.858860773
"LOC725395",93877.1710627927
"LOC113219303",1082.67659126938
"LOC102654268",3166.94877419157
"LOC551214",83210.0401535374
"LOC410637",233239.173463631
"LOC412890",70157.0936360286
"LOC551436",82947.3609075751
"LOC102655025",7643.64436854065
"LOC552334",49523.3174025133
"LOC107963996",12794.4470520339
"LOC410654",51989.6332523457
"LOC100576384",184043.170242528
"LOC412357",52898.3078949242
"LOC413532",7287.32889746615
"LOC551151",79680.6782204269
"LOC726935",53010.4135347997
"LOC107965756",133477.297689053
"LOC725204",1433.48168754207
"LOC102656592",5344.87283409447
"LOC413409",111081.299144726
"LOC550708",191456.064077348
"LOC725756",1820.25087342969
"LOC413179",29207.6505904303
"LOC410639",2561.03691257532
"LOC107965676",67467.0774858347
"LOC726437",19515.7207709197
"KAT2A",59224.2700916365
"Ubx",2004.90423857839
"LOC107965692",62545.4324280825
"LOC113219312",14827.9774690423
"LOC411607",64696.3361166171
"LOC410657",54235.3144604246
"LOC113219311",4196.50327365664
"LOC550828",1802.30526115138
"LOC726021",128690.957562951
"LOC102656349",1725.48744632196
"LOC102654520",413.813728511427
"LOC107965660",14899.7395635057
"LOC409777",10448.1558895923
"LOC113219323",28692.1284126346
"LOC409688",27089.847419821
"LOC102655316",4979.19069449649
"LOC412637",75315.3335275627
"LOC100576779",2084.6738870542
"LOC551710",23919.1096463983
"LOC113219316",4045.14347705854
"LOC411953",56717.2917558793
"LOC113219324",79200.6768240777
"LOC409655",314426.014739824
"LOC102654640",60811.1736020937
"LOC552448",76843.2577551175
"LOC409423",67938.3051350302
"Y-f",69744.0107647666
"LOC100578035",44610.56298971
"LOC100578071",85399.5919544024
"LOC413534",37276.6420525307
"LOC724552",39204.8862523291
"LOC551165",67306.0862954232
"LOC725007",2112.08837925832
"Su(var)3-9",67692.6034560864
"LOC412547",40822.2675260552
"LOC102655363",37401.0491665655
"LOC551991",35747.2134071155
"LOC726816",53461.1103893369
"LOC726460",32855.1151751141
"LOC100576590",26991.8520774468
"LOC113219310",2083.63244445896
"LOC100576736",13840.5331848533
"LOC100578522",67546.3292268142
"LOC414036",35045.1432538794
"LOC408552",23599.2018000083
"LOC113219318",66492.0724834835
"LOC412529",85067.0420764482
"LOC552564",152048.832046088
"LOC100577516",6009.72501129304
"LOC726424",52521.9035707674
"LOC724126",4030.06837005908
"LOC724867",54937.2548833154
"LOC113219313",2599.55422383922
"LOC724252",35972.7047880483
"LOC412943",122037.803392279
"LOC100578793",131558.98379137
"LOC551652",65264.3290263385
"LOC411525",169382.837952137
"LOC552205",5837.61396345513
"LOC412167",45810.9199844282
"LOC551848",82449.8047936622
"LOC408557",55646.8281579692
"LOC102656533",1456.80640822559
"LOC551039",108448.637315581
"LOC726418",2419.72822379455
"LOC410642",973.614220513301
"LOC410638",125708.090260988
"LOC100577347",61084.2863169764
"LOC102655737",235023.23815875
"LOC102654769",760.763158762037
"LOC107965657",50030.8838514244
"LOC102655787",11859.5812978329
"LOC409366",147478.213007851
"LOC102656818",6315.24904662047
"LOC726864",1992.95487438075
"LOC107965656",5257.38185950819
"LOC113219315",372.553123685978
"LOC552533",38935.6757721874
"LOC113219307",6292.30585884717
"LOC725587",46527.4250582447
"LOC413533",54277.4068591454
"LOC412349",45736.2547580927
"LOC100577943",6230.78801215792
"LOC552086",65409.7086782071
"LOC100577823",20786.6226741724
"LOC725117",121335.535444768
"LOC727004",44183.8633637091
"LOC102655009",3703.06229880977
"LOC409891",84845.7900649051
"LOC411469",51184.3463419565
"LOC409572",3898.49740617341
"LOC409514",114935.110901667
"LOC102656625",23876.8179187508
"LOC107965701",7475.67962202105
"LOC102654597",463.911480239911
"LOC102656603",4613.4003584616
"LOC100576410",13071.3996004729
"LOC102653684",10331.0889106554
"LOC100577046",43609.6246940073
"LOC100578662",490347.51753338
"LOC102654289",32307.9017096317
"LOC409854",145105.384069283
"LOC724423",55860.3979856819
"LOC413892",9425.58265991441
"LOC113219328",36918.1512739436
"LOC551329",62029.0362817525
"LOC410655",540899.821719427
"LOC411714",67087.1914591368
"LOC412064",55609.309151402
"LOC552481",33932.5179577457
"LOC107965675",3533.79976984893
"LOC113219300",53805.247188394
"LOC409521",49421.0545507922
"LOC413531",62181.4298477484
"LOC724422",23966.527402796
"COX1",1861360.83116306
"ATP6",351234.543693198
"ATP8",123276.469704212
"COX2",2291128.67108515
"COX3",730620.903166275
"ND4",428353.145623114
"CYTB",724852.548941135
"ND1",529377.641809991
"ND5",428307.472765324
"ND2",373727.303177461
"ND3",185919.199840222
"ND6",440413.944684068
"ND4L",90825.0920076594
"LOC107965873",46345.369897087
"LOC113219361",2058.35270149569
"LOC102656055",43255.6406885997
"LOC727524",636.305602909168
"LOC100578019",2187.22674332013
"LOC102653753",56499.4735148331
"LOC100578661",110305.99166674
"LOC551434",19131.2251563109
"LOC102654216",2864.27609142217
"LOC100576967",50351.3520995306
"LOC113219360",9760.80600167827
"LOC727142",51061.2475428575
"LOC100577816",92288.3840013354
"LOC102653979",5853.04188729571
"LOC100577767",770.365268090242
"LOC726834",60990.7871302305
"LOC727332",47062.509565668
"LOC725444",860.684121684621
"LOC102654390",15047.4709736985
"LOC409139",101165.733683428
"LOC552238",18144.2029220583
"LOC551340",58975.784053325
"LOC102653788",5739.93202057122
"LOC100577594",21800.587566152
"LOC113219359",83770.419646784
"LOC726483",67620.3484335515
"LOC409880",78856.1717543923
"LOC100576828",34446.3081682493
"LOC113219362",1019.73754189839
"LOC100578361",16030.7387929532
"LOC113219364",9024.37635932298
"LOC113219342",105177.150124687
"LOC113219365",37645.8051275144
"LOC113219349",9924.4150652459
"LOC724790",40914.5657726636
"LOC411380",120024.605018943
"LOC551470",42476.1234326441
"LOC413736",189392.054155438
"LOC551447",62527.5526573693
"LOC102656085",47955.5726221862
"LOC113219352",14880.4600271471
"LOC113219351",186668.40774986
"LOC113219353",64106.685848449
"LOC113219366",969.285335719433
"LOC107965941",361.098075854041
"LOC113219367",66638.6730292548
"LOC100577929",86447.4406631624
"LOC102655373",18922.9889450809
"LOC102656390",119011.192310402
"LOC102654906",10846.6806968615
"LOC102656321",174212.738936336
"LOC102653572",656.263554422948
"LOC113219336",18561.0391177947
"LOC411362",75436.0966685507
"LOC409032",49190.8288152218
"LOC102654368",782.992746850057
"LOC113219337",11596.8474475964
"LOC102654354",6862.28282132807
"LOC113219370",2603.38321129878
"LOC100578173",91620.1344034015
"LOC102654884",40031.0989200436
"LOC113219335",435.847770110427
"LOC113219372",2547.13296670659
"LOC113219373",80870.767835748
"LOC113219374",20025.1601489065
"LOC107965822",435678.91383736
"LOC113219339",13268.7934097787
"LOC113219380",1965221.79212359
"LOC113219384",4478.81387799101
"LOC113219386",9316.24401581999
"LOC113219358",144110.662576764
