gene_id,gene_ids,feature_types,genome,mt,n_cells
LOC100576147,LOC100576147,Gene Expression,A_mel_mkref_out,False,428
LOC100577342,LOC100577342,Gene Expression,A_mel_mkref_out,False,82
LOC551556,LOC551556,Gene Expression,A_mel_mkref_out,False,9589
LOC727596,LOC727596,Gene Expression,A_mel_mkref_out,False,17128
LOC102653881,LOC102653881,Gene Expression,A_mel_mkref_out,False,53
LOC413675,LOC413675,Gene Expression,A_mel_mkref_out,False,6208
LOC412361,LOC412361,Gene Expression,A_mel_mkref_out,False,6750
LOC100576257,LOC100576257,Gene Expression,A_mel_mkref_out,False,64
LOC409313,LOC409313,Gene Expression,A_mel_mkref_out,False,20967
LOC552435,LOC552435,Gene Expression,A_mel_mkref_out,False,17769
LOC102655567,LOC102655567,Gene Expression,A_mel_mkref_out,False,4066
LOC726320,LOC726320,Gene Expression,A_mel_mkref_out,False,4925
LOC551974,LOC551974,Gene Expression,A_mel_mkref_out,False,19258
LOC726405,LOC726405,Gene Expression,A_mel_mkref_out,False,14451
LOC102654759,LOC102654759,Gene Expression,A_mel_mkref_out,False,1897
LOC551202,LOC551202,Gene Expression,A_mel_mkref_out,False,15208
LOC413357,LOC413357,Gene Expression,A_mel_mkref_out,False,22679
LOC727539,LOC727539,Gene Expression,A_mel_mkref_out,False,27955
LOC725638,LOC725638,Gene Expression,A_mel_mkref_out,False,16462
LOC724635,LOC724635,Gene Expression,A_mel_mkref_out,False,3538
LOC725532,LOC725532,Gene Expression,A_mel_mkref_out,False,1598
LOC412712,LOC412712,Gene Expression,A_mel_mkref_out,False,12225
LOC410761,LOC410761,Gene Expression,A_mel_mkref_out,False,741
LOC409546,LOC409546,Gene Expression,A_mel_mkref_out,False,42162
LOC725230,LOC725230,Gene Expression,A_mel_mkref_out,False,20994
LOC724538,LOC724538,Gene Expression,A_mel_mkref_out,False,22127
LOC102655275,LOC102655275,Gene Expression,A_mel_mkref_out,False,2249
LOC408577,LOC408577,Gene Expression,A_mel_mkref_out,False,71597
LOC102655032,LOC102655032,Gene Expression,A_mel_mkref_out,False,1548
LOC413813,LOC413813,Gene Expression,A_mel_mkref_out,False,16277
LOC408624,LOC408624,Gene Expression,A_mel_mkref_out,False,27951
LOC411572,LOC411572,Gene Expression,A_mel_mkref_out,False,15831
LOC551893,LOC551893,Gene Expression,A_mel_mkref_out,False,14839
LOC113219119,LOC113219119,Gene Expression,A_mel_mkref_out,False,10165
LOC102655515,LOC102655515,Gene Expression,A_mel_mkref_out,False,2716
LOC100579021,LOC100579021,Gene Expression,A_mel_mkref_out,False,9675
LOC100577039,LOC100577039,Gene Expression,A_mel_mkref_out,False,332
LOC724327,LOC724327,Gene Expression,A_mel_mkref_out,False,6478
LOC552374,LOC552374,Gene Expression,A_mel_mkref_out,False,20392
LOC409078,LOC409078,Gene Expression,A_mel_mkref_out,False,23862
LOC102655442,LOC102655442,Gene Expression,A_mel_mkref_out,False,567
LOC410726,LOC410726,Gene Expression,A_mel_mkref_out,False,25002
LOC551418,LOC551418,Gene Expression,A_mel_mkref_out,False,30455
LOC102656333,LOC102656333,Gene Expression,A_mel_mkref_out,False,568
LOC100578479,LOC100578479,Gene Expression,A_mel_mkref_out,False,25498
LOC550901,LOC550901,Gene Expression,A_mel_mkref_out,False,10255
LOC551158,LOC551158,Gene Expression,A_mel_mkref_out,False,11793
LOC552497,LOC552497,Gene Expression,A_mel_mkref_out,False,25545
LOC551762,LOC551762,Gene Expression,A_mel_mkref_out,False,23796
LOC724638,LOC724638,Gene Expression,A_mel_mkref_out,False,6372
LOC408621,LOC408621,Gene Expression,A_mel_mkref_out,False,20701
LOC100578281,LOC100578281,Gene Expression,A_mel_mkref_out,False,23963
LOC102656429,LOC102656429,Gene Expression,A_mel_mkref_out,False,23778
LOC725982,LOC725982,Gene Expression,A_mel_mkref_out,False,18593
LOC409937,LOC409937,Gene Expression,A_mel_mkref_out,False,1420
LOC725682,LOC725682,Gene Expression,A_mel_mkref_out,False,8680
LOC725720,LOC725720,Gene Expression,A_mel_mkref_out,False,3361
LOC550724,LOC550724,Gene Expression,A_mel_mkref_out,False,34571
LOC410033,LOC410033,Gene Expression,A_mel_mkref_out,False,27829
LOC113218960,LOC113218960,Gene Expression,A_mel_mkref_out,False,329
LOC551646,LOC551646,Gene Expression,A_mel_mkref_out,False,23524
LOC411406,LOC411406,Gene Expression,A_mel_mkref_out,False,442
LOC100576288,LOC100576288,Gene Expression,A_mel_mkref_out,False,8085
LOC412117,LOC412117,Gene Expression,A_mel_mkref_out,False,20923
LOC408565,LOC408565,Gene Expression,A_mel_mkref_out,False,29272
LOC100578309,LOC100578309,Gene Expression,A_mel_mkref_out,False,4278
LOC551978,LOC551978,Gene Expression,A_mel_mkref_out,False,30983
LOC100577197,LOC100577197,Gene Expression,A_mel_mkref_out,False,1670
LOC552036,LOC552036,Gene Expression,A_mel_mkref_out,False,30381
LOC409931,LOC409931,Gene Expression,A_mel_mkref_out,False,15944
LOC102655185,LOC102655185,Gene Expression,A_mel_mkref_out,False,4154
LOC410733,LOC410733,Gene Expression,A_mel_mkref_out,False,7635
LOC113219418,LOC113219418,Gene Expression,A_mel_mkref_out,False,1901
LOC107964488,LOC107964488,Gene Expression,A_mel_mkref_out,False,34887
LOC724455,LOC724455,Gene Expression,A_mel_mkref_out,False,18741
LOC100578752,LOC100578752,Gene Expression,A_mel_mkref_out,False,15160
LOC408623,LOC408623,Gene Expression,A_mel_mkref_out,False,74954
LOC100578543,LOC100578543,Gene Expression,A_mel_mkref_out,False,1052
LOC409860,LOC409860,Gene Expression,A_mel_mkref_out,False,45867
LOC102655663,LOC102655663,Gene Expression,A_mel_mkref_out,False,1159
LOC102653680,LOC102653680,Gene Expression,A_mel_mkref_out,False,2171
LOC551647,LOC551647,Gene Expression,A_mel_mkref_out,False,75717
LOC725068,LOC725068,Gene Expression,A_mel_mkref_out,False,71417
LOC726647,LOC726647,Gene Expression,A_mel_mkref_out,False,50564
LOC724904,LOC724904,Gene Expression,A_mel_mkref_out,False,857
LOC413551,LOC413551,Gene Expression,A_mel_mkref_out,False,28464
LOC724281,LOC724281,Gene Expression,A_mel_mkref_out,False,123
LOC409327,LOC409327,Gene Expression,A_mel_mkref_out,False,59482
LOC411976,LOC411976,Gene Expression,A_mel_mkref_out,False,3308
LOC107966071,LOC107966071,Gene Expression,A_mel_mkref_out,False,1341
LOC100578952,LOC100578952,Gene Expression,A_mel_mkref_out,False,7211
LOC552440,LOC552440,Gene Expression,A_mel_mkref_out,False,12012
LOC113219395,LOC113219395,Gene Expression,A_mel_mkref_out,False,1766
LOC410702,LOC410702,Gene Expression,A_mel_mkref_out,False,23664
LOC409481,LOC409481,Gene Expression,A_mel_mkref_out,False,35688
LOC408600,LOC408600,Gene Expression,A_mel_mkref_out,False,54886
LOC113219103,LOC113219103,Gene Expression,A_mel_mkref_out,False,43
LOC411836,LOC411836,Gene Expression,A_mel_mkref_out,False,6854
LOC726119,LOC726119,Gene Expression,A_mel_mkref_out,False,6473
LOC107965622,LOC107965622,Gene Expression,A_mel_mkref_out,False,2053
LOC113218813,LOC113218813,Gene Expression,A_mel_mkref_out,False,2342
LOC100577074,LOC100577074,Gene Expression,A_mel_mkref_out,False,2855
LOC100577882,LOC100577882,Gene Expression,A_mel_mkref_out,False,828
LOC551204,LOC551204,Gene Expression,A_mel_mkref_out,False,33030
LOC409027,LOC409027,Gene Expression,A_mel_mkref_out,False,54827
LOC410766,LOC410766,Gene Expression,A_mel_mkref_out,False,38965
LOC551581,LOC551581,Gene Expression,A_mel_mkref_out,False,2330
LOC412626,LOC412626,Gene Expression,A_mel_mkref_out,False,6677
LOC107965716,LOC107965716,Gene Expression,A_mel_mkref_out,False,2344
LOC552628,LOC552628,Gene Expression,A_mel_mkref_out,False,9479
LOC726291,LOC726291,Gene Expression,A_mel_mkref_out,False,21467
LOC726088,LOC726088,Gene Expression,A_mel_mkref_out,False,25441
LOC411700,LOC411700,Gene Expression,A_mel_mkref_out,False,35013
LOC408602,LOC408602,Gene Expression,A_mel_mkref_out,False,69918
LOC724798,LOC724798,Gene Expression,A_mel_mkref_out,False,9235
LOC551280,LOC551280,Gene Expression,A_mel_mkref_out,False,1853
LOC107965530,LOC107965530,Gene Expression,A_mel_mkref_out,False,51
LOC725388,LOC725388,Gene Expression,A_mel_mkref_out,False,23442
LOC107966045,LOC107966045,Gene Expression,A_mel_mkref_out,False,149
LOC102655811,LOC102655811,Gene Expression,A_mel_mkref_out,False,246
LOC107966060,LOC107966060,Gene Expression,A_mel_mkref_out,False,61
LOC726014,LOC726014,Gene Expression,A_mel_mkref_out,False,33722
LOC102655431,LOC102655431,Gene Expression,A_mel_mkref_out,False,233
LOC725045,LOC725045,Gene Expression,A_mel_mkref_out,False,7686
LOC113218608,LOC113218608,Gene Expression,A_mel_mkref_out,False,1683
LOC552197,LOC552197,Gene Expression,A_mel_mkref_out,False,21980
LOC107966072,LOC107966072,Gene Expression,A_mel_mkref_out,False,1734
LOC726348,LOC726348,Gene Expression,A_mel_mkref_out,False,23343
Akhr,GeneID_551388,Gene Expression,A_mel_mkref_out,False,1027
LOC410688,LOC410688,Gene Expression,A_mel_mkref_out,False,31155
LOC113218757,LOC113218757,Gene Expression,A_mel_mkref_out,False,155
LOC409096,LOC409096,Gene Expression,A_mel_mkref_out,False,1722
LOC413574,LOC413574,Gene Expression,A_mel_mkref_out,False,10799
LOC411850,LOC411850,Gene Expression,A_mel_mkref_out,False,34077
LOC100576697,LOC100576697,Gene Expression,A_mel_mkref_out,False,5116
LOC410723,LOC410723,Gene Expression,A_mel_mkref_out,False,31565
LOC410744,LOC410744,Gene Expression,A_mel_mkref_out,False,2972
LOC100577296,LOC100577296,Gene Expression,A_mel_mkref_out,False,2283
LOC551208,LOC551208,Gene Expression,A_mel_mkref_out,False,5953
LOC100578913,LOC100578913,Gene Expression,A_mel_mkref_out,False,1499
LOC100577425,LOC100577425,Gene Expression,A_mel_mkref_out,False,3494
LOC101664701,LOC101664701,Gene Expression,A_mel_mkref_out,False,1006
LOC727452,LOC727452,Gene Expression,A_mel_mkref_out,False,23441
LOC100578245,LOC100578245,Gene Expression,A_mel_mkref_out,False,6558
LOC550903,LOC550903,Gene Expression,A_mel_mkref_out,False,15495
LOC102656752,LOC102656752,Gene Expression,A_mel_mkref_out,False,49
LOC408626,LOC408626,Gene Expression,A_mel_mkref_out,False,32475
LOC113219192,LOC113219192,Gene Expression,A_mel_mkref_out,False,41
LOC102655181,LOC102655181,Gene Expression,A_mel_mkref_out,False,496
LOC725308,LOC725308,Gene Expression,A_mel_mkref_out,False,15216
LOC102653957,LOC102653957,Gene Expression,A_mel_mkref_out,False,5649
LOC725458,LOC725458,Gene Expression,A_mel_mkref_out,False,4026
LOC100578631,LOC100578631,Gene Expression,A_mel_mkref_out,False,49153
LOC107965607,LOC107965607,Gene Expression,A_mel_mkref_out,False,550
LOC409859,LOC409859,Gene Expression,A_mel_mkref_out,False,22858
LOC724634,LOC724634,Gene Expression,A_mel_mkref_out,False,66200
LOC408625,LOC408625,Gene Expression,A_mel_mkref_out,False,9189
LOC102654555,LOC102654555,Gene Expression,A_mel_mkref_out,False,26483
LOC100577239,LOC100577239,Gene Expression,A_mel_mkref_out,False,5835
LOC113219090,LOC113219090,Gene Expression,A_mel_mkref_out,False,1461
LOC412088,LOC412088,Gene Expression,A_mel_mkref_out,False,24217
LOC552083,LOC552083,Gene Expression,A_mel_mkref_out,False,14137
LOC409755,LOC409755,Gene Expression,A_mel_mkref_out,False,8722
LOC551242,LOC551242,Gene Expression,A_mel_mkref_out,False,18674
LOC724328,LOC724328,Gene Expression,A_mel_mkref_out,False,17286
LOC552676,LOC552676,Gene Expression,A_mel_mkref_out,False,13058
LOC552094,LOC552094,Gene Expression,A_mel_mkref_out,False,47099
LOC726912,LOC726912,Gene Expression,A_mel_mkref_out,False,10837
LOC725841,LOC725841,Gene Expression,A_mel_mkref_out,False,8416
LOC551415,LOC551415,Gene Expression,A_mel_mkref_out,False,14934
LOC724240,LOC724240,Gene Expression,A_mel_mkref_out,False,31898
Msx,GeneID_724456,Gene Expression,A_mel_mkref_out,False,1175
LOC725572,LOC725572,Gene Expression,A_mel_mkref_out,False,21311
LOC410749,LOC410749,Gene Expression,A_mel_mkref_out,False,19305
LOC724197,LOC724197,Gene Expression,A_mel_mkref_out,False,47
LOC100578334,LOC100578334,Gene Expression,A_mel_mkref_out,False,39
LOC102653822,LOC102653822,Gene Expression,A_mel_mkref_out,False,979
LOC414039,LOC414039,Gene Expression,A_mel_mkref_out,False,8360
LOC552473,LOC552473,Gene Expression,A_mel_mkref_out,False,27167
LOC107965319,LOC107965319,Gene Expression,A_mel_mkref_out,False,21
LOC100576770,LOC100576770,Gene Expression,A_mel_mkref_out,False,8272
LOC409053,LOC409053,Gene Expression,A_mel_mkref_out,False,82662
LOC100578115,LOC100578115,Gene Expression,A_mel_mkref_out,False,20
LOC113219248,LOC113219248,Gene Expression,A_mel_mkref_out,False,66
LOC413080,LOC413080,Gene Expression,A_mel_mkref_out,False,5079
LOC410664,LOC410664,Gene Expression,A_mel_mkref_out,False,22504
LOC100578378,LOC100578378,Gene Expression,A_mel_mkref_out,False,467
LOC726729,LOC726729,Gene Expression,A_mel_mkref_out,False,66868
LOC102655540,LOC102655540,Gene Expression,A_mel_mkref_out,False,5290
LOC551906,LOC551906,Gene Expression,A_mel_mkref_out,False,22215
LOC113219285,LOC113219285,Gene Expression,A_mel_mkref_out,False,1761
LOC726220,LOC726220,Gene Expression,A_mel_mkref_out,False,3853
LOC727144,LOC727144,Gene Expression,A_mel_mkref_out,False,12555
LOC551386,LOC551386,Gene Expression,A_mel_mkref_out,False,11927
LOC551818,LOC551818,Gene Expression,A_mel_mkref_out,False,18775
LOC410157,LOC410157,Gene Expression,A_mel_mkref_out,False,13917
LOC113218547,LOC113218547,Gene Expression,A_mel_mkref_out,False,4324
LOC552332,LOC552332,Gene Expression,A_mel_mkref_out,False,35846
LOC107965369,LOC107965369,Gene Expression,A_mel_mkref_out,False,5182
LOC551670,LOC551670,Gene Expression,A_mel_mkref_out,False,5025
LOC100577533,LOC100577533,Gene Expression,A_mel_mkref_out,False,12416
LOC100576139,LOC100576139,Gene Expression,A_mel_mkref_out,False,5870
LOC113219245,LOC113219245,Gene Expression,A_mel_mkref_out,False,8066
LOC100578133,LOC100578133,Gene Expression,A_mel_mkref_out,False,2328
LOC414017,LOC414017,Gene Expression,A_mel_mkref_out,False,42611
LOC550785,LOC550785,Gene Expression,A_mel_mkref_out,False,90697
LOC413759,LOC413759,Gene Expression,A_mel_mkref_out,False,15805
LOC552660,LOC552660,Gene Expression,A_mel_mkref_out,False,15861
LOC410772,LOC410772,Gene Expression,A_mel_mkref_out,False,6754
LOC724639,LOC724639,Gene Expression,A_mel_mkref_out,False,18390
LOC100576726,LOC100576726,Gene Expression,A_mel_mkref_out,False,174
LOC100578571,LOC100578571,Gene Expression,A_mel_mkref_out,False,225
LOC725040,LOC725040,Gene Expression,A_mel_mkref_out,False,17548
LOC550996,LOC550996,Gene Expression,A_mel_mkref_out,False,20940
LOC725817,LOC725817,Gene Expression,A_mel_mkref_out,False,6812
LOC409911,LOC409911,Gene Expression,A_mel_mkref_out,False,43420
LOC113218939,LOC113218939,Gene Expression,A_mel_mkref_out,False,1020
LOC552065,LOC552065,Gene Expression,A_mel_mkref_out,False,9981
LOC410779,LOC410779,Gene Expression,A_mel_mkref_out,False,73596
LOC412114,LOC412114,Gene Expression,A_mel_mkref_out,False,13078
LOC409689,LOC409689,Gene Expression,A_mel_mkref_out,False,12401
LOC725279,LOC725279,Gene Expression,A_mel_mkref_out,False,10444
LOC410736,LOC410736,Gene Expression,A_mel_mkref_out,False,525
LOC409109,LOC409109,Gene Expression,A_mel_mkref_out,False,11760
LOC726368,LOC726368,Gene Expression,A_mel_mkref_out,False,11163
LOC100578657,LOC100578657,Gene Expression,A_mel_mkref_out,False,11056
LOC413425,LOC413425,Gene Expression,A_mel_mkref_out,False,18403
LOC102655652,LOC102655652,Gene Expression,A_mel_mkref_out,False,1227
LOC408574,LOC408574,Gene Expression,A_mel_mkref_out,False,20512
LOC724326,LOC724326,Gene Expression,A_mel_mkref_out,False,6311
LOC113218530,LOC113218530,Gene Expression,A_mel_mkref_out,False,541
LOC413674,LOC413674,Gene Expression,A_mel_mkref_out,False,11925
LOC100578653,LOC100578653,Gene Expression,A_mel_mkref_out,False,14442
LOC409926,LOC409926,Gene Expression,A_mel_mkref_out,False,18026
LOC113219272,LOC113219272,Gene Expression,A_mel_mkref_out,False,4374
LOC100576126,LOC100576126,Gene Expression,A_mel_mkref_out,False,38
LOC100576505,LOC100576505,Gene Expression,A_mel_mkref_out,False,647
Rfwd3,GeneID_409940,Gene Expression,A_mel_mkref_out,False,58699
LOC102656611,LOC102656611,Gene Expression,A_mel_mkref_out,False,715
LOC410009,LOC410009,Gene Expression,A_mel_mkref_out,False,2165
LOC102656644,LOC102656644,Gene Expression,A_mel_mkref_out,False,134
LOC102653658,LOC102653658,Gene Expression,A_mel_mkref_out,False,2632
LOC551205,LOC551205,Gene Expression,A_mel_mkref_out,False,20821
LOC100577822,LOC100577822,Gene Expression,A_mel_mkref_out,False,1311
LOC412287,LOC412287,Gene Expression,A_mel_mkref_out,False,27309
LOC409417,LOC409417,Gene Expression,A_mel_mkref_out,False,29307
LOC409074,LOC409074,Gene Expression,A_mel_mkref_out,False,33801
LOC100576132,LOC100576132,Gene Expression,A_mel_mkref_out,False,6033
LOC410686,LOC410686,Gene Expression,A_mel_mkref_out,False,87776
LOC100576242,LOC100576242,Gene Expression,A_mel_mkref_out,False,31467
LOC410756,LOC410756,Gene Expression,A_mel_mkref_out,False,56180
LOC100578472,LOC100578472,Gene Expression,A_mel_mkref_out,False,12210
LOC411985,LOC411985,Gene Expression,A_mel_mkref_out,False,39676
LOC410718,LOC410718,Gene Expression,A_mel_mkref_out,False,74608
LOC409079,LOC409079,Gene Expression,A_mel_mkref_out,False,10360
rtGEF,GeneID_411626,Gene Expression,A_mel_mkref_out,False,29994
LOC725348,LOC725348,Gene Expression,A_mel_mkref_out,False,16082
LOC726918,LOC726918,Gene Expression,A_mel_mkref_out,False,36879
LOC724796,LOC724796,Gene Expression,A_mel_mkref_out,False,104
LOC113218850,LOC113218850,Gene Expression,A_mel_mkref_out,False,24156
LOC410662,LOC410662,Gene Expression,A_mel_mkref_out,False,31114
LOC726223,LOC726223,Gene Expression,A_mel_mkref_out,False,12304
LOC100576446,LOC100576446,Gene Expression,A_mel_mkref_out,False,2407
LOC725816,LOC725816,Gene Expression,A_mel_mkref_out,False,6602
LOC410685,LOC410685,Gene Expression,A_mel_mkref_out,False,20142
LOC100576700,LOC100576700,Gene Expression,A_mel_mkref_out,False,26456
LOC552294,LOC552294,Gene Expression,A_mel_mkref_out,False,42535
LOC409392,LOC409392,Gene Expression,A_mel_mkref_out,False,25269
LOC726590,LOC726590,Gene Expression,A_mel_mkref_out,False,21
LOC551558,LOC551558,Gene Expression,A_mel_mkref_out,False,60237
LOC724618,LOC724618,Gene Expression,A_mel_mkref_out,False,69851
LOC100576662,LOC100576662,Gene Expression,A_mel_mkref_out,False,198
LOC102656426,LOC102656426,Gene Expression,A_mel_mkref_out,False,307
LOC413907,LOC413907,Gene Expression,A_mel_mkref_out,False,927
LOC551842,LOC551842,Gene Expression,A_mel_mkref_out,False,16913
LOC102654856,LOC102654856,Gene Expression,A_mel_mkref_out,False,2027
LOC113219261,LOC113219261,Gene Expression,A_mel_mkref_out,False,2693
LOC409261,LOC409261,Gene Expression,A_mel_mkref_out,False,11743
LOC408614,LOC408614,Gene Expression,A_mel_mkref_out,False,71746
LOC725746,LOC725746,Gene Expression,A_mel_mkref_out,False,18952
LOC552366,LOC552366,Gene Expression,A_mel_mkref_out,False,303
LOC107965508,LOC107965508,Gene Expression,A_mel_mkref_out,False,13206
LOC552229,LOC552229,Gene Expression,A_mel_mkref_out,False,2027
LOC724193,LOC724193,Gene Expression,A_mel_mkref_out,False,1802
LOC412397,LOC412397,Gene Expression,A_mel_mkref_out,False,18302
Grd,GeneID_413803,Gene Expression,A_mel_mkref_out,False,28486
LOC413470,LOC413470,Gene Expression,A_mel_mkref_out,False,27468
LOC412141,LOC412141,Gene Expression,A_mel_mkref_out,False,13884
Emc,GeneID_100216325,Gene Expression,A_mel_mkref_out,False,38377
LOC107965915,LOC107965915,Gene Expression,A_mel_mkref_out,False,69
LOC113219123,LOC113219123,Gene Expression,A_mel_mkref_out,False,86
otd2,GeneID_551357,Gene Expression,A_mel_mkref_out,False,9563
LOC107965347,LOC107965347,Gene Expression,A_mel_mkref_out,False,596
LOC100577648,LOC100577648,Gene Expression,A_mel_mkref_out,False,18587
LOC725081,LOC725081,Gene Expression,A_mel_mkref_out,False,35154
LOC113219140,LOC113219140,Gene Expression,A_mel_mkref_out,False,173
LOC551279,LOC551279,Gene Expression,A_mel_mkref_out,False,64497
LOC724118,LOC724118,Gene Expression,A_mel_mkref_out,False,6628
LOC113218708,LOC113218708,Gene Expression,A_mel_mkref_out,False,7139
LOC100577872,LOC100577872,Gene Expression,A_mel_mkref_out,False,24785
LOC724495,LOC724495,Gene Expression,A_mel_mkref_out,False,9315
LOC113218910,LOC113218910,Gene Expression,A_mel_mkref_out,False,1245
LOC725712,LOC725712,Gene Expression,A_mel_mkref_out,False,25920
LOC551320,LOC551320,Gene Expression,A_mel_mkref_out,False,81558
LOC102654681,LOC102654681,Gene Expression,A_mel_mkref_out,False,14738
LOC409225,LOC409225,Gene Expression,A_mel_mkref_out,False,12378
LOC726243,LOC726243,Gene Expression,A_mel_mkref_out,False,43636
LOC102654175,LOC102654175,Gene Expression,A_mel_mkref_out,False,313
LOC409462,LOC409462,Gene Expression,A_mel_mkref_out,False,13333
LOC100579018,LOC100579018,Gene Expression,A_mel_mkref_out,False,353
LOC552530,LOC552530,Gene Expression,A_mel_mkref_out,False,32521
LOC724330,LOC724330,Gene Expression,A_mel_mkref_out,False,7602
LOC411408,LOC411408,Gene Expression,A_mel_mkref_out,False,24736
LOC408598,LOC408598,Gene Expression,A_mel_mkref_out,False,40446
LOC100578551,LOC100578551,Gene Expression,A_mel_mkref_out,False,20532
LOC113219263,LOC113219263,Gene Expression,A_mel_mkref_out,False,84
LOC411704,LOC411704,Gene Expression,A_mel_mkref_out,False,1877
LOC102655107,LOC102655107,Gene Expression,A_mel_mkref_out,False,2798
LOC412016,LOC412016,Gene Expression,A_mel_mkref_out,False,11228
LOC550645,LOC550645,Gene Expression,A_mel_mkref_out,False,25849
LOC551531,LOC551531,Gene Expression,A_mel_mkref_out,False,13878
LOC102654478,LOC102654478,Gene Expression,A_mel_mkref_out,False,408
Glob1,GeneID_751098,Gene Expression,A_mel_mkref_out,False,1721
LOC107964283,LOC107964283,Gene Expression,A_mel_mkref_out,False,21813
LOC107963991,LOC107963991,Gene Expression,A_mel_mkref_out,False,15401
LOC113219406,LOC113219406,Gene Expression,A_mel_mkref_out,False,1649
LOC727199,LOC727199,Gene Expression,A_mel_mkref_out,False,24725
LOC409298,LOC409298,Gene Expression,A_mel_mkref_out,False,17281
LOC413303,LOC413303,Gene Expression,A_mel_mkref_out,False,1914
LOC100577992,LOC100577992,Gene Expression,A_mel_mkref_out,False,6206
LOC551791,LOC551791,Gene Expression,A_mel_mkref_out,False,11155
LOC113219088,LOC113219088,Gene Expression,A_mel_mkref_out,False,6212
LOC100578184,LOC100578184,Gene Expression,A_mel_mkref_out,False,336
LOC551573,LOC551573,Gene Expression,A_mel_mkref_out,False,22170
LOC413099,LOC413099,Gene Expression,A_mel_mkref_out,False,20555
LOC100578082,LOC100578082,Gene Expression,A_mel_mkref_out,False,5272
LOC412523,LOC412523,Gene Expression,A_mel_mkref_out,False,5324
LOC107964619,LOC107964619,Gene Expression,A_mel_mkref_out,False,104
LOC100577942,LOC100577942,Gene Expression,A_mel_mkref_out,False,56
LOC410748,LOC410748,Gene Expression,A_mel_mkref_out,False,11673
LOC413631,LOC413631,Gene Expression,A_mel_mkref_out,False,8529
LOC551680,LOC551680,Gene Expression,A_mel_mkref_out,False,3485
LOC113219004,LOC113219004,Gene Expression,A_mel_mkref_out,False,13568
LOC410061,LOC410061,Gene Expression,A_mel_mkref_out,False,42426
LOC408618,LOC408618,Gene Expression,A_mel_mkref_out,False,77809
LOC726591,LOC726591,Gene Expression,A_mel_mkref_out,False,12807
LOC100577655,LOC100577655,Gene Expression,A_mel_mkref_out,False,68
LOC102656814,LOC102656814,Gene Expression,A_mel_mkref_out,False,4428
LOC726578,LOC726578,Gene Expression,A_mel_mkref_out,False,116
LOC552118,LOC552118,Gene Expression,A_mel_mkref_out,False,10056
LOC102654549,LOC102654549,Gene Expression,A_mel_mkref_out,False,298
LOC413834,LOC413834,Gene Expression,A_mel_mkref_out,False,57582
LOC102655391,LOC102655391,Gene Expression,A_mel_mkref_out,False,987
LOC409925,LOC409925,Gene Expression,A_mel_mkref_out,False,25887
LOC726431,LOC726431,Gene Expression,A_mel_mkref_out,False,23497
LOC408592,LOC408592,Gene Expression,A_mel_mkref_out,False,1868
LOC102653614,LOC102653614,Gene Expression,A_mel_mkref_out,False,6277
LOC408567,LOC408567,Gene Expression,A_mel_mkref_out,False,15563
LOC726325,LOC726325,Gene Expression,A_mel_mkref_out,False,37325
LOC113219389,LOC113219389,Gene Expression,A_mel_mkref_out,False,453
LOC100578883,LOC100578883,Gene Expression,A_mel_mkref_out,False,20584
LOC551381,LOC551381,Gene Expression,A_mel_mkref_out,False,37893
LOC726172,LOC726172,Gene Expression,A_mel_mkref_out,False,21579
LOC100576820,LOC100576820,Gene Expression,A_mel_mkref_out,False,195
LOC410727,LOC410727,Gene Expression,A_mel_mkref_out,False,18156
LOC100576537,LOC100576537,Gene Expression,A_mel_mkref_out,False,1551
LOC410719,LOC410719,Gene Expression,A_mel_mkref_out,False,10910
LOC408586,LOC408586,Gene Expression,A_mel_mkref_out,False,82649
LOC100577918,LOC100577918,Gene Expression,A_mel_mkref_out,False,1520
LOC724992,LOC724992,Gene Expression,A_mel_mkref_out,False,19080
LOC551732,LOC551732,Gene Expression,A_mel_mkref_out,False,13914
LOC413499,LOC413499,Gene Expression,A_mel_mkref_out,False,11960
LOC726178,LOC726178,Gene Expression,A_mel_mkref_out,False,69248
LOC107966053,LOC107966053,Gene Expression,A_mel_mkref_out,False,4179
LOC551671,LOC551671,Gene Expression,A_mel_mkref_out,False,6662
LOC724535,LOC724535,Gene Expression,A_mel_mkref_out,False,77342
LOC409620,LOC409620,Gene Expression,A_mel_mkref_out,False,21144
LOC552163,LOC552163,Gene Expression,A_mel_mkref_out,False,27577
LOC411351,LOC411351,Gene Expression,A_mel_mkref_out,False,20161
LOC100578901,LOC100578901,Gene Expression,A_mel_mkref_out,False,7886
LOC725460,LOC725460,Gene Expression,A_mel_mkref_out,False,76816
LOC102655034,LOC102655034,Gene Expression,A_mel_mkref_out,False,4948
LOC409189,LOC409189,Gene Expression,A_mel_mkref_out,False,28766
LOC107965033,LOC107965033,Gene Expression,A_mel_mkref_out,False,822
LOC551069,LOC551069,Gene Expression,A_mel_mkref_out,False,53752
LOC725748,LOC725748,Gene Expression,A_mel_mkref_out,False,15592
LOC551406,LOC551406,Gene Expression,A_mel_mkref_out,False,8491
LOC409739,LOC409739,Gene Expression,A_mel_mkref_out,False,13937
Crz,GeneID_503862,Gene Expression,A_mel_mkref_out,False,3901
LOC102655073,LOC102655073,Gene Expression,A_mel_mkref_out,False,1823
LOC413524,LOC413524,Gene Expression,A_mel_mkref_out,False,21102
LOC724681,LOC724681,Gene Expression,A_mel_mkref_out,False,8341
LOC107965104,LOC107965104,Gene Expression,A_mel_mkref_out,False,1600
LOC724678,LOC724678,Gene Expression,A_mel_mkref_out,False,16660
LOC107963982,LOC107963982,Gene Expression,A_mel_mkref_out,False,43829
LOC552167,LOC552167,Gene Expression,A_mel_mkref_out,False,31040
LOC725344,LOC725344,Gene Expression,A_mel_mkref_out,False,8953
LOC100576547,LOC100576547,Gene Expression,A_mel_mkref_out,False,866
LOC412918,LOC412918,Gene Expression,A_mel_mkref_out,False,64617
LOC411372,LOC411372,Gene Expression,A_mel_mkref_out,False,10877
LOC411997,LOC411997,Gene Expression,A_mel_mkref_out,False,2395
LOC726944,LOC726944,Gene Expression,A_mel_mkref_out,False,2598
LOC413055,LOC413055,Gene Expression,A_mel_mkref_out,False,21621
LOC724239,LOC724239,Gene Expression,A_mel_mkref_out,False,122
LOC552654,LOC552654,Gene Expression,A_mel_mkref_out,False,17071
LOC113219399,LOC113219399,Gene Expression,A_mel_mkref_out,False,291
LOC107964061,LOC107964061,Gene Expression,A_mel_mkref_out,False,57854
LOC100578016,LOC100578016,Gene Expression,A_mel_mkref_out,False,5873
LOC410705,LOC410705,Gene Expression,A_mel_mkref_out,False,59
LOC107964012,LOC107964012,Gene Expression,A_mel_mkref_out,False,5011
LOC727331,LOC727331,Gene Expression,A_mel_mkref_out,False,24090
LOC100577521,LOC100577521,Gene Expression,A_mel_mkref_out,False,1210
LOC552395,LOC552395,Gene Expression,A_mel_mkref_out,False,676
LOC113218556,LOC113218556,Gene Expression,A_mel_mkref_out,False,32947
LOC410690,LOC410690,Gene Expression,A_mel_mkref_out,False,26284
LOC412316,LOC412316,Gene Expression,A_mel_mkref_out,False,870
LOC725386,LOC725386,Gene Expression,A_mel_mkref_out,False,97
LOC724587,LOC724587,Gene Expression,A_mel_mkref_out,False,28930
LOC726685,LOC726685,Gene Expression,A_mel_mkref_out,False,28801
LOC726920,LOC726920,Gene Expression,A_mel_mkref_out,False,396
LOC412362,LOC412362,Gene Expression,A_mel_mkref_out,False,14989
LOC102654916,LOC102654916,Gene Expression,A_mel_mkref_out,False,150
LOC551469,LOC551469,Gene Expression,A_mel_mkref_out,False,21566
LOC552067,LOC552067,Gene Expression,A_mel_mkref_out,False,9854
LOC113219412,LOC113219412,Gene Expression,A_mel_mkref_out,False,26424
LOC100576445,LOC100576445,Gene Expression,A_mel_mkref_out,False,2943
LOC102655531,LOC102655531,Gene Expression,A_mel_mkref_out,False,232
LOC551358,LOC551358,Gene Expression,A_mel_mkref_out,False,12463
LOC410673,LOC410673,Gene Expression,A_mel_mkref_out,False,13591
LOC411573,LOC411573,Gene Expression,A_mel_mkref_out,False,27489
LOC408642,LOC408642,Gene Expression,A_mel_mkref_out,False,3495
LOC724761,LOC724761,Gene Expression,A_mel_mkref_out,False,44592
LOC107966043,LOC107966043,Gene Expression,A_mel_mkref_out,False,14921
LOC551071,LOC551071,Gene Expression,A_mel_mkref_out,False,86865
LOC113218940,LOC113218940,Gene Expression,A_mel_mkref_out,False,63
LOC113219329,LOC113219329,Gene Expression,A_mel_mkref_out,False,158
LOC410753,LOC410753,Gene Expression,A_mel_mkref_out,False,7551
LOC408619,LOC408619,Gene Expression,A_mel_mkref_out,False,26060
LOC409922,LOC409922,Gene Expression,A_mel_mkref_out,False,15734
LOC100578568,LOC100578568,Gene Expression,A_mel_mkref_out,False,814
LOC413558,LOC413558,Gene Expression,A_mel_mkref_out,False,18038
LOC551941,LOC551941,Gene Expression,A_mel_mkref_out,False,35719
LOC410757,LOC410757,Gene Expression,A_mel_mkref_out,False,9828
LOC551207,LOC551207,Gene Expression,A_mel_mkref_out,False,29616
LOC725345,LOC725345,Gene Expression,A_mel_mkref_out,False,11571
LOC551676,LOC551676,Gene Expression,A_mel_mkref_out,False,23009
LOC725154,LOC725154,Gene Expression,A_mel_mkref_out,False,2776
LOC413560,LOC413560,Gene Expression,A_mel_mkref_out,False,4865
LOC100578031,LOC100578031,Gene Expression,A_mel_mkref_out,False,61895
LOC410725,LOC410725,Gene Expression,A_mel_mkref_out,False,8584
LOC113218663,LOC113218663,Gene Expression,A_mel_mkref_out,False,3542
LOC409340,LOC409340,Gene Expression,A_mel_mkref_out,False,24392
LOC411781,LOC411781,Gene Expression,A_mel_mkref_out,False,8751
LOC726779,LOC726779,Gene Expression,A_mel_mkref_out,False,9365
LOC411910,LOC411910,Gene Expression,A_mel_mkref_out,False,428
LOC409288,LOC409288,Gene Expression,A_mel_mkref_out,False,32449
LOC726609,LOC726609,Gene Expression,A_mel_mkref_out,False,39301
LOC102656856,LOC102656856,Gene Expression,A_mel_mkref_out,False,926
LOC410672,LOC410672,Gene Expression,A_mel_mkref_out,False,26542
LOC113219125,LOC113219125,Gene Expression,A_mel_mkref_out,False,1661
LOC100578131,LOC100578131,Gene Expression,A_mel_mkref_out,False,59
LOC727074,LOC727074,Gene Expression,A_mel_mkref_out,False,17381
LOC107965231,LOC107965231,Gene Expression,A_mel_mkref_out,False,3671
LOC410034,LOC410034,Gene Expression,A_mel_mkref_out,False,8722
LOC100576338,LOC100576338,Gene Expression,A_mel_mkref_out,False,2269
LOC410771,LOC410771,Gene Expression,A_mel_mkref_out,False,45702
LOC552372,LOC552372,Gene Expression,A_mel_mkref_out,False,13274
LOC107964221,LOC107964221,Gene Expression,A_mel_mkref_out,False,19557
LOC725736,LOC725736,Gene Expression,A_mel_mkref_out,False,9548
LOC408589,LOC408589,Gene Expression,A_mel_mkref_out,False,45726
LOC552064,LOC552064,Gene Expression,A_mel_mkref_out,False,31944
Trxr-1,GeneID_410032,Gene Expression,A_mel_mkref_out,False,25920
LOC102655775,LOC102655775,Gene Expression,A_mel_mkref_out,False,76
LOC409517,LOC409517,Gene Expression,A_mel_mkref_out,False,33631
LOC410763,LOC410763,Gene Expression,A_mel_mkref_out,False,10463
LOC410747,LOC410747,Gene Expression,A_mel_mkref_out,False,6560
LOC412262,LOC412262,Gene Expression,A_mel_mkref_out,False,26786
LOC113219392,LOC113219392,Gene Expression,A_mel_mkref_out,False,647
LOC724196,LOC724196,Gene Expression,A_mel_mkref_out,False,2074
LOC551622,LOC551622,Gene Expression,A_mel_mkref_out,False,6150
LOC113219135,LOC113219135,Gene Expression,A_mel_mkref_out,False,1680
LOC113218798,LOC113218798,Gene Expression,A_mel_mkref_out,False,10575
LOC409757,LOC409757,Gene Expression,A_mel_mkref_out,False,37941
LOC725239,LOC725239,Gene Expression,A_mel_mkref_out,False,843
LOC113219405,LOC113219405,Gene Expression,A_mel_mkref_out,False,3276
LOC100577833,LOC100577833,Gene Expression,A_mel_mkref_out,False,32981
LOC100577113,LOC100577113,Gene Expression,A_mel_mkref_out,False,12925
LOC412588,LOC412588,Gene Expression,A_mel_mkref_out,False,33968
LOC100576602,LOC100576602,Gene Expression,A_mel_mkref_out,False,8568
LOC100576425,LOC100576425,Gene Expression,A_mel_mkref_out,False,7925
LOC413835,LOC413835,Gene Expression,A_mel_mkref_out,False,43775
LOC552719,LOC552719,Gene Expression,A_mel_mkref_out,False,11561
LOC409704,LOC409704,Gene Expression,A_mel_mkref_out,False,41856
LOC102656044,LOC102656044,Gene Expression,A_mel_mkref_out,False,96
LOC107965163,LOC107965163,Gene Expression,A_mel_mkref_out,False,942
LOC724948,LOC724948,Gene Expression,A_mel_mkref_out,False,24012
LOC726221,LOC726221,Gene Expression,A_mel_mkref_out,False,22807
LOC726742,LOC726742,Gene Expression,A_mel_mkref_out,False,16416
LOC411968,LOC411968,Gene Expression,A_mel_mkref_out,False,43
LOC551450,LOC551450,Gene Expression,A_mel_mkref_out,False,40331
LOC107965891,LOC107965891,Gene Expression,A_mel_mkref_out,False,3219
LOC409193,LOC409193,Gene Expression,A_mel_mkref_out,False,36766
LOC412495,LOC412495,Gene Expression,A_mel_mkref_out,False,17597
LOC107963981,LOC107963981,Gene Expression,A_mel_mkref_out,False,326
Tret1,GeneID_551643,Gene Expression,A_mel_mkref_out,False,16657
LOC725527,LOC725527,Gene Expression,A_mel_mkref_out,False,2208
LOC113219308,LOC113219308,Gene Expression,A_mel_mkref_out,False,2730
LOC727419,LOC727419,Gene Expression,A_mel_mkref_out,False,7187
LOC725421,LOC725421,Gene Expression,A_mel_mkref_out,False,8969
LOC113219302,LOC113219302,Gene Expression,A_mel_mkref_out,False,190
LOC409936,LOC409936,Gene Expression,A_mel_mkref_out,False,51861
LOC724537,LOC724537,Gene Expression,A_mel_mkref_out,False,27270
LOC102655594,LOC102655594,Gene Expression,A_mel_mkref_out,False,271
LOC102653866,LOC102653866,Gene Expression,A_mel_mkref_out,False,6208
LOC408573,LOC408573,Gene Expression,A_mel_mkref_out,False,12248
LOC726259,LOC726259,Gene Expression,A_mel_mkref_out,False,8235
LOC410777,LOC410777,Gene Expression,A_mel_mkref_out,False,31938
LOC724282,LOC724282,Gene Expression,A_mel_mkref_out,False,2024
LOC411794,LOC411794,Gene Expression,A_mel_mkref_out,False,29241
LOC102654380,LOC102654380,Gene Expression,A_mel_mkref_out,False,135
LOC100577082,LOC100577082,Gene Expression,A_mel_mkref_out,False,11665
LOC113219404,LOC113219404,Gene Expression,A_mel_mkref_out,False,53537
LOC113219258,LOC113219258,Gene Expression,A_mel_mkref_out,False,6609
LOC100577325,LOC100577325,Gene Expression,A_mel_mkref_out,False,39508
LOC410678,LOC410678,Gene Expression,A_mel_mkref_out,False,21907
LOC100578621,LOC100578621,Gene Expression,A_mel_mkref_out,False,30002
LOC551546,LOC551546,Gene Expression,A_mel_mkref_out,False,25169
LOC409126,LOC409126,Gene Expression,A_mel_mkref_out,False,27012
LOC100577365,LOC100577365,Gene Expression,A_mel_mkref_out,False,381
LOC550977,LOC550977,Gene Expression,A_mel_mkref_out,False,27553
LOC107965381,LOC107965381,Gene Expression,A_mel_mkref_out,False,10246
LOC102656083,LOC102656083,Gene Expression,A_mel_mkref_out,False,1993
LOC726056,LOC726056,Gene Expression,A_mel_mkref_out,False,35085
LOC409733,LOC409733,Gene Expression,A_mel_mkref_out,False,26405
LOC724903,LOC724903,Gene Expression,A_mel_mkref_out,False,34461
LOC552095,LOC552095,Gene Expression,A_mel_mkref_out,False,16104
LOC413118,LOC413118,Gene Expression,A_mel_mkref_out,False,35746
LOC102655896,LOC102655896,Gene Expression,A_mel_mkref_out,False,30255
LOC412528,LOC412528,Gene Expression,A_mel_mkref_out,False,17155
LOC552153,LOC552153,Gene Expression,A_mel_mkref_out,False,7888
LOC113218805,LOC113218805,Gene Expression,A_mel_mkref_out,False,5825
LOC100578424,LOC100578424,Gene Expression,A_mel_mkref_out,False,10739
LOC725945,LOC725945,Gene Expression,A_mel_mkref_out,False,169
LOC724195,LOC724195,Gene Expression,A_mel_mkref_out,False,44932
LOC102656618,LOC102656618,Gene Expression,A_mel_mkref_out,False,3803
LOC409957,LOC409957,Gene Expression,A_mel_mkref_out,False,81648
LOC408635,LOC408635,Gene Expression,A_mel_mkref_out,False,13628
LOC551156,LOC551156,Gene Expression,A_mel_mkref_out,False,17431
LOC102654265,LOC102654265,Gene Expression,A_mel_mkref_out,False,4471
LOC100579052,LOC100579052,Gene Expression,A_mel_mkref_out,False,2190
LOC107964068,LOC107964068,Gene Expression,A_mel_mkref_out,False,1350
LOC410694,LOC410694,Gene Expression,A_mel_mkref_out,False,2809
LOC551620,LOC551620,Gene Expression,A_mel_mkref_out,False,29503
Fabp,GeneID_409798,Gene Expression,A_mel_mkref_out,False,4486
LOC113219249,LOC113219249,Gene Expression,A_mel_mkref_out,False,274
LOC411722,LOC411722,Gene Expression,A_mel_mkref_out,False,9568
LOC107964890,LOC107964890,Gene Expression,A_mel_mkref_out,False,2280
LOC100577782,LOC100577782,Gene Expression,A_mel_mkref_out,False,779
LOC410021,LOC410021,Gene Expression,A_mel_mkref_out,False,30403
LOC113219410,LOC113219410,Gene Expression,A_mel_mkref_out,False,11126
LOC551892,LOC551892,Gene Expression,A_mel_mkref_out,False,15374
LOC100578513,LOC100578513,Gene Expression,A_mel_mkref_out,False,22095
LOC551584,LOC551584,Gene Expression,A_mel_mkref_out,False,13048
TyrR,GeneID_406110,Gene Expression,A_mel_mkref_out,False,58442
LOC725776,LOC725776,Gene Expression,A_mel_mkref_out,False,1550
LOC727087,LOC727087,Gene Expression,A_mel_mkref_out,False,13232
LOC100577019,LOC100577019,Gene Expression,A_mel_mkref_out,False,78806
LOC102655422,LOC102655422,Gene Expression,A_mel_mkref_out,False,63
LOC107964593,LOC107964593,Gene Expression,A_mel_mkref_out,False,162
LOC107964158,LOC107964158,Gene Expression,A_mel_mkref_out,False,789
LOC724234,LOC724234,Gene Expression,A_mel_mkref_out,False,19036
LOC551679,LOC551679,Gene Expression,A_mel_mkref_out,False,24090
LOC100577481,LOC100577481,Gene Expression,A_mel_mkref_out,False,19879
LOC412212,LOC412212,Gene Expression,A_mel_mkref_out,False,20204
LOC726148,LOC726148,Gene Expression,A_mel_mkref_out,False,26051
LOC551889,LOC551889,Gene Expression,A_mel_mkref_out,False,34311
LOC724835,LOC724835,Gene Expression,A_mel_mkref_out,False,30480
LOC409999,LOC409999,Gene Expression,A_mel_mkref_out,False,12074
LOC102655490,LOC102655490,Gene Expression,A_mel_mkref_out,False,125
LOC100578205,LOC100578205,Gene Expression,A_mel_mkref_out,False,17783
LOC412745,LOC412745,Gene Expression,A_mel_mkref_out,False,25867
LOC102655679,LOC102655679,Gene Expression,A_mel_mkref_out,False,17814
LOC413670,LOC413670,Gene Expression,A_mel_mkref_out,False,1971
LOC100577692,LOC100577692,Gene Expression,A_mel_mkref_out,False,34160
LOC100577585,LOC100577585,Gene Expression,A_mel_mkref_out,False,2849
LOC100579059,LOC100579059,Gene Expression,A_mel_mkref_out,False,12558
LOC113219416,LOC113219416,Gene Expression,A_mel_mkref_out,False,12472
LOC113218878,LOC113218878,Gene Expression,A_mel_mkref_out,False,7574
LOC100577753,LOC100577753,Gene Expression,A_mel_mkref_out,False,35853
LOC408634,LOC408634,Gene Expression,A_mel_mkref_out,False,10141
LOC552162,LOC552162,Gene Expression,A_mel_mkref_out,False,15353
LOC107966041,LOC107966041,Gene Expression,A_mel_mkref_out,False,72574
LOC410674,LOC410674,Gene Expression,A_mel_mkref_out,False,68415
LOC102654495,LOC102654495,Gene Expression,A_mel_mkref_out,False,2671
LOC413968,LOC413968,Gene Expression,A_mel_mkref_out,False,87875
LOC100578271,LOC100578271,Gene Expression,A_mel_mkref_out,False,46790
LOC724720,LOC724720,Gene Expression,A_mel_mkref_out,False,22953
LOC551384,LOC551384,Gene Expression,A_mel_mkref_out,False,20112
Crzr,GeneID_409042,Gene Expression,A_mel_mkref_out,False,2565
LOC107964337,LOC107964337,Gene Expression,A_mel_mkref_out,False,600
LOC102655493,LOC102655493,Gene Expression,A_mel_mkref_out,False,98
LOC100577336,LOC100577336,Gene Expression,A_mel_mkref_out,False,24467
LOC409832,LOC409832,Gene Expression,A_mel_mkref_out,False,21083
Tpcn1,GeneID_413609,Gene Expression,A_mel_mkref_out,False,18457
LOC113219112,LOC113219112,Gene Expression,A_mel_mkref_out,False,16740
LOC551109,LOC551109,Gene Expression,A_mel_mkref_out,False,10826
LOC413245,LOC413245,Gene Expression,A_mel_mkref_out,False,11856
RCC1,GeneID_410681,Gene Expression,A_mel_mkref_out,False,8299
LOC102656453,LOC102656453,Gene Expression,A_mel_mkref_out,False,1667
LOC412948,LOC412948,Gene Expression,A_mel_mkref_out,False,5278
LOC100576747,LOC100576747,Gene Expression,A_mel_mkref_out,False,34595
LOC100578881,LOC100578881,Gene Expression,A_mel_mkref_out,False,2728
LOC727267,LOC727267,Gene Expression,A_mel_mkref_out,False,10051
LOC725683,LOC725683,Gene Expression,A_mel_mkref_out,False,793
LOC551699,LOC551699,Gene Expression,A_mel_mkref_out,False,15331
LOC413678,LOC413678,Gene Expression,A_mel_mkref_out,False,171
LOC413378,LOC413378,Gene Expression,A_mel_mkref_out,False,18975
LOC725044,LOC725044,Gene Expression,A_mel_mkref_out,False,4710
LOC100576230,LOC100576230,Gene Expression,A_mel_mkref_out,False,1783
LOC552091,LOC552091,Gene Expression,A_mel_mkref_out,False,22582
LOC726708,LOC726708,Gene Expression,A_mel_mkref_out,False,21371
LOC100577704,LOC100577704,Gene Expression,A_mel_mkref_out,False,399
LOC409606,LOC409606,Gene Expression,A_mel_mkref_out,False,18152
LOC102654510,LOC102654510,Gene Expression,A_mel_mkref_out,False,4493
LOC408616,LOC408616,Gene Expression,A_mel_mkref_out,False,73284
LOC107966047,LOC107966047,Gene Expression,A_mel_mkref_out,False,348
LOC100577003,LOC100577003,Gene Expression,A_mel_mkref_out,False,12747
LOC725028,LOC725028,Gene Expression,A_mel_mkref_out,False,11071
LOC552761,LOC552761,Gene Expression,A_mel_mkref_out,False,604
LOC552260,LOC552260,Gene Expression,A_mel_mkref_out,False,7743
LOC726062,LOC726062,Gene Expression,A_mel_mkref_out,False,8606
LOC100577501,LOC100577501,Gene Expression,A_mel_mkref_out,False,13858
LOC410739,LOC410739,Gene Expression,A_mel_mkref_out,False,71682
LOC413468,LOC413468,Gene Expression,A_mel_mkref_out,False,49443
LOC413374,LOC413374,Gene Expression,A_mel_mkref_out,False,21299
LOC551451,LOC551451,Gene Expression,A_mel_mkref_out,False,18671
LOC412613,LOC412613,Gene Expression,A_mel_mkref_out,False,15805
LOC726298,LOC726298,Gene Expression,A_mel_mkref_out,False,17089
LOC551206,LOC551206,Gene Expression,A_mel_mkref_out,False,3981
Pcl,GeneID_406080,Gene Expression,A_mel_mkref_out,False,10025
LOC410780,LOC410780,Gene Expression,A_mel_mkref_out,False,21248
LOC551621,LOC551621,Gene Expression,A_mel_mkref_out,False,1647
LOC727479,LOC727479,Gene Expression,A_mel_mkref_out,False,1835
LOC726810,LOC726810,Gene Expression,A_mel_mkref_out,False,3090
LOC102656318,LOC102656318,Gene Expression,A_mel_mkref_out,False,2739
LOC725190,LOC725190,Gene Expression,A_mel_mkref_out,False,50886
LOC551107,LOC551107,Gene Expression,A_mel_mkref_out,False,42604
LOC412813,LOC412813,Gene Expression,A_mel_mkref_out,False,50396
LOC725494,LOC725494,Gene Expression,A_mel_mkref_out,False,28742
LOC727538,LOC727538,Gene Expression,A_mel_mkref_out,False,21681
LOC408609,LOC408609,Gene Expression,A_mel_mkref_out,False,18620
LOC551843,LOC551843,Gene Expression,A_mel_mkref_out,False,37035
LOC100578606,LOC100578606,Gene Expression,A_mel_mkref_out,False,4559
LOC725819,LOC725819,Gene Expression,A_mel_mkref_out,False,21442
LOC413672,LOC413672,Gene Expression,A_mel_mkref_out,False,21797
LOC107965930,LOC107965930,Gene Expression,A_mel_mkref_out,False,2208
LOC100578370,LOC100578370,Gene Expression,A_mel_mkref_out,False,21667
LOC411526,LOC411526,Gene Expression,A_mel_mkref_out,False,26375
LOC725884,LOC725884,Gene Expression,A_mel_mkref_out,False,36392
LOC113219400,LOC113219400,Gene Expression,A_mel_mkref_out,False,5034
LOC100576414,LOC100576414,Gene Expression,A_mel_mkref_out,False,441
Hsc70-5,GeneID_408605,Gene Expression,A_mel_mkref_out,False,37133
LOC725284,LOC725284,Gene Expression,A_mel_mkref_out,False,19861
LOC726446,LOC726446,Gene Expression,A_mel_mkref_out,False,5777
LOC552644,LOC552644,Gene Expression,A_mel_mkref_out,False,20036
LOC100576258,LOC100576258,Gene Expression,A_mel_mkref_out,False,1240
Slc35b1,GeneID_724534,Gene Expression,A_mel_mkref_out,False,21078
LOC102656732,LOC102656732,Gene Expression,A_mel_mkref_out,False,42
LOC100577891,LOC100577891,Gene Expression,A_mel_mkref_out,False,70
LOC100578042,LOC100578042,Gene Expression,A_mel_mkref_out,False,245
LOC408597,LOC408597,Gene Expression,A_mel_mkref_out,False,7156
LOC412406,LOC412406,Gene Expression,A_mel_mkref_out,False,34843
LOC413693,LOC413693,Gene Expression,A_mel_mkref_out,False,3981
LOC409360,LOC409360,Gene Expression,A_mel_mkref_out,False,16915
LOC107963988,LOC107963988,Gene Expression,A_mel_mkref_out,False,3676
LOC411473,LOC411473,Gene Expression,A_mel_mkref_out,False,10339
LOC408587,LOC408587,Gene Expression,A_mel_mkref_out,False,867
LOC408633,LOC408633,Gene Expression,A_mel_mkref_out,False,7647
LOC552128,LOC552128,Gene Expression,A_mel_mkref_out,False,19046
LOC100578060,LOC100578060,Gene Expression,A_mel_mkref_out,False,274
LOC413502,LOC413502,Gene Expression,A_mel_mkref_out,False,159
LOC107964165,LOC107964165,Gene Expression,A_mel_mkref_out,False,6881
LOC413346,LOC413346,Gene Expression,A_mel_mkref_out,False,37
Gtpx1,GeneID_494523,Gene Expression,A_mel_mkref_out,False,28706
LOC724874,LOC724874,Gene Expression,A_mel_mkref_out,False,1559
LOC726545,LOC726545,Gene Expression,A_mel_mkref_out,False,270
LOC724332,LOC724332,Gene Expression,A_mel_mkref_out,False,10664
LOC410050,LOC410050,Gene Expression,A_mel_mkref_out,False,9735
LOC102655946,LOC102655946,Gene Expression,A_mel_mkref_out,False,437
LOC724415,LOC724415,Gene Expression,A_mel_mkref_out,False,17911
LOC409127,LOC409127,Gene Expression,A_mel_mkref_out,False,42954
LOC102654159,LOC102654159,Gene Expression,A_mel_mkref_out,False,16423
LOC725042,LOC725042,Gene Expression,A_mel_mkref_out,False,26499
LOC724585,LOC724585,Gene Expression,A_mel_mkref_out,False,14971
LOC107964458,LOC107964458,Gene Expression,A_mel_mkref_out,False,242
LOC409571,LOC409571,Gene Expression,A_mel_mkref_out,False,7463
LOC413024,LOC413024,Gene Expression,A_mel_mkref_out,False,30100
LOC551383,LOC551383,Gene Expression,A_mel_mkref_out,False,15436
LOC410671,LOC410671,Gene Expression,A_mel_mkref_out,False,6691
LOC726756,LOC726756,Gene Expression,A_mel_mkref_out,False,29556
LOC412511,LOC412511,Gene Expression,A_mel_mkref_out,False,28966
Nedd9,GeneID_410767edd9,Gene Expression,A_mel_mkref_out,False,51118
LOC113219111,LOC113219111,Gene Expression,A_mel_mkref_out,False,9249
LOC726015,LOC726015,Gene Expression,A_mel_mkref_out,False,1631
LOC724283,LOC724283,Gene Expression,A_mel_mkref_out,False,9108
LOC726347,LOC726347,Gene Expression,A_mel_mkref_out,False,21772
LOC724115,LOC724115,Gene Expression,A_mel_mkref_out,False,13539
LOC410751,LOC410751,Gene Expression,A_mel_mkref_out,False,1118
LOC100577194,LOC100577194,Gene Expression,A_mel_mkref_out,False,6321
LOC100578187,LOC100578187,Gene Expression,A_mel_mkref_out,False,2808
LOC410785,LOC410785,Gene Expression,A_mel_mkref_out,False,87090
LOC409238,LOC409238,Gene Expression,A_mel_mkref_out,False,62469
LOC412224,LOC412224,Gene Expression,A_mel_mkref_out,False,27787
LOC412197,LOC412197,Gene Expression,A_mel_mkref_out,False,23876
LOC725981,LOC725981,Gene Expression,A_mel_mkref_out,False,11004
LOC113218522,LOC113218522,Gene Expression,A_mel_mkref_out,False,163
LOC726349,LOC726349,Gene Expression,A_mel_mkref_out,False,49430
LOC726450,LOC726450,Gene Expression,A_mel_mkref_out,False,60895
LOC727019,LOC727019,Gene Expression,A_mel_mkref_out,False,19560
LOC724994,LOC724994,Gene Expression,A_mel_mkref_out,False,22088
LOC408645,LOC408645,Gene Expression,A_mel_mkref_out,False,60922
LOC408578,LOC408578,Gene Expression,A_mel_mkref_out,False,5708
LOC113219402,LOC113219402,Gene Expression,A_mel_mkref_out,False,1899
LOC102655012,LOC102655012,Gene Expression,A_mel_mkref_out,False,3886
LOC410782,LOC410782,Gene Expression,A_mel_mkref_out,False,29747
LOC100576169,LOC100576169,Gene Expression,A_mel_mkref_out,False,31730
LOC113219388,LOC113219388,Gene Expression,A_mel_mkref_out,False,13927
LOC551281,LOC551281,Gene Expression,A_mel_mkref_out,False,16619
LOC102656224,LOC102656224,Gene Expression,A_mel_mkref_out,False,27656
LOC726412,LOC726412,Gene Expression,A_mel_mkref_out,False,2023
LOC726972,LOC726972,Gene Expression,A_mel_mkref_out,False,64301
LOC412220,LOC412220,Gene Expression,A_mel_mkref_out,False,891
LOC410706,LOC410706,Gene Expression,A_mel_mkref_out,False,61869
LOC725724,LOC725724,Gene Expression,A_mel_mkref_out,False,3776
LOC551356,LOC551356,Gene Expression,A_mel_mkref_out,False,95311
LOC100577847,LOC100577847,Gene Expression,A_mel_mkref_out,False,4201
LOC409887,LOC409887,Gene Expression,A_mel_mkref_out,False,19268
LOC551612,LOC551612,Gene Expression,A_mel_mkref_out,False,30879
LOC410740,LOC410740,Gene Expression,A_mel_mkref_out,False,16365
LOC102653941,LOC102653941,Gene Expression,A_mel_mkref_out,False,11288
LOC551559,LOC551559,Gene Expression,A_mel_mkref_out,False,10470
LOC102654047,LOC102654047,Gene Expression,A_mel_mkref_out,False,83
LOC102656636,LOC102656636,Gene Expression,A_mel_mkref_out,False,5682
LOC726115,LOC726115,Gene Expression,A_mel_mkref_out,False,4760
LOC413501,LOC413501,Gene Expression,A_mel_mkref_out,False,454
LOC411996,LOC411996,Gene Expression,A_mel_mkref_out,False,42801
LOC408632,LOC408632,Gene Expression,A_mel_mkref_out,False,25351
LOC724372,LOC724372,Gene Expression,A_mel_mkref_out,False,17844
LOC113219393,LOC113219393,Gene Expression,A_mel_mkref_out,False,510
LOC409607,LOC409607,Gene Expression,A_mel_mkref_out,False,36900
LOC725848,LOC725848,Gene Expression,A_mel_mkref_out,False,2790
LOC724763,LOC724763,Gene Expression,A_mel_mkref_out,False,985
LOC724991,LOC724991,Gene Expression,A_mel_mkref_out,False,68604
LOC102655614,LOC102655614,Gene Expression,A_mel_mkref_out,False,2620
LOC552206,LOC552206,Gene Expression,A_mel_mkref_out,False,41195
LOC412412,LOC412412,Gene Expression,A_mel_mkref_out,False,39066
LOC727390,LOC727390,Gene Expression,A_mel_mkref_out,False,15818
LOC413240,LOC413240,Gene Expression,A_mel_mkref_out,False,5291
LOC726544,LOC726544,Gene Expression,A_mel_mkref_out,False,48798
LOC410071,LOC410071,Gene Expression,A_mel_mkref_out,False,18436
LOC100576961,LOC100576961,Gene Expression,A_mel_mkref_out,False,2169
LOC100578978,LOC100578978,Gene Expression,A_mel_mkref_out,False,1343
LOC414037,LOC414037,Gene Expression,A_mel_mkref_out,False,15968
LOC102654454,LOC102654454,Gene Expression,A_mel_mkref_out,False,750
LOC100576164,LOC100576164,Gene Expression,A_mel_mkref_out,False,3083
LOC409584,LOC409584,Gene Expression,A_mel_mkref_out,False,31580
LOC102656037,LOC102656037,Gene Expression,A_mel_mkref_out,False,6666
LOC409717,LOC409717,Gene Expression,A_mel_mkref_out,False,42706
LOC726060,LOC726060,Gene Expression,A_mel_mkref_out,False,65697
LOC102654894,LOC102654894,Gene Expression,A_mel_mkref_out,False,1590
LOC409062,LOC409062,Gene Expression,A_mel_mkref_out,False,21722
LOC413867,LOC413867,Gene Expression,A_mel_mkref_out,False,18647
Or2,GeneID_725384,Gene Expression,A_mel_mkref_out,False,2160
LOC102656489,LOC102656489,Gene Expression,A_mel_mkref_out,False,74
LOC412721,LOC412721,Gene Expression,A_mel_mkref_out,False,12804
LOC551960,LOC551960,Gene Expression,A_mel_mkref_out,False,10624
LOC551790,LOC551790,Gene Expression,A_mel_mkref_out,False,15022
LOC409505,LOC409505,Gene Expression,A_mel_mkref_out,False,26656
LOC552243,LOC552243,Gene Expression,A_mel_mkref_out,False,84483
LOC113219409,LOC113219409,Gene Expression,A_mel_mkref_out,False,313
LOC725647,LOC725647,Gene Expression,A_mel_mkref_out,False,37073
LOC724280,LOC724280,Gene Expression,A_mel_mkref_out,False,16865
LOC551894,LOC551894,Gene Expression,A_mel_mkref_out,False,8811
LOC412458,LOC412458,Gene Expression,A_mel_mkref_out,False,1083
LOC102654917,LOC102654917,Gene Expression,A_mel_mkref_out,False,2547
LOC726468,LOC726468,Gene Expression,A_mel_mkref_out,False,9937
LOC551154,LOC551154,Gene Expression,A_mel_mkref_out,False,27657
LOC100578820,LOC100578820,Gene Expression,A_mel_mkref_out,False,11292
LOC102655819,LOC102655819,Gene Expression,A_mel_mkref_out,False,144
LOC100577118,LOC100577118,Gene Expression,A_mel_mkref_out,False,34606
cad,GeneID_726676,Gene Expression,A_mel_mkref_out,False,307
LOC100578005,LOC100578005,Gene Expression,A_mel_mkref_out,False,19696
LOC113219271,LOC113219271,Gene Expression,A_mel_mkref_out,False,2088
LOC551111,LOC551111,Gene Expression,A_mel_mkref_out,False,17367
LOC102653777,LOC102653777,Gene Expression,A_mel_mkref_out,False,496
LOC725383,LOC725383,Gene Expression,A_mel_mkref_out,False,48961
LOC552502,LOC552502,Gene Expression,A_mel_mkref_out,False,32857
LOC102656923,LOC102656923,Gene Expression,A_mel_mkref_out,False,2755
LOC551321,LOC551321,Gene Expression,A_mel_mkref_out,False,16343
LOC724146,LOC724146,Gene Expression,A_mel_mkref_out,False,3692
LOC413784,LOC413784,Gene Expression,A_mel_mkref_out,False,53089
LOC412949,LOC412949,Gene Expression,A_mel_mkref_out,False,38336
LOC113219256,LOC113219256,Gene Expression,A_mel_mkref_out,False,10966
LOC409100,LOC409100,Gene Expression,A_mel_mkref_out,False,23207
LOC113219089,LOC113219089,Gene Expression,A_mel_mkref_out,False,672
LOC107964114,LOC107964114,Gene Expression,A_mel_mkref_out,False,64
LOC102655057,LOC102655057,Gene Expression,A_mel_mkref_out,False,249
LOC408579,LOC408579,Gene Expression,A_mel_mkref_out,False,9604
LOC411600,LOC411600,Gene Expression,A_mel_mkref_out,False,25838
LOC725609,LOC725609,Gene Expression,A_mel_mkref_out,False,18547
LOC413735,LOC413735,Gene Expression,A_mel_mkref_out,False,9638
LOC102655530,LOC102655530,Gene Expression,A_mel_mkref_out,False,7630
LOC102654358,LOC102654358,Gene Expression,A_mel_mkref_out,False,3382
LOC113219394,LOC113219394,Gene Expression,A_mel_mkref_out,False,3219
LOC408583,LOC408583,Gene Expression,A_mel_mkref_out,False,66156
LOC412674,LOC412674,Gene Expression,A_mel_mkref_out,False,8463
LOC107965121,LOC107965121,Gene Expression,A_mel_mkref_out,False,54
LOC100578104,LOC100578104,Gene Expression,A_mel_mkref_out,False,126
LOC102655243,LOC102655243,Gene Expression,A_mel_mkref_out,False,76821
LOC411927,LOC411927,Gene Expression,A_mel_mkref_out,False,7542
LOC107965634,LOC107965634,Gene Expression,A_mel_mkref_out,False,63
LOC100576454,LOC100576454,Gene Expression,A_mel_mkref_out,False,12269
LOC113219344,LOC113219344,Gene Expression,A_mel_mkref_out,False,600
LOC410743,LOC410743,Gene Expression,A_mel_mkref_out,False,3909
LOC727436,LOC727436,Gene Expression,A_mel_mkref_out,False,4241
LOC726238,LOC726238,Gene Expression,A_mel_mkref_out,False,86485
LOC725320,LOC725320,Gene Expression,A_mel_mkref_out,False,26170
LOC102654496,LOC102654496,Gene Expression,A_mel_mkref_out,False,276
LOC411407,LOC411407,Gene Expression,A_mel_mkref_out,False,14995
LOC551494,LOC551494,Gene Expression,A_mel_mkref_out,False,44959
LOC102654367,LOC102654367,Gene Expression,A_mel_mkref_out,False,220
LOC102656491,LOC102656491,Gene Expression,A_mel_mkref_out,False,18206
LOC726145,LOC726145,Gene Expression,A_mel_mkref_out,False,16208
LOC107964063,LOC107964063,Gene Expression,A_mel_mkref_out,False,305
LOC107965102,LOC107965102,Gene Expression,A_mel_mkref_out,False,2568
LOC107964025,LOC107964025,Gene Expression,A_mel_mkref_out,False,69480
LOC410741,LOC410741,Gene Expression,A_mel_mkref_out,False,38893
LOC551585,LOC551585,Gene Expression,A_mel_mkref_out,False,2649
LOC552602,LOC552602,Gene Expression,A_mel_mkref_out,False,21865
LOC102655229,LOC102655229,Gene Expression,A_mel_mkref_out,False,506
LOC552052,LOC552052,Gene Expression,A_mel_mkref_out,False,22008
LOC100576885,LOC100576885,Gene Expression,A_mel_mkref_out,False,22035
LOC102654365,LOC102654365,Gene Expression,A_mel_mkref_out,False,26188
LOC113218641,LOC113218641,Gene Expression,A_mel_mkref_out,False,35550
LOC414021,LOC414021,Gene Expression,A_mel_mkref_out,False,73314
LOC724993,LOC724993,Gene Expression,A_mel_mkref_out,False,1622
LOC100577977,LOC100577977,Gene Expression,A_mel_mkref_out,False,11357
LOC412449,LOC412449,Gene Expression,A_mel_mkref_out,False,12267
LOC551703,LOC551703,Gene Expression,A_mel_mkref_out,False,2855
LOC102654114,LOC102654114,Gene Expression,A_mel_mkref_out,False,128
LOC113219189,LOC113219189,Gene Expression,A_mel_mkref_out,False,3773
LOC410115,LOC410115,Gene Expression,A_mel_mkref_out,False,21082
LOC102656816,LOC102656816,Gene Expression,A_mel_mkref_out,False,4700
LOC409579,LOC409579,Gene Expression,A_mel_mkref_out,False,35119
LOC100576708,LOC100576708,Gene Expression,A_mel_mkref_out,False,14788
LOC410665,LOC410665,Gene Expression,A_mel_mkref_out,False,12394
LOC113218825,LOC113218825,Gene Expression,A_mel_mkref_out,False,180
LOC409093,LOC409093,Gene Expression,A_mel_mkref_out,False,38695
LOC100578907,LOC100578907,Gene Expression,A_mel_mkref_out,False,17080
LOC102653619,LOC102653619,Gene Expression,A_mel_mkref_out,False,3714
LOC724279,LOC724279,Gene Expression,A_mel_mkref_out,False,17754
LOC551385,LOC551385,Gene Expression,A_mel_mkref_out,False,46405
LOC552032,LOC552032,Gene Expression,A_mel_mkref_out,False,12028
LOC410775,LOC410775,Gene Expression,A_mel_mkref_out,False,11505
LOC113219398,LOC113219398,Gene Expression,A_mel_mkref_out,False,4585
LOC409105,LOC409105,Gene Expression,A_mel_mkref_out,False,31208
LOC413239,LOC413239,Gene Expression,A_mel_mkref_out,False,18139
LOC100577522,LOC100577522,Gene Expression,A_mel_mkref_out,False,26762
LOC102656214,LOC102656214,Gene Expression,A_mel_mkref_out,False,1771
LOC102656327,LOC102656327,Gene Expression,A_mel_mkref_out,False,3505
LOC551678,LOC551678,Gene Expression,A_mel_mkref_out,False,20840
LOC725415,LOC725415,Gene Expression,A_mel_mkref_out,False,53882
LOC414022,LOC414022,Gene Expression,A_mel_mkref_out,False,44007
LOC726722,LOC726722,Gene Expression,A_mel_mkref_out,False,3949
LOC410791,LOC410791,Gene Expression,A_mel_mkref_out,False,85773
LOC408576,LOC408576,Gene Expression,A_mel_mkref_out,False,86579
LOC551557,LOC551557,Gene Expression,A_mel_mkref_out,False,26316
LOC725818,LOC725818,Gene Expression,A_mel_mkref_out,False,566
LOC411799,LOC411799,Gene Expression,A_mel_mkref_out,False,11496
LOC724539,LOC724539,Gene Expression,A_mel_mkref_out,False,1784
LOC726694,LOC726694,Gene Expression,A_mel_mkref_out,False,13239
LOC102655778,LOC102655778,Gene Expression,A_mel_mkref_out,False,11435
LOC411965,LOC411965,Gene Expression,A_mel_mkref_out,False,6775
LOC724235,LOC724235,Gene Expression,A_mel_mkref_out,False,11617
LOC551157,LOC551157,Gene Expression,A_mel_mkref_out,False,21550
LOC102656720,LOC102656720,Gene Expression,A_mel_mkref_out,False,502
LOC413649,LOC413649,Gene Expression,A_mel_mkref_out,False,6640
LOC408641,LOC408641,Gene Expression,A_mel_mkref_out,False,531
LOC413577,LOC413577,Gene Expression,A_mel_mkref_out,False,25692
LOC113219074,LOC113219074,Gene Expression,A_mel_mkref_out,False,149
LOC408603,LOC408603,Gene Expression,A_mel_mkref_out,False,1650
LOC726788,LOC726788,Gene Expression,A_mel_mkref_out,False,19985
LOC102653666,LOC102653666,Gene Expression,A_mel_mkref_out,False,3258
LOC102654797,LOC102654797,Gene Expression,A_mel_mkref_out,False,183
LOC102655568,LOC102655568,Gene Expression,A_mel_mkref_out,False,1633
LOC552549,LOC552549,Gene Expression,A_mel_mkref_out,False,19146
LOC410765,LOC410765,Gene Expression,A_mel_mkref_out,False,7054
ecd,GeneID_727134,Gene Expression,A_mel_mkref_out,False,27895
LOC413081,LOC413081,Gene Expression,A_mel_mkref_out,False,13328
LOC113219225,LOC113219225,Gene Expression,A_mel_mkref_out,False,868
LOC107966049,LOC107966049,Gene Expression,A_mel_mkref_out,False,404
LOC102656395,LOC102656395,Gene Expression,A_mel_mkref_out,False,168
LOC100577043,LOC100577043,Gene Expression,A_mel_mkref_out,False,29
LOC408595,LOC408595,Gene Expression,A_mel_mkref_out,False,38154
LOC726235,LOC726235,Gene Expression,A_mel_mkref_out,False,14832
LOC413855,LOC413855,Gene Expression,A_mel_mkref_out,False,23638
LOC412319,LOC412319,Gene Expression,A_mel_mkref_out,False,13778
LOC410724,LOC410724,Gene Expression,A_mel_mkref_out,False,16964
LOC410717,LOC410717,Gene Expression,A_mel_mkref_out,False,76724
LOC100578882,LOC100578882,Gene Expression,A_mel_mkref_out,False,8896
LOC724625,LOC724625,Gene Expression,A_mel_mkref_out,False,21262
LOC724331,LOC724331,Gene Expression,A_mel_mkref_out,False,19594
LOC550948,LOC550948,Gene Expression,A_mel_mkref_out,False,15424
LOC725496,LOC725496,Gene Expression,A_mel_mkref_out,False,26641
LOC412436,LOC412436,Gene Expression,A_mel_mkref_out,False,35802
LOC411882,LOC411882,Gene Expression,A_mel_mkref_out,False,17884
LOC413754,LOC413754,Gene Expression,A_mel_mkref_out,False,19534
LOC551354,LOC551354,Gene Expression,A_mel_mkref_out,False,4774
LOC102655747,LOC102655747,Gene Expression,A_mel_mkref_out,False,442
LOC552185,LOC552185,Gene Expression,A_mel_mkref_out,False,40956
LOC411705,LOC411705,Gene Expression,A_mel_mkref_out,False,30562
LOC102654698,LOC102654698,Gene Expression,A_mel_mkref_out,False,3514
LOC100578255,LOC100578255,Gene Expression,A_mel_mkref_out,False,10892
LOC107965571,LOC107965571,Gene Expression,A_mel_mkref_out,False,342
LOC414038,LOC414038,Gene Expression,A_mel_mkref_out,False,20078
LOC411474,LOC411474,Gene Expression,A_mel_mkref_out,False,23804
LOC113219001,LOC113219001,Gene Expression,A_mel_mkref_out,False,6677
CSP6,GeneID_725103,Gene Expression,A_mel_mkref_out,False,6342
LOC100577905,LOC100577905,Gene Expression,A_mel_mkref_out,False,64270
LOC102655437,LOC102655437,Gene Expression,A_mel_mkref_out,False,4306
LOC100576435,LOC100576435,Gene Expression,A_mel_mkref_out,False,1854
LOC102656513,LOC102656513,Gene Expression,A_mel_mkref_out,False,381
LOC410788,LOC410788,Gene Expression,A_mel_mkref_out,False,12091
LOC725387,LOC725387,Gene Expression,A_mel_mkref_out,False,9431
LOC409113,LOC409113,Gene Expression,A_mel_mkref_out,False,25251
LOC409608,LOC409608,Gene Expression,A_mel_mkref_out,False,48227
LOC102653813,LOC102653813,Gene Expression,A_mel_mkref_out,False,60
LOC100578467,LOC100578467,Gene Expression,A_mel_mkref_out,False,7985
LOC725457,LOC725457,Gene Expression,A_mel_mkref_out,False,83
LOC410676,LOC410676,Gene Expression,A_mel_mkref_out,False,16881
LOC551665,LOC551665,Gene Expression,A_mel_mkref_out,False,13610
LOC107965063,LOC107965063,Gene Expression,A_mel_mkref_out,False,2545
LOC726369,LOC726369,Gene Expression,A_mel_mkref_out,False,13269
LOC551623,LOC551623,Gene Expression,A_mel_mkref_out,False,67168
LOC551555,LOC551555,Gene Expression,A_mel_mkref_out,False,39607
LOC725684,LOC725684,Gene Expression,A_mel_mkref_out,False,15951
LOC408601,LOC408601,Gene Expression,A_mel_mkref_out,False,23322
LOC725106,LOC725106,Gene Expression,A_mel_mkref_out,False,229
LOC102655249,LOC102655249,Gene Expression,A_mel_mkref_out,False,286
LOC552187,LOC552187,Gene Expression,A_mel_mkref_out,False,47538
LOC107966054,LOC107966054,Gene Expression,A_mel_mkref_out,False,22669
LOC409520,LOC409520,Gene Expression,A_mel_mkref_out,False,13998
LOC726113,LOC726113,Gene Expression,A_mel_mkref_out,False,9604
LOC552457,LOC552457,Gene Expression,A_mel_mkref_out,False,2395
LOC113219207,LOC113219207,Gene Expression,A_mel_mkref_out,False,214
LOC107964644,LOC107964644,Gene Expression,A_mel_mkref_out,False,1300
LOC413471,LOC413471,Gene Expression,A_mel_mkref_out,False,2243
LOC552096,LOC552096,Gene Expression,A_mel_mkref_out,False,6391
LOC726743,LOC726743,Gene Expression,A_mel_mkref_out,False,1925
LOC409351,LOC409351,Gene Expression,A_mel_mkref_out,False,23106
LOC410080,LOC410080,Gene Expression,A_mel_mkref_out,False,21583
LOC725343,LOC725343,Gene Expression,A_mel_mkref_out,False,20873
LOC551031,LOC551031,Gene Expression,A_mel_mkref_out,False,74223
LOC113219390,LOC113219390,Gene Expression,A_mel_mkref_out,False,2485
LOC409923,LOC409923,Gene Expression,A_mel_mkref_out,False,56817
LOC410728,LOC410728,Gene Expression,A_mel_mkref_out,False,439
LOC412353,LOC412353,Gene Expression,A_mel_mkref_out,False,61000
LOC552251,LOC552251,Gene Expression,A_mel_mkref_out,False,11254
LOC412546,LOC412546,Gene Expression,A_mel_mkref_out,False,19280
LOC412578,LOC412578,Gene Expression,A_mel_mkref_out,False,7188
LOC102655805,LOC102655805,Gene Expression,A_mel_mkref_out,False,199
LOC724875,LOC724875,Gene Expression,A_mel_mkref_out,False,28737
LOC100576231,LOC100576231,Gene Expression,A_mel_mkref_out,False,139
LOC725651,LOC725651,Gene Expression,A_mel_mkref_out,False,1201
LOC409748,LOC409748,Gene Expression,A_mel_mkref_out,False,53840
LOC100576990,LOC100576990,Gene Expression,A_mel_mkref_out,False,18787
LOC725922,LOC725922,Gene Expression,A_mel_mkref_out,False,2448
LOC102654970,LOC102654970,Gene Expression,A_mel_mkref_out,False,42350
LOC409479,LOC409479,Gene Expression,A_mel_mkref_out,False,36939
LOC102656788,LOC102656788,Gene Expression,A_mel_mkref_out,False,1446
LOC408631,LOC408631,Gene Expression,A_mel_mkref_out,False,69416
LOC100578057,LOC100578057,Gene Expression,A_mel_mkref_out,False,3508
LOC100577142,LOC100577142,Gene Expression,A_mel_mkref_out,False,1722
LOC113219191,LOC113219191,Gene Expression,A_mel_mkref_out,False,254
LOC409807,LOC409807,Gene Expression,A_mel_mkref_out,False,23207
LOC102656360,LOC102656360,Gene Expression,A_mel_mkref_out,False,26437
LOC113218896,LOC113218896,Gene Expression,A_mel_mkref_out,False,962
LOC410057,LOC410057,Gene Expression,A_mel_mkref_out,False,47856
LOC100576131,LOC100576131,Gene Expression,A_mel_mkref_out,False,9584
LOC410043,LOC410043,Gene Expression,A_mel_mkref_out,False,29049
LOC107964879,LOC107964879,Gene Expression,A_mel_mkref_out,False,1340
LOC102653709,LOC102653709,Gene Expression,A_mel_mkref_out,False,194
LOC113219320,LOC113219320,Gene Expression,A_mel_mkref_out,False,1703
LOC409734,LOC409734,Gene Expression,A_mel_mkref_out,False,7317
LOC551448,LOC551448,Gene Expression,A_mel_mkref_out,False,25102
LOC100577959,LOC100577959,Gene Expression,A_mel_mkref_out,False,27443
LOC725237,LOC725237,Gene Expression,A_mel_mkref_out,False,9983
LOC412107,LOC412107,Gene Expression,A_mel_mkref_out,False,3399
LOC413576,LOC413576,Gene Expression,A_mel_mkref_out,False,676
LOC726505,LOC726505,Gene Expression,A_mel_mkref_out,False,1162
LOC100577920,LOC100577920,Gene Expression,A_mel_mkref_out,False,2152
LOC725272,LOC725272,Gene Expression,A_mel_mkref_out,False,5916
Uqcr11,GeneID_726777,Gene Expression,A_mel_mkref_out,False,36163
LOC413677,LOC413677,Gene Expression,A_mel_mkref_out,False,31437
LOC412288,LOC412288,Gene Expression,A_mel_mkref_out,False,48034
LOC411995,LOC411995,Gene Expression,A_mel_mkref_out,False,24561
LOC408620,LOC408620,Gene Expression,A_mel_mkref_out,False,21092
LOC408604,LOC408604,Gene Expression,A_mel_mkref_out,False,18648
LOC409930,LOC409930,Gene Expression,A_mel_mkref_out,False,29708
LOC102653841,LOC102653841,Gene Expression,A_mel_mkref_out,False,371
LOC113219417,LOC113219417,Gene Expression,A_mel_mkref_out,False,11619
LOC551472,LOC551472,Gene Expression,A_mel_mkref_out,False,19093
LOC552371,LOC552371,Gene Expression,A_mel_mkref_out,False,4324
LOC412480,LOC412480,Gene Expression,A_mel_mkref_out,False,18662
LOC408569,LOC408569,Gene Expression,A_mel_mkref_out,False,19140
LOC412343,LOC412343,Gene Expression,A_mel_mkref_out,False,16546
LOC725947,LOC725947,Gene Expression,A_mel_mkref_out,False,9856
LOC113219391,LOC113219391,Gene Expression,A_mel_mkref_out,False,25
LOC551241,LOC551241,Gene Expression,A_mel_mkref_out,False,18992
LOC412282,LOC412282,Gene Expression,A_mel_mkref_out,False,36948
LOC727116,LOC727116,Gene Expression,A_mel_mkref_out,False,9687
LOC102654966,LOC102654966,Gene Expression,A_mel_mkref_out,False,39
LOC551530,LOC551530,Gene Expression,A_mel_mkref_out,False,61190
LOC100577273,LOC100577273,Gene Expression,A_mel_mkref_out,False,15886
LOC410730,LOC410730,Gene Expression,A_mel_mkref_out,False,689
LOC102653639,LOC102653639,Gene Expression,A_mel_mkref_out,False,675
LOC107963979,LOC107963979,Gene Expression,A_mel_mkref_out,False,557
LOC551452,LOC551452,Gene Expression,A_mel_mkref_out,False,9367
LOC725980,LOC725980,Gene Expression,A_mel_mkref_out,False,12295
LOC410758,LOC410758,Gene Expression,A_mel_mkref_out,False,67604
LOC725105,LOC725105,Gene Expression,A_mel_mkref_out,False,31898
LOC724497,LOC724497,Gene Expression,A_mel_mkref_out,False,9203
LOC102655581,LOC102655581,Gene Expression,A_mel_mkref_out,False,9545
LOC410752,LOC410752,Gene Expression,A_mel_mkref_out,False,32106
LOC406118,LOC406118,Gene Expression,A_mel_mkref_out,False,13606
LOC550716,LOC550716,Gene Expression,A_mel_mkref_out,False,53020
LOC409258,LOC409258,Gene Expression,A_mel_mkref_out,False,14814
LOC100576321,LOC100576321,Gene Expression,A_mel_mkref_out,False,38956
LOC410687,LOC410687,Gene Expression,A_mel_mkref_out,False,168
LOC412189,LOC412189,Gene Expression,A_mel_mkref_out,False,19287
LOC413713,LOC413713,Gene Expression,A_mel_mkref_out,False,11441
LOC725041,LOC725041,Gene Expression,A_mel_mkref_out,False,199
LOC408580,LOC408580,Gene Expression,A_mel_mkref_out,False,18426
LOC107964213,LOC107964213,Gene Expression,A_mel_mkref_out,False,18573
LOC725078,LOC725078,Gene Expression,A_mel_mkref_out,False,273
LOC102654418,LOC102654418,Gene Expression,A_mel_mkref_out,False,357
LOC413000,LOC413000,Gene Expression,A_mel_mkref_out,False,1857
LOC113218573,LOC113218573,Gene Expression,A_mel_mkref_out,False,308
LOC409036,LOC409036,Gene Expression,A_mel_mkref_out,False,24600
LOC113219247,LOC113219247,Gene Expression,A_mel_mkref_out,False,121
LOC725920,LOC725920,Gene Expression,A_mel_mkref_out,False,1633
LOC725885,LOC725885,Gene Expression,A_mel_mkref_out,False,74810
LOC100576106,LOC100576106,Gene Expression,A_mel_mkref_out,False,3339
LOC552648,LOC552648,Gene Expression,A_mel_mkref_out,False,8528
LOC100578966,LOC100578966,Gene Expression,A_mel_mkref_out,False,4060
LOC100579054,LOC100579054,Gene Expression,A_mel_mkref_out,False,10111
LOC552140,LOC552140,Gene Expression,A_mel_mkref_out,False,20395
LOC724238,LOC724238,Gene Expression,A_mel_mkref_out,False,42372
LOC552425,LOC552425,Gene Expression,A_mel_mkref_out,False,2464
LOC726560,LOC726560,Gene Expression,A_mel_mkref_out,False,389
LOC726562,LOC726562,Gene Expression,A_mel_mkref_out,False,33479
LOC412191,LOC412191,Gene Expression,A_mel_mkref_out,False,47436
LOC113219319,LOC113219319,Gene Expression,A_mel_mkref_out,False,324
LOC113218581,LOC113218581,Gene Expression,A_mel_mkref_out,False,46146
Rnft2,GeneID_100188973,Gene Expression,A_mel_mkref_out,False,6398
LOC551419,LOC551419,Gene Expression,A_mel_mkref_out,False,11207
LOC408594,LOC408594,Gene Expression,A_mel_mkref_out,False,71829
LOC411665,LOC411665,Gene Expression,A_mel_mkref_out,False,18468
LOC409966,LOC409966,Gene Expression,A_mel_mkref_out,False,39239
LOC408615,LOC408615,Gene Expression,A_mel_mkref_out,False,16596
LOC724633,LOC724633,Gene Expression,A_mel_mkref_out,False,9148
LOC724721,LOC724721,Gene Expression,A_mel_mkref_out,False,483
LOC113219185,LOC113219185,Gene Expression,A_mel_mkref_out,False,62483
LOC725317,LOC725317,Gene Expression,A_mel_mkref_out,False,32098
LOC726034,LOC726034,Gene Expression,A_mel_mkref_out,False,29185
LOC725747,LOC725747,Gene Expression,A_mel_mkref_out,False,10532
LOC412610,LOC412610,Gene Expression,A_mel_mkref_out,False,14440
LOC409282,LOC409282,Gene Expression,A_mel_mkref_out,False,65478
LOC102654398,LOC102654398,Gene Expression,A_mel_mkref_out,False,24800
LOC409646,LOC409646,Gene Expression,A_mel_mkref_out,False,3105
LOC102653800,LOC102653800,Gene Expression,A_mel_mkref_out,False,6956
LOC410710,LOC410710,Gene Expression,A_mel_mkref_out,False,52955
LOC413228,LOC413228,Gene Expression,A_mel_mkref_out,False,16863
LOC113219397,LOC113219397,Gene Expression,A_mel_mkref_out,False,451
LOC725281,LOC725281,Gene Expression,A_mel_mkref_out,False,259
LOC410083,LOC410083,Gene Expression,A_mel_mkref_out,False,37726
MsrA,GeneID_409097,Gene Expression,A_mel_mkref_out,False,15236
LOC551792,LOC551792,Gene Expression,A_mel_mkref_out,False,36958
LOC413467,LOC413467,Gene Expression,A_mel_mkref_out,False,13903
LOC409468,LOC409468,Gene Expression,A_mel_mkref_out,False,17367
LOC551731,LOC551731,Gene Expression,A_mel_mkref_out,False,54090
Ks-1,GeneID_100049572,Gene Expression,A_mel_mkref_out,False,51947
LOC725946,LOC725946,Gene Expression,A_mel_mkref_out,False,27581
LOC102656812,LOC102656812,Gene Expression,A_mel_mkref_out,False,5323
LOC113219408,LOC113219408,Gene Expression,A_mel_mkref_out,False,51
LOC409312,LOC409312,Gene Expression,A_mel_mkref_out,False,19162
LOC726646,LOC726646,Gene Expression,A_mel_mkref_out,False,1289
LOC410696,LOC410696,Gene Expression,A_mel_mkref_out,False,72791
LOC100578285,LOC100578285,Gene Expression,A_mel_mkref_out,False,5377
LOC414004,LOC414004,Gene Expression,A_mel_mkref_out,False,27881
LOC409852,LOC409852,Gene Expression,A_mel_mkref_out,False,619
LOC410070,LOC410070,Gene Expression,A_mel_mkref_out,False,60259
LOC725574,LOC725574,Gene Expression,A_mel_mkref_out,False,1776
LOC100577454,LOC100577454,Gene Expression,A_mel_mkref_out,False,28582
LOC724578,LOC724578,Gene Expression,A_mel_mkref_out,False,11393
LOC100577384,LOC100577384,Gene Expression,A_mel_mkref_out,False,631
LOC409102,LOC409102,Gene Expression,A_mel_mkref_out,False,36231
LOC551529,LOC551529,Gene Expression,A_mel_mkref_out,False,7216
LOC107966055,LOC107966055,Gene Expression,A_mel_mkref_out,False,30468
LOC726487,LOC726487,Gene Expression,A_mel_mkref_out,False,299
LOC410755,LOC410755,Gene Expression,A_mel_mkref_out,False,23561
LOC412834,LOC412834,Gene Expression,A_mel_mkref_out,False,17419
LOC552014,LOC552014,Gene Expression,A_mel_mkref_out,False,14490
LOC412778,LOC412778,Gene Expression,A_mel_mkref_out,False,23374
LOC552316,LOC552316,Gene Expression,A_mel_mkref_out,False,12020
Gat-a,GeneID_406071,Gene Expression,A_mel_mkref_out,False,2195
LOC410675,LOC410675,Gene Expression,A_mel_mkref_out,False,30576
LOC551574,LOC551574,Gene Expression,A_mel_mkref_out,False,31622
LOC410754,LOC410754,Gene Expression,A_mel_mkref_out,False,24231
LOC409290,LOC409290,Gene Expression,A_mel_mkref_out,False,27102
LOC100576586,LOC100576586,Gene Expression,A_mel_mkref_out,False,36783
LOC552186,LOC552186,Gene Expression,A_mel_mkref_out,False,7068
LOC724950,LOC724950,Gene Expression,A_mel_mkref_out,False,114
LOC410035,LOC410035,Gene Expression,A_mel_mkref_out,False,71614
LOC113219232,LOC113219232,Gene Expression,A_mel_mkref_out,False,267
LOC113218747,LOC113218747,Gene Expression,A_mel_mkref_out,False,260
LOC727127,LOC727127,Gene Expression,A_mel_mkref_out,False,34254
LOC113218643,LOC113218643,Gene Expression,A_mel_mkref_out,False,469
LOC552264,LOC552264,Gene Expression,A_mel_mkref_out,False,14467
LOC102654998,LOC102654998,Gene Expression,A_mel_mkref_out,False,2260
LOC726542,LOC726542,Gene Expression,A_mel_mkref_out,False,14914
LOC102656640,LOC102656640,Gene Expression,A_mel_mkref_out,False,41
LOC724237,LOC724237,Gene Expression,A_mel_mkref_out,False,2387
LOC725976,LOC725976,Gene Expression,A_mel_mkref_out,False,18292
LOC551636,LOC551636,Gene Expression,A_mel_mkref_out,False,33455
LOC412407,LOC412407,Gene Expression,A_mel_mkref_out,False,14822
LOC552090,LOC552090,Gene Expression,A_mel_mkref_out,False,17774
LOC411405,LOC411405,Gene Expression,A_mel_mkref_out,False,36
LOC102656017,LOC102656017,Gene Expression,A_mel_mkref_out,False,14748
LOC551318,LOC551318,Gene Expression,A_mel_mkref_out,False,23960
LOC411555,LOC411555,Gene Expression,A_mel_mkref_out,False,40848
LOC550789,LOC550789,Gene Expression,A_mel_mkref_out,False,13508
LOC102656283,LOC102656283,Gene Expression,A_mel_mkref_out,False,52041
LOC412240,LOC412240,Gene Expression,A_mel_mkref_out,False,23283
LOC725745,LOC725745,Gene Expression,A_mel_mkref_out,False,21247
LOC724679,LOC724679,Gene Expression,A_mel_mkref_out,False,24680
LOC726902,LOC726902,Gene Expression,A_mel_mkref_out,False,22676
LOC412190,LOC412190,Gene Expression,A_mel_mkref_out,False,15816
LOC725189,LOC725189,Gene Expression,A_mel_mkref_out,False,52012
LOC412164,LOC412164,Gene Expression,A_mel_mkref_out,False,12916
LOC409527,LOC409527,Gene Expression,A_mel_mkref_out,False,26293
LOC100577689,LOC100577689,Gene Expression,A_mel_mkref_out,False,12453
LOC409251,LOC409251,Gene Expression,A_mel_mkref_out,False,18313
LOC724536,LOC724536,Gene Expression,A_mel_mkref_out,False,21914
LOC409229,LOC409229,Gene Expression,A_mel_mkref_out,False,15966
LOC102656903,LOC102656903,Gene Expression,A_mel_mkref_out,False,1159
LOC107964845,LOC107964845,Gene Expression,A_mel_mkref_out,False,8556
LOC409218,LOC409218,Gene Expression,A_mel_mkref_out,False,41552
LOC100578600,LOC100578600,Gene Expression,A_mel_mkref_out,False,4705
LOC411721,LOC411721,Gene Expression,A_mel_mkref_out,False,7664
LOC409756,LOC409756,Gene Expression,A_mel_mkref_out,False,33782
LOC113219214,LOC113219214,Gene Expression,A_mel_mkref_out,False,462
LOC100578782,LOC100578782,Gene Expression,A_mel_mkref_out,False,30165
LOC113218842,LOC113218842,Gene Expression,A_mel_mkref_out,False,2837
LOC102655155,LOC102655155,Gene Expression,A_mel_mkref_out,False,3737
LOC107963993,LOC107963993,Gene Expression,A_mel_mkref_out,False,158
LOC409701,LOC409701,Gene Expression,A_mel_mkref_out,False,26445
LOC102654976,LOC102654976,Gene Expression,A_mel_mkref_out,False,680
LOC412777,LOC412777,Gene Expression,A_mel_mkref_out,False,87064
LOC102655045,LOC102655045,Gene Expression,A_mel_mkref_out,False,145
LOC725079,LOC725079,Gene Expression,A_mel_mkref_out,False,29862
LOC412601,LOC412601,Gene Expression,A_mel_mkref_out,False,28168
LOC725882,LOC725882,Gene Expression,A_mel_mkref_out,False,700
LOC113218656,LOC113218656,Gene Expression,A_mel_mkref_out,False,2115
LOC724762,LOC724762,Gene Expression,A_mel_mkref_out,False,2959
LOC412118,LOC412118,Gene Expression,A_mel_mkref_out,False,43181
LOC552001,LOC552001,Gene Expression,A_mel_mkref_out,False,3126
LOC412410,LOC412410,Gene Expression,A_mel_mkref_out,False,32142
LOC724413,LOC724413,Gene Expression,A_mel_mkref_out,False,12777
LOC726447,LOC726447,Gene Expression,A_mel_mkref_out,False,13231
LOC113219401,LOC113219401,Gene Expression,A_mel_mkref_out,False,322
LOC412473,LOC412473,Gene Expression,A_mel_mkref_out,False,18437
LOC725725,LOC725725,Gene Expression,A_mel_mkref_out,False,1035
LOC725419,LOC725419,Gene Expression,A_mel_mkref_out,False,48165
LOC100576088,LOC100576088,Gene Expression,A_mel_mkref_out,False,9148
LOC107966061,LOC107966061,Gene Expression,A_mel_mkref_out,False,8470
LOC724540,LOC724540,Gene Expression,A_mel_mkref_out,False,3973
LOC413255,LOC413255,Gene Expression,A_mel_mkref_out,False,15679
LOC408622,LOC408622,Gene Expression,A_mel_mkref_out,False,2197
LOC100577291,LOC100577291,Gene Expression,A_mel_mkref_out,False,2805
LOC102656191,LOC102656191,Gene Expression,A_mel_mkref_out,False,1315
LOC551909,LOC551909,Gene Expression,A_mel_mkref_out,False,31527
LOC551761,LOC551761,Gene Expression,A_mel_mkref_out,False,209
LOC413500,LOC413500,Gene Expression,A_mel_mkref_out,False,601
LOC724144,LOC724144,Gene Expression,A_mel_mkref_out,False,12409
LOC413575,LOC413575,Gene Expression,A_mel_mkref_out,False,6174
LOC725378,LOC725378,Gene Expression,A_mel_mkref_out,False,37080
LOC100578696,LOC100578696,Gene Expression,A_mel_mkref_out,False,20843
LOC412636,LOC412636,Gene Expression,A_mel_mkref_out,False,5953
LOC551976,LOC551976,Gene Expression,A_mel_mkref_out,False,53898
LOC412925,LOC412925,Gene Expression,A_mel_mkref_out,False,1863
LOC410769,LOC410769,Gene Expression,A_mel_mkref_out,False,21497
LOC100577499,LOC100577499,Gene Expression,A_mel_mkref_out,False,2406
LOC751767,LOC751767,Gene Expression,A_mel_mkref_out,False,1167
LOC724620,LOC724620,Gene Expression,A_mel_mkref_out,False,40270
LOC725306,LOC725306,Gene Expression,A_mel_mkref_out,False,30063
LOC410745,LOC410745,Gene Expression,A_mel_mkref_out,False,1471
LOC724901,LOC724901,Gene Expression,A_mel_mkref_out,False,15409
LOC411982,LOC411982,Gene Expression,A_mel_mkref_out,False,29554
LOC551633,LOC551633,Gene Expression,A_mel_mkref_out,False,12665
LOC413650,LOC413650,Gene Expression,A_mel_mkref_out,False,37336
LOC107964624,LOC107964624,Gene Expression,A_mel_mkref_out,False,56
LOC102656598,LOC102656598,Gene Expression,A_mel_mkref_out,False,1970
LOC102653825,LOC102653825,Gene Expression,A_mel_mkref_out,False,150
LOC102653893,LOC102653893,Gene Expression,A_mel_mkref_out,False,7696
LOC726264,LOC726264,Gene Expression,A_mel_mkref_out,False,7796
LOC724496,LOC724496,Gene Expression,A_mel_mkref_out,False,8768
LOC726350,LOC726350,Gene Expression,A_mel_mkref_out,False,2947
LOC100577260,LOC100577260,Gene Expression,A_mel_mkref_out,False,2153
LOC100577254,LOC100577254,Gene Expression,A_mel_mkref_out,False,70845
LOC102655618,LOC102655618,Gene Expression,A_mel_mkref_out,False,17175
LOC409114,LOC409114,Gene Expression,A_mel_mkref_out,False,41540
LOC725649,LOC725649,Gene Expression,A_mel_mkref_out,False,16475
LOC100578458,LOC100578458,Gene Expression,A_mel_mkref_out,False,6463
LOC552117,LOC552117,Gene Expression,A_mel_mkref_out,False,18284
LOC551939,LOC551939,Gene Expression,A_mel_mkref_out,False,10797
LOC102655202,LOC102655202,Gene Expression,A_mel_mkref_out,False,46
LOC107965445,LOC107965445,Gene Expression,A_mel_mkref_out,False,25495
LOC102654257,LOC102654257,Gene Expression,A_mel_mkref_out,False,160
LOC409780,LOC409780,Gene Expression,A_mel_mkref_out,False,66354
LOC100576291,LOC100576291,Gene Expression,A_mel_mkref_out,False,69981
LOC100578735,LOC100578735,Gene Expression,A_mel_mkref_out,False,1513
LOC412103,LOC412103,Gene Expression,A_mel_mkref_out,False,46757
LOC727186,LOC727186,Gene Expression,A_mel_mkref_out,False,10733
LOC551580,LOC551580,Gene Expression,A_mel_mkref_out,False,9344
LOC409259,LOC409259,Gene Expression,A_mel_mkref_out,False,21793
LOC107964511,LOC107964511,Gene Expression,A_mel_mkref_out,False,4160
LOC412451,LOC412451,Gene Expression,A_mel_mkref_out,False,19509
LOC102653920,LOC102653920,Gene Expression,A_mel_mkref_out,False,1312
LOC100578747,LOC100578747,Gene Expression,A_mel_mkref_out,False,1245
LOC408591,LOC408591,Gene Expression,A_mel_mkref_out,False,29684
LOC102656779,LOC102656779,Gene Expression,A_mel_mkref_out,False,2351
LOC113218550,LOC113218550,Gene Expression,A_mel_mkref_out,False,7685
LOC727522,LOC727522,Gene Expression,A_mel_mkref_out,False,37
LOC107964596,LOC107964596,Gene Expression,A_mel_mkref_out,False,132
LOC408572,LOC408572,Gene Expression,A_mel_mkref_out,False,9904
LOC551730,LOC551730,Gene Expression,A_mel_mkref_out,False,19383
LOC113218781,LOC113218781,Gene Expression,A_mel_mkref_out,False,5714
LOC551637,LOC551637,Gene Expression,A_mel_mkref_out,False,20183
LOC724795,LOC724795,Gene Expression,A_mel_mkref_out,False,17527
LOC408570,LOC408570,Gene Expression,A_mel_mkref_out,False,1883
LOC412017,LOC412017,Gene Expression,A_mel_mkref_out,False,8163
LOC107964502,LOC107964502,Gene Expression,A_mel_mkref_out,False,2392
LOC102655849,LOC102655849,Gene Expression,A_mel_mkref_out,False,3065
LOC102653954,LOC102653954,Gene Expression,A_mel_mkref_out,False,1955
LOC410689,LOC410689,Gene Expression,A_mel_mkref_out,False,94187
LOC100576540,LOC100576540,Gene Expression,A_mel_mkref_out,False,41880
LOC552038,LOC552038,Gene Expression,A_mel_mkref_out,False,17052
LOC107964080,LOC107964080,Gene Expression,A_mel_mkref_out,False,275
LOC408646,LOC408646,Gene Expression,A_mel_mkref_out,False,7892
LOC551912,LOC551912,Gene Expression,A_mel_mkref_out,False,15569
LOC726667,LOC726667,Gene Expression,A_mel_mkref_out,False,11368
LOC410669,LOC410669,Gene Expression,A_mel_mkref_out,False,12074
LOC551837,LOC551837,Gene Expression,A_mel_mkref_out,False,5008
LOC413895,LOC413895,Gene Expression,A_mel_mkref_out,False,24384
LOC102654381,LOC102654381,Gene Expression,A_mel_mkref_out,False,4256
LOC102655882,LOC102655882,Gene Expression,A_mel_mkref_out,False,29
LOC412015,LOC412015,Gene Expression,A_mel_mkref_out,False,5366
LOC102654353,LOC102654353,Gene Expression,A_mel_mkref_out,False,1656
LOC409792,LOC409792,Gene Expression,A_mel_mkref_out,False,74281
LOC550899,LOC550899,Gene Expression,A_mel_mkref_out,False,80598
LOC411546,LOC411546,Gene Expression,A_mel_mkref_out,False,10976
LOC412748,LOC412748,Gene Expression,A_mel_mkref_out,False,36303
LOC102655636,LOC102655636,Gene Expression,A_mel_mkref_out,False,42
LOC413950,LOC413950,Gene Expression,A_mel_mkref_out,False,16463
LOC410022,LOC410022,Gene Expression,A_mel_mkref_out,False,37322
LOC100576871,LOC100576871,Gene Expression,A_mel_mkref_out,False,8877
LOC100578708,LOC100578708,Gene Expression,A_mel_mkref_out,False,3646
LOC552221,LOC552221,Gene Expression,A_mel_mkref_out,False,67060
LOC411715,LOC411715,Gene Expression,A_mel_mkref_out,False,37219
LOC725273,LOC725273,Gene Expression,A_mel_mkref_out,False,1686
LOC413018,LOC413018,Gene Expression,A_mel_mkref_out,False,21955
LOC100578389,LOC100578389,Gene Expression,A_mel_mkref_out,False,579
LOC409924,LOC409924,Gene Expression,A_mel_mkref_out,False,9160
LOC410776,LOC410776,Gene Expression,A_mel_mkref_out,False,1738
LOC102656747,LOC102656747,Gene Expression,A_mel_mkref_out,False,701
LOC113219411,LOC113219411,Gene Expression,A_mel_mkref_out,False,24
LOC410732,LOC410732,Gene Expression,A_mel_mkref_out,False,84315
LOC724329,LOC724329,Gene Expression,A_mel_mkref_out,False,15013
LOC100578066,LOC100578066,Gene Expression,A_mel_mkref_out,False,45636
Hsc70-4,GeneID_409418,Gene Expression,A_mel_mkref_out,False,79440
LOC411548,LOC411548,Gene Expression,A_mel_mkref_out,False,38401
LOC411983,LOC411983,Gene Expression,A_mel_mkref_out,False,3644
LOC102656575,LOC102656575,Gene Expression,A_mel_mkref_out,False,4011
LOC107964341,LOC107964341,Gene Expression,A_mel_mkref_out,False,1555
LOC102653997,LOC102653997,Gene Expression,A_mel_mkref_out,False,235
LOC727229,LOC727229,Gene Expression,A_mel_mkref_out,False,14819
LOC726824,LOC726824,Gene Expression,A_mel_mkref_out,False,33182
LOC725151,LOC725151,Gene Expression,A_mel_mkref_out,False,81
LOC409886,LOC409886,Gene Expression,A_mel_mkref_out,False,18939
LOC113219066,LOC113219066,Gene Expression,A_mel_mkref_out,False,2283
LOC408596,LOC408596,Gene Expression,A_mel_mkref_out,False,845
LOC113218984,LOC113218984,Gene Expression,A_mel_mkref_out,False,824
LOC113218523,LOC113218523,Gene Expression,A_mel_mkref_out,False,64079
LOC411723,LOC411723,Gene Expression,A_mel_mkref_out,False,52476
LOC100577140,LOC100577140,Gene Expression,A_mel_mkref_out,False,9321
LOC724199,LOC724199,Gene Expression,A_mel_mkref_out,False,37
LOC724374,LOC724374,Gene Expression,A_mel_mkref_out,False,6168
LOC409311,LOC409311,Gene Expression,A_mel_mkref_out,False,34500
Stip,GeneID_408611,Gene Expression,A_mel_mkref_out,False,19908
LOC102655469,LOC102655469,Gene Expression,A_mel_mkref_out,False,2227
LOC100576447,LOC100576447,Gene Expression,A_mel_mkref_out,False,980
LOC102656449,LOC102656449,Gene Expression,A_mel_mkref_out,False,199
LOC551420,LOC551420,Gene Expression,A_mel_mkref_out,False,26088
LOC102656359,LOC102656359,Gene Expression,A_mel_mkref_out,False,7217
LOC409564,LOC409564,Gene Expression,A_mel_mkref_out,False,40557
LOC107966040,LOC107966040,Gene Expression,A_mel_mkref_out,False,7752
LOC726451,LOC726451,Gene Expression,A_mel_mkref_out,False,1398
LOC724145,LOC724145,Gene Expression,A_mel_mkref_out,False,725
LOC102656558,LOC102656558,Gene Expression,A_mel_mkref_out,False,7495
LOC413132,LOC413132,Gene Expression,A_mel_mkref_out,False,41128
LOC102655654,LOC102655654,Gene Expression,A_mel_mkref_out,False,808
LOC412112,LOC412112,Gene Expression,A_mel_mkref_out,False,15821
LOC503505,LOC503505,Gene Expression,A_mel_mkref_out,False,25101
LOC725775,LOC725775,Gene Expression,A_mel_mkref_out,False,11570
LOC107964442,LOC107964442,Gene Expression,A_mel_mkref_out,False,2017
LOC550992,LOC550992,Gene Expression,A_mel_mkref_out,False,21574
LOC102654266,LOC102654266,Gene Expression,A_mel_mkref_out,False,367
LOC100576730,LOC100576730,Gene Expression,A_mel_mkref_out,False,846
LOC100577369,LOC100577369,Gene Expression,A_mel_mkref_out,False,20832
LOC552181,LOC552181,Gene Expression,A_mel_mkref_out,False,2844
LOC724233,LOC724233,Gene Expression,A_mel_mkref_out,False,33909
LOC412384,LOC412384,Gene Expression,A_mel_mkref_out,False,19745
LOC102653708,LOC102653708,Gene Expression,A_mel_mkref_out,False,3574
LOC107965313,LOC107965313,Gene Expression,A_mel_mkref_out,False,9778
LOC410784,LOC410784,Gene Expression,A_mel_mkref_out,False,15452
LOC100577450,LOC100577450,Gene Expression,A_mel_mkref_out,False,15140
LOC413025,LOC413025,Gene Expression,A_mel_mkref_out,False,15372
LOC102654581,LOC102654581,Gene Expression,A_mel_mkref_out,False,110
LOC409401,LOC409401,Gene Expression,A_mel_mkref_out,False,29190
LOC725455,LOC725455,Gene Expression,A_mel_mkref_out,False,766
LOC113219396,LOC113219396,Gene Expression,A_mel_mkref_out,False,27055
LOC725576,LOC725576,Gene Expression,A_mel_mkref_out,False,35952
LOC408585,LOC408585,Gene Expression,A_mel_mkref_out,False,7084
LOC412734,LOC412734,Gene Expression,A_mel_mkref_out,False,14331
LOC551606,LOC551606,Gene Expression,A_mel_mkref_out,False,5349
LOC102656828,LOC102656828,Gene Expression,A_mel_mkref_out,False,1511
LOC725495,LOC725495,Gene Expression,A_mel_mkref_out,False,3204
LOC552426,LOC552426,Gene Expression,A_mel_mkref_out,False,28782
LOC726766,LOC726766,Gene Expression,A_mel_mkref_out,False,35308
LOC102653642,LOC102653642,Gene Expression,A_mel_mkref_out,False,387
LOC409690,LOC409690,Gene Expression,A_mel_mkref_out,False,42761
LOC412196,LOC412196,Gene Expression,A_mel_mkref_out,False,967
LOC726218,LOC726218,Gene Expression,A_mel_mkref_out,False,8555
LOC100576789,LOC100576789,Gene Expression,A_mel_mkref_out,False,2090
LOC413244,LOC413244,Gene Expression,A_mel_mkref_out,False,6373
LOC100577577,LOC100577577,Gene Expression,A_mel_mkref_out,False,31
LOC102655720,LOC102655720,Gene Expression,A_mel_mkref_out,False,112
LOC725225,LOC725225,Gene Expression,A_mel_mkref_out,False,1442
LOC727079,LOC727079,Gene Expression,A_mel_mkref_out,False,6617
LOC409749,LOC409749,Gene Expression,A_mel_mkref_out,False,16645
LOC551443,LOC551443,Gene Expression,A_mel_mkref_out,False,7967
LOC410683,LOC410683,Gene Expression,A_mel_mkref_out,False,2166
LOC107963961,LOC107963961,Gene Expression,A_mel_mkref_out,False,2666
LOC100577848,LOC100577848,Gene Expression,A_mel_mkref_out,False,459
LOC411472,LOC411472,Gene Expression,A_mel_mkref_out,False,11679
LOC409927,LOC409927,Gene Expression,A_mel_mkref_out,False,12208
LOC100578855,LOC100578855,Gene Expression,A_mel_mkref_out,False,47
LOC100578360,LOC100578360,Gene Expression,A_mel_mkref_out,False,16728
LOC409909,LOC409909,Gene Expression,A_mel_mkref_out,False,18817
LOC724760,LOC724760,Gene Expression,A_mel_mkref_out,False,533
LOC552636,LOC552636,Gene Expression,A_mel_mkref_out,False,1463
LOC408568,LOC408568,Gene Expression,A_mel_mkref_out,False,42403
LOC724541,LOC724541,Gene Expression,A_mel_mkref_out,False,2834
LOC727399,LOC727399,Gene Expression,A_mel_mkref_out,False,70947
LOC726541,LOC726541,Gene Expression,A_mel_mkref_out,False,47633
LOC113218819,LOC113218819,Gene Expression,A_mel_mkref_out,False,1703
LOC107966044,LOC107966044,Gene Expression,A_mel_mkref_out,False,8141
LOC412829,LOC412829,Gene Expression,A_mel_mkref_out,False,559
LOC410663,LOC410663,Gene Expression,A_mel_mkref_out,False,10465
LOC102656669,LOC102656669,Gene Expression,A_mel_mkref_out,False,22
LOC725238,LOC725238,Gene Expression,A_mel_mkref_out,False,31158
LOC409706,LOC409706,Gene Expression,A_mel_mkref_out,False,32626
LOC552274,LOC552274,Gene Expression,A_mel_mkref_out,False,10207
Syt1,GeneID_408613,Gene Expression,A_mel_mkref_out,False,86450
LOC102655724,LOC102655724,Gene Expression,A_mel_mkref_out,False,371
LOC100578300,LOC100578300,Gene Expression,A_mel_mkref_out,False,389
LOC724192,LOC724192,Gene Expression,A_mel_mkref_out,False,71610
LOC107964507,LOC107964507,Gene Expression,A_mel_mkref_out,False,5832
LOC107966050,LOC107966050,Gene Expression,A_mel_mkref_out,False,919
LOC410684,LOC410684,Gene Expression,A_mel_mkref_out,False,4270
LOC551705,LOC551705,Gene Expression,A_mel_mkref_out,False,23569
LOC100577895,LOC100577895,Gene Expression,A_mel_mkref_out,False,228
LOC725305,LOC725305,Gene Expression,A_mel_mkref_out,False,341
LOC411675,LOC411675,Gene Expression,A_mel_mkref_out,False,44308
LOC724411,LOC724411,Gene Expression,A_mel_mkref_out,False,10717
LOC113219286,LOC113219286,Gene Expression,A_mel_mkref_out,False,20
LOC551785,LOC551785,Gene Expression,A_mel_mkref_out,False,7618
LOC102655933,LOC102655933,Gene Expression,A_mel_mkref_out,False,278
LOC412263,LOC412263,Gene Expression,A_mel_mkref_out,False,48326
LOC727263,LOC727263,Gene Expression,A_mel_mkref_out,False,36328
LOC725450,LOC725450,Gene Expression,A_mel_mkref_out,False,11093
LOC551725,LOC551725,Gene Expression,A_mel_mkref_out,False,18885
LOC552068,LOC552068,Gene Expression,A_mel_mkref_out,False,35780
egh,GeneID_727422,Gene Expression,A_mel_mkref_out,False,26432
LOC725150,LOC725150,Gene Expression,A_mel_mkref_out,False,41835
LOC409103,LOC409103,Gene Expression,A_mel_mkref_out,False,31797
LOC100578721,LOC100578721,Gene Expression,A_mel_mkref_out,False,14095
LOC413377,LOC413377,Gene Expression,A_mel_mkref_out,False,50036
LOC725459,LOC725459,Gene Expression,A_mel_mkref_out,False,1680
LOC725606,LOC725606,Gene Expression,A_mel_mkref_out,False,743
LOC552315,LOC552315,Gene Expression,A_mel_mkref_out,False,25439
LOC412354,LOC412354,Gene Expression,A_mel_mkref_out,False,23799
LOC727396,LOC727396,Gene Expression,A_mel_mkref_out,False,29229
LOC107964344,LOC107964344,Gene Expression,A_mel_mkref_out,False,2484
LOC113218632,LOC113218632,Gene Expression,A_mel_mkref_out,False,68842
LOC410746,LOC410746,Gene Expression,A_mel_mkref_out,False,5916
LOC552141,LOC552141,Gene Expression,A_mel_mkref_out,False,19682
ROCK2,GeneID_100578506,Gene Expression,A_mel_mkref_out,False,54984
LOC113219182,LOC113219182,Gene Expression,A_mel_mkref_out,False,4581
LOC725418,LOC725418,Gene Expression,A_mel_mkref_out,False,12555
LOC408590,LOC408590,Gene Expression,A_mel_mkref_out,False,27388
LOC724636,LOC724636,Gene Expression,A_mel_mkref_out,False,3904
LOC726061,LOC726061,Gene Expression,A_mel_mkref_out,False,17175
LOC409970,LOC409970,Gene Expression,A_mel_mkref_out,False,21856
LOC552743,LOC552743,Gene Expression,A_mel_mkref_out,False,9039
LOC409718,LOC409718,Gene Expression,A_mel_mkref_out,False,19459
LOC551203,LOC551203,Gene Expression,A_mel_mkref_out,False,73536
Dat,GeneID_412285,Gene Expression,A_mel_mkref_out,False,1030
LOC551416,LOC551416,Gene Expression,A_mel_mkref_out,False,31260
LOC107964984,LOC107964984,Gene Expression,A_mel_mkref_out,False,818
LOC412000,LOC412000,Gene Expression,A_mel_mkref_out,False,20858
LOC552166,LOC552166,Gene Expression,A_mel_mkref_out,False,49976
LOC100578247,LOC100578247,Gene Expression,A_mel_mkref_out,False,1304
LOC409383,LOC409383,Gene Expression,A_mel_mkref_out,False,44218
LOC406132,LOC406132,Gene Expression,A_mel_mkref_out,False,17116
LOC100578445,LOC100578445,Gene Expression,A_mel_mkref_out,False,21605
LOC408643,LOC408643,Gene Expression,A_mel_mkref_out,False,31971
LOC724794,LOC724794,Gene Expression,A_mel_mkref_out,False,4420
LOC724148,LOC724148,Gene Expression,A_mel_mkref_out,False,159
LOC550706,LOC550706,Gene Expression,A_mel_mkref_out,False,31140
LOC413056,LOC413056,Gene Expression,A_mel_mkref_out,False,423
LOC410734,LOC410734,Gene Expression,A_mel_mkref_out,False,407
LOC551819,LOC551819,Gene Expression,A_mel_mkref_out,False,8675
LOC113218729,LOC113218729,Gene Expression,A_mel_mkref_out,False,13702
LOC409910,LOC409910,Gene Expression,A_mel_mkref_out,False,39606
LOC410729,LOC410729,Gene Expression,A_mel_mkref_out,False,302
Prpf3,GeneID_408606,Gene Expression,A_mel_mkref_out,False,22715
LOC552142,LOC552142,Gene Expression,A_mel_mkref_out,False,73893
LOC102654014,LOC102654014,Gene Expression,A_mel_mkref_out,False,10105
LOC551728,LOC551728,Gene Expression,A_mel_mkref_out,False,27589
LOC552040,LOC552040,Gene Expression,A_mel_mkref_out,False,9938
LOC725414,LOC725414,Gene Expression,A_mel_mkref_out,False,5579
LOC113219278,LOC113219278,Gene Expression,A_mel_mkref_out,False,6672
vas,GeneID_410692,Gene Expression,A_mel_mkref_out,False,10577
LOC409138,LOC409138,Gene Expression,A_mel_mkref_out,False,80609
LOC107964618,LOC107964618,Gene Expression,A_mel_mkref_out,False,2420
LOC724719,LOC724719,Gene Expression,A_mel_mkref_out,False,22775
LOC100576918,LOC100576918,Gene Expression,A_mel_mkref_out,False,5548
LOC411753,LOC411753,Gene Expression,A_mel_mkref_out,False,22128
LOC726886,LOC726886,Gene Expression,A_mel_mkref_out,False,21418
LOC724412,LOC724412,Gene Expression,A_mel_mkref_out,False,1242
LOC412081,LOC412081,Gene Expression,A_mel_mkref_out,False,26186
LOC551868,LOC551868,Gene Expression,A_mel_mkref_out,False,5031
LOC725489,LOC725489,Gene Expression,A_mel_mkref_out,False,454
LOC113218578,LOC113218578,Gene Expression,A_mel_mkref_out,False,1567
LOC411808,LOC411808,Gene Expression,A_mel_mkref_out,False,36399
LOC107965181,LOC107965181,Gene Expression,A_mel_mkref_out,False,4355
LOC724680,LOC724680,Gene Expression,A_mel_mkref_out,False,31455
Sergef,GeneID_725534,Gene Expression,A_mel_mkref_out,False,11468
LOC409226,LOC409226,Gene Expression,A_mel_mkref_out,False,28801
LOC100576938,LOC100576938,Gene Expression,A_mel_mkref_out,False,11522
LOC410116,LOC410116,Gene Expression,A_mel_mkref_out,False,33215
LOC408575,LOC408575,Gene Expression,A_mel_mkref_out,False,19479
LOC102654799,LOC102654799,Gene Expression,A_mel_mkref_out,False,574
LOC100578146,LOC100578146,Gene Expression,A_mel_mkref_out,False,36069
LOC409075,LOC409075,Gene Expression,A_mel_mkref_out,False,20899
LOC552039,LOC552039,Gene Expression,A_mel_mkref_out,False,7087
LOC102653612,LOC102653612,Gene Expression,A_mel_mkref_out,False,130
LOC413437,LOC413437,Gene Expression,A_mel_mkref_out,False,5474
LOC726449,LOC726449,Gene Expression,A_mel_mkref_out,False,2469
LOC726316,LOC726316,Gene Expression,A_mel_mkref_out,False,18410
LOC551911,LOC551911,Gene Expression,A_mel_mkref_out,False,12926
LOC413868,LOC413868,Gene Expression,A_mel_mkref_out,False,29617
LOC102654413,LOC102654413,Gene Expression,A_mel_mkref_out,False,168
LOC413562,LOC413562,Gene Expression,A_mel_mkref_out,False,40286
LOC414042,LOC414042,Gene Expression,A_mel_mkref_out,False,20735
LOC100578953,LOC100578953,Gene Expression,A_mel_mkref_out,False,64249
LOC408607,LOC408607,Gene Expression,A_mel_mkref_out,False,28685
LOC551411,LOC551411,Gene Expression,A_mel_mkref_out,False,22504
LOC552419,LOC552419,Gene Expression,A_mel_mkref_out,False,5175
LOC102655014,LOC102655014,Gene Expression,A_mel_mkref_out,False,1061
LOC113218833,LOC113218833,Gene Expression,A_mel_mkref_out,False,658
LOC552063,LOC552063,Gene Expression,A_mel_mkref_out,False,37817
LOC100576703,LOC100576703,Gene Expression,A_mel_mkref_out,False,5628
LOC551188,LOC551188,Gene Expression,A_mel_mkref_out,False,14005
LOC408876,LOC408876,Gene Expression,A_mel_mkref_out,False,65717
LOC725734,LOC725734,Gene Expression,A_mel_mkref_out,False,5272
LOC113218852,LOC113218852,Gene Expression,A_mel_mkref_out,False,2103
LOC724929,LOC724929,Gene Expression,A_mel_mkref_out,False,73342
LOC102656534,LOC102656534,Gene Expression,A_mel_mkref_out,False,9817
LOC107964645,LOC107964645,Gene Expression,A_mel_mkref_out,False,27
LOC411140,LOC411140,Gene Expression,A_mel_mkref_out,False,3262
LOC411141,LOC411141,Gene Expression,A_mel_mkref_out,False,17804
LOC113218561,LOC113218561,Gene Expression,A_mel_mkref_out,False,510
LOC100578223,LOC100578223,Gene Expression,A_mel_mkref_out,False,854
LOC409897,LOC409897,Gene Expression,A_mel_mkref_out,False,36304
LOC408868,LOC408868,Gene Expression,A_mel_mkref_out,False,3217
LOC100577963,LOC100577963,Gene Expression,A_mel_mkref_out,False,15520
LOC412367,LOC412367,Gene Expression,A_mel_mkref_out,False,9958
LOC100577214,LOC100577214,Gene Expression,A_mel_mkref_out,False,7095
LOC113218849,LOC113218849,Gene Expression,A_mel_mkref_out,False,750
LOC551066,LOC551066,Gene Expression,A_mel_mkref_out,False,46022
LOC107964590,LOC107964590,Gene Expression,A_mel_mkref_out,False,2123
LOC412984,LOC412984,Gene Expression,A_mel_mkref_out,False,21745
LOC552058,LOC552058,Gene Expression,A_mel_mkref_out,False,7960
LOC412985,LOC412985,Gene Expression,A_mel_mkref_out,False,22847
LOC102655635,LOC102655635,Gene Expression,A_mel_mkref_out,False,3176
LOC724745,LOC724745,Gene Expression,A_mel_mkref_out,False,20802
LOC550921,LOC550921,Gene Expression,A_mel_mkref_out,False,76566
LOC100578675,LOC100578675,Gene Expression,A_mel_mkref_out,False,2143
LOC413043,LOC413043,Gene Expression,A_mel_mkref_out,False,3144
LOC413877,LOC413877,Gene Expression,A_mel_mkref_out,False,11762
LOC725130,LOC725130,Gene Expression,A_mel_mkref_out,False,22869
LOC725480,LOC725480,Gene Expression,A_mel_mkref_out,False,1580
LOC100577731,LOC100577731,Gene Expression,A_mel_mkref_out,False,595
LOC102655953,LOC102655953,Gene Expression,A_mel_mkref_out,False,2852
LOC725599,LOC725599,Gene Expression,A_mel_mkref_out,False,25657
Kr,GeneID_411166,Gene Expression,A_mel_mkref_out,False,9655
LOC412020,LOC412020,Gene Expression,A_mel_mkref_out,False,11973
LOC100578929,LOC100578929,Gene Expression,A_mel_mkref_out,False,899
LOC551811,LOC551811,Gene Expression,A_mel_mkref_out,False,5501
LOC550827,LOC550827,Gene Expression,A_mel_mkref_out,False,19430
LOC724783,LOC724783,Gene Expression,A_mel_mkref_out,False,9128
LOC551856,LOC551856,Gene Expression,A_mel_mkref_out,False,9069
AGLU2,GeneID_409889,Gene Expression,A_mel_mkref_out,False,11081
LOC102654860,LOC102654860,Gene Expression,A_mel_mkref_out,False,25918
LOC100578659,LOC100578659,Gene Expression,A_mel_mkref_out,False,4121
LOC102654988,LOC102654988,Gene Expression,A_mel_mkref_out,False,733
LOC552496,LOC552496,Gene Expression,A_mel_mkref_out,False,20831
LOC113218832,LOC113218832,Gene Expression,A_mel_mkref_out,False,1917
LOC409908,LOC409908,Gene Expression,A_mel_mkref_out,False,31683
LOC102656523,LOC102656523,Gene Expression,A_mel_mkref_out,False,1405
LOC551512,LOC551512,Gene Expression,A_mel_mkref_out,False,17005
LOC100576116,LOC100576116,Gene Expression,A_mel_mkref_out,False,6266
LOC102655062,LOC102655062,Gene Expression,A_mel_mkref_out,False,86
LOC102655455,LOC102655455,Gene Expression,A_mel_mkref_out,False,6081
LOC113218869,LOC113218869,Gene Expression,A_mel_mkref_out,False,5632
LOC726054,LOC726054,Gene Expression,A_mel_mkref_out,False,27767
LOC100576669,LOC100576669,Gene Expression,A_mel_mkref_out,False,11933
LOC725405,LOC725405,Gene Expression,A_mel_mkref_out,False,28876
LOC100576868,LOC100576868,Gene Expression,A_mel_mkref_out,False,655
LOC100577057,LOC100577057,Gene Expression,A_mel_mkref_out,False,913
LOC412661,LOC412661,Gene Expression,A_mel_mkref_out,False,4771
LOC102656209,LOC102656209,Gene Expression,A_mel_mkref_out,False,118
LOC100577805,LOC100577805,Gene Expression,A_mel_mkref_out,False,331
LOC411154,LOC411154,Gene Expression,A_mel_mkref_out,False,46996
LOC107964623,LOC107964623,Gene Expression,A_mel_mkref_out,False,2193
LOC552314,LOC552314,Gene Expression,A_mel_mkref_out,False,6891
LOC551566,LOC551566,Gene Expression,A_mel_mkref_out,False,59284
LOC107964632,LOC107964632,Gene Expression,A_mel_mkref_out,False,5937
LOC102653731,LOC102653731,Gene Expression,A_mel_mkref_out,False,1326
LOC411692,LOC411692,Gene Expression,A_mel_mkref_out,False,40119
LOC409183,LOC409183,Gene Expression,A_mel_mkref_out,False,7859
LOC102655870,LOC102655870,Gene Expression,A_mel_mkref_out,False,5395
LOC100578417,LOC100578417,Gene Expression,A_mel_mkref_out,False,3066
LOC102655213,LOC102655213,Gene Expression,A_mel_mkref_out,False,3556
LOC413005,LOC413005,Gene Expression,A_mel_mkref_out,False,81164
LOC411183,LOC411183,Gene Expression,A_mel_mkref_out,False,38842
LOC113218831,LOC113218831,Gene Expression,A_mel_mkref_out,False,2211
LOC409028,LOC409028,Gene Expression,A_mel_mkref_out,False,18729
LOC726754,LOC726754,Gene Expression,A_mel_mkref_out,False,5626
LOC102654924,LOC102654924,Gene Expression,A_mel_mkref_out,False,784
LOC551552,LOC551552,Gene Expression,A_mel_mkref_out,False,12213
LOC725814,LOC725814,Gene Expression,A_mel_mkref_out,False,1757
LOC411145,LOC411145,Gene Expression,A_mel_mkref_out,False,5037
LOC725365,LOC725365,Gene Expression,A_mel_mkref_out,False,15669
LOC413899,LOC413899,Gene Expression,A_mel_mkref_out,False,6477
LOC107964659,LOC107964659,Gene Expression,A_mel_mkref_out,False,915
LOC551788,LOC551788,Gene Expression,A_mel_mkref_out,False,1189
LOC412194,LOC412194,Gene Expression,A_mel_mkref_out,False,24513
LOC113218877,LOC113218877,Gene Expression,A_mel_mkref_out,False,160
LOC102654812,LOC102654812,Gene Expression,A_mel_mkref_out,False,6917
LOC725799,LOC725799,Gene Expression,A_mel_mkref_out,False,49949
LOC100576573,LOC100576573,Gene Expression,A_mel_mkref_out,False,612
LOC102654087,LOC102654087,Gene Expression,A_mel_mkref_out,False,7925
LOC726338,LOC726338,Gene Expression,A_mel_mkref_out,False,14965
LOC100577552,LOC100577552,Gene Expression,A_mel_mkref_out,False,36624
LOC412448,LOC412448,Gene Expression,A_mel_mkref_out,False,839
LOC100576895,LOC100576895,Gene Expression,A_mel_mkref_out,False,742
LOC725217,LOC725217,Gene Expression,A_mel_mkref_out,False,2479
LOC102655847,LOC102655847,Gene Expression,A_mel_mkref_out,False,6461
LOC551803,LOC551803,Gene Expression,A_mel_mkref_out,False,3149
LOC408872,LOC408872,Gene Expression,A_mel_mkref_out,False,16303
LOC409459,LOC409459,Gene Expression,A_mel_mkref_out,False,29949
LOC409425,LOC409425,Gene Expression,A_mel_mkref_out,False,8223
LOC102654469,LOC102654469,Gene Expression,A_mel_mkref_out,False,1818
LOC727108,LOC727108,Gene Expression,A_mel_mkref_out,False,38575
LOC102653602,LOC102653602,Gene Expression,A_mel_mkref_out,False,2972
LOC411148,LOC411148,Gene Expression,A_mel_mkref_out,False,19579
LOC410031,LOC410031,Gene Expression,A_mel_mkref_out,False,23724
LOC724703,LOC724703,Gene Expression,A_mel_mkref_out,False,4409
LOC726463,LOC726463,Gene Expression,A_mel_mkref_out,False,182
LOC102656088,LOC102656088,Gene Expression,A_mel_mkref_out,False,136
LOC100577215,LOC100577215,Gene Expression,A_mel_mkref_out,False,471
LOC725935,LOC725935,Gene Expression,A_mel_mkref_out,False,7065
CPR13,GeneID_725300,Gene Expression,A_mel_mkref_out,False,200
LOC552204,LOC552204,Gene Expression,A_mel_mkref_out,False,9177
LOC102653661,LOC102653661,Gene Expression,A_mel_mkref_out,False,61
LOC409972,LOC409972,Gene Expression,A_mel_mkref_out,False,56527
LOC102656132,LOC102656132,Gene Expression,A_mel_mkref_out,False,9189
LOC413154,LOC413154,Gene Expression,A_mel_mkref_out,False,15732
LOC409928,LOC409928,Gene Expression,A_mel_mkref_out,False,82346
LOC724860,LOC724860,Gene Expression,A_mel_mkref_out,False,658
LOC113218838,LOC113218838,Gene Expression,A_mel_mkref_out,False,7254
LOC724352,LOC724352,Gene Expression,A_mel_mkref_out,False,7842
LOC408891,LOC408891,Gene Expression,A_mel_mkref_out,False,14779
LOC726620,LOC726620,Gene Expression,A_mel_mkref_out,False,26082
LOC107964573,LOC107964573,Gene Expression,A_mel_mkref_out,False,6343
LOC102655529,LOC102655529,Gene Expression,A_mel_mkref_out,False,1490
LOC410136,LOC410136,Gene Expression,A_mel_mkref_out,False,47302
LOC102654344,LOC102654344,Gene Expression,A_mel_mkref_out,False,5519
LOC725706,LOC725706,Gene Expression,A_mel_mkref_out,False,36337
LOC552115,LOC552115,Gene Expression,A_mel_mkref_out,False,44918
LOC113218884,LOC113218884,Gene Expression,A_mel_mkref_out,False,2531
LOC408884,LOC408884,Gene Expression,A_mel_mkref_out,False,13964
LOC413356,LOC413356,Gene Expression,A_mel_mkref_out,False,18205
LOC409317,LOC409317,Gene Expression,A_mel_mkref_out,False,12096
LOC411155,LOC411155,Gene Expression,A_mel_mkref_out,False,89563
LOC100577286,LOC100577286,Gene Expression,A_mel_mkref_out,False,168
LOC411158,LOC411158,Gene Expression,A_mel_mkref_out,False,51756
LOC411387,LOC411387,Gene Expression,A_mel_mkref_out,False,92
LOC100577141,LOC100577141,Gene Expression,A_mel_mkref_out,False,216
LOC411980,LOC411980,Gene Expression,A_mel_mkref_out,False,25306
LOC409528,LOC409528,Gene Expression,A_mel_mkref_out,False,30033
LOC411639,LOC411639,Gene Expression,A_mel_mkref_out,False,304
LOC413189,LOC413189,Gene Expression,A_mel_mkref_out,False,23346
LOC411164,LOC411164,Gene Expression,A_mel_mkref_out,False,19649
LOC102654776,LOC102654776,Gene Expression,A_mel_mkref_out,False,30998
LOC412889,LOC412889,Gene Expression,A_mel_mkref_out,False,11799
LOC725017,LOC725017,Gene Expression,A_mel_mkref_out,False,564
LOC107964660,LOC107964660,Gene Expression,A_mel_mkref_out,False,896
LOC411181,LOC411181,Gene Expression,A_mel_mkref_out,False,70711
LOC726174,LOC726174,Gene Expression,A_mel_mkref_out,False,9917
LOC100577894,LOC100577894,Gene Expression,A_mel_mkref_out,False,32851
LOC102654122,LOC102654122,Gene Expression,A_mel_mkref_out,False,472
LOC411864,LOC411864,Gene Expression,A_mel_mkref_out,False,6454
LOC113218859,LOC113218859,Gene Expression,A_mel_mkref_out,False,1727
LOC551055,LOC551055,Gene Expression,A_mel_mkref_out,False,12610
LOC102656171,LOC102656171,Gene Expression,A_mel_mkref_out,False,7093
LOC113218860,LOC113218860,Gene Expression,A_mel_mkref_out,False,1371
LOC102656653,LOC102656653,Gene Expression,A_mel_mkref_out,False,918
LOC551631,LOC551631,Gene Expression,A_mel_mkref_out,False,14850
LOC552287,LOC552287,Gene Expression,A_mel_mkref_out,False,28692
LOC552362,LOC552362,Gene Expression,A_mel_mkref_out,False,15888
LOC100576304,LOC100576304,Gene Expression,A_mel_mkref_out,False,649
LOC408892,LOC408892,Gene Expression,A_mel_mkref_out,False,5262
LOC413046,LOC413046,Gene Expression,A_mel_mkref_out,False,29674
LOC409899,LOC409899,Gene Expression,A_mel_mkref_out,False,13674
LOC102654387,LOC102654387,Gene Expression,A_mel_mkref_out,False,365
LOC113218855,LOC113218855,Gene Expression,A_mel_mkref_out,False,364
LOC113218886,LOC113218886,Gene Expression,A_mel_mkref_out,False,1585
LOC102655219,LOC102655219,Gene Expression,A_mel_mkref_out,False,3662
LOC102653863,LOC102653863,Gene Expression,A_mel_mkref_out,False,7699
LOC725328,LOC725328,Gene Expression,A_mel_mkref_out,False,24086
LOC409448,LOC409448,Gene Expression,A_mel_mkref_out,False,2641
LOC100578585,LOC100578585,Gene Expression,A_mel_mkref_out,False,2695
Kr-h1,GeneID_100576395,Gene Expression,A_mel_mkref_out,False,30075
LOC411935,LOC411935,Gene Expression,A_mel_mkref_out,False,1621
LOC100577393,LOC100577393,Gene Expression,A_mel_mkref_out,False,38265
LOC107964598,LOC107964598,Gene Expression,A_mel_mkref_out,False,948
LOC107964634,LOC107964634,Gene Expression,A_mel_mkref_out,False,5730
LOC727501,LOC727501,Gene Expression,A_mel_mkref_out,False,9734
LOC102656574,LOC102656574,Gene Expression,A_mel_mkref_out,False,601
LOC413900,LOC413900,Gene Expression,A_mel_mkref_out,False,12918
LOC727497,LOC727497,Gene Expression,A_mel_mkref_out,False,19043
LOC408878,LOC408878,Gene Expression,A_mel_mkref_out,False,1951
LOC411793,LOC411793,Gene Expression,A_mel_mkref_out,False,8835
LOC551099,LOC551099,Gene Expression,A_mel_mkref_out,False,22967
LOC100577778,LOC100577778,Gene Expression,A_mel_mkref_out,False,21363
LOC102655311,LOC102655311,Gene Expression,A_mel_mkref_out,False,5487
LOC726162,LOC726162,Gene Expression,A_mel_mkref_out,False,378
LOC724308,LOC724308,Gene Expression,A_mel_mkref_out,False,2679
LOC411163,LOC411163,Gene Expression,A_mel_mkref_out,False,35522
LOC113218821,LOC113218821,Gene Expression,A_mel_mkref_out,False,1133
LOC100578257,LOC100578257,Gene Expression,A_mel_mkref_out,False,15036
LOC724861,LOC724861,Gene Expression,A_mel_mkref_out,False,4200
LOC100577213,LOC100577213,Gene Expression,A_mel_mkref_out,False,3850
LOC102654088,LOC102654088,Gene Expression,A_mel_mkref_out,False,1024
LOC113218851,LOC113218851,Gene Expression,A_mel_mkref_out,False,4375
LOC113218864,LOC113218864,Gene Expression,A_mel_mkref_out,False,380
LOC113218857,LOC113218857,Gene Expression,A_mel_mkref_out,False,584
LOC412366,LOC412366,Gene Expression,A_mel_mkref_out,False,31364
LOC100578454,LOC100578454,Gene Expression,A_mel_mkref_out,False,4094
LOC113218843,LOC113218843,Gene Expression,A_mel_mkref_out,False,20
LOC102654534,LOC102654534,Gene Expression,A_mel_mkref_out,False,1499
LOC411978,LOC411978,Gene Expression,A_mel_mkref_out,False,161
LOC725592,LOC725592,Gene Expression,A_mel_mkref_out,False,25967
LOC102656723,LOC102656723,Gene Expression,A_mel_mkref_out,False,84
LOC100576568,LOC100576568,Gene Expression,A_mel_mkref_out,False,1023
LOC102656270,LOC102656270,Gene Expression,A_mel_mkref_out,False,1501
LOC100577919,LOC100577919,Gene Expression,A_mel_mkref_out,False,11520
LOC102655881,LOC102655881,Gene Expression,A_mel_mkref_out,False,1060
LOC552645,LOC552645,Gene Expression,A_mel_mkref_out,False,29122
LOC413785,LOC413785,Gene Expression,A_mel_mkref_out,False,25013
LOC552224,LOC552224,Gene Expression,A_mel_mkref_out,False,6653
LOC102655070,LOC102655070,Gene Expression,A_mel_mkref_out,False,1121
LOC113218875,LOC113218875,Gene Expression,A_mel_mkref_out,False,862
LOC552159,LOC552159,Gene Expression,A_mel_mkref_out,False,14461
LOC411595,LOC411595,Gene Expression,A_mel_mkref_out,False,34426
LOC113218846,LOC113218846,Gene Expression,A_mel_mkref_out,False,100
LOC102653657,LOC102653657,Gene Expression,A_mel_mkref_out,False,3208
LOC727398,LOC727398,Gene Expression,A_mel_mkref_out,False,19669
LOC726133,LOC726133,Gene Expression,A_mel_mkref_out,False,15424
LOC102656430,LOC102656430,Gene Expression,A_mel_mkref_out,False,3603
LOC409271,LOC409271,Gene Expression,A_mel_mkref_out,False,37660
LOC107964594,LOC107964594,Gene Expression,A_mel_mkref_out,False,14249
LOC552306,LOC552306,Gene Expression,A_mel_mkref_out,False,17976
LOC102655033,LOC102655033,Gene Expression,A_mel_mkref_out,False,524
LOC550869,LOC550869,Gene Expression,A_mel_mkref_out,False,4097
LOC113218861,LOC113218861,Gene Expression,A_mel_mkref_out,False,2970
LOC552089,LOC552089,Gene Expression,A_mel_mkref_out,False,5946
Cox6c,GeneID_100359410,Gene Expression,A_mel_mkref_out,False,25749
LOC113218822,LOC113218822,Gene Expression,A_mel_mkref_out,False,324
LOC113218823,LOC113218823,Gene Expression,A_mel_mkref_out,False,865
LOC102654584,LOC102654584,Gene Expression,A_mel_mkref_out,False,3562
LOC100576661,LOC100576661,Gene Expression,A_mel_mkref_out,False,721
LOC552677,LOC552677,Gene Expression,A_mel_mkref_out,False,48763
LOC107964592,LOC107964592,Gene Expression,A_mel_mkref_out,False,2978
LOC725707,LOC725707,Gene Expression,A_mel_mkref_out,False,43664
LOC408894,LOC408894,Gene Expression,A_mel_mkref_out,False,59953
LOC113218837,LOC113218837,Gene Expression,A_mel_mkref_out,False,751
LOC100576976,LOC100576976,Gene Expression,A_mel_mkref_out,False,5707
LOC413040,LOC413040,Gene Expression,A_mel_mkref_out,False,54277
LOC725570,LOC725570,Gene Expression,A_mel_mkref_out,False,42258
LOC727346,LOC727346,Gene Expression,A_mel_mkref_out,False,1453
LOC725436,LOC725436,Gene Expression,A_mel_mkref_out,False,49903
LOC100576179,LOC100576179,Gene Expression,A_mel_mkref_out,False,58
LOC413368,LOC413368,Gene Expression,A_mel_mkref_out,False,35108
LOC413190,LOC413190,Gene Expression,A_mel_mkref_out,False,656
LOC724259,LOC724259,Gene Expression,A_mel_mkref_out,False,26325
LOC413173,LOC413173,Gene Expression,A_mel_mkref_out,False,9607
LOC100576482,LOC100576482,Gene Expression,A_mel_mkref_out,False,23027
LOC411167,LOC411167,Gene Expression,A_mel_mkref_out,False,25377
LOC409787,LOC409787,Gene Expression,A_mel_mkref_out,False,16064
LOC102653821,LOC102653821,Gene Expression,A_mel_mkref_out,False,49
LOC724565,LOC724565,Gene Expression,A_mel_mkref_out,False,189
LOC413898,LOC413898,Gene Expression,A_mel_mkref_out,False,18135
LOC551150,LOC551150,Gene Expression,A_mel_mkref_out,False,25769
LOC413730,LOC413730,Gene Expression,A_mel_mkref_out,False,1131
LOC102654056,LOC102654056,Gene Expression,A_mel_mkref_out,False,16858
LOC102654587,LOC102654587,Gene Expression,A_mel_mkref_out,False,913
LOC113218876,LOC113218876,Gene Expression,A_mel_mkref_out,False,132
LOC409358,LOC409358,Gene Expression,A_mel_mkref_out,False,18123
LOC725761,LOC725761,Gene Expression,A_mel_mkref_out,False,10678
LOC107964013,LOC107964013,Gene Expression,A_mel_mkref_out,False,8182
LOC552455,LOC552455,Gene Expression,A_mel_mkref_out,False,35840
LOC102655997,LOC102655997,Gene Expression,A_mel_mkref_out,False,1807
LOC409452,LOC409452,Gene Expression,A_mel_mkref_out,False,40173
LOC100578593,LOC100578593,Gene Expression,A_mel_mkref_out,False,3148
LOC724977,LOC724977,Gene Expression,A_mel_mkref_out,False,12972
LOC102656738,LOC102656738,Gene Expression,A_mel_mkref_out,False,1445
LOC411157,LOC411157,Gene Expression,A_mel_mkref_out,False,61125
LOC102655355,LOC102655355,Gene Expression,A_mel_mkref_out,False,425
LOC113218839,LOC113218839,Gene Expression,A_mel_mkref_out,False,779
LOC102654321,LOC102654321,Gene Expression,A_mel_mkref_out,False,2248
LOC113218845,LOC113218845,Gene Expression,A_mel_mkref_out,False,112
LOC107964652,LOC107964652,Gene Expression,A_mel_mkref_out,False,127
LOC100578680,LOC100578680,Gene Expression,A_mel_mkref_out,False,23131
LOC413473,LOC413473,Gene Expression,A_mel_mkref_out,False,54437
LOC411171,LOC411171,Gene Expression,A_mel_mkref_out,False,34354
LOC413071,LOC413071,Gene Expression,A_mel_mkref_out,False,60082
LOC102655092,LOC102655092,Gene Expression,A_mel_mkref_out,False,772
LOC725719,LOC725719,Gene Expression,A_mel_mkref_out,False,13564
LOC412986,LOC412986,Gene Expression,A_mel_mkref_out,False,2336
LOC102655284,LOC102655284,Gene Expression,A_mel_mkref_out,False,8111
LOC551398,LOC551398,Gene Expression,A_mel_mkref_out,False,12312
LOC724666,LOC724666,Gene Expression,A_mel_mkref_out,False,13580
LOC412131,LOC412131,Gene Expression,A_mel_mkref_out,False,7097
LOC413076,LOC413076,Gene Expression,A_mel_mkref_out,False,68143
LOC552342,LOC552342,Gene Expression,A_mel_mkref_out,False,16172
LOC408875,LOC408875,Gene Expression,A_mel_mkref_out,False,33458
LOC412756,LOC412756,Gene Expression,A_mel_mkref_out,False,34574
LOC100578266,LOC100578266,Gene Expression,A_mel_mkref_out,False,19074
LOC550870,LOC550870,Gene Expression,A_mel_mkref_out,False,77098
LOC724172,LOC724172,Gene Expression,A_mel_mkref_out,False,91879
LOC113218865,LOC113218865,Gene Expression,A_mel_mkref_out,False,509
LOC100578461,LOC100578461,Gene Expression,A_mel_mkref_out,False,22923
LOC409450,LOC409450,Gene Expression,A_mel_mkref_out,False,30086
LOC102654206,LOC102654206,Gene Expression,A_mel_mkref_out,False,592
LOC102655655,LOC102655655,Gene Expression,A_mel_mkref_out,False,1145
LOC411637,LOC411637,Gene Expression,A_mel_mkref_out,False,31710
LOC102655018,LOC102655018,Gene Expression,A_mel_mkref_out,False,17432
LOC102656504,LOC102656504,Gene Expression,A_mel_mkref_out,False,12498
Gycbeta1,GeneID_408880,Gene Expression,A_mel_mkref_out,False,37096
LOC552272,LOC552272,Gene Expression,A_mel_mkref_out,False,39217
LOC102656909,LOC102656909,Gene Expression,A_mel_mkref_out,False,398
LOC100576253,LOC100576253,Gene Expression,A_mel_mkref_out,False,54
LOC102654144,LOC102654144,Gene Expression,A_mel_mkref_out,False,3894
LOC102656082,LOC102656082,Gene Expression,A_mel_mkref_out,False,162
LOC100577360,LOC100577360,Gene Expression,A_mel_mkref_out,False,66
LOC107964630,LOC107964630,Gene Expression,A_mel_mkref_out,False,184
LOC102654621,LOC102654621,Gene Expression,A_mel_mkref_out,False,183
LOC107964569,LOC107964569,Gene Expression,A_mel_mkref_out,False,6715
LOC107964603,LOC107964603,Gene Expression,A_mel_mkref_out,False,26636
LOC102656388,LOC102656388,Gene Expression,A_mel_mkref_out,False,3122
LOC724323,LOC724323,Gene Expression,A_mel_mkref_out,False,3865
LOC412481,LOC412481,Gene Expression,A_mel_mkref_out,False,11583
LOC551973,LOC551973,Gene Expression,A_mel_mkref_out,False,64166
LOC113218562,LOC113218562,Gene Expression,A_mel_mkref_out,False,5512
LOC413074,LOC413074,Gene Expression,A_mel_mkref_out,False,41346
Pban,GeneID_100126690,Gene Expression,A_mel_mkref_out,False,199
LOC409291,LOC409291,Gene Expression,A_mel_mkref_out,False,37803
LOC113218824,LOC113218824,Gene Expression,A_mel_mkref_out,False,395
LOC409986,LOC409986,Gene Expression,A_mel_mkref_out,False,18760
LOC409305,LOC409305,Gene Expression,A_mel_mkref_out,False,41679
LOC100576307,LOC100576307,Gene Expression,A_mel_mkref_out,False,2113
LOC550930,LOC550930,Gene Expression,A_mel_mkref_out,False,76688
LOC552112,LOC552112,Gene Expression,A_mel_mkref_out,False,17083
LOC100579053,LOC100579053,Gene Expression,A_mel_mkref_out,False,36331
LOC551659,LOC551659,Gene Expression,A_mel_mkref_out,False,8178
LOC107964661,LOC107964661,Gene Expression,A_mel_mkref_out,False,152
LOC113218835,LOC113218835,Gene Expression,A_mel_mkref_out,False,61
LOC102655043,LOC102655043,Gene Expression,A_mel_mkref_out,False,8165
LOC102653613,LOC102653613,Gene Expression,A_mel_mkref_out,False,15876
LOC100577636,LOC100577636,Gene Expression,A_mel_mkref_out,False,33881
LOC113218829,LOC113218829,Gene Expression,A_mel_mkref_out,False,7940
LOC408888,LOC408888,Gene Expression,A_mel_mkref_out,False,13531
LOC551046,LOC551046,Gene Expression,A_mel_mkref_out,False,281
LOC102655786,LOC102655786,Gene Expression,A_mel_mkref_out,False,5752
LOC102656846,LOC102656846,Gene Expression,A_mel_mkref_out,False,6469
LOC725801,LOC725801,Gene Expression,A_mel_mkref_out,False,16824
LOC409263,LOC409263,Gene Expression,A_mel_mkref_out,False,23702
LOC102654006,LOC102654006,Gene Expression,A_mel_mkref_out,False,28
LOC100576637,LOC100576637,Gene Expression,A_mel_mkref_out,False,1561
LOC724655,LOC724655,Gene Expression,A_mel_mkref_out,False,71562
LOC411182,LOC411182,Gene Expression,A_mel_mkref_out,False,27335
LOC410005,LOC410005,Gene Expression,A_mel_mkref_out,False,16424
LOC102654173,LOC102654173,Gene Expression,A_mel_mkref_out,False,130
LOC551086,LOC551086,Gene Expression,A_mel_mkref_out,False,38773
LOC100577517,LOC100577517,Gene Expression,A_mel_mkref_out,False,91582
5-ht7,GeneID_726702,Gene Expression,A_mel_mkref_out,False,43516
LOC724309,LOC724309,Gene Expression,A_mel_mkref_out,False,3318
LOC409441,LOC409441,Gene Expression,A_mel_mkref_out,False,27155
LOC102655506,LOC102655506,Gene Expression,A_mel_mkref_out,False,2272
LOC726222,LOC726222,Gene Expression,A_mel_mkref_out,False,28734
LOC408867,LOC408867,Gene Expression,A_mel_mkref_out,False,45621
LOC724517,LOC724517,Gene Expression,A_mel_mkref_out,False,64333
LOC551924,LOC551924,Gene Expression,A_mel_mkref_out,False,6918
LOC410159,LOC410159,Gene Expression,A_mel_mkref_out,False,52886
LOC100578409,LOC100578409,Gene Expression,A_mel_mkref_out,False,989
LOC100578041,LOC100578041,Gene Expression,A_mel_mkref_out,False,600
LOC113218871,LOC113218871,Gene Expression,A_mel_mkref_out,False,2010
LOC552363,LOC552363,Gene Expression,A_mel_mkref_out,False,15722
LOC551700,LOC551700,Gene Expression,A_mel_mkref_out,False,20393
LOC100578602,LOC100578602,Gene Expression,A_mel_mkref_out,False,29059
LOC724311,LOC724311,Gene Expression,A_mel_mkref_out,False,54866
LOC102654551,LOC102654551,Gene Expression,A_mel_mkref_out,False,975
LOC113218834,LOC113218834,Gene Expression,A_mel_mkref_out,False,448
LOC411175,LOC411175,Gene Expression,A_mel_mkref_out,False,39134
LOC107964584,LOC107964584,Gene Expression,A_mel_mkref_out,False,820
LOC409946,LOC409946,Gene Expression,A_mel_mkref_out,False,25979
LOC551660,LOC551660,Gene Expression,A_mel_mkref_out,False,24501
LOC551817,LOC551817,Gene Expression,A_mel_mkref_out,False,18268
LOC411177,LOC411177,Gene Expression,A_mel_mkref_out,False,45281
LOC725479,LOC725479,Gene Expression,A_mel_mkref_out,False,3822
LOC107964597,LOC107964597,Gene Expression,A_mel_mkref_out,False,243
LOC102655200,LOC102655200,Gene Expression,A_mel_mkref_out,False,18807
LOC113218856,LOC113218856,Gene Expression,A_mel_mkref_out,False,2565
LOC412021,LOC412021,Gene Expression,A_mel_mkref_out,False,534
LOC724391,LOC724391,Gene Expression,A_mel_mkref_out,False,2112
LOC409296,LOC409296,Gene Expression,A_mel_mkref_out,False,24371
LOC107964672,LOC107964672,Gene Expression,A_mel_mkref_out,False,2386
LOC107964601,LOC107964601,Gene Expression,A_mel_mkref_out,False,411
LOC102654110,LOC102654110,Gene Expression,A_mel_mkref_out,False,250
LOC726441,LOC726441,Gene Expression,A_mel_mkref_out,False,152
LOC550969,LOC550969,Gene Expression,A_mel_mkref_out,False,21815
LOC724435,LOC724435,Gene Expression,A_mel_mkref_out,False,11085
LOC107964633,LOC107964633,Gene Expression,A_mel_mkref_out,False,5781
LOC102656936,LOC102656936,Gene Expression,A_mel_mkref_out,False,2742
LOC102656842,LOC102656842,Gene Expression,A_mel_mkref_out,False,2126
LOC100579061,LOC100579061,Gene Expression,A_mel_mkref_out,False,29846
LOC102656876,LOC102656876,Gene Expression,A_mel_mkref_out,False,42
LOC725997,LOC725997,Gene Expression,A_mel_mkref_out,False,106
CPR28,GeneID_412202,Gene Expression,A_mel_mkref_out,False,2073
LOC100577020,LOC100577020,Gene Expression,A_mel_mkref_out,False,25656
LOC409055,LOC409055,Gene Expression,A_mel_mkref_out,False,29261
LOC724220,LOC724220,Gene Expression,A_mel_mkref_out,False,49444
LOC726423,LOC726423,Gene Expression,A_mel_mkref_out,False,914
LOC411969,LOC411969,Gene Expression,A_mel_mkref_out,False,38490
LOC102654605,LOC102654605,Gene Expression,A_mel_mkref_out,False,2790
LOC107964671,LOC107964671,Gene Expression,A_mel_mkref_out,False,114
LOC100577846,LOC100577846,Gene Expression,A_mel_mkref_out,False,58185
LOC102653733,LOC102653733,Gene Expression,A_mel_mkref_out,False,24
LOC100577422,LOC100577422,Gene Expression,A_mel_mkref_out,False,6201
LOC412545,LOC412545,Gene Expression,A_mel_mkref_out,False,24693
LOC724832,LOC724832,Gene Expression,A_mel_mkref_out,False,2628
LOC102655251,LOC102655251,Gene Expression,A_mel_mkref_out,False,5226
LOC100577398,LOC100577398,Gene Expression,A_mel_mkref_out,False,69
LOC552285,LOC552285,Gene Expression,A_mel_mkref_out,False,539
LOC550700,LOC550700,Gene Expression,A_mel_mkref_out,False,20478
LOC725417,LOC725417,Gene Expression,A_mel_mkref_out,False,12934
LOC100576151,LOC100576151,Gene Expression,A_mel_mkref_out,False,12619
LOC100578352,LOC100578352,Gene Expression,A_mel_mkref_out,False,77
LOC411865,LOC411865,Gene Expression,A_mel_mkref_out,False,11956
LOC725216,LOC725216,Gene Expression,A_mel_mkref_out,False,14962
LOC102654626,LOC102654626,Gene Expression,A_mel_mkref_out,False,35084
LOC113218882,LOC113218882,Gene Expression,A_mel_mkref_out,False,1535
LOC107964608,LOC107964608,Gene Expression,A_mel_mkref_out,False,14457
LOC100577923,LOC100577923,Gene Expression,A_mel_mkref_out,False,18685
LOC107964682,LOC107964682,Gene Expression,A_mel_mkref_out,False,24
LOC412666,LOC412666,Gene Expression,A_mel_mkref_out,False,8993
LOC725879,LOC725879,Gene Expression,A_mel_mkref_out,False,10205
LOC107964635,LOC107964635,Gene Expression,A_mel_mkref_out,False,77
LOC113218827,LOC113218827,Gene Expression,A_mel_mkref_out,False,1495
LOC724930,LOC724930,Gene Expression,A_mel_mkref_out,False,23075
LOC726655,LOC726655,Gene Expression,A_mel_mkref_out,False,68749
LOC100576517,LOC100576517,Gene Expression,A_mel_mkref_out,False,544
LOC724676,LOC724676,Gene Expression,A_mel_mkref_out,False,11699
LOC724480,LOC724480,Gene Expression,A_mel_mkref_out,False,7614
LOC107965838,LOC107965838,Gene Expression,A_mel_mkref_out,False,4817
LOC551617,LOC551617,Gene Expression,A_mel_mkref_out,False,6530
LOC100576336,LOC100576336,Gene Expression,A_mel_mkref_out,False,17741
LOC113218874,LOC113218874,Gene Expression,A_mel_mkref_out,False,791
LOC726236,LOC726236,Gene Expression,A_mel_mkref_out,False,225
LOC411147,LOC411147,Gene Expression,A_mel_mkref_out,False,52426
LOC113218847,LOC113218847,Gene Expression,A_mel_mkref_out,False,62
LOC412887,LOC412887,Gene Expression,A_mel_mkref_out,False,5353
LOC102654141,LOC102654141,Gene Expression,A_mel_mkref_out,False,3925
LOC102656698,LOC102656698,Gene Expression,A_mel_mkref_out,False,3267
LOC113218836,LOC113218836,Gene Expression,A_mel_mkref_out,False,20
LOC412169,LOC412169,Gene Expression,A_mel_mkref_out,False,33906
LOC100578777,LOC100578777,Gene Expression,A_mel_mkref_out,False,3671
LOC100577958,LOC100577958,Gene Expression,A_mel_mkref_out,False,43933
LOC113218828,LOC113218828,Gene Expression,A_mel_mkref_out,False,131
LOC412919,LOC412919,Gene Expression,A_mel_mkref_out,False,20078
LOC725629,LOC725629,Gene Expression,A_mel_mkref_out,False,38
LOC102656300,LOC102656300,Gene Expression,A_mel_mkref_out,False,284
LOC100578311,LOC100578311,Gene Expression,A_mel_mkref_out,False,12901
LOC100577259,LOC100577259,Gene Expression,A_mel_mkref_out,False,2279
LOC413796,LOC413796,Gene Expression,A_mel_mkref_out,False,23691
LOC724610,LOC724610,Gene Expression,A_mel_mkref_out,False,16855
LOC409809,LOC409809,Gene Expression,A_mel_mkref_out,False,16313
LOC551431,LOC551431,Gene Expression,A_mel_mkref_out,False,19951
LOC724350,LOC724350,Gene Expression,A_mel_mkref_out,False,13686
LOC724260,LOC724260,Gene Expression,A_mel_mkref_out,False,103
LOC102653634,LOC102653634,Gene Expression,A_mel_mkref_out,False,37
LOC102653910,LOC102653910,Gene Expression,A_mel_mkref_out,False,30
LOC113218872,LOC113218872,Gene Expression,A_mel_mkref_out,False,129
LOC107964583,LOC107964583,Gene Expression,A_mel_mkref_out,False,67803
LOC113218563,LOC113218563,Gene Expression,A_mel_mkref_out,False,1410
LOC724784,LOC724784,Gene Expression,A_mel_mkref_out,False,20054
LOC552266,LOC552266,Gene Expression,A_mel_mkref_out,False,29355
LOC113218564,LOC113218564,Gene Expression,A_mel_mkref_out,False,6368
LOC406142,LOC406142,Gene Expression,A_mel_mkref_out,False,944
LOC102655365,LOC102655365,Gene Expression,A_mel_mkref_out,False,1218
LOC102656608,LOC102656608,Gene Expression,A_mel_mkref_out,False,2873
LOC113218883,LOC113218883,Gene Expression,A_mel_mkref_out,False,1210
LOC408896,LOC408896,Gene Expression,A_mel_mkref_out,False,81583
LOC107964575,LOC107964575,Gene Expression,A_mel_mkref_out,False,232
LOC102653977,LOC102653977,Gene Expression,A_mel_mkref_out,False,1910
Eif4g,GeneID_725259,Gene Expression,A_mel_mkref_out,False,79656
LOC411150,LOC411150,Gene Expression,A_mel_mkref_out,False,23293
LOC100578804,LOC100578804,Gene Expression,A_mel_mkref_out,False,1400
LOC724928,LOC724928,Gene Expression,A_mel_mkref_out,False,26175
LOC551658,LOC551658,Gene Expression,A_mel_mkref_out,False,46499
LOC411670,LOC411670,Gene Expression,A_mel_mkref_out,False,53423
LOC551087,LOC551087,Gene Expression,A_mel_mkref_out,False,16027
LOC102655889,LOC102655889,Gene Expression,A_mel_mkref_out,False,11673
LOC102654995,LOC102654995,Gene Expression,A_mel_mkref_out,False,157
LOC413783,LOC413783,Gene Expression,A_mel_mkref_out,False,39479
LOC726672,LOC726672,Gene Expression,A_mel_mkref_out,False,1329
LOC725800,LOC725800,Gene Expression,A_mel_mkref_out,False,10359
LOC113218881,LOC113218881,Gene Expression,A_mel_mkref_out,False,329
GlnS,GeneID_410066,Gene Expression,A_mel_mkref_out,False,36955
LOC409626,LOC409626,Gene Expression,A_mel_mkref_out,False,1765
LOC412396,LOC412396,Gene Expression,A_mel_mkref_out,False,39424
LOC725593,LOC725593,Gene Expression,A_mel_mkref_out,False,8470
LOC724490,LOC724490,Gene Expression,A_mel_mkref_out,False,22189
LOC100576836,LOC100576836,Gene Expression,A_mel_mkref_out,False,2230
LOC409977,LOC409977,Gene Expression,A_mel_mkref_out,False,13502
LOC113218885,LOC113218885,Gene Expression,A_mel_mkref_out,False,3119
LOC107964525,LOC107964525,Gene Expression,A_mel_mkref_out,False,6151
LOC550824,LOC550824,Gene Expression,A_mel_mkref_out,False,34319
LOC409708,LOC409708,Gene Expression,A_mel_mkref_out,False,4630
LOC100578830,LOC100578830,Gene Expression,A_mel_mkref_out,False,270
LOC107964653,LOC107964653,Gene Expression,A_mel_mkref_out,False,710
LOC413746,LOC413746,Gene Expression,A_mel_mkref_out,False,4835
LOC100576400,LOC100576400,Gene Expression,A_mel_mkref_out,False,10750
LOC412573,LOC412573,Gene Expression,A_mel_mkref_out,False,26574
LOC725813,LOC725813,Gene Expression,A_mel_mkref_out,False,938
LOC102656019,LOC102656019,Gene Expression,A_mel_mkref_out,False,1292
LOC413472,LOC413472,Gene Expression,A_mel_mkref_out,False,2511
LOC107964589,LOC107964589,Gene Expression,A_mel_mkref_out,False,10571
LOC411886,LOC411886,Gene Expression,A_mel_mkref_out,False,13583
LOC727202,LOC727202,Gene Expression,A_mel_mkref_out,False,1508
LOC551460,LOC551460,Gene Expression,A_mel_mkref_out,False,31387
LOC113218867,LOC113218867,Gene Expression,A_mel_mkref_out,False,273
LOC100578546,LOC100578546,Gene Expression,A_mel_mkref_out,False,21401
LOC551749,LOC551749,Gene Expression,A_mel_mkref_out,False,11951
LOC413781,LOC413781,Gene Expression,A_mel_mkref_out,False,16085
LOC107965965,LOC107965965,Gene Expression,A_mel_mkref_out,False,4032
LOC726081,LOC726081,Gene Expression,A_mel_mkref_out,False,28659
LOC113218862,LOC113218862,Gene Expression,A_mel_mkref_out,False,77386
LOC411355,LOC411355,Gene Expression,A_mel_mkref_out,False,20958
LOC409617,LOC409617,Gene Expression,A_mel_mkref_out,False,20333
LOC724399,LOC724399,Gene Expression,A_mel_mkref_out,False,17215
LOC409451,LOC409451,Gene Expression,A_mel_mkref_out,False,21937
LOC725512,LOC725512,Gene Expression,A_mel_mkref_out,False,12917
LOC102655049,LOC102655049,Gene Expression,A_mel_mkref_out,False,3685
LOC100576621,LOC100576621,Gene Expression,A_mel_mkref_out,False,10439
LOC724859,LOC724859,Gene Expression,A_mel_mkref_out,False,41707
LOC727306,LOC727306,Gene Expression,A_mel_mkref_out,False,12396
LOC102654172,LOC102654172,Gene Expression,A_mel_mkref_out,False,6861
LOC413592,LOC413592,Gene Expression,A_mel_mkref_out,False,31788
LOC408874,LOC408874,Gene Expression,A_mel_mkref_out,False,69417
LOC413998,LOC413998,Gene Expression,A_mel_mkref_out,False,41418
LOC113218873,LOC113218873,Gene Expression,A_mel_mkref_out,False,4101
LOC107964629,LOC107964629,Gene Expression,A_mel_mkref_out,False,106
Pburs,GeneID_413045,Gene Expression,A_mel_mkref_out,False,1306
LOC411482,LOC411482,Gene Expression,A_mel_mkref_out,False,22216
LOC412099,LOC412099,Gene Expression,A_mel_mkref_out,False,72635
LOC409786,LOC409786,Gene Expression,A_mel_mkref_out,False,36573
LOC100577712,LOC100577712,Gene Expression,A_mel_mkref_out,False,134
LOC413159,LOC413159,Gene Expression,A_mel_mkref_out,False,74551
sGC-alpha1,GeneID_408879,Gene Expression,A_mel_mkref_out,False,45344
LOC724310,LOC724310,Gene Expression,A_mel_mkref_out,False,679
LOC409293,LOC409293,Gene Expression,A_mel_mkref_out,False,17728
LOC551222,LOC551222,Gene Expression,A_mel_mkref_out,False,15119
Cat,GeneID_443552,Gene Expression,A_mel_mkref_out,False,5486
LOC107964545,LOC107964545,Gene Expression,A_mel_mkref_out,False,758
Smb,GeneID_409356,Gene Expression,A_mel_mkref_out,False,18046
LOC408887,LOC408887,Gene Expression,A_mel_mkref_out,False,62096
LOC727375,LOC727375,Gene Expression,A_mel_mkref_out,False,23160
LOC411609,LOC411609,Gene Expression,A_mel_mkref_out,False,155
LOC412917,LOC412917,Gene Expression,A_mel_mkref_out,False,86059
LOC113218818,LOC113218818,Gene Expression,A_mel_mkref_out,False,376
Hbg3,GeneID_406131,Gene Expression,A_mel_mkref_out,False,5286
LOC410055,LOC410055,Gene Expression,A_mel_mkref_out,False,3811
LOC100578875,LOC100578875,Gene Expression,A_mel_mkref_out,False,17898
LOC725630,LOC725630,Gene Expression,A_mel_mkref_out,False,23584
LOC100577491,LOC100577491,Gene Expression,A_mel_mkref_out,False,11866
LOC413512,LOC413512,Gene Expression,A_mel_mkref_out,False,30046
LOC102656875,LOC102656875,Gene Expression,A_mel_mkref_out,False,2282
LOC100576337,LOC100576337,Gene Expression,A_mel_mkref_out,False,6833
LOC102655238,LOC102655238,Gene Expression,A_mel_mkref_out,False,3894
LOC113218826,LOC113218826,Gene Expression,A_mel_mkref_out,False,472
LOC107964686,LOC107964686,Gene Expression,A_mel_mkref_out,False,84
LOC100576162,LOC100576162,Gene Expression,A_mel_mkref_out,False,17266
LOC409336,LOC409336,Gene Expression,A_mel_mkref_out,False,23793
LOC412360,LOC412360,Gene Expression,A_mel_mkref_out,False,23510
LOC724747,LOC724747,Gene Expression,A_mel_mkref_out,False,45768
LOC408869,LOC408869,Gene Expression,A_mel_mkref_out,False,69928
LOC113218830,LOC113218830,Gene Expression,A_mel_mkref_out,False,213
LOC726498,LOC726498,Gene Expression,A_mel_mkref_out,False,7487
LOC113218841,LOC113218841,Gene Expression,A_mel_mkref_out,False,576
LOC552305,LOC552305,Gene Expression,A_mel_mkref_out,False,17677
LOC412888,LOC412888,Gene Expression,A_mel_mkref_out,False,6833
LOC550922,LOC550922,Gene Expression,A_mel_mkref_out,False,1999
LOC725218,LOC725218,Gene Expression,A_mel_mkref_out,False,17727
LOC552046,LOC552046,Gene Expression,A_mel_mkref_out,False,48192
LOC100578105,LOC100578105,Gene Expression,A_mel_mkref_out,False,7745
LOC102653687,LOC102653687,Gene Expression,A_mel_mkref_out,False,1982
LOC724816,LOC724816,Gene Expression,A_mel_mkref_out,False,53250
LOC100578433,LOC100578433,Gene Expression,A_mel_mkref_out,False,40985
LOC411176,LOC411176,Gene Expression,A_mel_mkref_out,False,59608
LOC409842,LOC409842,Gene Expression,A_mel_mkref_out,False,10775
LOC408890,LOC408890,Gene Expression,A_mel_mkref_out,False,52840
LOC107963977,LOC107963977,Gene Expression,A_mel_mkref_out,False,1541
LOC102656672,LOC102656672,Gene Expression,A_mel_mkref_out,False,136
LOC102654300,LOC102654300,Gene Expression,A_mel_mkref_out,False,2359
LOC102656730,LOC102656730,Gene Expression,A_mel_mkref_out,False,464
LOC113218854,LOC113218854,Gene Expression,A_mel_mkref_out,False,38
LOC725673,LOC725673,Gene Expression,A_mel_mkref_out,False,9742
LOC551045,LOC551045,Gene Expression,A_mel_mkref_out,False,13202
LOC102654810,LOC102654810,Gene Expression,A_mel_mkref_out,False,523
LOC413474,LOC413474,Gene Expression,A_mel_mkref_out,False,19216
LOC550703,LOC550703,Gene Expression,A_mel_mkref_out,False,22275
LOC725301,LOC725301,Gene Expression,A_mel_mkref_out,False,14608
LOC726163,LOC726163,Gene Expression,A_mel_mkref_out,False,6128
LOC113218870,LOC113218870,Gene Expression,A_mel_mkref_out,False,707
LOC102654660,LOC102654660,Gene Expression,A_mel_mkref_out,False,1105
LOC100576143,LOC100576143,Gene Expression,A_mel_mkref_out,False,5132
CPR12,GeneID_725256,Gene Expression,A_mel_mkref_out,False,632
LOC411496,LOC411496,Gene Expression,A_mel_mkref_out,False,30439
LOC551371,LOC551371,Gene Expression,A_mel_mkref_out,False,2683
Def1,GeneID_406143,Gene Expression,A_mel_mkref_out,False,1144
LOC551952,LOC551952,Gene Expression,A_mel_mkref_out,False,11763
LOC409675,LOC409675,Gene Expression,A_mel_mkref_out,False,63470
LOC412279,LOC412279,Gene Expression,A_mel_mkref_out,False,1890
LOC100576233,LOC100576233,Gene Expression,A_mel_mkref_out,False,6038
LOC102656661,LOC102656661,Gene Expression,A_mel_mkref_out,False,3357
LOC100577936,LOC100577936,Gene Expression,A_mel_mkref_out,False,9373
LOC725881,LOC725881,Gene Expression,A_mel_mkref_out,False,23099
LOC102656014,LOC102656014,Gene Expression,A_mel_mkref_out,False,3807
LOC727310,LOC727310,Gene Expression,A_mel_mkref_out,False,5474
LOC725173,LOC725173,Gene Expression,A_mel_mkref_out,False,8726
Abscam,GeneID_409817,Gene Expression,A_mel_mkref_out,False,63514
LOC552267,LOC552267,Gene Expression,A_mel_mkref_out,False,28192
LOC102654366,LOC102654366,Gene Expression,A_mel_mkref_out,False,5012
LOC725965,LOC725965,Gene Expression,A_mel_mkref_out,False,140
LOC102655494,LOC102655494,Gene Expression,A_mel_mkref_out,False,1079
LOC107964581,LOC107964581,Gene Expression,A_mel_mkref_out,False,29731
LOC102656121,LOC102656121,Gene Expression,A_mel_mkref_out,False,11539
LOC113218866,LOC113218866,Gene Expression,A_mel_mkref_out,False,21866
LOC102655356,LOC102655356,Gene Expression,A_mel_mkref_out,False,11085
LOC724826,LOC724826,Gene Expression,A_mel_mkref_out,False,27313
LOC107964531,LOC107964531,Gene Expression,A_mel_mkref_out,False,3480
LOC408883,LOC408883,Gene Expression,A_mel_mkref_out,False,12779
LOC726290,LOC726290,Gene Expression,A_mel_mkref_out,False,15148
LOC552008,LOC552008,Gene Expression,A_mel_mkref_out,False,8825
LOC100578988,LOC100578988,Gene Expression,A_mel_mkref_out,False,5369
LOC107964543,LOC107964543,Gene Expression,A_mel_mkref_out,False,83
LOC552624,LOC552624,Gene Expression,A_mel_mkref_out,False,36965
LOC725097,LOC725097,Gene Expression,A_mel_mkref_out,False,10154
LOC724221,LOC724221,Gene Expression,A_mel_mkref_out,False,31942
LOC724475,LOC724475,Gene Expression,A_mel_mkref_out,False,28695
LOC412109,LOC412109,Gene Expression,A_mel_mkref_out,False,68
LOC102655611,LOC102655611,Gene Expression,A_mel_mkref_out,False,4061
LOC100576183,LOC100576183,Gene Expression,A_mel_mkref_out,False,698
LOC412199,LOC412199,Gene Expression,A_mel_mkref_out,False,13458
LOC102653609,LOC102653609,Gene Expression,A_mel_mkref_out,False,165
LOC412193,LOC412193,Gene Expression,A_mel_mkref_out,False,8235
LOC551020,LOC551020,Gene Expression,A_mel_mkref_out,False,7338
TpnT,GeneID_411184,Gene Expression,A_mel_mkref_out,False,4363
LOC102655757,LOC102655757,Gene Expression,A_mel_mkref_out,False,1317
LOC724442,LOC724442,Gene Expression,A_mel_mkref_out,False,71533
LOC725524,LOC725524,Gene Expression,A_mel_mkref_out,False,57081
LOC408886,LOC408886,Gene Expression,A_mel_mkref_out,False,9779
LOC102655393,LOC102655393,Gene Expression,A_mel_mkref_out,False,1370
LOC107965926,LOC107965926,Gene Expression,A_mel_mkref_out,False,404
LOC409593,LOC409593,Gene Expression,A_mel_mkref_out,False,21599
LOC102653636,LOC102653636,Gene Expression,A_mel_mkref_out,False,110
LOC724516,LOC724516,Gene Expression,A_mel_mkref_out,False,29441
LOC107964610,LOC107964610,Gene Expression,A_mel_mkref_out,False,30733
LOC100578289,LOC100578289,Gene Expression,A_mel_mkref_out,False,103
LOC107964582,LOC107964582,Gene Expression,A_mel_mkref_out,False,1867
LOC413073,LOC413073,Gene Expression,A_mel_mkref_out,False,52844
LOC409810,LOC409810,Gene Expression,A_mel_mkref_out,False,13101
LOC113218880,LOC113218880,Gene Expression,A_mel_mkref_out,False,8730
LOC551098,LOC551098,Gene Expression,A_mel_mkref_out,False,45994
LOC551832,LOC551832,Gene Expression,A_mel_mkref_out,False,20710
LOC100576838,LOC100576838,Gene Expression,A_mel_mkref_out,False,6839
LOC412339,LOC412339,Gene Expression,A_mel_mkref_out,False,12980
LOC552604,LOC552604,Gene Expression,A_mel_mkref_out,False,70287
LOC413165,LOC413165,Gene Expression,A_mel_mkref_out,False,23687
LOC413204,LOC413204,Gene Expression,A_mel_mkref_out,False,2035
LOC100576696,LOC100576696,Gene Expression,A_mel_mkref_out,False,5632
LOC107963964,LOC107963964,Gene Expression,A_mel_mkref_out,False,522
LOC551177,LOC551177,Gene Expression,A_mel_mkref_out,False,3617
LOC412933,LOC412933,Gene Expression,A_mel_mkref_out,False,11820
LOC100578394,LOC100578394,Gene Expression,A_mel_mkref_out,False,1302
LOC551760,LOC551760,Gene Expression,A_mel_mkref_out,False,27165
LOC413328,LOC413328,Gene Expression,A_mel_mkref_out,False,44606
LOC552472,LOC552472,Gene Expression,A_mel_mkref_out,False,13334
LOC102656855,LOC102656855,Gene Expression,A_mel_mkref_out,False,53
LOC102655111,LOC102655111,Gene Expression,A_mel_mkref_out,False,2767
LOC100577346,LOC100577346,Gene Expression,A_mel_mkref_out,False,2238
LOC551178,LOC551178,Gene Expression,A_mel_mkref_out,False,12124
LOC552387,LOC552387,Gene Expression,A_mel_mkref_out,False,3856
LOC113218868,LOC113218868,Gene Expression,A_mel_mkref_out,False,21901
LOC413971,LOC413971,Gene Expression,A_mel_mkref_out,False,11675
LOC100578059,LOC100578059,Gene Expression,A_mel_mkref_out,False,10174
LOC724976,LOC724976,Gene Expression,A_mel_mkref_out,False,24321
LOC102655446,LOC102655446,Gene Expression,A_mel_mkref_out,False,15986
LOC724611,LOC724611,Gene Expression,A_mel_mkref_out,False,1277
LOC409707,LOC409707,Gene Expression,A_mel_mkref_out,False,31577
LOC100578434,LOC100578434,Gene Expression,A_mel_mkref_out,False,6878
LOC113218858,LOC113218858,Gene Expression,A_mel_mkref_out,False,781
LOC411875,LOC411875,Gene Expression,A_mel_mkref_out,False,23928
LOC551088,LOC551088,Gene Expression,A_mel_mkref_out,False,26434
LOC102654016,LOC102654016,Gene Expression,A_mel_mkref_out,False,10554
LOC100578421,LOC100578421,Gene Expression,A_mel_mkref_out,False,6103
LOC412931,LOC412931,Gene Expression,A_mel_mkref_out,False,8036
LOC412170,LOC412170,Gene Expression,A_mel_mkref_out,False,4454
LOC412932,LOC412932,Gene Expression,A_mel_mkref_out,False,12021
LOC409721,LOC409721,Gene Expression,A_mel_mkref_out,False,3355
LOC552540,LOC552540,Gene Expression,A_mel_mkref_out,False,7538
LOC102656896,LOC102656896,Gene Expression,A_mel_mkref_out,False,5888
LOC113218844,LOC113218844,Gene Expression,A_mel_mkref_out,False,2477
LOC100578391,LOC100578391,Gene Expression,A_mel_mkref_out,False,36
LOC107964640,LOC107964640,Gene Expression,A_mel_mkref_out,False,2372
LOC725258,LOC725258,Gene Expression,A_mel_mkref_out,False,41987
LOC727180,LOC727180,Gene Expression,A_mel_mkref_out,False,36227
LOC100577764,LOC100577764,Gene Expression,A_mel_mkref_out,False,39336
LOC102654930,LOC102654930,Gene Expression,A_mel_mkref_out,False,1812
LOC724892,LOC724892,Gene Expression,A_mel_mkref_out,False,460
LOC724390,LOC724390,Gene Expression,A_mel_mkref_out,False,7841
LOC100577168,LOC100577168,Gene Expression,A_mel_mkref_out,False,20962
LOC413205,LOC413205,Gene Expression,A_mel_mkref_out,False,127
LOC551865,LOC551865,Gene Expression,A_mel_mkref_out,False,9474
LOC724656,LOC724656,Gene Expression,A_mel_mkref_out,False,27632
LOC102656753,LOC102656753,Gene Expression,A_mel_mkref_out,False,265
LOC552327,LOC552327,Gene Expression,A_mel_mkref_out,False,16385
LOC100578239,LOC100578239,Gene Expression,A_mel_mkref_out,False,11636
LOC113218820,LOC113218820,Gene Expression,A_mel_mkref_out,False,134
LOC113218840,LOC113218840,Gene Expression,A_mel_mkref_out,False,10306
LOC410054,LOC410054,Gene Expression,A_mel_mkref_out,False,24987
LOC552520,LOC552520,Gene Expression,A_mel_mkref_out,False,14146
LOC411173,LOC411173,Gene Expression,A_mel_mkref_out,False,3178
LOC552244,LOC552244,Gene Expression,A_mel_mkref_out,False,39274
LOC408871,LOC408871,Gene Expression,A_mel_mkref_out,False,4807
LOC411638,LOC411638,Gene Expression,A_mel_mkref_out,False,13917
LOC102655130,LOC102655130,Gene Expression,A_mel_mkref_out,False,1964
LOC409709,LOC409709,Gene Expression,A_mel_mkref_out,False,2015
LOC409442,LOC409442,Gene Expression,A_mel_mkref_out,False,19962
LOC411159,LOC411159,Gene Expression,A_mel_mkref_out,False,530
LOC100576172,LOC100576172,Gene Expression,A_mel_mkref_out,False,188
LOC550968,LOC550968,Gene Expression,A_mel_mkref_out,False,14119
LOC552662,LOC552662,Gene Expression,A_mel_mkref_out,False,9255
LOC552047,LOC552047,Gene Expression,A_mel_mkref_out,False,8961
LOC100576666,LOC100576666,Gene Expression,A_mel_mkref_out,False,1593
LOC102653904,LOC102653904,Gene Expression,A_mel_mkref_out,False,23631
LOC411673,LOC411673,Gene Expression,A_mel_mkref_out,False,47563
LOC409898,LOC409898,Gene Expression,A_mel_mkref_out,False,31286
LOC107964568,LOC107964568,Gene Expression,A_mel_mkref_out,False,290
LOC107964673,LOC107964673,Gene Expression,A_mel_mkref_out,False,240
LOC406093,LOC406093,Gene Expression,A_mel_mkref_out,False,2646
LOC411156,LOC411156,Gene Expression,A_mel_mkref_out,False,5276
LOC725770,LOC725770,Gene Expression,A_mel_mkref_out,False,25019
LOC411144,LOC411144,Gene Expression,A_mel_mkref_out,False,18763
LOC100578161,LOC100578161,Gene Expression,A_mel_mkref_out,False,32394
LOC551345,LOC551345,Gene Expression,A_mel_mkref_out,False,18191
LOC552331,LOC552331,Gene Expression,A_mel_mkref_out,False,14865
Burs,GeneID_100049551,Gene Expression,A_mel_mkref_out,False,523
LOC409292,LOC409292,Gene Expression,A_mel_mkref_out,False,20594
LOC102654775,LOC102654775,Gene Expression,A_mel_mkref_out,False,108
LOC102656621,LOC102656621,Gene Expression,A_mel_mkref_out,False,1030
LOC724825,LOC724825,Gene Expression,A_mel_mkref_out,False,63
LOC412823,LOC412823,Gene Expression,A_mel_mkref_out,False,13467
LOC724389,LOC724389,Gene Expression,A_mel_mkref_out,False,56602
LOC413782,LOC413782,Gene Expression,A_mel_mkref_out,False,8918
LOC100577819,LOC100577819,Gene Expression,A_mel_mkref_out,False,6550
LOC408877,LOC408877,Gene Expression,A_mel_mkref_out,False,85944
LOC100577629,LOC100577629,Gene Expression,A_mel_mkref_out,False,1973
LOC100577386,LOC100577386,Gene Expression,A_mel_mkref_out,False,14111
LOC725914,LOC725914,Gene Expression,A_mel_mkref_out,False,5027
LOC107964680,LOC107964680,Gene Expression,A_mel_mkref_out,False,49
LOC100577373,LOC100577373,Gene Expression,A_mel_mkref_out,False,234
LOC725513,LOC725513,Gene Expression,A_mel_mkref_out,False,390
LOC102653737,LOC102653737,Gene Expression,A_mel_mkref_out,False,27
LOC102654897,LOC102654897,Gene Expression,A_mel_mkref_out,False,105
LOC726883,LOC726883,Gene Expression,A_mel_mkref_out,False,20307
LOC724658,LOC724658,Gene Expression,A_mel_mkref_out,False,20488
LOC550710,LOC550710,Gene Expression,A_mel_mkref_out,False,34464
LOC411142,LOC411142,Gene Expression,A_mel_mkref_out,False,13999
Gat-1B,GeneID_494511,Gene Expression,A_mel_mkref_out,False,1826
LOC725964,LOC725964,Gene Expression,A_mel_mkref_out,False,45865
LOC413447,LOC413447,Gene Expression,A_mel_mkref_out,False,9004
LOC100576222,LOC100576222,Gene Expression,A_mel_mkref_out,False,337
LOC113218848,LOC113218848,Gene Expression,A_mel_mkref_out,False,44914
LOC550677,LOC550677,Gene Expression,A_mel_mkref_out,False,2483
LOC100578667,LOC100578667,Gene Expression,A_mel_mkref_out,False,17351
LOC100577815,LOC100577815,Gene Expression,A_mel_mkref_out,False,467
LOC550689,LOC550689,Gene Expression,A_mel_mkref_out,False,34789
LOC100577262,LOC100577262,Gene Expression,A_mel_mkref_out,False,66
Vha16,GeneID_406076,Gene Expression,A_mel_mkref_out,False,17078
LOC107964622,LOC107964622,Gene Expression,A_mel_mkref_out,False,392
LOC412522,LOC412522,Gene Expression,A_mel_mkref_out,False,27227
LOC107964649,LOC107964649,Gene Expression,A_mel_mkref_out,False,89
LOC113218853,LOC113218853,Gene Expression,A_mel_mkref_out,False,3590
LOC411970,LOC411970,Gene Expression,A_mel_mkref_out,False,29353
LOC413126,LOC413126,Gene Expression,A_mel_mkref_out,False,31127
LOC100577565,LOC100577565,Gene Expression,A_mel_mkref_out,False,498
LOC408882,LOC408882,Gene Expression,A_mel_mkref_out,False,25259
LOC411172,LOC411172,Gene Expression,A_mel_mkref_out,False,14183
LOC408889,LOC408889,Gene Expression,A_mel_mkref_out,False,34964
LOC102655252,LOC102655252,Gene Expression,A_mel_mkref_out,False,54
LOC100577669,LOC100577669,Gene Expression,A_mel_mkref_out,False,5381
LOC552301,LOC552301,Gene Expression,A_mel_mkref_out,False,60
LOC409536,LOC409536,Gene Expression,A_mel_mkref_out,False,63199
LOC113219132,LOC113219132,Gene Expression,A_mel_mkref_out,False,442
LOC102654948,LOC102654948,Gene Expression,A_mel_mkref_out,False,193
LOC727205,LOC727205,Gene Expression,A_mel_mkref_out,False,15318
LOC113219120,LOC113219120,Gene Expression,A_mel_mkref_out,False,980
LOC102656919,LOC102656919,Gene Expression,A_mel_mkref_out,False,116
LOC409124,LOC409124,Gene Expression,A_mel_mkref_out,False,805
LOC413053,LOC413053,Gene Expression,A_mel_mkref_out,False,15947
Rpl41,GeneID_100191002,Gene Expression,A_mel_mkref_out,False,35378
LOC724179,LOC724179,Gene Expression,A_mel_mkref_out,False,39498
LOC107965752,LOC107965752,Gene Expression,A_mel_mkref_out,False,55
LOC551501,LOC551501,Gene Expression,A_mel_mkref_out,False,11034
LOC107965256,LOC107965256,Gene Expression,A_mel_mkref_out,False,231
LOC727193,LOC727193,Gene Expression,A_mel_mkref_out,False,3487
LOC100577801,LOC100577801,Gene Expression,A_mel_mkref_out,False,6959
TpnCI,GeneID_411659,Gene Expression,A_mel_mkref_out,False,3684
LOC551391,LOC551391,Gene Expression,A_mel_mkref_out,False,71097
LOC409099,LOC409099,Gene Expression,A_mel_mkref_out,False,55062
LOC727221,LOC727221,Gene Expression,A_mel_mkref_out,False,84152
LOC408328,LOC408328,Gene Expression,A_mel_mkref_out,False,41657
LOC102656637,LOC102656637,Gene Expression,A_mel_mkref_out,False,288
LOC410315,LOC410315,Gene Expression,A_mel_mkref_out,False,18286
LOC408358,LOC408358,Gene Expression,A_mel_mkref_out,False,47115
LOC725581,LOC725581,Gene Expression,A_mel_mkref_out,False,42568
LOC413583,LOC413583,Gene Expression,A_mel_mkref_out,False,7018
LOC410286,LOC410286,Gene Expression,A_mel_mkref_out,False,39783
LOC409323,LOC409323,Gene Expression,A_mel_mkref_out,False,67317
LOC100577651,LOC100577651,Gene Expression,A_mel_mkref_out,False,14277
CPR4,GeneID_727204,Gene Expression,A_mel_mkref_out,False,6943
LOC100576947,LOC100576947,Gene Expression,A_mel_mkref_out,False,1968
LOC100578669,LOC100578669,Gene Expression,A_mel_mkref_out,False,1572
Mrjp3,GeneID_406121,Gene Expression,A_mel_mkref_out,False,507
LOC411554,LOC411554,Gene Expression,A_mel_mkref_out,False,26997
LOC726506,LOC726506,Gene Expression,A_mel_mkref_out,False,5427
LOC113219083,LOC113219083,Gene Expression,A_mel_mkref_out,False,223
LOC409764,LOC409764,Gene Expression,A_mel_mkref_out,False,28399
LOC107965194,LOC107965194,Gene Expression,A_mel_mkref_out,False,14086
LOC102654883,LOC102654883,Gene Expression,A_mel_mkref_out,False,635
LOC410324,LOC410324,Gene Expression,A_mel_mkref_out,False,2219
LOC726180,LOC726180,Gene Expression,A_mel_mkref_out,False,10825
LOC113219136,LOC113219136,Gene Expression,A_mel_mkref_out,False,9216
LOC107965200,LOC107965200,Gene Expression,A_mel_mkref_out,False,314
LOC552577,LOC552577,Gene Expression,A_mel_mkref_out,False,52315
LOC100578194,LOC100578194,Gene Expression,A_mel_mkref_out,False,4069
LOC408336,LOC408336,Gene Expression,A_mel_mkref_out,False,24638
LOC552715,LOC552715,Gene Expression,A_mel_mkref_out,False,5636
LOC552832,LOC552832,Gene Expression,A_mel_mkref_out,False,745
LOC102653698,LOC102653698,Gene Expression,A_mel_mkref_out,False,44
LOC102656595,LOC102656595,Gene Expression,A_mel_mkref_out,False,539
LOC552835,LOC552835,Gene Expression,A_mel_mkref_out,False,9274
LOC408308,LOC408308,Gene Expression,A_mel_mkref_out,False,49412
LOC412018,LOC412018,Gene Expression,A_mel_mkref_out,False,32964
LOC102655842,LOC102655842,Gene Expression,A_mel_mkref_out,False,807
LOC107965279,LOC107965279,Gene Expression,A_mel_mkref_out,False,766
LOC727282,LOC727282,Gene Expression,A_mel_mkref_out,False,9938
LOC102653990,LOC102653990,Gene Expression,A_mel_mkref_out,False,3039
LOC412839,LOC412839,Gene Expression,A_mel_mkref_out,False,2885
LOC410350,LOC410350,Gene Expression,A_mel_mkref_out,False,13599
LOC100576157,LOC100576157,Gene Expression,A_mel_mkref_out,False,8055
LOC409839,LOC409839,Gene Expression,A_mel_mkref_out,False,34486
LOC100302106,LOC100302106,Gene Expression,A_mel_mkref_out,False,47203
LOC107965274,LOC107965274,Gene Expression,A_mel_mkref_out,False,3363
LOC724954,LOC724954,Gene Expression,A_mel_mkref_out,False,12766
LOC413309,LOC413309,Gene Expression,A_mel_mkref_out,False,43539
LOC410316,LOC410316,Gene Expression,A_mel_mkref_out,False,33891
LOC413667,LOC413667,Gene Expression,A_mel_mkref_out,False,20456
LOC100578154,LOC100578154,Gene Expression,A_mel_mkref_out,False,1122
LOC409068,LOC409068,Gene Expression,A_mel_mkref_out,False,11779
LOC102654135,LOC102654135,Gene Expression,A_mel_mkref_out,False,4178
LOC726407,LOC726407,Gene Expression,A_mel_mkref_out,False,46680
LOC410269,LOC410269,Gene Expression,A_mel_mkref_out,False,33890
LOC411862,LOC411862,Gene Expression,A_mel_mkref_out,False,8669
LOC113219138,LOC113219138,Gene Expression,A_mel_mkref_out,False,598
LOC113219102,LOC113219102,Gene Expression,A_mel_mkref_out,False,22958
LOC725680,LOC725680,Gene Expression,A_mel_mkref_out,False,38068
LOC551061,LOC551061,Gene Expression,A_mel_mkref_out,False,33264
LOC102655106,LOC102655106,Gene Expression,A_mel_mkref_out,False,2156
LOC726814,LOC726814,Gene Expression,A_mel_mkref_out,False,5758
LOC107964010,LOC107964010,Gene Expression,A_mel_mkref_out,False,5148
LOC552843,LOC552843,Gene Expression,A_mel_mkref_out,False,3498
LOC413133,LOC413133,Gene Expression,A_mel_mkref_out,False,21254
LOC725287,LOC725287,Gene Expression,A_mel_mkref_out,False,33307
LOC107965236,LOC107965236,Gene Expression,A_mel_mkref_out,False,36
LOC412750,LOC412750,Gene Expression,A_mel_mkref_out,False,57950
LOC100576913,LOC100576913,Gene Expression,A_mel_mkref_out,False,1395
LOC409512,LOC409512,Gene Expression,A_mel_mkref_out,False,11038
LOC410306,LOC410306,Gene Expression,A_mel_mkref_out,False,13432
LOC552542,LOC552542,Gene Expression,A_mel_mkref_out,False,24322
LOC100578596,LOC100578596,Gene Expression,A_mel_mkref_out,False,3911
LOC102653840,LOC102653840,Gene Expression,A_mel_mkref_out,False,357
LOC113219104,LOC113219104,Gene Expression,A_mel_mkref_out,False,709
LOC727236,LOC727236,Gene Expression,A_mel_mkref_out,False,46146
tra2,GeneID_725195,Gene Expression,A_mel_mkref_out,False,33820
LOC727122,LOC727122,Gene Expression,A_mel_mkref_out,False,18820
LOC727447,LOC727447,Gene Expression,A_mel_mkref_out,False,33057
LOC413457,LOC413457,Gene Expression,A_mel_mkref_out,False,32076
LOC100577623,LOC100577623,Gene Expression,A_mel_mkref_out,False,77177
LOC410332,LOC410332,Gene Expression,A_mel_mkref_out,False,25040
LOC413567,LOC413567,Gene Expression,A_mel_mkref_out,False,6505
LOC102653728,LOC102653728,Gene Expression,A_mel_mkref_out,False,481
LOC409904,LOC409904,Gene Expression,A_mel_mkref_out,False,80060
LOC113219075,LOC113219075,Gene Expression,A_mel_mkref_out,False,322
LOC725452,LOC725452,Gene Expression,A_mel_mkref_out,False,18367
LOC100578388,LOC100578388,Gene Expression,A_mel_mkref_out,False,12938
LOC551667,LOC551667,Gene Expression,A_mel_mkref_out,False,27776
LOC411796,LOC411796,Gene Expression,A_mel_mkref_out,False,6508
LOC100577250,LOC100577250,Gene Expression,A_mel_mkref_out,False,15445
LOC412972,LOC412972,Gene Expression,A_mel_mkref_out,False,18804
LOC102653638,LOC102653638,Gene Expression,A_mel_mkref_out,False,497
LOC100577456,LOC100577456,Gene Expression,A_mel_mkref_out,False,2273
LOC552714,LOC552714,Gene Expression,A_mel_mkref_out,False,46062
LOC107965203,LOC107965203,Gene Expression,A_mel_mkref_out,False,195
LOC552232,LOC552232,Gene Expression,A_mel_mkref_out,False,8910
LOC102654083,LOC102654083,Gene Expression,A_mel_mkref_out,False,32852
LOC100578030,LOC100578030,Gene Expression,A_mel_mkref_out,False,34196
LOC550881,LOC550881,Gene Expression,A_mel_mkref_out,False,9088
LOC100576176,LOC100576176,Gene Expression,A_mel_mkref_out,False,11534
Pkc,GeneID_406106,Gene Expression,A_mel_mkref_out,False,83140
LOC551144,LOC551144,Gene Expression,A_mel_mkref_out,False,5888
LOC102654239,LOC102654239,Gene Expression,A_mel_mkref_out,False,2278
LOC410320,LOC410320,Gene Expression,A_mel_mkref_out,False,87585
LOC551486,LOC551486,Gene Expression,A_mel_mkref_out,False,24022
LOC413096,LOC413096,Gene Expression,A_mel_mkref_out,False,24890
LOC100577879,LOC100577879,Gene Expression,A_mel_mkref_out,False,26538
LOC100576552,LOC100576552,Gene Expression,A_mel_mkref_out,False,758
LOC724201,LOC724201,Gene Expression,A_mel_mkref_out,False,39972
LOC102653901,LOC102653901,Gene Expression,A_mel_mkref_out,False,1073
LOC408348,LOC408348,Gene Expression,A_mel_mkref_out,False,10327
LOC102654793,LOC102654793,Gene Expression,A_mel_mkref_out,False,349
LOC552823,LOC552823,Gene Expression,A_mel_mkref_out,False,25460
LOC726955,LOC726955,Gene Expression,A_mel_mkref_out,False,4670
LOC102654161,LOC102654161,Gene Expression,A_mel_mkref_out,False,1656
LOC725616,LOC725616,Gene Expression,A_mel_mkref_out,False,11979
LOC409534,LOC409534,Gene Expression,A_mel_mkref_out,False,47351
LOC409241,LOC409241,Gene Expression,A_mel_mkref_out,False,39552
LOC102655353,LOC102655353,Gene Expression,A_mel_mkref_out,False,211
LOC413545,LOC413545,Gene Expression,A_mel_mkref_out,False,33831
LOC410322,LOC410322,Gene Expression,A_mel_mkref_out,False,34178
LOC412893,LOC412893,Gene Expression,A_mel_mkref_out,False,44807
LOC107965253,LOC107965253,Gene Expression,A_mel_mkref_out,False,758
LOC409385,LOC409385,Gene Expression,A_mel_mkref_out,False,28673
LOC411457,LOC411457,Gene Expression,A_mel_mkref_out,False,56251
LOC552828,LOC552828,Gene Expression,A_mel_mkref_out,False,11061
LOC724955,LOC724955,Gene Expression,A_mel_mkref_out,False,31369
LOC107963983,LOC107963983,Gene Expression,A_mel_mkref_out,False,13049
LOC409363,LOC409363,Gene Expression,A_mel_mkref_out,False,65063
LOC410154,LOC410154,Gene Expression,A_mel_mkref_out,False,33484
Syx1A,GeneID_410279,Gene Expression,A_mel_mkref_out,False,83534
LOC725951,LOC725951,Gene Expression,A_mel_mkref_out,False,27933
LOC551609,LOC551609,Gene Expression,A_mel_mkref_out,False,13464
LOC100576646,LOC100576646,Gene Expression,A_mel_mkref_out,False,14616
LOC724715,LOC724715,Gene Expression,A_mel_mkref_out,False,13033
LOC409976,LOC409976,Gene Expression,A_mel_mkref_out,False,10187
LOC725352,LOC725352,Gene Expression,A_mel_mkref_out,False,13264
LOC100578745,LOC100578745,Gene Expression,A_mel_mkref_out,False,150
LOC102655440,LOC102655440,Gene Expression,A_mel_mkref_out,False,16245
LOC552535,LOC552535,Gene Expression,A_mel_mkref_out,False,22462
LOC410271,LOC410271,Gene Expression,A_mel_mkref_out,False,14259
LOC100577771,LOC100577771,Gene Expression,A_mel_mkref_out,False,24929
LOC107965230,LOC107965230,Gene Expression,A_mel_mkref_out,False,203
LOC725821,LOC725821,Gene Expression,A_mel_mkref_out,False,9724
LOC100576742,LOC100576742,Gene Expression,A_mel_mkref_out,False,342
CPR1,GeneID_552627,Gene Expression,A_mel_mkref_out,False,202
LOC410349,LOC410349,Gene Expression,A_mel_mkref_out,False,8579
LOC413944,LOC413944,Gene Expression,A_mel_mkref_out,False,17544
LOC100577644,LOC100577644,Gene Expression,A_mel_mkref_out,False,11995
LOC408354,LOC408354,Gene Expression,A_mel_mkref_out,False,39683
LOC410298,LOC410298,Gene Expression,A_mel_mkref_out,False,12220
LOC726771,LOC726771,Gene Expression,A_mel_mkref_out,False,11068
LOC113219131,LOC113219131,Gene Expression,A_mel_mkref_out,False,14740
LOC411998,LOC411998,Gene Expression,A_mel_mkref_out,False,17688
LOC410351,LOC410351,Gene Expression,A_mel_mkref_out,False,28291
LOC107965168,LOC107965168,Gene Expression,A_mel_mkref_out,False,2284
LOC100577789,LOC100577789,Gene Expression,A_mel_mkref_out,False,4685
LOC412840,LOC412840,Gene Expression,A_mel_mkref_out,False,3717
LOC100576185,LOC100576185,Gene Expression,A_mel_mkref_out,False,25020
LOC409314,LOC409314,Gene Expression,A_mel_mkref_out,False,48591
LOC724527,LOC724527,Gene Expression,A_mel_mkref_out,False,15015
LOC410305,LOC410305,Gene Expression,A_mel_mkref_out,False,9665
LOC725565,LOC725565,Gene Expression,A_mel_mkref_out,False,25015
LOC102655272,LOC102655272,Gene Expression,A_mel_mkref_out,False,9595
LOC409152,LOC409152,Gene Expression,A_mel_mkref_out,False,28215
LOC724336,LOC724336,Gene Expression,A_mel_mkref_out,False,63354
LOC552738,LOC552738,Gene Expression,A_mel_mkref_out,False,5627
LOC409307,LOC409307,Gene Expression,A_mel_mkref_out,False,6284
LOC408329,LOC408329,Gene Expression,A_mel_mkref_out,False,19922
LOC100576189,LOC100576189,Gene Expression,A_mel_mkref_out,False,2426
LOC413666,LOC413666,Gene Expression,A_mel_mkref_out,False,4711
LOC552612,LOC552612,Gene Expression,A_mel_mkref_out,False,20496
LOC727007,LOC727007,Gene Expression,A_mel_mkref_out,False,2613
LOC551964,LOC551964,Gene Expression,A_mel_mkref_out,False,24445
LOC102653824,LOC102653824,Gene Expression,A_mel_mkref_out,False,6056
LOC552348,LOC552348,Gene Expression,A_mel_mkref_out,False,14064
LOC551449,LOC551449,Gene Expression,A_mel_mkref_out,False,37641
LOC100577449,LOC100577449,Gene Expression,A_mel_mkref_out,False,17707
LOC102653702,LOC102653702,Gene Expression,A_mel_mkref_out,False,13031
LOC113219080,LOC113219080,Gene Expression,A_mel_mkref_out,False,8189
LOC727407,LOC727407,Gene Expression,A_mel_mkref_out,False,18771
LOC411719,LOC411719,Gene Expression,A_mel_mkref_out,False,5468
LOC113219133,LOC113219133,Gene Expression,A_mel_mkref_out,False,12667
LOC413087,LOC413087,Gene Expression,A_mel_mkref_out,False,7565
LOC552480,LOC552480,Gene Expression,A_mel_mkref_out,False,9289
LOC726781,LOC726781,Gene Expression,A_mel_mkref_out,False,10611
LOC408312,LOC408312,Gene Expression,A_mel_mkref_out,False,6489
LOC100576153,LOC100576153,Gene Expression,A_mel_mkref_out,False,2525
LOC410263,LOC410263,Gene Expression,A_mel_mkref_out,False,22464
LOC113219116,LOC113219116,Gene Expression,A_mel_mkref_out,False,44
LOC409636,LOC409636,Gene Expression,A_mel_mkref_out,False,1830
LOC408319,LOC408319,Gene Expression,A_mel_mkref_out,False,19046
LOC408337,LOC408337,Gene Expression,A_mel_mkref_out,False,56303
LOC107965288,LOC107965288,Gene Expression,A_mel_mkref_out,False,17271
LOC102654363,LOC102654363,Gene Expression,A_mel_mkref_out,False,412
LOC411552,LOC411552,Gene Expression,A_mel_mkref_out,False,27849
LOC409470,LOC409470,Gene Expression,A_mel_mkref_out,False,51565
LOC102654792,LOC102654792,Gene Expression,A_mel_mkref_out,False,6096
LOC113219070,LOC113219070,Gene Expression,A_mel_mkref_out,False,445
LOC412865,LOC412865,Gene Expression,A_mel_mkref_out,False,27845
LOC725782,LOC725782,Gene Expression,A_mel_mkref_out,False,45150
LOC724446,LOC724446,Gene Expression,A_mel_mkref_out,False,18084
LOC408369,LOC408369,Gene Expression,A_mel_mkref_out,False,1235
LOC100820634,LOC100820634,Gene Expression,A_mel_mkref_out,False,64303
LOC102656461,LOC102656461,Gene Expression,A_mel_mkref_out,False,107
LOC724545,LOC724545,Gene Expression,A_mel_mkref_out,False,44558
LOC102655263,LOC102655263,Gene Expression,A_mel_mkref_out,False,5864
LOC724842,LOC724842,Gene Expression,A_mel_mkref_out,False,22912
LOC412591,LOC412591,Gene Expression,A_mel_mkref_out,False,21821
LOC100577364,LOC100577364,Gene Expression,A_mel_mkref_out,False,69570
LOC552056,LOC552056,Gene Expression,A_mel_mkref_out,False,18247
LOC409136,LOC409136,Gene Expression,A_mel_mkref_out,False,23821
LOC107965270,LOC107965270,Gene Expression,A_mel_mkref_out,False,3518
LOC410376,LOC410376,Gene Expression,A_mel_mkref_out,False,12798
Ac3,GeneID_408363,Gene Expression,A_mel_mkref_out,False,55616
LOC107965261,LOC107965261,Gene Expression,A_mel_mkref_out,False,2070
LOC100578413,LOC100578413,Gene Expression,A_mel_mkref_out,False,2299
LOC551313,LOC551313,Gene Expression,A_mel_mkref_out,False,27556
LOC411553,LOC411553,Gene Expression,A_mel_mkref_out,False,13426
LOC408320,LOC408320,Gene Expression,A_mel_mkref_out,False,3872
LOC725183,LOC725183,Gene Expression,A_mel_mkref_out,False,5102
LOC102653705,LOC102653705,Gene Expression,A_mel_mkref_out,False,5670
LOC107965165,LOC107965165,Gene Expression,A_mel_mkref_out,False,7301
LOC726757,LOC726757,Gene Expression,A_mel_mkref_out,False,12806
LOC102655485,LOC102655485,Gene Expression,A_mel_mkref_out,False,1488
LOC413134,LOC413134,Gene Expression,A_mel_mkref_out,False,9306
Cdk5,GeneID_408325,Gene Expression,A_mel_mkref_out,False,12427
LOC113219127,LOC113219127,Gene Expression,A_mel_mkref_out,False,266
LOC408345,LOC408345,Gene Expression,A_mel_mkref_out,False,20066
Rga,GeneID_552826,Gene Expression,A_mel_mkref_out,False,11264
LOC413816,LOC413816,Gene Expression,A_mel_mkref_out,False,3418
LOC411535,LOC411535,Gene Expression,A_mel_mkref_out,False,28285
LOC102654487,LOC102654487,Gene Expression,A_mel_mkref_out,False,317
LOC100576370,LOC100576370,Gene Expression,A_mel_mkref_out,False,44
LOC102655835,LOC102655835,Gene Expression,A_mel_mkref_out,False,293
LOC552716,LOC552716,Gene Expression,A_mel_mkref_out,False,10783
LOC113219094,LOC113219094,Gene Expression,A_mel_mkref_out,False,41
LOC107965276,LOC107965276,Gene Expression,A_mel_mkref_out,False,1915
LOC102655980,LOC102655980,Gene Expression,A_mel_mkref_out,False,49445
LOC102653993,LOC102653993,Gene Expression,A_mel_mkref_out,False,6340
LOC411585,LOC411585,Gene Expression,A_mel_mkref_out,False,4159
LOC726486,LOC726486,Gene Expression,A_mel_mkref_out,False,11507
LOC102655004,LOC102655004,Gene Expression,A_mel_mkref_out,False,2432
LOC726408,LOC726408,Gene Expression,A_mel_mkref_out,False,16204
LOC409095,LOC409095,Gene Expression,A_mel_mkref_out,False,10570
LOC113219099,LOC113219099,Gene Expression,A_mel_mkref_out,False,85
LOC113219071,LOC113219071,Gene Expression,A_mel_mkref_out,False,1921
LOC725462,LOC725462,Gene Expression,A_mel_mkref_out,False,4348
LOC551707,LOC551707,Gene Expression,A_mel_mkref_out,False,23893
LOC412219,LOC412219,Gene Expression,A_mel_mkref_out,False,32301
LOC102656011,LOC102656011,Gene Expression,A_mel_mkref_out,False,5420
LOC100578439,LOC100578439,Gene Expression,A_mel_mkref_out,False,3996
LOC107965260,LOC107965260,Gene Expression,A_mel_mkref_out,False,2313
LOC100578475,LOC100578475,Gene Expression,A_mel_mkref_out,False,68
LOC107965252,LOC107965252,Gene Expression,A_mel_mkref_out,False,102
LOC726695,LOC726695,Gene Expression,A_mel_mkref_out,False,25891
LOC413311,LOC413311,Gene Expression,A_mel_mkref_out,False,16628
LOC409518,LOC409518,Gene Expression,A_mel_mkref_out,False,33329
LOC552482,LOC552482,Gene Expression,A_mel_mkref_out,False,11951
LOC725245,LOC725245,Gene Expression,A_mel_mkref_out,False,1520
LOC409178,LOC409178,Gene Expression,A_mel_mkref_out,False,38221
LOC409838,LOC409838,Gene Expression,A_mel_mkref_out,False,18708
LOC552002,LOC552002,Gene Expression,A_mel_mkref_out,False,59544
LOC406097,LOC406097,Gene Expression,A_mel_mkref_out,False,31159
LOC100578112,LOC100578112,Gene Expression,A_mel_mkref_out,False,22336
LOC412346,LOC412346,Gene Expression,A_mel_mkref_out,False,25087
LOC113219142,LOC113219142,Gene Expression,A_mel_mkref_out,False,254
LOC725822,LOC725822,Gene Expression,A_mel_mkref_out,False,10685
Or105,GeneID_100577309,Gene Expression,A_mel_mkref_out,False,1442
LOC413942,LOC413942,Gene Expression,A_mel_mkref_out,False,1518
LOC100578357,LOC100578357,Gene Expression,A_mel_mkref_out,False,89
LOC724876,LOC724876,Gene Expression,A_mel_mkref_out,False,5252
CPR3,GeneID_409345,Gene Expression,A_mel_mkref_out,False,3369
LOC413680,LOC413680,Gene Expression,A_mel_mkref_out,False,52471
LOC413428,LOC413428,Gene Expression,A_mel_mkref_out,False,51176
LOC409647,LOC409647,Gene Expression,A_mel_mkref_out,False,14204
LOC409766,LOC409766,Gene Expression,A_mel_mkref_out,False,17913
LOC726896,LOC726896,Gene Expression,A_mel_mkref_out,False,28866
LOC552774,LOC552774,Gene Expression,A_mel_mkref_out,False,30912
LOC726508,LOC726508,Gene Expression,A_mel_mkref_out,False,11083
LOC413380,LOC413380,Gene Expression,A_mel_mkref_out,False,307
LOC408309,LOC408309,Gene Expression,A_mel_mkref_out,False,86207
LOC409695,LOC409695,Gene Expression,A_mel_mkref_out,False,33267
LOC102653896,LOC102653896,Gene Expression,A_mel_mkref_out,False,11390
LOC409634,LOC409634,Gene Expression,A_mel_mkref_out,False,78610
LOC411939,LOC411939,Gene Expression,A_mel_mkref_out,False,16103
LOC725323,LOC725323,Gene Expression,A_mel_mkref_out,False,15803
LOC100576519,LOC100576519,Gene Expression,A_mel_mkref_out,False,20763
Mrjp9,GeneID_409873,Gene Expression,A_mel_mkref_out,False,23
LOC410293,LOC410293,Gene Expression,A_mel_mkref_out,False,1520
LOC409203,LOC409203,Gene Expression,A_mel_mkref_out,False,969
LOC409759,LOC409759,Gene Expression,A_mel_mkref_out,False,8407
LOC102654666,LOC102654666,Gene Expression,A_mel_mkref_out,False,208
LOC411918,LOC411918,Gene Expression,A_mel_mkref_out,False,27988
LOC725288,LOC725288,Gene Expression,A_mel_mkref_out,False,2427
LOC100576585,LOC100576585,Gene Expression,A_mel_mkref_out,False,2166
LOC725243,LOC725243,Gene Expression,A_mel_mkref_out,False,45247
LOC408352,LOC408352,Gene Expression,A_mel_mkref_out,False,18393
LOC102655299,LOC102655299,Gene Expression,A_mel_mkref_out,False,1947
LOC727189,LOC727189,Gene Expression,A_mel_mkref_out,False,12223
LOC726301,LOC726301,Gene Expression,A_mel_mkref_out,False,15490
LOC552154,LOC552154,Gene Expression,A_mel_mkref_out,False,1138
LOC409070,LOC409070,Gene Expression,A_mel_mkref_out,False,22987
LOC410278,LOC410278,Gene Expression,A_mel_mkref_out,False,26785
LOC107965290,LOC107965290,Gene Expression,A_mel_mkref_out,False,33
LOC414001,LOC414001,Gene Expression,A_mel_mkref_out,False,24290
LOC107965147,LOC107965147,Gene Expression,A_mel_mkref_out,False,59977
LOC727170,LOC727170,Gene Expression,A_mel_mkref_out,False,11765
LOC410339,LOC410339,Gene Expression,A_mel_mkref_out,False,17955
LOC413379,LOC413379,Gene Expression,A_mel_mkref_out,False,34
LOC550935,LOC550935,Gene Expression,A_mel_mkref_out,False,28501
LOC550973,LOC550973,Gene Expression,A_mel_mkref_out,False,11090
LOC107965173,LOC107965173,Gene Expression,A_mel_mkref_out,False,441
LOC724952,LOC724952,Gene Expression,A_mel_mkref_out,False,430
LOC413772,LOC413772,Gene Expression,A_mel_mkref_out,False,22340
LOC409877,LOC409877,Gene Expression,A_mel_mkref_out,False,34216
LOC409531,LOC409531,Gene Expression,A_mel_mkref_out,False,24847
LOC102655948,LOC102655948,Gene Expression,A_mel_mkref_out,False,666
LOC102656707,LOC102656707,Gene Expression,A_mel_mkref_out,False,31
Mrjp4,GeneID_406133,Gene Expression,A_mel_mkref_out,False,97
LOC113219128,LOC113219128,Gene Expression,A_mel_mkref_out,False,2912
LOC724997,LOC724997,Gene Expression,A_mel_mkref_out,False,7798
LOC113219096,LOC113219096,Gene Expression,A_mel_mkref_out,False,1158
LOC552791,LOC552791,Gene Expression,A_mel_mkref_out,False,23098
LOC100578343,LOC100578343,Gene Expression,A_mel_mkref_out,False,5038
LOC102655180,LOC102655180,Gene Expression,A_mel_mkref_out,False,559
LOC409863,LOC409863,Gene Expression,A_mel_mkref_out,False,11988
LOC412273,LOC412273,Gene Expression,A_mel_mkref_out,False,1226
LOC409061,LOC409061,Gene Expression,A_mel_mkref_out,False,3193
LOC100577406,LOC100577406,Gene Expression,A_mel_mkref_out,False,958
LOC552820,LOC552820,Gene Expression,A_mel_mkref_out,False,43235
LOC113219095,LOC113219095,Gene Expression,A_mel_mkref_out,False,179
LOC410273,LOC410273,Gene Expression,A_mel_mkref_out,False,36573
LOC413086,LOC413086,Gene Expression,A_mel_mkref_out,False,14333
LOC410291,LOC410291,Gene Expression,A_mel_mkref_out,False,26461
LOC413336,LOC413336,Gene Expression,A_mel_mkref_out,False,16216
LOC100577649,LOC100577649,Gene Expression,A_mel_mkref_out,False,14683
LOC102653678,LOC102653678,Gene Expression,A_mel_mkref_out,False,11912
LOC726150,LOC726150,Gene Expression,A_mel_mkref_out,False,553
LOC102654090,LOC102654090,Gene Expression,A_mel_mkref_out,False,6997
LOC410345,LOC410345,Gene Expression,A_mel_mkref_out,False,26668
LOC100578317,LOC100578317,Gene Expression,A_mel_mkref_out,False,4806
LOC100577735,LOC100577735,Gene Expression,A_mel_mkref_out,False,23842
LOC725615,LOC725615,Gene Expression,A_mel_mkref_out,False,26666
LOC552769,LOC552769,Gene Expression,A_mel_mkref_out,False,8528
LOC552098,LOC552098,Gene Expression,A_mel_mkref_out,False,15270
LOC410283,LOC410283,Gene Expression,A_mel_mkref_out,False,10480
LOC100577766,LOC100577766,Gene Expression,A_mel_mkref_out,False,9023
LOC727510,LOC727510,Gene Expression,A_mel_mkref_out,False,46953
Mrjp1,GeneID_406090,Gene Expression,A_mel_mkref_out,False,866
LOC725424,LOC725424,Gene Expression,A_mel_mkref_out,False,7984
LOC551268,LOC551268,Gene Expression,A_mel_mkref_out,False,1129
LOC551528,LOC551528,Gene Expression,A_mel_mkref_out,False,23677
LOC102656066,LOC102656066,Gene Expression,A_mel_mkref_out,False,1248
LOC412866,LOC412866,Gene Expression,A_mel_mkref_out,False,23852
LOC552626,LOC552626,Gene Expression,A_mel_mkref_out,False,19671
LOC102654609,LOC102654609,Gene Expression,A_mel_mkref_out,False,516
LOC410334,LOC410334,Gene Expression,A_mel_mkref_out,False,143
LOC413430,LOC413430,Gene Expression,A_mel_mkref_out,False,27358
LOC410308,LOC410308,Gene Expression,A_mel_mkref_out,False,16100
LOC113219115,LOC113219115,Gene Expression,A_mel_mkref_out,False,8910
LOC724953,LOC724953,Gene Expression,A_mel_mkref_out,False,3322
LOC552145,LOC552145,Gene Expression,A_mel_mkref_out,False,19373
LOC410254,LOC410254,Gene Expression,A_mel_mkref_out,False,15522
LOC551734,LOC551734,Gene Expression,A_mel_mkref_out,False,25062
LOC408359,LOC408359,Gene Expression,A_mel_mkref_out,False,33482
LOC100579040,LOC100579040,Gene Expression,A_mel_mkref_out,False,10119
TpnCIIa,GeneID_494503,Gene Expression,A_mel_mkref_out,False,2357
LOC102655523,LOC102655523,Gene Expression,A_mel_mkref_out,False,21160
LOC410289,LOC410289,Gene Expression,A_mel_mkref_out,False,21721
LOC113219101,LOC113219101,Gene Expression,A_mel_mkref_out,False,122
LOC102654866,LOC102654866,Gene Expression,A_mel_mkref_out,False,9666
LOC724335,LOC724335,Gene Expression,A_mel_mkref_out,False,164
LOC551425,LOC551425,Gene Expression,A_mel_mkref_out,False,62855
LOC107965212,LOC107965212,Gene Expression,A_mel_mkref_out,False,26023
LOC113219069,LOC113219069,Gene Expression,A_mel_mkref_out,False,1000
LOC100578581,LOC100578581,Gene Expression,A_mel_mkref_out,False,7588
LOC408353,LOC408353,Gene Expression,A_mel_mkref_out,False,13547
LOC409260,LOC409260,Gene Expression,A_mel_mkref_out,False,2851
LOC726018,LOC726018,Gene Expression,A_mel_mkref_out,False,18928
LOC410280,LOC410280,Gene Expression,A_mel_mkref_out,False,26397
LOC413145,LOC413145,Gene Expression,A_mel_mkref_out,False,10718
LOC411888,LOC411888,Gene Expression,A_mel_mkref_out,False,6685
LOC552459,LOC552459,Gene Expression,A_mel_mkref_out,False,6113
LOC551467,LOC551467,Gene Expression,A_mel_mkref_out,False,17768
LOC725324,LOC725324,Gene Expression,A_mel_mkref_out,False,32576
LOC410270,LOC410270,Gene Expression,A_mel_mkref_out,False,59468
LOC100578716,LOC100578716,Gene Expression,A_mel_mkref_out,False,1076
LOC550656,LOC550656,Gene Expression,A_mel_mkref_out,False,35283
LOC408347,LOC408347,Gene Expression,A_mel_mkref_out,False,36260
LOC409861,LOC409861,Gene Expression,A_mel_mkref_out,False,27670
LOC412348,LOC412348,Gene Expression,A_mel_mkref_out,False,12453
LOC551229,LOC551229,Gene Expression,A_mel_mkref_out,False,29420
LOC107965266,LOC107965266,Gene Expression,A_mel_mkref_out,False,3368
LOC552367,LOC552367,Gene Expression,A_mel_mkref_out,False,3759
LOC113219097,LOC113219097,Gene Expression,A_mel_mkref_out,False,6950
LOC552231,LOC552231,Gene Expression,A_mel_mkref_out,False,22321
LOC100578910,LOC100578910,Gene Expression,A_mel_mkref_out,False,362
LOC408316,LOC408316,Gene Expression,A_mel_mkref_out,False,41234
LOC410282,LOC410282,Gene Expression,A_mel_mkref_out,False,3952
LOC552830,LOC552830,Gene Expression,A_mel_mkref_out,False,30381
LOC551162,LOC551162,Gene Expression,A_mel_mkref_out,False,23892
c-mos,GeneID_494522,Gene Expression,A_mel_mkref_out,False,2547
LOC413091,LOC413091,Gene Expression,A_mel_mkref_out,False,33219
LOC113219100,LOC113219100,Gene Expression,A_mel_mkref_out,False,13645
LOC113219067,LOC113219067,Gene Expression,A_mel_mkref_out,False,134
LOC409941,LOC409941,Gene Expression,A_mel_mkref_out,False,12885
LOC726895,LOC726895,Gene Expression,A_mel_mkref_out,False,1120
Sod2,GeneID_410082,Gene Expression,A_mel_mkref_out,False,23501
LOC102656080,LOC102656080,Gene Expression,A_mel_mkref_out,False,444
LOC107963971,LOC107963971,Gene Expression,A_mel_mkref_out,False,296
LOC102654871,LOC102654871,Gene Expression,A_mel_mkref_out,False,9646
LOC409348,LOC409348,Gene Expression,A_mel_mkref_out,False,28393
LOC100576761,LOC100576761,Gene Expression,A_mel_mkref_out,False,18822
LOC410255,LOC410255,Gene Expression,A_mel_mkref_out,False,22302
LOC102656537,LOC102656537,Gene Expression,A_mel_mkref_out,False,51
LOC409574,LOC409574,Gene Expression,A_mel_mkref_out,False,18527
LOC410304,LOC410304,Gene Expression,A_mel_mkref_out,False,16903
LOC726612,LOC726612,Gene Expression,A_mel_mkref_out,False,14470
LOC102656914,LOC102656914,Gene Expression,A_mel_mkref_out,False,13035
LOC410266,LOC410266,Gene Expression,A_mel_mkref_out,False,7372
LOC725688,LOC725688,Gene Expression,A_mel_mkref_out,False,1259
LOC410108,LOC410108,Gene Expression,A_mel_mkref_out,False,30328
LOC413259,LOC413259,Gene Expression,A_mel_mkref_out,False,4707
LOC413837,LOC413837,Gene Expression,A_mel_mkref_out,False,88211
LOC102655147,LOC102655147,Gene Expression,A_mel_mkref_out,False,255
LOC726595,LOC726595,Gene Expression,A_mel_mkref_out,False,18766
LOC410118,LOC410118,Gene Expression,A_mel_mkref_out,False,20693
LOC100578577,LOC100578577,Gene Expression,A_mel_mkref_out,False,85
LOC102655038,LOC102655038,Gene Expression,A_mel_mkref_out,False,314
LOC410307,LOC410307,Gene Expression,A_mel_mkref_out,False,30717
LOC102653856,LOC102653856,Gene Expression,A_mel_mkref_out,False,474
LOC102656748,LOC102656748,Gene Expression,A_mel_mkref_out,False,3518
LOC724770,LOC724770,Gene Expression,A_mel_mkref_out,False,7069
LOC411889,LOC411889,Gene Expression,A_mel_mkref_out,False,11296
LOC410301,LOC410301,Gene Expression,A_mel_mkref_out,False,26669
LOC408364,LOC408364,Gene Expression,A_mel_mkref_out,False,30859
LOC552651,LOC552651,Gene Expression,A_mel_mkref_out,False,41346
LOC410330,LOC410330,Gene Expression,A_mel_mkref_out,False,21405
LOC100578524,LOC100578524,Gene Expression,A_mel_mkref_out,False,7429
LOC724769,LOC724769,Gene Expression,A_mel_mkref_out,False,10726
LOC107965237,LOC107965237,Gene Expression,A_mel_mkref_out,False,17880
LOC724896,LOC724896,Gene Expression,A_mel_mkref_out,False,6135
LOC551323,LOC551323,Gene Expression,A_mel_mkref_out,False,5414
LOC552308,LOC552308,Gene Expression,A_mel_mkref_out,False,11048
LOC113219117,LOC113219117,Gene Expression,A_mel_mkref_out,False,3131
LOC100576279,LOC100576279,Gene Expression,A_mel_mkref_out,False,5718
LOC100577014,LOC100577014,Gene Expression,A_mel_mkref_out,False,14045
LOC408361,LOC408361,Gene Expression,A_mel_mkref_out,False,2804
LOC408351,LOC408351,Gene Expression,A_mel_mkref_out,False,63725
LOC724685,LOC724685,Gene Expression,A_mel_mkref_out,False,19347
LOC100577687,LOC100577687,Gene Expression,A_mel_mkref_out,False,13338
LOC113219124,LOC113219124,Gene Expression,A_mel_mkref_out,False,190
LOC552460,LOC552460,Gene Expression,A_mel_mkref_out,False,11884
LOC102653601,LOC102653601,Gene Expression,A_mel_mkref_out,False,18580
LOC412215,LOC412215,Gene Expression,A_mel_mkref_out,False,144
LOC412606,LOC412606,Gene Expression,A_mel_mkref_out,False,24795
LOC410340,LOC410340,Gene Expression,A_mel_mkref_out,False,19156
LOC411458,LOC411458,Gene Expression,A_mel_mkref_out,False,16314
LOC408315,LOC408315,Gene Expression,A_mel_mkref_out,False,49045
LOC725984,LOC725984,Gene Expression,A_mel_mkref_out,False,2687
LOC409474,LOC409474,Gene Expression,A_mel_mkref_out,False,28253
LOC411735,LOC411735,Gene Expression,A_mel_mkref_out,False,17851
LOC726594,LOC726594,Gene Expression,A_mel_mkref_out,False,19931
LOC409491,LOC409491,Gene Expression,A_mel_mkref_out,False,20745
LOC409438,LOC409438,Gene Expression,A_mel_mkref_out,False,16123
LOC725641,LOC725641,Gene Expression,A_mel_mkref_out,False,12562
LOC102655411,LOC102655411,Gene Expression,A_mel_mkref_out,False,18697
LOC100578575,LOC100578575,Gene Expression,A_mel_mkref_out,False,7709
LOC408349,LOC408349,Gene Expression,A_mel_mkref_out,False,27258
LOC408367,LOC408367,Gene Expression,A_mel_mkref_out,False,26687
LOC725194,LOC725194,Gene Expression,A_mel_mkref_out,False,11414
LOC113219106,LOC113219106,Gene Expression,A_mel_mkref_out,False,6632
LOC411943,LOC411943,Gene Expression,A_mel_mkref_out,False,10514
LOC726964,LOC726964,Gene Expression,A_mel_mkref_out,False,20670
LOC725923,LOC725923,Gene Expression,A_mel_mkref_out,False,30041
LOC551309,LOC551309,Gene Expression,A_mel_mkref_out,False,26945
LOC550984,LOC550984,Gene Expression,A_mel_mkref_out,False,19089
LOC410261,LOC410261,Gene Expression,A_mel_mkref_out,False,3090
LOC107965805,LOC107965805,Gene Expression,A_mel_mkref_out,False,4540
LOC726963,LOC726963,Gene Expression,A_mel_mkref_out,False,199
LOC107965281,LOC107965281,Gene Expression,A_mel_mkref_out,False,21325
LOC724791,LOC724791,Gene Expression,A_mel_mkref_out,False,2816
LOC113219085,LOC113219085,Gene Expression,A_mel_mkref_out,False,51
LOC102655371,LOC102655371,Gene Expression,A_mel_mkref_out,False,1597
LOC102655184,LOC102655184,Gene Expression,A_mel_mkref_out,False,300
LOC551883,LOC551883,Gene Expression,A_mel_mkref_out,False,81448
LOC113219107,LOC113219107,Gene Expression,A_mel_mkref_out,False,701
LOC410294,LOC410294,Gene Expression,A_mel_mkref_out,False,21748
LOC725614,LOC725614,Gene Expression,A_mel_mkref_out,False,9204
LOC724290,LOC724290,Gene Expression,A_mel_mkref_out,False,35986
LOC551424,LOC551424,Gene Expression,A_mel_mkref_out,False,33616
LOC412222,LOC412222,Gene Expression,A_mel_mkref_out,False,544
LOC413429,LOC413429,Gene Expression,A_mel_mkref_out,False,22272
LOC726019,LOC726019,Gene Expression,A_mel_mkref_out,False,9718
LOC107965751,LOC107965751,Gene Expression,A_mel_mkref_out,False,10712
LOC727299,LOC727299,Gene Expression,A_mel_mkref_out,False,15393
LOC552295,LOC552295,Gene Expression,A_mel_mkref_out,False,19870
LOC113219098,LOC113219098,Gene Expression,A_mel_mkref_out,False,4405
LOC102655030,LOC102655030,Gene Expression,A_mel_mkref_out,False,6500
LOC102653945,LOC102653945,Gene Expression,A_mel_mkref_out,False,1578
LOC102655407,LOC102655407,Gene Expression,A_mel_mkref_out,False,71793
LOC113219110,LOC113219110,Gene Expression,A_mel_mkref_out,False,150
LOC413728,LOC413728,Gene Expression,A_mel_mkref_out,False,19117
LOC409622,LOC409622,Gene Expression,A_mel_mkref_out,False,39444
LOC113219134,LOC113219134,Gene Expression,A_mel_mkref_out,False,940
LOC113219139,LOC113219139,Gene Expression,A_mel_mkref_out,False,3135
LOC410257,LOC410257,Gene Expression,A_mel_mkref_out,False,17750
LOC413108,LOC413108,Gene Expression,A_mel_mkref_out,False,21851
LOC102656690,LOC102656690,Gene Expression,A_mel_mkref_out,False,85
LOC100576647,LOC100576647,Gene Expression,A_mel_mkref_out,False,7971
LOC552753,LOC552753,Gene Expression,A_mel_mkref_out,False,9020
LOC552303,LOC552303,Gene Expression,A_mel_mkref_out,False,63659
LOC100577378,LOC100577378,Gene Expression,A_mel_mkref_out,False,5788
LOC725391,LOC725391,Gene Expression,A_mel_mkref_out,False,5403
LOC408342,LOC408342,Gene Expression,A_mel_mkref_out,False,70269
LOC113219109,LOC113219109,Gene Expression,A_mel_mkref_out,False,34
LOC552085,LOC552085,Gene Expression,A_mel_mkref_out,False,12953
LOC725689,LOC725689,Gene Expression,A_mel_mkref_out,False,44099
LOC411861,LOC411861,Gene Expression,A_mel_mkref_out,False,16321
LOC726780,LOC726780,Gene Expression,A_mel_mkref_out,False,25903
LOC724501,LOC724501,Gene Expression,A_mel_mkref_out,False,32999
LOC107965198,LOC107965198,Gene Expression,A_mel_mkref_out,False,706
LOC410288,LOC410288,Gene Expression,A_mel_mkref_out,False,242
LOC410344,LOC410344,Gene Expression,A_mel_mkref_out,False,20128
LOC413343,LOC413343,Gene Expression,A_mel_mkref_out,False,6260
LOC102654369,LOC102654369,Gene Expression,A_mel_mkref_out,False,6199
LOC102654395,LOC102654395,Gene Expression,A_mel_mkref_out,False,9073
LOC102655785,LOC102655785,Gene Expression,A_mel_mkref_out,False,4162
LOC727052,LOC727052,Gene Expression,A_mel_mkref_out,False,81
LOC410259,LOC410259,Gene Expression,A_mel_mkref_out,False,59595
LOC113219130,LOC113219130,Gene Expression,A_mel_mkref_out,False,4972
LOC726913,LOC726913,Gene Expression,A_mel_mkref_out,False,35136
LOC726801,LOC726801,Gene Expression,A_mel_mkref_out,False,18397
LOC411566,LOC411566,Gene Expression,A_mel_mkref_out,False,27105
LOC102655660,LOC102655660,Gene Expression,A_mel_mkref_out,False,95
LOC551560,LOC551560,Gene Expression,A_mel_mkref_out,False,113
LOC107965224,LOC107965224,Gene Expression,A_mel_mkref_out,False,4537
LOC725924,LOC725924,Gene Expression,A_mel_mkref_out,False,85977
E75,GeneID_410309,Gene Expression,A_mel_mkref_out,False,78592
LOC724287,LOC724287,Gene Expression,A_mel_mkref_out,False,70135
LOC413916,LOC413916,Gene Expression,A_mel_mkref_out,False,16693
LOC726415,LOC726415,Gene Expression,A_mel_mkref_out,False,17390
LOC100576532,LOC100576532,Gene Expression,A_mel_mkref_out,False,3845
LOC409184,LOC409184,Gene Expression,A_mel_mkref_out,False,15454
LOC724155,LOC724155,Gene Expression,A_mel_mkref_out,False,13991
LOC552446,LOC552446,Gene Expression,A_mel_mkref_out,False,5526
LOC408332,LOC408332,Gene Expression,A_mel_mkref_out,False,36068
LOC412409,LOC412409,Gene Expression,A_mel_mkref_out,False,19563
LOC551073,LOC551073,Gene Expression,A_mel_mkref_out,False,66850
LOC552746,LOC552746,Gene Expression,A_mel_mkref_out,False,5842
LOC102654444,LOC102654444,Gene Expression,A_mel_mkref_out,False,7550
LOC726993,LOC726993,Gene Expression,A_mel_mkref_out,False,78773
LOC552447,LOC552447,Gene Expression,A_mel_mkref_out,False,188
LOC113219073,LOC113219073,Gene Expression,A_mel_mkref_out,False,8755
LOC100576985,LOC100576985,Gene Expression,A_mel_mkref_out,False,14733
LOC552733,LOC552733,Gene Expression,A_mel_mkref_out,False,906
LOC552723,LOC552723,Gene Expression,A_mel_mkref_out,False,21414
LOC411769,LOC411769,Gene Expression,A_mel_mkref_out,False,55900
LOC724502,LOC724502,Gene Expression,A_mel_mkref_out,False,9096
LOC726225,LOC726225,Gene Expression,A_mel_mkref_out,False,63
LOC113219137,LOC113219137,Gene Expression,A_mel_mkref_out,False,10651
LOC100577693,LOC100577693,Gene Expression,A_mel_mkref_out,False,4074
LOC409569,LOC409569,Gene Expression,A_mel_mkref_out,False,12589
LOC410336,LOC410336,Gene Expression,A_mel_mkref_out,False,66214
LOC100578547,LOC100578547,Gene Expression,A_mel_mkref_out,False,8048
LOC113219092,LOC113219092,Gene Expression,A_mel_mkref_out,False,1344
LOC102654709,LOC102654709,Gene Expression,A_mel_mkref_out,False,33
LOC410325,LOC410325,Gene Expression,A_mel_mkref_out,False,32139
LOC410253,LOC410253,Gene Expression,A_mel_mkref_out,False,50211
LOC724288,LOC724288,Gene Expression,A_mel_mkref_out,False,24152
LOC113219079,LOC113219079,Gene Expression,A_mel_mkref_out,False,49
LOC408310,LOC408310,Gene Expression,A_mel_mkref_out,False,2254
LOC100576286,LOC100576286,Gene Expression,A_mel_mkref_out,False,16761
LOC411614,LOC411614,Gene Expression,A_mel_mkref_out,False,22505
LOC412705,LOC412705,Gene Expression,A_mel_mkref_out,False,11502
LOC100578128,LOC100578128,Gene Expression,A_mel_mkref_out,False,2609
Mrjp5,GeneID_406116,Gene Expression,A_mel_mkref_out,False,144
LOC107965199,LOC107965199,Gene Expression,A_mel_mkref_out,False,568
LOC727495,LOC727495,Gene Expression,A_mel_mkref_out,False,21382
LOC409396,LOC409396,Gene Expression,A_mel_mkref_out,False,16771
LOC552588,LOC552588,Gene Expression,A_mel_mkref_out,False,6483
LOC551283,LOC551283,Gene Expression,A_mel_mkref_out,False,22249
LOC107965271,LOC107965271,Gene Expression,A_mel_mkref_out,False,1194
LOC100577161,LOC100577161,Gene Expression,A_mel_mkref_out,False,524
LOC100578162,LOC100578162,Gene Expression,A_mel_mkref_out,False,6971
LOC409735,LOC409735,Gene Expression,A_mel_mkref_out,False,27014
LOC102656587,LOC102656587,Gene Expression,A_mel_mkref_out,False,22746
LOC552763,LOC552763,Gene Expression,A_mel_mkref_out,False,5488
LOC100577578,LOC100577578,Gene Expression,A_mel_mkref_out,False,33967
LOC113219065,LOC113219065,Gene Expression,A_mel_mkref_out,False,7572
LOC102653994,LOC102653994,Gene Expression,A_mel_mkref_out,False,1158
LOC100576225,LOC100576225,Gene Expression,A_mel_mkref_out,False,201
LOC107965241,LOC107965241,Gene Expression,A_mel_mkref_out,False,1464
LOC102653963,LOC102653963,Gene Expression,A_mel_mkref_out,False,7881
LOC411734,LOC411734,Gene Expression,A_mel_mkref_out,False,52081
LOC552814,LOC552814,Gene Expression,A_mel_mkref_out,False,56576
LOC408311,LOC408311,Gene Expression,A_mel_mkref_out,False,60981
LOC410264,LOC410264,Gene Expression,A_mel_mkref_out,False,15442
LOC727192,LOC727192,Gene Expression,A_mel_mkref_out,False,25895
LOC102654947,LOC102654947,Gene Expression,A_mel_mkref_out,False,1859
LOC102653967,LOC102653967,Gene Expression,A_mel_mkref_out,False,20313
Mrjp8,GeneID_406067,Gene Expression,A_mel_mkref_out,False,190
LOC408382,LOC408382,Gene Expression,A_mel_mkref_out,False,4004
Ppib,GeneID_552033,Gene Expression,A_mel_mkref_out,False,18494
LOC551987,LOC551987,Gene Expression,A_mel_mkref_out,False,81043
LOC551815,LOC551815,Gene Expression,A_mel_mkref_out,False,8190
LOC102654712,LOC102654712,Gene Expression,A_mel_mkref_out,False,193
LOC409942,LOC409942,Gene Expression,A_mel_mkref_out,False,22628
LOC412944,LOC412944,Gene Expression,A_mel_mkref_out,False,19585
LOC410299,LOC410299,Gene Expression,A_mel_mkref_out,False,15950
LOC550655,LOC550655,Gene Expression,A_mel_mkref_out,False,54877
LOC413943,LOC413943,Gene Expression,A_mel_mkref_out,False,31170
LOC410347,LOC410347,Gene Expression,A_mel_mkref_out,False,17531
LOC552752,LOC552752,Gene Expression,A_mel_mkref_out,False,21990
LOC725084,LOC725084,Gene Expression,A_mel_mkref_out,False,29450
LOC410326,LOC410326,Gene Expression,A_mel_mkref_out,False,16808
LOC551635,LOC551635,Gene Expression,A_mel_mkref_out,False,24095
LOC724998,LOC724998,Gene Expression,A_mel_mkref_out,False,11841
LOC551532,LOC551532,Gene Expression,A_mel_mkref_out,False,12595
LOC409373,LOC409373,Gene Expression,A_mel_mkref_out,False,38520
LOC552729,LOC552729,Gene Expression,A_mel_mkref_out,False,29131
LOC107965250,LOC107965250,Gene Expression,A_mel_mkref_out,False,38857
LOC552511,LOC552511,Gene Expression,A_mel_mkref_out,False,6425
LOC412414,LOC412414,Gene Expression,A_mel_mkref_out,False,14695
LOC100578246,LOC100578246,Gene Expression,A_mel_mkref_out,False,28236
LOC410134,LOC410134,Gene Expression,A_mel_mkref_out,False,26860
LOC551624,LOC551624,Gene Expression,A_mel_mkref_out,False,60135
LOC725274,LOC725274,Gene Expression,A_mel_mkref_out,False,14925
LOC551736,LOC551736,Gene Expression,A_mel_mkref_out,False,76777
LOC113219086,LOC113219086,Gene Expression,A_mel_mkref_out,False,7009
LOC102654613,LOC102654613,Gene Expression,A_mel_mkref_out,False,379
LOC552689,LOC552689,Gene Expression,A_mel_mkref_out,False,5082
LOC409767,LOC409767,Gene Expression,A_mel_mkref_out,False,46250
LOC107965233,LOC107965233,Gene Expression,A_mel_mkref_out,False,39842
LOC100578101,LOC100578101,Gene Expression,A_mel_mkref_out,False,2422
LOC113219129,LOC113219129,Gene Expression,A_mel_mkref_out,False,76
LOC100576421,LOC100576421,Gene Expression,A_mel_mkref_out,False,61359
LOC411811,LOC411811,Gene Expression,A_mel_mkref_out,False,8940
LOC102656717,LOC102656717,Gene Expression,A_mel_mkref_out,False,75
LOC100578759,LOC100578759,Gene Expression,A_mel_mkref_out,False,374
LOC408335,LOC408335,Gene Expression,A_mel_mkref_out,False,56365
LOC410352,LOC410352,Gene Expression,A_mel_mkref_out,False,30889
LOC412108,LOC412108,Gene Expression,A_mel_mkref_out,False,77165
LOC727303,LOC727303,Gene Expression,A_mel_mkref_out,False,6896
LOC551500,LOC551500,Gene Expression,A_mel_mkref_out,False,24589
LOC410272,LOC410272,Gene Expression,A_mel_mkref_out,False,24145
LOC413310,LOC413310,Gene Expression,A_mel_mkref_out,False,42460
LOC102656737,LOC102656737,Gene Expression,A_mel_mkref_out,False,963
LOC725887,LOC725887,Gene Expression,A_mel_mkref_out,False,17768
LOC102656725,LOC102656725,Gene Expression,A_mel_mkref_out,False,12847
LOC552282,LOC552282,Gene Expression,A_mel_mkref_out,False,47648
LOC411364,LOC411364,Gene Expression,A_mel_mkref_out,False,15690
LOC113219113,LOC113219113,Gene Expression,A_mel_mkref_out,False,215
LOC409765,LOC409765,Gene Expression,A_mel_mkref_out,False,10882
LOC726904,LOC726904,Gene Expression,A_mel_mkref_out,False,8764
LOC551683,LOC551683,Gene Expression,A_mel_mkref_out,False,19829
LOC552468,LOC552468,Gene Expression,A_mel_mkref_out,False,72094
LOC107965179,LOC107965179,Gene Expression,A_mel_mkref_out,False,19159
LOC412422,LOC412422,Gene Expression,A_mel_mkref_out,False,32706
LOC412236,LOC412236,Gene Expression,A_mel_mkref_out,False,15295
Y-h,GeneID_724153,Gene Expression,A_mel_mkref_out,False,111
LOC552254,LOC552254,Gene Expression,A_mel_mkref_out,False,28243
NFRKB,GeneID_726946FRKB,Gene Expression,A_mel_mkref_out,False,46056
LOC100578375,LOC100578375,Gene Expression,A_mel_mkref_out,False,2624
LOC413427,LOC413427,Gene Expression,A_mel_mkref_out,False,50722
LOC107965272,LOC107965272,Gene Expression,A_mel_mkref_out,False,3866
LOC725351,LOC725351,Gene Expression,A_mel_mkref_out,False,2813
LOC551211,LOC551211,Gene Expression,A_mel_mkref_out,False,36941
LOC724361,LOC724361,Gene Expression,A_mel_mkref_out,False,15474
LOC412832,LOC412832,Gene Expression,A_mel_mkref_out,False,19196
LOC113219078,LOC113219078,Gene Expression,A_mel_mkref_out,False,35
LOC100578332,LOC100578332,Gene Expression,A_mel_mkref_out,False,49958
LOC107965158,LOC107965158,Gene Expression,A_mel_mkref_out,False,232
LOC113219122,LOC113219122,Gene Expression,A_mel_mkref_out,False,83
LOC551493,LOC551493,Gene Expression,A_mel_mkref_out,False,24679
LOC408365,LOC408365,Gene Expression,A_mel_mkref_out,False,512
LOC113219141,LOC113219141,Gene Expression,A_mel_mkref_out,False,3353
LOC412247,LOC412247,Gene Expression,A_mel_mkref_out,False,5005
LOC724878,LOC724878,Gene Expression,A_mel_mkref_out,False,21747
LOC100576289,LOC100576289,Gene Expression,A_mel_mkref_out,False,28792
Mrjp7,GeneID_409555,Gene Expression,A_mel_mkref_out,False,305
LOC412663,LOC412663,Gene Expression,A_mel_mkref_out,False,5561
LOC551483,LOC551483,Gene Expression,A_mel_mkref_out,False,24207
LOC102654106,LOC102654106,Gene Expression,A_mel_mkref_out,False,96
LOC408343,LOC408343,Gene Expression,A_mel_mkref_out,False,88429
LOC413833,LOC413833,Gene Expression,A_mel_mkref_out,False,236
LOC102654282,LOC102654282,Gene Expression,A_mel_mkref_out,False,19434
LOC726151,LOC726151,Gene Expression,A_mel_mkref_out,False,14006
LOC552557,LOC552557,Gene Expression,A_mel_mkref_out,False,7497
LOC410338,LOC410338,Gene Expression,A_mel_mkref_out,False,13279
LOC551140,LOC551140,Gene Expression,A_mel_mkref_out,False,31114
LOC727234,LOC727234,Gene Expression,A_mel_mkref_out,False,14270
LOC409265,LOC409265,Gene Expression,A_mel_mkref_out,False,13486
LOC726455,LOC726455,Gene Expression,A_mel_mkref_out,False,2044
LOC724942,LOC724942,Gene Expression,A_mel_mkref_out,False,56664
LOC409393,LOC409393,Gene Expression,A_mel_mkref_out,False,38837
LOC551276,LOC551276,Gene Expression,A_mel_mkref_out,False,27416
LOC100578540,LOC100578540,Gene Expression,A_mel_mkref_out,False,5272
Mrjp2,GeneID_406091,Gene Expression,A_mel_mkref_out,False,411
LOC409762,LOC409762,Gene Expression,A_mel_mkref_out,False,9837
LOC107965169,LOC107965169,Gene Expression,A_mel_mkref_out,False,1812
LOC113219091,LOC113219091,Gene Expression,A_mel_mkref_out,False,8909
LOC725289,LOC725289,Gene Expression,A_mel_mkref_out,False,7367
LOC725540,LOC725540,Gene Expression,A_mel_mkref_out,False,9300
LOC725781,LOC725781,Gene Expression,A_mel_mkref_out,False,29190
LOC552759,LOC552759,Gene Expression,A_mel_mkref_out,False,23690
LOC102656305,LOC102656305,Gene Expression,A_mel_mkref_out,False,771
LOC410323,LOC410323,Gene Expression,A_mel_mkref_out,False,4362
LOC726800,LOC726800,Gene Expression,A_mel_mkref_out,False,9773
LOC102654041,LOC102654041,Gene Expression,A_mel_mkref_out,False,4847
LOC411483,LOC411483,Gene Expression,A_mel_mkref_out,False,28703
LOC113219121,LOC113219121,Gene Expression,A_mel_mkref_out,False,16006
LOC552313,LOC552313,Gene Expression,A_mel_mkref_out,False,1026
LOC724756,LOC724756,Gene Expression,A_mel_mkref_out,False,12092
LOC550987,LOC550987,Gene Expression,A_mel_mkref_out,False,9519
LOC102656228,LOC102656228,Gene Expression,A_mel_mkref_out,False,102
LOC102656859,LOC102656859,Gene Expression,A_mel_mkref_out,False,46
LOC410258,LOC410258,Gene Expression,A_mel_mkref_out,False,22996
LOC725069,LOC725069,Gene Expression,A_mel_mkref_out,False,1092
LOC725780,LOC725780,Gene Expression,A_mel_mkref_out,False,25008
LOC412046,LOC412046,Gene Expression,A_mel_mkref_out,False,72773
LOC725580,LOC725580,Gene Expression,A_mel_mkref_out,False,13525
LOC410317,LOC410317,Gene Expression,A_mel_mkref_out,False,63590
LOC551838,LOC551838,Gene Expression,A_mel_mkref_out,False,30277
LOC552833,LOC552833,Gene Expression,A_mel_mkref_out,False,26314
LOC412423,LOC412423,Gene Expression,A_mel_mkref_out,False,26999
LOC102655574,LOC102655574,Gene Expression,A_mel_mkref_out,False,916
LOC107965175,LOC107965175,Gene Expression,A_mel_mkref_out,False,927
LOC551668,LOC551668,Gene Expression,A_mel_mkref_out,False,34800
LOC408368,LOC408368,Gene Expression,A_mel_mkref_out,False,9428
LOC551735,LOC551735,Gene Expression,A_mel_mkref_out,False,42604
LOC411863,LOC411863,Gene Expression,A_mel_mkref_out,False,10233
LOC107965219,LOC107965219,Gene Expression,A_mel_mkref_out,False,1596
LOC727037,LOC727037,Gene Expression,A_mel_mkref_out,False,328
LOC408321,LOC408321,Gene Expression,A_mel_mkref_out,False,14006
LOC727012,LOC727012,Gene Expression,A_mel_mkref_out,False,14644
LOC411602,LOC411602,Gene Expression,A_mel_mkref_out,False,6751
LOC727424,LOC727424,Gene Expression,A_mel_mkref_out,False,11469
LOC102656166,LOC102656166,Gene Expression,A_mel_mkref_out,False,22330
LOC413668,LOC413668,Gene Expression,A_mel_mkref_out,False,21062
LOC107965795,LOC107965795,Gene Expression,A_mel_mkref_out,False,2587
LOC100576186,LOC100576186,Gene Expression,A_mel_mkref_out,False,1475
LOC102655046,LOC102655046,Gene Expression,A_mel_mkref_out,False,2969
LOC408339,LOC408339,Gene Expression,A_mel_mkref_out,False,57073
LOC410375,LOC410375,Gene Expression,A_mel_mkref_out,False,32961
LOC726522,LOC726522,Gene Expression,A_mel_mkref_out,False,5467
LOC412172,LOC412172,Gene Expression,A_mel_mkref_out,False,11271
LOC725051,LOC725051,Gene Expression,A_mel_mkref_out,False,1600
LOC551454,LOC551454,Gene Expression,A_mel_mkref_out,False,25542
LOC100577504,LOC100577504,Gene Expression,A_mel_mkref_out,False,725
LOC552680,LOC552680,Gene Expression,A_mel_mkref_out,False,12772
LOC410319,LOC410319,Gene Expression,A_mel_mkref_out,False,16876
LOC100577809,LOC100577809,Gene Expression,A_mel_mkref_out,False,871
LOC727222,LOC727222,Gene Expression,A_mel_mkref_out,False,19039
LOC410274,LOC410274,Gene Expression,A_mel_mkref_out,False,41367
LOC410331,LOC410331,Gene Expression,A_mel_mkref_out,False,19988
LOC411718,LOC411718,Gene Expression,A_mel_mkref_out,False,8096
LOC412277,LOC412277,Gene Expression,A_mel_mkref_out,False,35493
LOC726432,LOC726432,Gene Expression,A_mel_mkref_out,False,39891
LOC113219118,LOC113219118,Gene Expression,A_mel_mkref_out,False,34700
LOC107965171,LOC107965171,Gene Expression,A_mel_mkref_out,False,3162
LOC551795,LOC551795,Gene Expression,A_mel_mkref_out,False,12869
LOC412278,LOC412278,Gene Expression,A_mel_mkref_out,False,32629
LOC113219126,LOC113219126,Gene Expression,A_mel_mkref_out,False,421
LOC413657,LOC413657,Gene Expression,A_mel_mkref_out,False,26814
LOC727405,LOC727405,Gene Expression,A_mel_mkref_out,False,14883
LOC107965189,LOC107965189,Gene Expression,A_mel_mkref_out,False,64
LOC550794,LOC550794,Gene Expression,A_mel_mkref_out,False,24777
LOC408333,LOC408333,Gene Expression,A_mel_mkref_out,False,52875
LOC100577845,LOC100577845,Gene Expression,A_mel_mkref_out,False,2743
LOC552407,LOC552407,Gene Expression,A_mel_mkref_out,False,19859
LOC409475,LOC409475,Gene Expression,A_mel_mkref_out,False,22087
LOC412842,LOC412842,Gene Expression,A_mel_mkref_out,False,9999
LOC552799,LOC552799,Gene Expression,A_mel_mkref_out,False,2583
LOC409956,LOC409956,Gene Expression,A_mel_mkref_out,False,72191
LOC726443,LOC726443,Gene Expression,A_mel_mkref_out,False,11159
LOC409171,LOC409171,Gene Expression,A_mel_mkref_out,False,18316
LOC411505,LOC411505,Gene Expression,A_mel_mkref_out,False,17848
LOC409978,LOC409978,Gene Expression,A_mel_mkref_out,False,16534
LOC409332,LOC409332,Gene Expression,A_mel_mkref_out,False,65259
LOC410296,LOC410296,Gene Expression,A_mel_mkref_out,False,2002
LOC100578002,LOC100578002,Gene Expression,A_mel_mkref_out,False,4487
LOC100578976,LOC100578976,Gene Expression,A_mel_mkref_out,False,7582
LOC408346,LOC408346,Gene Expression,A_mel_mkref_out,False,25558
LOC113219077,LOC113219077,Gene Expression,A_mel_mkref_out,False,492
LOC102656488,LOC102656488,Gene Expression,A_mel_mkref_out,False,6216
LOC100578438,LOC100578438,Gene Expression,A_mel_mkref_out,False,849
LOC100578697,LOC100578697,Gene Expression,A_mel_mkref_out,False,16083
LOC552700,LOC552700,Gene Expression,A_mel_mkref_out,False,34634
LOC100576989,LOC100576989,Gene Expression,A_mel_mkref_out,False,5529
LOC725390,LOC725390,Gene Expression,A_mel_mkref_out,False,10918
LOC408355,LOC408355,Gene Expression,A_mel_mkref_out,False,20320
Or98,GeneID_100577371,Gene Expression,A_mel_mkref_out,False,182
LOC413261,LOC413261,Gene Expression,A_mel_mkref_out,False,7665
LOC107965262,LOC107965262,Gene Expression,A_mel_mkref_out,False,7846
LOC551148,LOC551148,Gene Expression,A_mel_mkref_out,False,20210
LOC100577060,LOC100577060,Gene Expression,A_mel_mkref_out,False,8977
Hex110,GeneID_551648,Gene Expression,A_mel_mkref_out,False,3823
LOC724799,LOC724799,Gene Expression,A_mel_mkref_out,False,43255
LOC107965211,LOC107965211,Gene Expression,A_mel_mkref_out,False,6373
LOC413934,LOC413934,Gene Expression,A_mel_mkref_out,False,1847
LOC409784,LOC409784,Gene Expression,A_mel_mkref_out,False,26578
LOC410295,LOC410295,Gene Expression,A_mel_mkref_out,False,1516
LOC102656336,LOC102656336,Gene Expression,A_mel_mkref_out,False,2191
LOC408327,LOC408327,Gene Expression,A_mel_mkref_out,False,30936
LOC413054,LOC413054,Gene Expression,A_mel_mkref_out,False,5753
LOC102655564,LOC102655564,Gene Expression,A_mel_mkref_out,False,1246
LOC113219068,LOC113219068,Gene Expression,A_mel_mkref_out,False,273
LOC100578723,LOC100578723,Gene Expression,A_mel_mkref_out,False,13817
mGlutR1,GeneID_406151,Gene Expression,A_mel_mkref_out,False,40954
LOC100576773,LOC100576773,Gene Expression,A_mel_mkref_out,False,141
LOC413097,LOC413097,Gene Expression,A_mel_mkref_out,False,4807
LOC725750,LOC725750,Gene Expression,A_mel_mkref_out,False,54581
LOC409494,LOC409494,Gene Expression,A_mel_mkref_out,False,4762
LOC552683,LOC552683,Gene Expression,A_mel_mkref_out,False,12445
LOC410318,LOC410318,Gene Expression,A_mel_mkref_out,False,419
LOC100576392,LOC100576392,Gene Expression,A_mel_mkref_out,False,37074
LOC107965146,LOC107965146,Gene Expression,A_mel_mkref_out,False,924
LOC724460,LOC724460,Gene Expression,A_mel_mkref_out,False,49184
LOC413344,LOC413344,Gene Expression,A_mel_mkref_out,False,12194
LOC100578943,LOC100578943,Gene Expression,A_mel_mkref_out,False,10826
LOC102656136,LOC102656136,Gene Expression,A_mel_mkref_out,False,18594
LOC107965235,LOC107965235,Gene Expression,A_mel_mkref_out,False,78
LOC408317,LOC408317,Gene Expression,A_mel_mkref_out,False,2574
LOC107965150,LOC107965150,Gene Expression,A_mel_mkref_out,False,1132
LOC409329,LOC409329,Gene Expression,A_mel_mkref_out,False,16455
LOC552375,LOC552375,Gene Expression,A_mel_mkref_out,False,44051
LOC107965228,LOC107965228,Gene Expression,A_mel_mkref_out,False,431
LOC410348,LOC410348,Gene Expression,A_mel_mkref_out,False,22693
LOC726770,LOC726770,Gene Expression,A_mel_mkref_out,False,53361
LOC413827,LOC413827,Gene Expression,A_mel_mkref_out,False,14870
LOC113219108,LOC113219108,Gene Expression,A_mel_mkref_out,False,483
LOC552838,LOC552838,Gene Expression,A_mel_mkref_out,False,9532
LOC100578089,LOC100578089,Gene Expression,A_mel_mkref_out,False,14702
LOC102656796,LOC102656796,Gene Expression,A_mel_mkref_out,False,81025
LOC725727,LOC725727,Gene Expression,A_mel_mkref_out,False,16646
LOC102654329,LOC102654329,Gene Expression,A_mel_mkref_out,False,1078
LOC412375,LOC412375,Gene Expression,A_mel_mkref_out,False,20594
LOC408314,LOC408314,Gene Expression,A_mel_mkref_out,False,12097
LOC725687,LOC725687,Gene Expression,A_mel_mkref_out,False,26651
LOC726861,LOC726861,Gene Expression,A_mel_mkref_out,False,2630
LOC100577344,LOC100577344,Gene Expression,A_mel_mkref_out,False,7730
LOC413822,LOC413822,Gene Expression,A_mel_mkref_out,False,24896
LOC552744,LOC552744,Gene Expression,A_mel_mkref_out,False,43371
LOC410337,LOC410337,Gene Expression,A_mel_mkref_out,False,968
LOC550926,LOC550926,Gene Expression,A_mel_mkref_out,False,17421
LOC413906,LOC413906,Gene Expression,A_mel_mkref_out,False,19857
LOC100576660,LOC100576660,Gene Expression,A_mel_mkref_out,False,19327
LOC726294,LOC726294,Gene Expression,A_mel_mkref_out,False,14650
LOC107965225,LOC107965225,Gene Expression,A_mel_mkref_out,False,5110
LOC107963968,LOC107963968,Gene Expression,A_mel_mkref_out,False,20100
LOC552779,LOC552779,Gene Expression,A_mel_mkref_out,False,12924
LOC724154,LOC724154,Gene Expression,A_mel_mkref_out,False,17882
Ip3k,GeneID_409943,Gene Expression,A_mel_mkref_out,False,25071
LOC551379,LOC551379,Gene Expression,A_mel_mkref_out,False,32455
LOC102656805,LOC102656805,Gene Expression,A_mel_mkref_out,False,131
Mrjp6,GeneID_406149,Gene Expression,A_mel_mkref_out,False,55
LOC725050,LOC725050,Gene Expression,A_mel_mkref_out,False,4432
LOC410256,LOC410256,Gene Expression,A_mel_mkref_out,False,20725
LOC100577073,LOC100577073,Gene Expression,A_mel_mkref_out,False,3059
LOC726875,LOC726875,Gene Expression,A_mel_mkref_out,False,26994
LOC107965291,LOC107965291,Gene Expression,A_mel_mkref_out,False,42
LOC107965243,LOC107965243,Gene Expression,A_mel_mkref_out,False,177
LOC107965218,LOC107965218,Gene Expression,A_mel_mkref_out,False,7133
LOC413109,LOC413109,Gene Expression,A_mel_mkref_out,False,1950
LOC727593,LOC727593,Gene Expression,A_mel_mkref_out,False,1089
LOC413543,LOC413543,Gene Expression,A_mel_mkref_out,False,332
LOC113219076,LOC113219076,Gene Expression,A_mel_mkref_out,False,6156
LOC107963960,LOC107963960,Gene Expression,A_mel_mkref_out,False,31476
LOC100576609,LOC100576609,Gene Expression,A_mel_mkref_out,False,147
LOC413144,LOC413144,Gene Expression,A_mel_mkref_out,False,6801
LOC551146,LOC551146,Gene Expression,A_mel_mkref_out,False,70073
RpL32,GeneID_406099,Gene Expression,A_mel_mkref_out,False,30414
LOC100576299,LOC100576299,Gene Expression,A_mel_mkref_out,False,2700
LOC726564,LOC726564,Gene Expression,A_mel_mkref_out,False,4305
LOC409841,LOC409841,Gene Expression,A_mel_mkref_out,False,28391
LOC100577455,LOC100577455,Gene Expression,A_mel_mkref_out,False,11173
LOC413260,LOC413260,Gene Expression,A_mel_mkref_out,False,5605
LOC724322,LOC724322,Gene Expression,A_mel_mkref_out,False,28098
LOC107964020,LOC107964020,Gene Expression,A_mel_mkref_out,False,1570
LOC107965192,LOC107965192,Gene Expression,A_mel_mkref_out,False,18248
LOC102654017,LOC102654017,Gene Expression,A_mel_mkref_out,False,2290
LOC100577537,LOC100577537,Gene Expression,A_mel_mkref_out,False,103
LOC725952,LOC725952,Gene Expression,A_mel_mkref_out,False,1051
LOC100577520,LOC100577520,Gene Expression,A_mel_mkref_out,False,12331
LOC102656071,LOC102656071,Gene Expression,A_mel_mkref_out,False,200
LOC727502,LOC727502,Gene Expression,A_mel_mkref_out,False,12022
LOC102655983,LOC102655983,Gene Expression,A_mel_mkref_out,False,4873
LOC100576717,LOC100576717,Gene Expression,A_mel_mkref_out,False,37925
LOC100578939,LOC100578939,Gene Expression,A_mel_mkref_out,False,23466
LOC726274,LOC726274,Gene Expression,A_mel_mkref_out,False,186
LOC724286,LOC724286,Gene Expression,A_mel_mkref_out,False,837
LOC100576557,LOC100576557,Gene Expression,A_mel_mkref_out,False,3855
LOC408331,LOC408331,Gene Expression,A_mel_mkref_out,False,75784
CPR2,GeneID_727197,Gene Expression,A_mel_mkref_out,False,52
LOC100576080,LOC100576080,Gene Expression,A_mel_mkref_out,False,437
LOC410290,LOC410290,Gene Expression,A_mel_mkref_out,False,8570
LOC724580,LOC724580,Gene Expression,A_mel_mkref_out,False,193
LOC102653665,LOC102653665,Gene Expression,A_mel_mkref_out,False,63
LOC552695,LOC552695,Gene Expression,A_mel_mkref_out,False,9517
LOC100578739,LOC100578739,Gene Expression,A_mel_mkref_out,False,64842
LOC412154,LOC412154,Gene Expression,A_mel_mkref_out,False,35950
LOC411433,LOC411433,Gene Expression,A_mel_mkref_out,False,20168
LOC552804,LOC552804,Gene Expression,A_mel_mkref_out,False,37916
LOC552309,LOC552309,Gene Expression,A_mel_mkref_out,False,59501
LOC100578709,LOC100578709,Gene Expression,A_mel_mkref_out,False,22805
LOC408322,LOC408322,Gene Expression,A_mel_mkref_out,False,40189
LOC725316,LOC725316,Gene Expression,A_mel_mkref_out,False,5154
LOC550884,LOC550884,Gene Expression,A_mel_mkref_out,False,6387
LOC102654628,LOC102654628,Gene Expression,A_mel_mkref_out,False,8938
LOC409595,LOC409595,Gene Expression,A_mel_mkref_out,False,8185
LOC102654700,LOC102654700,Gene Expression,A_mel_mkref_out,False,15663
LOC726579,LOC726579,Gene Expression,A_mel_mkref_out,False,16669
LOC102655203,LOC102655203,Gene Expression,A_mel_mkref_out,False,13250
LOC102653972,LOC102653972,Gene Expression,A_mel_mkref_out,False,5229
LOC410343,LOC410343,Gene Expression,A_mel_mkref_out,False,8648
LOC410341,LOC410341,Gene Expression,A_mel_mkref_out,False,66675
LOC100576744,LOC100576744,Gene Expression,A_mel_mkref_out,False,11808
LOC724622,LOC724622,Gene Expression,A_mel_mkref_out,False,15852
LOC102654166,LOC102654166,Gene Expression,A_mel_mkref_out,False,34664
LOC102655536,LOC102655536,Gene Expression,A_mel_mkref_out,False,716
LOC410328,LOC410328,Gene Expression,A_mel_mkref_out,False,11332
LOC409476,LOC409476,Gene Expression,A_mel_mkref_out,False,36946
LOC410297,LOC410297,Gene Expression,A_mel_mkref_out,False,6293
LOC408324,LOC408324,Gene Expression,A_mel_mkref_out,False,36231
LOC100578159,LOC100578159,Gene Expression,A_mel_mkref_out,False,42234
LOC551113,LOC551113,Gene Expression,A_mel_mkref_out,False,37320
LOC107965265,LOC107965265,Gene Expression,A_mel_mkref_out,False,125
LOC411795,LOC411795,Gene Expression,A_mel_mkref_out,False,16148
LOC725244,LOC725244,Gene Expression,A_mel_mkref_out,False,18213
LOC412536,LOC412536,Gene Expression,A_mel_mkref_out,False,12859
LOC102656252,LOC102656252,Gene Expression,A_mel_mkref_out,False,557
LOC100577914,LOC100577914,Gene Expression,A_mel_mkref_out,False,71
LOC727290,LOC727290,Gene Expression,A_mel_mkref_out,False,1703
LOC102655688,LOC102655688,Gene Expression,A_mel_mkref_out,False,8070
LOC724877,LOC724877,Gene Expression,A_mel_mkref_out,False,12900
LOC113219114,LOC113219114,Gene Expression,A_mel_mkref_out,False,19130
LOC102656667,LOC102656667,Gene Expression,A_mel_mkref_out,False,2154
LOC551114,LOC551114,Gene Expression,A_mel_mkref_out,False,16957
LOC409870,LOC409870,Gene Expression,A_mel_mkref_out,False,20856
LOC100579022,LOC100579022,Gene Expression,A_mel_mkref_out,False,73
LOC102653574,LOC102653574,Gene Expression,A_mel_mkref_out,False,40
LOC102654272,LOC102654272,Gene Expression,A_mel_mkref_out,False,746
LOC726903,LOC726903,Gene Expression,A_mel_mkref_out,False,31771
LOC410262,LOC410262,Gene Expression,A_mel_mkref_out,False,24298
LOC726923,LOC726923,Gene Expression,A_mel_mkref_out,False,15349
LOC550701,LOC550701,Gene Expression,A_mel_mkref_out,False,18102
LOC100577041,LOC100577041,Gene Expression,A_mel_mkref_out,False,237
LOC409280,LOC409280,Gene Expression,A_mel_mkref_out,False,17556
LOC551324,LOC551324,Gene Expression,A_mel_mkref_out,False,9373
LOC552619,LOC552619,Gene Expression,A_mel_mkref_out,False,83233
LOC100577699,LOC100577699,Gene Expression,A_mel_mkref_out,False,418
LOC100578061,LOC100578061,Gene Expression,A_mel_mkref_out,False,325
LOC409919,LOC409919,Gene Expression,A_mel_mkref_out,False,20546
LOC724768,LOC724768,Gene Expression,A_mel_mkref_out,False,1531
LOC724736,LOC724736,Gene Expression,A_mel_mkref_out,False,63340
LOC100578586,LOC100578586,Gene Expression,A_mel_mkref_out,False,6009
LOC100577995,LOC100577995,Gene Expression,A_mel_mkref_out,False,71305
LOC410878,LOC410878,Gene Expression,A_mel_mkref_out,False,556
LOC726570,LOC726570,Gene Expression,A_mel_mkref_out,False,37523
LOC726461,LOC726461,Gene Expression,A_mel_mkref_out,False,76450
LOC107964086,LOC107964086,Gene Expression,A_mel_mkref_out,False,1237
LOC725357,LOC725357,Gene Expression,A_mel_mkref_out,False,10620
LOC107966088,LOC107966088,Gene Expression,A_mel_mkref_out,False,3541
LOC409087,LOC409087,Gene Expression,A_mel_mkref_out,False,33200
LOC100577749,LOC100577749,Gene Expression,A_mel_mkref_out,False,1494
LOC409430,LOC409430,Gene Expression,A_mel_mkref_out,False,33094
LOC724665,LOC724665,Gene Expression,A_mel_mkref_out,False,26584
LOC726097,LOC726097,Gene Expression,A_mel_mkref_out,False,2165
LOC100578170,LOC100578170,Gene Expression,A_mel_mkref_out,False,13352
LOC727168,LOC727168,Gene Expression,A_mel_mkref_out,False,23478
LOC107966112,LOC107966112,Gene Expression,A_mel_mkref_out,False,3074
LOC411906,LOC411906,Gene Expression,A_mel_mkref_out,False,35011
LOC102654200,LOC102654200,Gene Expression,A_mel_mkref_out,False,48937
LOC552202,LOC552202,Gene Expression,A_mel_mkref_out,False,1434
LOC100578429,LOC100578429,Gene Expression,A_mel_mkref_out,False,22051
LOC725588,LOC725588,Gene Expression,A_mel_mkref_out,False,2381
LOC100578484,LOC100578484,Gene Expression,A_mel_mkref_out,False,213
LOC100577605,LOC100577605,Gene Expression,A_mel_mkref_out,False,68
LOC552075,LOC552075,Gene Expression,A_mel_mkref_out,False,35135
LOC408716,LOC408716,Gene Expression,A_mel_mkref_out,False,81565
LOC724852,LOC724852,Gene Expression,A_mel_mkref_out,False,35289
LOC408694,LOC408694,Gene Expression,A_mel_mkref_out,False,37050
LOC113218598,LOC113218598,Gene Expression,A_mel_mkref_out,False,7974
LOC408702,LOC408702,Gene Expression,A_mel_mkref_out,False,8861
LOC413351,LOC413351,Gene Expression,A_mel_mkref_out,False,13330
LOC726987,LOC726987,Gene Expression,A_mel_mkref_out,False,886
LOC725144,LOC725144,Gene Expression,A_mel_mkref_out,False,30550
LOC410796,LOC410796,Gene Expression,A_mel_mkref_out,False,46543
LOC409322,LOC409322,Gene Expression,A_mel_mkref_out,False,54640
LOC413186,LOC413186,Gene Expression,A_mel_mkref_out,False,22589
LOC411763,LOC411763,Gene Expression,A_mel_mkref_out,False,9702
LOC725826,LOC725826,Gene Expression,A_mel_mkref_out,False,25396
LOC551849,LOC551849,Gene Expression,A_mel_mkref_out,False,2294
LOC552101,LOC552101,Gene Expression,A_mel_mkref_out,False,33951
LOC552365,LOC552365,Gene Expression,A_mel_mkref_out,False,24274
LOC102654074,LOC102654074,Gene Expression,A_mel_mkref_out,False,251
LOC102654085,LOC102654085,Gene Expression,A_mel_mkref_out,False,746
LOC409235,LOC409235,Gene Expression,A_mel_mkref_out,False,2142
LOC412315,LOC412315,Gene Expression,A_mel_mkref_out,False,15872
LOC550739,LOC550739,Gene Expression,A_mel_mkref_out,False,17228
LOC410851,LOC410851,Gene Expression,A_mel_mkref_out,False,9304
LOC725861,LOC725861,Gene Expression,A_mel_mkref_out,False,1019
LOC113218599,LOC113218599,Gene Expression,A_mel_mkref_out,False,665
LOC100576706,LOC100576706,Gene Expression,A_mel_mkref_out,False,10062
LOC410806,LOC410806,Gene Expression,A_mel_mkref_out,False,23395
LOC724851,LOC724851,Gene Expression,A_mel_mkref_out,False,38382
LOC413208,LOC413208,Gene Expression,A_mel_mkref_out,False,20042
LOC550804,LOC550804,Gene Expression,A_mel_mkref_out,False,6023
LOC727300,LOC727300,Gene Expression,A_mel_mkref_out,False,9044
LOC113219424,LOC113219424,Gene Expression,A_mel_mkref_out,False,1107
LOC408690,LOC408690,Gene Expression,A_mel_mkref_out,False,20949
LOC552277,LOC552277,Gene Expression,A_mel_mkref_out,False,468
LOC100577719,LOC100577719,Gene Expression,A_mel_mkref_out,False,8737
LOC551632,LOC551632,Gene Expression,A_mel_mkref_out,False,178
Or5,GeneID_100578210,Gene Expression,A_mel_mkref_out,False,438
LOC727534,LOC727534,Gene Expression,A_mel_mkref_out,False,16008
LOC410889,LOC410889,Gene Expression,A_mel_mkref_out,False,18030
LOC412009,LOC412009,Gene Expression,A_mel_mkref_out,False,14952
LOC113218607,LOC113218607,Gene Expression,A_mel_mkref_out,False,839
LOC408661,LOC408661,Gene Expression,A_mel_mkref_out,False,72839
LOC550663,LOC550663,Gene Expression,A_mel_mkref_out,False,47559
LOC412853,LOC412853,Gene Expression,A_mel_mkref_out,False,55745
LOC551905,LOC551905,Gene Expression,A_mel_mkref_out,False,1577
LOC552074,LOC552074,Gene Expression,A_mel_mkref_out,False,39183
LOC411348,LOC411348,Gene Expression,A_mel_mkref_out,False,47215
LOC102653637,LOC102653637,Gene Expression,A_mel_mkref_out,False,3990
LOC725376,LOC725376,Gene Expression,A_mel_mkref_out,False,26700
LOC100576896,LOC100576896,Gene Expression,A_mel_mkref_out,False,70964
LOC410852,LOC410852,Gene Expression,A_mel_mkref_out,False,84796
LOC726187,LOC726187,Gene Expression,A_mel_mkref_out,False,41601
LOC102656798,LOC102656798,Gene Expression,A_mel_mkref_out,False,3713
Or26,GeneID_100642168,Gene Expression,A_mel_mkref_out,False,703
LOC726009,LOC726009,Gene Expression,A_mel_mkref_out,False,11007
LOC102656232,LOC102656232,Gene Expression,A_mel_mkref_out,False,138
LOC408715,LOC408715,Gene Expression,A_mel_mkref_out,False,43327
LOC552105,LOC552105,Gene Expression,A_mel_mkref_out,False,18226
LOC100578514,LOC100578514,Gene Expression,A_mel_mkref_out,False,215
LOC107966099,LOC107966099,Gene Expression,A_mel_mkref_out,False,3829
LOC726332,LOC726332,Gene Expression,A_mel_mkref_out,False,3422
LOC409192,LOC409192,Gene Expression,A_mel_mkref_out,False,42327
LOC408648,LOC408648,Gene Expression,A_mel_mkref_out,False,18750
LOC100576862,LOC100576862,Gene Expression,A_mel_mkref_out,False,43851
LOC113218520,LOC113218520,Gene Expression,A_mel_mkref_out,False,1271
LOC725164,LOC725164,Gene Expression,A_mel_mkref_out,False,41920
LOC100578885,LOC100578885,Gene Expression,A_mel_mkref_out,False,73692
LOC410891,LOC410891,Gene Expression,A_mel_mkref_out,False,31893
LOC100578084,LOC100578084,Gene Expression,A_mel_mkref_out,False,272
LOC550664,LOC550664,Gene Expression,A_mel_mkref_out,False,12240
LOC100578507,LOC100578507,Gene Expression,A_mel_mkref_out,False,9781
LOC100578436,LOC100578436,Gene Expression,A_mel_mkref_out,False,29495
LOC100578478,LOC100578478,Gene Expression,A_mel_mkref_out,False,362
LOC413147,LOC413147,Gene Expression,A_mel_mkref_out,False,39872
LOC113218553,LOC113218553,Gene Expression,A_mel_mkref_out,False,1460
LOC100578420,LOC100578420,Gene Expression,A_mel_mkref_out,False,3561
LOC726292,LOC726292,Gene Expression,A_mel_mkref_out,False,769
LOC409820,LOC409820,Gene Expression,A_mel_mkref_out,False,20564
LOC100576816,LOC100576816,Gene Expression,A_mel_mkref_out,False,961
LOC411766,LOC411766,Gene Expression,A_mel_mkref_out,False,16838
LOC724716,LOC724716,Gene Expression,A_mel_mkref_out,False,10945
LOC551273,LOC551273,Gene Expression,A_mel_mkref_out,False,12824
LOC410870,LOC410870,Gene Expression,A_mel_mkref_out,False,34294
LOC102656585,LOC102656585,Gene Expression,A_mel_mkref_out,False,22057
LOC726589,LOC726589,Gene Expression,A_mel_mkref_out,False,32288
LOC100576284,LOC100576284,Gene Expression,A_mel_mkref_out,False,535
LOC413207,LOC413207,Gene Expression,A_mel_mkref_out,False,9298
LOC726793,LOC726793,Gene Expression,A_mel_mkref_out,False,1007
Or56,GeneID_100642172,Gene Expression,A_mel_mkref_out,False,1019
LOC726583,LOC726583,Gene Expression,A_mel_mkref_out,False,17252
LOC100576783,LOC100576783,Gene Expression,A_mel_mkref_out,False,944
LOC410819,LOC410819,Gene Expression,A_mel_mkref_out,False,82286
LOC102654576,LOC102654576,Gene Expression,A_mel_mkref_out,False,15209
LOC551395,LOC551395,Gene Expression,A_mel_mkref_out,False,7909
LOC113218582,LOC113218582,Gene Expression,A_mel_mkref_out,False,8490
LOC100576174,LOC100576174,Gene Expression,A_mel_mkref_out,False,2323
LOC113218597,LOC113218597,Gene Expression,A_mel_mkref_out,False,8659
LOC113218529,LOC113218529,Gene Expression,A_mel_mkref_out,False,24506
LOC725696,LOC725696,Gene Expression,A_mel_mkref_out,False,35950
LOC107965774,LOC107965774,Gene Expression,A_mel_mkref_out,False,3548
LOC410882,LOC410882,Gene Expression,A_mel_mkref_out,False,25579
LOC102655645,LOC102655645,Gene Expression,A_mel_mkref_out,False,901
LOC410869,LOC410869,Gene Expression,A_mel_mkref_out,False,37022
LOC102654726,LOC102654726,Gene Expression,A_mel_mkref_out,False,343
LOC724162,LOC724162,Gene Expression,A_mel_mkref_out,False,29836
LOC100578899,LOC100578899,Gene Expression,A_mel_mkref_out,False,76878
LOC410844,LOC410844,Gene Expression,A_mel_mkref_out,False,5241
LOC552320,LOC552320,Gene Expression,A_mel_mkref_out,False,305
LOC107966086,LOC107966086,Gene Expression,A_mel_mkref_out,False,675
LOC102656824,LOC102656824,Gene Expression,A_mel_mkref_out,False,41
Obp1,GeneID_406102,Gene Expression,A_mel_mkref_out,False,1773
LOC726679,LOC726679,Gene Expression,A_mel_mkref_out,False,19728
LOC409871,LOC409871,Gene Expression,A_mel_mkref_out,False,25154
LOC100578624,LOC100578624,Gene Expression,A_mel_mkref_out,False,7984
LOC726783,LOC726783,Gene Expression,A_mel_mkref_out,False,201
LOC551290,LOC551290,Gene Expression,A_mel_mkref_out,False,214
LOC408652,LOC408652,Gene Expression,A_mel_mkref_out,False,57085
LOC100578587,LOC100578587,Gene Expression,A_mel_mkref_out,False,216
LOC552483,LOC552483,Gene Expression,A_mel_mkref_out,False,5298
LOC102654452,LOC102654452,Gene Expression,A_mel_mkref_out,False,802
LOC102656130,LOC102656130,Gene Expression,A_mel_mkref_out,False,4075
LOC725530,LOC725530,Gene Expression,A_mel_mkref_out,False,8274
LOC100578537,LOC100578537,Gene Expression,A_mel_mkref_out,False,19780
LOC412132,LOC412132,Gene Expression,A_mel_mkref_out,False,43135
LOC113218600,LOC113218600,Gene Expression,A_mel_mkref_out,False,71165
LOC551687,LOC551687,Gene Expression,A_mel_mkref_out,False,36957
LOC100577598,LOC100577598,Gene Expression,A_mel_mkref_out,False,488
LOC726231,LOC726231,Gene Expression,A_mel_mkref_out,False,63232
LOC100578730,LOC100578730,Gene Expression,A_mel_mkref_out,False,433
LOC107965761,LOC107965761,Gene Expression,A_mel_mkref_out,False,49
LOC552405,LOC552405,Gene Expression,A_mel_mkref_out,False,6258
LOC726303,LOC726303,Gene Expression,A_mel_mkref_out,False,6739
LOC727119,LOC727119,Gene Expression,A_mel_mkref_out,False,18148
LOC113218583,LOC113218583,Gene Expression,A_mel_mkref_out,False,1428
LOC100217360,LOC100217360,Gene Expression,A_mel_mkref_out,False,128
LOC100576847,LOC100576847,Gene Expression,A_mel_mkref_out,False,749
LOC552211,LOC552211,Gene Expression,A_mel_mkref_out,False,14346
LOC113218589,LOC113218589,Gene Expression,A_mel_mkref_out,False,14995
LOC727350,LOC727350,Gene Expression,A_mel_mkref_out,False,16332
LOC410833,LOC410833,Gene Expression,A_mel_mkref_out,False,3538
LOC551535,LOC551535,Gene Expression,A_mel_mkref_out,False,14291
LOC100576118,LOC100576118,Gene Expression,A_mel_mkref_out,False,273
LOC551689,LOC551689,Gene Expression,A_mel_mkref_out,False,18845
LOC726108,LOC726108,Gene Expression,A_mel_mkref_out,False,7805
LOC413279,LOC413279,Gene Expression,A_mel_mkref_out,False,6971
LOC102655624,LOC102655624,Gene Expression,A_mel_mkref_out,False,82
CSP2,GeneID_408658,Gene Expression,A_mel_mkref_out,False,2187
LOC100577827,LOC100577827,Gene Expression,A_mel_mkref_out,False,4827
LOC412330,LOC412330,Gene Expression,A_mel_mkref_out,False,70134
LOC726804,LOC726804,Gene Expression,A_mel_mkref_out,False,71858
LOC551122,LOC551122,Gene Expression,A_mel_mkref_out,False,10477
LOC100576881,LOC100576881,Gene Expression,A_mel_mkref_out,False,858
LOC410875,LOC410875,Gene Expression,A_mel_mkref_out,False,19548
LOC410855,LOC410855,Gene Expression,A_mel_mkref_out,False,12176
LOC725396,LOC725396,Gene Expression,A_mel_mkref_out,False,10996
LOC107966106,LOC107966106,Gene Expression,A_mel_mkref_out,False,1183
LOC551688,LOC551688,Gene Expression,A_mel_mkref_out,False,8314
LOC724554,LOC724554,Gene Expression,A_mel_mkref_out,False,54362
LOC100576949,LOC100576949,Gene Expression,A_mel_mkref_out,False,28
LOC100578468,LOC100578468,Gene Expression,A_mel_mkref_out,False,119
LOC726747,LOC726747,Gene Expression,A_mel_mkref_out,False,21072
LOC107966105,LOC107966105,Gene Expression,A_mel_mkref_out,False,2766
Or30,GeneID_100577786,Gene Expression,A_mel_mkref_out,False,5162
LOC107964045,LOC107964045,Gene Expression,A_mel_mkref_out,False,1613
LOC100578614,LOC100578614,Gene Expression,A_mel_mkref_out,False,688
LOC410804,LOC410804,Gene Expression,A_mel_mkref_out,False,10189
LOC113218586,LOC113218586,Gene Expression,A_mel_mkref_out,False,4883
LOC552044,LOC552044,Gene Expression,A_mel_mkref_out,False,24908
LOC552037,LOC552037,Gene Expression,A_mel_mkref_out,False,5851
LOC725757,LOC725757,Gene Expression,A_mel_mkref_out,False,11298
LOC100578801,LOC100578801,Gene Expression,A_mel_mkref_out,False,510
LOC102655706,LOC102655706,Gene Expression,A_mel_mkref_out,False,69611
LOC724600,LOC724600,Gene Expression,A_mel_mkref_out,False,7677
InR-2,GeneID_725827,Gene Expression,A_mel_mkref_out,False,17939
LOC408664,LOC408664,Gene Expression,A_mel_mkref_out,False,47921
LOC100576403,LOC100576403,Gene Expression,A_mel_mkref_out,False,1420
CPR14,GeneID_724777,Gene Expression,A_mel_mkref_out,False,177
LOC102654678,LOC102654678,Gene Expression,A_mel_mkref_out,False,89
Or4,GeneID_100578402,Gene Expression,A_mel_mkref_out,False,163
LOC725358,LOC725358,Gene Expression,A_mel_mkref_out,False,10550
LOC100578356,LOC100578356,Gene Expression,A_mel_mkref_out,False,10601
LOC102653583,LOC102653583,Gene Expression,A_mel_mkref_out,False,469
LOC410000,LOC410000,Gene Expression,A_mel_mkref_out,False,15398
LOC409236,LOC409236,Gene Expression,A_mel_mkref_out,False,30655
LOC102656639,LOC102656639,Gene Expression,A_mel_mkref_out,False,535
LOC113218533,LOC113218533,Gene Expression,A_mel_mkref_out,False,908
LOC409091,LOC409091,Gene Expression,A_mel_mkref_out,False,12245
LOC107966089,LOC107966089,Gene Expression,A_mel_mkref_out,False,174
LOC409092,LOC409092,Gene Expression,A_mel_mkref_out,False,15671
LOC551563,LOC551563,Gene Expression,A_mel_mkref_out,False,16206
LOC107963989,LOC107963989,Gene Expression,A_mel_mkref_out,False,85
LOC408696,LOC408696,Gene Expression,A_mel_mkref_out,False,4464
Or13,GeneID_100578013,Gene Expression,A_mel_mkref_out,False,166
LOC725758,LOC725758,Gene Expression,A_mel_mkref_out,False,2319
LOC551773,LOC551773,Gene Expression,A_mel_mkref_out,False,21154
LOC725091,LOC725091,Gene Expression,A_mel_mkref_out,False,9399
LOC102655330,LOC102655330,Gene Expression,A_mel_mkref_out,False,1447
LOC113218611,LOC113218611,Gene Expression,A_mel_mkref_out,False,24805
LOC552453,LOC552453,Gene Expression,A_mel_mkref_out,False,732
LOC725295,LOC725295,Gene Expression,A_mel_mkref_out,False,10867
LOC413933,LOC413933,Gene Expression,A_mel_mkref_out,False,18377
LOC412008,LOC412008,Gene Expression,A_mel_mkref_out,False,20979
LOC102656092,LOC102656092,Gene Expression,A_mel_mkref_out,False,856
LOC100577377,LOC100577377,Gene Expression,A_mel_mkref_out,False,353
LOC551255,LOC551255,Gene Expression,A_mel_mkref_out,False,23289
LOC100577139,LOC100577139,Gene Expression,A_mel_mkref_out,False,72167
LOC102653599,LOC102653599,Gene Expression,A_mel_mkref_out,False,99127
LOC409457,LOC409457,Gene Expression,A_mel_mkref_out,False,36607
LOC113219427,LOC113219427,Gene Expression,A_mel_mkref_out,False,6298
LOC102654142,LOC102654142,Gene Expression,A_mel_mkref_out,False,4851
LOC102655088,LOC102655088,Gene Expression,A_mel_mkref_out,False,4070
LOC107964028,LOC107964028,Gene Expression,A_mel_mkref_out,False,3398
Or51,GeneID_100642169,Gene Expression,A_mel_mkref_out,False,493
LOC113219428,LOC113219428,Gene Expression,A_mel_mkref_out,False,1992
LOC725958,LOC725958,Gene Expression,A_mel_mkref_out,False,4001
LOC725491,LOC725491,Gene Expression,A_mel_mkref_out,False,32895
LOC725589,LOC725589,Gene Expression,A_mel_mkref_out,False,4971
LOC724919,LOC724919,Gene Expression,A_mel_mkref_out,False,12703
LOC551330,LOC551330,Gene Expression,A_mel_mkref_out,False,25587
LOC113218584,LOC113218584,Gene Expression,A_mel_mkref_out,False,20076
LOC413787,LOC413787,Gene Expression,A_mel_mkref_out,False,25498
LOC100578119,LOC100578119,Gene Expression,A_mel_mkref_out,False,11706
LOC726438,LOC726438,Gene Expression,A_mel_mkref_out,False,22587
LOC410854,LOC410854,Gene Expression,A_mel_mkref_out,False,16612
SPG11,GeneID_726567,Gene Expression,A_mel_mkref_out,False,22229
LOC410888,LOC410888,Gene Expression,A_mel_mkref_out,False,33867
LOC409151,LOC409151,Gene Expression,A_mel_mkref_out,False,37902
LOC113218612,LOC113218612,Gene Expression,A_mel_mkref_out,False,3502
LOC100577334,LOC100577334,Gene Expression,A_mel_mkref_out,False,3386
Or58,GeneID_100578520,Gene Expression,A_mel_mkref_out,False,597
LOC410857,LOC410857,Gene Expression,A_mel_mkref_out,False,57695
Or10,GeneID_100578047,Gene Expression,A_mel_mkref_out,False,272
LOC113218542,LOC113218542,Gene Expression,A_mel_mkref_out,False,4061
Tert,GeneID_692346,Gene Expression,A_mel_mkref_out,False,8307
LOC412003,LOC412003,Gene Expression,A_mel_mkref_out,False,57070
LOC552020,LOC552020,Gene Expression,A_mel_mkref_out,False,90401
LOC551254,LOC551254,Gene Expression,A_mel_mkref_out,False,44974
LOC107965760,LOC107965760,Gene Expression,A_mel_mkref_out,False,212
LOC413023,LOC413023,Gene Expression,A_mel_mkref_out,False,25726
LOC102656562,LOC102656562,Gene Expression,A_mel_mkref_out,False,2189
LOC408660,LOC408660,Gene Expression,A_mel_mkref_out,False,9484
LOC724274,LOC724274,Gene Expression,A_mel_mkref_out,False,33988
LOC726605,LOC726605,Gene Expression,A_mel_mkref_out,False,2094
LOC725860,LOC725860,Gene Expression,A_mel_mkref_out,False,61032
LOC412678,LOC412678,Gene Expression,A_mel_mkref_out,False,15034
LOC410893,LOC410893,Gene Expression,A_mel_mkref_out,False,23664
LOC725270,LOC725270,Gene Expression,A_mel_mkref_out,False,43
LOC724669,LOC724669,Gene Expression,A_mel_mkref_out,False,30129
LOC100579003,LOC100579003,Gene Expression,A_mel_mkref_out,False,41847
LOC552593,LOC552593,Gene Expression,A_mel_mkref_out,False,12422
LOC724488,LOC724488,Gene Expression,A_mel_mkref_out,False,25225
LOC107964103,LOC107964103,Gene Expression,A_mel_mkref_out,False,6010
LOC552580,LOC552580,Gene Expression,A_mel_mkref_out,False,41253
LOC100578519,LOC100578519,Gene Expression,A_mel_mkref_out,False,3058
LOC100577661,LOC100577661,Gene Expression,A_mel_mkref_out,False,6492
LOC551412,LOC551412,Gene Expression,A_mel_mkref_out,False,4794
LOC107964035,LOC107964035,Gene Expression,A_mel_mkref_out,False,4759
LOC410801,LOC410801,Gene Expression,A_mel_mkref_out,False,1529
LOC100578498,LOC100578498,Gene Expression,A_mel_mkref_out,False,9335
LOC552418,LOC552418,Gene Expression,A_mel_mkref_out,False,3126
Or53,GeneID_100642171,Gene Expression,A_mel_mkref_out,False,770
LOC412646,LOC412646,Gene Expression,A_mel_mkref_out,False,35654
LOC409530,LOC409530,Gene Expression,A_mel_mkref_out,False,21017
LOC100576433,LOC100576433,Gene Expression,A_mel_mkref_out,False,11368
LOC412175,LOC412175,Gene Expression,A_mel_mkref_out,False,63863
LOC551772,LOC551772,Gene Expression,A_mel_mkref_out,False,40777
LOC408693,LOC408693,Gene Expression,A_mel_mkref_out,False,17156
LOC410133,LOC410133,Gene Expression,A_mel_mkref_out,False,35752
LOC410887,LOC410887,Gene Expression,A_mel_mkref_out,False,30905
LOC725008,LOC725008,Gene Expression,A_mel_mkref_out,False,349
LOC100578611,LOC100578611,Gene Expression,A_mel_mkref_out,False,40592
LOC725138,LOC725138,Gene Expression,A_mel_mkref_out,False,8840
LOC552307,LOC552307,Gene Expression,A_mel_mkref_out,False,8102
LOC725625,LOC725625,Gene Expression,A_mel_mkref_out,False,15235
LOC408673,LOC408673,Gene Expression,A_mel_mkref_out,False,20099
LOC107964054,LOC107964054,Gene Expression,A_mel_mkref_out,False,199
LOC410831,LOC410831,Gene Expression,A_mel_mkref_out,False,65563
LOC726393,LOC726393,Gene Expression,A_mel_mkref_out,False,1316
LOC725957,LOC725957,Gene Expression,A_mel_mkref_out,False,11539
LOC412133,LOC412133,Gene Expression,A_mel_mkref_out,False,36029
LOC107964038,LOC107964038,Gene Expression,A_mel_mkref_out,False,61
LOC102654445,LOC102654445,Gene Expression,A_mel_mkref_out,False,2344
LOC411955,LOC411955,Gene Expression,A_mel_mkref_out,False,5569
LOC724775,LOC724775,Gene Expression,A_mel_mkref_out,False,28025
LOC410896,LOC410896,Gene Expression,A_mel_mkref_out,False,871
LOC552595,LOC552595,Gene Expression,A_mel_mkref_out,False,10951
LOC550962,LOC550962,Gene Expression,A_mel_mkref_out,False,9136
LOC408670,LOC408670,Gene Expression,A_mel_mkref_out,False,41979
LOC107964069,LOC107964069,Gene Expression,A_mel_mkref_out,False,17554
LOC100577635,LOC100577635,Gene Expression,A_mel_mkref_out,False,34429
LOC100578839,LOC100578839,Gene Expression,A_mel_mkref_out,False,12444
LOC410885,LOC410885,Gene Expression,A_mel_mkref_out,False,1051
Or25,GeneID_100577482,Gene Expression,A_mel_mkref_out,False,1606
LOC413142,LOC413142,Gene Expression,A_mel_mkref_out,False,9748
Dnmt3,GeneID_410798,Gene Expression,A_mel_mkref_out,False,10483
LOC410825,LOC410825,Gene Expression,A_mel_mkref_out,False,31101
LOC409038,LOC409038,Gene Expression,A_mel_mkref_out,False,22474
LOC726925,LOC726925,Gene Expression,A_mel_mkref_out,False,13658
LOC408649,LOC408649,Gene Expression,A_mel_mkref_out,False,31126
LOC551121,LOC551121,Gene Expression,A_mel_mkref_out,False,24340
LOC408718,LOC408718,Gene Expression,A_mel_mkref_out,False,43920
LOC102655388,LOC102655388,Gene Expression,A_mel_mkref_out,False,11618
LOC727574,LOC727574,Gene Expression,A_mel_mkref_out,False,64310
LOC100579011,LOC100579011,Gene Expression,A_mel_mkref_out,False,89
Or50,GeneID_100576749,Gene Expression,A_mel_mkref_out,False,1465
LOC102653961,LOC102653961,Gene Expression,A_mel_mkref_out,False,1575
LOC107966087,LOC107966087,Gene Expression,A_mel_mkref_out,False,8588
LOC100577715,LOC100577715,Gene Expression,A_mel_mkref_out,False,1328
LOC100577106,LOC100577106,Gene Expression,A_mel_mkref_out,False,327
LOC410837,LOC410837,Gene Expression,A_mel_mkref_out,False,8661
LOC412505,LOC412505,Gene Expression,A_mel_mkref_out,False,40959
LOC724734,LOC724734,Gene Expression,A_mel_mkref_out,False,16180
CPR17,GeneID_724556,Gene Expression,A_mel_mkref_out,False,126
LOC413146,LOC413146,Gene Expression,A_mel_mkref_out,False,18692
LOC724275,LOC724275,Gene Expression,A_mel_mkref_out,False,10182
LOC727358,LOC727358,Gene Expression,A_mel_mkref_out,False,28337
LOC100579024,LOC100579024,Gene Expression,A_mel_mkref_out,False,15352
LOC100577255,LOC100577255,Gene Expression,A_mel_mkref_out,False,17000
LOC410895,LOC410895,Gene Expression,A_mel_mkref_out,False,34392
LOC113218591,LOC113218591,Gene Expression,A_mel_mkref_out,False,14579
LOC410850,LOC410850,Gene Expression,A_mel_mkref_out,False,1932
LOC724648,LOC724648,Gene Expression,A_mel_mkref_out,False,8915
TpnI,GeneID_410815,Gene Expression,A_mel_mkref_out,False,829
LOC551596,LOC551596,Gene Expression,A_mel_mkref_out,False,47033
LOC725058,LOC725058,Gene Expression,A_mel_mkref_out,False,38
LOC102654955,LOC102654955,Gene Expression,A_mel_mkref_out,False,37293
LOC107964040,LOC107964040,Gene Expression,A_mel_mkref_out,False,2176
LOC410802,LOC410802,Gene Expression,A_mel_mkref_out,False,1000
LOC725205,LOC725205,Gene Expression,A_mel_mkref_out,False,136
LOC552319,LOC552319,Gene Expression,A_mel_mkref_out,False,19657
LOC113218602,LOC113218602,Gene Expression,A_mel_mkref_out,False,1937
LOC725789,LOC725789,Gene Expression,A_mel_mkref_out,False,5553
LOC727515,LOC727515,Gene Expression,A_mel_mkref_out,False,9947
LOC107963966,LOC107963966,Gene Expression,A_mel_mkref_out,False,2999
LOC408669,LOC408669,Gene Expression,A_mel_mkref_out,False,38889
LOC410803,LOC410803,Gene Expression,A_mel_mkref_out,False,47343
LOC100576649,LOC100576649,Gene Expression,A_mel_mkref_out,False,18059
LOC102653703,LOC102653703,Gene Expression,A_mel_mkref_out,False,3526
LOC102654653,LOC102654653,Gene Expression,A_mel_mkref_out,False,54039
LOC408717,LOC408717,Gene Expression,A_mel_mkref_out,False,31518
LOC551123,LOC551123,Gene Expression,A_mel_mkref_out,False,90951
LOC410863,LOC410863,Gene Expression,A_mel_mkref_out,False,17958
LOC410795,LOC410795,Gene Expression,A_mel_mkref_out,False,41226
LOC113218585,LOC113218585,Gene Expression,A_mel_mkref_out,False,312
LOC410838,LOC410838,Gene Expression,A_mel_mkref_out,False,36567
LOC413209,LOC413209,Gene Expression,A_mel_mkref_out,False,31980
LOC100577530,LOC100577530,Gene Expression,A_mel_mkref_out,False,13639
LOC408685,LOC408685,Gene Expression,A_mel_mkref_out,False,84881
LOC726735,LOC726735,Gene Expression,A_mel_mkref_out,False,36306
LOC552292,LOC552292,Gene Expression,A_mel_mkref_out,False,2723
LOC409793,LOC409793,Gene Expression,A_mel_mkref_out,False,22817
LOC412077,LOC412077,Gene Expression,A_mel_mkref_out,False,30537
LOC412143,LOC412143,Gene Expression,A_mel_mkref_out,False,53881
LOC100577903,LOC100577903,Gene Expression,A_mel_mkref_out,False,62291
LOC412010,LOC412010,Gene Expression,A_mel_mkref_out,False,21142
Or55,GeneID_100576714,Gene Expression,A_mel_mkref_out,False,775
LOC411349,LOC411349,Gene Expression,A_mel_mkref_out,False,24761
LOC552370,LOC552370,Gene Expression,A_mel_mkref_out,False,34369
LOC551801,LOC551801,Gene Expression,A_mel_mkref_out,False,28131
LOC408655,LOC408655,Gene Expression,A_mel_mkref_out,False,20722
LOC408701,LOC408701,Gene Expression,A_mel_mkref_out,False,15402
LOC102655971,LOC102655971,Gene Expression,A_mel_mkref_out,False,15939
LOC412824,LOC412824,Gene Expression,A_mel_mkref_out,False,21604
LOC725697,LOC725697,Gene Expression,A_mel_mkref_out,False,789
LOC100577268,LOC100577268,Gene Expression,A_mel_mkref_out,False,8137
LOC409086,LOC409086,Gene Expression,A_mel_mkref_out,False,49434
LOC412700,LOC412700,Gene Expression,A_mel_mkref_out,False,37825
LOC550665,LOC550665,Gene Expression,A_mel_mkref_out,False,8532
LOC410867,LOC410867,Gene Expression,A_mel_mkref_out,False,74634
LOC410809,LOC410809,Gene Expression,A_mel_mkref_out,False,15327
LOC413940,LOC413940,Gene Expression,A_mel_mkref_out,False,30988
LOC107966100,LOC107966100,Gene Expression,A_mel_mkref_out,False,1423
LOC102655434,LOC102655434,Gene Expression,A_mel_mkref_out,False,108
LOC408714,LOC408714,Gene Expression,A_mel_mkref_out,False,22368
LOC551992,LOC551992,Gene Expression,A_mel_mkref_out,False,11454
LOC551536,LOC551536,Gene Expression,A_mel_mkref_out,False,15306
LOC100578144,LOC100578144,Gene Expression,A_mel_mkref_out,False,1068
LOC408688,LOC408688,Gene Expression,A_mel_mkref_out,False,42421
LOC409950,LOC409950,Gene Expression,A_mel_mkref_out,False,2929
LOC410811,LOC410811,Gene Expression,A_mel_mkref_out,False,26426
LOC408705,LOC408705,Gene Expression,A_mel_mkref_out,False,61447
LOC102655367,LOC102655367,Gene Expression,A_mel_mkref_out,False,305
LOC410805,LOC410805,Gene Expression,A_mel_mkref_out,False,7650
LOC102655553,LOC102655553,Gene Expression,A_mel_mkref_out,False,135
LOC113218551,LOC113218551,Gene Expression,A_mel_mkref_out,False,4870
LOC411672,LOC411672,Gene Expression,A_mel_mkref_out,False,1029
LOC725009,LOC725009,Gene Expression,A_mel_mkref_out,False,16862
LOC100577474,LOC100577474,Gene Expression,A_mel_mkref_out,False,945
LOC724598,LOC724598,Gene Expression,A_mel_mkref_out,False,19351
LOC411764,LOC411764,Gene Expression,A_mel_mkref_out,False,23324
LOC724341,LOC724341,Gene Expression,A_mel_mkref_out,False,9223
LOC412697,LOC412697,Gene Expression,A_mel_mkref_out,False,7278
Or12,GeneID_100577867,Gene Expression,A_mel_mkref_out,False,238
LOC107964060,LOC107964060,Gene Expression,A_mel_mkref_out,False,4010
LOC408650,LOC408650,Gene Expression,A_mel_mkref_out,False,8612
LOC726899,LOC726899,Gene Expression,A_mel_mkref_out,False,6273
LOC102654530,LOC102654530,Gene Expression,A_mel_mkref_out,False,10817
LOC724211,LOC724211,Gene Expression,A_mel_mkref_out,False,2762
LOC100578691,LOC100578691,Gene Expression,A_mel_mkref_out,False,10822
LOC100576986,LOC100576986,Gene Expression,A_mel_mkref_out,False,2293
LOC409164,LOC409164,Gene Expression,A_mel_mkref_out,False,40148
LOC724187,LOC724187,Gene Expression,A_mel_mkref_out,False,987
LOC552422,LOC552422,Gene Expression,A_mel_mkref_out,False,13551
LOC102653975,LOC102653975,Gene Expression,A_mel_mkref_out,False,4034
LOC408668,LOC408668,Gene Expression,A_mel_mkref_out,False,30493
LOC725891,LOC725891,Gene Expression,A_mel_mkref_out,False,70564
LOC100576623,LOC100576623,Gene Expression,A_mel_mkref_out,False,1362
LOC102654309,LOC102654309,Gene Expression,A_mel_mkref_out,False,3642
LOC725165,LOC725165,Gene Expression,A_mel_mkref_out,False,1638
LOC100576796,LOC100576796,Gene Expression,A_mel_mkref_out,False,2726
LOC725059,LOC725059,Gene Expression,A_mel_mkref_out,False,16680
LOC408695,LOC408695,Gene Expression,A_mel_mkref_out,False,6817
LOC725143,LOC725143,Gene Expression,A_mel_mkref_out,False,21159
Or27,GeneID_100577446,Gene Expression,A_mel_mkref_out,False,2098
LOC724553,LOC724553,Gene Expression,A_mel_mkref_out,False,9434
LOC107964096,LOC107964096,Gene Expression,A_mel_mkref_out,False,409
LOC412711,LOC412711,Gene Expression,A_mel_mkref_out,False,22453
LOC727456,LOC727456,Gene Expression,A_mel_mkref_out,False,14000
LOC102655291,LOC102655291,Gene Expression,A_mel_mkref_out,False,5267
LOC412955,LOC412955,Gene Expression,A_mel_mkref_out,False,14911
LOC410130,LOC410130,Gene Expression,A_mel_mkref_out,False,28345
LOC102655857,LOC102655857,Gene Expression,A_mel_mkref_out,False,206
LOC409246,LOC409246,Gene Expression,A_mel_mkref_out,False,35984
LOC412005,LOC412005,Gene Expression,A_mel_mkref_out,False,22302
LOC725397,LOC725397,Gene Expression,A_mel_mkref_out,False,25320
LOC100577939,LOC100577939,Gene Expression,A_mel_mkref_out,False,2170
LOC726128,LOC726128,Gene Expression,A_mel_mkref_out,False,42772
LOC100577606,LOC100577606,Gene Expression,A_mel_mkref_out,False,18505
LOC408657,LOC408657,Gene Expression,A_mel_mkref_out,False,19280
LOC408691,LOC408691,Gene Expression,A_mel_mkref_out,False,17854
LOC724449,LOC724449,Gene Expression,A_mel_mkref_out,False,38308
LOC100576249,LOC100576249,Gene Expression,A_mel_mkref_out,False,2335
LOC100576320,LOC100576320,Gene Expression,A_mel_mkref_out,False,422
LOC100578694,LOC100578694,Gene Expression,A_mel_mkref_out,False,32550
LOC724776,LOC724776,Gene Expression,A_mel_mkref_out,False,329
LOC413845,LOC413845,Gene Expression,A_mel_mkref_out,False,11907
LOC552788,LOC552788,Gene Expression,A_mel_mkref_out,False,28023
LOC113218606,LOC113218606,Gene Expression,A_mel_mkref_out,False,1228
LOC102654905,LOC102654905,Gene Expression,A_mel_mkref_out,False,25
LOC726304,LOC726304,Gene Expression,A_mel_mkref_out,False,12706
LOC724405,LOC724405,Gene Expression,A_mel_mkref_out,False,45004
LOC413955,LOC413955,Gene Expression,A_mel_mkref_out,False,19413
LOC552562,LOC552562,Gene Expression,A_mel_mkref_out,False,14616
LOC408712,LOC408712,Gene Expression,A_mel_mkref_out,False,44848
LOC410865,LOC410865,Gene Expression,A_mel_mkref_out,False,32558
LOC107964093,LOC107964093,Gene Expression,A_mel_mkref_out,False,1249
LOC408662,LOC408662,Gene Expression,A_mel_mkref_out,False,25491
LOC100576512,LOC100576512,Gene Expression,A_mel_mkref_out,False,5441
LOC410132,LOC410132,Gene Expression,A_mel_mkref_out,False,16254
LOC113218595,LOC113218595,Gene Expression,A_mel_mkref_out,False,55
Or14,GeneID_100578083,Gene Expression,A_mel_mkref_out,False,294
LOC410799,LOC410799,Gene Expression,A_mel_mkref_out,False,10991
LOC412127,LOC412127,Gene Expression,A_mel_mkref_out,False,10881
LOC413607,LOC413607,Gene Expression,A_mel_mkref_out,False,15685
LOC551364,LOC551364,Gene Expression,A_mel_mkref_out,False,3011
LOC409489,LOC409489,Gene Expression,A_mel_mkref_out,False,5854
LOC724673,LOC724673,Gene Expression,A_mel_mkref_out,False,1987
LOC725429,LOC725429,Gene Expression,A_mel_mkref_out,False,14679
LOC725893,LOC725893,Gene Expression,A_mel_mkref_out,False,5158
LOC410871,LOC410871,Gene Expression,A_mel_mkref_out,False,15870
LOC102655100,LOC102655100,Gene Expression,A_mel_mkref_out,False,87630
LOC107964083,LOC107964083,Gene Expression,A_mel_mkref_out,False,2679
LOC724319,LOC724319,Gene Expression,A_mel_mkref_out,False,30734
LOC107964072,LOC107964072,Gene Expression,A_mel_mkref_out,False,4176
LOC410820,LOC410820,Gene Expression,A_mel_mkref_out,False,32585
LOC412331,LOC412331,Gene Expression,A_mel_mkref_out,False,22666
LOC100576732,LOC100576732,Gene Expression,A_mel_mkref_out,False,3898
LOC727308,LOC727308,Gene Expression,A_mel_mkref_out,False,31289
LOC726051,LOC726051,Gene Expression,A_mel_mkref_out,False,39794
LOC412780,LOC412780,Gene Expression,A_mel_mkref_out,False,17010
LOC409034,LOC409034,Gene Expression,A_mel_mkref_out,False,42081
LOC413265,LOC413265,Gene Expression,A_mel_mkref_out,False,14592
Or37,GeneID_100577181,Gene Expression,A_mel_mkref_out,False,3645
LOC724986,LOC724986,Gene Expression,A_mel_mkref_out,False,35474
LOC410872,LOC410872,Gene Expression,A_mel_mkref_out,False,11666
LOC410856,LOC410856,Gene Expression,A_mel_mkref_out,False,20184
LOC724508,LOC724508,Gene Expression,A_mel_mkref_out,False,31448
LOC726840,LOC726840,Gene Expression,A_mel_mkref_out,False,12198
LOC113218593,LOC113218593,Gene Expression,A_mel_mkref_out,False,372
LOC552747,LOC552747,Gene Expression,A_mel_mkref_out,False,28664
LOC102656852,LOC102656852,Gene Expression,A_mel_mkref_out,False,5897
LOC408672,LOC408672,Gene Expression,A_mel_mkref_out,False,15194
LOC726171,LOC726171,Gene Expression,A_mel_mkref_out,False,36231
LOC551008,LOC551008,Gene Expression,A_mel_mkref_out,False,5357
LOC100576829,LOC100576829,Gene Expression,A_mel_mkref_out,False,30253
LOC550695,LOC550695,Gene Expression,A_mel_mkref_out,False,25410
LOC552364,LOC552364,Gene Expression,A_mel_mkref_out,False,19296
LOC408680,LOC408680,Gene Expression,A_mel_mkref_out,False,68482
LOC410823,LOC410823,Gene Expression,A_mel_mkref_out,False,16965
LOC113218609,LOC113218609,Gene Expression,A_mel_mkref_out,False,765
LOC100578727,LOC100578727,Gene Expression,A_mel_mkref_out,False,3730
LOC410890,LOC410890,Gene Expression,A_mel_mkref_out,False,901
LOC100576571,LOC100576571,Gene Expression,A_mel_mkref_out,False,24516
LOC102653857,LOC102653857,Gene Expression,A_mel_mkref_out,False,2160
LOC102655559,LOC102655559,Gene Expression,A_mel_mkref_out,False,1864
LOC552346,LOC552346,Gene Expression,A_mel_mkref_out,False,18294
LOC100577101,LOC100577101,Gene Expression,A_mel_mkref_out,False,2492
LOC107966095,LOC107966095,Gene Expression,A_mel_mkref_out,False,324
LOC411671,LOC411671,Gene Expression,A_mel_mkref_out,False,16804
Vamp7,GeneID_550961,Gene Expression,A_mel_mkref_out,False,10241
LOC726085,LOC726085,Gene Expression,A_mel_mkref_out,False,16965
LOC726419,LOC726419,Gene Expression,A_mel_mkref_out,False,10093
LOC550895,LOC550895,Gene Expression,A_mel_mkref_out,False,16803
LOC411871,LOC411871,Gene Expression,A_mel_mkref_out,False,55996
LOC100577437,LOC100577437,Gene Expression,A_mel_mkref_out,False,2304
LOC410828,LOC410828,Gene Expression,A_mel_mkref_out,False,854
LOC410879,LOC410879,Gene Expression,A_mel_mkref_out,False,9196
LOC410792,LOC410792,Gene Expression,A_mel_mkref_out,False,11821
Kakusei,GeneID_100049563,Gene Expression,A_mel_mkref_out,False,21896
Or57,GeneID_100576681,Gene Expression,A_mel_mkref_out,False,3781
LOC102654210,LOC102654210,Gene Expression,A_mel_mkref_out,False,493
LOC413869,LOC413869,Gene Expression,A_mel_mkref_out,False,21544
LOC100576818,LOC100576818,Gene Expression,A_mel_mkref_out,False,11810
LOC551872,LOC551872,Gene Expression,A_mel_mkref_out,False,26057
LOC107964030,LOC107964030,Gene Expression,A_mel_mkref_out,False,6733
LOC727293,LOC727293,Gene Expression,A_mel_mkref_out,False,5672
LOC409234,LOC409234,Gene Expression,A_mel_mkref_out,False,27054
LOC408699,LOC408699,Gene Expression,A_mel_mkref_out,False,82851
LOC726812,LOC726812,Gene Expression,A_mel_mkref_out,False,10101
LOC410866,LOC410866,Gene Expression,A_mel_mkref_out,False,39757
LOC725930,LOC725930,Gene Expression,A_mel_mkref_out,False,5869
LOC410886,LOC410886,Gene Expression,A_mel_mkref_out,False,27309
LOC408653,LOC408653,Gene Expression,A_mel_mkref_out,False,63502
LOC724425,LOC724425,Gene Expression,A_mel_mkref_out,False,53
LOC413578,LOC413578,Gene Expression,A_mel_mkref_out,False,42799
LOC102653978,LOC102653978,Gene Expression,A_mel_mkref_out,False,2833
LOC410808,LOC410808,Gene Expression,A_mel_mkref_out,False,12865
LOC726554,LOC726554,Gene Expression,A_mel_mkref_out,False,3410
LOC100578072,LOC100578072,Gene Expression,A_mel_mkref_out,False,1124
LOC412759,LOC412759,Gene Expression,A_mel_mkref_out,False,4450
LOC410894,LOC410894,Gene Expression,A_mel_mkref_out,False,253
LOC724114,LOC724114,Gene Expression,A_mel_mkref_out,False,92
LOC725101,LOC725101,Gene Expression,A_mel_mkref_out,False,12341
LOC408686,LOC408686,Gene Expression,A_mel_mkref_out,False,35865
LOC113218604,LOC113218604,Gene Expression,A_mel_mkref_out,False,234
LOC408675,LOC408675,Gene Expression,A_mel_mkref_out,False,20117
LOC725626,LOC725626,Gene Expression,A_mel_mkref_out,False,22099
LOC100577125,LOC100577125,Gene Expression,A_mel_mkref_out,False,3453
LOC102656010,LOC102656010,Gene Expression,A_mel_mkref_out,False,42326
LOC552073,LOC552073,Gene Expression,A_mel_mkref_out,False,1555
LOC102655792,LOC102655792,Gene Expression,A_mel_mkref_out,False,6094
LOC725743,LOC725743,Gene Expression,A_mel_mkref_out,False,16092
LOC100577670,LOC100577670,Gene Expression,A_mel_mkref_out,False,36675
LOC408708,LOC408708,Gene Expression,A_mel_mkref_out,False,16254
LOC408697,LOC408697,Gene Expression,A_mel_mkref_out,False,18521
LOC408677,LOC408677,Gene Expression,A_mel_mkref_out,False,6471
LOC725528,LOC725528,Gene Expression,A_mel_mkref_out,False,61591
LOC409221,LOC409221,Gene Expression,A_mel_mkref_out,False,52842
LOC725325,LOC725325,Gene Expression,A_mel_mkref_out,False,2455
LOC726428,LOC726428,Gene Expression,A_mel_mkref_out,False,4016
LOC102654685,LOC102654685,Gene Expression,A_mel_mkref_out,False,118
Eyg,GeneID_410818,Gene Expression,A_mel_mkref_out,False,200
LOC100578437,LOC100578437,Gene Expression,A_mel_mkref_out,False,18613
LOC411765,LOC411765,Gene Expression,A_mel_mkref_out,False,29608
LOC725473,LOC725473,Gene Expression,A_mel_mkref_out,False,15896
LOC726956,LOC726956,Gene Expression,A_mel_mkref_out,False,30751
LOC724367,LOC724367,Gene Expression,A_mel_mkref_out,False,9634
LOC107966102,LOC107966102,Gene Expression,A_mel_mkref_out,False,92559
LOC100576914,LOC100576914,Gene Expression,A_mel_mkref_out,False,1390
LOC410877,LOC410877,Gene Expression,A_mel_mkref_out,False,21717
LOC724808,LOC724808,Gene Expression,A_mel_mkref_out,False,25238
LOC100578833,LOC100578833,Gene Expression,A_mel_mkref_out,False,6732
LOC107966117,LOC107966117,Gene Expression,A_mel_mkref_out,False,2324
LOC726295,LOC726295,Gene Expression,A_mel_mkref_out,False,35668
LOC410848,LOC410848,Gene Expression,A_mel_mkref_out,False,17295
LOC409111,LOC409111,Gene Expression,A_mel_mkref_out,False,54037
LOC100577787,LOC100577787,Gene Expression,A_mel_mkref_out,False,179
LOC102656907,LOC102656907,Gene Expression,A_mel_mkref_out,False,634
LOC551009,LOC551009,Gene Expression,A_mel_mkref_out,False,16721
A4,GeneID_552391,Gene Expression,A_mel_mkref_out,False,504
LOC102656247,LOC102656247,Gene Expression,A_mel_mkref_out,False,8422
LOC408710,LOC408710,Gene Expression,A_mel_mkref_out,False,55265
LOC410816,LOC410816,Gene Expression,A_mel_mkref_out,False,26008
LOC107966103,LOC107966103,Gene Expression,A_mel_mkref_out,False,90271
LOC408687,LOC408687,Gene Expression,A_mel_mkref_out,False,9334
LOC552124,LOC552124,Gene Expression,A_mel_mkref_out,False,2575
LOC113218601,LOC113218601,Gene Expression,A_mel_mkref_out,False,93732
LOC113219429,LOC113219429,Gene Expression,A_mel_mkref_out,False,2410
LOC408656,LOC408656,Gene Expression,A_mel_mkref_out,False,31312
LOC107964042,LOC107964042,Gene Expression,A_mel_mkref_out,False,9790
LOC410853,LOC410853,Gene Expression,A_mel_mkref_out,False,61389
LOC726280,LOC726280,Gene Expression,A_mel_mkref_out,False,56777
LOC100576808,LOC100576808,Gene Expression,A_mel_mkref_out,False,50
LOC100578724,LOC100578724,Gene Expression,A_mel_mkref_out,False,87
LOC726711,LOC726711,Gene Expression,A_mel_mkref_out,False,5460
LOC550738,LOC550738,Gene Expression,A_mel_mkref_out,False,32745
LOC409791,LOC409791,Gene Expression,A_mel_mkref_out,False,82493
LOC726375,LOC726375,Gene Expression,A_mel_mkref_out,False,3743
LOC113218594,LOC113218594,Gene Expression,A_mel_mkref_out,False,27950
LOC107964089,LOC107964089,Gene Expression,A_mel_mkref_out,False,1655
LOC726798,LOC726798,Gene Expression,A_mel_mkref_out,False,400
LOC113218605,LOC113218605,Gene Expression,A_mel_mkref_out,False,5087
LOC102654939,LOC102654939,Gene Expression,A_mel_mkref_out,False,3457
LOC552129,LOC552129,Gene Expression,A_mel_mkref_out,False,39274
LOC100577590,LOC100577590,Gene Expression,A_mel_mkref_out,False,2293
LOC725294,LOC725294,Gene Expression,A_mel_mkref_out,False,71691
LOC100576274,LOC100576274,Gene Expression,A_mel_mkref_out,False,4967
LOC412314,LOC412314,Gene Expression,A_mel_mkref_out,False,15647
Or11,GeneID_100577902,Gene Expression,A_mel_mkref_out,False,304
LOC410793,LOC410793,Gene Expression,A_mel_mkref_out,False,942
LOC727393,LOC727393,Gene Expression,A_mel_mkref_out,False,25487
LOC113218592,LOC113218592,Gene Expression,A_mel_mkref_out,False,1107
LOC724299,LOC724299,Gene Expression,A_mel_mkref_out,False,76412
LOC107966098,LOC107966098,Gene Expression,A_mel_mkref_out,False,2974
LOC410087,LOC410087,Gene Expression,A_mel_mkref_out,False,26613
LOC102655235,LOC102655235,Gene Expression,A_mel_mkref_out,False,3806
LOC552471,LOC552471,Gene Expression,A_mel_mkref_out,False,11264
LOC725506,LOC725506,Gene Expression,A_mel_mkref_out,False,88
LOC724300,LOC724300,Gene Expression,A_mel_mkref_out,False,2446
LOC113218588,LOC113218588,Gene Expression,A_mel_mkref_out,False,191
LOC411452,LOC411452,Gene Expression,A_mel_mkref_out,False,11740
LOC409088,LOC409088,Gene Expression,A_mel_mkref_out,False,6872
LOC100578213,LOC100578213,Gene Expression,A_mel_mkref_out,False,1769
LOC726924,LOC726924,Gene Expression,A_mel_mkref_out,False,91500
LOC724850,LOC724850,Gene Expression,A_mel_mkref_out,False,16182
LOC100579058,LOC100579058,Gene Expression,A_mel_mkref_out,False,1601
LOC725119,LOC725119,Gene Expression,A_mel_mkref_out,False,17134
LOC412030,LOC412030,Gene Expression,A_mel_mkref_out,False,14299
LOC100576984,LOC100576984,Gene Expression,A_mel_mkref_out,False,2361
Calpb,GeneID_411453,Gene Expression,A_mel_mkref_out,False,30908
LOC100576121,LOC100576121,Gene Expression,A_mel_mkref_out,False,259
LOC100577226,LOC100577226,Gene Expression,A_mel_mkref_out,False,6940
LOC102656676,LOC102656676,Gene Expression,A_mel_mkref_out,False,75
LOC411697,LOC411697,Gene Expression,A_mel_mkref_out,False,11523
LOC107966085,LOC107966085,Gene Expression,A_mel_mkref_out,False,111
LOC107966114,LOC107966114,Gene Expression,A_mel_mkref_out,False,6703
LOC413928,LOC413928,Gene Expression,A_mel_mkref_out,False,11853
LOC551891,LOC551891,Gene Expression,A_mel_mkref_out,False,14702
Or52,GeneID_100642170,Gene Expression,A_mel_mkref_out,False,734
LOC100577496,LOC100577496,Gene Expression,A_mel_mkref_out,False,1039
LOC102653940,LOC102653940,Gene Expression,A_mel_mkref_out,False,12892
LOC100578397,LOC100578397,Gene Expression,A_mel_mkref_out,False,7303
LOC726230,LOC726230,Gene Expression,A_mel_mkref_out,False,12767
LOC408706,LOC408706,Gene Expression,A_mel_mkref_out,False,48232
LOC552092,LOC552092,Gene Expression,A_mel_mkref_out,False,39430
LOC410824,LOC410824,Gene Expression,A_mel_mkref_out,False,1364
LOC551167,LOC551167,Gene Expression,A_mel_mkref_out,False,18389
LOC551997,LOC551997,Gene Expression,A_mel_mkref_out,False,39429
LOC412076,LOC412076,Gene Expression,A_mel_mkref_out,False,16510
LOC100577751,LOC100577751,Gene Expression,A_mel_mkref_out,False,2786
LOC726053,LOC726053,Gene Expression,A_mel_mkref_out,False,56151
Or35,GeneID_100577714,Gene Expression,A_mel_mkref_out,False,10339
LOC102656093,LOC102656093,Gene Expression,A_mel_mkref_out,False,16202
LOC726760,LOC726760,Gene Expression,A_mel_mkref_out,False,26496
LOC410821,LOC410821,Gene Expression,A_mel_mkref_out,False,5980
LOC107964039,LOC107964039,Gene Expression,A_mel_mkref_out,False,18695
LOC413164,LOC413164,Gene Expression,A_mel_mkref_out,False,47293
LOC107964104,LOC107964104,Gene Expression,A_mel_mkref_out,False,37092
LOC552434,LOC552434,Gene Expression,A_mel_mkref_out,False,14276
LOC102656630,LOC102656630,Gene Expression,A_mel_mkref_out,False,54
LOC552343,LOC552343,Gene Expression,A_mel_mkref_out,False,14043
Hiscl1,GeneID_409040,Gene Expression,A_mel_mkref_out,False,12726
LOC410862,LOC410862,Gene Expression,A_mel_mkref_out,False,1885
LOC102655218,LOC102655218,Gene Expression,A_mel_mkref_out,False,64
LOC410897,LOC410897,Gene Expression,A_mel_mkref_out,False,16534
LOC408676,LOC408676,Gene Expression,A_mel_mkref_out,False,52619
LOC102654426,LOC102654426,Gene Expression,A_mel_mkref_out,False,29621
LOC408678,LOC408678,Gene Expression,A_mel_mkref_out,False,8972
LOC552311,LOC552311,Gene Expression,A_mel_mkref_out,False,7550
LOC551743,LOC551743,Gene Expression,A_mel_mkref_out,False,6788
LOC102653600,LOC102653600,Gene Expression,A_mel_mkref_out,False,496
LOC410812,LOC410812,Gene Expression,A_mel_mkref_out,False,25825
LOC100577927,LOC100577927,Gene Expression,A_mel_mkref_out,False,17032
LOC724507,LOC724507,Gene Expression,A_mel_mkref_out,False,1674
LOC724792,LOC724792,Gene Expression,A_mel_mkref_out,False,45710
LOC410874,LOC410874,Gene Expression,A_mel_mkref_out,False,62096
LOC724424,LOC724424,Gene Expression,A_mel_mkref_out,False,11890
LOC551914,LOC551914,Gene Expression,A_mel_mkref_out,False,32088
LOC113219425,LOC113219425,Gene Expression,A_mel_mkref_out,False,562
LOC409039,LOC409039,Gene Expression,A_mel_mkref_out,False,40054
LOC408711,LOC408711,Gene Expression,A_mel_mkref_out,False,11196
LOC102655454,LOC102655454,Gene Expression,A_mel_mkref_out,False,550
LOC409821,LOC409821,Gene Expression,A_mel_mkref_out,False,7339
LOC412594,LOC412594,Gene Expression,A_mel_mkref_out,False,82928
LOC410829,LOC410829,Gene Expression,A_mel_mkref_out,False,462
Or19,GeneID_100578142,Gene Expression,A_mel_mkref_out,False,1527
LOC102655008,LOC102655008,Gene Expression,A_mel_mkref_out,False,14290
LOC100577068,LOC100577068,Gene Expression,A_mel_mkref_out,False,3255
LOC102656490,LOC102656490,Gene Expression,A_mel_mkref_out,False,606
LOC102654348,LOC102654348,Gene Expression,A_mel_mkref_out,False,1366
LOC552183,LOC552183,Gene Expression,A_mel_mkref_out,False,33531
LOC725742,LOC725742,Gene Expression,A_mel_mkref_out,False,13547
LOC102656216,LOC102656216,Gene Expression,A_mel_mkref_out,False,253
LOC410127,LOC410127,Gene Expression,A_mel_mkref_out,False,49629
LOC102655435,LOC102655435,Gene Expression,A_mel_mkref_out,False,1860
LOC107964043,LOC107964043,Gene Expression,A_mel_mkref_out,False,1299
LOC113219426,LOC113219426,Gene Expression,A_mel_mkref_out,False,3349
LOC410876,LOC410876,Gene Expression,A_mel_mkref_out,False,3634
LOC725718,LOC725718,Gene Expression,A_mel_mkref_out,False,28639
LOC411359,LOC411359,Gene Expression,A_mel_mkref_out,False,27137
Or9,GeneID_100577979,Gene Expression,A_mel_mkref_out,False,77
LOC724471,LOC724471,Gene Expression,A_mel_mkref_out,False,620
LOC102653939,LOC102653939,Gene Expression,A_mel_mkref_out,False,101
LOC102655220,LOC102655220,Gene Expression,A_mel_mkref_out,False,161
LOC413060,LOC413060,Gene Expression,A_mel_mkref_out,False,13267
LOC725850,LOC725850,Gene Expression,A_mel_mkref_out,False,6265
Or41,GeneID_100577031,Gene Expression,A_mel_mkref_out,False,2389
LOC410849,LOC410849,Gene Expression,A_mel_mkref_out,False,21465
LOC100578654,LOC100578654,Gene Expression,A_mel_mkref_out,False,19922
LOC725892,LOC725892,Gene Expression,A_mel_mkref_out,False,1565
LOC102654107,LOC102654107,Gene Expression,A_mel_mkref_out,False,3556
LOC724555,LOC724555,Gene Expression,A_mel_mkref_out,False,868
LOC100577742,LOC100577742,Gene Expression,A_mel_mkref_out,False,17550
PDHB,GeneID_408654,Gene Expression,A_mel_mkref_out,False,17107
LOC102655825,LOC102655825,Gene Expression,A_mel_mkref_out,False,665
LOC724599,LOC724599,Gene Expression,A_mel_mkref_out,False,56489
LOC413350,LOC413350,Gene Expression,A_mel_mkref_out,False,7376
LOC113218610,LOC113218610,Gene Expression,A_mel_mkref_out,False,3233
LOC726803,LOC726803,Gene Expression,A_mel_mkref_out,False,115
LOC410864,LOC410864,Gene Expression,A_mel_mkref_out,False,26166
LOC412465,LOC412465,Gene Expression,A_mel_mkref_out,False,56911
LOC413130,LOC413130,Gene Expression,A_mel_mkref_out,False,24013
LOC408681,LOC408681,Gene Expression,A_mel_mkref_out,False,9555
Fabp-2,GeneID_408689,Gene Expression,A_mel_mkref_out,False,20868
LOC107966113,LOC107966113,Gene Expression,A_mel_mkref_out,False,1969
LOC107964046,LOC107964046,Gene Expression,A_mel_mkref_out,False,4388
LOC412386,LOC412386,Gene Expression,A_mel_mkref_out,False,18609
LOC411729,LOC411729,Gene Expression,A_mel_mkref_out,False,1453
Eaat-2,GeneID_406113,Gene Expression,A_mel_mkref_out,False,1733
LOC102654800,LOC102654800,Gene Expression,A_mel_mkref_out,False,49
LOC102654355,LOC102654355,Gene Expression,A_mel_mkref_out,False,1528
LOC102653640,LOC102653640,Gene Expression,A_mel_mkref_out,False,5223
LOC413278,LOC413278,Gene Expression,A_mel_mkref_out,False,20767
LOC551476,LOC551476,Gene Expression,A_mel_mkref_out,False,9275
LOC412516,LOC412516,Gene Expression,A_mel_mkref_out,False,10262
LOC725828,LOC725828,Gene Expression,A_mel_mkref_out,False,18235
LOC726478,LOC726478,Gene Expression,A_mel_mkref_out,False,671
LOC551595,LOC551595,Gene Expression,A_mel_mkref_out,False,22088
LOC408713,LOC408713,Gene Expression,A_mel_mkref_out,False,4593
LOC551492,LOC551492,Gene Expression,A_mel_mkref_out,False,14475
LOC552012,LOC552012,Gene Expression,A_mel_mkref_out,False,7953
LOC102655463,LOC102655463,Gene Expression,A_mel_mkref_out,False,471
LOC100577671,LOC100577671,Gene Expression,A_mel_mkref_out,False,511
LOC408666,LOC408666,Gene Expression,A_mel_mkref_out,False,2906
CPR22,GeneID_724694,Gene Expression,A_mel_mkref_out,False,108
LOC100576944,LOC100576944,Gene Expression,A_mel_mkref_out,False,1731
LOC551690,LOC551690,Gene Expression,A_mel_mkref_out,False,20321
LOC727460,LOC727460,Gene Expression,A_mel_mkref_out,False,44830
LOC552790,LOC552790,Gene Expression,A_mel_mkref_out,False,17901
LOC100578715,LOC100578715,Gene Expression,A_mel_mkref_out,False,2517
LOC725070,LOC725070,Gene Expression,A_mel_mkref_out,False,51412
LOC411870,LOC411870,Gene Expression,A_mel_mkref_out,False,11708
LOC100576733,LOC100576733,Gene Expression,A_mel_mkref_out,False,71889
LOC551508,LOC551508,Gene Expression,A_mel_mkref_out,False,16577
LOC113218590,LOC113218590,Gene Expression,A_mel_mkref_out,False,6345
LOC102654729,LOC102654729,Gene Expression,A_mel_mkref_out,False,499
LOC113219430,LOC113219430,Gene Expression,A_mel_mkref_out,False,147
18-w,GeneID_410902,Gene Expression,A_mel_mkref_out,False,3786
LOC102654146,LOC102654146,Gene Expression,A_mel_mkref_out,False,172
LOC410883,LOC410883,Gene Expression,A_mel_mkref_out,False,11960
LOC410860,LOC410860,Gene Expression,A_mel_mkref_out,False,6898
LOC726110,LOC726110,Gene Expression,A_mel_mkref_out,False,16563
LOC100577938,LOC100577938,Gene Expression,A_mel_mkref_out,False,1294
LOC410884,LOC410884,Gene Expression,A_mel_mkref_out,False,44
LOC552620,LOC552620,Gene Expression,A_mel_mkref_out,False,19740
LOC408663,LOC408663,Gene Expression,A_mel_mkref_out,False,32851
LOC727049,LOC727049,Gene Expression,A_mel_mkref_out,False,11883
LOC113218587,LOC113218587,Gene Expression,A_mel_mkref_out,False,851
nAChRa6,GeneID_551010,Gene Expression,A_mel_mkref_out,False,81145
Cdc37,GeneID_724675,Gene Expression,A_mel_mkref_out,False,39170
LOC113218603,LOC113218603,Gene Expression,A_mel_mkref_out,False,6955
LOC102653750,LOC102653750,Gene Expression,A_mel_mkref_out,False,683
LOC100577634,LOC100577634,Gene Expression,A_mel_mkref_out,False,244
LOC409566,LOC409566,Gene Expression,A_mel_mkref_out,False,13967
LOC408674,LOC408674,Gene Expression,A_mel_mkref_out,False,6936
LOC551477,LOC551477,Gene Expression,A_mel_mkref_out,False,14879
LOC551711,LOC551711,Gene Expression,A_mel_mkref_out,False,14348
LOC725441,LOC725441,Gene Expression,A_mel_mkref_out,False,10741
LOC550806,LOC550806,Gene Expression,A_mel_mkref_out,False,20756
LOC102654330,LOC102654330,Gene Expression,A_mel_mkref_out,False,165
LOC102656070,LOC102656070,Gene Expression,A_mel_mkref_out,False,323
LOC113218895,LOC113218895,Gene Expression,A_mel_mkref_out,False,2180
LOC113218909,LOC113218909,Gene Expression,A_mel_mkref_out,False,2634
LOC102656403,LOC102656403,Gene Expression,A_mel_mkref_out,False,42
LOC100577997,LOC100577997,Gene Expression,A_mel_mkref_out,False,1466
LOC552585,LOC552585,Gene Expression,A_mel_mkref_out,False,43902
LOC100577098,LOC100577098,Gene Expression,A_mel_mkref_out,False,9719
LOC551570,LOC551570,Gene Expression,A_mel_mkref_out,False,8831
LOC552104,LOC552104,Gene Expression,A_mel_mkref_out,False,43293
LOC410162,LOC410162,Gene Expression,A_mel_mkref_out,False,32479
LOC725233,LOC725233,Gene Expression,A_mel_mkref_out,False,72884
LOC408923,LOC408923,Gene Expression,A_mel_mkref_out,False,24402
LOC726379,LOC726379,Gene Expression,A_mel_mkref_out,False,26987
LOC411217,LOC411217,Gene Expression,A_mel_mkref_out,False,10976
LOC413280,LOC413280,Gene Expression,A_mel_mkref_out,False,35986
LOC102656570,LOC102656570,Gene Expression,A_mel_mkref_out,False,227
LOC100578126,LOC100578126,Gene Expression,A_mel_mkref_out,False,24854
LOC552005,LOC552005,Gene Expression,A_mel_mkref_out,False,355
LOC727520,LOC727520,Gene Expression,A_mel_mkref_out,False,17464
LOC411193,LOC411193,Gene Expression,A_mel_mkref_out,False,13894
LOC408952,LOC408952,Gene Expression,A_mel_mkref_out,False,49014
LOC411802,LOC411802,Gene Expression,A_mel_mkref_out,False,32259
LOC102656548,LOC102656548,Gene Expression,A_mel_mkref_out,False,208
Tk,GeneID_406083,Gene Expression,A_mel_mkref_out,False,45335
LOC413247,LOC413247,Gene Expression,A_mel_mkref_out,False,1885
LOC414012,LOC414012,Gene Expression,A_mel_mkref_out,False,35291
LOC113218900,LOC113218900,Gene Expression,A_mel_mkref_out,False,2839
LOC725019,LOC725019,Gene Expression,A_mel_mkref_out,False,556
LOC409364,LOC409364,Gene Expression,A_mel_mkref_out,False,62578
LOC411234,LOC411234,Gene Expression,A_mel_mkref_out,False,30012
LOC551224,LOC551224,Gene Expression,A_mel_mkref_out,False,400
LOC412371,LOC412371,Gene Expression,A_mel_mkref_out,False,30852
LOC412816,LOC412816,Gene Expression,A_mel_mkref_out,False,22813
LOC413494,LOC413494,Gene Expression,A_mel_mkref_out,False,31307
LOC100576932,LOC100576932,Gene Expression,A_mel_mkref_out,False,10495
LOC412394,LOC412394,Gene Expression,A_mel_mkref_out,False,14106
LOC411214,LOC411214,Gene Expression,A_mel_mkref_out,False,10929
LOC412393,LOC412393,Gene Expression,A_mel_mkref_out,False,25111
LOC408902,LOC408902,Gene Expression,A_mel_mkref_out,False,44350
LOC100576784,LOC100576784,Gene Expression,A_mel_mkref_out,False,10635
LOC412896,LOC412896,Gene Expression,A_mel_mkref_out,False,73609
LOC113218897,LOC113218897,Gene Expression,A_mel_mkref_out,False,1864
LOC411195,LOC411195,Gene Expression,A_mel_mkref_out,False,9115
LOC113218908,LOC113218908,Gene Expression,A_mel_mkref_out,False,34
LOC411218,LOC411218,Gene Expression,A_mel_mkref_out,False,17764
LOC100577341,LOC100577341,Gene Expression,A_mel_mkref_out,False,17908
LOC102656007,LOC102656007,Gene Expression,A_mel_mkref_out,False,4705
LOC552152,LOC552152,Gene Expression,A_mel_mkref_out,False,14042
LOC409158,LOC409158,Gene Expression,A_mel_mkref_out,False,46319
LOC113218887,LOC113218887,Gene Expression,A_mel_mkref_out,False,6432
Or170,GeneID_100576480,Gene Expression,A_mel_mkref_out,False,134
LOC102654777,LOC102654777,Gene Expression,A_mel_mkref_out,False,2317
LOC100576987,LOC100576987,Gene Expression,A_mel_mkref_out,False,126
LOC409252,LOC409252,Gene Expression,A_mel_mkref_out,False,60693
LOC113218911,LOC113218911,Gene Expression,A_mel_mkref_out,False,10889
LOC102654121,LOC102654121,Gene Expression,A_mel_mkref_out,False,9332
LOC552000,LOC552000,Gene Expression,A_mel_mkref_out,False,23707
LOC411502,LOC411502,Gene Expression,A_mel_mkref_out,False,8054
LOC100578532,LOC100578532,Gene Expression,A_mel_mkref_out,False,26
LOC102654335,LOC102654335,Gene Expression,A_mel_mkref_out,False,29568
LOC100576497,LOC100576497,Gene Expression,A_mel_mkref_out,False,5642
LOC102656392,LOC102656392,Gene Expression,A_mel_mkref_out,False,1734
LOC409277,LOC409277,Gene Expression,A_mel_mkref_out,False,17424
LOC411220,LOC411220,Gene Expression,A_mel_mkref_out,False,82519
LOC550875,LOC550875,Gene Expression,A_mel_mkref_out,False,20604
LOC551269,LOC551269,Gene Expression,A_mel_mkref_out,False,41922
LOC552087,LOC552087,Gene Expression,A_mel_mkref_out,False,27333
LOC100576974,LOC100576974,Gene Expression,A_mel_mkref_out,False,11325
LOC725131,LOC725131,Gene Expression,A_mel_mkref_out,False,95099
LOC413411,LOC413411,Gene Expression,A_mel_mkref_out,False,4979
LOC107964750,LOC107964750,Gene Expression,A_mel_mkref_out,False,1132
LOC100578232,LOC100578232,Gene Expression,A_mel_mkref_out,False,8793
LOC411196,LOC411196,Gene Expression,A_mel_mkref_out,False,10929
LOC411599,LOC411599,Gene Expression,A_mel_mkref_out,False,35378
LOC726343,LOC726343,Gene Expression,A_mel_mkref_out,False,2492
LOC100576812,LOC100576812,Gene Expression,A_mel_mkref_out,False,14228
LOC408911,LOC408911,Gene Expression,A_mel_mkref_out,False,36141
LOC100576948,LOC100576948,Gene Expression,A_mel_mkref_out,False,42172
LOC552600,LOC552600,Gene Expression,A_mel_mkref_out,False,4760
LOC725174,LOC725174,Gene Expression,A_mel_mkref_out,False,15189
LOC102654594,LOC102654594,Gene Expression,A_mel_mkref_out,False,1780
LOC551405,LOC551405,Gene Expression,A_mel_mkref_out,False,241
LOC724749,LOC724749,Gene Expression,A_mel_mkref_out,False,1047
LOC100576293,LOC100576293,Gene Expression,A_mel_mkref_out,False,3266
LOC100576146,LOC100576146,Gene Expression,A_mel_mkref_out,False,3286
Eif3h,GeneID_552351,Gene Expression,A_mel_mkref_out,False,12866
LOC113218904,LOC113218904,Gene Expression,A_mel_mkref_out,False,935
LOC100578053,LOC100578053,Gene Expression,A_mel_mkref_out,False,9271
LOC724817,LOC724817,Gene Expression,A_mel_mkref_out,False,6998
LOC727227,LOC727227,Gene Expression,A_mel_mkref_out,False,39650
LOC409083,LOC409083,Gene Expression,A_mel_mkref_out,False,16455
LOC725416,LOC725416,Gene Expression,A_mel_mkref_out,False,5759
LOC409619,LOC409619,Gene Expression,A_mel_mkref_out,False,25
LOC100577489,LOC100577489,Gene Expression,A_mel_mkref_out,False,203
LOC411814,LOC411814,Gene Expression,A_mel_mkref_out,False,307
LOC408926,LOC408926,Gene Expression,A_mel_mkref_out,False,7074
LOC408914,LOC408914,Gene Expression,A_mel_mkref_out,False,68812
LOC107963990,LOC107963990,Gene Expression,A_mel_mkref_out,False,47817
LOC551295,LOC551295,Gene Expression,A_mel_mkref_out,False,37088
LOC107963970,LOC107963970,Gene Expression,A_mel_mkref_out,False,884
LOC102656862,LOC102656862,Gene Expression,A_mel_mkref_out,False,348
LOC411229,LOC411229,Gene Expression,A_mel_mkref_out,False,51562
Arp1,GeneID_406122,Gene Expression,A_mel_mkref_out,False,34802
LOC100579008,LOC100579008,Gene Expression,A_mel_mkref_out,False,780
LOC409410,LOC409410,Gene Expression,A_mel_mkref_out,False,31013
LOC726363,LOC726363,Gene Expression,A_mel_mkref_out,False,25307
LOC551602,LOC551602,Gene Expression,A_mel_mkref_out,False,23874
LOC102654115,LOC102654115,Gene Expression,A_mel_mkref_out,False,215
LOC100577026,LOC100577026,Gene Expression,A_mel_mkref_out,False,17630
LOC412643,LOC412643,Gene Expression,A_mel_mkref_out,False,59083
LOC408915,LOC408915,Gene Expression,A_mel_mkref_out,False,91000
LOC725260,LOC725260,Gene Expression,A_mel_mkref_out,False,25552
LOC411201,LOC411201,Gene Expression,A_mel_mkref_out,False,56963
LOC726786,LOC726786,Gene Expression,A_mel_mkref_out,False,464
LOC100577883,LOC100577883,Gene Expression,A_mel_mkref_out,False,300
LOC408951,LOC408951,Gene Expression,A_mel_mkref_out,False,79231
LOC414014,LOC414014,Gene Expression,A_mel_mkref_out,False,30592
LOC411192,LOC411192,Gene Expression,A_mel_mkref_out,False,10930
LOC102655754,LOC102655754,Gene Expression,A_mel_mkref_out,False,352
LOC413957,LOC413957,Gene Expression,A_mel_mkref_out,False,9123
LOC724706,LOC724706,Gene Expression,A_mel_mkref_out,False,26961
LOC100577507,LOC100577507,Gene Expression,A_mel_mkref_out,False,10714
LOC552586,LOC552586,Gene Expression,A_mel_mkref_out,False,17152
LOC552656,LOC552656,Gene Expression,A_mel_mkref_out,False,20478
LOC411947,LOC411947,Gene Expression,A_mel_mkref_out,False,18655
LOC107964774,LOC107964774,Gene Expression,A_mel_mkref_out,False,5193
LOC727370,LOC727370,Gene Expression,A_mel_mkref_out,False,15790
LOC409125,LOC409125,Gene Expression,A_mel_mkref_out,False,38076
LOC408897,LOC408897,Gene Expression,A_mel_mkref_out,False,19566
LOC411908,LOC411908,Gene Expression,A_mel_mkref_out,False,9759
LOC727001,LOC727001,Gene Expression,A_mel_mkref_out,False,13009
LOC102653587,LOC102653587,Gene Expression,A_mel_mkref_out,False,1293
LOC724659,LOC724659,Gene Expression,A_mel_mkref_out,False,6655
LOC411748,LOC411748,Gene Expression,A_mel_mkref_out,False,51078
LOC408898,LOC408898,Gene Expression,A_mel_mkref_out,False,995
LOC551661,LOC551661,Gene Expression,A_mel_mkref_out,False,404
LOC724568,LOC724568,Gene Expression,A_mel_mkref_out,False,4321
LOC552157,LOC552157,Gene Expression,A_mel_mkref_out,False,780
LOC413384,LOC413384,Gene Expression,A_mel_mkref_out,False,13395
LOC552048,LOC552048,Gene Expression,A_mel_mkref_out,False,5465
LOC412681,LOC412681,Gene Expression,A_mel_mkref_out,False,16883
LOC725936,LOC725936,Gene Expression,A_mel_mkref_out,False,5879
LOC411586,LOC411586,Gene Expression,A_mel_mkref_out,False,47109
LOC113218906,LOC113218906,Gene Expression,A_mel_mkref_out,False,200
LOC411186,LOC411186,Gene Expression,A_mel_mkref_out,False,935
LOC409274,LOC409274,Gene Expression,A_mel_mkref_out,False,28794
LOC726134,LOC726134,Gene Expression,A_mel_mkref_out,False,295
LOC725064,LOC725064,Gene Expression,A_mel_mkref_out,False,47774
LOC107964757,LOC107964757,Gene Expression,A_mel_mkref_out,False,1878
LOC107963976,LOC107963976,Gene Expression,A_mel_mkref_out,False,7962
LOC725632,LOC725632,Gene Expression,A_mel_mkref_out,False,5114
LOC552509,LOC552509,Gene Expression,A_mel_mkref_out,False,14109
LOC413333,LOC413333,Gene Expression,A_mel_mkref_out,False,1792
LOC551180,LOC551180,Gene Expression,A_mel_mkref_out,False,359
LOC724631,LOC724631,Gene Expression,A_mel_mkref_out,False,29784
LOC409212,LOC409212,Gene Expression,A_mel_mkref_out,False,67480
LOC107964762,LOC107964762,Gene Expression,A_mel_mkref_out,False,6570
LOC726164,LOC726164,Gene Expression,A_mel_mkref_out,False,23757
LOC412454,LOC412454,Gene Expression,A_mel_mkref_out,False,18262
LOC725966,LOC725966,Gene Expression,A_mel_mkref_out,False,339
LOC113218892,LOC113218892,Gene Expression,A_mel_mkref_out,False,14841
LOC412162,LOC412162,Gene Expression,A_mel_mkref_out,False,9987
TyHyd,GeneID_408930,Gene Expression,A_mel_mkref_out,False,3565
LOC409106,LOC409106,Gene Expression,A_mel_mkref_out,False,21585
LOC724263,LOC724263,Gene Expression,A_mel_mkref_out,False,14566
LOC100576960,LOC100576960,Gene Expression,A_mel_mkref_out,False,9133
LOC107964730,LOC107964730,Gene Expression,A_mel_mkref_out,False,518
LOC100577385,LOC100577385,Gene Expression,A_mel_mkref_out,False,3231
LOC725516,LOC725516,Gene Expression,A_mel_mkref_out,False,7344
LOC107964720,LOC107964720,Gene Expression,A_mel_mkref_out,False,4483
LOC100578236,LOC100578236,Gene Expression,A_mel_mkref_out,False,73913
LOC409691,LOC409691,Gene Expression,A_mel_mkref_out,False,12588
LOC107965780,LOC107965780,Gene Expression,A_mel_mkref_out,False,425
LOC411233,LOC411233,Gene Expression,A_mel_mkref_out,False,22732
LOC552568,LOC552568,Gene Expression,A_mel_mkref_out,False,18782
LOC408916,LOC408916,Gene Expression,A_mel_mkref_out,False,51213
LOC107964775,LOC107964775,Gene Expression,A_mel_mkref_out,False,5366
LOC409162,LOC409162,Gene Expression,A_mel_mkref_out,False,954
LOC551223,LOC551223,Gene Expression,A_mel_mkref_out,False,1344
LOC100578269,LOC100578269,Gene Expression,A_mel_mkref_out,False,2723
LOC726400,LOC726400,Gene Expression,A_mel_mkref_out,False,2148
LOC100577221,LOC100577221,Gene Expression,A_mel_mkref_out,False,18482
LOC727249,LOC727249,Gene Expression,A_mel_mkref_out,False,50385
LOC552605,LOC552605,Gene Expression,A_mel_mkref_out,False,24157
LOC413699,LOC413699,Gene Expression,A_mel_mkref_out,False,32849
LOC411227,LOC411227,Gene Expression,A_mel_mkref_out,False,37269
LOC100578137,LOC100578137,Gene Expression,A_mel_mkref_out,False,413
LOC107964765,LOC107964765,Gene Expression,A_mel_mkref_out,False,5100
LOC100577220,LOC100577220,Gene Expression,A_mel_mkref_out,False,5259
LOC408908,LOC408908,Gene Expression,A_mel_mkref_out,False,73501
LOC411215,LOC411215,Gene Expression,A_mel_mkref_out,False,2028
LOC102655685,LOC102655685,Gene Expression,A_mel_mkref_out,False,434
LOC413362,LOC413362,Gene Expression,A_mel_mkref_out,False,6597
LOC410140,LOC410140,Gene Expression,A_mel_mkref_out,False,81938
LOC409801,LOC409801,Gene Expression,A_mel_mkref_out,False,62
LOC724672,LOC724672,Gene Expression,A_mel_mkref_out,False,43200
LOC411534,LOC411534,Gene Expression,A_mel_mkref_out,False,73415
LOC409389,LOC409389,Gene Expression,A_mel_mkref_out,False,28866
LOC408944,LOC408944,Gene Expression,A_mel_mkref_out,False,90438
LOC100577763,LOC100577763,Gene Expression,A_mel_mkref_out,False,35829
JHBP-1,GeneID_449496,Gene Expression,A_mel_mkref_out,False,981
LOC724436,LOC724436,Gene Expression,A_mel_mkref_out,False,58
LOC725408,LOC725408,Gene Expression,A_mel_mkref_out,False,10870
LOC412994,LOC412994,Gene Expression,A_mel_mkref_out,False,62609
LOC113218888,LOC113218888,Gene Expression,A_mel_mkref_out,False,9184
LOC102655721,LOC102655721,Gene Expression,A_mel_mkref_out,False,1101
LOC100576606,LOC100576606,Gene Expression,A_mel_mkref_out,False,18537
LOC551260,LOC551260,Gene Expression,A_mel_mkref_out,False,7597
LOC724567,LOC724567,Gene Expression,A_mel_mkref_out,False,5500
LOC100577498,LOC100577498,Gene Expression,A_mel_mkref_out,False,28794
LOC100578816,LOC100578816,Gene Expression,A_mel_mkref_out,False,4598
LOC408945,LOC408945,Gene Expression,A_mel_mkref_out,False,37203
LOC411712,LOC411712,Gene Expression,A_mel_mkref_out,False,534
LOC408936,LOC408936,Gene Expression,A_mel_mkref_out,False,72029
LOC102655089,LOC102655089,Gene Expression,A_mel_mkref_out,False,317
LOC724518,LOC724518,Gene Expression,A_mel_mkref_out,False,18124
LOC412521,LOC412521,Gene Expression,A_mel_mkref_out,False,16714
LOC551102,LOC551102,Gene Expression,A_mel_mkref_out,False,32415
LOC411188,LOC411188,Gene Expression,A_mel_mkref_out,False,221
LOC408904,LOC408904,Gene Expression,A_mel_mkref_out,False,15594
LOC409387,LOC409387,Gene Expression,A_mel_mkref_out,False,11949
LOC413410,LOC413410,Gene Expression,A_mel_mkref_out,False,63403
LOC552026,LOC552026,Gene Expression,A_mel_mkref_out,False,29604
LOC113218912,LOC113218912,Gene Expression,A_mel_mkref_out,False,1134
LOC726532,LOC726532,Gene Expression,A_mel_mkref_out,False,33
Ant,GeneID_406075,Gene Expression,A_mel_mkref_out,False,48592
LOC413153,LOC413153,Gene Expression,A_mel_mkref_out,False,49013
LOC724612,LOC724612,Gene Expression,A_mel_mkref_out,False,1110
LOC727239,LOC727239,Gene Expression,A_mel_mkref_out,False,12039
LOC413958,LOC413958,Gene Expression,A_mel_mkref_out,False,21412
LOC102654639,LOC102654639,Gene Expression,A_mel_mkref_out,False,3695
LOC100578937,LOC100578937,Gene Expression,A_mel_mkref_out,False,33984
LOC413493,LOC413493,Gene Expression,A_mel_mkref_out,False,14291
LOC409045,LOC409045,Gene Expression,A_mel_mkref_out,False,74546
LOC102654659,LOC102654659,Gene Expression,A_mel_mkref_out,False,807
LOC408901,LOC408901,Gene Expression,A_mel_mkref_out,False,13538
LOC551898,LOC551898,Gene Expression,A_mel_mkref_out,False,50510
LOC724569,LOC724569,Gene Expression,A_mel_mkref_out,False,6108
LOC413383,LOC413383,Gene Expression,A_mel_mkref_out,False,34103
LOC100577986,LOC100577986,Gene Expression,A_mel_mkref_out,False,65897
LOC100577781,LOC100577781,Gene Expression,A_mel_mkref_out,False,4080
LOC102653847,LOC102653847,Gene Expression,A_mel_mkref_out,False,220
LOC411191,LOC411191,Gene Expression,A_mel_mkref_out,False,3207
LOC102656697,LOC102656697,Gene Expression,A_mel_mkref_out,False,130
LOC100576492,LOC100576492,Gene Expression,A_mel_mkref_out,False,3652
LOC725219,LOC725219,Gene Expression,A_mel_mkref_out,False,199
LOC100578177,LOC100578177,Gene Expression,A_mel_mkref_out,False,494
LOC725261,LOC725261,Gene Expression,A_mel_mkref_out,False,2497
LOC100578995,LOC100578995,Gene Expression,A_mel_mkref_out,False,1351
LOC102655232,LOC102655232,Gene Expression,A_mel_mkref_out,False,82
LOC102655976,LOC102655976,Gene Expression,A_mel_mkref_out,False,539
LOC409082,LOC409082,Gene Expression,A_mel_mkref_out,False,28396
LOC408900,LOC408900,Gene Expression,A_mel_mkref_out,False,31097
LOC409350,LOC409350,Gene Expression,A_mel_mkref_out,False,55760
LOC411223,LOC411223,Gene Expression,A_mel_mkref_out,False,146
LOC412176,LOC412176,Gene Expression,A_mel_mkref_out,False,45097
LOC102654113,LOC102654113,Gene Expression,A_mel_mkref_out,False,9403
LOC409645,LOC409645,Gene Expression,A_mel_mkref_out,False,6376
LOC551089,LOC551089,Gene Expression,A_mel_mkref_out,False,95
LOC100577541,LOC100577541,Gene Expression,A_mel_mkref_out,False,5735
LOC102655814,LOC102655814,Gene Expression,A_mel_mkref_out,False,2426
LOC100576694,LOC100576694,Gene Expression,A_mel_mkref_out,False,23
LOC411219,LOC411219,Gene Expression,A_mel_mkref_out,False,33710
LOC102655858,LOC102655858,Gene Expression,A_mel_mkref_out,False,210
LOC412491,LOC412491,Gene Expression,A_mel_mkref_out,False,31328
LOC725481,LOC725481,Gene Expression,A_mel_mkref_out,False,13127
LOC413192,LOC413192,Gene Expression,A_mel_mkref_out,False,8765
LOC100578704,LOC100578704,Gene Expression,A_mel_mkref_out,False,9398
LOC102656309,LOC102656309,Gene Expression,A_mel_mkref_out,False,1408
LOC107964773,LOC107964773,Gene Expression,A_mel_mkref_out,False,7019
LOC107964732,LOC107964732,Gene Expression,A_mel_mkref_out,False,363
LOC551644,LOC551644,Gene Expression,A_mel_mkref_out,False,29424
LOC413152,LOC413152,Gene Expression,A_mel_mkref_out,False,20016
LOC724313,LOC724313,Gene Expression,A_mel_mkref_out,False,164
LOC409163,LOC409163,Gene Expression,A_mel_mkref_out,False,47
LOC726399,LOC726399,Gene Expression,A_mel_mkref_out,False,75142
LOC409806,LOC409806,Gene Expression,A_mel_mkref_out,False,10833
LOC411541,LOC411541,Gene Expression,A_mel_mkref_out,False,14883
LOC411187,LOC411187,Gene Expression,A_mel_mkref_out,False,71
LOC408903,LOC408903,Gene Expression,A_mel_mkref_out,False,78078
LOC102653805,LOC102653805,Gene Expression,A_mel_mkref_out,False,73
LOC552437,LOC552437,Gene Expression,A_mel_mkref_out,False,22582
LOC100578975,LOC100578975,Gene Expression,A_mel_mkref_out,False,9594
LOC409107,LOC409107,Gene Expression,A_mel_mkref_out,False,58777
LOC551805,LOC551805,Gene Expression,A_mel_mkref_out,False,319
LOC107964711,LOC107964711,Gene Expression,A_mel_mkref_out,False,1952
LOC726699,LOC726699,Gene Expression,A_mel_mkref_out,False,647
LOC412817,LOC412817,Gene Expression,A_mel_mkref_out,False,21630
LOC102653798,LOC102653798,Gene Expression,A_mel_mkref_out,False,5765
LOC551779,LOC551779,Gene Expression,A_mel_mkref_out,False,20959
LOC413433,LOC413433,Gene Expression,A_mel_mkref_out,False,43367
Hsp90,GeneID_408928,Gene Expression,A_mel_mkref_out,False,85653
LOC113218899,LOC113218899,Gene Expression,A_mel_mkref_out,False,71
LOC413698,LOC413698,Gene Expression,A_mel_mkref_out,False,48901
LOC102656137,LOC102656137,Gene Expression,A_mel_mkref_out,False,29430
LOC550970,LOC550970,Gene Expression,A_mel_mkref_out,False,54099
LOC551259,LOC551259,Gene Expression,A_mel_mkref_out,False,24989
LOC100576687,LOC100576687,Gene Expression,A_mel_mkref_out,False,10195
LOC724223,LOC724223,Gene Expression,A_mel_mkref_out,False,23896
LOC100576599,LOC100576599,Gene Expression,A_mel_mkref_out,False,200
LOC552259,LOC552259,Gene Expression,A_mel_mkref_out,False,36795
LOC411909,LOC411909,Gene Expression,A_mel_mkref_out,False,16395
LOC551337,LOC551337,Gene Expression,A_mel_mkref_out,False,31404
LOC408909,LOC408909,Gene Expression,A_mel_mkref_out,False,26947
LOC550834,LOC550834,Gene Expression,A_mel_mkref_out,False,18057
LOC100577476,LOC100577476,Gene Expression,A_mel_mkref_out,False,1949
LOC552050,LOC552050,Gene Expression,A_mel_mkref_out,False,8522
LOC100577453,LOC100577453,Gene Expression,A_mel_mkref_out,False,389
LOC724863,LOC724863,Gene Expression,A_mel_mkref_out,False,20276
Ho,GeneID_494506,Gene Expression,A_mel_mkref_out,False,26348
LOC726401,LOC726401,Gene Expression,A_mel_mkref_out,False,57166
LOC100577307,LOC100577307,Gene Expression,A_mel_mkref_out,False,16626
Adk1,GeneID_412632,Gene Expression,A_mel_mkref_out,False,35357
LOC107964744,LOC107964744,Gene Expression,A_mel_mkref_out,False,261
LOC724660,LOC724660,Gene Expression,A_mel_mkref_out,False,56235
LOC102654841,LOC102654841,Gene Expression,A_mel_mkref_out,False,112
LOC107964737,LOC107964737,Gene Expression,A_mel_mkref_out,False,2098
LOC102655332,LOC102655332,Gene Expression,A_mel_mkref_out,False,1295
LOC550694,LOC550694,Gene Expression,A_mel_mkref_out,False,23117
LOC100577744,LOC100577744,Gene Expression,A_mel_mkref_out,False,654
LOC113218536,LOC113218536,Gene Expression,A_mel_mkref_out,False,390
LOC113218891,LOC113218891,Gene Expression,A_mel_mkref_out,False,1105
LOC408922,LOC408922,Gene Expression,A_mel_mkref_out,False,38607
LOC102653641,LOC102653641,Gene Expression,A_mel_mkref_out,False,15176
LOC725915,LOC725915,Gene Expression,A_mel_mkref_out,False,17124
LOC413065,LOC413065,Gene Expression,A_mel_mkref_out,False,20540
LOC411200,LOC411200,Gene Expression,A_mel_mkref_out,False,1008
LOC725406,LOC725406,Gene Expression,A_mel_mkref_out,False,66846
LOC724262,LOC724262,Gene Expression,A_mel_mkref_out,False,2790
LOC107964778,LOC107964778,Gene Expression,A_mel_mkref_out,False,5370
LOC724312,LOC724312,Gene Expression,A_mel_mkref_out,False,1144
LOC413098,LOC413098,Gene Expression,A_mel_mkref_out,False,7442
LOC552617,LOC552617,Gene Expression,A_mel_mkref_out,False,24095
LOC100576110,LOC100576110,Gene Expression,A_mel_mkref_out,False,5249
LOC113218889,LOC113218889,Gene Expression,A_mel_mkref_out,False,141
LOC113218890,LOC113218890,Gene Expression,A_mel_mkref_out,False,1636
LOC113218893,LOC113218893,Gene Expression,A_mel_mkref_out,False,119
LOC725515,LOC725515,Gene Expression,A_mel_mkref_out,False,17946
LOC100576263,LOC100576263,Gene Expression,A_mel_mkref_out,False,9065
LOC411683,LOC411683,Gene Expression,A_mel_mkref_out,False,10716
LOC107964726,LOC107964726,Gene Expression,A_mel_mkref_out,False,9546
LOC102654601,LOC102654601,Gene Expression,A_mel_mkref_out,False,44
LOC551130,LOC551130,Gene Expression,A_mel_mkref_out,False,53790
LOC113218567,LOC113218567,Gene Expression,A_mel_mkref_out,False,82484
LOC727251,LOC727251,Gene Expression,A_mel_mkref_out,False,7289
LOC100578503,LOC100578503,Gene Expression,A_mel_mkref_out,False,11916
LOC412552,LOC412552,Gene Expression,A_mel_mkref_out,False,29972
LOC552150,LOC552150,Gene Expression,A_mel_mkref_out,False,20448
LOC408925,LOC408925,Gene Expression,A_mel_mkref_out,False,15966
LOC102654560,LOC102654560,Gene Expression,A_mel_mkref_out,False,194
LOC409386,LOC409386,Gene Expression,A_mel_mkref_out,False,27277
LOC410013,LOC410013,Gene Expression,A_mel_mkref_out,False,56431
LOC551193,LOC551193,Gene Expression,A_mel_mkref_out,False,3112
LOC551702,LOC551702,Gene Expression,A_mel_mkref_out,False,6738
LOC107964008,LOC107964008,Gene Expression,A_mel_mkref_out,False,2055
LOC102654482,LOC102654482,Gene Expression,A_mel_mkref_out,False,1869
LOC102656658,LOC102656658,Gene Expression,A_mel_mkref_out,False,7387
LOC551179,LOC551179,Gene Expression,A_mel_mkref_out,False,51
LOC107964703,LOC107964703,Gene Expression,A_mel_mkref_out,False,701
LOC113218907,LOC113218907,Gene Expression,A_mel_mkref_out,False,6993
LOC100576755,LOC100576755,Gene Expression,A_mel_mkref_out,False,4897
LOC408934,LOC408934,Gene Expression,A_mel_mkref_out,False,49963
LOC725330,LOC725330,Gene Expression,A_mel_mkref_out,False,9364
LOC550687,LOC550687,Gene Expression,A_mel_mkref_out,False,7317
LOC414028,LOC414028,Gene Expression,A_mel_mkref_out,False,29642
LOC726196,LOC726196,Gene Expression,A_mel_mkref_out,False,8815
LOC107964742,LOC107964742,Gene Expression,A_mel_mkref_out,False,2477
LOC408937,LOC408937,Gene Expression,A_mel_mkref_out,False,4316
LOC412560,LOC412560,Gene Expression,A_mel_mkref_out,False,9983
LOC107964751,LOC107964751,Gene Expression,A_mel_mkref_out,False,2892
LOC107964776,LOC107964776,Gene Expression,A_mel_mkref_out,False,221
LOC413873,LOC413873,Gene Expression,A_mel_mkref_out,False,45722
LOC551349,LOC551349,Gene Expression,A_mel_mkref_out,False,20626
LOC113218566,LOC113218566,Gene Expression,A_mel_mkref_out,False,21234
LOC413246,LOC413246,Gene Expression,A_mel_mkref_out,False,67300
LOC724862,LOC724862,Gene Expression,A_mel_mkref_out,False,10980
LOC551804,LOC551804,Gene Expression,A_mel_mkref_out,False,9105
LOC411185,LOC411185,Gene Expression,A_mel_mkref_out,False,16594
LOC412810,LOC412810,Gene Expression,A_mel_mkref_out,False,10084
LOC725762,LOC725762,Gene Expression,A_mel_mkref_out,False,758
LOC100577571,LOC100577571,Gene Expression,A_mel_mkref_out,False,236
LOC410119,LOC410119,Gene Expression,A_mel_mkref_out,False,37249
LOC552125,LOC552125,Gene Expression,A_mel_mkref_out,False,22729
LOC726661,LOC726661,Gene Expression,A_mel_mkref_out,False,8094
LOC725329,LOC725329,Gene Expression,A_mel_mkref_out,False,79750
LOC107964766,LOC107964766,Gene Expression,A_mel_mkref_out,False,52
LOC107964764,LOC107964764,Gene Expression,A_mel_mkref_out,False,6950
LOC413248,LOC413248,Gene Expression,A_mel_mkref_out,False,14502
LOC100577132,LOC100577132,Gene Expression,A_mel_mkref_out,False,136
LOC412372,LOC412372,Gene Expression,A_mel_mkref_out,False,17144
LOC413361,LOC413361,Gene Expression,A_mel_mkref_out,False,37459
LOC724705,LOC724705,Gene Expression,A_mel_mkref_out,False,2243
LOC409851,LOC409851,Gene Expression,A_mel_mkref_out,False,43918
LOC409590,LOC409590,Gene Expression,A_mel_mkref_out,False,4256
LOC726656,LOC726656,Gene Expression,A_mel_mkref_out,False,46101
LOC724757,LOC724757,Gene Expression,A_mel_mkref_out,False,14560
LOC551544,LOC551544,Gene Expression,A_mel_mkref_out,False,426
LOC100578523,LOC100578523,Gene Expression,A_mel_mkref_out,False,2563
LOC725018,LOC725018,Gene Expression,A_mel_mkref_out,False,3933
LOC411189,LOC411189,Gene Expression,A_mel_mkref_out,False,3804
Nipped-B,GeneID_724978ipped-B,Gene Expression,A_mel_mkref_out,False,39098
LOC409278,LOC409278,Gene Expression,A_mel_mkref_out,False,5011
LOC551293,LOC551293,Gene Expression,A_mel_mkref_out,False,25185
LOC107964728,LOC107964728,Gene Expression,A_mel_mkref_out,False,568
LOC726823,LOC726823,Gene Expression,A_mel_mkref_out,False,31188
LOC100577159,LOC100577159,Gene Expression,A_mel_mkref_out,False,1829
LOC552801,LOC552801,Gene Expression,A_mel_mkref_out,False,13154
LOC100576528,LOC100576528,Gene Expression,A_mel_mkref_out,False,64438
LOC412804,LOC412804,Gene Expression,A_mel_mkref_out,False,32934
LOC411986,LOC411986,Gene Expression,A_mel_mkref_out,False,83529
LOC552172,LOC552172,Gene Expression,A_mel_mkref_out,False,33544
LOC100577875,LOC100577875,Gene Expression,A_mel_mkref_out,False,127
LOC102655674,LOC102655674,Gene Expression,A_mel_mkref_out,False,7231
nAChRa4,GeneID_724143,Gene Expression,A_mel_mkref_out,False,67456
LOC724823,LOC724823,Gene Expression,A_mel_mkref_out,False,83449
LOC725175,LOC725175,Gene Expression,A_mel_mkref_out,False,89
LOC408910,LOC408910,Gene Expression,A_mel_mkref_out,False,56661
LOC100576841,LOC100576841,Gene Expression,A_mel_mkref_out,False,3211
LOC113218894,LOC113218894,Gene Expression,A_mel_mkref_out,False,1005
LOC411212,LOC411212,Gene Expression,A_mel_mkref_out,False,63798
LOC408905,LOC408905,Gene Expression,A_mel_mkref_out,False,28395
LOC107964769,LOC107964769,Gene Expression,A_mel_mkref_out,False,93
LOC413637,LOC413637,Gene Expression,A_mel_mkref_out,False,10047
LOC551400,LOC551400,Gene Expression,A_mel_mkref_out,False,8127
LOC724353,LOC724353,Gene Expression,A_mel_mkref_out,False,992
LOC411231,LOC411231,Gene Expression,A_mel_mkref_out,False,9524
LOC409558,LOC409558,Gene Expression,A_mel_mkref_out,False,29394
LOC725555,LOC725555,Gene Expression,A_mel_mkref_out,False,34834
LOC411213,LOC411213,Gene Expression,A_mel_mkref_out,False,41223
LOC411695,LOC411695,Gene Expression,A_mel_mkref_out,False,17339
LOC413345,LOC413345,Gene Expression,A_mel_mkref_out,False,12731
LOC551778,LOC551778,Gene Expression,A_mel_mkref_out,False,2406
LOC725366,LOC725366,Gene Expression,A_mel_mkref_out,False,787
LOC100577707,LOC100577707,Gene Expression,A_mel_mkref_out,False,59727
LOC726210,LOC726210,Gene Expression,A_mel_mkref_out,False,7590
LOC727260,LOC727260,Gene Expression,A_mel_mkref_out,False,30168
LOC725708,LOC725708,Gene Expression,A_mel_mkref_out,False,14911
LOC551225,LOC551225,Gene Expression,A_mel_mkref_out,False,30069
LOC102655337,LOC102655337,Gene Expression,A_mel_mkref_out,False,5241
LOC408949,LOC408949,Gene Expression,A_mel_mkref_out,False,29270
LOC411685,LOC411685,Gene Expression,A_mel_mkref_out,False,342
LOC100577156,LOC100577156,Gene Expression,A_mel_mkref_out,False,480
LOC724869,LOC724869,Gene Expression,A_mel_mkref_out,False,8373
LOC409913,LOC409913,Gene Expression,A_mel_mkref_out,False,15421
LOC100577723,LOC100577723,Gene Expression,A_mel_mkref_out,False,10422
LOC408935,LOC408935,Gene Expression,A_mel_mkref_out,False,76383
LOC100578483,LOC100578483,Gene Expression,A_mel_mkref_out,False,5668
LOC413354,LOC413354,Gene Expression,A_mel_mkref_out,False,11429
LOC102653944,LOC102653944,Gene Expression,A_mel_mkref_out,False,1947
LOC100578207,LOC100578207,Gene Expression,A_mel_mkref_out,False,717
LOC100578629,LOC100578629,Gene Expression,A_mel_mkref_out,False,14525
LOC113218905,LOC113218905,Gene Expression,A_mel_mkref_out,False,22827
LOC107964771,LOC107964771,Gene Expression,A_mel_mkref_out,False,21
LOC412259,LOC412259,Gene Expression,A_mel_mkref_out,False,5025
LOC413721,LOC413721,Gene Expression,A_mel_mkref_out,False,73397
LOC412274,LOC412274,Gene Expression,A_mel_mkref_out,False,16597
LOC726358,LOC726358,Gene Expression,A_mel_mkref_out,False,41944
LOC411230,LOC411230,Gene Expression,A_mel_mkref_out,False,19790
LOC100578235,LOC100578235,Gene Expression,A_mel_mkref_out,False,12419
LOC413495,LOC413495,Gene Expression,A_mel_mkref_out,False,9746
LOC408950,LOC408950,Gene Expression,A_mel_mkref_out,False,21864
LOC413176,LOC413176,Gene Expression,A_mel_mkref_out,False,37564
LOC409933,LOC409933,Gene Expression,A_mel_mkref_out,False,85037
LOC413720,LOC413720,Gene Expression,A_mel_mkref_out,False,23430
LOC100577472,LOC100577472,Gene Expression,A_mel_mkref_out,False,15994
LOC102656539,LOC102656539,Gene Expression,A_mel_mkref_out,False,22549
LOC107965778,LOC107965778,Gene Expression,A_mel_mkref_out,False,862
LOC102654592,LOC102654592,Gene Expression,A_mel_mkref_out,False,1344
LOC726762,LOC726762,Gene Expression,A_mel_mkref_out,False,1600
LOC406124,LOC406124,Gene Expression,A_mel_mkref_out,False,82731
LOC412808,LOC412808,Gene Expression,A_mel_mkref_out,False,29831
LOC724355,LOC724355,Gene Expression,A_mel_mkref_out,False,12424
LOC102654578,LOC102654578,Gene Expression,A_mel_mkref_out,False,1702
LOC113218902,LOC113218902,Gene Expression,A_mel_mkref_out,False,111
LOC724893,LOC724893,Gene Expression,A_mel_mkref_out,False,10279
LOC100576260,LOC100576260,Gene Expression,A_mel_mkref_out,False,148
LOC412642,LOC412642,Gene Expression,A_mel_mkref_out,False,21130
LOC727418,LOC727418,Gene Expression,A_mel_mkref_out,False,6339
LOC727091,LOC727091,Gene Expression,A_mel_mkref_out,False,23060
LOC411696,LOC411696,Gene Expression,A_mel_mkref_out,False,26010
LOC551304,LOC551304,Gene Expression,A_mel_mkref_out,False,8523
LOC551437,LOC551437,Gene Expression,A_mel_mkref_out,False,2955
LOC552491,LOC552491,Gene Expression,A_mel_mkref_out,False,47234
LOC725407,LOC725407,Gene Expression,A_mel_mkref_out,False,301
LOC113218898,LOC113218898,Gene Expression,A_mel_mkref_out,False,5362
LOC408953,LOC408953,Gene Expression,A_mel_mkref_out,False,73702
LOC100188904,LOC100188904,Gene Expression,A_mel_mkref_out,False,2609
LOC727088,LOC727088,Gene Expression,A_mel_mkref_out,False,19190
LOC412818,LOC412818,Gene Expression,A_mel_mkref_out,False,43793
LOC102656013,LOC102656013,Gene Expression,A_mel_mkref_out,False,2752
LOC724704,LOC724704,Gene Expression,A_mel_mkref_out,False,87937
LOC551998,LOC551998,Gene Expression,A_mel_mkref_out,False,3660
LOC102655859,LOC102655859,Gene Expression,A_mel_mkref_out,False,27
LOC726362,LOC726362,Gene Expression,A_mel_mkref_out,False,38
LOC551879,LOC551879,Gene Expression,A_mel_mkref_out,False,1810
LOC107964724,LOC107964724,Gene Expression,A_mel_mkref_out,False,135
LOC551613,LOC551613,Gene Expression,A_mel_mkref_out,False,30835
LOC726842,LOC726842,Gene Expression,A_mel_mkref_out,False,17687
LOC413167,LOC413167,Gene Expression,A_mel_mkref_out,False,11074
LOC412799,LOC412799,Gene Expression,A_mel_mkref_out,False,79084
LOC725594,LOC725594,Gene Expression,A_mel_mkref_out,False,3267
LOC102653770,LOC102653770,Gene Expression,A_mel_mkref_out,False,376
LOC410067,LOC410067,Gene Expression,A_mel_mkref_out,False,29248
LOC727247,LOC727247,Gene Expression,A_mel_mkref_out,False,4628
LOC551047,LOC551047,Gene Expression,A_mel_mkref_out,False,28125
LOC102656511,LOC102656511,Gene Expression,A_mel_mkref_out,False,1159
LOC107964760,LOC107964760,Gene Expression,A_mel_mkref_out,False,1278
LOC100578020,LOC100578020,Gene Expression,A_mel_mkref_out,False,3427
LOC409624,LOC409624,Gene Expression,A_mel_mkref_out,False,32120
LOC102654878,LOC102654878,Gene Expression,A_mel_mkref_out,False,77
LOC100576298,LOC100576298,Gene Expression,A_mel_mkref_out,False,4809
LOC409768,LOC409768,Gene Expression,A_mel_mkref_out,False,12804
LOC413332,LOC413332,Gene Expression,A_mel_mkref_out,False,43714
LOC409934,LOC409934,Gene Expression,A_mel_mkref_out,False,34180
LOC413831,LOC413831,Gene Expression,A_mel_mkref_out,False,22608
LOC102655868,LOC102655868,Gene Expression,A_mel_mkref_out,False,692
LOC411197,LOC411197,Gene Expression,A_mel_mkref_out,False,3399
LOC102656729,LOC102656729,Gene Expression,A_mel_mkref_out,False,102
LOC411540,LOC411540,Gene Expression,A_mel_mkref_out,False,16355
LOC726664,LOC726664,Gene Expression,A_mel_mkref_out,False,39779
LOC102656332,LOC102656332,Gene Expression,A_mel_mkref_out,False,1221
LOC413334,LOC413334,Gene Expression,A_mel_mkref_out,False,40154
LOC411706,LOC411706,Gene Expression,A_mel_mkref_out,False,809
LOC409693,LOC409693,Gene Expression,A_mel_mkref_out,False,13862
LOC411199,LOC411199,Gene Expression,A_mel_mkref_out,False,44650
LOC408939,LOC408939,Gene Expression,A_mel_mkref_out,False,21367
LOC100577018,LOC100577018,Gene Expression,A_mel_mkref_out,False,24
LOC552061,LOC552061,Gene Expression,A_mel_mkref_out,False,43434
LOC726833,LOC726833,Gene Expression,A_mel_mkref_out,False,38448
LOC100578834,LOC100578834,Gene Expression,A_mel_mkref_out,False,9698
LOC551461,LOC551461,Gene Expression,A_mel_mkref_out,False,17382
LOC409802,LOC409802,Gene Expression,A_mel_mkref_out,False,12946
LOC100577972,LOC100577972,Gene Expression,A_mel_mkref_out,False,73676
LOC551662,LOC551662,Gene Expression,A_mel_mkref_out,False,24305
LOC725668,LOC725668,Gene Expression,A_mel_mkref_out,False,1874
LOC412755,LOC412755,Gene Expression,A_mel_mkref_out,False,9491
LOC412806,LOC412806,Gene Expression,A_mel_mkref_out,False,7051
LOC411194,LOC411194,Gene Expression,A_mel_mkref_out,False,10918
LOC725482,LOC725482,Gene Expression,A_mel_mkref_out,False,18252
LOC412332,LOC412332,Gene Expression,A_mel_mkref_out,False,44119
LOC727230,LOC727230,Gene Expression,A_mel_mkref_out,False,47667
LOC100576741,LOC100576741,Gene Expression,A_mel_mkref_out,False,306
LOC411750,LOC411750,Gene Expression,A_mel_mkref_out,False,31520
LOC408906,LOC408906,Gene Expression,A_mel_mkref_out,False,60026
LOC413168,LOC413168,Gene Expression,A_mel_mkref_out,False,927
LOC408924,LOC408924,Gene Expression,A_mel_mkref_out,False,5890
LOC408942,LOC408942,Gene Expression,A_mel_mkref_out,False,56919
LOC411226,LOC411226,Gene Expression,A_mel_mkref_out,False,2648
LOC409272,LOC409272,Gene Expression,A_mel_mkref_out,False,17231
LOC100577235,LOC100577235,Gene Expression,A_mel_mkref_out,False,815
LOC724617,LOC724617,Gene Expression,A_mel_mkref_out,False,13630
LOC410041,LOC410041,Gene Expression,A_mel_mkref_out,False,13057
LOC552505,LOC552505,Gene Expression,A_mel_mkref_out,False,63324
LOC107964743,LOC107964743,Gene Expression,A_mel_mkref_out,False,135
LOC102653960,LOC102653960,Gene Expression,A_mel_mkref_out,False,7464
LOC550818,LOC550818,Gene Expression,A_mel_mkref_out,False,76803
LOC411539,LOC411539,Gene Expression,A_mel_mkref_out,False,39184
LOC409077,LOC409077,Gene Expression,A_mel_mkref_out,False,20448
LOC552130,LOC552130,Gene Expression,A_mel_mkref_out,False,153
LOC100578733,LOC100578733,Gene Expression,A_mel_mkref_out,False,752
LOC552486,LOC552486,Gene Expression,A_mel_mkref_out,False,19604
LOC551128,LOC551128,Gene Expression,A_mel_mkref_out,False,23675
LOC726900,LOC726900,Gene Expression,A_mel_mkref_out,False,8451
LOC727271,LOC727271,Gene Expression,A_mel_mkref_out,False,26473
LOC107964493,LOC107964493,Gene Expression,A_mel_mkref_out,False,350
LOC551397,LOC551397,Gene Expression,A_mel_mkref_out,False,11794
LOC113218767,LOC113218767,Gene Expression,A_mel_mkref_out,False,545
LOC724608,LOC724608,Gene Expression,A_mel_mkref_out,False,412
LOC413690,LOC413690,Gene Expression,A_mel_mkref_out,False,20893
LOC410098,LOC410098,Gene Expression,A_mel_mkref_out,False,19011
LOC411071,LOC411071,Gene Expression,A_mel_mkref_out,False,49488
LOC727022,LOC727022,Gene Expression,A_mel_mkref_out,False,15144
LOC100577896,LOC100577896,Gene Expression,A_mel_mkref_out,False,4754
LOC552741,LOC552741,Gene Expression,A_mel_mkref_out,False,9871
LOC409594,LOC409594,Gene Expression,A_mel_mkref_out,False,25331
LOC100577257,LOC100577257,Gene Expression,A_mel_mkref_out,False,618
Imd,GeneID_100302584,Gene Expression,A_mel_mkref_out,False,10153
LOC107964467,LOC107964467,Gene Expression,A_mel_mkref_out,False,3528
LOC409456,LOC409456,Gene Expression,A_mel_mkref_out,False,53904
LOC409727,LOC409727,Gene Expression,A_mel_mkref_out,False,52780
LOC411106,LOC411106,Gene Expression,A_mel_mkref_out,False,11383
LOC100577094,LOC100577094,Gene Expression,A_mel_mkref_out,False,8819
LOC408845,LOC408845,Gene Expression,A_mel_mkref_out,False,78201
LOC551550,LOC551550,Gene Expression,A_mel_mkref_out,False,14989
LOC411068,LOC411068,Gene Expression,A_mel_mkref_out,False,34054
LOC102654030,LOC102654030,Gene Expression,A_mel_mkref_out,False,1343
LOC413762,LOC413762,Gene Expression,A_mel_mkref_out,False,22336
LOC100576349,LOC100576349,Gene Expression,A_mel_mkref_out,False,539
LOC100577128,LOC100577128,Gene Expression,A_mel_mkref_out,False,256
LOC107964423,LOC107964423,Gene Expression,A_mel_mkref_out,False,14046
LOC552182,LOC552182,Gene Expression,A_mel_mkref_out,False,17184
LOC100576277,LOC100576277,Gene Expression,A_mel_mkref_out,False,38244
LOC413757,LOC413757,Gene Expression,A_mel_mkref_out,False,15770
LOC411809,LOC411809,Gene Expression,A_mel_mkref_out,False,33602
LOC113218814,LOC113218814,Gene Expression,A_mel_mkref_out,False,61
LOC100576826,LOC100576826,Gene Expression,A_mel_mkref_out,False,4252
LOC725127,LOC725127,Gene Expression,A_mel_mkref_out,False,2271
LOC412641,LOC412641,Gene Expression,A_mel_mkref_out,False,658
LOC551897,LOC551897,Gene Expression,A_mel_mkref_out,False,1379
LOC406073,LOC406073,Gene Expression,A_mel_mkref_out,False,51154
LOC102655751,LOC102655751,Gene Expression,A_mel_mkref_out,False,22999
LOC100577941,LOC100577941,Gene Expression,A_mel_mkref_out,False,8489
LOC409979,LOC409979,Gene Expression,A_mel_mkref_out,False,1313
LOC100578651,LOC100578651,Gene Expression,A_mel_mkref_out,False,239
LOC411125,LOC411125,Gene Expression,A_mel_mkref_out,False,15575
LOC412687,LOC412687,Gene Expression,A_mel_mkref_out,False,17746
CSP3,GeneID_406094,Gene Expression,A_mel_mkref_out,False,1029
LOC412644,LOC412644,Gene Expression,A_mel_mkref_out,False,13164
LOC727246,LOC727246,Gene Expression,A_mel_mkref_out,False,81974
LOC102656464,LOC102656464,Gene Expression,A_mel_mkref_out,False,1638
LOC408848,LOC408848,Gene Expression,A_mel_mkref_out,False,23344
LOC726160,LOC726160,Gene Expression,A_mel_mkref_out,False,5053
LOC552382,LOC552382,Gene Expression,A_mel_mkref_out,False,25317
LOC102656230,LOC102656230,Gene Expression,A_mel_mkref_out,False,55
LOC412488,LOC412488,Gene Expression,A_mel_mkref_out,False,19197
LOC102655904,LOC102655904,Gene Expression,A_mel_mkref_out,False,88901
LOC100576101,LOC100576101,Gene Expression,A_mel_mkref_out,False,25724
LOC100576449,LOC100576449,Gene Expression,A_mel_mkref_out,False,4411
LOC413319,LOC413319,Gene Expression,A_mel_mkref_out,False,14034
LOC724218,LOC724218,Gene Expression,A_mel_mkref_out,False,13614
LOC726894,LOC726894,Gene Expression,A_mel_mkref_out,False,21732
LOC412549,LOC412549,Gene Expression,A_mel_mkref_out,False,14478
LOC551480,LOC551480,Gene Expression,A_mel_mkref_out,False,10692
LOC725492,LOC725492,Gene Expression,A_mel_mkref_out,False,23101
LOC552797,LOC552797,Gene Expression,A_mel_mkref_out,False,17058
LOC552413,LOC552413,Gene Expression,A_mel_mkref_out,False,10055
LOC102656140,LOC102656140,Gene Expression,A_mel_mkref_out,False,93
LOC409444,LOC409444,Gene Expression,A_mel_mkref_out,False,55679
LOC113218762,LOC113218762,Gene Expression,A_mel_mkref_out,False,777
LOC100578865,LOC100578865,Gene Expression,A_mel_mkref_out,False,58504
LOC102654740,LOC102654740,Gene Expression,A_mel_mkref_out,False,730
LOC725796,LOC725796,Gene Expression,A_mel_mkref_out,False,11636
LOC413718,LOC413718,Gene Expression,A_mel_mkref_out,False,16134
LOC113218763,LOC113218763,Gene Expression,A_mel_mkref_out,False,514
LOC413169,LOC413169,Gene Expression,A_mel_mkref_out,False,23797
LOC412426,LOC412426,Gene Expression,A_mel_mkref_out,False,17288
Brd7,GeneID_411112,Gene Expression,A_mel_mkref_out,False,35199
LOC551993,LOC551993,Gene Expression,A_mel_mkref_out,False,1150
LOC413128,LOC413128,Gene Expression,A_mel_mkref_out,False,286
LOC411104,LOC411104,Gene Expression,A_mel_mkref_out,False,28980
LOC113218803,LOC113218803,Gene Expression,A_mel_mkref_out,False,9065
LOC725337,LOC725337,Gene Expression,A_mel_mkref_out,False,16132
LOC102655563,LOC102655563,Gene Expression,A_mel_mkref_out,False,399
LOC113218791,LOC113218791,Gene Expression,A_mel_mkref_out,False,7856
LOC409155,LOC409155,Gene Expression,A_mel_mkref_out,False,26363
LOC412531,LOC412531,Gene Expression,A_mel_mkref_out,False,12741
LOC100577396,LOC100577396,Gene Expression,A_mel_mkref_out,False,184
LOC725015,LOC725015,Gene Expression,A_mel_mkref_out,False,30051
LOC726439,LOC726439,Gene Expression,A_mel_mkref_out,False,38943
LOC552772,LOC552772,Gene Expression,A_mel_mkref_out,False,5140
LOC411105,LOC411105,Gene Expression,A_mel_mkref_out,False,12141
LOC411124,LOC411124,Gene Expression,A_mel_mkref_out,False,16230
LOC412676,LOC412676,Gene Expression,A_mel_mkref_out,False,26456
LOC100576886,LOC100576886,Gene Expression,A_mel_mkref_out,False,5875
LOC552439,LOC552439,Gene Expression,A_mel_mkref_out,False,13951
LOC411829,LOC411829,Gene Expression,A_mel_mkref_out,False,44545
LOC409153,LOC409153,Gene Expression,A_mel_mkref_out,False,28748
LOC724170,LOC724170,Gene Expression,A_mel_mkref_out,False,22860
LOC107964500,LOC107964500,Gene Expression,A_mel_mkref_out,False,188
LOC102654994,LOC102654994,Gene Expression,A_mel_mkref_out,False,58977
LOC412593,LOC412593,Gene Expression,A_mel_mkref_out,False,33363
LOC552420,LOC552420,Gene Expression,A_mel_mkref_out,False,10157
LOC409725,LOC409725,Gene Expression,A_mel_mkref_out,False,12637
LOC726260,LOC726260,Gene Expression,A_mel_mkref_out,False,9025
LOC406081,LOC406081,Gene Expression,A_mel_mkref_out,False,977
LOC102656275,LOC102656275,Gene Expression,A_mel_mkref_out,False,207
LOC412580,LOC412580,Gene Expression,A_mel_mkref_out,False,9449
Qbp-1,GeneID_678511,Gene Expression,A_mel_mkref_out,False,14807
LOC102656864,LOC102656864,Gene Expression,A_mel_mkref_out,False,4049
LOC413763,LOC413763,Gene Expression,A_mel_mkref_out,False,13030
LOC724169,LOC724169,Gene Expression,A_mel_mkref_out,False,47930
LOC113218766,LOC113218766,Gene Expression,A_mel_mkref_out,False,1614
LOC551459,LOC551459,Gene Expression,A_mel_mkref_out,False,11814
EF1a-F2,GeneID_544670,Gene Expression,A_mel_mkref_out,False,50431
LOC412401,LOC412401,Gene Expression,A_mel_mkref_out,False,69951
LOC411545,LOC411545,Gene Expression,A_mel_mkref_out,False,17969
LOC552574,LOC552574,Gene Expression,A_mel_mkref_out,False,23737
LOC107964404,LOC107964404,Gene Expression,A_mel_mkref_out,False,53068
LOC100579034,LOC100579034,Gene Expression,A_mel_mkref_out,False,16225
LOC102654186,LOC102654186,Gene Expression,A_mel_mkref_out,False,14119
LOC409500,LOC409500,Gene Expression,A_mel_mkref_out,False,12188
LOC100576908,LOC100576908,Gene Expression,A_mel_mkref_out,False,22205
LOC726841,LOC726841,Gene Expression,A_mel_mkref_out,False,17433
LOC724868,LOC724868,Gene Expression,A_mel_mkref_out,False,33397
LOC411891,LOC411891,Gene Expression,A_mel_mkref_out,False,15120
LOC102653851,LOC102653851,Gene Expression,A_mel_mkref_out,False,175
LOC726828,LOC726828,Gene Expression,A_mel_mkref_out,False,13533
LOC100577231,LOC100577231,Gene Expression,A_mel_mkref_out,False,45366
LOC412751,LOC412751,Gene Expression,A_mel_mkref_out,False,7962
LOC102654384,LOC102654384,Gene Expression,A_mel_mkref_out,False,11591
LOC411085,LOC411085,Gene Expression,A_mel_mkref_out,False,10220
LOC412382,LOC412382,Gene Expression,A_mel_mkref_out,False,1806
LOC414011,LOC414011,Gene Expression,A_mel_mkref_out,False,30096
LOC552810,LOC552810,Gene Expression,A_mel_mkref_out,False,25483
LOC552357,LOC552357,Gene Expression,A_mel_mkref_out,False,4965
LOC410030,LOC410030,Gene Expression,A_mel_mkref_out,False,10902
LOC726429,LOC726429,Gene Expression,A_mel_mkref_out,False,1598
LOC411116,LOC411116,Gene Expression,A_mel_mkref_out,False,57021
Dcr-1,GeneID_552127,Gene Expression,A_mel_mkref_out,False,30528
LOC413365,LOC413365,Gene Expression,A_mel_mkref_out,False,12016
LOC413366,LOC413366,Gene Expression,A_mel_mkref_out,False,1237
LOC100578444,LOC100578444,Gene Expression,A_mel_mkref_out,False,5545
LOC551314,LOC551314,Gene Expression,A_mel_mkref_out,False,29956
LOC552430,LOC552430,Gene Expression,A_mel_mkref_out,False,19451
LOC413691,LOC413691,Gene Expression,A_mel_mkref_out,False,4489
LOC107964461,LOC107964461,Gene Expression,A_mel_mkref_out,False,8197
LOC725899,LOC725899,Gene Expression,A_mel_mkref_out,False,18571
LOC724529,LOC724529,Gene Expression,A_mel_mkref_out,False,6373
LOC724742,LOC724742,Gene Expression,A_mel_mkref_out,False,27283
LOC408839,LOC408839,Gene Expression,A_mel_mkref_out,False,39054
LOC725298,LOC725298,Gene Expression,A_mel_mkref_out,False,39731
LOC411072,LOC411072,Gene Expression,A_mel_mkref_out,False,13006
LOC725362,LOC725362,Gene Expression,A_mel_mkref_out,False,22807
LOC411385,LOC411385,Gene Expression,A_mel_mkref_out,False,4382
LOC102656501,LOC102656501,Gene Expression,A_mel_mkref_out,False,6770
LOC113218759,LOC113218759,Gene Expression,A_mel_mkref_out,False,647
LOC100576559,LOC100576559,Gene Expression,A_mel_mkref_out,False,10039
LOC413129,LOC413129,Gene Expression,A_mel_mkref_out,False,14000
LOC102656265,LOC102656265,Gene Expression,A_mel_mkref_out,False,183
LOC107964465,LOC107964465,Gene Expression,A_mel_mkref_out,False,206
LOC102653815,LOC102653815,Gene Expression,A_mel_mkref_out,False,18184
LOC412965,LOC412965,Gene Expression,A_mel_mkref_out,False,30103
LOC411114,LOC411114,Gene Expression,A_mel_mkref_out,False,94006
LOC100576657,LOC100576657,Gene Expression,A_mel_mkref_out,False,21507
LOC408851,LOC408851,Gene Expression,A_mel_mkref_out,False,39154
LOC107964512,LOC107964512,Gene Expression,A_mel_mkref_out,False,193
LOC726025,LOC726025,Gene Expression,A_mel_mkref_out,False,16796
LOC724926,LOC724926,Gene Expression,A_mel_mkref_out,False,4488
LOC725963,LOC725963,Gene Expression,A_mel_mkref_out,False,3872
LOC724701,LOC724701,Gene Expression,A_mel_mkref_out,False,14573
LOC412119,LOC412119,Gene Expression,A_mel_mkref_out,False,12864
LOC413011,LOC413011,Gene Expression,A_mel_mkref_out,False,34027
LOC100578984,LOC100578984,Gene Expression,A_mel_mkref_out,False,36245
LOC409589,LOC409589,Gene Expression,A_mel_mkref_out,False,26086
LOC408860,LOC408860,Gene Expression,A_mel_mkref_out,False,14718
LOC411892,LOC411892,Gene Expression,A_mel_mkref_out,False,41270
LOC411060,LOC411060,Gene Expression,A_mel_mkref_out,False,26888
LOC413012,LOC413012,Gene Expression,A_mel_mkref_out,False,23259
Err,GeneID_408855,Gene Expression,A_mel_mkref_out,False,47249
Chmp1,GeneID_727512,Gene Expression,A_mel_mkref_out,False,21241
LOC100578151,LOC100578151,Gene Expression,A_mel_mkref_out,False,1412
LOC726309,LOC726309,Gene Expression,A_mel_mkref_out,False,2442
LOC409382,LOC409382,Gene Expression,A_mel_mkref_out,False,43896
LOC726216,LOC726216,Gene Expression,A_mel_mkref_out,False,16829
LOC725552,LOC725552,Gene Expression,A_mel_mkref_out,False,26589
LOC411627,LOC411627,Gene Expression,A_mel_mkref_out,False,19156
LOC107964516,LOC107964516,Gene Expression,A_mel_mkref_out,False,1390
LOC724654,LOC724654,Gene Expression,A_mel_mkref_out,False,178
LOC102656901,LOC102656901,Gene Expression,A_mel_mkref_out,False,6945
LOC725795,LOC725795,Gene Expression,A_mel_mkref_out,False,23564
LOC100578298,LOC100578298,Gene Expression,A_mel_mkref_out,False,16713
LOC107964403,LOC107964403,Gene Expression,A_mel_mkref_out,False,11854
LOC113218804,LOC113218804,Gene Expression,A_mel_mkref_out,False,1116
LOC113218809,LOC113218809,Gene Expression,A_mel_mkref_out,False,9077
LOC413930,LOC413930,Gene Expression,A_mel_mkref_out,False,5053
LOC102656631,LOC102656631,Gene Expression,A_mel_mkref_out,False,1402
LOC409141,LOC409141,Gene Expression,A_mel_mkref_out,False,14748
LOC551747,LOC551747,Gene Expression,A_mel_mkref_out,False,10533
LOC726336,LOC726336,Gene Expression,A_mel_mkref_out,False,34139
LOC724431,LOC724431,Gene Expression,A_mel_mkref_out,False,14180
LOC725774,LOC725774,Gene Expression,A_mel_mkref_out,False,4572
LOC102653921,LOC102653921,Gene Expression,A_mel_mkref_out,False,3794
LOC551877,LOC551877,Gene Expression,A_mel_mkref_out,False,30479
LOC412268,LOC412268,Gene Expression,A_mel_mkref_out,False,17090
LOC102655168,LOC102655168,Gene Expression,A_mel_mkref_out,False,238
LOC727113,LOC727113,Gene Expression,A_mel_mkref_out,False,24479
LOC411890,LOC411890,Gene Expression,A_mel_mkref_out,False,15780
LOC100188940,LOC100188940,Gene Expression,A_mel_mkref_out,False,24674
LOC412232,LOC412232,Gene Expression,A_mel_mkref_out,False,20220
LOC726002,LOC726002,Gene Expression,A_mel_mkref_out,False,38463
LOC100578835,LOC100578835,Gene Expression,A_mel_mkref_out,False,1809
LOC726480,LOC726480,Gene Expression,A_mel_mkref_out,False,14554
LOC113218552,LOC113218552,Gene Expression,A_mel_mkref_out,False,13351
LOC113218777,LOC113218777,Gene Expression,A_mel_mkref_out,False,1648
LOC107964413,LOC107964413,Gene Expression,A_mel_mkref_out,False,2439
LOC100576683,LOC100576683,Gene Expression,A_mel_mkref_out,False,37000
LOC100576165,LOC100576165,Gene Expression,A_mel_mkref_out,False,10036
LOC100578810,LOC100578810,Gene Expression,A_mel_mkref_out,False,22089
LOC409058,LOC409058,Gene Expression,A_mel_mkref_out,False,97
LOC409063,LOC409063,Gene Expression,A_mel_mkref_out,False,5424
LOC726074,LOC726074,Gene Expression,A_mel_mkref_out,False,4423
LOC550965,LOC550965,Gene Expression,A_mel_mkref_out,False,47
LOC411134,LOC411134,Gene Expression,A_mel_mkref_out,False,14221
LOC102654987,LOC102654987,Gene Expression,A_mel_mkref_out,False,27617
LOC113218796,LOC113218796,Gene Expression,A_mel_mkref_out,False,37
LOC102654470,LOC102654470,Gene Expression,A_mel_mkref_out,False,1852
LOC725732,LOC725732,Gene Expression,A_mel_mkref_out,False,28912
LOC102654379,LOC102654379,Gene Expression,A_mel_mkref_out,False,12211
LOC411465,LOC411465,Gene Expression,A_mel_mkref_out,False,17638
LOC725128,LOC725128,Gene Expression,A_mel_mkref_out,False,4376
LOC100576817,LOC100576817,Gene Expression,A_mel_mkref_out,False,22717
LOC412550,LOC412550,Gene Expression,A_mel_mkref_out,False,17511
LOC411088,LOC411088,Gene Expression,A_mel_mkref_out,False,12294
LOC411758,LOC411758,Gene Expression,A_mel_mkref_out,False,62063
LOC409867,LOC409867,Gene Expression,A_mel_mkref_out,False,41716
LOC551219,LOC551219,Gene Expression,A_mel_mkref_out,False,8335
LOC411086,LOC411086,Gene Expression,A_mel_mkref_out,False,10989
LOC727423,LOC727423,Gene Expression,A_mel_mkref_out,False,47773
LOC100578799,LOC100578799,Gene Expression,A_mel_mkref_out,False,2427
LOC551441,LOC551441,Gene Expression,A_mel_mkref_out,False,14910
LOC100576966,LOC100576966,Gene Expression,A_mel_mkref_out,False,16967
LOC725171,LOC725171,Gene Expression,A_mel_mkref_out,False,12749
LOC102656586,LOC102656586,Gene Expression,A_mel_mkref_out,False,3716
Coq7,GeneID_409224,Gene Expression,A_mel_mkref_out,False,21910
LOC725148,LOC725148,Gene Expression,A_mel_mkref_out,False,6767
LOC725364,LOC725364,Gene Expression,A_mel_mkref_out,False,152
LOC408842,LOC408842,Gene Expression,A_mel_mkref_out,False,46352
LOC724515,LOC724515,Gene Expression,A_mel_mkref_out,False,817
LOC100577967,LOC100577967,Gene Expression,A_mel_mkref_out,False,10454
LOC726058,LOC726058,Gene Expression,A_mel_mkref_out,False,28090
LOC107964436,LOC107964436,Gene Expression,A_mel_mkref_out,False,9213
LOC552383,LOC552383,Gene Expression,A_mel_mkref_out,False,5158
LOC552523,LOC552523,Gene Expression,A_mel_mkref_out,False,53
LOC102653873,LOC102653873,Gene Expression,A_mel_mkref_out,False,2601
LOC408850,LOC408850,Gene Expression,A_mel_mkref_out,False,74172
LOC413711,LOC413711,Gene Expression,A_mel_mkref_out,False,33477
LOC102655139,LOC102655139,Gene Expression,A_mel_mkref_out,False,1263
LOC100576859,LOC100576859,Gene Expression,A_mel_mkref_out,False,2128
LOC100576434,LOC100576434,Gene Expression,A_mel_mkref_out,False,619
LOC107964417,LOC107964417,Gene Expression,A_mel_mkref_out,False,465
LOC411121,LOC411121,Gene Expression,A_mel_mkref_out,False,24858
LOC726653,LOC726653,Gene Expression,A_mel_mkref_out,False,14841
LOC107964414,LOC107964414,Gene Expression,A_mel_mkref_out,False,400
LOC411091,LOC411091,Gene Expression,A_mel_mkref_out,False,29895
LOC413809,LOC413809,Gene Expression,A_mel_mkref_out,False,16336
LOC113218793,LOC113218793,Gene Expression,A_mel_mkref_out,False,34445
LOC107964433,LOC107964433,Gene Expression,A_mel_mkref_out,False,9223
LOC412097,LOC412097,Gene Expression,A_mel_mkref_out,False,30553
LOC102655217,LOC102655217,Gene Expression,A_mel_mkref_out,False,7588
LOC408866,LOC408866,Gene Expression,A_mel_mkref_out,False,17269
LOC552195,LOC552195,Gene Expression,A_mel_mkref_out,False,10955
LOC410109,LOC410109,Gene Expression,A_mel_mkref_out,False,50590
LOC100577164,LOC100577164,Gene Expression,A_mel_mkref_out,False,775
LOC113218770,LOC113218770,Gene Expression,A_mel_mkref_out,False,1888
LOC102656027,LOC102656027,Gene Expression,A_mel_mkref_out,False,31399
LOC551854,LOC551854,Gene Expression,A_mel_mkref_out,False,26934
LOC412293,LOC412293,Gene Expression,A_mel_mkref_out,False,10721
LOC102655278,LOC102655278,Gene Expression,A_mel_mkref_out,False,13564
LOC113218789,LOC113218789,Gene Expression,A_mel_mkref_out,False,4095
LOC102655240,LOC102655240,Gene Expression,A_mel_mkref_out,False,7275
LOC412378,LOC412378,Gene Expression,A_mel_mkref_out,False,23136
LOC551927,LOC551927,Gene Expression,A_mel_mkref_out,False,36475
LOC113218797,LOC113218797,Gene Expression,A_mel_mkref_out,False,1743
LOC413684,LOC413684,Gene Expression,A_mel_mkref_out,False,6522
nAChRa3,GeneID_725996,Gene Expression,A_mel_mkref_out,False,63299
LOC725835,LOC725835,Gene Expression,A_mel_mkref_out,False,17008
LOC409728,LOC409728,Gene Expression,A_mel_mkref_out,False,35451
LOC724561,LOC724561,Gene Expression,A_mel_mkref_out,False,1112
LOC552196,LOC552196,Gene Expression,A_mel_mkref_out,False,8277
LOC552748,LOC552748,Gene Expression,A_mel_mkref_out,False,5248
LOC552780,LOC552780,Gene Expression,A_mel_mkref_out,False,2691
LOC100576413,LOC100576413,Gene Expression,A_mel_mkref_out,False,85416
LOC726284,LOC726284,Gene Expression,A_mel_mkref_out,False,74505
LOC102655605,LOC102655605,Gene Expression,A_mel_mkref_out,False,9164
LOC113218559,LOC113218559,Gene Expression,A_mel_mkref_out,False,6671
LOC411756,LOC411756,Gene Expression,A_mel_mkref_out,False,33325
LOC100578718,LOC100578718,Gene Expression,A_mel_mkref_out,False,19995
LOC551831,LOC551831,Gene Expression,A_mel_mkref_out,False,24787
LOC102656657,LOC102656657,Gene Expression,A_mel_mkref_out,False,26511
LOC412557,LOC412557,Gene Expression,A_mel_mkref_out,False,19154
LOC411093,LOC411093,Gene Expression,A_mel_mkref_out,False,8422
LOC726569,LOC726569,Gene Expression,A_mel_mkref_out,False,16953
LOC113218779,LOC113218779,Gene Expression,A_mel_mkref_out,False,15739
LOC409819,LOC409819,Gene Expression,A_mel_mkref_out,False,9461
LOC413170,LOC413170,Gene Expression,A_mel_mkref_out,False,25988
LOC725909,LOC725909,Gene Expression,A_mel_mkref_out,False,29757
LOC100577237,LOC100577237,Gene Expression,A_mel_mkref_out,False,38568
LOC413935,LOC413935,Gene Expression,A_mel_mkref_out,False,17130
LOC408847,LOC408847,Gene Expression,A_mel_mkref_out,False,11583
LOC411110,LOC411110,Gene Expression,A_mel_mkref_out,False,39800
LOC412543,LOC412543,Gene Expression,A_mel_mkref_out,False,16345
LOC113218780,LOC113218780,Gene Expression,A_mel_mkref_out,False,46
LOC413705,LOC413705,Gene Expression,A_mel_mkref_out,False,1066
LOC725834,LOC725834,Gene Expression,A_mel_mkref_out,False,39821
LOC411381,LOC411381,Gene Expression,A_mel_mkref_out,False,365
LOC725934,LOC725934,Gene Expression,A_mel_mkref_out,False,21511
LOC725569,LOC725569,Gene Expression,A_mel_mkref_out,False,12551
LOC100577410,LOC100577410,Gene Expression,A_mel_mkref_out,False,398
LOC726999,LOC726999,Gene Expression,A_mel_mkref_out,False,4557
LOC726737,LOC726737,Gene Expression,A_mel_mkref_out,False,51
LOC113218810,LOC113218810,Gene Expression,A_mel_mkref_out,False,136
LOC552672,LOC552672,Gene Expression,A_mel_mkref_out,False,1085
LOC412443,LOC412443,Gene Expression,A_mel_mkref_out,False,10452
LOC552299,LOC552299,Gene Expression,A_mel_mkref_out,False,9472
LOC413929,LOC413929,Gene Expression,A_mel_mkref_out,False,32125
LOC413020,LOC413020,Gene Expression,A_mel_mkref_out,False,18492
LOC409206,LOC409206,Gene Expression,A_mel_mkref_out,False,45279
LOC413815,LOC413815,Gene Expression,A_mel_mkref_out,False,16794
LOC551548,LOC551548,Gene Expression,A_mel_mkref_out,False,12594
LOC550886,LOC550886,Gene Expression,A_mel_mkref_out,False,36431
LOC725093,LOC725093,Gene Expression,A_mel_mkref_out,False,58991
Dsx,GeneID_725126,Gene Expression,A_mel_mkref_out,False,5249
LOC725147,LOC725147,Gene Expression,A_mel_mkref_out,False,31438
LOC408862,LOC408862,Gene Expression,A_mel_mkref_out,False,85616
LOC411738,LOC411738,Gene Expression,A_mel_mkref_out,False,31374
LOC100576287,LOC100576287,Gene Expression,A_mel_mkref_out,False,99
LOC725477,LOC725477,Gene Expression,A_mel_mkref_out,False,37706
LOC100576207,LOC100576207,Gene Expression,A_mel_mkref_out,False,266
LOC413926,LOC413926,Gene Expression,A_mel_mkref_out,False,15732
LOC552441,LOC552441,Gene Expression,A_mel_mkref_out,False,13970
LOC412245,LOC412245,Gene Expression,A_mel_mkref_out,False,35932
LOC551782,LOC551782,Gene Expression,A_mel_mkref_out,False,2562
LOC726107,LOC726107,Gene Expression,A_mel_mkref_out,False,20087
Ndufs5,GeneID_727061,Gene Expression,A_mel_mkref_out,False,27905
LOC727257,LOC727257,Gene Expression,A_mel_mkref_out,False,10133
LOC409046,LOC409046,Gene Expression,A_mel_mkref_out,False,33962
LOC551982,LOC551982,Gene Expression,A_mel_mkref_out,False,31174
LOC413966,LOC413966,Gene Expression,A_mel_mkref_out,False,18268
LOC551464,LOC551464,Gene Expression,A_mel_mkref_out,False,12212
LOC413063,LOC413063,Gene Expression,A_mel_mkref_out,False,49203
LOC725744,LOC725744,Gene Expression,A_mel_mkref_out,False,9421
LOC100578576,LOC100578576,Gene Expression,A_mel_mkref_out,False,16103
LOC409414,LOC409414,Gene Expression,A_mel_mkref_out,False,79349
LOC552684,LOC552684,Gene Expression,A_mel_mkref_out,False,70298
LOC102655090,LOC102655090,Gene Expression,A_mel_mkref_out,False,36522
LOC414043,LOC414043,Gene Expression,A_mel_mkref_out,False,18313
LOC412468,LOC412468,Gene Expression,A_mel_mkref_out,False,26462
LOC410056,LOC410056,Gene Expression,A_mel_mkref_out,False,44407
Acph-1,GeneID_411830,Gene Expression,A_mel_mkref_out,False,189
LOC726101,LOC726101,Gene Expression,A_mel_mkref_out,False,82759
LOC552536,LOC552536,Gene Expression,A_mel_mkref_out,False,34222
LOC100578678,LOC100578678,Gene Expression,A_mel_mkref_out,False,20989
LOC100578736,LOC100578736,Gene Expression,A_mel_mkref_out,False,7914
LOC100576965,LOC100576965,Gene Expression,A_mel_mkref_out,False,44678
LOC411981,LOC411981,Gene Expression,A_mel_mkref_out,False,64883
LOC107964412,LOC107964412,Gene Expression,A_mel_mkref_out,False,6132
LOC100577015,LOC100577015,Gene Expression,A_mel_mkref_out,False,368
LOC726047,LOC726047,Gene Expression,A_mel_mkref_out,False,370
LOC724386,LOC724386,Gene Expression,A_mel_mkref_out,False,213
LOC727432,LOC727432,Gene Expression,A_mel_mkref_out,False,24091
LOC100578106,LOC100578106,Gene Expression,A_mel_mkref_out,False,21876
LOC100578665,LOC100578665,Gene Expression,A_mel_mkref_out,False,25559
LOC102655134,LOC102655134,Gene Expression,A_mel_mkref_out,False,1265
LOC409359,LOC409359,Gene Expression,A_mel_mkref_out,False,54766
LOC725867,LOC725867,Gene Expression,A_mel_mkref_out,False,9699
LOC727156,LOC727156,Gene Expression,A_mel_mkref_out,False,8880
LOC113218764,LOC113218764,Gene Expression,A_mel_mkref_out,False,76
LOC726255,LOC726255,Gene Expression,A_mel_mkref_out,False,14945
LOC724258,LOC724258,Gene Expression,A_mel_mkref_out,False,223
LOC411077,LOC411077,Gene Expression,A_mel_mkref_out,False,18008
LOC102653596,LOC102653596,Gene Expression,A_mel_mkref_out,False,2097
LOC411919,LOC411919,Gene Expression,A_mel_mkref_out,False,1292
LOC100577702,LOC100577702,Gene Expression,A_mel_mkref_out,False,9450
LOC552545,LOC552545,Gene Expression,A_mel_mkref_out,False,39429
LOC727420,LOC727420,Gene Expression,A_mel_mkref_out,False,8281
LOC107964483,LOC107964483,Gene Expression,A_mel_mkref_out,False,2621
LOC100577376,LOC100577376,Gene Expression,A_mel_mkref_out,False,1085
LOC102654649,LOC102654649,Gene Expression,A_mel_mkref_out,False,8227
LOC726337,LOC726337,Gene Expression,A_mel_mkref_out,False,20891
LOC724450,LOC724450,Gene Expression,A_mel_mkref_out,False,75409
LOC552512,LOC552512,Gene Expression,A_mel_mkref_out,False,544
LOC413014,LOC413014,Gene Expression,A_mel_mkref_out,False,37411
LOC727141,LOC727141,Gene Expression,A_mel_mkref_out,False,31181
LOC725733,LOC725733,Gene Expression,A_mel_mkref_out,False,17418
LOC412445,LOC412445,Gene Expression,A_mel_mkref_out,False,8008
LOC102656709,LOC102656709,Gene Expression,A_mel_mkref_out,False,1083
LOC727450,LOC727450,Gene Expression,A_mel_mkref_out,False,28703
LOC412544,LOC412544,Gene Expression,A_mel_mkref_out,False,43904
LOC725255,LOC725255,Gene Expression,A_mel_mkref_out,False,816
LOC409729,LOC409729,Gene Expression,A_mel_mkref_out,False,86501
LOC408865,LOC408865,Gene Expression,A_mel_mkref_out,False,84883
LOC551919,LOC551919,Gene Expression,A_mel_mkref_out,False,12816
LOC413807,LOC413807,Gene Expression,A_mel_mkref_out,False,27635
LOC724370,LOC724370,Gene Expression,A_mel_mkref_out,False,24846
LOC413439,LOC413439,Gene Expression,A_mel_mkref_out,False,12895
LOC408844,LOC408844,Gene Expression,A_mel_mkref_out,False,59236
LOC107964513,LOC107964513,Gene Expression,A_mel_mkref_out,False,1224
LOC102655495,LOC102655495,Gene Expression,A_mel_mkref_out,False,216
LOC552227,LOC552227,Gene Expression,A_mel_mkref_out,False,16526
LOC725211,LOC725211,Gene Expression,A_mel_mkref_out,False,25433
LOC412548,LOC412548,Gene Expression,A_mel_mkref_out,False,2837
LOC413318,LOC413318,Gene Expression,A_mel_mkref_out,False,46989
LOC725568,LOC725568,Gene Expression,A_mel_mkref_out,False,8269
LOC102655308,LOC102655308,Gene Expression,A_mel_mkref_out,False,118
LOC552787,LOC552787,Gene Expression,A_mel_mkref_out,False,13931
LOC102653974,LOC102653974,Gene Expression,A_mel_mkref_out,False,1232
LOC552805,LOC552805,Gene Expression,A_mel_mkref_out,False,6508
LOC100576346,LOC100576346,Gene Expression,A_mel_mkref_out,False,79681
LOC727416,LOC727416,Gene Expression,A_mel_mkref_out,False,922
LOC409167,LOC409167,Gene Expression,A_mel_mkref_out,False,45999
LOC551776,LOC551776,Gene Expression,A_mel_mkref_out,False,238
LOC411062,LOC411062,Gene Expression,A_mel_mkref_out,False,18055
IF-2mt,GeneID_406098,Gene Expression,A_mel_mkref_out,False,27861
LOC107964460,LOC107964460,Gene Expression,A_mel_mkref_out,False,18044
LOC726806,LOC726806,Gene Expression,A_mel_mkref_out,False,20146
LOC412286,LOC412286,Gene Expression,A_mel_mkref_out,False,25211
LOC551339,LOC551339,Gene Expression,A_mel_mkref_out,False,7577
LOC411507,LOC411507,Gene Expression,A_mel_mkref_out,False,6659
LOC552236,LOC552236,Gene Expression,A_mel_mkref_out,False,8057
LOC724744,LOC724744,Gene Expression,A_mel_mkref_out,False,20466
LOC113218560,LOC113218560,Gene Expression,A_mel_mkref_out,False,19350
LOC411739,LOC411739,Gene Expression,A_mel_mkref_out,False,26146
LOC552402,LOC552402,Gene Expression,A_mel_mkref_out,False,72409
LOC113218765,LOC113218765,Gene Expression,A_mel_mkref_out,False,1479
LOC551920,LOC551920,Gene Expression,A_mel_mkref_out,False,4643
LOC113218794,LOC113218794,Gene Expression,A_mel_mkref_out,False,4785
LOC100578534,LOC100578534,Gene Expression,A_mel_mkref_out,False,23766
LOC552513,LOC552513,Gene Expression,A_mel_mkref_out,False,5178
LOC411115,LOC411115,Gene Expression,A_mel_mkref_out,False,63529
LOC102654054,LOC102654054,Gene Expression,A_mel_mkref_out,False,5900
LOC727582,LOC727582,Gene Expression,A_mel_mkref_out,False,16279
LOC100578156,LOC100578156,Gene Expression,A_mel_mkref_out,False,13412
LOC102656287,LOC102656287,Gene Expression,A_mel_mkref_out,False,9774
LOC100578193,LOC100578193,Gene Expression,A_mel_mkref_out,False,329
LOC552325,LOC552325,Gene Expression,A_mel_mkref_out,False,27821
LOC551578,LOC551578,Gene Expression,A_mel_mkref_out,False,10785
LOC725210,LOC725210,Gene Expression,A_mel_mkref_out,False,8247
LOC406145,LOC406145,Gene Expression,A_mel_mkref_out,False,79
LOC411113,LOC411113,Gene Expression,A_mel_mkref_out,False,90169
LOC113218807,LOC113218807,Gene Expression,A_mel_mkref_out,False,1642
LOC102656134,LOC102656134,Gene Expression,A_mel_mkref_out,False,29679
LOC724388,LOC724388,Gene Expression,A_mel_mkref_out,False,864
LOC102655148,LOC102655148,Gene Expression,A_mel_mkref_out,False,6641
LOC724891,LOC724891,Gene Expression,A_mel_mkref_out,False,16780
LOC100576216,LOC100576216,Gene Expression,A_mel_mkref_out,False,15223
LOC102655438,LOC102655438,Gene Expression,A_mel_mkref_out,False,28205
LOC107964400,LOC107964400,Gene Expression,A_mel_mkref_out,False,3195
LOC724433,LOC724433,Gene Expression,A_mel_mkref_out,False,32657
LOC725404,LOC725404,Gene Expression,A_mel_mkref_out,False,1937
LOC113218808,LOC113218808,Gene Expression,A_mel_mkref_out,False,16100
LOC552786,LOC552786,Gene Expression,A_mel_mkref_out,False,23578
LOC411058,LOC411058,Gene Expression,A_mel_mkref_out,False,22472
LOC409796,LOC409796,Gene Expression,A_mel_mkref_out,False,35077
LOC726683,LOC726683,Gene Expression,A_mel_mkref_out,False,22030
Nrx-1,GeneID_724217rx-1,Gene Expression,A_mel_mkref_out,False,83733
LOC409334,LOC409334,Gene Expression,A_mel_mkref_out,False,26184
LOC411647,LOC411647,Gene Expression,A_mel_mkref_out,False,21023
LOC408846,LOC408846,Gene Expression,A_mel_mkref_out,False,13519
LOC413653,LOC413653,Gene Expression,A_mel_mkref_out,False,19108
LOC551890,LOC551890,Gene Expression,A_mel_mkref_out,False,40819
LOC726703,LOC726703,Gene Expression,A_mel_mkref_out,False,1387
LOC551802,LOC551802,Gene Expression,A_mel_mkref_out,False,1235
LOC100577955,LOC100577955,Gene Expression,A_mel_mkref_out,False,97
LOC409686,LOC409686,Gene Expression,A_mel_mkref_out,False,36938
LOC100577717,LOC100577717,Gene Expression,A_mel_mkref_out,False,1669
LOC100576759,LOC100576759,Gene Expression,A_mel_mkref_out,False,25050
LOC411962,LOC411962,Gene Expression,A_mel_mkref_out,False,12628
LOC552198,LOC552198,Gene Expression,A_mel_mkref_out,False,19876
LOC552720,LOC552720,Gene Expression,A_mel_mkref_out,False,39239
LOC113218812,LOC113218812,Gene Expression,A_mel_mkref_out,False,11709
LOC408824,LOC408824,Gene Expression,A_mel_mkref_out,False,68056
LOC412381,LOC412381,Gene Expression,A_mel_mkref_out,False,7491
LOC411122,LOC411122,Gene Expression,A_mel_mkref_out,False,40582
LOC552323,LOC552323,Gene Expression,A_mel_mkref_out,False,9174
LOC102654567,LOC102654567,Gene Expression,A_mel_mkref_out,False,12239
LOC414033,LOC414033,Gene Expression,A_mel_mkref_out,False,15500
LOC552767,LOC552767,Gene Expression,A_mel_mkref_out,False,5377
LOC100576603,LOC100576603,Gene Expression,A_mel_mkref_out,False,35980
LOC113218787,LOC113218787,Gene Expression,A_mel_mkref_out,False,20
LOC411631,LOC411631,Gene Expression,A_mel_mkref_out,False,30227
LOC100576597,LOC100576597,Gene Expression,A_mel_mkref_out,False,6945
LOC724133,LOC724133,Gene Expression,A_mel_mkref_out,False,16337
LOC100577683,LOC100577683,Gene Expression,A_mel_mkref_out,False,75
LOC412707,LOC412707,Gene Expression,A_mel_mkref_out,False,14571
LOC102656251,LOC102656251,Gene Expression,A_mel_mkref_out,False,2117
LOC113218771,LOC113218771,Gene Expression,A_mel_mkref_out,False,831
LOC726397,LOC726397,Gene Expression,A_mel_mkref_out,False,2941
LOC725212,LOC725212,Gene Expression,A_mel_mkref_out,False,3917
LOC411073,LOC411073,Gene Expression,A_mel_mkref_out,False,7999
LOC100578476,LOC100578476,Gene Expression,A_mel_mkref_out,False,857
LOC726957,LOC726957,Gene Expression,A_mel_mkref_out,False,21989
PHRF1,GeneID_727274,Gene Expression,A_mel_mkref_out,False,70308
LOC411099,LOC411099,Gene Expression,A_mel_mkref_out,False,43024
LOC724307,LOC724307,Gene Expression,A_mel_mkref_out,False,1268
LOC727014,LOC727014,Gene Expression,A_mel_mkref_out,False,26110
LOC552679,LOC552679,Gene Expression,A_mel_mkref_out,False,692
LOC411419,LOC411419,Gene Expression,A_mel_mkref_out,False,8957
LOC726568,LOC726568,Gene Expression,A_mel_mkref_out,False,12635
LOC100577646,LOC100577646,Gene Expression,A_mel_mkref_out,False,2690
LOC113218802,LOC113218802,Gene Expression,A_mel_mkref_out,False,3229
LOC724560,LOC724560,Gene Expression,A_mel_mkref_out,False,7936
LOC107964405,LOC107964405,Gene Expression,A_mel_mkref_out,False,11346
LOC408843,LOC408843,Gene Expression,A_mel_mkref_out,False,9515
LOC113218785,LOC113218785,Gene Expression,A_mel_mkref_out,False,723
LOC551185,LOC551185,Gene Expression,A_mel_mkref_out,False,14353
LOC102655661,LOC102655661,Gene Expression,A_mel_mkref_out,False,54954
LOC409782,LOC409782,Gene Expression,A_mel_mkref_out,False,66092
LOC409333,LOC409333,Gene Expression,A_mel_mkref_out,False,4194
LOC102654091,LOC102654091,Gene Expression,A_mel_mkref_out,False,2507
LOC100576404,LOC100576404,Gene Expression,A_mel_mkref_out,False,17785
LOC724306,LOC724306,Gene Expression,A_mel_mkref_out,False,11555
LOC411079,LOC411079,Gene Expression,A_mel_mkref_out,False,15533
LOC107964006,LOC107964006,Gene Expression,A_mel_mkref_out,False,1165
LOC107964428,LOC107964428,Gene Expression,A_mel_mkref_out,False,2625
LOC727639,LOC727639,Gene Expression,A_mel_mkref_out,False,41792
LOC413588,LOC413588,Gene Expression,A_mel_mkref_out,False,8408
LOC410128,LOC410128,Gene Expression,A_mel_mkref_out,False,18299
LOC113218800,LOC113218800,Gene Expression,A_mel_mkref_out,False,24752
LOC724743,LOC724743,Gene Expression,A_mel_mkref_out,False,41165
LOC413870,LOC413870,Gene Expression,A_mel_mkref_out,False,7408
LOC113218806,LOC113218806,Gene Expression,A_mel_mkref_out,False,112
LOC408834,LOC408834,Gene Expression,A_mel_mkref_out,False,15021
LOC411524,LOC411524,Gene Expression,A_mel_mkref_out,False,6729
LOC100578746,LOC100578746,Gene Expression,A_mel_mkref_out,False,8009
LOC100576522,LOC100576522,Gene Expression,A_mel_mkref_out,False,842
LOC408827,LOC408827,Gene Expression,A_mel_mkref_out,False,5495
LOC409547,LOC409547,Gene Expression,A_mel_mkref_out,False,25113
LOC100576667,LOC100576667,Gene Expression,A_mel_mkref_out,False,22911
LOC100578741,LOC100578741,Gene Expression,A_mel_mkref_out,False,101
LOC100576196,LOC100576196,Gene Expression,A_mel_mkref_out,False,27384
LOC551692,LOC551692,Gene Expression,A_mel_mkref_out,False,16147
LOC408833,LOC408833,Gene Expression,A_mel_mkref_out,False,13645
LOC408864,LOC408864,Gene Expression,A_mel_mkref_out,False,13554
LOC408859,LOC408859,Gene Expression,A_mel_mkref_out,False,5529
LOC100577107,LOC100577107,Gene Expression,A_mel_mkref_out,False,2220
LOC100577295,LOC100577295,Gene Expression,A_mel_mkref_out,False,20037
LOC551520,LOC551520,Gene Expression,A_mel_mkref_out,False,38044
LOC552657,LOC552657,Gene Expression,A_mel_mkref_out,False,7083
LOC551526,LOC551526,Gene Expression,A_mel_mkref_out,False,16254
LOC552806,LOC552806,Gene Expression,A_mel_mkref_out,False,14281
LOC724524,LOC724524,Gene Expression,A_mel_mkref_out,False,15979
LOC408841,LOC408841,Gene Expression,A_mel_mkref_out,False,62315
LOC726118,LOC726118,Gene Expression,A_mel_mkref_out,False,35618
LOC408821,LOC408821,Gene Expression,A_mel_mkref_out,False,7572
LOC113218799,LOC113218799,Gene Expression,A_mel_mkref_out,False,3290
LOC725760,LOC725760,Gene Expression,A_mel_mkref_out,False,1934
LOC113218761,LOC113218761,Gene Expression,A_mel_mkref_out,False,15237
LOC409866,LOC409866,Gene Expression,A_mel_mkref_out,False,14443
LOC411070,LOC411070,Gene Expression,A_mel_mkref_out,False,34908
LOC724924,LOC724924,Gene Expression,A_mel_mkref_out,False,13331
LOC100578542,LOC100578542,Gene Expression,A_mel_mkref_out,False,2765
LOC726139,LOC726139,Gene Expression,A_mel_mkref_out,False,21706
LOC725529,LOC725529,Gene Expression,A_mel_mkref_out,False,10098
LOC412487,LOC412487,Gene Expression,A_mel_mkref_out,False,8096
LOC724563,LOC724563,Gene Expression,A_mel_mkref_out,False,34196
LOC408857,LOC408857,Gene Expression,A_mel_mkref_out,False,43995
LOC411103,LOC411103,Gene Expression,A_mel_mkref_out,False,20520
LOC727035,LOC727035,Gene Expression,A_mel_mkref_out,False,368
LOC102655600,LOC102655600,Gene Expression,A_mel_mkref_out,False,23159
LOC113218769,LOC113218769,Gene Expression,A_mel_mkref_out,False,5144
LOC725798,LOC725798,Gene Expression,A_mel_mkref_out,False,695
LOC100578123,LOC100578123,Gene Expression,A_mel_mkref_out,False,79
LOC100578017,LOC100578017,Gene Expression,A_mel_mkref_out,False,21235
LOC412303,LOC412303,Gene Expression,A_mel_mkref_out,False,26762
LOC724564,LOC724564,Gene Expression,A_mel_mkref_out,False,11669
STT3B,GeneID_551853,Gene Expression,A_mel_mkref_out,False,24536
LOC726286,LOC726286,Gene Expression,A_mel_mkref_out,False,5117
LOC408852,LOC408852,Gene Expression,A_mel_mkref_out,False,68635
LOC113218801,LOC113218801,Gene Expression,A_mel_mkref_out,False,4247
LOC552611,LOC552611,Gene Expression,A_mel_mkref_out,False,9598
LOC107964437,LOC107964437,Gene Expression,A_mel_mkref_out,False,8219
LOC113218772,LOC113218772,Gene Expression,A_mel_mkref_out,False,12209
LOC411065,LOC411065,Gene Expression,A_mel_mkref_out,False,5633
LOC552025,LOC552025,Gene Expression,A_mel_mkref_out,False,14079
LOC409882,LOC409882,Gene Expression,A_mel_mkref_out,False,75402
LOC107964495,LOC107964495,Gene Expression,A_mel_mkref_out,False,66
LOC102654127,LOC102654127,Gene Expression,A_mel_mkref_out,False,35783
LOC726310,LOC726310,Gene Expression,A_mel_mkref_out,False,31593
LOC551903,LOC551903,Gene Expression,A_mel_mkref_out,False,29390
LOC726103,LOC726103,Gene Expression,A_mel_mkref_out,False,20215
LOC725299,LOC725299,Gene Expression,A_mel_mkref_out,False,3759
LOC551369,LOC551369,Gene Expression,A_mel_mkref_out,False,857
LOC411095,LOC411095,Gene Expression,A_mel_mkref_out,False,11073
LOC411100,LOC411100,Gene Expression,A_mel_mkref_out,False,8384
LOC113218775,LOC113218775,Gene Expression,A_mel_mkref_out,False,314
LOC102655943,LOC102655943,Gene Expression,A_mel_mkref_out,False,882
LOC413825,LOC413825,Gene Expression,A_mel_mkref_out,False,12818
LOC551867,LOC551867,Gene Expression,A_mel_mkref_out,False,23498
LOC726269,LOC726269,Gene Expression,A_mel_mkref_out,False,35784
LOC725511,LOC725511,Gene Expression,A_mel_mkref_out,False,5342
LOC100576584,LOC100576584,Gene Expression,A_mel_mkref_out,False,452
LOC411664,LOC411664,Gene Expression,A_mel_mkref_out,False,37364
LOC411828,LOC411828,Gene Expression,A_mel_mkref_out,False,21237
LOC552840,LOC552840,Gene Expression,A_mel_mkref_out,False,9400
LOC550673,LOC550673,Gene Expression,A_mel_mkref_out,False,12300
LOC725435,LOC725435,Gene Expression,A_mel_mkref_out,False,28496
LOC724700,LOC724700,Gene Expression,A_mel_mkref_out,False,8962
LOC100578864,LOC100578864,Gene Expression,A_mel_mkref_out,False,24673
LOC408853,LOC408853,Gene Expression,A_mel_mkref_out,False,34370
LOC102656927,LOC102656927,Gene Expression,A_mel_mkref_out,False,411
LOC113218773,LOC113218773,Gene Expression,A_mel_mkref_out,False,371
LOC408822,LOC408822,Gene Expression,A_mel_mkref_out,False,85371
LOC552106,LOC552106,Gene Expression,A_mel_mkref_out,False,31770
LOC100576794,LOC100576794,Gene Expression,A_mel_mkref_out,False,8742
LOC411757,LOC411757,Gene Expression,A_mel_mkref_out,False,15969
LOC552324,LOC552324,Gene Expression,A_mel_mkref_out,False,24962
LOC409283,LOC409283,Gene Expression,A_mel_mkref_out,False,43526
LOC725705,LOC725705,Gene Expression,A_mel_mkref_out,False,6890
LOC409043,LOC409043,Gene Expression,A_mel_mkref_out,False,62849
LOC100577803,LOC100577803,Gene Expression,A_mel_mkref_out,False,10331
LOC100576378,LOC100576378,Gene Expression,A_mel_mkref_out,False,44258
LOC408828,LOC408828,Gene Expression,A_mel_mkref_out,False,26762
LOC113218784,LOC113218784,Gene Expression,A_mel_mkref_out,False,711
LOC413451,LOC413451,Gene Expression,A_mel_mkref_out,False,27513
LOC552842,LOC552842,Gene Expression,A_mel_mkref_out,False,25540
LOC552659,LOC552659,Gene Expression,A_mel_mkref_out,False,21474
H,GeneID_100174948,Gene Expression,A_mel_mkref_out,False,13061
LOC100578046,LOC100578046,Gene Expression,A_mel_mkref_out,False,9050
LOC552023,LOC552023,Gene Expression,A_mel_mkref_out,False,30773
LOC102654993,LOC102654993,Gene Expression,A_mel_mkref_out,False,7785
LOC725898,LOC725898,Gene Expression,A_mel_mkref_out,False,9623
LOC724925,LOC724925,Gene Expression,A_mel_mkref_out,False,24875
LOC113218774,LOC113218774,Gene Expression,A_mel_mkref_out,False,4968
LOC726654,LOC726654,Gene Expression,A_mel_mkref_out,False,421
LOC100577042,LOC100577042,Gene Expression,A_mel_mkref_out,False,656
LOC552692,LOC552692,Gene Expression,A_mel_mkref_out,False,7285
LOC413001,LOC413001,Gene Expression,A_mel_mkref_out,False,23784
LOC413686,LOC413686,Gene Expression,A_mel_mkref_out,False,19855
LOC726916,LOC726916,Gene Expression,A_mel_mkref_out,False,40815
LOC725146,LOC725146,Gene Expression,A_mel_mkref_out,False,29680
LOC551956,LOC551956,Gene Expression,A_mel_mkref_out,False,8447
LOC724348,LOC724348,Gene Expression,A_mel_mkref_out,False,2007
LOC412968,LOC412968,Gene Expression,A_mel_mkref_out,False,3409
LOC725704,LOC725704,Gene Expression,A_mel_mkref_out,False,42954
LOC409047,LOC409047,Gene Expression,A_mel_mkref_out,False,9923
LOC100579007,LOC100579007,Gene Expression,A_mel_mkref_out,False,869
LOC411081,LOC411081,Gene Expression,A_mel_mkref_out,False,8736
LOC107964398,LOC107964398,Gene Expression,A_mel_mkref_out,False,368
LOC107964510,LOC107964510,Gene Expression,A_mel_mkref_out,False,5902
LOC727009,LOC727009,Gene Expression,A_mel_mkref_out,False,10777
LOC725363,LOC725363,Gene Expression,A_mel_mkref_out,False,7572
LOC725098,LOC725098,Gene Expression,A_mel_mkref_out,False,34671
LOC552691,LOC552691,Gene Expression,A_mel_mkref_out,False,15380
LOC408863,LOC408863,Gene Expression,A_mel_mkref_out,False,54552
LOC113218778,LOC113218778,Gene Expression,A_mel_mkref_out,False,6653
LOC102654490,LOC102654490,Gene Expression,A_mel_mkref_out,False,25
LOC411649,LOC411649,Gene Expression,A_mel_mkref_out,False,9945
LOC552572,LOC552572,Gene Expression,A_mel_mkref_out,False,31993
LOC726102,LOC726102,Gene Expression,A_mel_mkref_out,False,23495
LOC100577584,LOC100577584,Gene Expression,A_mel_mkref_out,False,541
LOC409254,LOC409254,Gene Expression,A_mel_mkref_out,False,31750
LOC408840,LOC408840,Gene Expression,A_mel_mkref_out,False,38547
LOC724349,LOC724349,Gene Expression,A_mel_mkref_out,False,27069
LOC411076,LOC411076,Gene Expression,A_mel_mkref_out,False,7560
LOC724974,LOC724974,Gene Expression,A_mel_mkref_out,False,7687
LOC552566,LOC552566,Gene Expression,A_mel_mkref_out,False,34189
LOC724369,LOC724369,Gene Expression,A_mel_mkref_out,False,36430
LOC100579049,LOC100579049,Gene Expression,A_mel_mkref_out,False,35241
LOC413171,LOC413171,Gene Expression,A_mel_mkref_out,False,48996
LOC100576359,LOC100576359,Gene Expression,A_mel_mkref_out,False,7119
LOC107964419,LOC107964419,Gene Expression,A_mel_mkref_out,False,10605
LOC107964473,LOC107964473,Gene Expression,A_mel_mkref_out,False,814
LOC412104,LOC412104,Gene Expression,A_mel_mkref_out,False,41847
LOC551174,LOC551174,Gene Expression,A_mel_mkref_out,False,20786
LOC726682,LOC726682,Gene Expression,A_mel_mkref_out,False,11058
LOC408837,LOC408837,Gene Expression,A_mel_mkref_out,False,37257
LOC100578191,LOC100578191,Gene Expression,A_mel_mkref_out,False,8876
LOC412408,LOC412408,Gene Expression,A_mel_mkref_out,False,22597
LOC412858,LOC412858,Gene Expression,A_mel_mkref_out,False,34809
LOC113218811,LOC113218811,Gene Expression,A_mel_mkref_out,False,6753
LOC551258,LOC551258,Gene Expression,A_mel_mkref_out,False,33968
LOC408836,LOC408836,Gene Expression,A_mel_mkref_out,False,9451
LOC552771,LOC552771,Gene Expression,A_mel_mkref_out,False,1553
LOC411657,LOC411657,Gene Expression,A_mel_mkref_out,False,437
LOC100578215,LOC100578215,Gene Expression,A_mel_mkref_out,False,21576
LOC725170,LOC725170,Gene Expression,A_mel_mkref_out,False,6745
LOC413527,LOC413527,Gene Expression,A_mel_mkref_out,False,5469
LOC725074,LOC725074,Gene Expression,A_mel_mkref_out,False,4006
sGCbeta-3,GeneID_411635,Gene Expression,A_mel_mkref_out,False,5204
LOC551830,LOC551830,Gene Expression,A_mel_mkref_out,False,40220
LOC413370,LOC413370,Gene Expression,A_mel_mkref_out,False,37994
LOC551619,LOC551619,Gene Expression,A_mel_mkref_out,False,9308
LOC551519,LOC551519,Gene Expression,A_mel_mkref_out,False,28908
LOC102654429,LOC102654429,Gene Expression,A_mel_mkref_out,False,8398
LOC102655142,LOC102655142,Gene Expression,A_mel_mkref_out,False,165
LOC724474,LOC724474,Gene Expression,A_mel_mkref_out,False,20646
LOC552381,LOC552381,Gene Expression,A_mel_mkref_out,False,32301
LOC408830,LOC408830,Gene Expression,A_mel_mkref_out,False,2110
LOC412227,LOC412227,Gene Expression,A_mel_mkref_out,False,45020
LOC100578822,LOC100578822,Gene Expression,A_mel_mkref_out,False,13174
LOC727431,LOC727431,Gene Expression,A_mel_mkref_out,False,1005
LOC551311,LOC551311,Gene Expression,A_mel_mkref_out,False,18364
LOC107964438,LOC107964438,Gene Expression,A_mel_mkref_out,False,922
LOC413542,LOC413542,Gene Expression,A_mel_mkref_out,False,23103
LOC551855,LOC551855,Gene Expression,A_mel_mkref_out,False,15637
LOC411078,LOC411078,Gene Expression,A_mel_mkref_out,False,72022
LOC409060,LOC409060,Gene Expression,A_mel_mkref_out,False,6837
LOC413766,LOC413766,Gene Expression,A_mel_mkref_out,False,20291
LOC409510,LOC409510,Gene Expression,A_mel_mkref_out,False,41383
LOC552449,LOC552449,Gene Expression,A_mel_mkref_out,False,17533
LOC413548,LOC413548,Gene Expression,A_mel_mkref_out,False,38064
LOC411090,LOC411090,Gene Expression,A_mel_mkref_out,False,6773
LOC410026,LOC410026,Gene Expression,A_mel_mkref_out,False,20581
LOC107964518,LOC107964518,Gene Expression,A_mel_mkref_out,False,162
LOC100577335,LOC100577335,Gene Expression,A_mel_mkref_out,False,9925
LOC412966,LOC412966,Gene Expression,A_mel_mkref_out,False,20006
LOC408835,LOC408835,Gene Expression,A_mel_mkref_out,False,74319
LOC100578355,LOC100578355,Gene Expression,A_mel_mkref_out,False,19217
LOC100577000,LOC100577000,Gene Expression,A_mel_mkref_out,False,18610
LOC102654528,LOC102654528,Gene Expression,A_mel_mkref_out,False,1006
LOC113218795,LOC113218795,Gene Expression,A_mel_mkref_out,False,1395
LOC410165,LOC410165,Gene Expression,A_mel_mkref_out,False,75828
LOC410096,LOC410096,Gene Expression,A_mel_mkref_out,False,2637
LOC726318,LOC726318,Gene Expression,A_mel_mkref_out,False,15329
LOC100576129,LOC100576129,Gene Expression,A_mel_mkref_out,False,53807
LOC100577974,LOC100577974,Gene Expression,A_mel_mkref_out,False,290
LOC102654542,LOC102654542,Gene Expression,A_mel_mkref_out,False,735
LOC409576,LOC409576,Gene Expression,A_mel_mkref_out,False,22356
LOC552673,LOC552673,Gene Expression,A_mel_mkref_out,False,14744
LOC726879,LOC726879,Gene Expression,A_mel_mkref_out,False,10969
LOC107964408,LOC107964408,Gene Expression,A_mel_mkref_out,False,5870
LOC409799,LOC409799,Gene Expression,A_mel_mkref_out,False,14679
LOC726551,LOC726551,Gene Expression,A_mel_mkref_out,False,15361
LOC552696,LOC552696,Gene Expression,A_mel_mkref_out,False,26075
LOC411080,LOC411080,Gene Expression,A_mel_mkref_out,False,11269
LOC724856,LOC724856,Gene Expression,A_mel_mkref_out,False,24020
LOC102656297,LOC102656297,Gene Expression,A_mel_mkref_out,False,126
LOC412442,LOC412442,Gene Expression,A_mel_mkref_out,False,5859
LOC100578382,LOC100578382,Gene Expression,A_mel_mkref_out,False,17103
LOC411481,LOC411481,Gene Expression,A_mel_mkref_out,False,17822
LOC100578893,LOC100578893,Gene Expression,A_mel_mkref_out,False,29577
LOC552102,LOC552102,Gene Expression,A_mel_mkref_out,False,11141
LOC413021,LOC413021,Gene Expression,A_mel_mkref_out,False,25761
LOC725628,LOC725628,Gene Expression,A_mel_mkref_out,False,5343
LOC725267,LOC725267,Gene Expression,A_mel_mkref_out,False,12375
LOC725866,LOC725866,Gene Expression,A_mel_mkref_out,False,19791
LOC552607,LOC552607,Gene Expression,A_mel_mkref_out,False,6797
LOC726530,LOC726530,Gene Expression,A_mel_mkref_out,False,17457
LOC552103,LOC552103,Gene Expression,A_mel_mkref_out,False,2309
LOC102656249,LOC102656249,Gene Expression,A_mel_mkref_out,False,13230
LOC552559,LOC552559,Gene Expression,A_mel_mkref_out,False,12040
LOC409726,LOC409726,Gene Expression,A_mel_mkref_out,False,12215
LOC102655788,LOC102655788,Gene Expression,A_mel_mkref_out,False,132
LOC409781,LOC409781,Gene Expression,A_mel_mkref_out,False,20365
LOC411133,LOC411133,Gene Expression,A_mel_mkref_out,False,441
LOC725409,LOC725409,Gene Expression,A_mel_mkref_out,False,14978
LOC552831,LOC552831,Gene Expression,A_mel_mkref_out,False,9250
LOC552740,LOC552740,Gene Expression,A_mel_mkref_out,False,10185
LOC550966,LOC550966,Gene Expression,A_mel_mkref_out,False,19814
LOC408831,LOC408831,Gene Expression,A_mel_mkref_out,False,21206
LOC726501,LOC726501,Gene Expression,A_mel_mkref_out,False,9855
LOC107964422,LOC107964422,Gene Expression,A_mel_mkref_out,False,7641
LOC102653764,LOC102653764,Gene Expression,A_mel_mkref_out,False,1227
LOC725550,LOC725550,Gene Expression,A_mel_mkref_out,False,41895
Tg,GeneID_411132,Gene Expression,A_mel_mkref_out,False,1104
LOC413166,LOC413166,Gene Expression,A_mel_mkref_out,False,9312
LOC412059,LOC412059,Gene Expression,A_mel_mkref_out,False,35611
nAChRa8,GeneID_406082,Gene Expression,A_mel_mkref_out,False,24026
LOC107965828,LOC107965828,Gene Expression,A_mel_mkref_out,False,52
Ancr-1,GeneID_100049571,Gene Expression,A_mel_mkref_out,False,98033
LOC410095,LOC410095,Gene Expression,A_mel_mkref_out,False,24943
LOC725038,LOC725038,Gene Expression,A_mel_mkref_out,False,4347
LOC725303,LOC725303,Gene Expression,A_mel_mkref_out,False,16855
LOC102654715,LOC102654715,Gene Expression,A_mel_mkref_out,False,51043
LOC551466,LOC551466,Gene Expression,A_mel_mkref_out,False,27985
LOC724432,LOC724432,Gene Expression,A_mel_mkref_out,False,56573
LOC113218768,LOC113218768,Gene Expression,A_mel_mkref_out,False,76
LOC409207,LOC409207,Gene Expression,A_mel_mkref_out,False,46022
LOC724831,LOC724831,Gene Expression,A_mel_mkref_out,False,73702
LOC102656021,LOC102656021,Gene Expression,A_mel_mkref_out,False,26770
LOC102655112,LOC102655112,Gene Expression,A_mel_mkref_out,False,10921
LOC100576848,LOC100576848,Gene Expression,A_mel_mkref_out,False,14141
LOC100576155,LOC100576155,Gene Expression,A_mel_mkref_out,False,24716
LOC552846,LOC552846,Gene Expression,A_mel_mkref_out,False,11833
LOC100578440,LOC100578440,Gene Expression,A_mel_mkref_out,False,5867
LOC552450,LOC552450,Gene Expression,A_mel_mkref_out,False,8445
LOC102656628,LOC102656628,Gene Expression,A_mel_mkref_out,False,166
LOC102654399,LOC102654399,Gene Expression,A_mel_mkref_out,False,588
LOC102656326,LOC102656326,Gene Expression,A_mel_mkref_out,False,1882
LOC409698,LOC409698,Gene Expression,A_mel_mkref_out,False,21476
LOC411604,LOC411604,Gene Expression,A_mel_mkref_out,False,15572
LOC100578346,LOC100578346,Gene Expression,A_mel_mkref_out,False,18758
LOC102656705,LOC102656705,Gene Expression,A_mel_mkref_out,False,3237
LOC411059,LOC411059,Gene Expression,A_mel_mkref_out,False,20840
LOC409818,LOC409818,Gene Expression,A_mel_mkref_out,False,60392
LOC725797,LOC725797,Gene Expression,A_mel_mkref_out,False,15172
LOC100577579,LOC100577579,Gene Expression,A_mel_mkref_out,False,8539
LOC411102,LOC411102,Gene Expression,A_mel_mkref_out,False,2827
LOC102655560,LOC102655560,Gene Expression,A_mel_mkref_out,False,10386
LOC102656568,LOC102656568,Gene Expression,A_mel_mkref_out,False,2097
LOC411126,LOC411126,Gene Expression,A_mel_mkref_out,False,58155
LOC552782,LOC552782,Gene Expression,A_mel_mkref_out,False,51582
LOC409724,LOC409724,Gene Expression,A_mel_mkref_out,False,33455
LOC552161,LOC552161,Gene Expression,A_mel_mkref_out,False,16231
LOC414032,LOC414032,Gene Expression,A_mel_mkref_out,False,32060
LOC411069,LOC411069,Gene Expression,A_mel_mkref_out,False,17822
Cyp314a1,GeneID_411057,Gene Expression,A_mel_mkref_out,False,1486
LOC408826,LOC408826,Gene Expression,A_mel_mkref_out,False,40650
LOC409678,LOC409678,Gene Expression,A_mel_mkref_out,False,1354
LOC107964499,LOC107964499,Gene Expression,A_mel_mkref_out,False,38117
LOC550749,LOC550749,Gene Expression,A_mel_mkref_out,False,5265
LOC100576600,LOC100576600,Gene Expression,A_mel_mkref_out,False,16360
LOC107964462,LOC107964462,Gene Expression,A_mel_mkref_out,False,23
LOC100578085,LOC100578085,Gene Expression,A_mel_mkref_out,False,182
LOC726552,LOC726552,Gene Expression,A_mel_mkref_out,False,21512
LOC724385,LOC724385,Gene Expression,A_mel_mkref_out,False,6569
LOC725361,LOC725361,Gene Expression,A_mel_mkref_out,False,4928
CSP4,GeneID_413565,Gene Expression,A_mel_mkref_out,False,594
LOC412859,LOC412859,Gene Expression,A_mel_mkref_out,False,39596
LOC113218788,LOC113218788,Gene Expression,A_mel_mkref_out,False,10748
LOC107963997,LOC107963997,Gene Expression,A_mel_mkref_out,False,9865
LOC725478,LOC725478,Gene Expression,A_mel_mkref_out,False,14488
LOC100578566,LOC100578566,Gene Expression,A_mel_mkref_out,False,281
LOC725551,LOC725551,Gene Expression,A_mel_mkref_out,False,58692
LOC102653584,LOC102653584,Gene Expression,A_mel_mkref_out,False,830
LOC726497,LOC726497,Gene Expression,A_mel_mkref_out,False,25617
LOC107964432,LOC107964432,Gene Expression,A_mel_mkref_out,False,1023
LOC412435,LOC412435,Gene Expression,A_mel_mkref_out,False,12942
LOC102654898,LOC102654898,Gene Expression,A_mel_mkref_out,False,12565
LOC102656245,LOC102656245,Gene Expression,A_mel_mkref_out,False,26
LOC724513,LOC724513,Gene Expression,A_mel_mkref_out,False,25720
LOC102654095,LOC102654095,Gene Expression,A_mel_mkref_out,False,5391
LOC411603,LOC411603,Gene Expression,A_mel_mkref_out,False,16879
LOC724607,LOC724607,Gene Expression,A_mel_mkref_out,False,52570
LOC411083,LOC411083,Gene Expression,A_mel_mkref_out,False,96397
LOC551934,LOC551934,Gene Expression,A_mel_mkref_out,False,17848
LOC726914,LOC726914,Gene Expression,A_mel_mkref_out,False,15397
LOC410097,LOC410097,Gene Expression,A_mel_mkref_out,False,24380
LOC551044,LOC551044,Gene Expression,A_mel_mkref_out,False,1491
LOC552764,LOC552764,Gene Expression,A_mel_mkref_out,False,26091
LOC102656199,LOC102656199,Gene Expression,A_mel_mkref_out,False,3596
LOC102654197,LOC102654197,Gene Expression,A_mel_mkref_out,False,917
LOC551176,LOC551176,Gene Expression,A_mel_mkref_out,False,3310
LOC726776,LOC726776,Gene Expression,A_mel_mkref_out,False,3332
LOC726990,LOC726990,Gene Expression,A_mel_mkref_out,False,694
LOC724927,LOC724927,Gene Expression,A_mel_mkref_out,False,20053
LOC552079,LOC552079,Gene Expression,A_mel_mkref_out,False,14731
LOC726312,LOC726312,Gene Expression,A_mel_mkref_out,False,8921
LOC409581,LOC409581,Gene Expression,A_mel_mkref_out,False,25261
LOC102656120,LOC102656120,Gene Expression,A_mel_mkref_out,False,1809
LOC551758,LOC551758,Gene Expression,A_mel_mkref_out,False,1620
LOC100578888,LOC100578888,Gene Expression,A_mel_mkref_out,False,15880
LOC551125,LOC551125,Gene Expression,A_mel_mkref_out,False,31449
LOC552603,LOC552603,Gene Expression,A_mel_mkref_out,False,15797
LOC413689,LOC413689,Gene Expression,A_mel_mkref_out,False,26916
LOC102655862,LOC102655862,Gene Expression,A_mel_mkref_out,False,853
LOC107964154,LOC107964154,Gene Expression,A_mel_mkref_out,False,804
LOC100577293,LOC100577293,Gene Expression,A_mel_mkref_out,False,16028
LOC552278,LOC552278,Gene Expression,A_mel_mkref_out,False,61083
LOC551597,LOC551597,Gene Expression,A_mel_mkref_out,False,56320
LOC413233,LOC413233,Gene Expression,A_mel_mkref_out,False,35172
LOC412924,LOC412924,Gene Expression,A_mel_mkref_out,False,54199
LOC412177,LOC412177,Gene Expression,A_mel_mkref_out,False,6965
LOC408761,LOC408761,Gene Expression,A_mel_mkref_out,False,44834
LOC102654728,LOC102654728,Gene Expression,A_mel_mkref_out,False,1938
LOC725401,LOC725401,Gene Expression,A_mel_mkref_out,False,9308
LOC724947,LOC724947,Gene Expression,A_mel_mkref_out,False,14918
LOC412002,LOC412002,Gene Expression,A_mel_mkref_out,False,30398
LOC552601,LOC552601,Gene Expression,A_mel_mkref_out,False,10987
LOC412620,LOC412620,Gene Expression,A_mel_mkref_out,False,13652
LOC726043,LOC726043,Gene Expression,A_mel_mkref_out,False,5575
LOC726496,LOC726496,Gene Expression,A_mel_mkref_out,False,18556
LOC724301,LOC724301,Gene Expression,A_mel_mkref_out,False,316
LOC100577885,LOC100577885,Gene Expression,A_mel_mkref_out,False,9694
LOC113218624,LOC113218624,Gene Expression,A_mel_mkref_out,False,5607
LOC410072,LOC410072,Gene Expression,A_mel_mkref_out,False,12080
LOC726129,LOC726129,Gene Expression,A_mel_mkref_out,False,19402
LOC726175,LOC726175,Gene Expression,A_mel_mkref_out,False,38712
LOC113218631,LOC113218631,Gene Expression,A_mel_mkref_out,False,1939
LOC413489,LOC413489,Gene Expression,A_mel_mkref_out,False,1916
LOC113218625,LOC113218625,Gene Expression,A_mel_mkref_out,False,2378
LOC100577044,LOC100577044,Gene Expression,A_mel_mkref_out,False,112
LOC100577185,LOC100577185,Gene Expression,A_mel_mkref_out,False,10305
LOC100577300,LOC100577300,Gene Expression,A_mel_mkref_out,False,29577
LOC409639,LOC409639,Gene Expression,A_mel_mkref_out,False,14228
LOC102653792,LOC102653792,Gene Expression,A_mel_mkref_out,False,906
LOC102656556,LOC102656556,Gene Expression,A_mel_mkref_out,False,62
LOC102654351,LOC102654351,Gene Expression,A_mel_mkref_out,False,178
LOC113218657,LOC113218657,Gene Expression,A_mel_mkref_out,False,4195
LOC113218652,LOC113218652,Gene Expression,A_mel_mkref_out,False,87
LOC408754,LOC408754,Gene Expression,A_mel_mkref_out,False,7466
LOC100576737,LOC100576737,Gene Expression,A_mel_mkref_out,False,2371
LOC102656890,LOC102656890,Gene Expression,A_mel_mkref_out,False,12148
LOC551217,LOC551217,Gene Expression,A_mel_mkref_out,False,6158
LOC409347,LOC409347,Gene Expression,A_mel_mkref_out,False,39899
LOC413404,LOC413404,Gene Expression,A_mel_mkref_out,False,13287
LOC102654314,LOC102654314,Gene Expression,A_mel_mkref_out,False,18463
LOC551171,LOC551171,Gene Expression,A_mel_mkref_out,False,7132
LOC413948,LOC413948,Gene Expression,A_mel_mkref_out,False,2494
LOC409443,LOC409443,Gene Expression,A_mel_mkref_out,False,11563
LOC552234,LOC552234,Gene Expression,A_mel_mkref_out,False,19472
LOC107964236,LOC107964236,Gene Expression,A_mel_mkref_out,False,19592
LOC725791,LOC725791,Gene Expression,A_mel_mkref_out,False,2386
LOC724167,LOC724167,Gene Expression,A_mel_mkref_out,False,19744
LOC102656527,LOC102656527,Gene Expression,A_mel_mkref_out,False,1405
LOC413503,LOC413503,Gene Expression,A_mel_mkref_out,False,79774
LOC408759,LOC408759,Gene Expression,A_mel_mkref_out,False,57601
LOC412159,LOC412159,Gene Expression,A_mel_mkref_out,False,10113
LOC725591,LOC725591,Gene Expression,A_mel_mkref_out,False,15511
LOC551083,LOC551083,Gene Expression,A_mel_mkref_out,False,8306
LOC410938,LOC410938,Gene Expression,A_mel_mkref_out,False,21676
LOC410911,LOC410911,Gene Expression,A_mel_mkref_out,False,24394
LOC100577162,LOC100577162,Gene Expression,A_mel_mkref_out,False,69
LOC409346,LOC409346,Gene Expression,A_mel_mkref_out,False,27695
LOC102655453,LOC102655453,Gene Expression,A_mel_mkref_out,False,1605
LOC102654870,LOC102654870,Gene Expression,A_mel_mkref_out,False,823
LOC552551,LOC552551,Gene Expression,A_mel_mkref_out,False,21291
LOC412868,LOC412868,Gene Expression,A_mel_mkref_out,False,13107
LOC413372,LOC413372,Gene Expression,A_mel_mkref_out,False,85369
LOC410941,LOC410941,Gene Expression,A_mel_mkref_out,False,19788
LOC100576677,LOC100576677,Gene Expression,A_mel_mkref_out,False,700
LOC551744,LOC551744,Gene Expression,A_mel_mkref_out,False,6070
LOC724602,LOC724602,Gene Expression,A_mel_mkref_out,False,1639
LOC100577681,LOC100577681,Gene Expression,A_mel_mkref_out,False,10714
LOC413812,LOC413812,Gene Expression,A_mel_mkref_out,False,41228
LOC551745,LOC551745,Gene Expression,A_mel_mkref_out,False,19364
uzip,GeneID_595137,Gene Expression,A_mel_mkref_out,False,57380
LOC724780,LOC724780,Gene Expression,A_mel_mkref_out,False,334
LOC413390,LOC413390,Gene Expression,A_mel_mkref_out,False,16162
LOC410959,LOC410959,Gene Expression,A_mel_mkref_out,False,1937
LOC409965,LOC409965,Gene Expression,A_mel_mkref_out,False,66359
LOC102653892,LOC102653892,Gene Expression,A_mel_mkref_out,False,1056
LOC102655050,LOC102655050,Gene Expression,A_mel_mkref_out,False,15791
LOC100576901,LOC100576901,Gene Expression,A_mel_mkref_out,False,164
LOC725037,LOC725037,Gene Expression,A_mel_mkref_out,False,14187
LOC726252,LOC726252,Gene Expression,A_mel_mkref_out,False,12668
LOC726033,LOC726033,Gene Expression,A_mel_mkref_out,False,12363
LOC412195,LOC412195,Gene Expression,A_mel_mkref_out,False,23005
LOC551755,LOC551755,Gene Expression,A_mel_mkref_out,False,45242
LOC552412,LOC552412,Gene Expression,A_mel_mkref_out,False,30217
LOC113218555,LOC113218555,Gene Expression,A_mel_mkref_out,False,2756
LOC551479,LOC551479,Gene Expression,A_mel_mkref_out,False,14454
LOC724557,LOC724557,Gene Expression,A_mel_mkref_out,False,22531
LOC107964237,LOC107964237,Gene Expression,A_mel_mkref_out,False,681
LOC100576872,LOC100576872,Gene Expression,A_mel_mkref_out,False,18177
LOC107964181,LOC107964181,Gene Expression,A_mel_mkref_out,False,372
LOC551430,LOC551430,Gene Expression,A_mel_mkref_out,False,32649
LOC412294,LOC412294,Gene Expression,A_mel_mkref_out,False,9052
LOC409556,LOC409556,Gene Expression,A_mel_mkref_out,False,19404
LOC413874,LOC413874,Gene Expression,A_mel_mkref_out,False,22570
LOC411420,LOC411420,Gene Expression,A_mel_mkref_out,False,1119
LOC102653797,LOC102653797,Gene Expression,A_mel_mkref_out,False,3989
LOC102653935,LOC102653935,Gene Expression,A_mel_mkref_out,False,1240
LOC724853,LOC724853,Gene Expression,A_mel_mkref_out,False,23536
LOC551168,LOC551168,Gene Expression,A_mel_mkref_out,False,11811
LOC726282,LOC726282,Gene Expression,A_mel_mkref_out,False,13766
LOC412045,LOC412045,Gene Expression,A_mel_mkref_out,False,22141
LOC113218671,LOC113218671,Gene Expression,A_mel_mkref_out,False,1410
LOC413416,LOC413416,Gene Expression,A_mel_mkref_out,False,11705
LOC411564,LOC411564,Gene Expression,A_mel_mkref_out,False,2353
LOC100576467,LOC100576467,Gene Expression,A_mel_mkref_out,False,30302
LOC100578706,LOC100578706,Gene Expression,A_mel_mkref_out,False,43596
LOC408730,LOC408730,Gene Expression,A_mel_mkref_out,False,10294
LOC409663,LOC409663,Gene Expression,A_mel_mkref_out,False,4782
LOC113218620,LOC113218620,Gene Expression,A_mel_mkref_out,False,2835
LOC102656050,LOC102656050,Gene Expression,A_mel_mkref_out,False,3765
LOC102654214,LOC102654214,Gene Expression,A_mel_mkref_out,False,1185
LOC113218650,LOC113218650,Gene Expression,A_mel_mkref_out,False,4802
LOC725959,LOC725959,Gene Expression,A_mel_mkref_out,False,86448
LOC413889,LOC413889,Gene Expression,A_mel_mkref_out,False,8843
LOC409640,LOC409640,Gene Expression,A_mel_mkref_out,False,30847
LOC725122,LOC725122,Gene Expression,A_mel_mkref_out,False,59346
LOC726584,LOC726584,Gene Expression,A_mel_mkref_out,False,2319
LOC412265,LOC412265,Gene Expression,A_mel_mkref_out,False,29197
LOC100578821,LOC100578821,Gene Expression,A_mel_mkref_out,False,5020
Tbh,GeneID_751102,Gene Expression,A_mel_mkref_out,False,3189
LOC552539,LOC552539,Gene Expression,A_mel_mkref_out,False,17080
LOC724129,LOC724129,Gene Expression,A_mel_mkref_out,False,32993
LOC551331,LOC551331,Gene Expression,A_mel_mkref_out,False,69071
LOC410094,LOC410094,Gene Expression,A_mel_mkref_out,False,18113
LOC113218640,LOC113218640,Gene Expression,A_mel_mkref_out,False,1573
LOC410073,LOC410073,Gene Expression,A_mel_mkref_out,False,25118
LOC413655,LOC413655,Gene Expression,A_mel_mkref_out,False,12040
LOC724402,LOC724402,Gene Expression,A_mel_mkref_out,False,61435
LOC408728,LOC408728,Gene Expression,A_mel_mkref_out,False,3332
LOC100576506,LOC100576506,Gene Expression,A_mel_mkref_out,False,9826
LOC413393,LOC413393,Gene Expression,A_mel_mkref_out,False,9225
LOC409865,LOC409865,Gene Expression,A_mel_mkref_out,False,77689
LOC408724,LOC408724,Gene Expression,A_mel_mkref_out,False,14611
LOC100577810,LOC100577810,Gene Expression,A_mel_mkref_out,False,106
Cpap3-c,GeneID_725932,Gene Expression,A_mel_mkref_out,False,7959
LOC100576620,LOC100576620,Gene Expression,A_mel_mkref_out,False,29405
LOC100577224,LOC100577224,Gene Expression,A_mel_mkref_out,False,872
LOC102655746,LOC102655746,Gene Expression,A_mel_mkref_out,False,8077
LOC724382,LOC724382,Gene Expression,A_mel_mkref_out,False,61
LOC100578261,LOC100578261,Gene Expression,A_mel_mkref_out,False,3721
LOC113218660,LOC113218660,Gene Expression,A_mel_mkref_out,False,51
LOC551484,LOC551484,Gene Expression,A_mel_mkref_out,False,10187
LOC100577303,LOC100577303,Gene Expression,A_mel_mkref_out,False,1822
LOC410907,LOC410907,Gene Expression,A_mel_mkref_out,False,15968
LOC410913,LOC410913,Gene Expression,A_mel_mkref_out,False,101
LOC410951,LOC410951,Gene Expression,A_mel_mkref_out,False,91315
LOC409131,LOC409131,Gene Expression,A_mel_mkref_out,False,60914
LOC107964218,LOC107964218,Gene Expression,A_mel_mkref_out,False,5681
LOC724227,LOC724227,Gene Expression,A_mel_mkref_out,False,1563
LOC102656068,LOC102656068,Gene Expression,A_mel_mkref_out,False,74
LOC724483,LOC724483,Gene Expression,A_mel_mkref_out,False,405
LOC113218629,LOC113218629,Gene Expression,A_mel_mkref_out,False,479
LOC102656040,LOC102656040,Gene Expression,A_mel_mkref_out,False,7670
LOC107964235,LOC107964235,Gene Expression,A_mel_mkref_out,False,41
LOC100576866,LOC100576866,Gene Expression,A_mel_mkref_out,False,15335
LOC410027,LOC410027,Gene Expression,A_mel_mkref_out,False,25304
LOC102653875,LOC102653875,Gene Expression,A_mel_mkref_out,False,19470
LOC413341,LOC413341,Gene Expression,A_mel_mkref_out,False,61751
LOC413314,LOC413314,Gene Expression,A_mel_mkref_out,False,32706
LOC413313,LOC413313,Gene Expression,A_mel_mkref_out,False,11179
LOC410045,LOC410045,Gene Expression,A_mel_mkref_out,False,66459
LOC725698,LOC725698,Gene Expression,A_mel_mkref_out,False,3980
LOC726409,LOC726409,Gene Expression,A_mel_mkref_out,False,8838
LOC726869,LOC726869,Gene Expression,A_mel_mkref_out,False,10453
LOC102654134,LOC102654134,Gene Expression,A_mel_mkref_out,False,11614
LOC411904,LOC411904,Gene Expression,A_mel_mkref_out,False,11885
LOC551970,LOC551970,Gene Expression,A_mel_mkref_out,False,3843
LOC413997,LOC413997,Gene Expression,A_mel_mkref_out,False,11780
LOC113218654,LOC113218654,Gene Expression,A_mel_mkref_out,False,8687
LOC412295,LOC412295,Gene Expression,A_mel_mkref_out,False,10335
LOC727415,LOC727415,Gene Expression,A_mel_mkref_out,False,28686
LOC724128,LOC724128,Gene Expression,A_mel_mkref_out,False,17305
LOC410952,LOC410952,Gene Expression,A_mel_mkref_out,False,23279
LOC113218675,LOC113218675,Gene Expression,A_mel_mkref_out,False,269
LOC107965799,LOC107965799,Gene Expression,A_mel_mkref_out,False,28998
Cpap3-b,GeneID_408726,Gene Expression,A_mel_mkref_out,False,4471
LOC113218670,LOC113218670,Gene Expression,A_mel_mkref_out,False,10360
LOC551723,LOC551723,Gene Expression,A_mel_mkref_out,False,14479
LOC551124,LOC551124,Gene Expression,A_mel_mkref_out,False,5465
LOC100576296,LOC100576296,Gene Expression,A_mel_mkref_out,False,20336
LOC410117,LOC410117,Gene Expression,A_mel_mkref_out,False,68336
LOC102654766,LOC102654766,Gene Expression,A_mel_mkref_out,False,103
LOC413376,LOC413376,Gene Expression,A_mel_mkref_out,False,16643
LOC100576120,LOC100576120,Gene Expression,A_mel_mkref_out,False,2440
LOC726042,LOC726042,Gene Expression,A_mel_mkref_out,False,34294
LOC724131,LOC724131,Gene Expression,A_mel_mkref_out,False,12113
LOC552093,LOC552093,Gene Expression,A_mel_mkref_out,False,8942
LOC412667,LOC412667,Gene Expression,A_mel_mkref_out,False,21214
LOC410965,LOC410965,Gene Expression,A_mel_mkref_out,False,19905
LOC100577513,LOC100577513,Gene Expression,A_mel_mkref_out,False,472
LOC551291,LOC551291,Gene Expression,A_mel_mkref_out,False,60499
LOC102655840,LOC102655840,Gene Expression,A_mel_mkref_out,False,2986
LOC412459,LOC412459,Gene Expression,A_mel_mkref_out,False,29253
LOC409335,LOC409335,Gene Expression,A_mel_mkref_out,False,17616
LOC551375,LOC551375,Gene Expression,A_mel_mkref_out,False,47580
LOC552280,LOC552280,Gene Expression,A_mel_mkref_out,False,25874
LOC413289,LOC413289,Gene Expression,A_mel_mkref_out,False,3385
LOC102653966,LOC102653966,Gene Expression,A_mel_mkref_out,False,22
LOC113218659,LOC113218659,Gene Expression,A_mel_mkref_out,False,71
LOC550991,LOC550991,Gene Expression,A_mel_mkref_out,False,10567
LOC552022,LOC552022,Gene Expression,A_mel_mkref_out,False,28907
LOC408723,LOC408723,Gene Expression,A_mel_mkref_out,False,53194
LOC412851,LOC412851,Gene Expression,A_mel_mkref_out,False,19049
LOC726071,LOC726071,Gene Expression,A_mel_mkref_out,False,14210
LOC551465,LOC551465,Gene Expression,A_mel_mkref_out,False,25
LOC100577971,LOC100577971,Gene Expression,A_mel_mkref_out,False,18895
LOC100578544,LOC100578544,Gene Expression,A_mel_mkref_out,False,355
LOC551826,LOC551826,Gene Expression,A_mel_mkref_out,False,66621
LOC724652,LOC724652,Gene Expression,A_mel_mkref_out,False,1719
LOC413738,LOC413738,Gene Expression,A_mel_mkref_out,False,18699
LOC107964175,LOC107964175,Gene Expression,A_mel_mkref_out,False,775
LOC724489,LOC724489,Gene Expression,A_mel_mkref_out,False,17138
LOC102654231,LOC102654231,Gene Expression,A_mel_mkref_out,False,1187
LOC552021,LOC552021,Gene Expression,A_mel_mkref_out,False,2614
LOC412929,LOC412929,Gene Expression,A_mel_mkref_out,False,9276
LOC408751,LOC408751,Gene Expression,A_mel_mkref_out,False,17848
LOC408749,LOC408749,Gene Expression,A_mel_mkref_out,False,30937
LOC725864,LOC725864,Gene Expression,A_mel_mkref_out,False,36360
LOC113218668,LOC113218668,Gene Expression,A_mel_mkref_out,False,14729
LOC412160,LOC412160,Gene Expression,A_mel_mkref_out,False,16942
LOC725432,LOC725432,Gene Expression,A_mel_mkref_out,False,37338
LOC100576953,LOC100576953,Gene Expression,A_mel_mkref_out,False,546
LOC727126,LOC727126,Gene Expression,A_mel_mkref_out,False,5364
LOC724509,LOC724509,Gene Expression,A_mel_mkref_out,False,15124
LOC107964219,LOC107964219,Gene Expression,A_mel_mkref_out,False,2018
LOC100578666,LOC100578666,Gene Expression,A_mel_mkref_out,False,1999
LOC725829,LOC725829,Gene Expression,A_mel_mkref_out,False,57489
LOC409523,LOC409523,Gene Expression,A_mel_mkref_out,False,26614
LOC413486,LOC413486,Gene Expression,A_mel_mkref_out,False,19670
LOC100578399,LOC100578399,Gene Expression,A_mel_mkref_out,False,3422
LOC107964189,LOC107964189,Gene Expression,A_mel_mkref_out,False,15606
LOC107964224,LOC107964224,Gene Expression,A_mel_mkref_out,False,39
LOC102653952,LOC102653952,Gene Expression,A_mel_mkref_out,False,3674
LOC100578314,LOC100578314,Gene Expression,A_mel_mkref_out,False,66380
LOC551916,LOC551916,Gene Expression,A_mel_mkref_out,False,34984
LOC102654297,LOC102654297,Gene Expression,A_mel_mkref_out,False,1682
LOC410949,LOC410949,Gene Expression,A_mel_mkref_out,False,14372
LOC413490,LOC413490,Gene Expression,A_mel_mkref_out,False,1668
LOC413394,LOC413394,Gene Expression,A_mel_mkref_out,False,13577
LOC113218661,LOC113218661,Gene Expression,A_mel_mkref_out,False,690
LOC113218637,LOC113218637,Gene Expression,A_mel_mkref_out,False,1809
LOC410926,LOC410926,Gene Expression,A_mel_mkref_out,False,6458
LOC724900,LOC724900,Gene Expression,A_mel_mkref_out,False,389
LOC102653804,LOC102653804,Gene Expression,A_mel_mkref_out,False,67
LOC412843,LOC412843,Gene Expression,A_mel_mkref_out,False,533
LOC552200,LOC552200,Gene Expression,A_mel_mkref_out,False,16481
LOC107964187,LOC107964187,Gene Expression,A_mel_mkref_out,False,1893
LOC727546,LOC727546,Gene Expression,A_mel_mkref_out,False,216
LOC551485,LOC551485,Gene Expression,A_mel_mkref_out,False,57596
LOC551540,LOC551540,Gene Expression,A_mel_mkref_out,False,6362
LOC409242,LOC409242,Gene Expression,A_mel_mkref_out,False,87167
LOC100577242,LOC100577242,Gene Expression,A_mel_mkref_out,False,26055
LOC102653938,LOC102653938,Gene Expression,A_mel_mkref_out,False,709
LOC724188,LOC724188,Gene Expression,A_mel_mkref_out,False,20353
LOC725700,LOC725700,Gene Expression,A_mel_mkref_out,False,8097
LOC409703,LOC409703,Gene Expression,A_mel_mkref_out,False,30001
LOC409857,LOC409857,Gene Expression,A_mel_mkref_out,False,13880
LOC725359,LOC725359,Gene Expression,A_mel_mkref_out,False,4646
LOC107964193,LOC107964193,Gene Expression,A_mel_mkref_out,False,667
LOC551607,LOC551607,Gene Expression,A_mel_mkref_out,False,22605
LOC100577436,LOC100577436,Gene Expression,A_mel_mkref_out,False,2375
LOC113218627,LOC113218627,Gene Expression,A_mel_mkref_out,False,759
LOC113218665,LOC113218665,Gene Expression,A_mel_mkref_out,False,99
LOC410950,LOC410950,Gene Expression,A_mel_mkref_out,False,24150
LOC100578670,LOC100578670,Gene Expression,A_mel_mkref_out,False,8765
LOC724343,LOC724343,Gene Expression,A_mel_mkref_out,False,10163
LOC113218628,LOC113218628,Gene Expression,A_mel_mkref_out,False,39
LOC408752,LOC408752,Gene Expression,A_mel_mkref_out,False,23859
LOC102656190,LOC102656190,Gene Expression,A_mel_mkref_out,False,9717
LOC552667,LOC552667,Gene Expression,A_mel_mkref_out,False,24222
LOC410936,LOC410936,Gene Expression,A_mel_mkref_out,False,22949
LOC100578109,LOC100578109,Gene Expression,A_mel_mkref_out,False,14369
LOC724651,LOC724651,Gene Expression,A_mel_mkref_out,False,45241
LOC411404,LOC411404,Gene Expression,A_mel_mkref_out,False,16747
LOC102655011,LOC102655011,Gene Expression,A_mel_mkref_out,False,102
LOC100578296,LOC100578296,Gene Expression,A_mel_mkref_out,False,21559
LOC412432,LOC412432,Gene Expression,A_mel_mkref_out,False,38861
LOC411411,LOC411411,Gene Expression,A_mel_mkref_out,False,16583
LOC113218655,LOC113218655,Gene Expression,A_mel_mkref_out,False,1047
LOC102656605,LOC102656605,Gene Expression,A_mel_mkref_out,False,429
LOC113218664,LOC113218664,Gene Expression,A_mel_mkref_out,False,63586
LOC113218618,LOC113218618,Gene Expression,A_mel_mkref_out,False,483
LOC100577721,LOC100577721,Gene Expression,A_mel_mkref_out,False,1489
LOC552175,LOC552175,Gene Expression,A_mel_mkref_out,False,34669
LOC724695,LOC724695,Gene Expression,A_mel_mkref_out,False,33888
LOC410915,LOC410915,Gene Expression,A_mel_mkref_out,False,471
LOC100578925,LOC100578925,Gene Expression,A_mel_mkref_out,False,94498
LOC551537,LOC551537,Gene Expression,A_mel_mkref_out,False,9014
LOC725590,LOC725590,Gene Expression,A_mel_mkref_out,False,658
LOC551715,LOC551715,Gene Expression,A_mel_mkref_out,False,12324
Hsc70-3,GeneID_409587,Gene Expression,A_mel_mkref_out,False,58880
LOC552139,LOC552139,Gene Expression,A_mel_mkref_out,False,32102
LOC410957,LOC410957,Gene Expression,A_mel_mkref_out,False,13420
LOC100576638,LOC100576638,Gene Expression,A_mel_mkref_out,False,1242
LOC411858,LOC411858,Gene Expression,A_mel_mkref_out,False,27485
LOC551966,LOC551966,Gene Expression,A_mel_mkref_out,False,2148
LOC552590,LOC552590,Gene Expression,A_mel_mkref_out,False,33570
LOC725960,LOC725960,Gene Expression,A_mel_mkref_out,False,16298
LOC726130,LOC726130,Gene Expression,A_mel_mkref_out,False,25474
LOC551396,LOC551396,Gene Expression,A_mel_mkref_out,False,13875
LOC725060,LOC725060,Gene Expression,A_mel_mkref_out,False,1473
LOC726189,LOC726189,Gene Expression,A_mel_mkref_out,False,968
LOC100577147,LOC100577147,Gene Expression,A_mel_mkref_out,False,1886
LOC100578353,LOC100578353,Gene Expression,A_mel_mkref_out,False,2347
LOC550667,LOC550667,Gene Expression,A_mel_mkref_out,False,21308
Est-6,GeneID_410928,Gene Expression,A_mel_mkref_out,False,239
LOC408740,LOC408740,Gene Expression,A_mel_mkref_out,False,89644
LOC102655282,LOC102655282,Gene Expression,A_mel_mkref_out,False,97
LOC409406,LOC409406,Gene Expression,A_mel_mkref_out,False,19635
LOC410970,LOC410970,Gene Expression,A_mel_mkref_out,False,28015
LOC551041,LOC551041,Gene Expression,A_mel_mkref_out,False,23165
LOC551727,LOC551727,Gene Expression,A_mel_mkref_out,False,9009
LOC102654919,LOC102654919,Gene Expression,A_mel_mkref_out,False,18597
LOC412111,LOC412111,Gene Expression,A_mel_mkref_out,False,35391
LOC726283,LOC726283,Gene Expression,A_mel_mkref_out,False,60752
LOC413829,LOC413829,Gene Expression,A_mel_mkref_out,False,14495
LOC726232,LOC726232,Gene Expression,A_mel_mkref_out,False,11131
LOC551917,LOC551917,Gene Expression,A_mel_mkref_out,False,248
LOC102654488,LOC102654488,Gene Expression,A_mel_mkref_out,False,2482
LOC100576748,LOC100576748,Gene Expression,A_mel_mkref_out,False,485
LOC724166,LOC724166,Gene Expression,A_mel_mkref_out,False,13183
LOC725792,LOC725792,Gene Expression,A_mel_mkref_out,False,2506
LOC409286,LOC409286,Gene Expression,A_mel_mkref_out,False,87823
LOC726099,LOC726099,Gene Expression,A_mel_mkref_out,False,8440
LOC102653931,LOC102653931,Gene Expression,A_mel_mkref_out,False,366
LOC113218653,LOC113218653,Gene Expression,A_mel_mkref_out,False,4491
LOC551655,LOC551655,Gene Expression,A_mel_mkref_out,False,6548
LOC412464,LOC412464,Gene Expression,A_mel_mkref_out,False,29883
LOC102655152,LOC102655152,Gene Expression,A_mel_mkref_out,False,2793
LOC100577574,LOC100577574,Gene Expression,A_mel_mkref_out,False,16414
Nmdar1,GeneID_406079,Gene Expression,A_mel_mkref_out,False,55665
LOC107964222,LOC107964222,Gene Expression,A_mel_mkref_out,False,2758
LOC113218651,LOC113218651,Gene Expression,A_mel_mkref_out,False,7295
LOC100577890,LOC100577890,Gene Expression,A_mel_mkref_out,False,1757
LOC551365,LOC551365,Gene Expression,A_mel_mkref_out,False,28850
LOC724779,LOC724779,Gene Expression,A_mel_mkref_out,False,32563
LOC408741,LOC408741,Gene Expression,A_mel_mkref_out,False,79007
LOC410943,LOC410943,Gene Expression,A_mel_mkref_out,False,11614
LOC551042,LOC551042,Gene Expression,A_mel_mkref_out,False,15774
LOC724969,LOC724969,Gene Expression,A_mel_mkref_out,False,24532
LOC102656479,LOC102656479,Gene Expression,A_mel_mkref_out,False,125
LOC409402,LOC409402,Gene Expression,A_mel_mkref_out,False,268
LOC107964232,LOC107964232,Gene Expression,A_mel_mkref_out,False,33
LOC725991,LOC725991,Gene Expression,A_mel_mkref_out,False,5740
LOC551538,LOC551538,Gene Expression,A_mel_mkref_out,False,21394
LOC102656475,LOC102656475,Gene Expression,A_mel_mkref_out,False,635
LOC552076,LOC552076,Gene Expression,A_mel_mkref_out,False,11579
LOC100577324,LOC100577324,Gene Expression,A_mel_mkref_out,False,12143
LOC410947,LOC410947,Gene Expression,A_mel_mkref_out,False,25338
LOC413089,LOC413089,Gene Expression,A_mel_mkref_out,False,34646
LOC413388,LOC413388,Gene Expression,A_mel_mkref_out,False,43818
LOC552297,LOC552297,Gene Expression,A_mel_mkref_out,False,28021
LOC412243,LOC412243,Gene Expression,A_mel_mkref_out,False,85605
LOC412266,LOC412266,Gene Expression,A_mel_mkref_out,False,26255
LOC102654809,LOC102654809,Gene Expression,A_mel_mkref_out,False,3948
LOC107964233,LOC107964233,Gene Expression,A_mel_mkref_out,False,674
LOC413389,LOC413389,Gene Expression,A_mel_mkref_out,False,19298
LOC113218676,LOC113218676,Gene Expression,A_mel_mkref_out,False,347
LOC100578320,LOC100578320,Gene Expression,A_mel_mkref_out,False,391
LOC409295,LOC409295,Gene Expression,A_mel_mkref_out,False,10660
LOC102653853,LOC102653853,Gene Expression,A_mel_mkref_out,False,154
Pten,GeneID_411859,Gene Expression,A_mel_mkref_out,False,21464
LOC551850,LOC551850,Gene Expression,A_mel_mkref_out,False,14803
Cpap3-d,GeneID_410065,Gene Expression,A_mel_mkref_out,False,1050
LOC551478,LOC551478,Gene Expression,A_mel_mkref_out,False,16467
LOC552029,LOC552029,Gene Expression,A_mel_mkref_out,False,15872
Ndufs1,GeneID_726035,Gene Expression,A_mel_mkref_out,False,28188
LOC100577174,LOC100577174,Gene Expression,A_mel_mkref_out,False,9123
LOC409642,LOC409642,Gene Expression,A_mel_mkref_out,False,43412
LOC724778,LOC724778,Gene Expression,A_mel_mkref_out,False,3040
LOC551442,LOC551442,Gene Expression,A_mel_mkref_out,False,17023
LOC408734,LOC408734,Gene Expression,A_mel_mkref_out,False,520
LOC550808,LOC550808,Gene Expression,A_mel_mkref_out,False,15011
LOC100578339,LOC100578339,Gene Expression,A_mel_mkref_out,False,36400
LOC408721,LOC408721,Gene Expression,A_mel_mkref_out,False,76480
LOC409498,LOC409498,Gene Expression,A_mel_mkref_out,False,21905
LOC551712,LOC551712,Gene Expression,A_mel_mkref_out,False,13148
LOC411930,LOC411930,Gene Expression,A_mel_mkref_out,False,49770
LOC408742,LOC408742,Gene Expression,A_mel_mkref_out,False,23730
LOC102654682,LOC102654682,Gene Expression,A_mel_mkref_out,False,23348
LOC411893,LOC411893,Gene Expression,A_mel_mkref_out,False,68
LOC102655094,LOC102655094,Gene Expression,A_mel_mkref_out,False,508
LOC412846,LOC412846,Gene Expression,A_mel_mkref_out,False,22001
LOC411536,LOC411536,Gene Expression,A_mel_mkref_out,False,68534
LOC413805,LOC413805,Gene Expression,A_mel_mkref_out,False,7115
LOC113218672,LOC113218672,Gene Expression,A_mel_mkref_out,False,3826
LOC552493,LOC552493,Gene Expression,A_mel_mkref_out,False,8240
LOC551215,LOC551215,Gene Expression,A_mel_mkref_out,False,30540
LOC107964183,LOC107964183,Gene Expression,A_mel_mkref_out,False,963
LOC107965859,LOC107965859,Gene Expression,A_mel_mkref_out,False,8365
LOC552241,LOC552241,Gene Expression,A_mel_mkref_out,False,24794
LOC550745,LOC550745,Gene Expression,A_mel_mkref_out,False,26783
LOC102653714,LOC102653714,Gene Expression,A_mel_mkref_out,False,1281
LOC414002,LOC414002,Gene Expression,A_mel_mkref_out,False,54068
LOC113218648,LOC113218648,Gene Expression,A_mel_mkref_out,False,1612
LOC409256,LOC409256,Gene Expression,A_mel_mkref_out,False,8406
LOC102654622,LOC102654622,Gene Expression,A_mel_mkref_out,False,513
LOC410092,LOC410092,Gene Expression,A_mel_mkref_out,False,1270
LOC100577638,LOC100577638,Gene Expression,A_mel_mkref_out,False,45293
LOC409132,LOC409132,Gene Expression,A_mel_mkref_out,False,16014
Csd,GeneID_406074,Gene Expression,A_mel_mkref_out,False,40577
LOC410905,LOC410905,Gene Expression,A_mel_mkref_out,False,4774
LOC113218634,LOC113218634,Gene Expression,A_mel_mkref_out,False,2220
LOC408763,LOC408763,Gene Expression,A_mel_mkref_out,False,70808
LOC102656822,LOC102656822,Gene Expression,A_mel_mkref_out,False,17625
LOC551347,LOC551347,Gene Expression,A_mel_mkref_out,False,2159
LOC727354,LOC727354,Gene Expression,A_mel_mkref_out,False,35393
LOC551521,LOC551521,Gene Expression,A_mel_mkref_out,False,11755
LOC412850,LOC412850,Gene Expression,A_mel_mkref_out,False,29377
LOC724164,LOC724164,Gene Expression,A_mel_mkref_out,False,15574
LOC107964197,LOC107964197,Gene Expression,A_mel_mkref_out,False,333
LOC411365,LOC411365,Gene Expression,A_mel_mkref_out,False,63401
LOC102656384,LOC102656384,Gene Expression,A_mel_mkref_out,False,5213
LOC726870,LOC726870,Gene Expression,A_mel_mkref_out,False,17296
LOC411492,LOC411492,Gene Expression,A_mel_mkref_out,False,26263
LOC409308,LOC409308,Gene Expression,A_mel_mkref_out,False,24213
LOC102653989,LOC102653989,Gene Expression,A_mel_mkref_out,False,880
LOC102653928,LOC102653928,Gene Expression,A_mel_mkref_out,False,598
LOC726147,LOC726147,Gene Expression,A_mel_mkref_out,False,7701
LOC413810,LOC413810,Gene Expression,A_mel_mkref_out,False,19633
LOC102655189,LOC102655189,Gene Expression,A_mel_mkref_out,False,75
LOC552147,LOC552147,Gene Expression,A_mel_mkref_out,False,6544
LOC413858,LOC413858,Gene Expression,A_mel_mkref_out,False,3467
LOC727159,LOC727159,Gene Expression,A_mel_mkref_out,False,55828
LOC102656549,LOC102656549,Gene Expression,A_mel_mkref_out,False,4211
LOC102655173,LOC102655173,Gene Expression,A_mel_mkref_out,False,3421
LOC410953,LOC410953,Gene Expression,A_mel_mkref_out,False,25546
LOC726365,LOC726365,Gene Expression,A_mel_mkref_out,False,9628
LOC102655259,LOC102655259,Gene Expression,A_mel_mkref_out,False,20205
LOC113218630,LOC113218630,Gene Expression,A_mel_mkref_out,False,27214
LOC102655496,LOC102655496,Gene Expression,A_mel_mkref_out,False,8024
LOC408748,LOC408748,Gene Expression,A_mel_mkref_out,False,16471
LOC102654960,LOC102654960,Gene Expression,A_mel_mkref_out,False,1887
LOC100577120,LOC100577120,Gene Expression,A_mel_mkref_out,False,16745
LOC411376,LOC411376,Gene Expression,A_mel_mkref_out,False,4560
LOC409856,LOC409856,Gene Expression,A_mel_mkref_out,False,65272
LOC409255,LOC409255,Gene Expression,A_mel_mkref_out,False,45755
LOC551714,LOC551714,Gene Expression,A_mel_mkref_out,False,54
LOC102653751,LOC102653751,Gene Expression,A_mel_mkref_out,False,4904
LOC725167,LOC725167,Gene Expression,A_mel_mkref_out,False,31345
LOC107964212,LOC107964212,Gene Expression,A_mel_mkref_out,False,8217
LOC100578040,LOC100578040,Gene Expression,A_mel_mkref_out,False,27322
LOC410007,LOC410007,Gene Expression,A_mel_mkref_out,False,5768
LOC113218622,LOC113218622,Gene Expression,A_mel_mkref_out,False,761
LOC551408,LOC551408,Gene Expression,A_mel_mkref_out,False,26254
LOC107964214,LOC107964214,Gene Expression,A_mel_mkref_out,False,6220
LOC725400,LOC725400,Gene Expression,A_mel_mkref_out,False,6636
LOC100577576,LOC100577576,Gene Expression,A_mel_mkref_out,False,1058
LOC725894,LOC725894,Gene Expression,A_mel_mkref_out,False,41444
LOC102654815,LOC102654815,Gene Expression,A_mel_mkref_out,False,364
LOC726158,LOC726158,Gene Expression,A_mel_mkref_out,False,20280
LOC412419,LOC412419,Gene Expression,A_mel_mkref_out,False,23566
LOC113218636,LOC113218636,Gene Expression,A_mel_mkref_out,False,83
Cac,GeneID_408764,Gene Expression,A_mel_mkref_out,False,88093
LOC113218667,LOC113218667,Gene Expression,A_mel_mkref_out,False,305
LOC409643,LOC409643,Gene Expression,A_mel_mkref_out,False,59155
LOC100576366,LOC100576366,Gene Expression,A_mel_mkref_out,False,21266
LOC552489,LOC552489,Gene Expression,A_mel_mkref_out,False,2616
LOC412979,LOC412979,Gene Expression,A_mel_mkref_out,False,13671
LOC552519,LOC552519,Gene Expression,A_mel_mkref_out,False,35042
LOC100576644,LOC100576644,Gene Expression,A_mel_mkref_out,False,2695
LOC102656910,LOC102656910,Gene Expression,A_mel_mkref_out,False,17649
LOC551457,LOC551457,Gene Expression,A_mel_mkref_out,False,5202
LOC408722,LOC408722,Gene Expression,A_mel_mkref_out,False,90561
LOC102656334,LOC102656334,Gene Expression,A_mel_mkref_out,False,169
LOC100576718,LOC100576718,Gene Expression,A_mel_mkref_out,False,5555
LOC100576333,LOC100576333,Gene Expression,A_mel_mkref_out,False,22898
LOC413488,LOC413488,Gene Expression,A_mel_mkref_out,False,30655
LOC102653852,LOC102653852,Gene Expression,A_mel_mkref_out,False,692
LOC413987,LOC413987,Gene Expression,A_mel_mkref_out,False,44024
LOC410114,LOC410114,Gene Expression,A_mel_mkref_out,False,30665
LOC724811,LOC724811,Gene Expression,A_mel_mkref_out,False,11767
LOC411896,LOC411896,Gene Expression,A_mel_mkref_out,False,22281
LOC551539,LOC551539,Gene Expression,A_mel_mkref_out,False,8734
LOC725740,LOC725740,Gene Expression,A_mel_mkref_out,False,24681
LOC410916,LOC410916,Gene Expression,A_mel_mkref_out,False,36782
LOC107964134,LOC107964134,Gene Expression,A_mel_mkref_out,False,5427
LOC726727,LOC726727,Gene Expression,A_mel_mkref_out,False,45167
LOC551654,LOC551654,Gene Expression,A_mel_mkref_out,False,7873
LOC551948,LOC551948,Gene Expression,A_mel_mkref_out,False,12269
LOC725831,LOC725831,Gene Expression,A_mel_mkref_out,False,730
LOC409130,LOC409130,Gene Expression,A_mel_mkref_out,False,46528
LOC100577795,LOC100577795,Gene Expression,A_mel_mkref_out,False,344
LOC724212,LOC724212,Gene Expression,A_mel_mkref_out,False,19684
LOC724214,LOC724214,Gene Expression,A_mel_mkref_out,False,42215
LOC409900,LOC409900,Gene Expression,A_mel_mkref_out,False,14367
LOC410920,LOC410920,Gene Expression,A_mel_mkref_out,False,2784
LOC725061,LOC725061,Gene Expression,A_mel_mkref_out,False,29516
LOC113218619,LOC113218619,Gene Expression,A_mel_mkref_out,False,23991
LOC410967,LOC410967,Gene Expression,A_mel_mkref_out,False,35594
LOC412675,LOC412675,Gene Expression,A_mel_mkref_out,False,25791
LOC102653649,LOC102653649,Gene Expression,A_mel_mkref_out,False,1726
LOC725895,LOC725895,Gene Expression,A_mel_mkref_out,False,53037
LOC550964,LOC550964,Gene Expression,A_mel_mkref_out,False,1037
LOC725931,LOC725931,Gene Expression,A_mel_mkref_out,False,9317
LOC100577278,LOC100577278,Gene Expression,A_mel_mkref_out,False,473
LOC412855,LOC412855,Gene Expression,A_mel_mkref_out,False,39134
LOC726188,LOC726188,Gene Expression,A_mel_mkref_out,False,73453
LOC107964204,LOC107964204,Gene Expression,A_mel_mkref_out,False,15187
LOC552573,LOC552573,Gene Expression,A_mel_mkref_out,False,36364
LOC100578233,LOC100578233,Gene Expression,A_mel_mkref_out,False,2122
LOC102656502,LOC102656502,Gene Expression,A_mel_mkref_out,False,614
LOC100578226,LOC100578226,Gene Expression,A_mel_mkref_out,False,5988
LOC408755,LOC408755,Gene Expression,A_mel_mkref_out,False,26071
LOC113218674,LOC113218674,Gene Expression,A_mel_mkref_out,False,24611
LOC724920,LOC724920,Gene Expression,A_mel_mkref_out,False,11087
LOC408729,LOC408729,Gene Expression,A_mel_mkref_out,False,5418
LOC726857,LOC726857,Gene Expression,A_mel_mkref_out,False,5185
LOC100576234,LOC100576234,Gene Expression,A_mel_mkref_out,False,40920
LOC413194,LOC413194,Gene Expression,A_mel_mkref_out,False,27115
LOC100576768,LOC100576768,Gene Expression,A_mel_mkref_out,False,26368
LOC113218644,LOC113218644,Gene Expression,A_mel_mkref_out,False,187
LOC100577773,LOC100577773,Gene Expression,A_mel_mkref_out,False,44
LOC725123,LOC725123,Gene Expression,A_mel_mkref_out,False,1732
LOC107964206,LOC107964206,Gene Expression,A_mel_mkref_out,False,54477
LOC107964196,LOC107964196,Gene Expression,A_mel_mkref_out,False,1583
LOC724810,LOC724810,Gene Expression,A_mel_mkref_out,False,30829
LOC413498,LOC413498,Gene Expression,A_mel_mkref_out,False,21731
LOC409888,LOC409888,Gene Expression,A_mel_mkref_out,False,54883
LOC550978,LOC550978,Gene Expression,A_mel_mkref_out,False,21429
LOC102655354,LOC102655354,Gene Expression,A_mel_mkref_out,False,22247
LOC410933,LOC410933,Gene Expression,A_mel_mkref_out,False,32252
LOC100576502,LOC100576502,Gene Expression,A_mel_mkref_out,False,2551
LOC551458,LOC551458,Gene Expression,A_mel_mkref_out,False,6704
LOC102656758,LOC102656758,Gene Expression,A_mel_mkref_out,False,2602
LOC724886,LOC724886,Gene Expression,A_mel_mkref_out,False,25410
LOC724558,LOC724558,Gene Expression,A_mel_mkref_out,False,10154
LOC552649,LOC552649,Gene Expression,A_mel_mkref_out,False,32272
LOC725474,LOC725474,Gene Expression,A_mel_mkref_out,False,24172
LOC100577216,LOC100577216,Gene Expression,A_mel_mkref_out,False,63449
LOC725326,LOC725326,Gene Expression,A_mel_mkref_out,False,7112
LOC100578349,LOC100578349,Gene Expression,A_mel_mkref_out,False,43343
LOC102656234,LOC102656234,Gene Expression,A_mel_mkref_out,False,3781
LOC102655809,LOC102655809,Gene Expression,A_mel_mkref_out,False,81
Fem,GeneID_724970,Gene Expression,A_mel_mkref_out,False,60052
LOC102654331,LOC102654331,Gene Expression,A_mel_mkref_out,False,2162
LOC409404,LOC409404,Gene Expression,A_mel_mkref_out,False,17335
LOC413791,LOC413791,Gene Expression,A_mel_mkref_out,False,54696
E74,GeneID_408758,Gene Expression,A_mel_mkref_out,False,56720
LOC410960,LOC410960,Gene Expression,A_mel_mkref_out,False,1062
LOC551509,LOC551509,Gene Expression,A_mel_mkref_out,False,6162
LOC551616,LOC551616,Gene Expression,A_mel_mkref_out,False,13833
LOC410093,LOC410093,Gene Expression,A_mel_mkref_out,False,12163
LOC100577327,LOC100577327,Gene Expression,A_mel_mkref_out,False,104
LOC412956,LOC412956,Gene Expression,A_mel_mkref_out,False,82539
LOC410972,LOC410972,Gene Expression,A_mel_mkref_out,False,8750
LOC410079,LOC410079,Gene Expression,A_mel_mkref_out,False,17015
LOC410956,LOC410956,Gene Expression,A_mel_mkref_out,False,80800
LOC411494,LOC411494,Gene Expression,A_mel_mkref_out,False,59836
LOC552571,LOC552571,Gene Expression,A_mel_mkref_out,False,21316
LOC410961,LOC410961,Gene Expression,A_mel_mkref_out,False,34825
LOC410975,LOC410975,Gene Expression,A_mel_mkref_out,False,1100
LOC411412,LOC411412,Gene Expression,A_mel_mkref_out,False,39093
LOC413363,LOC413363,Gene Expression,A_mel_mkref_out,False,19667
LOC552399,LOC552399,Gene Expression,A_mel_mkref_out,False,39197
LOC412342,LOC412342,Gene Expression,A_mel_mkref_out,False,7567
LOC412524,LOC412524,Gene Expression,A_mel_mkref_out,False,17794
LOC412869,LOC412869,Gene Expression,A_mel_mkref_out,False,816
LOC410918,LOC410918,Gene Expression,A_mel_mkref_out,False,86579
NOS,GeneID_503861OS,Gene Expression,A_mel_mkref_out,False,22351
LOC100577047,LOC100577047,Gene Expression,A_mel_mkref_out,False,9804
LOC551256,LOC551256,Gene Expression,A_mel_mkref_out,False,8290
LOC551057,LOC551057,Gene Expression,A_mel_mkref_out,False,13150
LOC410976,LOC410976,Gene Expression,A_mel_mkref_out,False,1132
LOC102654169,LOC102654169,Gene Expression,A_mel_mkref_out,False,19030
LOC411931,LOC411931,Gene Expression,A_mel_mkref_out,False,28718
LOC113218616,LOC113218616,Gene Expression,A_mel_mkref_out,False,19485
LOC100576853,LOC100576853,Gene Expression,A_mel_mkref_out,False,8159
LOC102654823,LOC102654823,Gene Expression,A_mel_mkref_out,False,213
LOC113218635,LOC113218635,Gene Expression,A_mel_mkref_out,False,262
LOC726633,LOC726633,Gene Expression,A_mel_mkref_out,False,20065
LOC410076,LOC410076,Gene Expression,A_mel_mkref_out,False,19418
LOC551949,LOC551949,Gene Expression,A_mel_mkref_out,False,11385
LOC409653,LOC409653,Gene Expression,A_mel_mkref_out,False,14388
LOC725830,LOC725830,Gene Expression,A_mel_mkref_out,False,20664
LOC551216,LOC551216,Gene Expression,A_mel_mkref_out,False,28616
LOC113218669,LOC113218669,Gene Expression,A_mel_mkref_out,False,1149
LOC413391,LOC413391,Gene Expression,A_mel_mkref_out,False,4632
LOC413817,LOC413817,Gene Expression,A_mel_mkref_out,False,22530
LOC408750,LOC408750,Gene Expression,A_mel_mkref_out,False,3423
LOC408725,LOC408725,Gene Expression,A_mel_mkref_out,False,71391
LOC725664,LOC725664,Gene Expression,A_mel_mkref_out,False,1323
LOC410924,LOC410924,Gene Expression,A_mel_mkref_out,False,16688
LOC724603,LOC724603,Gene Expression,A_mel_mkref_out,False,7494
LOC411903,LOC411903,Gene Expression,A_mel_mkref_out,False,23765
LOC552510,LOC552510,Gene Expression,A_mel_mkref_out,False,17770
LOC100577525,LOC100577525,Gene Expression,A_mel_mkref_out,False,7645
LOC102656442,LOC102656442,Gene Expression,A_mel_mkref_out,False,9194
LOC410091,LOC410091,Gene Expression,A_mel_mkref_out,False,43445
LOC107964138,LOC107964138,Gene Expression,A_mel_mkref_out,False,1314
LOC100578734,LOC100578734,Gene Expression,A_mel_mkref_out,False,12967
LOC551510,LOC551510,Gene Expression,A_mel_mkref_out,False,7821
LOC724270,LOC724270,Gene Expression,A_mel_mkref_out,False,4879
LOC100576775,LOC100576775,Gene Expression,A_mel_mkref_out,False,25661
LOC100577743,LOC100577743,Gene Expression,A_mel_mkref_out,False,2506
LOC726385,LOC726385,Gene Expression,A_mel_mkref_out,False,11693
LOC100577620,LOC100577620,Gene Expression,A_mel_mkref_out,False,2863
LOC107964152,LOC107964152,Gene Expression,A_mel_mkref_out,False,3879
LOC102655807,LOC102655807,Gene Expression,A_mel_mkref_out,False,668
LOC412506,LOC412506,Gene Expression,A_mel_mkref_out,False,30549
LOC726529,LOC726529,Gene Expression,A_mel_mkref_out,False,9366
LOC551169,LOC551169,Gene Expression,A_mel_mkref_out,False,14329
LOC100578418,LOC100578418,Gene Expression,A_mel_mkref_out,False,7380
LOC412616,LOC412616,Gene Expression,A_mel_mkref_out,False,14276
LOC113218638,LOC113218638,Gene Expression,A_mel_mkref_out,False,1766
LOC413708,LOC413708,Gene Expression,A_mel_mkref_out,False,8805
LOC410906,LOC410906,Gene Expression,A_mel_mkref_out,False,12923
LOC410944,LOC410944,Gene Expression,A_mel_mkref_out,False,1753
LOC724510,LOC724510,Gene Expression,A_mel_mkref_out,False,40344
LOC102655867,LOC102655867,Gene Expression,A_mel_mkref_out,False,122
LOC410161,LOC410161,Gene Expression,A_mel_mkref_out,False,85217
LOC412341,LOC412341,Gene Expression,A_mel_mkref_out,False,9139
LOC102655237,LOC102655237,Gene Expression,A_mel_mkref_out,False,417
LOC100577538,LOC100577538,Gene Expression,A_mel_mkref_out,False,6356
LOC410948,LOC410948,Gene Expression,A_mel_mkref_out,False,1600
LOC107964132,LOC107964132,Gene Expression,A_mel_mkref_out,False,77
LOC102653826,LOC102653826,Gene Expression,A_mel_mkref_out,False,383
LOC551875,LOC551875,Gene Expression,A_mel_mkref_out,False,27198
LOC411403,LOC411403,Gene Expression,A_mel_mkref_out,False,11167
LOC724344,LOC724344,Gene Expression,A_mel_mkref_out,False,88321
Jhe,GeneID_406066,Gene Expression,A_mel_mkref_out,False,2544
LOC113218639,LOC113218639,Gene Expression,A_mel_mkref_out,False,23662
LOC551896,LOC551896,Gene Expression,A_mel_mkref_out,False,19055
LOC410923,LOC410923,Gene Expression,A_mel_mkref_out,False,86856
LOC113218623,LOC113218623,Gene Expression,A_mel_mkref_out,False,7917
LOC107964211,LOC107964211,Gene Expression,A_mel_mkref_out,False,1823
LOC113218666,LOC113218666,Gene Expression,A_mel_mkref_out,False,14875
LOC551673,LOC551673,Gene Expression,A_mel_mkref_out,False,60749
LOC100577253,LOC100577253,Gene Expression,A_mel_mkref_out,False,26338
LOC410904,LOC410904,Gene Expression,A_mel_mkref_out,False,33517
LOC102654462,LOC102654462,Gene Expression,A_mel_mkref_out,False,19754
LOC100577228,LOC100577228,Gene Expression,A_mel_mkref_out,False,33983
LOC552613,LOC552613,Gene Expression,A_mel_mkref_out,False,28373
LOC551701,LOC551701,Gene Expression,A_mel_mkref_out,False,19514
LOC724985,LOC724985,Gene Expression,A_mel_mkref_out,False,4682
LOC724256,LOC724256,Gene Expression,A_mel_mkref_out,False,8522
LOC408732,LOC408732,Gene Expression,A_mel_mkref_out,False,13587
LOC552647,LOC552647,Gene Expression,A_mel_mkref_out,False,32913
LOC410925,LOC410925,Gene Expression,A_mel_mkref_out,False,18214
LOC552149,LOC552149,Gene Expression,A_mel_mkref_out,False,5739
LOC113218658,LOC113218658,Gene Expression,A_mel_mkref_out,False,5300
LOC113218645,LOC113218645,Gene Expression,A_mel_mkref_out,False,67
LOC409893,LOC409893,Gene Expression,A_mel_mkref_out,False,76299
LOC409795,LOC409795,Gene Expression,A_mel_mkref_out,False,75193
LOC408733,LOC408733,Gene Expression,A_mel_mkref_out,False,59922
LOC551827,LOC551827,Gene Expression,A_mel_mkref_out,False,26532
LOC100578584,LOC100578584,Gene Expression,A_mel_mkref_out,False,18416
LOC100576419,LOC100576419,Gene Expression,A_mel_mkref_out,False,408
LOC409968,LOC409968,Gene Expression,A_mel_mkref_out,False,17919
LOC100577178,LOC100577178,Gene Expression,A_mel_mkref_out,False,792
LOC102654687,LOC102654687,Gene Expression,A_mel_mkref_out,False,1014
LOC102655950,LOC102655950,Gene Expression,A_mel_mkref_out,False,5295
LOC100576930,LOC100576930,Gene Expression,A_mel_mkref_out,False,13833
LOC102654417,LOC102654417,Gene Expression,A_mel_mkref_out,False,6879
LOC410973,LOC410973,Gene Expression,A_mel_mkref_out,False,4322
LOC113218647,LOC113218647,Gene Expression,A_mel_mkref_out,False,42553
LOC410964,LOC410964,Gene Expression,A_mel_mkref_out,False,5621
LOC107964133,LOC107964133,Gene Expression,A_mel_mkref_out,False,11668
LOC724809,LOC724809,Gene Expression,A_mel_mkref_out,False,19467
Ube2g1,GeneID_551971,Gene Expression,A_mel_mkref_out,False,21218
LOC107964202,LOC107964202,Gene Expression,A_mel_mkref_out,False,28466
LOC113218646,LOC113218646,Gene Expression,A_mel_mkref_out,False,3170
LOC412923,LOC412923,Gene Expression,A_mel_mkref_out,False,4573
LOC410922,LOC410922,Gene Expression,A_mel_mkref_out,False,56013
LOC409492,LOC409492,Gene Expression,A_mel_mkref_out,False,26355
LOC409872,LOC409872,Gene Expression,A_mel_mkref_out,False,42353
LOC552192,LOC552192,Gene Expression,A_mel_mkref_out,False,29924
LOC113218633,LOC113218633,Gene Expression,A_mel_mkref_out,False,3641
LOC408762,LOC408762,Gene Expression,A_mel_mkref_out,False,23938
LOC725699,LOC725699,Gene Expression,A_mel_mkref_out,False,6978
LOC100576104,LOC100576104,Gene Expression,A_mel_mkref_out,False,20668
LOC412256,LOC412256,Gene Expression,A_mel_mkref_out,False,62501
LOC552563,LOC552563,Gene Expression,A_mel_mkref_out,False,19021
osp,GeneID_551828,Gene Expression,A_mel_mkref_out,False,66642
LOC107964015,LOC107964015,Gene Expression,A_mel_mkref_out,False,8055
LOC100578165,LOC100578165,Gene Expression,A_mel_mkref_out,False,35075
LOC414029,LOC414029,Gene Expression,A_mel_mkref_out,False,78388
LOC412844,LOC412844,Gene Expression,A_mel_mkref_out,False,947
LOC724628,LOC724628,Gene Expression,A_mel_mkref_out,False,14632
LOC412619,LOC412619,Gene Expression,A_mel_mkref_out,False,19603
LOC412883,LOC412883,Gene Expression,A_mel_mkref_out,False,25702
LOC107964011,LOC107964011,Gene Expression,A_mel_mkref_out,False,32926
LOC413484,LOC413484,Gene Expression,A_mel_mkref_out,False,19637
LOC412708,LOC412708,Gene Expression,A_mel_mkref_out,False,22602
LOC410968,LOC410968,Gene Expression,A_mel_mkref_out,False,17603
LOC552599,LOC552599,Gene Expression,A_mel_mkref_out,False,10448
LOC552148,LOC552148,Gene Expression,A_mel_mkref_out,False,3940
LOC100577675,LOC100577675,Gene Expression,A_mel_mkref_out,False,5120
LOC409422,LOC409422,Gene Expression,A_mel_mkref_out,False,75309
LOC100576098,LOC100576098,Gene Expression,A_mel_mkref_out,False,3811
LOC412599,LOC412599,Gene Expression,A_mel_mkref_out,False,10363
LOC408727,LOC408727,Gene Expression,A_mel_mkref_out,False,670
LOC724921,LOC724921,Gene Expression,A_mel_mkref_out,False,3222
LOC107964225,LOC107964225,Gene Expression,A_mel_mkref_out,False,2406
LOC113218626,LOC113218626,Gene Expression,A_mel_mkref_out,False,580
LOC100578464,LOC100578464,Gene Expression,A_mel_mkref_out,False,15628
LOC726131,LOC726131,Gene Expression,A_mel_mkref_out,False,2537
LOC102656299,LOC102656299,Gene Expression,A_mel_mkref_out,False,2023
LOC100577932,LOC100577932,Gene Expression,A_mel_mkref_out,False,69022
LOC552629,LOC552629,Gene Expression,A_mel_mkref_out,False,21227
LOC100577264,LOC100577264,Gene Expression,A_mel_mkref_out,False,665
LOC411493,LOC411493,Gene Expression,A_mel_mkref_out,False,1732
LOC102654882,LOC102654882,Gene Expression,A_mel_mkref_out,False,3092
LOC411613,LOC411613,Gene Expression,A_mel_mkref_out,False,7483
LOC100577678,LOC100577678,Gene Expression,A_mel_mkref_out,False,2417
LOC102654788,LOC102654788,Gene Expression,A_mel_mkref_out,False,224
LOC102655392,LOC102655392,Gene Expression,A_mel_mkref_out,False,3093
LOC410940,LOC410940,Gene Expression,A_mel_mkref_out,False,15602
LOC410958,LOC410958,Gene Expression,A_mel_mkref_out,False,35644
LOC724559,LOC724559,Gene Expression,A_mel_mkref_out,False,17059
LOC410910,LOC410910,Gene Expression,A_mel_mkref_out,False,13187
LOC113218554,LOC113218554,Gene Expression,A_mel_mkref_out,False,14743
LOC551170,LOC551170,Gene Expression,A_mel_mkref_out,False,8231
LOC413288,LOC413288,Gene Expression,A_mel_mkref_out,False,23381
LOC410969,LOC410969,Gene Expression,A_mel_mkref_out,False,15961
LOC113218673,LOC113218673,Gene Expression,A_mel_mkref_out,False,4011
LOC724363,LOC724363,Gene Expression,A_mel_mkref_out,False,15340
LOC724215,LOC724215,Gene Expression,A_mel_mkref_out,False,53369
LOC724885,LOC724885,Gene Expression,A_mel_mkref_out,False,85261
LOC725036,LOC725036,Gene Expression,A_mel_mkref_out,False,8003
LOC552811,LOC552811,Gene Expression,A_mel_mkref_out,False,2970
LOC411563,LOC411563,Gene Expression,A_mel_mkref_out,False,7641
LOC100576290,LOC100576290,Gene Expression,A_mel_mkref_out,False,1823
LOC412267,LOC412267,Gene Expression,A_mel_mkref_out,False,22622
LOC409932,LOC409932,Gene Expression,A_mel_mkref_out,False,30918
LOC100578530,LOC100578530,Gene Expression,A_mel_mkref_out,False,9485
LOC102656557,LOC102656557,Gene Expression,A_mel_mkref_out,False,543
LOC107966069,LOC107966069,Gene Expression,A_mel_mkref_out,False,2113
LOC551235,LOC551235,Gene Expression,A_mel_mkref_out,False,11109
LOC113218642,LOC113218642,Gene Expression,A_mel_mkref_out,False,1154
LOC552802,LOC552802,Gene Expression,A_mel_mkref_out,False,13930
LOC551874,LOC551874,Gene Expression,A_mel_mkref_out,False,20036
LOC551043,LOC551043,Gene Expression,A_mel_mkref_out,False,41344
LOC413448,LOC413448,Gene Expression,A_mel_mkref_out,False,14876
LOC410044,LOC410044,Gene Expression,A_mel_mkref_out,False,28626
LOC552193,LOC552193,Gene Expression,A_mel_mkref_out,False,2519
LOC552625,LOC552625,Gene Expression,A_mel_mkref_out,False,17562
LOC409906,LOC409906,Gene Expression,A_mel_mkref_out,False,29755
LOC550691,LOC550691,Gene Expression,A_mel_mkref_out,False,380
LOC113218662,LOC113218662,Gene Expression,A_mel_mkref_out,False,43
LOC724737,LOC724737,Gene Expression,A_mel_mkref_out,False,68719
LOC100578283,LOC100578283,Gene Expression,A_mel_mkref_out,False,2835
LOC100576797,LOC100576797,Gene Expression,A_mel_mkref_out,False,26
LOC411589,LOC411589,Gene Expression,A_mel_mkref_out,False,31109
LOC100576272,LOC100576272,Gene Expression,A_mel_mkref_out,False,13269
LOC724629,LOC724629,Gene Expression,A_mel_mkref_out,False,4197
LOC412690,LOC412690,Gene Expression,A_mel_mkref_out,False,5252
LOC413590,LOC413590,Gene Expression,A_mel_mkref_out,False,592
LOC411013,LOC411013,Gene Expression,A_mel_mkref_out,False,16447
LOC552078,LOC552078,Gene Expression,A_mel_mkref_out,False,57
LOC100576383,LOC100576383,Gene Expression,A_mel_mkref_out,False,77428
LOC408809,LOC408809,Gene Expression,A_mel_mkref_out,False,91962
LOC102654271,LOC102654271,Gene Expression,A_mel_mkref_out,False,7777
LOC552429,LOC552429,Gene Expression,A_mel_mkref_out,False,22835
LOC409182,LOC409182,Gene Expression,A_mel_mkref_out,False,72518
LOC102656291,LOC102656291,Gene Expression,A_mel_mkref_out,False,8788
LOC411044,LOC411044,Gene Expression,A_mel_mkref_out,False,17801
LOC411009,LOC411009,Gene Expression,A_mel_mkref_out,False,43017
LOC410038,LOC410038,Gene Expression,A_mel_mkref_out,False,1208
LOC102653955,LOC102653955,Gene Expression,A_mel_mkref_out,False,10067
LOC725904,LOC725904,Gene Expression,A_mel_mkref_out,False,13773
LOC113218715,LOC113218715,Gene Expression,A_mel_mkref_out,False,296
LOC725896,LOC725896,Gene Expression,A_mel_mkref_out,False,22201
LOC102656652,LOC102656652,Gene Expression,A_mel_mkref_out,False,14432
LOC726681,LOC726681,Gene Expression,A_mel_mkref_out,False,32406
INTS8,GeneID_412509,Gene Expression,A_mel_mkref_out,False,19033
LOC107964289,LOC107964289,Gene Expression,A_mel_mkref_out,False,7574
LOC411529,LOC411529,Gene Expression,A_mel_mkref_out,False,8127
LOC727055,LOC727055,Gene Expression,A_mel_mkref_out,False,7030
LOC725269,LOC725269,Gene Expression,A_mel_mkref_out,False,20504
LOC725311,LOC725311,Gene Expression,A_mel_mkref_out,False,15788
LOC113218737,LOC113218737,Gene Expression,A_mel_mkref_out,False,3691
LOC727071,LOC727071,Gene Expression,A_mel_mkref_out,False,29546
LOC408796,LOC408796,Gene Expression,A_mel_mkref_out,False,34612
LOC412993,LOC412993,Gene Expression,A_mel_mkref_out,False,20457
LOC411581,LOC411581,Gene Expression,A_mel_mkref_out,False,17115
LOC102654949,LOC102654949,Gene Expression,A_mel_mkref_out,False,13874
LOC107964275,LOC107964275,Gene Expression,A_mel_mkref_out,False,2449
LOC551257,LOC551257,Gene Expression,A_mel_mkref_out,False,63411
Or130,GeneID_727063,Gene Expression,A_mel_mkref_out,False,178
LOC100577725,LOC100577725,Gene Expression,A_mel_mkref_out,False,799
LOC102655622,LOC102655622,Gene Expression,A_mel_mkref_out,False,1078
LOC102655592,LOC102655592,Gene Expression,A_mel_mkref_out,False,54
LOC725012,LOC725012,Gene Expression,A_mel_mkref_out,False,12639
LOC409659,LOC409659,Gene Expression,A_mel_mkref_out,False,22296
LOC408817,LOC408817,Gene Expression,A_mel_mkref_out,False,18268
LOC102656089,LOC102656089,Gene Expression,A_mel_mkref_out,False,3136
LOC102655740,LOC102655740,Gene Expression,A_mel_mkref_out,False,523
LOC102653803,LOC102653803,Gene Expression,A_mel_mkref_out,False,78
LOC102654745,LOC102654745,Gene Expression,A_mel_mkref_out,False,187
LOC100576361,LOC100576361,Gene Expression,A_mel_mkref_out,False,153
LOC113218740,LOC113218740,Gene Expression,A_mel_mkref_out,False,989
LOC102655228,LOC102655228,Gene Expression,A_mel_mkref_out,False,12930
LOC725905,LOC725905,Gene Expression,A_mel_mkref_out,False,8278
LOC102656142,LOC102656142,Gene Expression,A_mel_mkref_out,False,14816
LOC726044,LOC726044,Gene Expression,A_mel_mkref_out,False,70080
LOC551012,LOC551012,Gene Expression,A_mel_mkref_out,False,33106
LOC725832,LOC725832,Gene Expression,A_mel_mkref_out,False,358
LOC100579057,LOC100579057,Gene Expression,A_mel_mkref_out,False,9669
LOC551126,LOC551126,Gene Expression,A_mel_mkref_out,False,15474
LOC412013,LOC412013,Gene Expression,A_mel_mkref_out,False,1513
LOC107964314,LOC107964314,Gene Expression,A_mel_mkref_out,False,23023
LOC412036,LOC412036,Gene Expression,A_mel_mkref_out,False,15087
LOC726726,LOC726726,Gene Expression,A_mel_mkref_out,False,39596
LOC724922,LOC724922,Gene Expression,A_mel_mkref_out,False,18679
LOC100576453,LOC100576453,Gene Expression,A_mel_mkref_out,False,595
LOC551664,LOC551664,Gene Expression,A_mel_mkref_out,False,19620
PIH1D1,GeneID_726775,Gene Expression,A_mel_mkref_out,False,8334
LOC411046,LOC411046,Gene Expression,A_mel_mkref_out,False,84713
LOC726866,LOC726866,Gene Expression,A_mel_mkref_out,False,27395
LOC726132,LOC726132,Gene Expression,A_mel_mkref_out,False,17099
LOC100577976,LOC100577976,Gene Expression,A_mel_mkref_out,False,19349
LOC550865,LOC550865,Gene Expression,A_mel_mkref_out,False,34339
LOC409543,LOC409543,Gene Expression,A_mel_mkref_out,False,31031
LOC552621,LOC552621,Gene Expression,A_mel_mkref_out,False,15419
LOC107964264,LOC107964264,Gene Expression,A_mel_mkref_out,False,359
LOC409051,LOC409051,Gene Expression,A_mel_mkref_out,False,91650
LOC726733,LOC726733,Gene Expression,A_mel_mkref_out,False,261
LOC724983,LOC724983,Gene Expression,A_mel_mkref_out,False,3402
LOC550811,LOC550811,Gene Expression,A_mel_mkref_out,False,31328
Dscam,GeneID_408786,Gene Expression,A_mel_mkref_out,False,83575
LOC411642,LOC411642,Gene Expression,A_mel_mkref_out,False,10224
LOC411006,LOC411006,Gene Expression,A_mel_mkref_out,False,28564
LOC726308,LOC726308,Gene Expression,A_mel_mkref_out,False,16184
LOC100578999,LOC100578999,Gene Expression,A_mel_mkref_out,False,10625
LOC107964268,LOC107964268,Gene Expression,A_mel_mkref_out,False,26420
LOC552322,LOC552322,Gene Expression,A_mel_mkref_out,False,30307
LOC102654580,LOC102654580,Gene Expression,A_mel_mkref_out,False,725
LOC113218725,LOC113218725,Gene Expression,A_mel_mkref_out,False,2742
LOC413591,LOC413591,Gene Expression,A_mel_mkref_out,False,11214
LOC113218745,LOC113218745,Gene Expression,A_mel_mkref_out,False,31646
LOC408819,LOC408819,Gene Expression,A_mel_mkref_out,False,10950
LOC102654312,LOC102654312,Gene Expression,A_mel_mkref_out,False,10231
LOC113218538,LOC113218538,Gene Expression,A_mel_mkref_out,False,2901
LOC727528,LOC727528,Gene Expression,A_mel_mkref_out,False,16951
CPR27,GeneID_725509,Gene Expression,A_mel_mkref_out,False,239
LOC724481,LOC724481,Gene Expression,A_mel_mkref_out,False,8585
LOC411026,LOC411026,Gene Expression,A_mel_mkref_out,False,10810
LOC552213,LOC552213,Gene Expression,A_mel_mkref_out,False,30603
LOC107964278,LOC107964278,Gene Expression,A_mel_mkref_out,False,87
LOC102656131,LOC102656131,Gene Expression,A_mel_mkref_out,False,14176
LOC411047,LOC411047,Gene Expression,A_mel_mkref_out,False,24895
LOC409117,LOC409117,Gene Expression,A_mel_mkref_out,False,17322
LOC724781,LOC724781,Gene Expression,A_mel_mkref_out,False,1572
LOC102653946,LOC102653946,Gene Expression,A_mel_mkref_out,False,2099
LOC413113,LOC413113,Gene Expression,A_mel_mkref_out,False,516
LOC408803,LOC408803,Gene Expression,A_mel_mkref_out,False,40878
LOC550920,LOC550920,Gene Expression,A_mel_mkref_out,False,13325
LOC724830,LOC724830,Gene Expression,A_mel_mkref_out,False,50971
LOC726159,LOC726159,Gene Expression,A_mel_mkref_out,False,19193
LOC725360,LOC725360,Gene Expression,A_mel_mkref_out,False,331
LOC409143,LOC409143,Gene Expression,A_mel_mkref_out,False,355
LOC725013,LOC725013,Gene Expression,A_mel_mkref_out,False,17694
LOC408773,LOC408773,Gene Expression,A_mel_mkref_out,False,6123
LOC412217,LOC412217,Gene Expression,A_mel_mkref_out,False,44882
LOC413423,LOC413423,Gene Expression,A_mel_mkref_out,False,11846
LOC409306,LOC409306,Gene Expression,A_mel_mkref_out,False,45
LOC726024,LOC726024,Gene Expression,A_mel_mkref_out,False,20840
LOC100578248,LOC100578248,Gene Expression,A_mel_mkref_out,False,16709
LOC100577614,LOC100577614,Gene Expression,A_mel_mkref_out,False,30
LOC113218733,LOC113218733,Gene Expression,A_mel_mkref_out,False,95
LOC725678,LOC725678,Gene Expression,A_mel_mkref_out,False,17643
LOC408770,LOC408770,Gene Expression,A_mel_mkref_out,False,88272
LOC725510,LOC725510,Gene Expression,A_mel_mkref_out,False,1445
LOC113218750,LOC113218750,Gene Expression,A_mel_mkref_out,False,1845
LOC726305,LOC726305,Gene Expression,A_mel_mkref_out,False,15040
LOC102656261,LOC102656261,Gene Expression,A_mel_mkref_out,False,7855
LOC102656934,LOC102656934,Gene Expression,A_mel_mkref_out,False,35615
LOC107964339,LOC107964339,Gene Expression,A_mel_mkref_out,False,2506
LOC107964319,LOC107964319,Gene Expression,A_mel_mkref_out,False,7843
LOC551527,LOC551527,Gene Expression,A_mel_mkref_out,False,4962
GstS4,GeneID_411045,Gene Expression,A_mel_mkref_out,False,24
LOC107964352,LOC107964352,Gene Expression,A_mel_mkref_out,False,434
LOC408807,LOC408807,Gene Expression,A_mel_mkref_out,False,1958
LOC552635,LOC552635,Gene Expression,A_mel_mkref_out,False,17376
LOC408818,LOC408818,Gene Expression,A_mel_mkref_out,False,7402
LOC100578254,LOC100578254,Gene Expression,A_mel_mkref_out,False,1395
LOC551774,LOC551774,Gene Expression,A_mel_mkref_out,False,69799
LOC102656904,LOC102656904,Gene Expression,A_mel_mkref_out,False,381
LOC552171,LOC552171,Gene Expression,A_mel_mkref_out,False,35646
LOC408774,LOC408774,Gene Expression,A_mel_mkref_out,False,24736
LOC413112,LOC413112,Gene Expression,A_mel_mkref_out,False,24
LOC551515,LOC551515,Gene Expression,A_mel_mkref_out,False,36400
LOC408785,LOC408785,Gene Expression,A_mel_mkref_out,False,14765
LOC100576850,LOC100576850,Gene Expression,A_mel_mkref_out,False,10446
LOC412130,LOC412130,Gene Expression,A_mel_mkref_out,False,28062
LOC724741,LOC724741,Gene Expression,A_mel_mkref_out,False,23106
LOC100577562,LOC100577562,Gene Expression,A_mel_mkref_out,False,70
LOC411023,LOC411023,Gene Expression,A_mel_mkref_out,False,4832
LOC107964350,LOC107964350,Gene Expression,A_mel_mkref_out,False,10069
LOC724189,LOC724189,Gene Expression,A_mel_mkref_out,False,6200
Dl,GeneID_406086,Gene Expression,A_mel_mkref_out,False,38418
LOC410994,LOC410994,Gene Expression,A_mel_mkref_out,False,8315
LOC409134,LOC409134,Gene Expression,A_mel_mkref_out,False,26387
LOC724226,LOC724226,Gene Expression,A_mel_mkref_out,False,51
LOC413520,LOC413520,Gene Expression,A_mel_mkref_out,False,6540
LOC100577527,LOC100577527,Gene Expression,A_mel_mkref_out,False,134
LOC412727,LOC412727,Gene Expression,A_mel_mkref_out,False,11588
LOC113218746,LOC113218746,Gene Expression,A_mel_mkref_out,False,14609
LOC411209,LOC411209,Gene Expression,A_mel_mkref_out,False,23088
Gfat2,GeneID_406107,Gene Expression,A_mel_mkref_out,False,24042
LOC102655124,LOC102655124,Gene Expression,A_mel_mkref_out,False,1659
LOC411050,LOC411050,Gene Expression,A_mel_mkref_out,False,27006
LOC411640,LOC411640,Gene Expression,A_mel_mkref_out,False,12071
LOC411053,LOC411053,Gene Expression,A_mel_mkref_out,False,988
LOC107964357,LOC107964357,Gene Expression,A_mel_mkref_out,False,1868
LOC725897,LOC725897,Gene Expression,A_mel_mkref_out,False,12843
LOC411003,LOC411003,Gene Expression,A_mel_mkref_out,False,12926
LOC102654674,LOC102654674,Gene Expression,A_mel_mkref_out,False,2169
LOC102655838,LOC102655838,Gene Expression,A_mel_mkref_out,False,13702
LOC724429,LOC724429,Gene Expression,A_mel_mkref_out,False,344
LOC724346,LOC724346,Gene Expression,A_mel_mkref_out,False,19481
LOC551775,LOC551775,Gene Expression,A_mel_mkref_out,False,17397
LOC113218730,LOC113218730,Gene Expression,A_mel_mkref_out,False,24602
LOC552792,LOC552792,Gene Expression,A_mel_mkref_out,False,196
LOC102654465,LOC102654465,Gene Expression,A_mel_mkref_out,False,27368
LOC552293,LOC552293,Gene Expression,A_mel_mkref_out,False,1576
LOC408790,LOC408790,Gene Expression,A_mel_mkref_out,False,15767
LOC551672,LOC551672,Gene Expression,A_mel_mkref_out,False,27407
LOC107964260,LOC107964260,Gene Expression,A_mel_mkref_out,False,643
LOC408799,LOC408799,Gene Expression,A_mel_mkref_out,False,45486
LOC552007,LOC552007,Gene Expression,A_mel_mkref_out,False,40419
LOC107964312,LOC107964312,Gene Expression,A_mel_mkref_out,False,6659
LOC551541,LOC551541,Gene Expression,A_mel_mkref_out,False,39819
LOC724973,LOC724973,Gene Expression,A_mel_mkref_out,False,42880
LOC410084,LOC410084,Gene Expression,A_mel_mkref_out,False,23251
LOC102655796,LOC102655796,Gene Expression,A_mel_mkref_out,False,8246
LOC411021,LOC411021,Gene Expression,A_mel_mkref_out,False,2167
LOC411018,LOC411018,Gene Expression,A_mel_mkref_out,False,18764
LOC102654763,LOC102654763,Gene Expression,A_mel_mkref_out,False,3303
LOC100578579,LOC100578579,Gene Expression,A_mel_mkref_out,False,31261
LOC113218517,LOC113218517,Gene Expression,A_mel_mkref_out,False,476
LOC724738,LOC724738,Gene Expression,A_mel_mkref_out,False,22399
LOC413139,LOC413139,Gene Expression,A_mel_mkref_out,False,14495
LOC724532,LOC724532,Gene Expression,A_mel_mkref_out,False,24273
LOC724531,LOC724531,Gene Expression,A_mel_mkref_out,False,23022
LOC726671,LOC726671,Gene Expression,A_mel_mkref_out,False,54191
LOC113218728,LOC113218728,Gene Expression,A_mel_mkref_out,False,6283
LOC113218734,LOC113218734,Gene Expression,A_mel_mkref_out,False,205
LOC412897,LOC412897,Gene Expression,A_mel_mkref_out,False,43666
LOC725208,LOC725208,Gene Expression,A_mel_mkref_out,False,19165
LOC408767,LOC408767,Gene Expression,A_mel_mkref_out,False,29855
LOC410990,LOC410990,Gene Expression,A_mel_mkref_out,False,20294
LOC725341,LOC725341,Gene Expression,A_mel_mkref_out,False,11780
LOC102655676,LOC102655676,Gene Expression,A_mel_mkref_out,False,6308
LOC726602,LOC726602,Gene Expression,A_mel_mkref_out,False,29587
LOC100578989,LOC100578989,Gene Expression,A_mel_mkref_out,False,314
LOC413331,LOC413331,Gene Expression,A_mel_mkref_out,False,42345
LOC113218546,LOC113218546,Gene Expression,A_mel_mkref_out,False,216
LOC412703,LOC412703,Gene Expression,A_mel_mkref_out,False,2523
LOC725961,LOC725961,Gene Expression,A_mel_mkref_out,False,8391
LOC409324,LOC409324,Gene Expression,A_mel_mkref_out,False,16177
LOC727027,LOC727027,Gene Expression,A_mel_mkref_out,False,42307
LOC552698,LOC552698,Gene Expression,A_mel_mkref_out,False,14098
LOC411917,LOC411917,Gene Expression,A_mel_mkref_out,False,51754
LOC102656302,LOC102656302,Gene Expression,A_mel_mkref_out,False,10084
LOC725253,LOC725253,Gene Expression,A_mel_mkref_out,False,12490
LOC113218744,LOC113218744,Gene Expression,A_mel_mkref_out,False,1106
LOC113218717,LOC113218717,Gene Expression,A_mel_mkref_out,False,24271
LOC724216,LOC724216,Gene Expression,A_mel_mkref_out,False,913
LOC107964281,LOC107964281,Gene Expression,A_mel_mkref_out,False,5905
LOC100576894,LOC100576894,Gene Expression,A_mel_mkref_out,False,2281
LOC102655942,LOC102655942,Gene Expression,A_mel_mkref_out,False,2478
LOC113218738,LOC113218738,Gene Expression,A_mel_mkref_out,False,864
LOC725475,LOC725475,Gene Expression,A_mel_mkref_out,False,11906
LOC409794,LOC409794,Gene Expression,A_mel_mkref_out,False,13676
ACSF2,GeneID_552475,Gene Expression,A_mel_mkref_out,False,504
LOC411582,LOC411582,Gene Expression,A_mel_mkref_out,False,26738
LOC107964317,LOC107964317,Gene Expression,A_mel_mkref_out,False,7973
LOC411619,LOC411619,Gene Expression,A_mel_mkref_out,False,28884
LOC408805,LOC408805,Gene Expression,A_mel_mkref_out,False,13353
LOC552614,LOC552614,Gene Expression,A_mel_mkref_out,False,15732
LOC726253,LOC726253,Gene Expression,A_mel_mkref_out,False,11014
LOC107964288,LOC107964288,Gene Expression,A_mel_mkref_out,False,1010
LOC552194,LOC552194,Gene Expression,A_mel_mkref_out,False,21376
LOC724923,LOC724923,Gene Expression,A_mel_mkref_out,False,7269
LOC100578557,LOC100578557,Gene Expression,A_mel_mkref_out,False,4006
LOC726855,LOC726855,Gene Expression,A_mel_mkref_out,False,344
LOC726761,LOC726761,Gene Expression,A_mel_mkref_out,False,1043
LOC727085,LOC727085,Gene Expression,A_mel_mkref_out,False,1321
LOC102655609,LOC102655609,Gene Expression,A_mel_mkref_out,False,3683
LOC409788,LOC409788,Gene Expression,A_mel_mkref_out,False,43771
LOC113218751,LOC113218751,Gene Expression,A_mel_mkref_out,False,28
LOC409110,LOC409110,Gene Expression,A_mel_mkref_out,False,26642
LOC411054,LOC411054,Gene Expression,A_mel_mkref_out,False,47942
LOC107964328,LOC107964328,Gene Expression,A_mel_mkref_out,False,254
LOC413371,LOC413371,Gene Expression,A_mel_mkref_out,False,27151
LOC413884,LOC413884,Gene Expression,A_mel_mkref_out,False,39228
LOC100577397,LOC100577397,Gene Expression,A_mel_mkref_out,False,29552
LOC408920,LOC408920,Gene Expression,A_mel_mkref_out,False,31180
LOC411038,LOC411038,Gene Expression,A_mel_mkref_out,False,5966
LOC724739,LOC724739,Gene Expression,A_mel_mkref_out,False,16425
LOC724430,LOC724430,Gene Expression,A_mel_mkref_out,False,1801
LOC724740,LOC724740,Gene Expression,A_mel_mkref_out,False,1582
LOC551722,LOC551722,Gene Expression,A_mel_mkref_out,False,32269
LOC552451,LOC552451,Gene Expression,A_mel_mkref_out,False,23119
LOC727471,LOC727471,Gene Expression,A_mel_mkref_out,False,5025
LOC724889,LOC724889,Gene Expression,A_mel_mkref_out,False,1089
LOC102655779,LOC102655779,Gene Expression,A_mel_mkref_out,False,4341
Apd-3,GeneID_409716,Gene Expression,A_mel_mkref_out,False,33
LOC727140,LOC727140,Gene Expression,A_mel_mkref_out,False,21416
LOC726784,LOC726784,Gene Expression,A_mel_mkref_out,False,21609
LOC412149,LOC412149,Gene Expression,A_mel_mkref_out,False,8411
LOC724472,LOC724472,Gene Expression,A_mel_mkref_out,False,18288
LOC726176,LOC726176,Gene Expression,A_mel_mkref_out,False,8471
LOC113218732,LOC113218732,Gene Expression,A_mel_mkref_out,False,1503
LOC408775,LOC408775,Gene Expression,A_mel_mkref_out,False,83237
LOC409697,LOC409697,Gene Expression,A_mel_mkref_out,False,17998
LOC102655287,LOC102655287,Gene Expression,A_mel_mkref_out,False,774
LOC100576514,LOC100576514,Gene Expression,A_mel_mkref_out,False,5983
LOC411011,LOC411011,Gene Expression,A_mel_mkref_out,False,63869
LOC102656583,LOC102656583,Gene Expression,A_mel_mkref_out,False,77
LOC552417,LOC552417,Gene Expression,A_mel_mkref_out,False,40376
LOC113218718,LOC113218718,Gene Expression,A_mel_mkref_out,False,111
LOC102654758,LOC102654758,Gene Expression,A_mel_mkref_out,False,305
LOC413669,LOC413669,Gene Expression,A_mel_mkref_out,False,70854
LOC100578823,LOC100578823,Gene Expression,A_mel_mkref_out,False,31599
LOC725434,LOC725434,Gene Expression,A_mel_mkref_out,False,2478
LOC113218711,LOC113218711,Gene Expression,A_mel_mkref_out,False,216
LOC725703,LOC725703,Gene Expression,A_mel_mkref_out,False,9592
LOC411579,LOC411579,Gene Expression,A_mel_mkref_out,False,9486
LOC100578482,LOC100578482,Gene Expression,A_mel_mkref_out,False,13907
LOC409833,LOC409833,Gene Expression,A_mel_mkref_out,False,9228
LOC100576100,LOC100576100,Gene Expression,A_mel_mkref_out,False,869
LOC107963962,LOC107963962,Gene Expression,A_mel_mkref_out,False,22467
LOC411907,LOC411907,Gene Expression,A_mel_mkref_out,False,6739
LOC100576412,LOC100576412,Gene Expression,A_mel_mkref_out,False,31134
LOC100578015,LOC100578015,Gene Expression,A_mel_mkref_out,False,37311
LOC552283,LOC552283,Gene Expression,A_mel_mkref_out,False,39726
LOC100578134,LOC100578134,Gene Expression,A_mel_mkref_out,False,5108
LOC412072,LOC412072,Gene Expression,A_mel_mkref_out,False,2893
LOC411043,LOC411043,Gene Expression,A_mel_mkref_out,False,15324
cact1,GeneID_725124,Gene Expression,A_mel_mkref_out,False,17384
LOC726966,LOC726966,Gene Expression,A_mel_mkref_out,False,10720
LOC726949,LOC726949,Gene Expression,A_mel_mkref_out,False,57099
LOC724511,LOC724511,Gene Expression,A_mel_mkref_out,False,5173
LOC107964338,LOC107964338,Gene Expression,A_mel_mkref_out,False,4097
LOC725062,LOC725062,Gene Expression,A_mel_mkref_out,False,22206
LOC409316,LOC409316,Gene Expression,A_mel_mkref_out,False,29509
LOC408766,LOC408766,Gene Expression,A_mel_mkref_out,False,81423
LOC408782,LOC408782,Gene Expression,A_mel_mkref_out,False,40961
LOC408784,LOC408784,Gene Expression,A_mel_mkref_out,False,35479
LOC411415,LOC411415,Gene Expression,A_mel_mkref_out,False,10146
LOC725645,LOC725645,Gene Expression,A_mel_mkref_out,False,19101
LOC412596,LOC412596,Gene Expression,A_mel_mkref_out,False,11093
LOC725374,LOC725374,Gene Expression,A_mel_mkref_out,False,10850
LOC410992,LOC410992,Gene Expression,A_mel_mkref_out,False,12524
LOC102654533,LOC102654533,Gene Expression,A_mel_mkref_out,False,65914
LOC100576765,LOC100576765,Gene Expression,A_mel_mkref_out,False,927
LOC102654688,LOC102654688,Gene Expression,A_mel_mkref_out,False,1566
LOC107965749,LOC107965749,Gene Expression,A_mel_mkref_out,False,1547
LOC100576929,LOC100576929,Gene Expression,A_mel_mkref_out,False,15563
LOC725102,LOC725102,Gene Expression,A_mel_mkref_out,False,11432
LOC100577553,LOC100577553,Gene Expression,A_mel_mkref_out,False,5563
LOC102656444,LOC102656444,Gene Expression,A_mel_mkref_out,False,14633
LOC100578201,LOC100578201,Gene Expression,A_mel_mkref_out,False,32673
LOC551101,LOC551101,Gene Expression,A_mel_mkref_out,False,13832
LOC724971,LOC724971,Gene Expression,A_mel_mkref_out,False,2739
LOC410993,LOC410993,Gene Expression,A_mel_mkref_out,False,3886
LOC113218722,LOC113218722,Gene Expression,A_mel_mkref_out,False,1978
LOC725011,LOC725011,Gene Expression,A_mel_mkref_out,False,9098
LOC727483,LOC727483,Gene Expression,A_mel_mkref_out,False,20146
LOC410996,LOC410996,Gene Expression,A_mel_mkref_out,False,441
LOC408814,LOC408814,Gene Expression,A_mel_mkref_out,False,10683
LOC551614,LOC551614,Gene Expression,A_mel_mkref_out,False,26202
LOC102653577,LOC102653577,Gene Expression,A_mel_mkref_out,False,140
LOC107964323,LOC107964323,Gene Expression,A_mel_mkref_out,False,230
LOC552583,LOC552583,Gene Expression,A_mel_mkref_out,False,9001
LOC413117,LOC413117,Gene Expression,A_mel_mkref_out,False,5489
Gr10,GeneID_725297,Gene Expression,A_mel_mkref_out,False,1549
LOC552664,LOC552664,Gene Expression,A_mel_mkref_out,False,20710
LOC100577876,LOC100577876,Gene Expression,A_mel_mkref_out,False,24930
LOC107964343,LOC107964343,Gene Expression,A_mel_mkref_out,False,17087
LOC724793,LOC724793,Gene Expression,A_mel_mkref_out,False,33164
LOC102654965,LOC102654965,Gene Expression,A_mel_mkref_out,False,18507
GstS1,GeneID_552304,Gene Expression,A_mel_mkref_out,False,885
LOC411014,LOC411014,Gene Expression,A_mel_mkref_out,False,15034
LOC411030,LOC411030,Gene Expression,A_mel_mkref_out,False,10503
LOC552727,LOC552727,Gene Expression,A_mel_mkref_out,False,18879
LOC413508,LOC413508,Gene Expression,A_mel_mkref_out,False,33551
LOC102655452,LOC102655452,Gene Expression,A_mel_mkref_out,False,17024
Vg,GeneID_406088,Gene Expression,A_mel_mkref_out,False,718
LOC724303,LOC724303,Gene Expression,A_mel_mkref_out,False,28800
LOC725207,LOC725207,Gene Expression,A_mel_mkref_out,False,19939
LOC113218727,LOC113218727,Gene Expression,A_mel_mkref_out,False,5254
LOC107964351,LOC107964351,Gene Expression,A_mel_mkref_out,False,34029
LOC412158,LOC412158,Gene Expression,A_mel_mkref_out,False,21336
LOC100576125,LOC100576125,Gene Expression,A_mel_mkref_out,False,8456
LOC724855,LOC724855,Gene Expression,A_mel_mkref_out,False,15515
LOC726550,LOC726550,Gene Expression,A_mel_mkref_out,False,11566
LOC410979,LOC410979,Gene Expression,A_mel_mkref_out,False,33713
LOC102655144,LOC102655144,Gene Expression,A_mel_mkref_out,False,2919
LOC100577580,LOC100577580,Gene Expression,A_mel_mkref_out,False,7738
LOC100578773,LOC100578773,Gene Expression,A_mel_mkref_out,False,12370
LOC551961,LOC551961,Gene Expression,A_mel_mkref_out,False,39809
LOC725665,LOC725665,Gene Expression,A_mel_mkref_out,False,8181
LOC726421,LOC726421,Gene Expression,A_mel_mkref_out,False,185
LOC409662,LOC409662,Gene Expression,A_mel_mkref_out,False,19285
LOC413523,LOC413523,Gene Expression,A_mel_mkref_out,False,22187
LOC102655503,LOC102655503,Gene Expression,A_mel_mkref_out,False,34913
LOC107964313,LOC107964313,Gene Expression,A_mel_mkref_out,False,213
LOC725793,LOC725793,Gene Expression,A_mel_mkref_out,False,23378
LOC411633,LOC411633,Gene Expression,A_mel_mkref_out,False,14714
LOC113218709,LOC113218709,Gene Expression,A_mel_mkref_out,False,14747
LOC102654858,LOC102654858,Gene Expression,A_mel_mkref_out,False,6855
LOC102654638,LOC102654638,Gene Expression,A_mel_mkref_out,False,975
LOC727165,LOC727165,Gene Expression,A_mel_mkref_out,False,25
LOC413399,LOC413399,Gene Expression,A_mel_mkref_out,False,56521
LOC102655281,LOC102655281,Gene Expression,A_mel_mkref_out,False,58
LOC102655409,LOC102655409,Gene Expression,A_mel_mkref_out,False,1851
LOC100578879,LOC100578879,Gene Expression,A_mel_mkref_out,False,32806
LOC411036,LOC411036,Gene Expression,A_mel_mkref_out,False,68702
LOC725992,LOC725992,Gene Expression,A_mel_mkref_out,False,22825
LOC100576735,LOC100576735,Gene Expression,A_mel_mkref_out,False,7420
LOC409789,LOC409789,Gene Expression,A_mel_mkref_out,False,1562
LOC411515,LOC411515,Gene Expression,A_mel_mkref_out,False,41083
LOC100577548,LOC100577548,Gene Expression,A_mel_mkref_out,False,1798
LOC551599,LOC551599,Gene Expression,A_mel_mkref_out,False,10506
LOC412662,LOC412662,Gene Expression,A_mel_mkref_out,False,27780
LOC409118,LOC409118,Gene Expression,A_mel_mkref_out,False,7919
LOC409905,LOC409905,Gene Expression,A_mel_mkref_out,False,29598
LOC409394,LOC409394,Gene Expression,A_mel_mkref_out,False,32050
LOC551302,LOC551302,Gene Expression,A_mel_mkref_out,False,10778
LOC113218731,LOC113218731,Gene Expression,A_mel_mkref_out,False,290
LOC725092,LOC725092,Gene Expression,A_mel_mkref_out,False,23219
Cbs,GeneID_551341,Gene Expression,A_mel_mkref_out,False,18576
LOC411012,LOC411012,Gene Expression,A_mel_mkref_out,False,18123
LOC726045,LOC726045,Gene Expression,A_mel_mkref_out,False,33730
LOC411618,LOC411618,Gene Expression,A_mel_mkref_out,False,10049
LOC102655177,LOC102655177,Gene Expression,A_mel_mkref_out,False,223
LOC100576163,LOC100576163,Gene Expression,A_mel_mkref_out,False,4235
LOC408787,LOC408787,Gene Expression,A_mel_mkref_out,False,50159
LOC550671,LOC550671,Gene Expression,A_mel_mkref_out,False,1979
LOC552704,LOC552704,Gene Expression,A_mel_mkref_out,False,15004
LOC107964304,LOC107964304,Gene Expression,A_mel_mkref_out,False,1224
LOC412472,LOC412472,Gene Expression,A_mel_mkref_out,False,6434
LOC551518,LOC551518,Gene Expression,A_mel_mkref_out,False,21395
LOC113218749,LOC113218749,Gene Expression,A_mel_mkref_out,False,3077
LOC726072,LOC726072,Gene Expression,A_mel_mkref_out,False,590
LOC102654720,LOC102654720,Gene Expression,A_mel_mkref_out,False,1906
LOC113218736,LOC113218736,Gene Expression,A_mel_mkref_out,False,235
LOC413638,LOC413638,Gene Expression,A_mel_mkref_out,False,13197
LOC411678,LOC411678,Gene Expression,A_mel_mkref_out,False,21574
LOC725547,LOC725547,Gene Expression,A_mel_mkref_out,False,192
LOC408794,LOC408794,Gene Expression,A_mel_mkref_out,False,21172
LOC100577272,LOC100577272,Gene Expression,A_mel_mkref_out,False,26601
LOC412416,LOC412416,Gene Expression,A_mel_mkref_out,False,25056
LOC409981,LOC409981,Gene Expression,A_mel_mkref_out,False,66948
LOC113218748,LOC113218748,Gene Expression,A_mel_mkref_out,False,7610
LOC409173,LOC409173,Gene Expression,A_mel_mkref_out,False,503
LOC408777,LOC408777,Gene Expression,A_mel_mkref_out,False,8622
LOC100578779,LOC100578779,Gene Expression,A_mel_mkref_out,False,20252
LOC406139,LOC406139,Gene Expression,A_mel_mkref_out,False,27983
Rps14,GeneID_725168,Gene Expression,A_mel_mkref_out,False,35072
LOC409883,LOC409883,Gene Expression,A_mel_mkref_out,False,25792
LOC408815,LOC408815,Gene Expression,A_mel_mkref_out,False,23477
LOC552138,LOC552138,Gene Expression,A_mel_mkref_out,False,5119
LOC409884,LOC409884,Gene Expression,A_mel_mkref_out,False,2520
LOC725627,LOC725627,Gene Expression,A_mel_mkref_out,False,4090
LOC113218716,LOC113218716,Gene Expression,A_mel_mkref_out,False,4169
LOC551852,LOC551852,Gene Expression,A_mel_mkref_out,False,19877
LOC100578714,LOC100578714,Gene Expression,A_mel_mkref_out,False,1915
LOC100578168,LOC100578168,Gene Expression,A_mel_mkref_out,False,45782
LOC102656620,LOC102656620,Gene Expression,A_mel_mkref_out,False,48735
LOC102655466,LOC102655466,Gene Expression,A_mel_mkref_out,False,4586
LOC107964262,LOC107964262,Gene Expression,A_mel_mkref_out,False,8450
LOC100576283,LOC100576283,Gene Expression,A_mel_mkref_out,False,21474
LOC552527,LOC552527,Gene Expression,A_mel_mkref_out,False,24589
LOC409559,LOC409559,Gene Expression,A_mel_mkref_out,False,60536
LOC102655153,LOC102655153,Gene Expression,A_mel_mkref_out,False,307
LOC408792,LOC408792,Gene Expression,A_mel_mkref_out,False,60185
Apd-2,GeneID_727161,Gene Expression,A_mel_mkref_out,False,38
LOC412345,LOC412345,Gene Expression,A_mel_mkref_out,False,7537
LOC408917,LOC408917,Gene Expression,A_mel_mkref_out,False,2593
LOC726254,LOC726254,Gene Expression,A_mel_mkref_out,False,41127
LOC107964284,LOC107964284,Gene Expression,A_mel_mkref_out,False,9283
LOC410999,LOC410999,Gene Expression,A_mel_mkref_out,False,17170
LOC102653929,LOC102653929,Gene Expression,A_mel_mkref_out,False,279
LOC107964291,LOC107964291,Gene Expression,A_mel_mkref_out,False,4632
LOC726980,LOC726980,Gene Expression,A_mel_mkref_out,False,1404
LOC726827,LOC726827,Gene Expression,A_mel_mkref_out,False,5457
LOC107964272,LOC107964272,Gene Expression,A_mel_mkref_out,False,120
LOC102654736,LOC102654736,Gene Expression,A_mel_mkref_out,False,8180
LOC408804,LOC408804,Gene Expression,A_mel_mkref_out,False,82908
LOC551355,LOC551355,Gene Expression,A_mel_mkref_out,False,15640
LOC725266,LOC725266,Gene Expression,A_mel_mkref_out,False,14538
LOC411052,LOC411052,Gene Expression,A_mel_mkref_out,False,39301
LOC113218713,LOC113218713,Gene Expression,A_mel_mkref_out,False,1253
LOC102655817,LOC102655817,Gene Expression,A_mel_mkref_out,False,983
LOC409129,LOC409129,Gene Expression,A_mel_mkref_out,False,9312
LOC102655898,LOC102655898,Gene Expression,A_mel_mkref_out,False,19170
LOC412457,LOC412457,Gene Expression,A_mel_mkref_out,False,21247
LOC102656174,LOC102656174,Gene Expression,A_mel_mkref_out,False,196
LOC409172,LOC409172,Gene Expression,A_mel_mkref_out,False,19143
LOC100577054,LOC100577054,Gene Expression,A_mel_mkref_out,False,71
LOC107964300,LOC107964300,Gene Expression,A_mel_mkref_out,False,1770
LOC411468,LOC411468,Gene Expression,A_mel_mkref_out,False,28123
LOC726585,LOC726585,Gene Expression,A_mel_mkref_out,False,11173
LOC411024,LOC411024,Gene Expression,A_mel_mkref_out,False,13896
LOC100576993,LOC100576993,Gene Expression,A_mel_mkref_out,False,29979
LOC412574,LOC412574,Gene Expression,A_mel_mkref_out,False,30749
LOC725962,LOC725962,Gene Expression,A_mel_mkref_out,False,472
LOC410986,LOC410986,Gene Expression,A_mel_mkref_out,False,40205
LOC412898,LOC412898,Gene Expression,A_mel_mkref_out,False,15597
LOC408918,LOC408918,Gene Expression,A_mel_mkref_out,False,23749
LOC552653,LOC552653,Gene Expression,A_mel_mkref_out,False,19756
LOC727466,LOC727466,Gene Expression,A_mel_mkref_out,False,8433
LOC408780,LOC408780,Gene Expression,A_mel_mkref_out,False,12111
LOC552608,LOC552608,Gene Expression,A_mel_mkref_out,False,70052
LOC113218724,LOC113218724,Gene Expression,A_mel_mkref_out,False,326
LOC102653628,LOC102653628,Gene Expression,A_mel_mkref_out,False,480
LOC727131,LOC727131,Gene Expression,A_mel_mkref_out,False,29
LOC552428,LOC552428,Gene Expression,A_mel_mkref_out,False,16410
LOC102655878,LOC102655878,Gene Expression,A_mel_mkref_out,False,2624
LOC727136,LOC727136,Gene Expression,A_mel_mkref_out,False,125
LOC100576135,LOC100576135,Gene Expression,A_mel_mkref_out,False,37
LOC410997,LOC410997,Gene Expression,A_mel_mkref_out,False,1833
LOC551605,LOC551605,Gene Expression,A_mel_mkref_out,False,6427
LOC102654463,LOC102654463,Gene Expression,A_mel_mkref_out,False,11387
LOC413727,LOC413727,Gene Expression,A_mel_mkref_out,False,18986
LOC107964335,LOC107964335,Gene Expression,A_mel_mkref_out,False,85
LOC102654156,LOC102654156,Gene Expression,A_mel_mkref_out,False,1638
LOC408801,LOC408801,Gene Expression,A_mel_mkref_out,False,88590
LOC724383,LOC724383,Gene Expression,A_mel_mkref_out,False,20264
LOC725942,LOC725942,Gene Expression,A_mel_mkref_out,False,12312
LOC410982,LOC410982,Gene Expression,A_mel_mkref_out,False,2286
LOC410989,LOC410989,Gene Expression,A_mel_mkref_out,False,29177
LOC113218752,LOC113218752,Gene Expression,A_mel_mkref_out,False,4233
LOC411206,LOC411206,Gene Expression,A_mel_mkref_out,False,17363
LOC727092,LOC727092,Gene Expression,A_mel_mkref_out,False,478
LOC102654550,LOC102654550,Gene Expression,A_mel_mkref_out,False,529
LOC102654345,LOC102654345,Gene Expression,A_mel_mkref_out,False,19469
LOC724368,LOC724368,Gene Expression,A_mel_mkref_out,False,55175
LOC724604,LOC724604,Gene Expression,A_mel_mkref_out,False,67453
LOC412456,LOC412456,Gene Expression,A_mel_mkref_out,False,12939
LOC726989,LOC726989,Gene Expression,A_mel_mkref_out,False,29977
LOC408789,LOC408789,Gene Expression,A_mel_mkref_out,False,412
LOC409983,LOC409983,Gene Expression,A_mel_mkref_out,False,64667
LOC412801,LOC412801,Gene Expression,A_mel_mkref_out,False,81465
LOC408793,LOC408793,Gene Expression,A_mel_mkref_out,False,41728
LOC113218720,LOC113218720,Gene Expression,A_mel_mkref_out,False,56
LOC113218742,LOC113218742,Gene Expression,A_mel_mkref_out,False,433
LOC552336,LOC552336,Gene Expression,A_mel_mkref_out,False,27692
LOC552809,LOC552809,Gene Expression,A_mel_mkref_out,False,33194
LOC551403,LOC551403,Gene Expression,A_mel_mkref_out,False,34023
LOC725209,LOC725209,Gene Expression,A_mel_mkref_out,False,543
LOC113218557,LOC113218557,Gene Expression,A_mel_mkref_out,False,49959
LOC100578955,LOC100578955,Gene Expression,A_mel_mkref_out,False,2355
LOC100578609,LOC100578609,Gene Expression,A_mel_mkref_out,False,33519
LOC552731,LOC552731,Gene Expression,A_mel_mkref_out,False,54675
LOC100578446,LOC100578446,Gene Expression,A_mel_mkref_out,False,484
LOC414051,LOC414051,Gene Expression,A_mel_mkref_out,False,17364
LOC413137,LOC413137,Gene Expression,A_mel_mkref_out,False,34967
LOC113218743,LOC113218743,Gene Expression,A_mel_mkref_out,False,7943
LOC113218741,LOC113218741,Gene Expression,A_mel_mkref_out,False,882
LOC411759,LOC411759,Gene Expression,A_mel_mkref_out,False,29346
LOC413936,LOC413936,Gene Expression,A_mel_mkref_out,False,11133
LOC102654773,LOC102654773,Gene Expression,A_mel_mkref_out,False,16159
LOC408811,LOC408811,Gene Expression,A_mel_mkref_out,False,58678
LOC410987,LOC410987,Gene Expression,A_mel_mkref_out,False,27656
LOC412540,LOC412540,Gene Expression,A_mel_mkref_out,False,4507
LOC411533,LOC411533,Gene Expression,A_mel_mkref_out,False,15530
LOC102653782,LOC102653782,Gene Expression,A_mel_mkref_out,False,222
CPR19,GeneID_413115,Gene Expression,A_mel_mkref_out,False,331
LOC409949,LOC409949,Gene Expression,A_mel_mkref_out,False,18057
LOC100577492,LOC100577492,Gene Expression,A_mel_mkref_out,False,12242
LOC412235,LOC412235,Gene Expression,A_mel_mkref_out,False,4909
LOC413138,LOC413138,Gene Expression,A_mel_mkref_out,False,47150
LOC107964305,LOC107964305,Gene Expression,A_mel_mkref_out,False,5706
LOC409301,LOC409301,Gene Expression,A_mel_mkref_out,False,33662
LOC409774,LOC409774,Gene Expression,A_mel_mkref_out,False,80881
LOC102655905,LOC102655905,Gene Expression,A_mel_mkref_out,False,11067
Camkii,GeneID_551691,Gene Expression,A_mel_mkref_out,False,96676
LOC413400,LOC413400,Gene Expression,A_mel_mkref_out,False,15028
LOC726086,LOC726086,Gene Expression,A_mel_mkref_out,False,14803
LOC725125,LOC725125,Gene Expression,A_mel_mkref_out,False,533
LOC412067,LOC412067,Gene Expression,A_mel_mkref_out,False,12743
LOC408788,LOC408788,Gene Expression,A_mel_mkref_out,False,10367
LOC102655966,LOC102655966,Gene Expression,A_mel_mkref_out,False,10612
LOC113218714,LOC113218714,Gene Expression,A_mel_mkref_out,False,15573
LOC413141,LOC413141,Gene Expression,A_mel_mkref_out,False,23801
LOC412471,LOC412471,Gene Expression,A_mel_mkref_out,False,21248
LOC726080,LOC726080,Gene Expression,A_mel_mkref_out,False,45661
LOC409560,LOC409560,Gene Expression,A_mel_mkref_out,False,23949
LOC113218721,LOC113218721,Gene Expression,A_mel_mkref_out,False,18693
LOC408808,LOC408808,Gene Expression,A_mel_mkref_out,False,66942
LOC412589,LOC412589,Gene Expression,A_mel_mkref_out,False,19082
LOC408820,LOC408820,Gene Expression,A_mel_mkref_out,False,22533
LOC100577497,LOC100577497,Gene Expression,A_mel_mkref_out,False,2811
LOC100578947,LOC100578947,Gene Expression,A_mel_mkref_out,False,49096
LOC107964334,LOC107964334,Gene Expression,A_mel_mkref_out,False,52
LOC410998,LOC410998,Gene Expression,A_mel_mkref_out,False,42886
LOC113218719,LOC113218719,Gene Expression,A_mel_mkref_out,False,640
LOC725254,LOC725254,Gene Expression,A_mel_mkref_out,False,12523
LOC725646,LOC725646,Gene Expression,A_mel_mkref_out,False,8364
LOC408779,LOC408779,Gene Expression,A_mel_mkref_out,False,87187
LOC408810,LOC408810,Gene Expression,A_mel_mkref_out,False,80774
LOC412129,LOC412129,Gene Expression,A_mel_mkref_out,False,28269
LOC100576498,LOC100576498,Gene Expression,A_mel_mkref_out,False,21257
LOC724653,LOC724653,Gene Expression,A_mel_mkref_out,False,112
LOC412166,LOC412166,Gene Expression,A_mel_mkref_out,False,30514
LOC725878,LOC725878,Gene Expression,A_mel_mkref_out,False,37168
LOC411207,LOC411207,Gene Expression,A_mel_mkref_out,False,6624
LOC552379,LOC552379,Gene Expression,A_mel_mkref_out,False,19513
LOC724698,LOC724698,Gene Expression,A_mel_mkref_out,False,29
LOC113218735,LOC113218735,Gene Expression,A_mel_mkref_out,False,280
LOC411204,LOC411204,Gene Expression,A_mel_mkref_out,False,26448
LOC113218549,LOC113218549,Gene Expression,A_mel_mkref_out,False,1632
LOC409588,LOC409588,Gene Expression,A_mel_mkref_out,False,46911
LOC724304,LOC724304,Gene Expression,A_mel_mkref_out,False,24669
LOC409115,LOC409115,Gene Expression,A_mel_mkref_out,False,15545
LOC552077,LOC552077,Gene Expression,A_mel_mkref_out,False,26228
LOC725546,LOC725546,Gene Expression,A_mel_mkref_out,False,36176
LOC726724,LOC726724,Gene Expression,A_mel_mkref_out,False,177
LOC408791,LOC408791,Gene Expression,A_mel_mkref_out,False,55470
LOC102656221,LOC102656221,Gene Expression,A_mel_mkref_out,False,485
LOC412670,LOC412670,Gene Expression,A_mel_mkref_out,False,1013
LOC411519,LOC411519,Gene Expression,A_mel_mkref_out,False,1869
LOC411048,LOC411048,Gene Expression,A_mel_mkref_out,False,71963
LOC726394,LOC726394,Gene Expression,A_mel_mkref_out,False,17061
LOC107964315,LOC107964315,Gene Expression,A_mel_mkref_out,False,6888
LOC726073,LOC726073,Gene Expression,A_mel_mkref_out,False,17412
LOC550748,LOC550748,Gene Expression,A_mel_mkref_out,False,23796
LOC411019,LOC411019,Gene Expression,A_mel_mkref_out,False,11358
LOC409142,LOC409142,Gene Expression,A_mel_mkref_out,False,80462
LOC100578188,LOC100578188,Gene Expression,A_mel_mkref_out,False,5069
LOC412221,LOC412221,Gene Expression,A_mel_mkref_out,False,28393
LOC100578368,LOC100578368,Gene Expression,A_mel_mkref_out,False,22522
LOC724890,LOC724890,Gene Expression,A_mel_mkref_out,False,1419
LOC409658,LOC409658,Gene Expression,A_mel_mkref_out,False,58897
LOC551629,LOC551629,Gene Expression,A_mel_mkref_out,False,21554
LOC411531,LOC411531,Gene Expression,A_mel_mkref_out,False,7112
LOC726335,LOC726335,Gene Expression,A_mel_mkref_out,False,6168
LOC409596,LOC409596,Gene Expression,A_mel_mkref_out,False,14228
LOC408783,LOC408783,Gene Expression,A_mel_mkref_out,False,27073
LOC411202,LOC411202,Gene Expression,A_mel_mkref_out,False,824
LOC100578006,LOC100578006,Gene Expression,A_mel_mkref_out,False,14482
LOC102654974,LOC102654974,Gene Expression,A_mel_mkref_out,False,11147
LOC409488,LOC409488,Gene Expression,A_mel_mkref_out,False,35012
LOC552249,LOC552249,Gene Expression,A_mel_mkref_out,False,1178
LOC551858,LOC551858,Gene Expression,A_mel_mkref_out,False,856
LOC550918,LOC550918,Gene Expression,A_mel_mkref_out,False,40163
LOC107964329,LOC107964329,Gene Expression,A_mel_mkref_out,False,4335
LOC100578330,LOC100578330,Gene Expression,A_mel_mkref_out,False,20224
LOC726826,LOC726826,Gene Expression,A_mel_mkref_out,False,52192
LOC726377,LOC726377,Gene Expression,A_mel_mkref_out,False,174
LOC411942,LOC411942,Gene Expression,A_mel_mkref_out,False,11182
LOC551918,LOC551918,Gene Expression,A_mel_mkref_out,False,7380
LOC107964308,LOC107964308,Gene Expression,A_mel_mkref_out,False,61
LOC100576476,LOC100576476,Gene Expression,A_mel_mkref_out,False,101
LOC100576964,LOC100576964,Gene Expression,A_mel_mkref_out,False,30
LOC726378,LOC726378,Gene Expression,A_mel_mkref_out,False,2368
LOC725169,LOC725169,Gene Expression,A_mel_mkref_out,False,16098
LOC726307,LOC726307,Gene Expression,A_mel_mkref_out,False,59706
Apd-1,GeneID_551367,Gene Expression,A_mel_mkref_out,False,47
LOC725943,LOC725943,Gene Expression,A_mel_mkref_out,False,28991
LOC102656496,LOC102656496,Gene Expression,A_mel_mkref_out,False,1222
LOC725993,LOC725993,Gene Expression,A_mel_mkref_out,False,16519
LOC552548,LOC552548,Gene Expression,A_mel_mkref_out,False,27539
LOC725548,LOC725548,Gene Expression,A_mel_mkref_out,False,55440
LOC551746,LOC551746,Gene Expression,A_mel_mkref_out,False,30661
LOC102654975,LOC102654975,Gene Expression,A_mel_mkref_out,False,76630
LOC113218739,LOC113218739,Gene Expression,A_mel_mkref_out,False,416
LOC102654889,LOC102654889,Gene Expression,A_mel_mkref_out,False,5070
LOC100576745,LOC100576745,Gene Expression,A_mel_mkref_out,False,955
LOC552841,LOC552841,Gene Expression,A_mel_mkref_out,False,22641
LOC725701,LOC725701,Gene Expression,A_mel_mkref_out,False,341
Melt,GeneID_406130,Gene Expression,A_mel_mkref_out,False,263
LOC726755,LOC726755,Gene Expression,A_mel_mkref_out,False,495
LOC726817,LOC726817,Gene Expression,A_mel_mkref_out,False,35281
LOC410980,LOC410980,Gene Expression,A_mel_mkref_out,False,30023
LOC551173,LOC551173,Gene Expression,A_mel_mkref_out,False,5004
LOC409495,LOC409495,Gene Expression,A_mel_mkref_out,False,42614
LOC550814,LOC550814,Gene Expression,A_mel_mkref_out,False,13444
LOC100577798,LOC100577798,Gene Expression,A_mel_mkref_out,False,35929
LOC102655821,LOC102655821,Gene Expression,A_mel_mkref_out,False,32381
LOC102654259,LOC102654259,Gene Expression,A_mel_mkref_out,False,1571
LOC100576898,LOC100576898,Gene Expression,A_mel_mkref_out,False,12823
LOC413440,LOC413440,Gene Expression,A_mel_mkref_out,False,51946
LOC551085,LOC551085,Gene Expression,A_mel_mkref_out,False,1732
LOC411677,LOC411677,Gene Expression,A_mel_mkref_out,False,10939
LOC724473,LOC724473,Gene Expression,A_mel_mkref_out,False,16236
LOC726100,LOC726100,Gene Expression,A_mel_mkref_out,False,15029
LOC409337,LOC409337,Gene Expression,A_mel_mkref_out,False,60174
LOC408769,LOC408769,Gene Expression,A_mel_mkref_out,False,83412
LOC411557,LOC411557,Gene Expression,A_mel_mkref_out,False,66826
LOC409773,LOC409773,Gene Expression,A_mel_mkref_out,False,10191
LOC411037,LOC411037,Gene Expression,A_mel_mkref_out,False,15592
LOC724717,LOC724717,Gene Expression,A_mel_mkref_out,False,55
LOC412234,LOC412234,Gene Expression,A_mel_mkref_out,False,19611
LOC409140,LOC409140,Gene Expression,A_mel_mkref_out,False,21276
Apd-3-1,GeneID_100037419,Gene Expression,A_mel_mkref_out,False,31
LOC727166,LOC727166,Gene Expression,A_mel_mkref_out,False,903
LOC408797,LOC408797,Gene Expression,A_mel_mkref_out,False,1299
LOC113218723,LOC113218723,Gene Expression,A_mel_mkref_out,False,40065
LOC725381,LOC725381,Gene Expression,A_mel_mkref_out,False,185
LOC410985,LOC410985,Gene Expression,A_mel_mkref_out,False,11260
LOC102654066,LOC102654066,Gene Expression,A_mel_mkref_out,False,9144
LOC551628,LOC551628,Gene Expression,A_mel_mkref_out,False,3657
LOC107964271,LOC107964271,Gene Expression,A_mel_mkref_out,False,501
LOC107964349,LOC107964349,Gene Expression,A_mel_mkref_out,False,44059
LOC724888,LOC724888,Gene Expression,A_mel_mkref_out,False,15075
LOC411760,LOC411760,Gene Expression,A_mel_mkref_out,False,19994
LOC551511,LOC551511,Gene Expression,A_mel_mkref_out,False,7506
LOC409598,LOC409598,Gene Expression,A_mel_mkref_out,False,1065
LOC409165,LOC409165,Gene Expression,A_mel_mkref_out,False,43901
LOC551834,LOC551834,Gene Expression,A_mel_mkref_out,False,25201
LOC725679,LOC725679,Gene Expression,A_mel_mkref_out,False,46396
LOC100576863,LOC100576863,Gene Expression,A_mel_mkref_out,False,3079
LOC100576746,LOC100576746,Gene Expression,A_mel_mkref_out,False,16279
LOC725999,LOC725999,Gene Expression,A_mel_mkref_out,False,53149
LOC725134,LOC725134,Gene Expression,A_mel_mkref_out,False,7500
LOC100578107,LOC100578107,Gene Expression,A_mel_mkref_out,False,21
LOC552709,LOC552709,Gene Expression,A_mel_mkref_out,False,85101
LOC724932,LOC724932,Gene Expression,A_mel_mkref_out,False,10251
LOC102655072,LOC102655072,Gene Expression,A_mel_mkref_out,False,37819
LOC107964819,LOC107964819,Gene Expression,A_mel_mkref_out,False,226
LOC409455,LOC409455,Gene Expression,A_mel_mkref_out,False,3592
LOC411881,LOC411881,Gene Expression,A_mel_mkref_out,False,19472
LOC412027,LOC412027,Gene Expression,A_mel_mkref_out,False,24095
LOC726514,LOC726514,Gene Expression,A_mel_mkref_out,False,37248
LOC100576182,LOC100576182,Gene Expression,A_mel_mkref_out,False,803
LOC102656529,LOC102656529,Gene Expression,A_mel_mkref_out,False,19242
LOC552049,LOC552049,Gene Expression,A_mel_mkref_out,False,17267
LOC551338,LOC551338,Gene Expression,A_mel_mkref_out,False,9750
LOC100578826,LOC100578826,Gene Expression,A_mel_mkref_out,False,46772
LOC100577546,LOC100577546,Gene Expression,A_mel_mkref_out,False,13500
LOC100577150,LOC100577150,Gene Expression,A_mel_mkref_out,False,439
LOC726874,LOC726874,Gene Expression,A_mel_mkref_out,False,17806
LOC726537,LOC726537,Gene Expression,A_mel_mkref_out,False,18951
LOC724264,LOC724264,Gene Expression,A_mel_mkref_out,False,21865
LOC412584,LOC412584,Gene Expression,A_mel_mkref_out,False,23786
LOC552151,LOC552151,Gene Expression,A_mel_mkref_out,False,17126
LOC552358,LOC552358,Gene Expression,A_mel_mkref_out,False,40372
LOC107964899,LOC107964899,Gene Expression,A_mel_mkref_out,False,6142
LOC409435,LOC409435,Gene Expression,A_mel_mkref_out,False,78321
Tmem98,GeneID_552393,Gene Expression,A_mel_mkref_out,False,1760
LOC100576801,LOC100576801,Gene Expression,A_mel_mkref_out,False,5459
LOC113218952,LOC113218952,Gene Expression,A_mel_mkref_out,False,1564
LOC413052,LOC413052,Gene Expression,A_mel_mkref_out,False,30143
LOC409990,LOC409990,Gene Expression,A_mel_mkref_out,False,24357
LOC412722,LOC412722,Gene Expression,A_mel_mkref_out,False,24002
LOC725368,LOC725368,Gene Expression,A_mel_mkref_out,False,26190
LOC411353,LOC411353,Gene Expression,A_mel_mkref_out,False,1995
LOC551572,LOC551572,Gene Expression,A_mel_mkref_out,False,723
LOC107964901,LOC107964901,Gene Expression,A_mel_mkref_out,False,4503
LOC551409,LOC551409,Gene Expression,A_mel_mkref_out,False,34921
LOC410107,LOC410107,Gene Expression,A_mel_mkref_out,False,9777
LOC412323,LOC412323,Gene Expression,A_mel_mkref_out,False,11751
LOC100578909,LOC100578909,Gene Expression,A_mel_mkref_out,False,19443
LOC113218524,LOC113218524,Gene Expression,A_mel_mkref_out,False,11810
LOC102656498,LOC102656498,Gene Expression,A_mel_mkref_out,False,1884
LOC550929,LOC550929,Gene Expression,A_mel_mkref_out,False,37116
LOC409325,LOC409325,Gene Expression,A_mel_mkref_out,False,43663
LOC409769,LOC409769,Gene Expression,A_mel_mkref_out,False,26953
LOC408972,LOC408972,Gene Expression,A_mel_mkref_out,False,569
LOC412746,LOC412746,Gene Expression,A_mel_mkref_out,False,49358
LOC107964798,LOC107964798,Gene Expression,A_mel_mkref_out,False,11431
LOC725234,LOC725234,Gene Expression,A_mel_mkref_out,False,4749
LOC100578589,LOC100578589,Gene Expression,A_mel_mkref_out,False,2233
LOC413612,LOC413612,Gene Expression,A_mel_mkref_out,False,15145
LOC552024,LOC552024,Gene Expression,A_mel_mkref_out,False,1099
LOC413556,LOC413556,Gene Expression,A_mel_mkref_out,False,10063
LOC102654896,LOC102654896,Gene Expression,A_mel_mkref_out,False,22347
LOC552631,LOC552631,Gene Expression,A_mel_mkref_out,False,2065
LOC412125,LOC412125,Gene Expression,A_mel_mkref_out,False,8240
LOC113218961,LOC113218961,Gene Expression,A_mel_mkref_out,False,794
LOC409544,LOC409544,Gene Expression,A_mel_mkref_out,False,19501
LOC551885,LOC551885,Gene Expression,A_mel_mkref_out,False,26977
LOC409993,LOC409993,Gene Expression,A_mel_mkref_out,False,31644
LOC411448,LOC411448,Gene Expression,A_mel_mkref_out,False,8055
LOC551184,LOC551184,Gene Expression,A_mel_mkref_out,False,27421
LOC113218923,LOC113218923,Gene Expression,A_mel_mkref_out,False,58711
LOC107964874,LOC107964874,Gene Expression,A_mel_mkref_out,False,8557
LOC113218942,LOC113218942,Gene Expression,A_mel_mkref_out,False,316
LOC726890,LOC726890,Gene Expression,A_mel_mkref_out,False,7185
LOC113218931,LOC113218931,Gene Expression,A_mel_mkref_out,False,1976
LOC726013,LOC726013,Gene Expression,A_mel_mkref_out,False,28182
LOC100577582,LOC100577582,Gene Expression,A_mel_mkref_out,False,7073
LOC102655292,LOC102655292,Gene Expression,A_mel_mkref_out,False,2607
LOC102655812,LOC102655812,Gene Expression,A_mel_mkref_out,False,294
LOC100578450,LOC100578450,Gene Expression,A_mel_mkref_out,False,66081
LOC107964813,LOC107964813,Gene Expression,A_mel_mkref_out,False,4563
LOC100577587,LOC100577587,Gene Expression,A_mel_mkref_out,False,25396
LOC725485,LOC725485,Gene Expression,A_mel_mkref_out,False,78802
LOC100576405,LOC100576405,Gene Expression,A_mel_mkref_out,False,76482
LOC412249,LOC412249,Gene Expression,A_mel_mkref_out,False,31128
LOC100577817,LOC100577817,Gene Expression,A_mel_mkref_out,False,547
LOC411775,LOC411775,Gene Expression,A_mel_mkref_out,False,16301
LOC100577283,LOC100577283,Gene Expression,A_mel_mkref_out,False,55326
LOC411260,LOC411260,Gene Expression,A_mel_mkref_out,False,8286
LOC102654521,LOC102654521,Gene Expression,A_mel_mkref_out,False,9297
LOC107963995,LOC107963995,Gene Expression,A_mel_mkref_out,False,2022
LOC413915,LOC413915,Gene Expression,A_mel_mkref_out,False,14454
LOC552279,LOC552279,Gene Expression,A_mel_mkref_out,False,1044
LOC413946,LOC413946,Gene Expression,A_mel_mkref_out,False,66405
LOC412115,LOC412115,Gene Expression,A_mel_mkref_out,False,30052
LOC113218967,LOC113218967,Gene Expression,A_mel_mkref_out,False,52
LOC100576300,LOC100576300,Gene Expression,A_mel_mkref_out,False,9188
LOC100577889,LOC100577889,Gene Expression,A_mel_mkref_out,False,422
Sod1,GeneID_409398,Gene Expression,A_mel_mkref_out,False,23762
LOC107964839,LOC107964839,Gene Expression,A_mel_mkref_out,False,40805
LOC725039,LOC725039,Gene Expression,A_mel_mkref_out,False,4675
LOC102654832,LOC102654832,Gene Expression,A_mel_mkref_out,False,17736
LOC409166,LOC409166,Gene Expression,A_mel_mkref_out,False,32291
LOC409995,LOC409995,Gene Expression,A_mel_mkref_out,False,24225
LOC724225,LOC724225,Gene Expression,A_mel_mkref_out,False,3312
LOC725331,LOC725331,Gene Expression,A_mel_mkref_out,False,46041
LOC409969,LOC409969,Gene Expression,A_mel_mkref_out,False,58038
LOC102654523,LOC102654523,Gene Expression,A_mel_mkref_out,False,1045
LOC551720,LOC551720,Gene Expression,A_mel_mkref_out,False,28785
LOC413275,LOC413275,Gene Expression,A_mel_mkref_out,False,20908
LOC102656218,LOC102656218,Gene Expression,A_mel_mkref_out,False,149
LOC102655690,LOC102655690,Gene Expression,A_mel_mkref_out,False,156
LOC113218965,LOC113218965,Gene Expression,A_mel_mkref_out,False,37058
LOC411290,LOC411290,Gene Expression,A_mel_mkref_out,False,28145
LOC408973,LOC408973,Gene Expression,A_mel_mkref_out,False,32182
LOC410085,LOC410085,Gene Expression,A_mel_mkref_out,False,63210
LOC409122,LOC409122,Gene Expression,A_mel_mkref_out,False,45205
LOC552223,LOC552223,Gene Expression,A_mel_mkref_out,False,29533
LOC412299,LOC412299,Gene Expression,A_mel_mkref_out,False,54086
LOC412092,LOC412092,Gene Expression,A_mel_mkref_out,False,63255
CSP1,GeneID_725382,Gene Expression,A_mel_mkref_out,False,965
LOC100576105,LOC100576105,Gene Expression,A_mel_mkref_out,False,338
LOC551029,LOC551029,Gene Expression,A_mel_mkref_out,False,35272
LOC102654188,LOC102654188,Gene Expression,A_mel_mkref_out,False,9866
LOC102655790,LOC102655790,Gene Expression,A_mel_mkref_out,False,4321
LOC552494,LOC552494,Gene Expression,A_mel_mkref_out,False,23581
LOC726212,LOC726212,Gene Expression,A_mel_mkref_out,False,19633
LOC413418,LOC413418,Gene Expression,A_mel_mkref_out,False,21040
LOC102654108,LOC102654108,Gene Expression,A_mel_mkref_out,False,27482
LOC552284,LOC552284,Gene Expression,A_mel_mkref_out,False,14781
LOC107964793,LOC107964793,Gene Expression,A_mel_mkref_out,False,14571
LOC102655995,LOC102655995,Gene Expression,A_mel_mkref_out,False,1564
LOC551226,LOC551226,Gene Expression,A_mel_mkref_out,False,7134
LOC552721,LOC552721,Gene Expression,A_mel_mkref_out,False,32408
LOC551866,LOC551866,Gene Expression,A_mel_mkref_out,False,26145
LOC551904,LOC551904,Gene Expression,A_mel_mkref_out,False,24635
LOC725186,LOC725186,Gene Expression,A_mel_mkref_out,False,15822
LOC410169,LOC410169,Gene Expression,A_mel_mkref_out,False,24177
LOC113218953,LOC113218953,Gene Expression,A_mel_mkref_out,False,17921
LOC726359,LOC726359,Gene Expression,A_mel_mkref_out,False,11334
LOC102655053,LOC102655053,Gene Expression,A_mel_mkref_out,False,5882
LOC100576754,LOC100576754,Gene Expression,A_mel_mkref_out,False,30288
LOC412082,LOC412082,Gene Expression,A_mel_mkref_out,False,7762
LOC724750,LOC724750,Gene Expression,A_mel_mkref_out,False,23435
Ets97D-like,GeneID_100578252,Gene Expression,A_mel_mkref_out,False,11173
LOC552768,LOC552768,Gene Expression,A_mel_mkref_out,False,11290
LOC727101,LOC727101,Gene Expression,A_mel_mkref_out,False,19629
LOC552717,LOC552717,Gene Expression,A_mel_mkref_out,False,7835
LOC408955,LOC408955,Gene Expression,A_mel_mkref_out,False,22146
LOC413643,LOC413643,Gene Expression,A_mel_mkref_out,False,16495
LOC100577680,LOC100577680,Gene Expression,A_mel_mkref_out,False,135
LOC113218930,LOC113218930,Gene Expression,A_mel_mkref_out,False,644
LOC725220,LOC725220,Gene Expression,A_mel_mkref_out,False,3328
LOC413663,LOC413663,Gene Expression,A_mel_mkref_out,False,26100
LOC409243,LOC409243,Gene Expression,A_mel_mkref_out,False,70279
LOC409557,LOC409557,Gene Expression,A_mel_mkref_out,False,4023
LOC725135,LOC725135,Gene Expression,A_mel_mkref_out,False,3408
LOC409326,LOC409326,Gene Expression,A_mel_mkref_out,False,45217
LOC102656347,LOC102656347,Gene Expression,A_mel_mkref_out,False,14910
LOC411916,LOC411916,Gene Expression,A_mel_mkref_out,False,2045
LOC725370,LOC725370,Gene Expression,A_mel_mkref_out,False,1822
LOC726571,LOC726571,Gene Expression,A_mel_mkref_out,False,561
LOC411841,LOC411841,Gene Expression,A_mel_mkref_out,False,27296
LOC413196,LOC413196,Gene Expression,A_mel_mkref_out,False,17172
LOC100578668,LOC100578668,Gene Expression,A_mel_mkref_out,False,78
LOC552031,LOC552031,Gene Expression,A_mel_mkref_out,False,68760
LOC725483,LOC725483,Gene Expression,A_mel_mkref_out,False,1984
LOC724785,LOC724785,Gene Expression,A_mel_mkref_out,False,29640
LOC411959,LOC411959,Gene Expression,A_mel_mkref_out,False,3168
LOC102654641,LOC102654641,Gene Expression,A_mel_mkref_out,False,3938
CTL5,GeneID_411770,Gene Expression,A_mel_mkref_out,False,4318
LOC412350,LOC412350,Gene Expression,A_mel_mkref_out,False,8442
LOC724864,LOC724864,Gene Expression,A_mel_mkref_out,False,249
LOC100577539,LOC100577539,Gene Expression,A_mel_mkref_out,False,1155
LOC409169,LOC409169,Gene Expression,A_mel_mkref_out,False,8269
LOC725023,LOC725023,Gene Expression,A_mel_mkref_out,False,10573
LOC411905,LOC411905,Gene Expression,A_mel_mkref_out,False,42162
LOC552528,LOC552528,Gene Expression,A_mel_mkref_out,False,50445
LOC413740,LOC413740,Gene Expression,A_mel_mkref_out,False,4763
LOC412837,LOC412837,Gene Expression,A_mel_mkref_out,False,2101
PGRP-S3,GeneID_727472,Gene Expression,A_mel_mkref_out,False,4643
LOC552576,LOC552576,Gene Expression,A_mel_mkref_out,False,37193
LOC107964891,LOC107964891,Gene Expression,A_mel_mkref_out,False,9019
LOC102655426,LOC102655426,Gene Expression,A_mel_mkref_out,False,3698
LOC100576972,LOC100576972,Gene Expression,A_mel_mkref_out,False,10622
LOC113218926,LOC113218926,Gene Expression,A_mel_mkref_out,False,418
LOC411894,LOC411894,Gene Expression,A_mel_mkref_out,False,1176
LOC100577727,LOC100577727,Gene Expression,A_mel_mkref_out,False,19468
LOC552582,LOC552582,Gene Expression,A_mel_mkref_out,False,19888
LOC102654761,LOC102654761,Gene Expression,A_mel_mkref_out,False,2529
LOC102655836,LOC102655836,Gene Expression,A_mel_mkref_out,False,17784
LOC552444,LOC552444,Gene Expression,A_mel_mkref_out,False,26941
LOC107964814,LOC107964814,Gene Expression,A_mel_mkref_out,False,17351
LOC102654732,LOC102654732,Gene Expression,A_mel_mkref_out,False,5412
LOC726953,LOC726953,Gene Expression,A_mel_mkref_out,False,5821
LOC409367,LOC409367,Gene Expression,A_mel_mkref_out,False,222
LOC551718,LOC551718,Gene Expression,A_mel_mkref_out,False,23644
LOC113218917,LOC113218917,Gene Expression,A_mel_mkref_out,False,322
LOC725871,LOC725871,Gene Expression,A_mel_mkref_out,False,12627
LOC552214,LOC552214,Gene Expression,A_mel_mkref_out,False,16812
LOC100578253,LOC100578253,Gene Expression,A_mel_mkref_out,False,24783
LOC726339,LOC726339,Gene Expression,A_mel_mkref_out,False,27169
LOC410018,LOC410018,Gene Expression,A_mel_mkref_out,False,42335
LOC113218924,LOC113218924,Gene Expression,A_mel_mkref_out,False,763
LOC102655877,LOC102655877,Gene Expression,A_mel_mkref_out,False,22069
LOC100577676,LOC100577676,Gene Expression,A_mel_mkref_out,False,15119
LOC113218934,LOC113218934,Gene Expression,A_mel_mkref_out,False,341
LOC551297,LOC551297,Gene Expression,A_mel_mkref_out,False,20912
LOC100577519,LOC100577519,Gene Expression,A_mel_mkref_out,False,10304
LOC113218956,LOC113218956,Gene Expression,A_mel_mkref_out,False,162
LOC107964825,LOC107964825,Gene Expression,A_mel_mkref_out,False,9902
LOC100576760,LOC100576760,Gene Expression,A_mel_mkref_out,False,12359
LOC408970,LOC408970,Gene Expression,A_mel_mkref_out,False,5603
LOC725065,LOC725065,Gene Expression,A_mel_mkref_out,False,31760
LOC113218950,LOC113218950,Gene Expression,A_mel_mkref_out,False,8662
LOC727408,LOC727408,Gene Expression,A_mel_mkref_out,False,713
LOC725967,LOC725967,Gene Expression,A_mel_mkref_out,False,2354
LOC100577711,LOC100577711,Gene Expression,A_mel_mkref_out,False,7614
LOC551137,LOC551137,Gene Expression,A_mel_mkref_out,False,9752
LOC411674,LOC411674,Gene Expression,A_mel_mkref_out,False,15009
LOC551296,LOC551296,Gene Expression,A_mel_mkref_out,False,8955
LOC107964906,LOC107964906,Gene Expression,A_mel_mkref_out,False,23187
LOC100577901,LOC100577901,Gene Expression,A_mel_mkref_out,False,1906
LOC409454,LOC409454,Gene Expression,A_mel_mkref_out,False,22981
LOC552215,LOC552215,Gene Expression,A_mel_mkref_out,False,1848
LOC102654385,LOC102654385,Gene Expression,A_mel_mkref_out,False,4692
LOC107964872,LOC107964872,Gene Expression,A_mel_mkref_out,False,4431
LOC102656294,LOC102656294,Gene Expression,A_mel_mkref_out,False,2611
LOC552555,LOC552555,Gene Expression,A_mel_mkref_out,False,10709
LOC413253,LOC413253,Gene Expression,A_mel_mkref_out,False,25357
LOC725263,LOC725263,Gene Expression,A_mel_mkref_out,False,36831
LOC411658,LOC411658,Gene Expression,A_mel_mkref_out,False,13000
LOC411282,LOC411282,Gene Expression,A_mel_mkref_out,False,79551
LOC409353,LOC409353,Gene Expression,A_mel_mkref_out,False,14557
LOC726871,LOC726871,Gene Expression,A_mel_mkref_out,False,4827
LOC107964791,LOC107964791,Gene Expression,A_mel_mkref_out,False,2817
LOC408966,LOC408966,Gene Expression,A_mel_mkref_out,False,56511
LOC551603,LOC551603,Gene Expression,A_mel_mkref_out,False,27077
LOC411238,LOC411238,Gene Expression,A_mel_mkref_out,False,78173
LOC409912,LOC409912,Gene Expression,A_mel_mkref_out,False,42313
LOC113218962,LOC113218962,Gene Expression,A_mel_mkref_out,False,2819
LOC412308,LOC412308,Gene Expression,A_mel_mkref_out,False,8286
LOC727634,LOC727634,Gene Expression,A_mel_mkref_out,False,16722
LOC411630,LOC411630,Gene Expression,A_mel_mkref_out,False,55121
LOC727015,LOC727015,Gene Expression,A_mel_mkref_out,False,11967
LOC100576880,LOC100576880,Gene Expression,A_mel_mkref_out,False,207
LOC413002,LOC413002,Gene Expression,A_mel_mkref_out,False,44657
LOC411272,LOC411272,Gene Expression,A_mel_mkref_out,False,13925
LOC411596,LOC411596,Gene Expression,A_mel_mkref_out,False,4258
LOC412192,LOC412192,Gene Expression,A_mel_mkref_out,False,5023
LOC551401,LOC551401,Gene Expression,A_mel_mkref_out,False,1244
LOC552263,LOC552263,Gene Expression,A_mel_mkref_out,False,12310
LOC724571,LOC724571,Gene Expression,A_mel_mkref_out,False,9550
LOC411277,LOC411277,Gene Expression,A_mel_mkref_out,False,76199
LOC411991,LOC411991,Gene Expression,A_mel_mkref_out,False,17051
LOC411266,LOC411266,Gene Expression,A_mel_mkref_out,False,9327
LOC552710,LOC552710,Gene Expression,A_mel_mkref_out,False,32124
LOC551016,LOC551016,Gene Expression,A_mel_mkref_out,False,41852
LOC725021,LOC725021,Gene Expression,A_mel_mkref_out,False,3670
LOC107964878,LOC107964878,Gene Expression,A_mel_mkref_out,False,180
LOC409196,LOC409196,Gene Expression,A_mel_mkref_out,False,36813
LOC411423,LOC411423,Gene Expression,A_mel_mkref_out,False,14636
LOC552310,LOC552310,Gene Expression,A_mel_mkref_out,False,17458
LOC100578828,LOC100578828,Gene Expression,A_mel_mkref_out,False,4277
LOC102654625,LOC102654625,Gene Expression,A_mel_mkref_out,False,10582
LOC551308,LOC551308,Gene Expression,A_mel_mkref_out,False,37478
LOC726811,LOC726811,Gene Expression,A_mel_mkref_out,False,7805
LOC725556,LOC725556,Gene Expression,A_mel_mkref_out,False,47417
LOC100577600,LOC100577600,Gene Expression,A_mel_mkref_out,False,43465
LOC102653727,LOC102653727,Gene Expression,A_mel_mkref_out,False,1717
LOC100576198,LOC100576198,Gene Expression,A_mel_mkref_out,False,61
LOC552177,LOC552177,Gene Expression,A_mel_mkref_out,False,76119
LOC113218966,LOC113218966,Gene Expression,A_mel_mkref_out,False,262
LOC412612,LOC412612,Gene Expression,A_mel_mkref_out,False,24171
LOC551432,LOC551432,Gene Expression,A_mel_mkref_out,False,75448
LOC100577978,LOC100577978,Gene Expression,A_mel_mkref_out,False,381
LOC411774,LOC411774,Gene Expression,A_mel_mkref_out,False,12548
LOC551888,LOC551888,Gene Expression,A_mel_mkref_out,False,27978
LOC102654020,LOC102654020,Gene Expression,A_mel_mkref_out,False,818
LOC411693,LOC411693,Gene Expression,A_mel_mkref_out,False,43716
LOC113218964,LOC113218964,Gene Expression,A_mel_mkref_out,False,261
LOC100577302,LOC100577302,Gene Expression,A_mel_mkref_out,False,18433
LOC409770,LOC409770,Gene Expression,A_mel_mkref_out,False,5079
LOC107964820,LOC107964820,Gene Expression,A_mel_mkref_out,False,1994
LOC409195,LOC409195,Gene Expression,A_mel_mkref_out,False,11438
LOC113218954,LOC113218954,Gene Expression,A_mel_mkref_out,False,5439
LOC107964864,LOC107964864,Gene Expression,A_mel_mkref_out,False,183
LOC102655783,LOC102655783,Gene Expression,A_mel_mkref_out,False,41
LOC726617,LOC726617,Gene Expression,A_mel_mkref_out,False,15078
LOC100577825,LOC100577825,Gene Expression,A_mel_mkref_out,False,3549
LOC551806,LOC551806,Gene Expression,A_mel_mkref_out,False,2238
LOC107964857,LOC107964857,Gene Expression,A_mel_mkref_out,False,123
LOC107964884,LOC107964884,Gene Expression,A_mel_mkref_out,False,10021
nanos,GeneID_408956,Gene Expression,A_mel_mkref_out,False,51935
LOC413185,LOC413185,Gene Expression,A_mel_mkref_out,False,10623
LOC100578892,LOC100578892,Gene Expression,A_mel_mkref_out,False,11469
LOC411698,LOC411698,Gene Expression,A_mel_mkref_out,False,12994
LOC552665,LOC552665,Gene Expression,A_mel_mkref_out,False,13926
LOC100577756,LOC100577756,Gene Expression,A_mel_mkref_out,False,5860
LOC412701,LOC412701,Gene Expression,A_mel_mkref_out,False,51024
LOC411240,LOC411240,Gene Expression,A_mel_mkref_out,False,28272
LOC551754,LOC551754,Gene Expression,A_mel_mkref_out,False,10944
LOC102655375,LOC102655375,Gene Expression,A_mel_mkref_out,False,590
LOC413462,LOC413462,Gene Expression,A_mel_mkref_out,False,25993
LOC551135,LOC551135,Gene Expression,A_mel_mkref_out,False,13512
LOC408959,LOC408959,Gene Expression,A_mel_mkref_out,False,8803
LOC100578928,LOC100578928,Gene Expression,A_mel_mkref_out,False,415
LOC408963,LOC408963,Gene Expression,A_mel_mkref_out,False,38770
LOC726381,LOC726381,Gene Expression,A_mel_mkref_out,False,21583
LOC724630,LOC724630,Gene Expression,A_mel_mkref_out,False,19887
LOC552003,LOC552003,Gene Expression,A_mel_mkref_out,False,31333
Twi,GeneID_413254,Gene Expression,A_mel_mkref_out,False,763
LOC413919,LOC413919,Gene Expression,A_mel_mkref_out,False,11141
LOC411262,LOC411262,Gene Expression,A_mel_mkref_out,False,25912
LOC100578698,LOC100578698,Gene Expression,A_mel_mkref_out,False,5060
LOC552010,LOC552010,Gene Expression,A_mel_mkref_out,False,12932
LOC413739,LOC413739,Gene Expression,A_mel_mkref_out,False,27133
crh-BP,GeneID_409372,Gene Expression,A_mel_mkref_out,False,17179
LOC411265,LOC411265,Gene Expression,A_mel_mkref_out,False,21896
LOC413616,LOC413616,Gene Expression,A_mel_mkref_out,False,54130
ATP5G2,GeneID_409148,Gene Expression,A_mel_mkref_out,False,48600
LOC409026,LOC409026,Gene Expression,A_mel_mkref_out,False,24940
LOC409089,LOC409089,Gene Expression,A_mel_mkref_out,False,23510
LOC102655491,LOC102655491,Gene Expression,A_mel_mkref_out,False,1158
LOC113218921,LOC113218921,Gene Expression,A_mel_mkref_out,False,1157
LOC102656871,LOC102656871,Gene Expression,A_mel_mkref_out,False,296
LOC100576975,LOC100576975,Gene Expression,A_mel_mkref_out,False,14301
LOC102656572,LOC102656572,Gene Expression,A_mel_mkref_out,False,598
LOC725803,LOC725803,Gene Expression,A_mel_mkref_out,False,59664
LOC551835,LOC551835,Gene Expression,A_mel_mkref_out,False,21181
LOC724176,LOC724176,Gene Expression,A_mel_mkref_out,False,16491
LOC100576215,LOC100576215,Gene Expression,A_mel_mkref_out,False,1145
LOC102655158,LOC102655158,Gene Expression,A_mel_mkref_out,False,484
LOC102654234,LOC102654234,Gene Expression,A_mel_mkref_out,False,1775
LOC411245,LOC411245,Gene Expression,A_mel_mkref_out,False,15102
LOC726657,LOC726657,Gene Expression,A_mel_mkref_out,False,35592
LOC102655507,LOC102655507,Gene Expression,A_mel_mkref_out,False,2897
LOC410003,LOC410003,Gene Expression,A_mel_mkref_out,False,49714
LOC724786,LOC724786,Gene Expression,A_mel_mkref_out,False,12137
LOC409065,LOC409065,Gene Expression,A_mel_mkref_out,False,56671
LOC411989,LOC411989,Gene Expression,A_mel_mkref_out,False,49509
LOC100576878,LOC100576878,Gene Expression,A_mel_mkref_out,False,52045
LOC413195,LOC413195,Gene Expression,A_mel_mkref_out,False,39318
LOC100577363,LOC100577363,Gene Expression,A_mel_mkref_out,False,831
LOC409814,LOC409814,Gene Expression,A_mel_mkref_out,False,2729
LOC113218949,LOC113218949,Gene Expression,A_mel_mkref_out,False,3289
LOC725804,LOC725804,Gene Expression,A_mel_mkref_out,False,63
LOC412398,LOC412398,Gene Expression,A_mel_mkref_out,False,34959
LOC113218918,LOC113218918,Gene Expression,A_mel_mkref_out,False,611
LOC113218945,LOC113218945,Gene Expression,A_mel_mkref_out,False,33207
LOC551104,LOC551104,Gene Expression,A_mel_mkref_out,False,15280
LOC409397,LOC409397,Gene Expression,A_mel_mkref_out,False,12058
LOC726673,LOC726673,Gene Expression,A_mel_mkref_out,False,15834
LOC102653839,LOC102653839,Gene Expression,A_mel_mkref_out,False,2788
LOC551696,LOC551696,Gene Expression,A_mel_mkref_out,False,10753
LOC551462,LOC551462,Gene Expression,A_mel_mkref_out,False,22535
LOC413197,LOC413197,Gene Expression,A_mel_mkref_out,False,57674
LOC409463,LOC409463,Gene Expression,A_mel_mkref_out,False,34536
LOC552051,LOC552051,Gene Expression,A_mel_mkref_out,False,13078
LOC102656765,LOC102656765,Gene Expression,A_mel_mkref_out,False,42646
LOC726643,LOC726643,Gene Expression,A_mel_mkref_out,False,21807
LOC113218947,LOC113218947,Gene Expression,A_mel_mkref_out,False,155
LOC100578259,LOC100578259,Gene Expression,A_mel_mkref_out,False,11991
LOC102656264,LOC102656264,Gene Expression,A_mel_mkref_out,False,1660
LOC411961,LOC411961,Gene Expression,A_mel_mkref_out,False,67418
LOC724819,LOC724819,Gene Expression,A_mel_mkref_out,False,20476
LOC725973,LOC725973,Gene Expression,A_mel_mkref_out,False,725
LOC551553,LOC551553,Gene Expression,A_mel_mkref_out,False,4242
LOC725838,LOC725838,Gene Expression,A_mel_mkref_out,False,709
LOC551513,LOC551513,Gene Expression,A_mel_mkref_out,False,19514
LOC409511,LOC409511,Gene Expression,A_mel_mkref_out,False,1696
LOC726482,LOC726482,Gene Expression,A_mel_mkref_out,False,20631
LOC107964914,LOC107964914,Gene Expression,A_mel_mkref_out,False,127
LOC413048,LOC413048,Gene Expression,A_mel_mkref_out,False,42
LOC102656541,LOC102656541,Gene Expression,A_mel_mkref_out,False,18508
LOC102656719,LOC102656719,Gene Expression,A_mel_mkref_out,False,400
LOC551950,LOC551950,Gene Expression,A_mel_mkref_out,False,2745
LOC409371,LOC409371,Gene Expression,A_mel_mkref_out,False,5686
LOC724870,LOC724870,Gene Expression,A_mel_mkref_out,False,11674
LOC408964,LOC408964,Gene Expression,A_mel_mkref_out,False,52554
LOC410105,LOC410105,Gene Expression,A_mel_mkref_out,False,20604
LOC408969,LOC408969,Gene Expression,A_mel_mkref_out,False,19056
LOC412284,LOC412284,Gene Expression,A_mel_mkref_out,False,32778
LOC107963998,LOC107963998,Gene Expression,A_mel_mkref_out,False,149
LOC552495,LOC552495,Gene Expression,A_mel_mkref_out,False,23032
LOC552432,LOC552432,Gene Expression,A_mel_mkref_out,False,9483
LOC552242,LOC552242,Gene Expression,A_mel_mkref_out,False,245
LOC408958,LOC408958,Gene Expression,A_mel_mkref_out,False,52668
LOC552732,LOC552732,Gene Expression,A_mel_mkref_out,False,9891
LOC412079,LOC412079,Gene Expression,A_mel_mkref_out,False,12215
LOC725312,LOC725312,Gene Expression,A_mel_mkref_out,False,60141
LOC409245,LOC409245,Gene Expression,A_mel_mkref_out,False,37450
LOC100577351,LOC100577351,Gene Expression,A_mel_mkref_out,False,4016
LOC107964828,LOC107964828,Gene Expression,A_mel_mkref_out,False,2086
AChE-2,GeneID_406104,Gene Expression,A_mel_mkref_out,False,65535
LOC411435,LOC411435,Gene Expression,A_mel_mkref_out,False,8146
LOC412069,LOC412069,Gene Expression,A_mel_mkref_out,False,26884
LOC552498,LOC552498,Gene Expression,A_mel_mkref_out,False,39363
LOC413051,LOC413051,Gene Expression,A_mel_mkref_out,False,34817
LOC102656215,LOC102656215,Gene Expression,A_mel_mkref_out,False,9686
LOC726819,LOC726819,Gene Expression,A_mel_mkref_out,False,13169
LOC413875,LOC413875,Gene Expression,A_mel_mkref_out,False,26357
LOC412694,LOC412694,Gene Expression,A_mel_mkref_out,False,10749
LOC113218958,LOC113218958,Gene Expression,A_mel_mkref_out,False,7968
LOC726190,LOC726190,Gene Expression,A_mel_mkref_out,False,57333
LOC413618,LOC413618,Gene Expression,A_mel_mkref_out,False,17646
LOC412041,LOC412041,Gene Expression,A_mel_mkref_out,False,3166
LOC725941,LOC725941,Gene Expression,A_mel_mkref_out,False,21391
LOC725908,LOC725908,Gene Expression,A_mel_mkref_out,False,15666
LOC100577382,LOC100577382,Gene Expression,A_mel_mkref_out,False,602
LOC411248,LOC411248,Gene Expression,A_mel_mkref_out,False,29335
LOC411652,LOC411652,Gene Expression,A_mel_mkref_out,False,23040
LOC107964843,LOC107964843,Gene Expression,A_mel_mkref_out,False,13413
LOC411255,LOC411255,Gene Expression,A_mel_mkref_out,False,9795
LOC411264,LOC411264,Gene Expression,A_mel_mkref_out,False,7752
LOC414015,LOC414015,Gene Expression,A_mel_mkref_out,False,24736
LOC413047,LOC413047,Gene Expression,A_mel_mkref_out,False,2815
LOC552623,LOC552623,Gene Expression,A_mel_mkref_out,False,16437
LOC411288,LOC411288,Gene Expression,A_mel_mkref_out,False,91535
LOC726314,LOC726314,Gene Expression,A_mel_mkref_out,False,16687
LOC413885,LOC413885,Gene Expression,A_mel_mkref_out,False,10837
LOC412080,LOC412080,Gene Expression,A_mel_mkref_out,False,17531
LOC409059,LOC409059,Gene Expression,A_mel_mkref_out,False,19636
LOC408967,LOC408967,Gene Expression,A_mel_mkref_out,False,69186
LOC100576795,LOC100576795,Gene Expression,A_mel_mkref_out,False,19746
LOC412655,LOC412655,Gene Expression,A_mel_mkref_out,False,27698
LOC413652,LOC413652,Gene Expression,A_mel_mkref_out,False,22921
Gb15078,GeneID_678510,Gene Expression,A_mel_mkref_out,False,1040
LOC412728,LOC412728,Gene Expression,A_mel_mkref_out,False,31371
LOC100576699,LOC100576699,Gene Expression,A_mel_mkref_out,False,5181
LOC107964850,LOC107964850,Gene Expression,A_mel_mkref_out,False,1868
LOC413184,LOC413184,Gene Expression,A_mel_mkref_out,False,15122
LOC409836,LOC409836,Gene Expression,A_mel_mkref_out,False,82276
LOC551376,LOC551376,Gene Expression,A_mel_mkref_out,False,30698
LOC551301,LOC551301,Gene Expression,A_mel_mkref_out,False,18243
LOC100577444,LOC100577444,Gene Expression,A_mel_mkref_out,False,2905
LOC100576936,LOC100576936,Gene Expression,A_mel_mkref_out,False,851
LOC113218941,LOC113218941,Gene Expression,A_mel_mkref_out,False,24749
LOC100577229,LOC100577229,Gene Expression,A_mel_mkref_out,False,301
LOC408961,LOC408961,Gene Expression,A_mel_mkref_out,False,3951
LOC100578055,LOC100578055,Gene Expression,A_mel_mkref_out,False,302
LOC100576381,LOC100576381,Gene Expression,A_mel_mkref_out,False,28704
LOC409244,LOC409244,Gene Expression,A_mel_mkref_out,False,45338
LOC725518,LOC725518,Gene Expression,A_mel_mkref_out,False,35861
LOC113218955,LOC113218955,Gene Expression,A_mel_mkref_out,False,389
LOC411391,LOC411391,Gene Expression,A_mel_mkref_out,False,12706
LOC552239,LOC552239,Gene Expression,A_mel_mkref_out,False,56556
LOC107964821,LOC107964821,Gene Expression,A_mel_mkref_out,False,655
LOC410099,LOC410099,Gene Expression,A_mel_mkref_out,False,49415
LOC100578051,LOC100578051,Gene Expression,A_mel_mkref_out,False,15522
LOC102655399,LOC102655399,Gene Expression,A_mel_mkref_out,False,11136
LOC551021,LOC551021,Gene Expression,A_mel_mkref_out,False,26071
LOC409553,LOC409553,Gene Expression,A_mel_mkref_out,False,2630
LOC102654485,LOC102654485,Gene Expression,A_mel_mkref_out,False,765
LOC726689,LOC726689,Gene Expression,A_mel_mkref_out,False,18846
LOC726341,LOC726341,Gene Expression,A_mel_mkref_out,False,17997
LOC409368,LOC409368,Gene Expression,A_mel_mkref_out,False,23361
LOC409493,LOC409493,Gene Expression,A_mel_mkref_out,False,39319
LOC102655968,LOC102655968,Gene Expression,A_mel_mkref_out,False,393
LOC724933,LOC724933,Gene Expression,A_mel_mkref_out,False,69745
LOC107964876,LOC107964876,Gene Expression,A_mel_mkref_out,False,10457
LOC413324,LOC413324,Gene Expression,A_mel_mkref_out,False,5666
LOC413263,LOC413263,Gene Expression,A_mel_mkref_out,False,932
LOC725438,LOC725438,Gene Expression,A_mel_mkref_out,False,1553
LOC724437,LOC724437,Gene Expression,A_mel_mkref_out,False,9648
LOC726658,LOC726658,Gene Expression,A_mel_mkref_out,False,867
LOC409771,LOC409771,Gene Expression,A_mel_mkref_out,False,45734
LOC551928,LOC551928,Gene Expression,A_mel_mkref_out,False,21945
LOC107964818,LOC107964818,Gene Expression,A_mel_mkref_out,False,4089
LOC113218932,LOC113218932,Gene Expression,A_mel_mkref_out,False,131
LOC113218925,LOC113218925,Gene Expression,A_mel_mkref_out,False,36938
LOC409529,LOC409529,Gene Expression,A_mel_mkref_out,False,15768
LOC726637,LOC726637,Gene Expression,A_mel_mkref_out,False,23036
LOC411252,LOC411252,Gene Expression,A_mel_mkref_out,False,36973
Hbg2,GeneID_411257,Gene Expression,A_mel_mkref_out,False,544
LOC408968,LOC408968,Gene Expression,A_mel_mkref_out,False,19986
LOC100577269,LOC100577269,Gene Expression,A_mel_mkref_out,False,948
LOC726500,LOC726500,Gene Expression,A_mel_mkref_out,False,12109
LOC100576326,LOC100576326,Gene Expression,A_mel_mkref_out,False,6284
LOC102655432,LOC102655432,Gene Expression,A_mel_mkref_out,False,21595
LOC412825,LOC412825,Gene Expression,A_mel_mkref_out,False,983
LOC552431,LOC552431,Gene Expression,A_mel_mkref_out,False,22303
LOC725870,LOC725870,Gene Expression,A_mel_mkref_out,False,48631
LOC726572,LOC726572,Gene Expression,A_mel_mkref_out,False,8172
LOC726422,LOC726422,Gene Expression,A_mel_mkref_out,False,12838
LOC411679,LOC411679,Gene Expression,A_mel_mkref_out,False,16327
LOC727480,LOC727480,Gene Expression,A_mel_mkref_out,False,18794
LOC113218937,LOC113218937,Gene Expression,A_mel_mkref_out,False,3846
HEX70b,GeneID_406117,Gene Expression,A_mel_mkref_out,False,3740
LOC551962,LOC551962,Gene Expression,A_mel_mkref_out,False,28565
LOC113218929,LOC113218929,Gene Expression,A_mel_mkref_out,False,6803
LOC413914,LOC413914,Gene Expression,A_mel_mkref_out,False,17295
LOC102655099,LOC102655099,Gene Expression,A_mel_mkref_out,False,190
LOC413264,LOC413264,Gene Expression,A_mel_mkref_out,False,213
LOC409154,LOC409154,Gene Expression,A_mel_mkref_out,False,25417
LOC102654654,LOC102654654,Gene Expression,A_mel_mkref_out,False,5259
LOC726587,LOC726587,Gene Expression,A_mel_mkref_out,False,49888
LOC100577306,LOC100577306,Gene Expression,A_mel_mkref_out,False,2777
LOC413183,LOC413183,Gene Expression,A_mel_mkref_out,False,40477
LOC113218944,LOC113218944,Gene Expression,A_mel_mkref_out,False,49332
LOC725669,LOC725669,Gene Expression,A_mel_mkref_out,False,29766
LOC100577915,LOC100577915,Gene Expression,A_mel_mkref_out,False,430
LOC726297,LOC726297,Gene Expression,A_mel_mkref_out,False,34640
LOC725670,LOC725670,Gene Expression,A_mel_mkref_out,False,2703
LOC409219,LOC409219,Gene Expression,A_mel_mkref_out,False,15201
LOC725837,LOC725837,Gene Expression,A_mel_mkref_out,False,30197
LOC725332,LOC725332,Gene Expression,A_mel_mkref_out,False,21932
LOC551809,LOC551809,Gene Expression,A_mel_mkref_out,False,14429
LOC726383,LOC726383,Gene Expression,A_mel_mkref_out,False,2980
LOC409533,LOC409533,Gene Expression,A_mel_mkref_out,False,14365
LOC726380,LOC726380,Gene Expression,A_mel_mkref_out,False,12957
LOC413340,LOC413340,Gene Expression,A_mel_mkref_out,False,25018
LOC411250,LOC411250,Gene Expression,A_mel_mkref_out,False,73008
LOC409473,LOC409473,Gene Expression,A_mel_mkref_out,False,24302
LOC413912,LOC413912,Gene Expression,A_mel_mkref_out,False,51401
LOC102655587,LOC102655587,Gene Expression,A_mel_mkref_out,False,7056
LOC107964859,LOC107964859,Gene Expression,A_mel_mkref_out,False,163
LOC102655080,LOC102655080,Gene Expression,A_mel_mkref_out,False,1349
LOC411268,LOC411268,Gene Expression,A_mel_mkref_out,False,11815
LOC412504,LOC412504,Gene Expression,A_mel_mkref_out,False,20096
LOC100578200,LOC100578200,Gene Expression,A_mel_mkref_out,False,3582
LOC725876,LOC725876,Gene Expression,A_mel_mkref_out,False,428
LOC411459,LOC411459,Gene Expression,A_mel_mkref_out,False,25693
LOC410017,LOC410017,Gene Expression,A_mel_mkref_out,False,13389
LOC551841,LOC551841,Gene Expression,A_mel_mkref_out,False,12407
LOC100576096,LOC100576096,Gene Expression,A_mel_mkref_out,False,1650
LOC724979,LOC724979,Gene Expression,A_mel_mkref_out,False,194
LOC102654371,LOC102654371,Gene Expression,A_mel_mkref_out,False,217
LOC726872,LOC726872,Gene Expression,A_mel_mkref_out,False,14260
LOC409538,LOC409538,Gene Expression,A_mel_mkref_out,False,18278
LOC100577332,LOC100577332,Gene Expression,A_mel_mkref_out,False,7605
LOC410142,LOC410142,Gene Expression,A_mel_mkref_out,False,34139
LOC409369,LOC409369,Gene Expression,A_mel_mkref_out,False,4325
LOC726076,LOC726076,Gene Expression,A_mel_mkref_out,False,3262
LOC107964894,LOC107964894,Gene Expression,A_mel_mkref_out,False,990
LOC102655794,LOC102655794,Gene Expression,A_mel_mkref_out,False,533
LOC411239,LOC411239,Gene Expression,A_mel_mkref_out,False,9989
LOC726915,LOC726915,Gene Expression,A_mel_mkref_out,False,701
LOC726028,LOC726028,Gene Expression,A_mel_mkref_out,False,12516
LOC727030,LOC727030,Gene Expression,A_mel_mkref_out,False,21877
LOC100577452,LOC100577452,Gene Expression,A_mel_mkref_out,False,9683
LOC411253,LOC411253,Gene Expression,A_mel_mkref_out,False,8168
LOC724398,LOC724398,Gene Expression,A_mel_mkref_out,False,3284
LOC100576503,LOC100576503,Gene Expression,A_mel_mkref_out,False,1502
LOC726636,LOC726636,Gene Expression,A_mel_mkref_out,False,25465
LOC413252,LOC413252,Gene Expression,A_mel_mkref_out,False,21843
LOC409197,LOC409197,Gene Expression,A_mel_mkref_out,False,9017
LOC107964838,LOC107964838,Gene Expression,A_mel_mkref_out,False,1898
LOC102656787,LOC102656787,Gene Expression,A_mel_mkref_out,False,20
LOC726007,LOC726007,Gene Expression,A_mel_mkref_out,False,15734
LOC408965,LOC408965,Gene Expression,A_mel_mkref_out,False,2645
LOC552400,LOC552400,Gene Expression,A_mel_mkref_out,False,21312
LOC409637,LOC409637,Gene Expression,A_mel_mkref_out,False,28999
LOC724175,LOC724175,Gene Expression,A_mel_mkref_out,False,1680
LOC411237,LOC411237,Gene Expression,A_mel_mkref_out,False,13660
LOC113218919,LOC113218919,Gene Expression,A_mel_mkref_out,False,171
LOC409273,LOC409273,Gene Expression,A_mel_mkref_out,False,51320
LOC550698,LOC550698,Gene Expression,A_mel_mkref_out,False,15625
LOC102654746,LOC102654746,Gene Expression,A_mel_mkref_out,False,4012
LOC412128,LOC412128,Gene Expression,A_mel_mkref_out,False,38140
LOC100577053,LOC100577053,Gene Expression,A_mel_mkref_out,False,6511
LOC100578337,LOC100578337,Gene Expression,A_mel_mkref_out,False,50070
LOC412391,LOC412391,Gene Expression,A_mel_mkref_out,False,20736
LOC113218943,LOC113218943,Gene Expression,A_mel_mkref_out,False,670
LOC102656248,LOC102656248,Gene Expression,A_mel_mkref_out,False,4612
LOC726713,LOC726713,Gene Expression,A_mel_mkref_out,False,12847
LOC107964911,LOC107964911,Gene Expression,A_mel_mkref_out,False,3323
LOC409843,LOC409843,Gene Expression,A_mel_mkref_out,False,3479
LOC409150,LOC409150,Gene Expression,A_mel_mkref_out,False,24515
LOC551261,LOC551261,Gene Expression,A_mel_mkref_out,False,86286
Ecr,GeneID_406084,Gene Expression,A_mel_mkref_out,False,83180
LOC102656530,LOC102656530,Gene Expression,A_mel_mkref_out,False,286
LOC409991,LOC409991,Gene Expression,A_mel_mkref_out,False,13710
LOC113218928,LOC113218928,Gene Expression,A_mel_mkref_out,False,3081
LOC409992,LOC409992,Gene Expression,A_mel_mkref_out,False,13638
LOC100576478,LOC100576478,Gene Expression,A_mel_mkref_out,False,29683
LOC725901,LOC725901,Gene Expression,A_mel_mkref_out,False,60534
PRF,GeneID_406154,Gene Expression,A_mel_mkref_out,False,31750
LOC413627,LOC413627,Gene Expression,A_mel_mkref_out,False,16472
LOC725633,LOC725633,Gene Expression,A_mel_mkref_out,False,10795
Amih,GeneID_406072,Gene Expression,A_mel_mkref_out,False,77057
LOC409565,LOC409565,Gene Expression,A_mel_mkref_out,False,74739
LOC100576401,LOC100576401,Gene Expression,A_mel_mkref_out,False,2718
LOC551860,LOC551860,Gene Expression,A_mel_mkref_out,False,7601
LOC113218927,LOC113218927,Gene Expression,A_mel_mkref_out,False,24706
LOC102655603,LOC102655603,Gene Expression,A_mel_mkref_out,False,14888
LOC725057,LOC725057,Gene Expression,A_mel_mkref_out,False,19900
LOC411629,LOC411629,Gene Expression,A_mel_mkref_out,False,56394
LOC727647,LOC727647,Gene Expression,A_mel_mkref_out,False,41695
LOC551663,LOC551663,Gene Expression,A_mel_mkref_out,False,79009
LOC107964903,LOC107964903,Gene Expression,A_mel_mkref_out,False,6630
LOC725844,LOC725844,Gene Expression,A_mel_mkref_out,False,14328
LOC107964792,LOC107964792,Gene Expression,A_mel_mkref_out,False,4858
LOC413106,LOC413106,Gene Expression,A_mel_mkref_out,False,115
LOC100576471,LOC100576471,Gene Expression,A_mel_mkref_out,False,30894
LOC408960,LOC408960,Gene Expression,A_mel_mkref_out,False,64756
LOC100578572,LOC100578572,Gene Expression,A_mel_mkref_out,False,282
LOC412254,LOC412254,Gene Expression,A_mel_mkref_out,False,72071
LOC100577033,LOC100577033,Gene Expression,A_mel_mkref_out,False,11203
LOC409341,LOC409341,Gene Expression,A_mel_mkref_out,False,29925
LOC413625,LOC413625,Gene Expression,A_mel_mkref_out,False,25905
LOC100577722,LOC100577722,Gene Expression,A_mel_mkref_out,False,10229
LOC552560,LOC552560,Gene Expression,A_mel_mkref_out,False,31406
LOC551954,LOC551954,Gene Expression,A_mel_mkref_out,False,8468
LOC409370,LOC409370,Gene Expression,A_mel_mkref_out,False,24382
LOC100578363,LOC100578363,Gene Expression,A_mel_mkref_out,False,8413
LOC113218569,LOC113218569,Gene Expression,A_mel_mkref_out,False,3554
LOC725439,LOC725439,Gene Expression,A_mel_mkref_out,False,1902
LOC107964805,LOC107964805,Gene Expression,A_mel_mkref_out,False,23220
LOC551780,LOC551780,Gene Expression,A_mel_mkref_out,False,36168
LOC102656147,LOC102656147,Gene Expression,A_mel_mkref_out,False,350
LOC724533,LOC724533,Gene Expression,A_mel_mkref_out,False,20712
Hex70c,GeneID_409354,Gene Expression,A_mel_mkref_out,False,35
LOC107964817,LOC107964817,Gene Expression,A_mel_mkref_out,False,11761
LOC411771,LOC411771,Gene Expression,A_mel_mkref_out,False,1543
LOC100576645,LOC100576645,Gene Expression,A_mel_mkref_out,False,7704
LOC726315,LOC726315,Gene Expression,A_mel_mkref_out,False,1580
LOC102656151,LOC102656151,Gene Expression,A_mel_mkref_out,False,466
LOC412950,LOC412950,Gene Expression,A_mel_mkref_out,False,40235
LOC102656369,LOC102656369,Gene Expression,A_mel_mkref_out,False,15136
LOC100576968,LOC100576968,Gene Expression,A_mel_mkref_out,False,28316
LOC413724,LOC413724,Gene Expression,A_mel_mkref_out,False,22086
LOC413438,LOC413438,Gene Expression,A_mel_mkref_out,False,28443
LOC100577408,LOC100577408,Gene Expression,A_mel_mkref_out,False,16326
LOC411597,LOC411597,Gene Expression,A_mel_mkref_out,False,10090
LOC412200,LOC412200,Gene Expression,A_mel_mkref_out,False,23113
LOC409403,LOC409403,Gene Expression,A_mel_mkref_out,False,23069
LOC412439,LOC412439,Gene Expression,A_mel_mkref_out,False,23485
LOC100578157,LOC100578157,Gene Expression,A_mel_mkref_out,False,3818
LOC100577135,LOC100577135,Gene Expression,A_mel_mkref_out,False,316
LOC413029,LOC413029,Gene Expression,A_mel_mkref_out,False,43487
LOC551182,LOC551182,Gene Expression,A_mel_mkref_out,False,26020
LOC724443,LOC724443,Gene Expression,A_mel_mkref_out,False,8978
LOC412835,LOC412835,Gene Expression,A_mel_mkref_out,False,36515
LOC412377,LOC412377,Gene Expression,A_mel_mkref_out,False,23277
LOC102656187,LOC102656187,Gene Expression,A_mel_mkref_out,False,109
LOC408957,LOC408957,Gene Expression,A_mel_mkref_out,False,73582
LOC413215,LOC413215,Gene Expression,A_mel_mkref_out,False,16928
LOC413103,LOC413103,Gene Expression,A_mel_mkref_out,False,32381
LOC725020,LOC725020,Gene Expression,A_mel_mkref_out,False,3448
LOC409994,LOC409994,Gene Expression,A_mel_mkref_out,False,20206
LOC724570,LOC724570,Gene Expression,A_mel_mkref_out,False,2204
LOC724708,LOC724708,Gene Expression,A_mel_mkref_out,False,16248
LOC413620,LOC413620,Gene Expression,A_mel_mkref_out,False,18823
Apime-ASTA,GeneID_724880,Gene Expression,A_mel_mkref_out,False,2201
LOC409616,LOC409616,Gene Expression,A_mel_mkref_out,False,46545
LOC411276,LOC411276,Gene Expression,A_mel_mkref_out,False,44909
LOC725764,LOC725764,Gene Expression,A_mel_mkref_out,False,9381
LOC100578113,LOC100578113,Gene Expression,A_mel_mkref_out,False,12171
LOC726513,LOC726513,Gene Expression,A_mel_mkref_out,False,108
LOC724320,LOC724320,Gene Expression,A_mel_mkref_out,False,7986
LOC551422,LOC551422,Gene Expression,A_mel_mkref_out,False,38616
LOC552685,LOC552685,Gene Expression,A_mel_mkref_out,False,26
LOC551717,LOC551717,Gene Expression,A_mel_mkref_out,False,3760
LOC107964902,LOC107964902,Gene Expression,A_mel_mkref_out,False,25
LOC551514,LOC551514,Gene Expression,A_mel_mkref_out,False,183
LOC724393,LOC724393,Gene Expression,A_mel_mkref_out,False,658
LOC552550,LOC552550,Gene Expression,A_mel_mkref_out,False,36415
LOC411732,LOC411732,Gene Expression,A_mel_mkref_out,False,7567
LOC107964896,LOC107964896,Gene Expression,A_mel_mkref_out,False,171
LOC412444,LOC412444,Gene Expression,A_mel_mkref_out,False,592
LOC724934,LOC724934,Gene Expression,A_mel_mkref_out,False,614
LOC102655699,LOC102655699,Gene Expression,A_mel_mkref_out,False,22409
LOC113218938,LOC113218938,Gene Expression,A_mel_mkref_out,False,163
LOC412827,LOC412827,Gene Expression,A_mel_mkref_out,False,15972
LOC551545,LOC551545,Gene Expression,A_mel_mkref_out,False,5202
LOC725571,LOC725571,Gene Expression,A_mel_mkref_out,False,19792
LOC551571,LOC551571,Gene Expression,A_mel_mkref_out,False,533
LOC113218948,LOC113218948,Gene Expression,A_mel_mkref_out,False,520
LOC100578025,LOC100578025,Gene Expression,A_mel_mkref_out,False,75
LOC413844,LOC413844,Gene Expression,A_mel_mkref_out,False,108
LOC100576982,LOC100576982,Gene Expression,A_mel_mkref_out,False,209
LOC409157,LOC409157,Gene Expression,A_mel_mkref_out,False,15680
LOC726504,LOC726504,Gene Expression,A_mel_mkref_out,False,20335
LOC552552,LOC552552,Gene Expression,A_mel_mkref_out,False,37536
LOC113218568,LOC113218568,Gene Expression,A_mel_mkref_out,False,13747
LOC100577488,LOC100577488,Gene Expression,A_mel_mkref_out,False,1761
LOC411279,LOC411279,Gene Expression,A_mel_mkref_out,False,8685
LOC102656154,LOC102656154,Gene Expression,A_mel_mkref_out,False,875
LOC100576515,LOC100576515,Gene Expression,A_mel_mkref_out,False,34583
LOC552503,LOC552503,Gene Expression,A_mel_mkref_out,False,8604
LOC412650,LOC412650,Gene Expression,A_mel_mkref_out,False,11949
LOC726625,LOC726625,Gene Expression,A_mel_mkref_out,False,3007
LOC727649,LOC727649,Gene Expression,A_mel_mkref_out,False,12576
LOC411270,LOC411270,Gene Expression,A_mel_mkref_out,False,11837
LOC726586,LOC726586,Gene Expression,A_mel_mkref_out,False,17866
LOC725765,LOC725765,Gene Expression,A_mel_mkref_out,False,10594
LOC724613,LOC724613,Gene Expression,A_mel_mkref_out,False,41657
LOC409303,LOC409303,Gene Expression,A_mel_mkref_out,False,18990
LOC411280,LOC411280,Gene Expression,A_mel_mkref_out,False,9596
LOC100578705,LOC100578705,Gene Expression,A_mel_mkref_out,False,83479
LOC100577982,LOC100577982,Gene Expression,A_mel_mkref_out,False,24219
LOC100577575,LOC100577575,Gene Expression,A_mel_mkref_out,False,11687
LOC724439,LOC724439,Gene Expression,A_mel_mkref_out,False,24671
LOC412161,LOC412161,Gene Expression,A_mel_mkref_out,False,62772
LOC102656668,LOC102656668,Gene Expression,A_mel_mkref_out,False,6888
LOC724935,LOC724935,Gene Expression,A_mel_mkref_out,False,29254
LOC725900,LOC725900,Gene Expression,A_mel_mkref_out,False,129
LOC412959,LOC412959,Gene Expression,A_mel_mkref_out,False,23656
LOC411915,LOC411915,Gene Expression,A_mel_mkref_out,False,17876
LOC107964868,LOC107964868,Gene Expression,A_mel_mkref_out,False,554
LOC724519,LOC724519,Gene Expression,A_mel_mkref_out,False,13743
LOC552055,LOC552055,Gene Expression,A_mel_mkref_out,False,30040
LOC409240,LOC409240,Gene Expression,A_mel_mkref_out,False,21991
LOC409692,LOC409692,Gene Expression,A_mel_mkref_out,False,37442
LOC100577071,LOC100577071,Gene Expression,A_mel_mkref_out,False,49
LOC413293,LOC413293,Gene Expression,A_mel_mkref_out,False,19603
LOC102656373,LOC102656373,Gene Expression,A_mel_mkref_out,False,205
LOC100576912,LOC100576912,Gene Expression,A_mel_mkref_out,False,5731
LOC100576916,LOC100576916,Gene Expression,A_mel_mkref_out,False,102
LOC551863,LOC551863,Gene Expression,A_mel_mkref_out,False,362
LOC100578559,LOC100578559,Gene Expression,A_mel_mkref_out,False,13030
LOC102655462,LOC102655462,Gene Expression,A_mel_mkref_out,False,49023
LOC107964885,LOC107964885,Gene Expression,A_mel_mkref_out,False,591
LOC551131,LOC551131,Gene Expression,A_mel_mkref_out,False,11161
LOC413568,LOC413568,Gene Expression,A_mel_mkref_out,False,19646
LOC100577280,LOC100577280,Gene Expression,A_mel_mkref_out,False,72062
LOC100577110,LOC100577110,Gene Expression,A_mel_mkref_out,False,275
LOC411651,LOC411651,Gene Expression,A_mel_mkref_out,False,654
LOC411261,LOC411261,Gene Expression,A_mel_mkref_out,False,4027
RpL35,GeneID_724191,Gene Expression,A_mel_mkref_out,False,32242
LOC413676,LOC413676,Gene Expression,A_mel_mkref_out,False,13539
LOC413814,LOC413814,Gene Expression,A_mel_mkref_out,False,23053
LOC726165,LOC726165,Gene Expression,A_mel_mkref_out,False,321
LOC113218920,LOC113218920,Gene Expression,A_mel_mkref_out,False,8922
LOC726832,LOC726832,Gene Expression,A_mel_mkref_out,False,12042
LOC100577080,LOC100577080,Gene Expression,A_mel_mkref_out,False,731
LOC726027,LOC726027,Gene Expression,A_mel_mkref_out,False,8669
LOC113218951,LOC113218951,Gene Expression,A_mel_mkref_out,False,70
LOC551263,LOC551263,Gene Expression,A_mel_mkref_out,False,6054
LOC410004,LOC410004,Gene Expression,A_mel_mkref_out,False,18381
LOC100576319,LOC100576319,Gene Expression,A_mel_mkref_out,False,286
LOC107964799,LOC107964799,Gene Expression,A_mel_mkref_out,False,215
LOC411820,LOC411820,Gene Expression,A_mel_mkref_out,False,36585
LOC102655784,LOC102655784,Gene Expression,A_mel_mkref_out,False,210
LOC102653693,LOC102653693,Gene Expression,A_mel_mkref_out,False,46
LOC551694,LOC551694,Gene Expression,A_mel_mkref_out,False,12262
LOC551090,LOC551090,Gene Expression,A_mel_mkref_out,False,10147
LOC100577724,LOC100577724,Gene Expression,A_mel_mkref_out,False,1859
LOC725573,LOC725573,Gene Expression,A_mel_mkref_out,False,596
LOC100577028,LOC100577028,Gene Expression,A_mel_mkref_out,False,6781
LOC551781,LOC551781,Gene Expression,A_mel_mkref_out,False,15737
LOC102654944,LOC102654944,Gene Expression,A_mel_mkref_out,False,51
LOC552516,LOC552516,Gene Expression,A_mel_mkref_out,False,10537
Hex70a,GeneID_726848,Gene Expression,A_mel_mkref_out,False,402
LOC102655302,LOC102655302,Gene Expression,A_mel_mkref_out,False,210
LOC552290,LOC552290,Gene Expression,A_mel_mkref_out,False,15347
LOC413664,LOC413664,Gene Expression,A_mel_mkref_out,False,49181
LOC100576831,LOC100576831,Gene Expression,A_mel_mkref_out,False,1384
LOC409633,LOC409633,Gene Expression,A_mel_mkref_out,False,26033
LOC725334,LOC725334,Gene Expression,A_mel_mkref_out,False,5748
LOC102655591,LOC102655591,Gene Expression,A_mel_mkref_out,False,724
LOC409631,LOC409631,Gene Expression,A_mel_mkref_out,False,114
LOC724931,LOC724931,Gene Expression,A_mel_mkref_out,False,11141
LOC411269,LOC411269,Gene Expression,A_mel_mkref_out,False,11751
LOC100577931,LOC100577931,Gene Expression,A_mel_mkref_out,False,15621
LOC113218963,LOC113218963,Gene Expression,A_mel_mkref_out,False,410
LOC409064,LOC409064,Gene Expression,A_mel_mkref_out,False,16702
LOC726411,LOC726411,Gene Expression,A_mel_mkref_out,False,821
LOC413679,LOC413679,Gene Expression,A_mel_mkref_out,False,377
LOC726778,LOC726778,Gene Expression,A_mel_mkref_out,False,26933
LOC726725,LOC726725,Gene Expression,A_mel_mkref_out,False,709
LOC412838,LOC412838,Gene Expression,A_mel_mkref_out,False,53466
LOC413006,LOC413006,Gene Expression,A_mel_mkref_out,False,26507
LOC113218922,LOC113218922,Gene Expression,A_mel_mkref_out,False,17086
CPR6,GeneID_100577189,Gene Expression,A_mel_mkref_out,False,924
LOC726000,LOC726000,Gene Expression,A_mel_mkref_out,False,23495
LOC552794,LOC552794,Gene Expression,A_mel_mkref_out,False,15950
LOC413619,LOC413619,Gene Expression,A_mel_mkref_out,False,5399
LOC102654281,LOC102654281,Gene Expression,A_mel_mkref_out,False,13054
LOC411731,LOC411731,Gene Expression,A_mel_mkref_out,False,26144
LOC107964797,LOC107964797,Gene Expression,A_mel_mkref_out,False,187
LOC408971,LOC408971,Gene Expression,A_mel_mkref_out,False,66278
LOC551807,LOC551807,Gene Expression,A_mel_mkref_out,False,40739
LOC102655682,LOC102655682,Gene Expression,A_mel_mkref_out,False,219
LOC551983,LOC551983,Gene Expression,A_mel_mkref_out,False,10484
LOC100576382,LOC100576382,Gene Expression,A_mel_mkref_out,False,137
LOC413460,LOC413460,Gene Expression,A_mel_mkref_out,False,37804
LOC107964835,LOC107964835,Gene Expression,A_mel_mkref_out,False,8475
LOC100577746,LOC100577746,Gene Expression,A_mel_mkref_out,False,27801
LOC102655138,LOC102655138,Gene Expression,A_mel_mkref_out,False,1116
LOC411273,LOC411273,Gene Expression,A_mel_mkref_out,False,7312
LOC409264,LOC409264,Gene Expression,A_mel_mkref_out,False,12574
LOC102656579,LOC102656579,Gene Expression,A_mel_mkref_out,False,3381
LOC410106,LOC410106,Gene Expression,A_mel_mkref_out,False,11458
LOC551751,LOC551751,Gene Expression,A_mel_mkref_out,False,12110
LOC409628,LOC409628,Gene Expression,A_mel_mkref_out,False,5196
LOC107964882,LOC107964882,Gene Expression,A_mel_mkref_out,False,5689
LOC726952,LOC726952,Gene Expression,A_mel_mkref_out,False,13262
LOC726829,LOC726829,Gene Expression,A_mel_mkref_out,False,58962
LOC102655689,LOC102655689,Gene Expression,A_mel_mkref_out,False,8695
LOC552034,LOC552034,Gene Expression,A_mel_mkref_out,False,13237
LOC411285,LOC411285,Gene Expression,A_mel_mkref_out,False,402
LOC113218946,LOC113218946,Gene Expression,A_mel_mkref_out,False,10717
LOC113218957,LOC113218957,Gene Expression,A_mel_mkref_out,False,10770
LOC726908,LOC726908,Gene Expression,A_mel_mkref_out,False,68634
LOC100577288,LOC100577288,Gene Expression,A_mel_mkref_out,False,14527
LOC409722,LOC409722,Gene Expression,A_mel_mkref_out,False,18920
LOC102654154,LOC102654154,Gene Expression,A_mel_mkref_out,False,170
LOC552180,LOC552180,Gene Expression,A_mel_mkref_out,False,20882
LOC102655052,LOC102655052,Gene Expression,A_mel_mkref_out,False,8367
LOC551833,LOC551833,Gene Expression,A_mel_mkref_out,False,16408
LOC412150,LOC412150,Gene Expression,A_mel_mkref_out,False,31562
LOC411392,LOC411392,Gene Expression,A_mel_mkref_out,False,31782
LOC107964909,LOC107964909,Gene Expression,A_mel_mkref_out,False,233
LOC552596,LOC552596,Gene Expression,A_mel_mkref_out,False,11865
LOC725910,LOC725910,Gene Expression,A_mel_mkref_out,False,34556
LOC411974,LOC411974,Gene Expression,A_mel_mkref_out,False,6377
LOC100578949,LOC100578949,Gene Expression,A_mel_mkref_out,False,166
LOC410037,LOC410037,Gene Expression,A_mel_mkref_out,False,55390
LOC409250,LOC409250,Gene Expression,A_mel_mkref_out,False,5959
LOC726822,LOC726822,Gene Expression,A_mel_mkref_out,False,14598
LOC102653930,LOC102653930,Gene Expression,A_mel_mkref_out,False,6277
LOC410101,LOC410101,Gene Expression,A_mel_mkref_out,False,59484
LOC411856,LOC411856,Gene Expression,A_mel_mkref_out,False,5849
LOC414009,LOC414009,Gene Expression,A_mel_mkref_out,False,6964
LOC107964861,LOC107964861,Gene Expression,A_mel_mkref_out,False,6166
LOC413976,LOC413976,Gene Expression,A_mel_mkref_out,False,12915
LOC411249,LOC411249,Gene Expression,A_mel_mkref_out,False,28232
LOC102656645,LOC102656645,Gene Expression,A_mel_mkref_out,False,1863
LOC100576781,LOC100576781,Gene Expression,A_mel_mkref_out,False,13055
LOC100578841,LOC100578841,Gene Expression,A_mel_mkref_out,False,6175
LOC100578811,LOC100578811,Gene Expression,A_mel_mkref_out,False,7917
LOC100576387,LOC100576387,Gene Expression,A_mel_mkref_out,False,227
LOC410227,LOC410227,Gene Expression,A_mel_mkref_out,False,615
LOC100577573,LOC100577573,Gene Expression,A_mel_mkref_out,False,1208
LOC113219034,LOC113219034,Gene Expression,A_mel_mkref_out,False,1602
Obp11,GeneID_677676,Gene Expression,A_mel_mkref_out,False,1743
LOC100577839,LOC100577839,Gene Expression,A_mel_mkref_out,False,190
LOC107965094,LOC107965094,Gene Expression,A_mel_mkref_out,False,67
LOC725653,LOC725653,Gene Expression,A_mel_mkref_out,False,17317
LOC100577603,LOC100577603,Gene Expression,A_mel_mkref_out,False,8634
LOC725880,LOC725880,Gene Expression,A_mel_mkref_out,False,12976
LOC100577423,LOC100577423,Gene Expression,A_mel_mkref_out,False,20421
LOC551495,LOC551495,Gene Expression,A_mel_mkref_out,False,5735
LOC102655127,LOC102655127,Gene Expression,A_mel_mkref_out,False,24242
LOC113219040,LOC113219040,Gene Expression,A_mel_mkref_out,False,4303
LOC725108,LOC725108,Gene Expression,A_mel_mkref_out,False,700
LOC102656594,LOC102656594,Gene Expression,A_mel_mkref_out,False,7134
LOC552069,LOC552069,Gene Expression,A_mel_mkref_out,False,507
LOC413925,LOC413925,Gene Expression,A_mel_mkref_out,False,7004
LOC552169,LOC552169,Gene Expression,A_mel_mkref_out,False,2825
LOC726244,LOC726244,Gene Expression,A_mel_mkref_out,False,8753
LOC412937,LOC412937,Gene Expression,A_mel_mkref_out,False,26032
LOC726592,LOC726592,Gene Expression,A_mel_mkref_out,False,709
LOC102654741,LOC102654741,Gene Expression,A_mel_mkref_out,False,169
LOC724626,LOC724626,Gene Expression,A_mel_mkref_out,False,9520
LOC100577759,LOC100577759,Gene Expression,A_mel_mkref_out,False,22366
LOC412602,LOC412602,Gene Expression,A_mel_mkref_out,False,31420
LOC411711,LOC411711,Gene Expression,A_mel_mkref_out,False,13865
LOC724995,LOC724995,Gene Expression,A_mel_mkref_out,False,604
LOC100576247,LOC100576247,Gene Expression,A_mel_mkref_out,False,71048
LOC100577211,LOC100577211,Gene Expression,A_mel_mkref_out,False,71
LOC412198,LOC412198,Gene Expression,A_mel_mkref_out,False,29238
LOC551353,LOC551353,Gene Expression,A_mel_mkref_out,False,9190
LOC102655329,LOC102655329,Gene Expression,A_mel_mkref_out,False,90179
LOC412710,LOC412710,Gene Expression,A_mel_mkref_out,False,16091
LOC551143,LOC551143,Gene Expression,A_mel_mkref_out,False,36464
LOC410237,LOC410237,Gene Expression,A_mel_mkref_out,False,2248
LOC409361,LOC409361,Gene Expression,A_mel_mkref_out,False,1110
LOC412035,LOC412035,Gene Expression,A_mel_mkref_out,False,16543
LOC409532,LOC409532,Gene Expression,A_mel_mkref_out,False,21673
LOC113219051,LOC113219051,Gene Expression,A_mel_mkref_out,False,1092
LOC410177,LOC410177,Gene Expression,A_mel_mkref_out,False,26463
LOC102656560,LOC102656560,Gene Expression,A_mel_mkref_out,False,45
LOC100578783,LOC100578783,Gene Expression,A_mel_mkref_out,False,6726
LOC413749,LOC413749,Gene Expression,A_mel_mkref_out,False,909
LOC100578466,LOC100578466,Gene Expression,A_mel_mkref_out,False,18859
LOC102654050,LOC102654050,Gene Expression,A_mel_mkref_out,False,1446
LOC410198,LOC410198,Gene Expression,A_mel_mkref_out,False,23938
LOC102655419,LOC102655419,Gene Expression,A_mel_mkref_out,False,442
LOC100576963,LOC100576963,Gene Expression,A_mel_mkref_out,False,12672
LOC725749,LOC725749,Gene Expression,A_mel_mkref_out,False,18417
LOC413924,LOC413924,Gene Expression,A_mel_mkref_out,False,2722
LOC550685,LOC550685,Gene Expression,A_mel_mkref_out,False,42339
LOC409649,LOC409649,Gene Expression,A_mel_mkref_out,False,1000
LOC113219044,LOC113219044,Gene Expression,A_mel_mkref_out,False,233
LOC409847,LOC409847,Gene Expression,A_mel_mkref_out,False,51263
LOC102655924,LOC102655924,Gene Expression,A_mel_mkref_out,False,203
LOC726427,LOC726427,Gene Expression,A_mel_mkref_out,False,6475
LOC552097,LOC552097,Gene Expression,A_mel_mkref_out,False,14397
LOC724542,LOC724542,Gene Expression,A_mel_mkref_out,False,7905
LOC413544,LOC413544,Gene Expression,A_mel_mkref_out,False,17076
LOC412355,LOC412355,Gene Expression,A_mel_mkref_out,False,45560
LOC100576270,LOC100576270,Gene Expression,A_mel_mkref_out,False,2451
LOC409056,LOC409056,Gene Expression,A_mel_mkref_out,False,21176
LOC100576462,LOC100576462,Gene Expression,A_mel_mkref_out,False,738
LOC724486,LOC724486,Gene Expression,A_mel_mkref_out,False,9913
LOC725049,LOC725049,Gene Expression,A_mel_mkref_out,False,15752
LOC411417,LOC411417,Gene Expression,A_mel_mkref_out,False,29806
LOC100577772,LOC100577772,Gene Expression,A_mel_mkref_out,False,7202
LOC102656315,LOC102656315,Gene Expression,A_mel_mkref_out,False,169
LOC100577607,LOC100577607,Gene Expression,A_mel_mkref_out,False,1137
LOC414025,LOC414025,Gene Expression,A_mel_mkref_out,False,22782
LOC102656337,LOC102656337,Gene Expression,A_mel_mkref_out,False,7165
LOC725461,LOC725461,Gene Expression,A_mel_mkref_out,False,3288
LOC409191,LOC409191,Gene Expression,A_mel_mkref_out,False,18711
LOC412638,LOC412638,Gene Expression,A_mel_mkref_out,False,16652
LOC552728,LOC552728,Gene Expression,A_mel_mkref_out,False,3492
LOC411806,LOC411806,Gene Expression,A_mel_mkref_out,False,43120
LOC551610,LOC551610,Gene Expression,A_mel_mkref_out,False,14618
LOC100576750,LOC100576750,Gene Expression,A_mel_mkref_out,False,180
LOC412101,LOC412101,Gene Expression,A_mel_mkref_out,False,9366
LOC102653988,LOC102653988,Gene Expression,A_mel_mkref_out,False,35
LOC409460,LOC409460,Gene Expression,A_mel_mkref_out,False,21912
LOC113219039,LOC113219039,Gene Expression,A_mel_mkref_out,False,697
LOC100578731,LOC100578731,Gene Expression,A_mel_mkref_out,False,557
LOC727048,LOC727048,Gene Expression,A_mel_mkref_out,False,10526
LOC100577138,LOC100577138,Gene Expression,A_mel_mkref_out,False,24613
LOC102655241,LOC102655241,Gene Expression,A_mel_mkref_out,False,915
LOC100577981,LOC100577981,Gene Expression,A_mel_mkref_out,False,108
LOC550791,LOC550791,Gene Expression,A_mel_mkref_out,False,5723
LOC412093,LOC412093,Gene Expression,A_mel_mkref_out,False,67000
LOC412055,LOC412055,Gene Expression,A_mel_mkref_out,False,42589
LOC100578965,LOC100578965,Gene Expression,A_mel_mkref_out,False,28863
LOC724141,LOC724141,Gene Expression,A_mel_mkref_out,False,33865
DHRS4,GeneID_412304,Gene Expression,A_mel_mkref_out,False,7132
LOC100578769,LOC100578769,Gene Expression,A_mel_mkref_out,False,23278
LOC408303,LOC408303,Gene Expression,A_mel_mkref_out,False,45983
LOC413242,LOC413242,Gene Expression,A_mel_mkref_out,False,81552
LOC725538,LOC725538,Gene Expression,A_mel_mkref_out,False,10989
LOC551666,LOC551666,Gene Expression,A_mel_mkref_out,False,40928
LOC107965038,LOC107965038,Gene Expression,A_mel_mkref_out,False,556
LOC113219056,LOC113219056,Gene Expression,A_mel_mkref_out,False,288
LOC107965117,LOC107965117,Gene Expression,A_mel_mkref_out,False,7456
LOC100577877,LOC100577877,Gene Expression,A_mel_mkref_out,False,16046
LOC100576134,LOC100576134,Gene Expression,A_mel_mkref_out,False,25794
LOC550726,LOC550726,Gene Expression,A_mel_mkref_out,False,35335
LOC552225,LOC552225,Gene Expression,A_mel_mkref_out,False,31379
LOC100578824,LOC100578824,Gene Expression,A_mel_mkref_out,False,1395
LOC408288,LOC408288,Gene Expression,A_mel_mkref_out,False,5707
LOC552458,LOC552458,Gene Expression,A_mel_mkref_out,False,13110
LOC100576099,LOC100576099,Gene Expression,A_mel_mkref_out,False,2096
LOC413683,LOC413683,Gene Expression,A_mel_mkref_out,False,56417
LOC410183,LOC410183,Gene Expression,A_mel_mkref_out,False,37357
LOC410191,LOC410191,Gene Expression,A_mel_mkref_out,False,16394
LOC724333,LOC724333,Gene Expression,A_mel_mkref_out,False,56499
LOC552688,LOC552688,Gene Expression,A_mel_mkref_out,False,18328
LOC409170,LOC409170,Gene Expression,A_mel_mkref_out,False,14984
LOC551901,LOC551901,Gene Expression,A_mel_mkref_out,False,18970
LOC409548,LOC409548,Gene Expression,A_mel_mkref_out,False,28235
LOC551421,LOC551421,Gene Expression,A_mel_mkref_out,False,10529
LOC100577758,LOC100577758,Gene Expression,A_mel_mkref_out,False,462
LOC102653912,LOC102653912,Gene Expression,A_mel_mkref_out,False,5875
LOC408282,LOC408282,Gene Expression,A_mel_mkref_out,False,28905
LOC102655465,LOC102655465,Gene Expression,A_mel_mkref_out,False,8964
LOC725193,LOC725193,Gene Expression,A_mel_mkref_out,False,18008
LOC552189,LOC552189,Gene Expression,A_mel_mkref_out,False,12337
LOC552618,LOC552618,Gene Expression,A_mel_mkref_out,False,35322
LOC102654940,LOC102654940,Gene Expression,A_mel_mkref_out,False,266
LOC726265,LOC726265,Gene Expression,A_mel_mkref_out,False,14397
LOC411854,LOC411854,Gene Expression,A_mel_mkref_out,False,60828
LOC113218572,LOC113218572,Gene Expression,A_mel_mkref_out,False,167
LOC551864,LOC551864,Gene Expression,A_mel_mkref_out,False,16263
LOC107963973,LOC107963973,Gene Expression,A_mel_mkref_out,False,19321
LOC725286,LOC725286,Gene Expression,A_mel_mkref_out,False,34938
LOC412174,LOC412174,Gene Expression,A_mel_mkref_out,False,6128
LOC726149,LOC726149,Gene Expression,A_mel_mkref_out,False,60
LOC725107,LOC725107,Gene Expression,A_mel_mkref_out,False,14135
Y-y,GeneID_408273,Gene Expression,A_mel_mkref_out,False,3754
LOC725191,LOC725191,Gene Expression,A_mel_mkref_out,False,577
LOC725240,LOC725240,Gene Expression,A_mel_mkref_out,False,7404
LOC551414,LOC551414,Gene Expression,A_mel_mkref_out,False,21517
LOC725611,LOC725611,Gene Expression,A_mel_mkref_out,False,19303
LOC100577844,LOC100577844,Gene Expression,A_mel_mkref_out,False,22370
LOC107965055,LOC107965055,Gene Expression,A_mel_mkref_out,False,1285
LOC552522,LOC552522,Gene Expression,A_mel_mkref_out,False,11139
LOC725685,LOC725685,Gene Expression,A_mel_mkref_out,False,27931
LOC724119,LOC724119,Gene Expression,A_mel_mkref_out,False,19465
LOC412508,LOC412508,Gene Expression,A_mel_mkref_out,False,55145
LOC414048,LOC414048,Gene Expression,A_mel_mkref_out,False,27430
LOC412916,LOC412916,Gene Expression,A_mel_mkref_out,False,22347
LOC724909,LOC724909,Gene Expression,A_mel_mkref_out,False,31070
LOC107965022,LOC107965022,Gene Expression,A_mel_mkref_out,False,11821
LOC409472,LOC409472,Gene Expression,A_mel_mkref_out,False,35916
LOC107965048,LOC107965048,Gene Expression,A_mel_mkref_out,False,1134
LOC725577,LOC725577,Gene Expression,A_mel_mkref_out,False,6329
LOC410172,LOC410172,Gene Expression,A_mel_mkref_out,False,26803
LOC107965045,LOC107965045,Gene Expression,A_mel_mkref_out,False,12324
LOC551435,LOC551435,Gene Expression,A_mel_mkref_out,False,48578
LOC100577672,LOC100577672,Gene Expression,A_mel_mkref_out,False,14179
LOC408293,LOC408293,Gene Expression,A_mel_mkref_out,False,29333
LOC551361,LOC551361,Gene Expression,A_mel_mkref_out,False,52145
5-HT2beta,GeneID_552518,Gene Expression,A_mel_mkref_out,False,20525
LOC725886,LOC725886,Gene Expression,A_mel_mkref_out,False,13704
LOC410208,LOC410208,Gene Expression,A_mel_mkref_out,False,23402
LOC727078,LOC727078,Gene Expression,A_mel_mkref_out,False,13791
LOC113219060,LOC113219060,Gene Expression,A_mel_mkref_out,False,56487
LOC551153,LOC551153,Gene Expression,A_mel_mkref_out,False,16821
LOC552253,LOC552253,Gene Expression,A_mel_mkref_out,False,15141
LOC408267,LOC408267,Gene Expression,A_mel_mkref_out,False,82745
LOC102656571,LOC102656571,Gene Expression,A_mel_mkref_out,False,752
LOC102656656,LOC102656656,Gene Expression,A_mel_mkref_out,False,974
LOC413989,LOC413989,Gene Expression,A_mel_mkref_out,False,21646
LOC406144,LOC406144,Gene Expression,A_mel_mkref_out,False,231
LOC409486,LOC409486,Gene Expression,A_mel_mkref_out,False,71678
LOC727455,LOC727455,Gene Expression,A_mel_mkref_out,False,57805
LOC411612,LOC411612,Gene Expression,A_mel_mkref_out,False,14234
LOC412094,LOC412094,Gene Expression,A_mel_mkref_out,False,33010
LOC100576531,LOC100576531,Gene Expression,A_mel_mkref_out,False,7218
LOC102656116,LOC102656116,Gene Expression,A_mel_mkref_out,False,711
LOC102654242,LOC102654242,Gene Expression,A_mel_mkref_out,False,177
LOC725854,LOC725854,Gene Expression,A_mel_mkref_out,False,18784
LOC725142,LOC725142,Gene Expression,A_mel_mkref_out,False,9717
LOC410236,LOC410236,Gene Expression,A_mel_mkref_out,False,2055
LOC113218521,LOC113218521,Gene Expression,A_mel_mkref_out,False,29793
LOC725539,LOC725539,Gene Expression,A_mel_mkref_out,False,2297
LOC410241,LOC410241,Gene Expression,A_mel_mkref_out,False,23847
LOC107965122,LOC107965122,Gene Expression,A_mel_mkref_out,False,517
LOC726121,LOC726121,Gene Expression,A_mel_mkref_out,False,5236
LOC725241,LOC725241,Gene Expression,A_mel_mkref_out,False,18701
LOC113219049,LOC113219049,Gene Expression,A_mel_mkref_out,False,1113
LOC409921,LOC409921,Gene Expression,A_mel_mkref_out,False,26976
LOC725224,LOC725224,Gene Expression,A_mel_mkref_out,False,20243
LOC102656145,LOC102656145,Gene Expression,A_mel_mkref_out,False,627
LOC409672,LOC409672,Gene Expression,A_mel_mkref_out,False,27466
LOC409849,LOC409849,Gene Expression,A_mel_mkref_out,False,57773
LOC102656189,LOC102656189,Gene Expression,A_mel_mkref_out,False,40
LOC102654570,LOC102654570,Gene Expression,A_mel_mkref_out,False,7979
LOC100577004,LOC100577004,Gene Expression,A_mel_mkref_out,False,63316
LOC550711,LOC550711,Gene Expression,A_mel_mkref_out,False,30137
Cry2,GeneID_410197,Gene Expression,A_mel_mkref_out,False,5847
LOC102655396,LOC102655396,Gene Expression,A_mel_mkref_out,False,774
LOC107965073,LOC107965073,Gene Expression,A_mel_mkref_out,False,7877
LOC412233,LOC412233,Gene Expression,A_mel_mkref_out,False,24253
LOC408272,LOC408272,Gene Expression,A_mel_mkref_out,False,14700
LOC724150,LOC724150,Gene Expression,A_mel_mkref_out,False,26156
LOC410231,LOC410231,Gene Expression,A_mel_mkref_out,False,89
LOC113219053,LOC113219053,Gene Expression,A_mel_mkref_out,False,2693
LOC100577343,LOC100577343,Gene Expression,A_mel_mkref_out,False,43528
LOC409723,LOC409723,Gene Expression,A_mel_mkref_out,False,25963
LOC726237,LOC726237,Gene Expression,A_mel_mkref_out,False,20370
LOC113219054,LOC113219054,Gene Expression,A_mel_mkref_out,False,11587
LOC100578455,LOC100578455,Gene Expression,A_mel_mkref_out,False,5913
LOC410245,LOC410245,Gene Expression,A_mel_mkref_out,False,5682
LOC410225,LOC410225,Gene Expression,A_mel_mkref_out,False,17586
LOC409668,LOC409668,Gene Expression,A_mel_mkref_out,False,12634
LOC408283,LOC408283,Gene Expression,A_mel_mkref_out,False,29281
LOC726453,LOC726453,Gene Expression,A_mel_mkref_out,False,7002
LOC102654892,LOC102654892,Gene Expression,A_mel_mkref_out,False,65
LOC100577165,LOC100577165,Gene Expression,A_mel_mkref_out,False,1864
LOC107963965,LOC107963965,Gene Expression,A_mel_mkref_out,False,5656
LOC113219050,LOC113219050,Gene Expression,A_mel_mkref_out,False,599
LOC724458,LOC724458,Gene Expression,A_mel_mkref_out,False,7581
LOC102654428,LOC102654428,Gene Expression,A_mel_mkref_out,False,60
LOC410238,LOC410238,Gene Expression,A_mel_mkref_out,False,13748
LOC409201,LOC409201,Gene Expression,A_mel_mkref_out,False,14711
LOC411707,LOC411707,Gene Expression,A_mel_mkref_out,False,12354
LOC551793,LOC551793,Gene Expression,A_mel_mkref_out,False,4107
LOC726268,LOC726268,Gene Expression,A_mel_mkref_out,False,6598
LOC725950,LOC725950,Gene Expression,A_mel_mkref_out,False,48997
LOC100576945,LOC100576945,Gene Expression,A_mel_mkref_out,False,18478
LOC100576772,LOC100576772,Gene Expression,A_mel_mkref_out,False,158
LOC408301,LOC408301,Gene Expression,A_mel_mkref_out,False,10321
LOC551588,LOC551588,Gene Expression,A_mel_mkref_out,False,10968
LOC410216,LOC410216,Gene Expression,A_mel_mkref_out,False,36735
LOC107965051,LOC107965051,Gene Expression,A_mel_mkref_out,False,470
LOC726262,LOC726262,Gene Expression,A_mel_mkref_out,False,41510
LOC725603,LOC725603,Gene Expression,A_mel_mkref_out,False,2679
LOC412475,LOC412475,Gene Expression,A_mel_mkref_out,False,496
LOC409920,LOC409920,Gene Expression,A_mel_mkref_out,False,23772
LOC411691,LOC411691,Gene Expression,A_mel_mkref_out,False,2779
LOC408306,LOC408306,Gene Expression,A_mel_mkref_out,False,55643
LOC412431,LOC412431,Gene Expression,A_mel_mkref_out,False,6355
LOC100577493,LOC100577493,Gene Expression,A_mel_mkref_out,False,15123
LOC102655156,LOC102655156,Gene Expression,A_mel_mkref_out,False,1381
LOC408286,LOC408286,Gene Expression,A_mel_mkref_out,False,48017
LOC551726,LOC551726,Gene Expression,A_mel_mkref_out,False,9541
LOC727269,LOC727269,Gene Expression,A_mel_mkref_out,False,40435
LOC100578780,LOC100578780,Gene Expression,A_mel_mkref_out,False,17731
LOC100576915,LOC100576915,Gene Expression,A_mel_mkref_out,False,25675
LOC412305,LOC412305,Gene Expression,A_mel_mkref_out,False,12237
LOC102655071,LOC102655071,Gene Expression,A_mel_mkref_out,False,495
LOC551497,LOC551497,Gene Expression,A_mel_mkref_out,False,23267
LOC100577980,LOC100577980,Gene Expression,A_mel_mkref_out,False,3525
LOC100579031,LOC100579031,Gene Expression,A_mel_mkref_out,False,2162
LOC409650,LOC409650,Gene Expression,A_mel_mkref_out,False,624
LOC727288,LOC727288,Gene Expression,A_mel_mkref_out,False,28132
LOC107965070,LOC107965070,Gene Expression,A_mel_mkref_out,False,68
LOC551840,LOC551840,Gene Expression,A_mel_mkref_out,False,20398
LOC413271,LOC413271,Gene Expression,A_mel_mkref_out,False,12732
LOC724498,LOC724498,Gene Expression,A_mel_mkref_out,False,836
LOC552353,LOC552353,Gene Expression,A_mel_mkref_out,False,14499
LOC100577788,LOC100577788,Gene Expression,A_mel_mkref_out,False,1684
LOC410211,LOC410211,Gene Expression,A_mel_mkref_out,False,12373
LOC102655420,LOC102655420,Gene Expression,A_mel_mkref_out,False,6970
LOC100576130,LOC100576130,Gene Expression,A_mel_mkref_out,False,3573
LOC724907,LOC724907,Gene Expression,A_mel_mkref_out,False,1066
LOC102656808,LOC102656808,Gene Expression,A_mel_mkref_out,False,567
LOC725983,LOC725983,Gene Expression,A_mel_mkref_out,False,36715
LOC410226,LOC410226,Gene Expression,A_mel_mkref_out,False,41229
LOC725192,LOC725192,Gene Expression,A_mel_mkref_out,False,1739
LOC113219032,LOC113219032,Gene Expression,A_mel_mkref_out,False,1447
LOC726199,LOC726199,Gene Expression,A_mel_mkref_out,False,33989
LOC100578866,LOC100578866,Gene Expression,A_mel_mkref_out,False,6245
LOC102655526,LOC102655526,Gene Expression,A_mel_mkref_out,False,21120
LOC725948,LOC725948,Gene Expression,A_mel_mkref_out,False,24911
LOC102655447,LOC102655447,Gene Expression,A_mel_mkref_out,False,80
LOC113219046,LOC113219046,Gene Expression,A_mel_mkref_out,False,7904
LOC410170,LOC410170,Gene Expression,A_mel_mkref_out,False,72565
LOC726540,LOC726540,Gene Expression,A_mel_mkref_out,False,29232
LOC408264,LOC408264,Gene Expression,A_mel_mkref_out,False,21040
LOC726668,LOC726668,Gene Expression,A_mel_mkref_out,False,12732
LOC100578852,LOC100578852,Gene Expression,A_mel_mkref_out,False,7897
LOC727298,LOC727298,Gene Expression,A_mel_mkref_out,False,14930
LOC410189,LOC410189,Gene Expression,A_mel_mkref_out,False,6094
LOC412914,LOC412914,Gene Expression,A_mel_mkref_out,False,48597
LOC725612,LOC725612,Gene Expression,A_mel_mkref_out,False,20438
LOC100577192,LOC100577192,Gene Expression,A_mel_mkref_out,False,3587
LOC107965032,LOC107965032,Gene Expression,A_mel_mkref_out,False,193
LOC113219057,LOC113219057,Gene Expression,A_mel_mkref_out,False,124
LOC100578068,LOC100578068,Gene Expression,A_mel_mkref_out,False,40107
LOC412863,LOC412863,Gene Expression,A_mel_mkref_out,False,70656
LOC410239,LOC410239,Gene Expression,A_mel_mkref_out,False,29009
LOC551706,LOC551706,Gene Expression,A_mel_mkref_out,False,11805
LOC724457,LOC724457,Gene Expression,A_mel_mkref_out,False,4811
LOC552360,LOC552360,Gene Expression,A_mel_mkref_out,False,12774
LOC726273,LOC726273,Gene Expression,A_mel_mkref_out,False,29081
LOC725613,LOC725613,Gene Expression,A_mel_mkref_out,False,55127
LOC726272,LOC726272,Gene Expression,A_mel_mkref_out,False,55240
LOC409671,LOC409671,Gene Expression,A_mel_mkref_out,False,19946
LOC724543,LOC724543,Gene Expression,A_mel_mkref_out,False,3121
LOC410023,LOC410023,Gene Expression,A_mel_mkref_out,False,34141
LOC724724,LOC724724,Gene Expression,A_mel_mkref_out,False,55576
LOC107965056,LOC107965056,Gene Expression,A_mel_mkref_out,False,451
LOC410155,LOC410155,Gene Expression,A_mel_mkref_out,False,44218
LOC551981,LOC551981,Gene Expression,A_mel_mkref_out,False,12173
LOC727505,LOC727505,Gene Expression,A_mel_mkref_out,False,3852
LOC412607,LOC412607,Gene Expression,A_mel_mkref_out,False,32869
LOC412310,LOC412310,Gene Expression,A_mel_mkref_out,False,1209
LOC727261,LOC727261,Gene Expression,A_mel_mkref_out,False,26696
LOC410233,LOC410233,Gene Expression,A_mel_mkref_out,False,20690
LOC100577308,LOC100577308,Gene Expression,A_mel_mkref_out,False,10293
LOC552501,LOC552501,Gene Expression,A_mel_mkref_out,False,22703
LOC413995,LOC413995,Gene Expression,A_mel_mkref_out,False,401
LOC552639,LOC552639,Gene Expression,A_mel_mkref_out,False,16303
LOC727023,LOC727023,Gene Expression,A_mel_mkref_out,False,11239
LOC726389,LOC726389,Gene Expression,A_mel_mkref_out,False,23856
LOC552276,LOC552276,Gene Expression,A_mel_mkref_out,False,15265
LOC412302,LOC412302,Gene Expression,A_mel_mkref_out,False,19032
LOC102654124,LOC102654124,Gene Expression,A_mel_mkref_out,False,46
LOC725949,LOC725949,Gene Expression,A_mel_mkref_out,False,37387
LOC102654286,LOC102654286,Gene Expression,A_mel_mkref_out,False,488
LOC724285,LOC724285,Gene Expression,A_mel_mkref_out,False,51886
LOC724152,LOC724152,Gene Expression,A_mel_mkref_out,False,16573
LOC552734,LOC552734,Gene Expression,A_mel_mkref_out,False,11085
LOC727285,LOC727285,Gene Expression,A_mel_mkref_out,False,48556
LOC410234,LOC410234,Gene Expression,A_mel_mkref_out,False,15360
LOC102655470,LOC102655470,Gene Expression,A_mel_mkref_out,False,2926
LOC113219041,LOC113219041,Gene Expression,A_mel_mkref_out,False,2955
LOC102655141,LOC102655141,Gene Expression,A_mel_mkref_out,False,24095
LOC102654070,LOC102654070,Gene Expression,A_mel_mkref_out,False,2336
LOC408304,LOC408304,Gene Expression,A_mel_mkref_out,False,69888
LOC107965086,LOC107965086,Gene Expression,A_mel_mkref_out,False,813
LOC107965050,LOC107965050,Gene Expression,A_mel_mkref_out,False,1623
LOC100577331,LOC100577331,Gene Expression,A_mel_mkref_out,False,20
LOC413547,LOC413547,Gene Expression,A_mel_mkref_out,False,22395
LOC102655481,LOC102655481,Gene Expression,A_mel_mkref_out,False,8599
LOC724494,LOC724494,Gene Expression,A_mel_mkref_out,False,29902
LOC724334,LOC724334,Gene Expression,A_mel_mkref_out,False,65
LOC552330,LOC552330,Gene Expression,A_mel_mkref_out,False,29464
LOC100577285,LOC100577285,Gene Expression,A_mel_mkref_out,False,12854
LOC102654762,LOC102654762,Gene Expression,A_mel_mkref_out,False,90
LOC102654569,LOC102654569,Gene Expression,A_mel_mkref_out,False,2949
LOC102655479,LOC102655479,Gene Expression,A_mel_mkref_out,False,21679
LOC411654,LOC411654,Gene Expression,A_mel_mkref_out,False,22040
LOC726977,LOC726977,Gene Expression,A_mel_mkref_out,False,40714
LOC107965127,LOC107965127,Gene Expression,A_mel_mkref_out,False,199
LOC411786,LOC411786,Gene Expression,A_mel_mkref_out,False,9847
LOC100576438,LOC100576438,Gene Expression,A_mel_mkref_out,False,22923
LOC551844,LOC551844,Gene Expression,A_mel_mkref_out,False,26383
LOC100577602,LOC100577602,Gene Expression,A_mel_mkref_out,False,23151
LOC410228,LOC410228,Gene Expression,A_mel_mkref_out,False,264
LOC409315,LOC409315,Gene Expression,A_mel_mkref_out,False,25391
LOC724765,LOC724765,Gene Expression,A_mel_mkref_out,False,3030
LOC102655765,LOC102655765,Gene Expression,A_mel_mkref_out,False,14109
LOC102655339,LOC102655339,Gene Expression,A_mel_mkref_out,False,197
LOC552015,LOC552015,Gene Expression,A_mel_mkref_out,False,19679
LOC100578366,LOC100578366,Gene Expression,A_mel_mkref_out,False,1241
LOC410015,LOC410015,Gene Expression,A_mel_mkref_out,False,39683
LOC412053,LOC412053,Gene Expression,A_mel_mkref_out,False,24276
LOC100577069,LOC100577069,Gene Expression,A_mel_mkref_out,False,57
LOC412328,LOC412328,Gene Expression,A_mel_mkref_out,False,22287
LOC102653659,LOC102653659,Gene Expression,A_mel_mkref_out,False,3246
LOC725675,LOC725675,Gene Expression,A_mel_mkref_out,False,12418
LOC551210,LOC551210,Gene Expression,A_mel_mkref_out,False,15542
LOC725046,LOC725046,Gene Expression,A_mel_mkref_out,False,54375
LOC551243,LOC551243,Gene Expression,A_mel_mkref_out,False,16460
LOC409903,LOC409903,Gene Expression,A_mel_mkref_out,False,20700
LOC551282,LOC551282,Gene Expression,A_mel_mkref_out,False,2951
LOC107965098,LOC107965098,Gene Expression,A_mel_mkref_out,False,29787
LOC412782,LOC412782,Gene Expression,A_mel_mkref_out,False,8472
LOC113219038,LOC113219038,Gene Expression,A_mel_mkref_out,False,11790
LOC726414,LOC726414,Gene Expression,A_mel_mkref_out,False,6233
LOC409670,LOC409670,Gene Expression,A_mel_mkref_out,False,77425
LOC100578341,LOC100578341,Gene Expression,A_mel_mkref_out,False,2606
LOC107965080,LOC107965080,Gene Expression,A_mel_mkref_out,False,577
LOC725155,LOC725155,Gene Expression,A_mel_mkref_out,False,56915
LOC411754,LOC411754,Gene Expression,A_mel_mkref_out,False,17765
LOC725048,LOC725048,Gene Expression,A_mel_mkref_out,False,18333
LOC727262,LOC727262,Gene Expression,A_mel_mkref_out,False,7131
LOC107965047,LOC107965047,Gene Expression,A_mel_mkref_out,False,1347
LOC107965042,LOC107965042,Gene Expression,A_mel_mkref_out,False,3440
LOC409525,LOC409525,Gene Expression,A_mel_mkref_out,False,30392
LOC107965085,LOC107965085,Gene Expression,A_mel_mkref_out,False,10073
LOC100576957,LOC100576957,Gene Expression,A_mel_mkref_out,False,716
LOC107965041,LOC107965041,Gene Expression,A_mel_mkref_out,False,41893
LOC408295,LOC408295,Gene Expression,A_mel_mkref_out,False,49138
LOC100578386,LOC100578386,Gene Expression,A_mel_mkref_out,False,19917
LOC107965079,LOC107965079,Gene Expression,A_mel_mkref_out,False,454
LOC724767,LOC724767,Gene Expression,A_mel_mkref_out,False,4218
LOC724241,LOC724241,Gene Expression,A_mel_mkref_out,False,5581
LOC410187,LOC410187,Gene Expression,A_mel_mkref_out,False,8060
LOC410190,LOC410190,Gene Expression,A_mel_mkref_out,False,6093
LOC412870,LOC412870,Gene Expression,A_mel_mkref_out,False,7195
LOC102654893,LOC102654893,Gene Expression,A_mel_mkref_out,False,5184
LOC725578,LOC725578,Gene Expression,A_mel_mkref_out,False,1429
LOC100578797,LOC100578797,Gene Expression,A_mel_mkref_out,False,1261
LOC726219,LOC726219,Gene Expression,A_mel_mkref_out,False,18702
LOC551820,LOC551820,Gene Expression,A_mel_mkref_out,False,5043
LOC100578448,LOC100578448,Gene Expression,A_mel_mkref_out,False,1406
LOC412034,LOC412034,Gene Expression,A_mel_mkref_out,False,3043
LOC100578555,LOC100578555,Gene Expression,A_mel_mkref_out,False,171
LOC412281,LOC412281,Gene Expression,A_mel_mkref_out,False,73246
LOC413464,LOC413464,Gene Expression,A_mel_mkref_out,False,52642
LOC552526,LOC552526,Gene Expression,A_mel_mkref_out,False,10683
LOC102655612,LOC102655612,Gene Expression,A_mel_mkref_out,False,15154
LOC102655797,LOC102655797,Gene Expression,A_mel_mkref_out,False,229
LOC410204,LOC410204,Gene Expression,A_mel_mkref_out,False,1401
LOC552246,LOC552246,Gene Expression,A_mel_mkref_out,False,15195
LOC410179,LOC410179,Gene Expression,A_mel_mkref_out,False,949
LOC413101,LOC413101,Gene Expression,A_mel_mkref_out,False,20720
LOC724996,LOC724996,Gene Expression,A_mel_mkref_out,False,11139
LOC113219030,LOC113219030,Gene Expression,A_mel_mkref_out,False,14692
LOC113219036,LOC113219036,Gene Expression,A_mel_mkref_out,False,56
LOC113219033,LOC113219033,Gene Expression,A_mel_mkref_out,False,144
LOC726120,LOC726120,Gene Expression,A_mel_mkref_out,False,21199
LOC551270,LOC551270,Gene Expression,A_mel_mkref_out,False,7354
LOC409119,LOC409119,Gene Expression,A_mel_mkref_out,False,27108
LOC100578719,LOC100578719,Gene Expression,A_mel_mkref_out,False,550
LOC551967,LOC551967,Gene Expression,A_mel_mkref_out,False,1630
LOC725877,LOC725877,Gene Expression,A_mel_mkref_out,False,5514
LOC100577466,LOC100577466,Gene Expression,A_mel_mkref_out,False,19220
LOC410201,LOC410201,Gene Expression,A_mel_mkref_out,False,65709
LOC107965039,LOC107965039,Gene Expression,A_mel_mkref_out,False,12195
LOC107965036,LOC107965036,Gene Expression,A_mel_mkref_out,False,26012
LOC552042,LOC552042,Gene Expression,A_mel_mkref_out,False,3519
LOC408298,LOC408298,Gene Expression,A_mel_mkref_out,False,76272
LOC724640,LOC724640,Gene Expression,A_mel_mkref_out,False,89
LOC551463,LOC551463,Gene Expression,A_mel_mkref_out,False,9318
LOC102656841,LOC102656841,Gene Expression,A_mel_mkref_out,False,15993
LOC412306,LOC412306,Gene Expression,A_mel_mkref_out,False,20398
LOC550715,LOC550715,Gene Expression,A_mel_mkref_out,False,23270
LOC100578623,LOC100578623,Gene Expression,A_mel_mkref_out,False,425
LOC107965825,LOC107965825,Gene Expression,A_mel_mkref_out,False,12880
LOC552392,LOC552392,Gene Expression,A_mel_mkref_out,False,28666
LOC726611,LOC726611,Gene Expression,A_mel_mkref_out,False,2539
LOC409699,LOC409699,Gene Expression,A_mel_mkref_out,False,16195
LOC100577407,LOC100577407,Gene Expression,A_mel_mkref_out,False,29980
LOC408271,LOC408271,Gene Expression,A_mel_mkref_out,False,52800
LOC100578744,LOC100578744,Gene Expression,A_mel_mkref_out,False,3478
Obp10,GeneID_410068,Gene Expression,A_mel_mkref_out,False,19794
LOC408277,LOC408277,Gene Expression,A_mel_mkref_out,False,6906
LOC102655712,LOC102655712,Gene Expression,A_mel_mkref_out,False,155
LOC551499,LOC551499,Gene Expression,A_mel_mkref_out,False,4142
LOC411366,LOC411366,Gene Expression,A_mel_mkref_out,False,8353
LOC410188,LOC410188,Gene Expression,A_mel_mkref_out,False,34003
LOC726179,LOC726179,Gene Expression,A_mel_mkref_out,False,15676
LOC100578316,LOC100578316,Gene Expression,A_mel_mkref_out,False,38
LOC552275,LOC552275,Gene Expression,A_mel_mkref_out,False,24140
LOC107965076,LOC107965076,Gene Expression,A_mel_mkref_out,False,13003
LOC100578890,LOC100578890,Gene Expression,A_mel_mkref_out,False,9745
LOC551498,LOC551498,Gene Expression,A_mel_mkref_out,False,62958
LOC410194,LOC410194,Gene Expression,A_mel_mkref_out,False,20805
LOC102656138,LOC102656138,Gene Expression,A_mel_mkref_out,False,1135
LOC411655,LOC411655,Gene Expression,A_mel_mkref_out,False,24882
LOC726983,LOC726983,Gene Expression,A_mel_mkref_out,False,16037
LOC100576423,LOC100576423,Gene Expression,A_mel_mkref_out,False,15649
LOC409159,LOC409159,Gene Expression,A_mel_mkref_out,False,627
LOC408294,LOC408294,Gene Expression,A_mel_mkref_out,False,32688
LOC113219058,LOC113219058,Gene Expression,A_mel_mkref_out,False,77
LOC551516,LOC551516,Gene Expression,A_mel_mkref_out,False,6668
LOC552669,LOC552669,Gene Expression,A_mel_mkref_out,False,17484
LOC102654069,LOC102654069,Gene Expression,A_mel_mkref_out,False,1161
LOC100578641,LOC100578641,Gene Expression,A_mel_mkref_out,False,3527
LOC724321,LOC724321,Gene Expression,A_mel_mkref_out,False,20172
LOC100578132,LOC100578132,Gene Expression,A_mel_mkref_out,False,20102
LOC409497,LOC409497,Gene Expression,A_mel_mkref_out,False,37832
LOC113219059,LOC113219059,Gene Expression,A_mel_mkref_out,False,235
LOC100577401,LOC100577401,Gene Expression,A_mel_mkref_out,False,50836
LOC551953,LOC551953,Gene Expression,A_mel_mkref_out,False,36336
SsRbeta,GeneID_724079,Gene Expression,A_mel_mkref_out,False,2301
LOC102655555,LOC102655555,Gene Expression,A_mel_mkref_out,False,366
LOC102656107,LOC102656107,Gene Expression,A_mel_mkref_out,False,16953
LOC552682,LOC552682,Gene Expression,A_mel_mkref_out,False,18211
LOC724872,LOC724872,Gene Expression,A_mel_mkref_out,False,4885
LOC551586,LOC551586,Gene Expression,A_mel_mkref_out,False,17079
LOC102654435,LOC102654435,Gene Expression,A_mel_mkref_out,False,7406
LOC725686,LOC725686,Gene Expression,A_mel_mkref_out,False,17172
LOC551986,LOC551986,Gene Expression,A_mel_mkref_out,False,4458
LOC726321,LOC726321,Gene Expression,A_mel_mkref_out,False,36106
LOC409057,LOC409057,Gene Expression,A_mel_mkref_out,False,486
LOC107965107,LOC107965107,Gene Expression,A_mel_mkref_out,False,5663
LOC724822,LOC724822,Gene Expression,A_mel_mkref_out,False,29407
LOC410235,LOC410235,Gene Expression,A_mel_mkref_out,False,2062
LOC102654079,LOC102654079,Gene Expression,A_mel_mkref_out,False,1157
LOC412598,LOC412598,Gene Expression,A_mel_mkref_out,False,17061
LOC102654029,LOC102654029,Gene Expression,A_mel_mkref_out,False,30963
LOC726469,LOC726469,Gene Expression,A_mel_mkref_out,False,42024
LOC102656106,LOC102656106,Gene Expression,A_mel_mkref_out,False,1427
LOC102655223,LOC102655223,Gene Expression,A_mel_mkref_out,False,2406
LOC408269,LOC408269,Gene Expression,A_mel_mkref_out,False,3945
LOC102654086,LOC102654086,Gene Expression,A_mel_mkref_out,False,125
LOC725536,LOC725536,Gene Expression,A_mel_mkref_out,False,10857
LOC102656733,LOC102656733,Gene Expression,A_mel_mkref_out,False,8572
LOC724838,LOC724838,Gene Expression,A_mel_mkref_out,False,321
LOC113218545,LOC113218545,Gene Expression,A_mel_mkref_out,False,7958
LOC726470,LOC726470,Gene Expression,A_mel_mkref_out,False,89
LOC409673,LOC409673,Gene Expression,A_mel_mkref_out,False,7096
LOC102656564,LOC102656564,Gene Expression,A_mel_mkref_out,False,92
LOC551231,LOC551231,Gene Expression,A_mel_mkref_out,False,29723
LOC724408,LOC724408,Gene Expression,A_mel_mkref_out,False,16485
LOC551488,LOC551488,Gene Expression,A_mel_mkref_out,False,3864
LOC412749,LOC412749,Gene Expression,A_mel_mkref_out,False,42609
LOC100577201,LOC100577201,Gene Expression,A_mel_mkref_out,False,152
LOC410175,LOC410175,Gene Expression,A_mel_mkref_out,False,49129
LOC408284,LOC408284,Gene Expression,A_mel_mkref_out,False,9401
LOC102654388,LOC102654388,Gene Expression,A_mel_mkref_out,False,680
LOC113219045,LOC113219045,Gene Expression,A_mel_mkref_out,False,5119
LOC102656008,LOC102656008,Gene Expression,A_mel_mkref_out,False,277
LOC410217,LOC410217,Gene Expression,A_mel_mkref_out,False,43580
LOC725422,LOC725422,Gene Expression,A_mel_mkref_out,False,699
LOC724908,LOC724908,Gene Expression,A_mel_mkref_out,False,522
CytC,GeneID_408270,Gene Expression,A_mel_mkref_out,False,33447
LOC410006,LOC410006,Gene Expression,A_mel_mkref_out,False,70384
LOC410218,LOC410218,Gene Expression,A_mel_mkref_out,False,19829
LOC552143,LOC552143,Gene Expression,A_mel_mkref_out,False,6921
LOC408275,LOC408275,Gene Expression,A_mel_mkref_out,False,27969
LOC726200,LOC726200,Gene Expression,A_mel_mkref_out,False,57
LOC100576452,LOC100576452,Gene Expression,A_mel_mkref_out,False,203
LOC550885,LOC550885,Gene Expression,A_mel_mkref_out,False,23835
LOC413758,LOC413758,Gene Expression,A_mel_mkref_out,False,41659
LOC726017,LOC726017,Gene Expression,A_mel_mkref_out,False,28149
LOC102656431,LOC102656431,Gene Expression,A_mel_mkref_out,False,404
LOC552681,LOC552681,Gene Expression,A_mel_mkref_out,False,30346
LOC100576472,LOC100576472,Gene Expression,A_mel_mkref_out,False,28014
LOC107965025,LOC107965025,Gene Expression,A_mel_mkref_out,False,133
LOC408302,LOC408302,Gene Expression,A_mel_mkref_out,False,7140
LOC726063,LOC726063,Gene Expression,A_mel_mkref_out,False,20116
LOC724151,LOC724151,Gene Expression,A_mel_mkref_out,False,15120
LOC724453,LOC724453,Gene Expression,A_mel_mkref_out,False,35036
LOC100576565,LOC100576565,Gene Expression,A_mel_mkref_out,False,11994
LOC100577690,LOC100577690,Gene Expression,A_mel_mkref_out,False,4376
LOC107965125,LOC107965125,Gene Expression,A_mel_mkref_out,False,148
LOC102654938,LOC102654938,Gene Expression,A_mel_mkref_out,False,708
LOC408285,LOC408285,Gene Expression,A_mel_mkref_out,False,23818
LOC410184,LOC410184,Gene Expression,A_mel_mkref_out,False,8453
LOC410229,LOC410229,Gene Expression,A_mel_mkref_out,False,30290
LOC550651,LOC550651,Gene Expression,A_mel_mkref_out,False,38229
Dnmt1a,GeneID_100328599,Gene Expression,A_mel_mkref_out,False,13883
LOC412864,LOC412864,Gene Expression,A_mel_mkref_out,False,27529
LOC102654285,LOC102654285,Gene Expression,A_mel_mkref_out,False,7323
LOC551980,LOC551980,Gene Expression,A_mel_mkref_out,False,21578
LOC726488,LOC726488,Gene Expression,A_mel_mkref_out,False,25183
LOC552469,LOC552469,Gene Expression,A_mel_mkref_out,False,15524
LOC410001,LOC410001,Gene Expression,A_mel_mkref_out,False,85526
LOC102656022,LOC102656022,Gene Expression,A_mel_mkref_out,False,1863
Uvop,GeneID_406127,Gene Expression,A_mel_mkref_out,False,7229
LOC551682,LOC551682,Gene Expression,A_mel_mkref_out,False,29562
LOC102655866,LOC102655866,Gene Expression,A_mel_mkref_out,False,511
LOC727275,LOC727275,Gene Expression,A_mel_mkref_out,False,9980
LOC408276,LOC408276,Gene Expression,A_mel_mkref_out,False,47193
LOC113219052,LOC113219052,Gene Expression,A_mel_mkref_out,False,72
LOC107965037,LOC107965037,Gene Expression,A_mel_mkref_out,False,42651
LOC100576882,LOC100576882,Gene Expression,A_mel_mkref_out,False,80548
LOC100577441,LOC100577441,Gene Expression,A_mel_mkref_out,False,39
LOC725654,LOC725654,Gene Expression,A_mel_mkref_out,False,36522
LOC413510,LOC413510,Gene Expression,A_mel_mkref_out,False,60833
LOC102655648,LOC102655648,Gene Expression,A_mel_mkref_out,False,16114
LOC725350,LOC725350,Gene Expression,A_mel_mkref_out,False,99
LOC726201,LOC726201,Gene Expression,A_mel_mkref_out,False,1712
LOC411785,LOC411785,Gene Expression,A_mel_mkref_out,False,25032
LOC551756,LOC551756,Gene Expression,A_mel_mkref_out,False,19271
LOC725681,LOC725681,Gene Expression,A_mel_mkref_out,False,68315
LOC409552,LOC409552,Gene Expression,A_mel_mkref_out,False,32542
LOC551496,LOC551496,Gene Expression,A_mel_mkref_out,False,2879
LOC726016,LOC726016,Gene Expression,A_mel_mkref_out,False,5467
LOC410178,LOC410178,Gene Expression,A_mel_mkref_out,False,48103
LOC413441,LOC413441,Gene Expression,A_mel_mkref_out,False,16776
LOC410244,LOC410244,Gene Expression,A_mel_mkref_out,False,7227
LOC100576223,LOC100576223,Gene Expression,A_mel_mkref_out,False,15142
LOC726241,LOC726241,Gene Expression,A_mel_mkref_out,False,42154
LOC410223,LOC410223,Gene Expression,A_mel_mkref_out,False,24893
LOC551724,LOC551724,Gene Expression,A_mel_mkref_out,False,38506
LOC102654089,LOC102654089,Gene Expression,A_mel_mkref_out,False,4841
LOC100577949,LOC100577949,Gene Expression,A_mel_mkref_out,False,17251
LOC100576217,LOC100576217,Gene Expression,A_mel_mkref_out,False,4759
LOC107965021,LOC107965021,Gene Expression,A_mel_mkref_out,False,3545
LOC102655031,LOC102655031,Gene Expression,A_mel_mkref_out,False,395
LOC411506,LOC411506,Gene Expression,A_mel_mkref_out,False,11827
LOC409522,LOC409522,Gene Expression,A_mel_mkref_out,False,27225
LOC102655756,LOC102655756,Gene Expression,A_mel_mkref_out,False,271
LOC100577102,LOC100577102,Gene Expression,A_mel_mkref_out,False,28478
LOC551787,LOC551787,Gene Expression,A_mel_mkref_out,False,22568
LOC102654990,LOC102654990,Gene Expression,A_mel_mkref_out,False,49
LOC413792,LOC413792,Gene Expression,A_mel_mkref_out,False,30042
LOC412526,LOC412526,Gene Expression,A_mel_mkref_out,False,29520
LOC725047,LOC725047,Gene Expression,A_mel_mkref_out,False,42971
LOC100576715,LOC100576715,Gene Expression,A_mel_mkref_out,False,119
LOC412569,LOC412569,Gene Expression,A_mel_mkref_out,False,680
LOC100577198,LOC100577198,Gene Expression,A_mel_mkref_out,False,19089
LOC107965091,LOC107965091,Gene Expression,A_mel_mkref_out,False,12240
LOC412913,LOC412913,Gene Expression,A_mel_mkref_out,False,13885
LOC552658,LOC552658,Gene Expression,A_mel_mkref_out,False,19248
LOC410206,LOC410206,Gene Expression,A_mel_mkref_out,False,9895
LOC100577027,LOC100577027,Gene Expression,A_mel_mkref_out,False,15878
LOC551784,LOC551784,Gene Expression,A_mel_mkref_out,False,20570
LOC725977,LOC725977,Gene Expression,A_mel_mkref_out,False,5943
LOC725082,LOC725082,Gene Expression,A_mel_mkref_out,False,6991
LOC102656404,LOC102656404,Gene Expression,A_mel_mkref_out,False,1017
LOC113219031,LOC113219031,Gene Expression,A_mel_mkref_out,False,2168
LOC552663,LOC552663,Gene Expression,A_mel_mkref_out,False,17068
LOC552556,LOC552556,Gene Expression,A_mel_mkref_out,False,3194
LOC414027,LOC414027,Gene Expression,A_mel_mkref_out,False,16399
LOC726546,LOC726546,Gene Expression,A_mel_mkref_out,False,4801
LOC725389,LOC725389,Gene Expression,A_mel_mkref_out,False,148
LOC410222,LOC410222,Gene Expression,A_mel_mkref_out,False,46943
LOC102653934,LOC102653934,Gene Expression,A_mel_mkref_out,False,2798
LOC551360,LOC551360,Gene Expression,A_mel_mkref_out,False,19918
LOC726270,LOC726270,Gene Expression,A_mel_mkref_out,False,33630
LOC724683,LOC724683,Gene Expression,A_mel_mkref_out,False,11711
LOC100576103,LOC100576103,Gene Expression,A_mel_mkref_out,False,310
RpLP1,GeneID_406120,Gene Expression,A_mel_mkref_out,False,37138
LOC551794,LOC551794,Gene Expression,A_mel_mkref_out,False,7249
LOC412627,LOC412627,Gene Expression,A_mel_mkref_out,False,4252
LOC725579,LOC725579,Gene Expression,A_mel_mkref_out,False,33877
LOC408292,LOC408292,Gene Expression,A_mel_mkref_out,False,23549
LOC724417,LOC724417,Gene Expression,A_mel_mkref_out,False,60627
LOC413270,LOC413270,Gene Expression,A_mel_mkref_out,False,1172
LOC113219042,LOC113219042,Gene Expression,A_mel_mkref_out,False,13436
LOC410200,LOC410200,Gene Expression,A_mel_mkref_out,False,13730
LOC113219027,LOC113219027,Gene Expression,A_mel_mkref_out,False,3328
LOC113219028,LOC113219028,Gene Expression,A_mel_mkref_out,False,1151
LOC409869,LOC409869,Gene Expression,A_mel_mkref_out,False,58672
LOC552144,LOC552144,Gene Expression,A_mel_mkref_out,False,2052
LOC100577127,LOC100577127,Gene Expression,A_mel_mkref_out,False,8318
LOC409390,LOC409390,Gene Expression,A_mel_mkref_out,False,65239
LOC100577748,LOC100577748,Gene Expression,A_mel_mkref_out,False,2302
LOC725562,LOC725562,Gene Expression,A_mel_mkref_out,False,29238
LOC113219055,LOC113219055,Gene Expression,A_mel_mkref_out,False,1297
LOC413504,LOC413504,Gene Expression,A_mel_mkref_out,False,62278
LOC100577870,LOC100577870,Gene Expression,A_mel_mkref_out,False,10341
LOC410122,LOC410122,Gene Expression,A_mel_mkref_out,False,41899
LOC412051,LOC412051,Gene Expression,A_mel_mkref_out,False,29801
LOC102654349,LOC102654349,Gene Expression,A_mel_mkref_out,False,226
LOC408280,LOC408280,Gene Expression,A_mel_mkref_out,False,31877
LOC410202,LOC410202,Gene Expression,A_mel_mkref_out,False,1935
LOC551589,LOC551589,Gene Expression,A_mel_mkref_out,False,14336
LOC100576417,LOC100576417,Gene Expression,A_mel_mkref_out,False,6756
LOC724951,LOC724951,Gene Expression,A_mel_mkref_out,False,743
LOC409427,LOC409427,Gene Expression,A_mel_mkref_out,False,26690
LOC412363,LOC412363,Gene Expression,A_mel_mkref_out,False,18053
LOC409499,LOC409499,Gene Expression,A_mel_mkref_out,False,9867
LOC552134,LOC552134,Gene Expression,A_mel_mkref_out,False,5483
LOC410246,LOC410246,Gene Expression,A_mel_mkref_out,False,14520
LOC409395,LOC409395,Gene Expression,A_mel_mkref_out,False,53822
LOC552722,LOC552722,Gene Expression,A_mel_mkref_out,False,23846
LOC413605,LOC413605,Gene Expression,A_mel_mkref_out,False,24254
LOC100577149,LOC100577149,Gene Expression,A_mel_mkref_out,False,1424
LOC411577,LOC411577,Gene Expression,A_mel_mkref_out,False,40595
LOC408299,LOC408299,Gene Expression,A_mel_mkref_out,False,8961
LOC727349,LOC727349,Gene Expression,A_mel_mkref_out,False,42725
LOC113219062,LOC113219062,Gene Expression,A_mel_mkref_out,False,4044
LOC551733,LOC551733,Gene Expression,A_mel_mkref_out,False,92290
LOC102656356,LOC102656356,Gene Expression,A_mel_mkref_out,False,487
LOC100576140,LOC100576140,Gene Expression,A_mel_mkref_out,False,19626
LOC410171,LOC410171,Gene Expression,A_mel_mkref_out,False,10815
LOC408291,LOC408291,Gene Expression,A_mel_mkref_out,False,12055
LOC410158,LOC410158,Gene Expression,A_mel_mkref_out,False,38925
LOC100577017,LOC100577017,Gene Expression,A_mel_mkref_out,False,40005
LOC411414,LOC411414,Gene Expression,A_mel_mkref_out,False,5074
LOC409362,LOC409362,Gene Expression,A_mel_mkref_out,False,49467
LOC410207,LOC410207,Gene Expression,A_mel_mkref_out,False,3813
LOC102656182,LOC102656182,Gene Expression,A_mel_mkref_out,False,3504
LOC410219,LOC410219,Gene Expression,A_mel_mkref_out,False,17887
LOC113219029,LOC113219029,Gene Expression,A_mel_mkref_out,False,1352
LOC100577188,LOC100577188,Gene Expression,A_mel_mkref_out,False,21979
LOC410195,LOC410195,Gene Expression,A_mel_mkref_out,False,12929
LOC551072,LOC551072,Gene Expression,A_mel_mkref_out,False,10319
LOC724499,LOC724499,Gene Expression,A_mel_mkref_out,False,137
LOC100576301,LOC100576301,Gene Expression,A_mel_mkref_out,False,1118
LOC551372,LOC551372,Gene Expression,A_mel_mkref_out,False,3848
LOC102656724,LOC102656724,Gene Expression,A_mel_mkref_out,False,228
LOC411591,LOC411591,Gene Expression,A_mel_mkref_out,False,24862
LOC107965062,LOC107965062,Gene Expression,A_mel_mkref_out,False,46334
LOC412476,LOC412476,Gene Expression,A_mel_mkref_out,False,15487
LOC413702,LOC413702,Gene Expression,A_mel_mkref_out,False,15227
LOC107965072,LOC107965072,Gene Expression,A_mel_mkref_out,False,7850
LOC551587,LOC551587,Gene Expression,A_mel_mkref_out,False,443
LOC409876,LOC409876,Gene Expression,A_mel_mkref_out,False,63401
LOC410060,LOC410060,Gene Expression,A_mel_mkref_out,False,90619
LOC727266,LOC727266,Gene Expression,A_mel_mkref_out,False,7450
LOC102655698,LOC102655698,Gene Expression,A_mel_mkref_out,False,21181
LOC551814,LOC551814,Gene Expression,A_mel_mkref_out,False,7480
LOC410205,LOC410205,Gene Expression,A_mel_mkref_out,False,15619
LOC551757,LOC551757,Gene Expression,A_mel_mkref_out,False,27399
LOC725974,LOC725974,Gene Expression,A_mel_mkref_out,False,46429
LOC107965043,LOC107965043,Gene Expression,A_mel_mkref_out,False,13326
LOC100576572,LOC100576572,Gene Expression,A_mel_mkref_out,False,11657
LOC113219061,LOC113219061,Gene Expression,A_mel_mkref_out,False,4842
LOC100578011,LOC100578011,Gene Expression,A_mel_mkref_out,False,4153
LOC113219043,LOC113219043,Gene Expression,A_mel_mkref_out,False,46
LOC550998,LOC550998,Gene Expression,A_mel_mkref_out,False,7731
LOC102655521,LOC102655521,Gene Expression,A_mel_mkref_out,False,228
LOC551999,LOC551999,Gene Expression,A_mel_mkref_out,False,40590
LOC551763,LOC551763,Gene Expression,A_mel_mkref_out,False,44877
LOC113219035,LOC113219035,Gene Expression,A_mel_mkref_out,False,76
LOC409648,LOC409648,Gene Expression,A_mel_mkref_out,False,966
LOC100578404,LOC100578404,Gene Expression,A_mel_mkref_out,False,35530
LOC100576193,LOC100576193,Gene Expression,A_mel_mkref_out,False,2255
LOC408278,LOC408278,Gene Expression,A_mel_mkref_out,False,44133
LOC113219037,LOC113219037,Gene Expression,A_mel_mkref_out,False,1316
LOC726326,LOC726326,Gene Expression,A_mel_mkref_out,False,12104
LOC100577856,LOC100577856,Gene Expression,A_mel_mkref_out,False,1045
LOC411477,LOC411477,Gene Expression,A_mel_mkref_out,False,27729
LOC100578774,LOC100578774,Gene Expression,A_mel_mkref_out,False,43204
LOC102655064,LOC102655064,Gene Expression,A_mel_mkref_out,False,450
LOC413573,LOC413573,Gene Expression,A_mel_mkref_out,False,13384
LOC100576864,LOC100576864,Gene Expression,A_mel_mkref_out,False,13540
LOC411335,LOC411335,Gene Expression,A_mel_mkref_out,False,10011
LOC107964937,LOC107964937,Gene Expression,A_mel_mkref_out,False,3270
LOC100576161,LOC100576161,Gene Expression,A_mel_mkref_out,False,2838
LOC552289,LOC552289,Gene Expression,A_mel_mkref_out,False,35855
LOC100577409,LOC100577409,Gene Expression,A_mel_mkref_out,False,47771
Or115,GeneID_100578230,Gene Expression,A_mel_mkref_out,False,30
LOC100578529,LOC100578529,Gene Expression,A_mel_mkref_out,False,37216
LOC100578428,LOC100578428,Gene Expression,A_mel_mkref_out,False,3450
LOC724357,LOC724357,Gene Expression,A_mel_mkref_out,False,25258
LOC102653672,LOC102653672,Gene Expression,A_mel_mkref_out,False,2083
LOC552384,LOC552384,Gene Expression,A_mel_mkref_out,False,16031
LOC113218974,LOC113218974,Gene Expression,A_mel_mkref_out,False,26160
LOC412272,LOC412272,Gene Expression,A_mel_mkref_out,False,13173
LOC551373,LOC551373,Gene Expression,A_mel_mkref_out,False,10636
LOC551554,LOC551554,Gene Expression,A_mel_mkref_out,False,22637
LOC727210,LOC727210,Gene Expression,A_mel_mkref_out,False,11166
LOC102656448,LOC102656448,Gene Expression,A_mel_mkref_out,False,6559
LOC552433,LOC552433,Gene Expression,A_mel_mkref_out,False,17356
LOC411336,LOC411336,Gene Expression,A_mel_mkref_out,False,4451
LOC412679,LOC412679,Gene Expression,A_mel_mkref_out,False,19016
LOC412764,LOC412764,Gene Expression,A_mel_mkref_out,False,439
LOC726137,LOC726137,Gene Expression,A_mel_mkref_out,False,14421
brp,GeneID_409012,Gene Expression,A_mel_mkref_out,False,88509
LOC113219018,LOC113219018,Gene Expression,A_mel_mkref_out,False,1718
LOC552514,LOC552514,Gene Expression,A_mel_mkref_out,False,13656
LOC725178,LOC725178,Gene Expression,A_mel_mkref_out,False,3748
LOC102656409,LOC102656409,Gene Expression,A_mel_mkref_out,False,2571
LOC107965006,LOC107965006,Gene Expression,A_mel_mkref_out,False,5381
LOC102656282,LOC102656282,Gene Expression,A_mel_mkref_out,False,44
LOC725336,LOC725336,Gene Expression,A_mel_mkref_out,False,94171
LOC100576355,LOC100576355,Gene Expression,A_mel_mkref_out,False,11321
LOC102656685,LOC102656685,Gene Expression,A_mel_mkref_out,False,14073
LOC100579026,LOC100579026,Gene Expression,A_mel_mkref_out,False,47
LOC113218570,LOC113218570,Gene Expression,A_mel_mkref_out,False,406
LOC724583,LOC724583,Gene Expression,A_mel_mkref_out,False,2811
LOC724395,LOC724395,Gene Expression,A_mel_mkref_out,False,3183
LOC409790,LOC409790,Gene Expression,A_mel_mkref_out,False,8810
LOC113219007,LOC113219007,Gene Expression,A_mel_mkref_out,False,62985
LOC409411,LOC409411,Gene Expression,A_mel_mkref_out,False,21590
LOC100578608,LOC100578608,Gene Expression,A_mel_mkref_out,False,1415
Obp4,GeneID_406101,Gene Expression,A_mel_mkref_out,False,2637
LOC102656759,LOC102656759,Gene Expression,A_mel_mkref_out,False,1443
LOC102656849,LOC102656849,Gene Expression,A_mel_mkref_out,False,10083
LOC102654831,LOC102654831,Gene Expression,A_mel_mkref_out,False,35051
LOC725486,LOC725486,Gene Expression,A_mel_mkref_out,False,24084
LOC725807,LOC725807,Gene Expression,A_mel_mkref_out,False,18159
LOC726367,LOC726367,Gene Expression,A_mel_mkref_out,False,1954
LOC107964022,LOC107964022,Gene Expression,A_mel_mkref_out,False,31476
LOC100576534,LOC100576534,Gene Expression,A_mel_mkref_out,False,8693
LOC552341,LOC552341,Gene Expression,A_mel_mkref_out,False,27787
LOC411879,LOC411879,Gene Expression,A_mel_mkref_out,False,36510
LOC551265,LOC551265,Gene Expression,A_mel_mkref_out,False,10134
LOC409433,LOC409433,Gene Expression,A_mel_mkref_out,False,31614
LOC113219003,LOC113219003,Gene Expression,A_mel_mkref_out,False,230
CPR11,GeneID_100576090,Gene Expression,A_mel_mkref_out,False,177
LOC726818,LOC726818,Gene Expression,A_mel_mkref_out,False,2161
LOC102655307,LOC102655307,Gene Expression,A_mel_mkref_out,False,19554
LOC551604,LOC551604,Gene Expression,A_mel_mkref_out,False,6163
LOC552467,LOC552467,Gene Expression,A_mel_mkref_out,False,48112
LOC408980,LOC408980,Gene Expression,A_mel_mkref_out,False,10177
LOC102654507,LOC102654507,Gene Expression,A_mel_mkref_out,False,31936
LOC102653781,LOC102653781,Gene Expression,A_mel_mkref_out,False,3493
LOC727324,LOC727324,Gene Expression,A_mel_mkref_out,False,1484
LOC102654536,LOC102654536,Gene Expression,A_mel_mkref_out,False,179
LOC409600,LOC409600,Gene Expression,A_mel_mkref_out,False,15329
LOC726030,LOC726030,Gene Expression,A_mel_mkref_out,False,54938
LOC411297,LOC411297,Gene Expression,A_mel_mkref_out,False,26035
LOC102656577,LOC102656577,Gene Expression,A_mel_mkref_out,False,38761
LOC727028,LOC727028,Gene Expression,A_mel_mkref_out,False,347
LOC102656492,LOC102656492,Gene Expression,A_mel_mkref_out,False,16359
LOC102655244,LOC102655244,Gene Expression,A_mel_mkref_out,False,19552
LOC100578227,LOC100578227,Gene Expression,A_mel_mkref_out,False,2682
LOC409024,LOC409024,Gene Expression,A_mel_mkref_out,False,71625
LOC113219011,LOC113219011,Gene Expression,A_mel_mkref_out,False,36
LOC107964981,LOC107964981,Gene Expression,A_mel_mkref_out,False,115
LOC409025,LOC409025,Gene Expression,A_mel_mkref_out,False,1788
LOC107964958,LOC107964958,Gene Expression,A_mel_mkref_out,False,27388
LOC100579047,LOC100579047,Gene Expression,A_mel_mkref_out,False,334
LOC551133,LOC551133,Gene Expression,A_mel_mkref_out,False,7638
LOC113219006,LOC113219006,Gene Expression,A_mel_mkref_out,False,646
LOC409696,LOC409696,Gene Expression,A_mel_mkref_out,False,8615
LOC411306,LOC411306,Gene Expression,A_mel_mkref_out,False,37776
LOC551922,LOC551922,Gene Expression,A_mel_mkref_out,False,2707
LOC100576220,LOC100576220,Gene Expression,A_mel_mkref_out,False,328
LOC102654874,LOC102654874,Gene Expression,A_mel_mkref_out,False,1987
LOC552291,LOC552291,Gene Expression,A_mel_mkref_out,False,13450
LOC409320,LOC409320,Gene Expression,A_mel_mkref_out,False,15843
LOC409000,LOC409000,Gene Expression,A_mel_mkref_out,False,49213
LOC726001,LOC726001,Gene Expression,A_mel_mkref_out,False,108
LOC552027,LOC552027,Gene Expression,A_mel_mkref_out,False,52887
LOC724873,LOC724873,Gene Expression,A_mel_mkref_out,False,19849
LOC409005,LOC409005,Gene Expression,A_mel_mkref_out,False,16136
LOC551996,LOC551996,Gene Expression,A_mel_mkref_out,False,9933
LOC726535,LOC726535,Gene Expression,A_mel_mkref_out,False,1313
LOC550692,LOC550692,Gene Expression,A_mel_mkref_out,False,15628
LOC113218978,LOC113218978,Gene Expression,A_mel_mkref_out,False,1672
Pet117,GeneID_726644,Gene Expression,A_mel_mkref_out,False,3168
Obp2,GeneID_406103,Gene Expression,A_mel_mkref_out,False,43
Obp7,GeneID_677668,Gene Expression,A_mel_mkref_out,False,90
LOC102653763,LOC102653763,Gene Expression,A_mel_mkref_out,False,33409
LOC552359,LOC552359,Gene Expression,A_mel_mkref_out,False,17438
LOC409515,LOC409515,Gene Expression,A_mel_mkref_out,False,49420
LOC552403,LOC552403,Gene Expression,A_mel_mkref_out,False,18574
LOC100576679,LOC100576679,Gene Expression,A_mel_mkref_out,False,20685
LOC102655120,LOC102655120,Gene Expression,A_mel_mkref_out,False,27397
LOC107964939,LOC107964939,Gene Expression,A_mel_mkref_out,False,232
LOC724451,LOC724451,Gene Expression,A_mel_mkref_out,False,10798
LOC551264,LOC551264,Gene Expression,A_mel_mkref_out,False,11910
LOC107965854,LOC107965854,Gene Expression,A_mel_mkref_out,False,8045
LOC552326,LOC552326,Gene Expression,A_mel_mkref_out,False,9769
LOC412714,LOC412714,Gene Expression,A_mel_mkref_out,False,22512
LOC100576640,LOC100576640,Gene Expression,A_mel_mkref_out,False,9718
Rps8,GeneID_406126,Gene Expression,A_mel_mkref_out,False,43431
LOC413030,LOC413030,Gene Expression,A_mel_mkref_out,False,12604
LOC107964003,LOC107964003,Gene Expression,A_mel_mkref_out,False,518
LOC413821,LOC413821,Gene Expression,A_mel_mkref_out,False,21293
LOC412885,LOC412885,Gene Expression,A_mel_mkref_out,False,37018
LOC552442,LOC552442,Gene Expression,A_mel_mkref_out,False,20055
LOC102655429,LOC102655429,Gene Expression,A_mel_mkref_out,False,50
LOC411294,LOC411294,Gene Expression,A_mel_mkref_out,False,31197
LOC551642,LOC551642,Gene Expression,A_mel_mkref_out,False,13047
Grp,GeneID_552281,Gene Expression,A_mel_mkref_out,False,485
LOC102656483,LOC102656483,Gene Expression,A_mel_mkref_out,False,875
LOC411298,LOC411298,Gene Expression,A_mel_mkref_out,False,2539
LOC102654629,LOC102654629,Gene Expression,A_mel_mkref_out,False,2971
LOC724937,LOC724937,Gene Expression,A_mel_mkref_out,False,25463
LOC113219020,LOC113219020,Gene Expression,A_mel_mkref_out,False,1109
LOC726639,LOC726639,Gene Expression,A_mel_mkref_out,False,893
LOC409279,LOC409279,Gene Expression,A_mel_mkref_out,False,28748
NLG-3,GeneID_409003,Gene Expression,A_mel_mkref_out,False,75093
LOC411832,LOC411832,Gene Expression,A_mel_mkref_out,False,43091
LOC102656274,LOC102656274,Gene Expression,A_mel_mkref_out,False,324
LOC408986,LOC408986,Gene Expression,A_mel_mkref_out,False,20018
LOC100576439,LOC100576439,Gene Expression,A_mel_mkref_out,False,26785
LOC107965007,LOC107965007,Gene Expression,A_mel_mkref_out,False,453
LOC100576348,LOC100576348,Gene Expression,A_mel_mkref_out,False,25549
LOC113218571,LOC113218571,Gene Expression,A_mel_mkref_out,False,49
LOC107963974,LOC107963974,Gene Expression,A_mel_mkref_out,False,870
LOC413555,LOC413555,Gene Expression,A_mel_mkref_out,False,23826
LOC726765,LOC726765,Gene Expression,A_mel_mkref_out,False,3028
LOC411326,LOC411326,Gene Expression,A_mel_mkref_out,False,37221
LOC102654316,LOC102654316,Gene Expression,A_mel_mkref_out,False,1962
LOC100577440,LOC100577440,Gene Expression,A_mel_mkref_out,False,168
LOC726077,LOC726077,Gene Expression,A_mel_mkref_out,False,19667
LOC413181,LOC413181,Gene Expression,A_mel_mkref_out,False,13155
LOC100576610,LOC100576610,Gene Expression,A_mel_mkref_out,False,11927
LOC113218539,LOC113218539,Gene Expression,A_mel_mkref_out,False,12362
LOC725031,LOC725031,Gene Expression,A_mel_mkref_out,False,45563
LOC102655047,LOC102655047,Gene Expression,A_mel_mkref_out,False,2365
LOC724269,LOC724269,Gene Expression,A_mel_mkref_out,False,37042
LOC408976,LOC408976,Gene Expression,A_mel_mkref_out,False,84791
LOC413692,LOC413692,Gene Expression,A_mel_mkref_out,False,12290
LOC411371,LOC411371,Gene Expression,A_mel_mkref_out,False,40893
LOC102656114,LOC102656114,Gene Expression,A_mel_mkref_out,False,394
LOC727000,LOC727000,Gene Expression,A_mel_mkref_out,False,39774
LOC409409,LOC409409,Gene Expression,A_mel_mkref_out,False,11893
LOC409249,LOC409249,Gene Expression,A_mel_mkref_out,False,39395
LOC102656398,LOC102656398,Gene Expression,A_mel_mkref_out,False,524
LOC411345,LOC411345,Gene Expression,A_mel_mkref_out,False,53233
LOC113219000,LOC113219000,Gene Expression,A_mel_mkref_out,False,110
LOC113218993,LOC113218993,Gene Expression,A_mel_mkref_out,False,919
LOC727592,LOC727592,Gene Expression,A_mel_mkref_out,False,11068
LOC107964968,LOC107964968,Gene Expression,A_mel_mkref_out,False,5808
LOC412446,LOC412446,Gene Expression,A_mel_mkref_out,False,20873
LOC552414,LOC552414,Gene Expression,A_mel_mkref_out,False,54852
LOC411340,LOC411340,Gene Expression,A_mel_mkref_out,False,202
LOC726750,LOC726750,Gene Expression,A_mel_mkref_out,False,360
LOC726626,LOC726626,Gene Expression,A_mel_mkref_out,False,17949
LOC412960,LOC412960,Gene Expression,A_mel_mkref_out,False,31420
LOC412091,LOC412091,Gene Expression,A_mel_mkref_out,False,51546
5-HT2alpha,GeneID_411323,Gene Expression,A_mel_mkref_out,False,7824
LOC100576369,LOC100576369,Gene Expression,A_mel_mkref_out,False,49198
LOC409599,LOC409599,Gene Expression,A_mel_mkref_out,False,30424
LOC725335,LOC725335,Gene Expression,A_mel_mkref_out,False,450
LOC113219014,LOC113219014,Gene Expression,A_mel_mkref_out,False,931
LOC113218997,LOC113218997,Gene Expression,A_mel_mkref_out,False,4534
LOC409586,LOC409586,Gene Expression,A_mel_mkref_out,False,21073
LOC412025,LOC412025,Gene Expression,A_mel_mkref_out,False,11102
LOC725067,LOC725067,Gene Expression,A_mel_mkref_out,False,13571
LOC726981,LOC726981,Gene Expression,A_mel_mkref_out,False,37
LOC409217,LOC409217,Gene Expression,A_mel_mkref_out,False,32497
LOC409465,LOC409465,Gene Expression,A_mel_mkref_out,False,10838
LOC727021,LOC727021,Gene Expression,A_mel_mkref_out,False,60
LOC100578726,LOC100578726,Gene Expression,A_mel_mkref_out,False,12963
NLG-4,GeneID_411321,Gene Expression,A_mel_mkref_out,False,73341
LOC113218989,LOC113218989,Gene Expression,A_mel_mkref_out,False,1984
LOC724718,LOC724718,Gene Expression,A_mel_mkref_out,False,39628
LOC727568,LOC727568,Gene Expression,A_mel_mkref_out,False,7186
LOC100578323,LOC100578323,Gene Expression,A_mel_mkref_out,False,2226
LOC102656350,LOC102656350,Gene Expression,A_mel_mkref_out,False,367
LOC551227,LOC551227,Gene Expression,A_mel_mkref_out,False,28982
LOC413994,LOC413994,Gene Expression,A_mel_mkref_out,False,88723
LOC102654750,LOC102654750,Gene Expression,A_mel_mkref_out,False,2391
LOC408982,LOC408982,Gene Expression,A_mel_mkref_out,False,18205
LOC408992,LOC408992,Gene Expression,A_mel_mkref_out,False,87292
LOC726721,LOC726721,Gene Expression,A_mel_mkref_out,False,21653
LOC100578091,LOC100578091,Gene Expression,A_mel_mkref_out,False,1273
LOC107964934,LOC107964934,Gene Expression,A_mel_mkref_out,False,945
LOC409085,LOC409085,Gene Expression,A_mel_mkref_out,False,21863
LOC552386,LOC552386,Gene Expression,A_mel_mkref_out,False,23945
LOC550684,LOC550684,Gene Expression,A_mel_mkref_out,False,11068
LOC725302,LOC725302,Gene Expression,A_mel_mkref_out,False,905
LOC727153,LOC727153,Gene Expression,A_mel_mkref_out,False,10075
LOC725969,LOC725969,Gene Expression,A_mel_mkref_out,False,40
LOC411846,LOC411846,Gene Expression,A_mel_mkref_out,False,3571
LOC724936,LOC724936,Gene Expression,A_mel_mkref_out,False,10321
LOC726850,LOC726850,Gene Expression,A_mel_mkref_out,False,337
LOC409186,LOC409186,Gene Expression,A_mel_mkref_out,False,22942
LOC102653654,LOC102653654,Gene Expression,A_mel_mkref_out,False,255
LOC100859932,LOC100859932,Gene Expression,A_mel_mkref_out,False,85850
LOC100576813,LOC100576813,Gene Expression,A_mel_mkref_out,False,538
LOC724178,LOC724178,Gene Expression,A_mel_mkref_out,False,67779
LOC552643,LOC552643,Gene Expression,A_mel_mkref_out,False,24292
LOC551093,LOC551093,Gene Expression,A_mel_mkref_out,False,30907
LOC726991,LOC726991,Gene Expression,A_mel_mkref_out,False,66634
LOC107964975,LOC107964975,Gene Expression,A_mel_mkref_out,False,533
LOC409310,LOC409310,Gene Expression,A_mel_mkref_out,False,20851
LOC412961,LOC412961,Gene Expression,A_mel_mkref_out,False,37888
LOC409017,LOC409017,Gene Expression,A_mel_mkref_out,False,23273
LOC102654791,LOC102654791,Gene Expression,A_mel_mkref_out,False,30953
LOC102654053,LOC102654053,Gene Expression,A_mel_mkref_out,False,49
LOC411822,LOC411822,Gene Expression,A_mel_mkref_out,False,28220
LOC726515,LOC726515,Gene Expression,A_mel_mkref_out,False,8235
LOC408996,LOC408996,Gene Expression,A_mel_mkref_out,False,39322
LOC726958,LOC726958,Gene Expression,A_mel_mkref_out,False,12642
LOC726444,LOC726444,Gene Expression,A_mel_mkref_out,False,16400
LOC411305,LOC411305,Gene Expression,A_mel_mkref_out,False,7001
LOC408988,LOC408988,Gene Expression,A_mel_mkref_out,False,48932
LOC726608,LOC726608,Gene Expression,A_mel_mkref_out,False,30380
LOC552693,LOC552693,Gene Expression,A_mel_mkref_out,False,53007
LOC726288,LOC726288,Gene Expression,A_mel_mkref_out,False,1942
LOC411343,LOC411343,Gene Expression,A_mel_mkref_out,False,39226
LOC100576192,LOC100576192,Gene Expression,A_mel_mkref_out,False,75
LOC552798,LOC552798,Gene Expression,A_mel_mkref_out,False,23320
LOC102655897,LOC102655897,Gene Expression,A_mel_mkref_out,False,1244
LOC100578093,LOC100578093,Gene Expression,A_mel_mkref_out,False,4549
LOC408989,LOC408989,Gene Expression,A_mel_mkref_out,False,2563
LOC551445,LOC551445,Gene Expression,A_mel_mkref_out,False,8808
LOC100576876,LOC100576876,Gene Expression,A_mel_mkref_out,False,36877
LOC409231,LOC409231,Gene Expression,A_mel_mkref_out,False,36334
LOC727010,LOC727010,Gene Expression,A_mel_mkref_out,False,198
LOC409365,LOC409365,Gene Expression,A_mel_mkref_out,False,24596
LOC107964955,LOC107964955,Gene Expression,A_mel_mkref_out,False,6146
LOC102654585,LOC102654585,Gene Expression,A_mel_mkref_out,False,8132
LOC725026,LOC725026,Gene Expression,A_mel_mkref_out,False,144
LOC552484,LOC552484,Gene Expression,A_mel_mkref_out,False,23107
LOC107964964,LOC107964964,Gene Expression,A_mel_mkref_out,False,2901
LOC726361,LOC726361,Gene Expression,A_mel_mkref_out,False,2021
LOC113218988,LOC113218988,Gene Expression,A_mel_mkref_out,False,22
LOC107964950,LOC107964950,Gene Expression,A_mel_mkref_out,False,66359
LOC100576504,LOC100576504,Gene Expression,A_mel_mkref_out,False,3130
LOC551576,LOC551576,Gene Expression,A_mel_mkref_out,False,14451
LOC726860,LOC726860,Gene Expression,A_mel_mkref_out,False,3143
LOC411315,LOC411315,Gene Expression,A_mel_mkref_out,False,35817
LOC408391,LOC408391,Gene Expression,A_mel_mkref_out,False,12065
LOC552345,LOC552345,Gene Expression,A_mel_mkref_out,False,40542
LCCH3,GeneID_412740,Gene Expression,A_mel_mkref_out,False,36595
LOC100578713,LOC100578713,Gene Expression,A_mel_mkref_out,False,8574
LOC102654691,LOC102654691,Gene Expression,A_mel_mkref_out,False,35937
LOC102656465,LOC102656465,Gene Expression,A_mel_mkref_out,False,75170
LOC552778,LOC552778,Gene Expression,A_mel_mkref_out,False,22441
nAChRb2,GeneID_726079,Gene Expression,A_mel_mkref_out,False,560
LOC409262,LOC409262,Gene Expression,A_mel_mkref_out,False,10378
Para,GeneID_409018,Gene Expression,A_mel_mkref_out,False,90621
LOC724895,LOC724895,Gene Expression,A_mel_mkref_out,False,2841
LOC725598,LOC725598,Gene Expression,A_mel_mkref_out,False,12919
LOC100578763,LOC100578763,Gene Expression,A_mel_mkref_out,False,8491
LOC107965829,LOC107965829,Gene Expression,A_mel_mkref_out,False,109
LOC100642173,LOC100642173,Gene Expression,A_mel_mkref_out,False,4428
LOC409007,LOC409007,Gene Expression,A_mel_mkref_out,False,71843
LOC412155,LOC412155,Gene Expression,A_mel_mkref_out,False,24059
LOC113218983,LOC113218983,Gene Expression,A_mel_mkref_out,False,18381
LOC410063,LOC410063,Gene Expression,A_mel_mkref_out,False,3325
LOC100576702,LOC100576702,Gene Expression,A_mel_mkref_out,False,1119
LOC725557,LOC725557,Gene Expression,A_mel_mkref_out,False,50978
LOC113218543,LOC113218543,Gene Expression,A_mel_mkref_out,False,184
LOC408981,LOC408981,Gene Expression,A_mel_mkref_out,False,22581
LOC412768,LOC412768,Gene Expression,A_mel_mkref_out,False,24
LOC552476,LOC552476,Gene Expression,A_mel_mkref_out,False,15669
LOC100577561,LOC100577561,Gene Expression,A_mel_mkref_out,False,7553
LOC409281,LOC409281,Gene Expression,A_mel_mkref_out,False,44913
LOC551972,LOC551972,Gene Expression,A_mel_mkref_out,False,16333
LOC107964944,LOC107964944,Gene Expression,A_mel_mkref_out,False,110
LOC410012,LOC410012,Gene Expression,A_mel_mkref_out,False,27590
LOC413917,LOC413917,Gene Expression,A_mel_mkref_out,False,12198
LOC726629,LOC726629,Gene Expression,A_mel_mkref_out,False,60
LOC100578130,LOC100578130,Gene Expression,A_mel_mkref_out,False,181
LOC102656006,LOC102656006,Gene Expression,A_mel_mkref_out,False,25103
LOC411295,LOC411295,Gene Expression,A_mel_mkref_out,False,30858
B-gluc1,GeneID_411899,Gene Expression,A_mel_mkref_out,False,2667
Lin-52,GeneID_408984,Gene Expression,A_mel_mkref_out,False,9419
LOC725024,LOC725024,Gene Expression,A_mel_mkref_out,False,89693
LOC552217,LOC552217,Gene Expression,A_mel_mkref_out,False,304
LOC113218994,LOC113218994,Gene Expression,A_mel_mkref_out,False,2259
LOC413768,LOC413768,Gene Expression,A_mel_mkref_out,False,1287
LOC107965005,LOC107965005,Gene Expression,A_mel_mkref_out,False,28
LOC552487,LOC552487,Gene Expression,A_mel_mkref_out,False,19566
LOC411301,LOC411301,Gene Expression,A_mel_mkref_out,False,2776
LOC408985,LOC408985,Gene Expression,A_mel_mkref_out,False,3066
Obp5,GeneID_406100,Gene Expression,A_mel_mkref_out,False,399
LOC412767,LOC412767,Gene Expression,A_mel_mkref_out,False,99
LOC724315,LOC724315,Gene Expression,A_mel_mkref_out,False,13587
LOC411503,LOC411503,Gene Expression,A_mel_mkref_out,False,15925
LOC726197,LOC726197,Gene Expression,A_mel_mkref_out,False,22302
LOC413274,LOC413274,Gene Expression,A_mel_mkref_out,False,4880
LOC551097,LOC551097,Gene Expression,A_mel_mkref_out,False,15119
LOC100576271,LOC100576271,Gene Expression,A_mel_mkref_out,False,6400
LOC725710,LOC725710,Gene Expression,A_mel_mkref_out,False,1905
LOC409602,LOC409602,Gene Expression,A_mel_mkref_out,False,218
LOC113218975,LOC113218975,Gene Expression,A_mel_mkref_out,False,3110
LOC727173,LOC727173,Gene Expression,A_mel_mkref_out,False,20736
LOC411833,LOC411833,Gene Expression,A_mel_mkref_out,False,18558
LOC412276,LOC412276,Gene Expression,A_mel_mkref_out,False,10345
LOC100577988,LOC100577988,Gene Expression,A_mel_mkref_out,False,18386
LOC409741,LOC409741,Gene Expression,A_mel_mkref_out,False,33522
LOC409804,LOC409804,Gene Expression,A_mel_mkref_out,False,55982
LOC107965000,LOC107965000,Gene Expression,A_mel_mkref_out,False,2719
LOC726167,LOC726167,Gene Expression,A_mel_mkref_out,False,26077
LOC113218998,LOC113218998,Gene Expression,A_mel_mkref_out,False,4616
LOC413382,LOC413382,Gene Expression,A_mel_mkref_out,False,62392
LOC411293,LOC411293,Gene Expression,A_mel_mkref_out,False,22755
LOC724267,LOC724267,Gene Expression,A_mel_mkref_out,False,22683
LOC107965817,LOC107965817,Gene Expression,A_mel_mkref_out,False,11488
LOC412762,LOC412762,Gene Expression,A_mel_mkref_out,False,7549
LOC100578798,LOC100578798,Gene Expression,A_mel_mkref_out,False,116
LOC409144,LOC409144,Gene Expression,A_mel_mkref_out,False,28594
LOC102654076,LOC102654076,Gene Expression,A_mel_mkref_out,False,2272
LOC726289,LOC726289,Gene Expression,A_mel_mkref_out,False,33547
LOC107964997,LOC107964997,Gene Expression,A_mel_mkref_out,False,38
LOC411447,LOC411447,Gene Expression,A_mel_mkref_out,False,22769
Rep,GeneID_726003,Gene Expression,A_mel_mkref_out,False,52489
LOC727599,LOC727599,Gene Expression,A_mel_mkref_out,False,16421
LOC550822,LOC550822,Gene Expression,A_mel_mkref_out,False,16041
LOC102653793,LOC102653793,Gene Expression,A_mel_mkref_out,False,30092
LOC113218980,LOC113218980,Gene Expression,A_mel_mkref_out,False,75226
LOC725227,LOC725227,Gene Expression,A_mel_mkref_out,False,6361
nAChRa1,GeneID_726214,Gene Expression,A_mel_mkref_out,False,68005
LOC100577667,LOC100577667,Gene Expression,A_mel_mkref_out,False,2687
LOC100576170,LOC100576170,Gene Expression,A_mel_mkref_out,False,35
LOC725076,LOC725076,Gene Expression,A_mel_mkref_out,False,37926
LOC411653,LOC411653,Gene Expression,A_mel_mkref_out,False,62797
Cox6b1,GeneID_100359409,Gene Expression,A_mel_mkref_out,False,29379
LOC107965011,LOC107965011,Gene Expression,A_mel_mkref_out,False,209
LOC724440,LOC724440,Gene Expression,A_mel_mkref_out,False,40107
LOC411299,LOC411299,Gene Expression,A_mel_mkref_out,False,30966
LOC412770,LOC412770,Gene Expression,A_mel_mkref_out,False,25716
LOC411304,LOC411304,Gene Expression,A_mel_mkref_out,False,11282
LOC551907,LOC551907,Gene Expression,A_mel_mkref_out,False,26309
LOC552228,LOC552228,Gene Expression,A_mel_mkref_out,False,62405
LOC412629,LOC412629,Gene Expression,A_mel_mkref_out,False,18194
LOC411296,LOC411296,Gene Expression,A_mel_mkref_out,False,311
LOC552462,LOC552462,Gene Expression,A_mel_mkref_out,False,10367
LOC725595,LOC725595,Gene Expression,A_mel_mkref_out,False,9193
LOC724787,LOC724787,Gene Expression,A_mel_mkref_out,False,59772
Rpn1,GeneID_726087,Gene Expression,A_mel_mkref_out,False,37226
LOC100577151,LOC100577151,Gene Expression,A_mel_mkref_out,False,2388
LOC413984,LOC413984,Gene Expression,A_mel_mkref_out,False,60429
LOC411923,LOC411923,Gene Expression,A_mel_mkref_out,False,23794
LOC726213,LOC726213,Gene Expression,A_mel_mkref_out,False,15823
LOC409001,LOC409001,Gene Expression,A_mel_mkref_out,False,36207
LOC724358,LOC724358,Gene Expression,A_mel_mkref_out,False,790
LOC102656893,LOC102656893,Gene Expression,A_mel_mkref_out,False,11171
LOC726382,LOC726382,Gene Expression,A_mel_mkref_out,False,5555
LOC102654541,LOC102654541,Gene Expression,A_mel_mkref_out,False,2743
LOC409232,LOC409232,Gene Expression,A_mel_mkref_out,False,59737
LOC552421,LOC552421,Gene Expression,A_mel_mkref_out,False,19441
LOC726796,LOC726796,Gene Expression,A_mel_mkref_out,False,162
LOC727630,LOC727630,Gene Expression,A_mel_mkref_out,False,78679
Obp3,GeneID_677671,Gene Expression,A_mel_mkref_out,False,52
LOC100578212,LOC100578212,Gene Expression,A_mel_mkref_out,False,7398
LOC411307,LOC411307,Gene Expression,A_mel_mkref_out,False,3600
LOC413256,LOC413256,Gene Expression,A_mel_mkref_out,False,34993
LOC411358,LOC411358,Gene Expression,A_mel_mkref_out,False,589
LOC726642,LOC726642,Gene Expression,A_mel_mkref_out,False,37404
LOC113218976,LOC113218976,Gene Expression,A_mel_mkref_out,False,664
LOC725634,LOC725634,Gene Expression,A_mel_mkref_out,False,18774
LOC725842,LOC725842,Gene Expression,A_mel_mkref_out,False,223
LOC409019,LOC409019,Gene Expression,A_mel_mkref_out,False,7827
LOC409010,LOC409010,Gene Expression,A_mel_mkref_out,False,22860
LOC100577358,LOC100577358,Gene Expression,A_mel_mkref_out,False,3806
LOC724138,LOC724138,Gene Expression,A_mel_mkref_out,False,45846
LOC726029,LOC726029,Gene Expression,A_mel_mkref_out,False,8214
LOC102655357,LOC102655357,Gene Expression,A_mel_mkref_out,False,7697
LOC409020,LOC409020,Gene Expression,A_mel_mkref_out,False,85385
LOC107964990,LOC107964990,Gene Expression,A_mel_mkref_out,False,10392
LOC726662,LOC726662,Gene Expression,A_mel_mkref_out,False,13548
LOC412011,LOC412011,Gene Expression,A_mel_mkref_out,False,29983
LOC725558,LOC725558,Gene Expression,A_mel_mkref_out,False,26606
LOC724477,LOC724477,Gene Expression,A_mel_mkref_out,False,373
LOC552273,LOC552273,Gene Expression,A_mel_mkref_out,False,13936
LOC102655900,LOC102655900,Gene Expression,A_mel_mkref_out,False,421
LOC726880,LOC726880,Gene Expression,A_mel_mkref_out,False,2924
Obp6,GeneID_406109,Gene Expression,A_mel_mkref_out,False,1136
LOC725766,LOC725766,Gene Expression,A_mel_mkref_out,False,36
LOC411476,LOC411476,Gene Expression,A_mel_mkref_out,False,31291
LOC408987,LOC408987,Gene Expression,A_mel_mkref_out,False,44258
LOC107964959,LOC107964959,Gene Expression,A_mel_mkref_out,False,16780
LOC107963984,LOC107963984,Gene Expression,A_mel_mkref_out,False,1559
LOC726740,LOC726740,Gene Expression,A_mel_mkref_out,False,6500
LOC113218979,LOC113218979,Gene Expression,A_mel_mkref_out,False,10777
LOC102655174,LOC102655174,Gene Expression,A_mel_mkref_out,False,899
LOC107964994,LOC107964994,Gene Expression,A_mel_mkref_out,False,18749
LOC412291,LOC412291,Gene Expression,A_mel_mkref_out,False,35863
LOC412688,LOC412688,Gene Expression,A_mel_mkref_out,False,40032
LOC100576902,LOC100576902,Gene Expression,A_mel_mkref_out,False,5855
LOC726619,LOC726619,Gene Expression,A_mel_mkref_out,False,13860
LOC100578842,LOC100578842,Gene Expression,A_mel_mkref_out,False,259
LOC100577266,LOC100577266,Gene Expression,A_mel_mkref_out,False,1774
LOC550780,LOC550780,Gene Expression,A_mel_mkref_out,False,25288
LOC550924,LOC550924,Gene Expression,A_mel_mkref_out,False,7838
LOC552524,LOC552524,Gene Expression,A_mel_mkref_out,False,14608
LOC551433,LOC551433,Gene Expression,A_mel_mkref_out,False,29263
LOC113218990,LOC113218990,Gene Expression,A_mel_mkref_out,False,504
LOC409805,LOC409805,Gene Expression,A_mel_mkref_out,False,3815
LOC411330,LOC411330,Gene Expression,A_mel_mkref_out,False,967
LOC409357,LOC409357,Gene Expression,A_mel_mkref_out,False,17562
Dop3,GeneID_408995,Gene Expression,A_mel_mkref_out,False,48627
LOC409004,LOC409004,Gene Expression,A_mel_mkref_out,False,57364
LOC408990,LOC408990,Gene Expression,A_mel_mkref_out,False,5607
LOC724663,LOC724663,Gene Expression,A_mel_mkref_out,False,25720
LOC412665,LOC412665,Gene Expression,A_mel_mkref_out,False,8389
Usp,GeneID_409227,Gene Expression,A_mel_mkref_out,False,63113
LOC113219015,LOC113219015,Gene Expression,A_mel_mkref_out,False,15262
LOC107964977,LOC107964977,Gene Expression,A_mel_mkref_out,False,1369
LOC100576935,LOC100576935,Gene Expression,A_mel_mkref_out,False,2415
LOC113219002,LOC113219002,Gene Expression,A_mel_mkref_out,False,3842
LOC727552,LOC727552,Gene Expression,A_mel_mkref_out,False,9152
LOC100576167,LOC100576167,Gene Expression,A_mel_mkref_out,False,73
LOC727278,LOC727278,Gene Expression,A_mel_mkref_out,False,37534
LOC411936,LOC411936,Gene Expression,A_mel_mkref_out,False,15599
LOC100578354,LOC100578354,Gene Expression,A_mel_mkref_out,False,2812
LOC552066,LOC552066,Gene Expression,A_mel_mkref_out,False,11814
LOC113218991,LOC113218991,Gene Expression,A_mel_mkref_out,False,12179
LOC113218995,LOC113218995,Gene Expression,A_mel_mkref_out,False,10465
Nrk1,GeneID_100187709rk1,Gene Expression,A_mel_mkref_out,False,8765
LOC102656780,LOC102656780,Gene Expression,A_mel_mkref_out,False,202
LOC552216,LOC552216,Gene Expression,A_mel_mkref_out,False,906
LOC102654795,LOC102654795,Gene Expression,A_mel_mkref_out,False,1664
LOC102656198,LOC102656198,Gene Expression,A_mel_mkref_out,False,5300
LOC100578732,LOC100578732,Gene Expression,A_mel_mkref_out,False,79
Tpx-4,GeneID_551975,Gene Expression,A_mel_mkref_out,False,3865
LOC725903,LOC725903,Gene Expression,A_mel_mkref_out,False,176
LOC411347,LOC411347,Gene Expression,A_mel_mkref_out,False,85245
LOC113218544,LOC113218544,Gene Expression,A_mel_mkref_out,False,39885
LOC107965832,LOC107965832,Gene Expression,A_mel_mkref_out,False,4649
LOC102654579,LOC102654579,Gene Expression,A_mel_mkref_out,False,9297
LOC113218992,LOC113218992,Gene Expression,A_mel_mkref_out,False,4121
LOC102653673,LOC102653673,Gene Expression,A_mel_mkref_out,False,117
LOC725938,LOC725938,Gene Expression,A_mel_mkref_out,False,40349
LOC552515,LOC552515,Gene Expression,A_mel_mkref_out,False,36420
LOC113219019,LOC113219019,Gene Expression,A_mel_mkref_out,False,259
LOC408983,LOC408983,Gene Expression,A_mel_mkref_out,False,14363
LOC725372,LOC725372,Gene Expression,A_mel_mkref_out,False,4577
LOC102654439,LOC102654439,Gene Expression,A_mel_mkref_out,False,4999
LOC100577196,LOC100577196,Gene Expression,A_mel_mkref_out,False,19634
LOC102656497,LOC102656497,Gene Expression,A_mel_mkref_out,False,23
LOC727157,LOC727157,Gene Expression,A_mel_mkref_out,False,3017
LOC102654498,LOC102654498,Gene Expression,A_mel_mkref_out,False,240
LOC409016,LOC409016,Gene Expression,A_mel_mkref_out,False,44314
LOC552340,LOC552340,Gene Expression,A_mel_mkref_out,False,49070
LOC552173,LOC552173,Gene Expression,A_mel_mkref_out,False,22644
LOC412763,LOC412763,Gene Expression,A_mel_mkref_out,False,1461
LOC412787,LOC412787,Gene Expression,A_mel_mkref_out,False,43227
LOC102653932,LOC102653932,Gene Expression,A_mel_mkref_out,False,43
LOC409267,LOC409267,Gene Expression,A_mel_mkref_out,False,39088
LOC102654952,LOC102654952,Gene Expression,A_mel_mkref_out,False,21201
LOC102653834,LOC102653834,Gene Expression,A_mel_mkref_out,False,4117
LOC107965793,LOC107965793,Gene Expression,A_mel_mkref_out,False,11937
LOC724177,LOC724177,Gene Expression,A_mel_mkref_out,False,30674
LOC412647,LOC412647,Gene Expression,A_mel_mkref_out,False,40454
LOC411316,LOC411316,Gene Expression,A_mel_mkref_out,False,1586
LOC551305,LOC551305,Gene Expression,A_mel_mkref_out,False,9143
LOC100576085,LOC100576085,Gene Expression,A_mel_mkref_out,False,37591
LOC409006,LOC409006,Gene Expression,A_mel_mkref_out,False,45705
LOC409015,LOC409015,Gene Expression,A_mel_mkref_out,False,51335
LOC102656614,LOC102656614,Gene Expression,A_mel_mkref_out,False,28
LOC102655512,LOC102655512,Gene Expression,A_mel_mkref_out,False,32
LOC408991,LOC408991,Gene Expression,A_mel_mkref_out,False,29969
LOC100578664,LOC100578664,Gene Expression,A_mel_mkref_out,False,251
LOC724520,LOC724520,Gene Expression,A_mel_mkref_out,False,234
LOC726934,LOC726934,Gene Expression,A_mel_mkref_out,False,237
LOC725596,LOC725596,Gene Expression,A_mel_mkref_out,False,79007
LOC100578699,LOC100578699,Gene Expression,A_mel_mkref_out,False,186
LOC100577252,LOC100577252,Gene Expression,A_mel_mkref_out,False,4617
LOC412289,LOC412289,Gene Expression,A_mel_mkref_out,False,23399
LOC102656311,LOC102656311,Gene Expression,A_mel_mkref_out,False,19389
LOC100578770,LOC100578770,Gene Expression,A_mel_mkref_out,False,312
LOC100578430,LOC100578430,Gene Expression,A_mel_mkref_out,False,220
LOC409022,LOC409022,Gene Expression,A_mel_mkref_out,False,28544
LOC411320,LOC411320,Gene Expression,A_mel_mkref_out,False,4534
LOC725970,LOC725970,Gene Expression,A_mel_mkref_out,False,91429
nAChRa2,GeneID_406153,Gene Expression,A_mel_mkref_out,False,27095
LOC100578345,LOC100578345,Gene Expression,A_mel_mkref_out,False,15189
LOC411491,LOC411491,Gene Expression,A_mel_mkref_out,False,9392
LOC552235,LOC552235,Gene Expression,A_mel_mkref_out,False,32164
LOC102655319,LOC102655319,Gene Expression,A_mel_mkref_out,False,253
LOC552401,LOC552401,Gene Expression,A_mel_mkref_out,False,9403
LOC552803,LOC552803,Gene Expression,A_mel_mkref_out,False,6197
LOC551959,LOC551959,Gene Expression,A_mel_mkref_out,False,4018
LOC100577998,LOC100577998,Gene Expression,A_mel_mkref_out,False,37898
LOC552546,LOC552546,Gene Expression,A_mel_mkref_out,False,842
LOC107964976,LOC107964976,Gene Expression,A_mel_mkref_out,False,555
LOC409002,LOC409002,Gene Expression,A_mel_mkref_out,False,26
LOC102655639,LOC102655639,Gene Expression,A_mel_mkref_out,False,6864
LOC107964998,LOC107964998,Gene Expression,A_mel_mkref_out,False,19190
LOC409420,LOC409420,Gene Expression,A_mel_mkref_out,False,18220
LOC409023,LOC409023,Gene Expression,A_mel_mkref_out,False,7609
LOC725671,LOC725671,Gene Expression,A_mel_mkref_out,False,626
LOC102656074,LOC102656074,Gene Expression,A_mel_mkref_out,False,80335
LOC726638,LOC726638,Gene Expression,A_mel_mkref_out,False,12520
LOC726106,LOC726106,Gene Expression,A_mel_mkref_out,False,31327
LOC409073,LOC409073,Gene Expression,A_mel_mkref_out,False,23869
LOC411291,LOC411291,Gene Expression,A_mel_mkref_out,False,1750
LOC102656773,LOC102656773,Gene Expression,A_mel_mkref_out,False,201
LOC113218985,LOC113218985,Gene Expression,A_mel_mkref_out,False,6193
LOC412784,LOC412784,Gene Expression,A_mel_mkref_out,False,22134
LOC726215,LOC726215,Gene Expression,A_mel_mkref_out,False,36036
LOC100576261,LOC100576261,Gene Expression,A_mel_mkref_out,False,11898
LOC551936,LOC551936,Gene Expression,A_mel_mkref_out,False,4429
LOC113219009,LOC113219009,Gene Expression,A_mel_mkref_out,False,313
LOC100578512,LOC100578512,Gene Expression,A_mel_mkref_out,False,242
LOC107964972,LOC107964972,Gene Expression,A_mel_mkref_out,False,5026
LOC113218999,LOC113218999,Gene Expression,A_mel_mkref_out,False,3469
LOC726950,LOC726950,Gene Expression,A_mel_mkref_out,False,222
LOC411317,LOC411317,Gene Expression,A_mel_mkref_out,False,436
LOC409388,LOC409388,Gene Expression,A_mel_mkref_out,False,10038
LOC552674,LOC552674,Gene Expression,A_mel_mkref_out,False,23450
LOC412467,LOC412467,Gene Expression,A_mel_mkref_out,False,10746
Psq,GeneID_406123,Gene Expression,A_mel_mkref_out,False,30199
LOC411327,LOC411327,Gene Expression,A_mel_mkref_out,False,7510
LOC411338,LOC411338,Gene Expression,A_mel_mkref_out,False,10399
LOC725136,LOC725136,Gene Expression,A_mel_mkref_out,False,18772
LOC412815,LOC412815,Gene Expression,A_mel_mkref_out,False,39236
nAChRa9,GeneID_411303,Gene Expression,A_mel_mkref_out,False,152
LOC412510,LOC412510,Gene Expression,A_mel_mkref_out,False,19434
LOC113219012,LOC113219012,Gene Expression,A_mel_mkref_out,False,37
LOC412318,LOC412318,Gene Expression,A_mel_mkref_out,False,10940
LOC102655945,LOC102655945,Gene Expression,A_mel_mkref_out,False,390
LOC107964982,LOC107964982,Gene Expression,A_mel_mkref_out,False,126
LOC409268,LOC409268,Gene Expression,A_mel_mkref_out,False,42394
LOC113218982,LOC113218982,Gene Expression,A_mel_mkref_out,False,11774
LOC726941,LOC726941,Gene Expression,A_mel_mkref_out,False,47065
LOC113219008,LOC113219008,Gene Expression,A_mel_mkref_out,False,4284
LOC412880,LOC412880,Gene Expression,A_mel_mkref_out,False,17296
LOC113218977,LOC113218977,Gene Expression,A_mel_mkref_out,False,77
LOC411837,LOC411837,Gene Expression,A_mel_mkref_out,False,13691
LOC100578400,LOC100578400,Gene Expression,A_mel_mkref_out,False,269
LOC411450,LOC411450,Gene Expression,A_mel_mkref_out,False,13216
LOC552245,LOC552245,Gene Expression,A_mel_mkref_out,False,8851
LOC113218987,LOC113218987,Gene Expression,A_mel_mkref_out,False,14178
LOC724616,LOC724616,Gene Expression,A_mel_mkref_out,False,653
LOC102653713,LOC102653713,Gene Expression,A_mel_mkref_out,False,8860
LOC102655188,LOC102655188,Gene Expression,A_mel_mkref_out,False,22229
NLG-5,GeneID_724137,Gene Expression,A_mel_mkref_out,False,45075
LOC551930,LOC551930,Gene Expression,A_mel_mkref_out,False,37960
LOC107965827,LOC107965827,Gene Expression,A_mel_mkref_out,False,13869
Gpdh,GeneID_726445,Gene Expression,A_mel_mkref_out,False,35304
Amel_8916,GeneID_726970,Gene Expression,A_mel_mkref_out,False,5518
LOC411845,LOC411845,Gene Expression,A_mel_mkref_out,False,12848
LOC102654158,LOC102654158,Gene Expression,A_mel_mkref_out,False,25
LOC411344,LOC411344,Gene Expression,A_mel_mkref_out,False,63564
LOC552561,LOC552561,Gene Expression,A_mel_mkref_out,False,1205
LOC102654246,LOC102654246,Gene Expression,A_mel_mkref_out,False,53
LOC411922,LOC411922,Gene Expression,A_mel_mkref_out,False,17405
LOC411924,LOC411924,Gene Expression,A_mel_mkref_out,False,19977
LOC725563,LOC725563,Gene Expression,A_mel_mkref_out,False,37609
LOC100576187,LOC100576187,Gene Expression,A_mel_mkref_out,False,47127
LOC412769,LOC412769,Gene Expression,A_mel_mkref_out,False,2628
LOC102656567,LOC102656567,Gene Expression,A_mel_mkref_out,False,169
LOC725264,LOC725264,Gene Expression,A_mel_mkref_out,False,38107
LOC552529,LOC552529,Gene Expression,A_mel_mkref_out,False,18336
LOC724356,LOC724356,Gene Expression,A_mel_mkref_out,False,40577
LOC113219016,LOC113219016,Gene Expression,A_mel_mkref_out,False,3006
LOC551523,LOC551523,Gene Expression,A_mel_mkref_out,False,26122
LOC411542,LOC411542,Gene Expression,A_mel_mkref_out,False,32488
LOC411960,LOC411960,Gene Expression,A_mel_mkref_out,False,32984
LOC102656338,LOC102656338,Gene Expression,A_mel_mkref_out,False,4061
LOC409011,LOC409011,Gene Expression,A_mel_mkref_out,False,11409
LOC408979,LOC408979,Gene Expression,A_mel_mkref_out,False,29677
LOC100578597,LOC100578597,Gene Expression,A_mel_mkref_out,False,46355
LOC552793,LOC552793,Gene Expression,A_mel_mkref_out,False,20887
LOC100576436,LOC100576436,Gene Expression,A_mel_mkref_out,False,38659
LOC410062,LOC410062,Gene Expression,A_mel_mkref_out,False,45249
LOC100577999,LOC100577999,Gene Expression,A_mel_mkref_out,False,1822
LOC406152,LOC406152,Gene Expression,A_mel_mkref_out,False,20346
LOC411744,LOC411744,Gene Expression,A_mel_mkref_out,False,72552
LOC411490,LOC411490,Gene Expression,A_mel_mkref_out,False,34771
LOC550940,LOC550940,Gene Expression,A_mel_mkref_out,False,21784
LOC552749,LOC552749,Gene Expression,A_mel_mkref_out,False,32961
LOC551880,LOC551880,Gene Expression,A_mel_mkref_out,False,40782
LOC552499,LOC552499,Gene Expression,A_mel_mkref_out,False,8329
LOC552642,LOC552642,Gene Expression,A_mel_mkref_out,False,12589
Per,GeneID_406112,Gene Expression,A_mel_mkref_out,False,18442
LOC413660,LOC413660,Gene Expression,A_mel_mkref_out,False,17961
LOC100576825,LOC100576825,Gene Expression,A_mel_mkref_out,False,837
LOC412157,LOC412157,Gene Expression,A_mel_mkref_out,False,47656
LOC411508,LOC411508,Gene Expression,A_mel_mkref_out,False,15983
LOC409540,LOC409540,Gene Expression,A_mel_mkref_out,False,29885
LOC113219165,LOC113219165,Gene Expression,A_mel_mkref_out,False,540
LOC412731,LOC412731,Gene Expression,A_mel_mkref_out,False,27510
LOC100578628,LOC100578628,Gene Expression,A_mel_mkref_out,False,13168
LOC107965375,LOC107965375,Gene Expression,A_mel_mkref_out,False,13629
LOC409881,LOC409881,Gene Expression,A_mel_mkref_out,False,121
LOC410357,LOC410357,Gene Expression,A_mel_mkref_out,False,9996
LOC725268,LOC725268,Gene Expression,A_mel_mkref_out,False,22312
LOC409954,LOC409954,Gene Expression,A_mel_mkref_out,False,31370
LOC409285,LOC409285,Gene Expression,A_mel_mkref_out,False,16214
LOC724912,LOC724912,Gene Expression,A_mel_mkref_out,False,33845
LOC410353,LOC410353,Gene Expression,A_mel_mkref_out,False,80505
LOC411361,LOC411361,Gene Expression,A_mel_mkref_out,False,51989
LOC409208,LOC409208,Gene Expression,A_mel_mkref_out,False,4758
LOC724203,LOC724203,Gene Expression,A_mel_mkref_out,False,20799
LOC724546,LOC724546,Gene Expression,A_mel_mkref_out,False,3871
LOC107965385,LOC107965385,Gene Expression,A_mel_mkref_out,False,31
LOC100577755,LOC100577755,Gene Expression,A_mel_mkref_out,False,358
LOC113219151,LOC113219151,Gene Expression,A_mel_mkref_out,False,6935
TpnCIIIb,GeneID_408380,Gene Expression,A_mel_mkref_out,False,7601
LOC102655041,LOC102655041,Gene Expression,A_mel_mkref_out,False,2610
LOC411812,LOC411812,Gene Expression,A_mel_mkref_out,False,85790
LOC412742,LOC412742,Gene Expression,A_mel_mkref_out,False,26954
LOC113219150,LOC113219150,Gene Expression,A_mel_mkref_out,False,2437
LOC725656,LOC725656,Gene Expression,A_mel_mkref_out,False,22957
LOC107965314,LOC107965314,Gene Expression,A_mel_mkref_out,False,8157
LOC113219157,LOC113219157,Gene Expression,A_mel_mkref_out,False,358
LOC725353,LOC725353,Gene Expression,A_mel_mkref_out,False,44
LOC412460,LOC412460,Gene Expression,A_mel_mkref_out,False,14977
LOC413064,LOC413064,Gene Expression,A_mel_mkref_out,False,6495
LOC726039,LOC726039,Gene Expression,A_mel_mkref_out,False,3539
LOC413450,LOC413450,Gene Expression,A_mel_mkref_out,False,19574
LOC113219152,LOC113219152,Gene Expression,A_mel_mkref_out,False,334
LOC408394,LOC408394,Gene Expression,A_mel_mkref_out,False,1113
LOC725465,LOC725465,Gene Expression,A_mel_mkref_out,False,10937
LOC410393,LOC410393,Gene Expression,A_mel_mkref_out,False,62345
LOC410059,LOC410059,Gene Expression,A_mel_mkref_out,False,27852
LOC107965378,LOC107965378,Gene Expression,A_mel_mkref_out,False,1104
LOC551410,LOC551410,Gene Expression,A_mel_mkref_out,False,11733
LOC100576940,LOC100576940,Gene Expression,A_mel_mkref_out,False,908
LOC551549,LOC551549,Gene Expression,A_mel_mkref_out,False,24332
LOC100578276,LOC100578276,Gene Expression,A_mel_mkref_out,False,83
LOC408381,LOC408381,Gene Expression,A_mel_mkref_out,False,46413
LOC410387,LOC410387,Gene Expression,A_mel_mkref_out,False,20550
LOC107965308,LOC107965308,Gene Expression,A_mel_mkref_out,False,4222
LOC410167,LOC410167,Gene Expression,A_mel_mkref_out,False,2072
LOC551765,LOC551765,Gene Expression,A_mel_mkref_out,False,1101
LOC413840,LOC413840,Gene Expression,A_mel_mkref_out,False,19487
LOC107965377,LOC107965377,Gene Expression,A_mel_mkref_out,False,116
LOC107965325,LOC107965325,Gene Expression,A_mel_mkref_out,False,9507
LOC102656500,LOC102656500,Gene Expression,A_mel_mkref_out,False,4641
LOC410354,LOC410354,Gene Expression,A_mel_mkref_out,False,14425
LOC102654911,LOC102654911,Gene Expression,A_mel_mkref_out,False,14272
LOC100577024,LOC100577024,Gene Expression,A_mel_mkref_out,False,207
LOC102653773,LOC102653773,Gene Expression,A_mel_mkref_out,False,5213
LOC726433,LOC726433,Gene Expression,A_mel_mkref_out,False,1537
LOC724142,LOC724142,Gene Expression,A_mel_mkref_out,False,22355
LOC551490,LOC551490,Gene Expression,A_mel_mkref_out,False,70264
LOC725197,LOC725197,Gene Expression,A_mel_mkref_out,False,17752
LOC102654184,LOC102654184,Gene Expression,A_mel_mkref_out,False,2668
LOC409098,LOC409098,Gene Expression,A_mel_mkref_out,False,24177
LOC408371,LOC408371,Gene Expression,A_mel_mkref_out,False,17672
LOC413123,LOC413123,Gene Expression,A_mel_mkref_out,False,25051
LOC100578814,LOC100578814,Gene Expression,A_mel_mkref_out,False,278
LOC100578936,LOC100578936,Gene Expression,A_mel_mkref_out,False,6528
LOC100576992,LOC100576992,Gene Expression,A_mel_mkref_out,False,212
LOC107965307,LOC107965307,Gene Expression,A_mel_mkref_out,False,252
LOC724418,LOC724418,Gene Expression,A_mel_mkref_out,False,57
LOC409108,LOC409108,Gene Expression,A_mel_mkref_out,False,72819
LOC551870,LOC551870,Gene Expression,A_mel_mkref_out,False,21185
LOC727496,LOC727496,Gene Expression,A_mel_mkref_out,False,3530
LOC100577673,LOC100577673,Gene Expression,A_mel_mkref_out,False,29835
LOC113219145,LOC113219145,Gene Expression,A_mel_mkref_out,False,215
LOC102653922,LOC102653922,Gene Expression,A_mel_mkref_out,False,25313
LOC409783,LOC409783,Gene Expression,A_mel_mkref_out,False,82479
LOC726193,LOC726193,Gene Expression,A_mel_mkref_out,False,93
LOC412452,LOC412452,Gene Expression,A_mel_mkref_out,False,14494
LOC410388,LOC410388,Gene Expression,A_mel_mkref_out,False,27266
LOC552329,LOC552329,Gene Expression,A_mel_mkref_out,False,17239
LOC412611,LOC412611,Gene Expression,A_mel_mkref_out,False,9052
LOC724291,LOC724291,Gene Expression,A_mel_mkref_out,False,155
LOC724802,LOC724802,Gene Expression,A_mel_mkref_out,False,13871
LOC724959,LOC724959,Gene Expression,A_mel_mkref_out,False,37969
LOC552694,LOC552694,Gene Expression,A_mel_mkref_out,False,37310
LOC411622,LOC411622,Gene Expression,A_mel_mkref_out,False,63
LOC551325,LOC551325,Gene Expression,A_mel_mkref_out,False,32840
LOC725618,LOC725618,Gene Expression,A_mel_mkref_out,False,22217
LOC100578121,LOC100578121,Gene Expression,A_mel_mkref_out,False,6696
LOC410148,LOC410148,Gene Expression,A_mel_mkref_out,False,967
LOC102656016,LOC102656016,Gene Expression,A_mel_mkref_out,False,771
LOC100577737,LOC100577737,Gene Expression,A_mel_mkref_out,False,10397
Fibroin1,GeneID_724771,Gene Expression,A_mel_mkref_out,False,4383
LOC724772,LOC724772,Gene Expression,A_mel_mkref_out,False,40
LOC100578562,LOC100578562,Gene Expression,A_mel_mkref_out,False,2507
LOC102653716,LOC102653716,Gene Expression,A_mel_mkref_out,False,172
LOC413224,LOC413224,Gene Expression,A_mel_mkref_out,False,60106
LOC100576705,LOC100576705,Gene Expression,A_mel_mkref_out,False,271
Fibroin2,GeneID_100192200,Gene Expression,A_mel_mkref_out,False,100
LOC551240,LOC551240,Gene Expression,A_mel_mkref_out,False,15994
LOC409539,LOC409539,Gene Expression,A_mel_mkref_out,False,86009
LOC412326,LOC412326,Gene Expression,A_mel_mkref_out,False,13897
LOC107965335,LOC107965335,Gene Expression,A_mel_mkref_out,False,1222
LOC102654409,LOC102654409,Gene Expression,A_mel_mkref_out,False,302
LOC412180,LOC412180,Gene Expression,A_mel_mkref_out,False,10910
LOC409892,LOC409892,Gene Expression,A_mel_mkref_out,False,17559
LOC726032,LOC726032,Gene Expression,A_mel_mkref_out,False,81202
LOC408374,LOC408374,Gene Expression,A_mel_mkref_out,False,75364
LOC413842,LOC413842,Gene Expression,A_mel_mkref_out,False,18263
LOC725500,LOC725500,Gene Expression,A_mel_mkref_out,False,4105
LOC100577381,LOC100577381,Gene Expression,A_mel_mkref_out,False,21
LOC726471,LOC726471,Gene Expression,A_mel_mkref_out,False,470
LOC724407,LOC724407,Gene Expression,A_mel_mkref_out,False,32833
LOC724202,LOC724202,Gene Expression,A_mel_mkref_out,False,372
LOC551753,LOC551753,Gene Expression,A_mel_mkref_out,False,37141
LOC408390,LOC408390,Gene Expression,A_mel_mkref_out,False,2628
LOC412862,LOC412862,Gene Expression,A_mel_mkref_out,False,5492
LOC409915,LOC409915,Gene Expression,A_mel_mkref_out,False,24976
LOC727237,LOC727237,Gene Expression,A_mel_mkref_out,False,327
LOC410355,LOC410355,Gene Expression,A_mel_mkref_out,False,11396
LOC102656885,LOC102656885,Gene Expression,A_mel_mkref_out,False,423
LOC408395,LOC408395,Gene Expression,A_mel_mkref_out,False,254
LOC410386,LOC410386,Gene Expression,A_mel_mkref_out,False,11767
LOC551427,LOC551427,Gene Expression,A_mel_mkref_out,False,21794
LOC102655718,LOC102655718,Gene Expression,A_mel_mkref_out,False,2291
LOC551869,LOC551869,Gene Expression,A_mel_mkref_out,False,36604
LOC724913,LOC724913,Gene Expression,A_mel_mkref_out,False,14712
LOC113219154,LOC113219154,Gene Expression,A_mel_mkref_out,False,29
CYP6AQ1,GeneID_408383,Gene Expression,A_mel_mkref_out,False,100
LOC100578829,LOC100578829,Gene Expression,A_mel_mkref_out,False,668
LOC412085,LOC412085,Gene Expression,A_mel_mkref_out,False,16738
LOC409554,LOC409554,Gene Expression,A_mel_mkref_out,False,55324
LOC102656160,LOC102656160,Gene Expression,A_mel_mkref_out,False,38
LOC409247,LOC409247,Gene Expression,A_mel_mkref_out,False,27185
LOC552711,LOC552711,Gene Expression,A_mel_mkref_out,False,745
SIFR,GeneID_413211,Gene Expression,A_mel_mkref_out,False,43301
LOC102653810,LOC102653810,Gene Expression,A_mel_mkref_out,False,620
LOC411789,LOC411789,Gene Expression,A_mel_mkref_out,False,34673
LOC726524,LOC726524,Gene Expression,A_mel_mkref_out,False,88172
LOC100576227,LOC100576227,Gene Expression,A_mel_mkref_out,False,15654
LOC413223,LOC413223,Gene Expression,A_mel_mkref_out,False,23744
LOC412065,LOC412065,Gene Expression,A_mel_mkref_out,False,7868
LOC412741,LOC412741,Gene Expression,A_mel_mkref_out,False,26354
LOC413714,LOC413714,Gene Expression,A_mel_mkref_out,False,8607
LOC107965322,LOC107965322,Gene Expression,A_mel_mkref_out,False,15933
LOC102656387,LOC102656387,Gene Expression,A_mel_mkref_out,False,1688
LOC411378,LOC411378,Gene Expression,A_mel_mkref_out,False,2130
LOC410398,LOC410398,Gene Expression,A_mel_mkref_out,False,24232
LOC412788,LOC412788,Gene Expression,A_mel_mkref_out,False,837
LOC100576951,LOC100576951,Gene Expression,A_mel_mkref_out,False,16088
LOC102654806,LOC102654806,Gene Expression,A_mel_mkref_out,False,300
LOC550829,LOC550829,Gene Expression,A_mel_mkref_out,False,36201
Fstl5,GeneID_409779,Gene Expression,A_mel_mkref_out,False,42739
LOC551625,LOC551625,Gene Expression,A_mel_mkref_out,False,8374
LOC100576919,LOC100576919,Gene Expression,A_mel_mkref_out,False,7707
LOC102655123,LOC102655123,Gene Expression,A_mel_mkref_out,False,9516
LOC409955,LOC409955,Gene Expression,A_mel_mkref_out,False,13491
LOC552247,LOC552247,Gene Expression,A_mel_mkref_out,False,30259
LOC100578329,LOC100578329,Gene Expression,A_mel_mkref_out,False,1316
LOC725085,LOC725085,Gene Expression,A_mel_mkref_out,False,37
LOC100576546,LOC100576546,Gene Expression,A_mel_mkref_out,False,574
LOC100578102,LOC100578102,Gene Expression,A_mel_mkref_out,False,88668
LOC100577913,LOC100577913,Gene Expression,A_mel_mkref_out,False,7690
LOC725617,LOC725617,Gene Expression,A_mel_mkref_out,False,9249
LOC411538,LOC411538,Gene Expression,A_mel_mkref_out,False,10871
LOC113219161,LOC113219161,Gene Expression,A_mel_mkref_out,False,725
LOC100578818,LOC100578818,Gene Expression,A_mel_mkref_out,False,47854
LOC410371,LOC410371,Gene Expression,A_mel_mkref_out,False,66675
LOC552110,LOC552110,Gene Expression,A_mel_mkref_out,False,4888
LOC107965367,LOC107965367,Gene Expression,A_mel_mkref_out,False,2715
Cryl1,GeneID_406119,Gene Expression,A_mel_mkref_out,False,9852
LOC409439,LOC409439,Gene Expression,A_mel_mkref_out,False,30598
LOC100576956,LOC100576956,Gene Expression,A_mel_mkref_out,False,44716
LOC411510,LOC411510,Gene Expression,A_mel_mkref_out,False,7826
LOC727130,LOC727130,Gene Expression,A_mel_mkref_out,False,19275
LOC100576840,LOC100576840,Gene Expression,A_mel_mkref_out,False,8006
LOC102656473,LOC102656473,Gene Expression,A_mel_mkref_out,False,2376
LOC724292,LOC724292,Gene Expression,A_mel_mkref_out,False,90676
LOC727612,LOC727612,Gene Expression,A_mel_mkref_out,False,12958
LOC412564,LOC412564,Gene Expression,A_mel_mkref_out,False,29455
LOC100578367,LOC100578367,Gene Expression,A_mel_mkref_out,False,648
LOC107965340,LOC107965340,Gene Expression,A_mel_mkref_out,False,3014
LOC725246,LOC725246,Gene Expression,A_mel_mkref_out,False,698
LOC113219153,LOC113219153,Gene Expression,A_mel_mkref_out,False,23384
LOC552755,LOC552755,Gene Expression,A_mel_mkref_out,False,13558
LOC113219147,LOC113219147,Gene Expression,A_mel_mkref_out,False,2096
LOC100578805,LOC100578805,Gene Expression,A_mel_mkref_out,False,19334
LOC410369,LOC410369,Gene Expression,A_mel_mkref_out,False,12620
LOC100576619,LOC100576619,Gene Expression,A_mel_mkref_out,False,26936
LOC551884,LOC551884,Gene Expression,A_mel_mkref_out,False,26291
LOC551695,LOC551695,Gene Expression,A_mel_mkref_out,False,23931
LOC408387,LOC408387,Gene Expression,A_mel_mkref_out,False,36912
LOC100578238,LOC100578238,Gene Expression,A_mel_mkref_out,False,15615
LOC100576212,LOC100576212,Gene Expression,A_mel_mkref_out,False,260
LOC102654183,LOC102654183,Gene Expression,A_mel_mkref_out,False,89
LOC551198,LOC551198,Gene Expression,A_mel_mkref_out,False,25797
LOC413539,LOC413539,Gene Expression,A_mel_mkref_out,False,37884
LOC113219148,LOC113219148,Gene Expression,A_mel_mkref_out,False,340
LOC100576513,LOC100576513,Gene Expression,A_mel_mkref_out,False,21
LOC412797,LOC412797,Gene Expression,A_mel_mkref_out,False,128
LOC102656043,LOC102656043,Gene Expression,A_mel_mkref_out,False,368
LOC411509,LOC411509,Gene Expression,A_mel_mkref_out,False,5474
LOC724911,LOC724911,Gene Expression,A_mel_mkref_out,False,124
LOC100578526,LOC100578526,Gene Expression,A_mel_mkref_out,False,5431
LOC413709,LOC413709,Gene Expression,A_mel_mkref_out,False,21057
LOC102654959,LOC102654959,Gene Expression,A_mel_mkref_out,False,32047
LOC410396,LOC410396,Gene Expression,A_mel_mkref_out,False,18003
LOC107965360,LOC107965360,Gene Expression,A_mel_mkref_out,False,374
LOC412735,LOC412735,Gene Expression,A_mel_mkref_out,False,30282
LOC410380,LOC410380,Gene Expression,A_mel_mkref_out,False,6486
LOC113219160,LOC113219160,Gene Expression,A_mel_mkref_out,False,427
LOC102655824,LOC102655824,Gene Expression,A_mel_mkref_out,False,660
LOC413369,LOC413369,Gene Expression,A_mel_mkref_out,False,701
LOC100576630,LOC100576630,Gene Expression,A_mel_mkref_out,False,1895
LOC551737,LOC551737,Gene Expression,A_mel_mkref_out,False,94188
LOC100576302,LOC100576302,Gene Expression,A_mel_mkref_out,False,1743
LOC726580,LOC726580,Gene Expression,A_mel_mkref_out,False,19799
LOC408373,LOC408373,Gene Expression,A_mel_mkref_out,False,18878
LOC410149,LOC410149,Gene Expression,A_mel_mkref_out,False,1065
LOC551591,LOC551591,Gene Expression,A_mel_mkref_out,False,33671
LOC113219146,LOC113219146,Gene Expression,A_mel_mkref_out,False,179
LOC727106,LOC727106,Gene Expression,A_mel_mkref_out,False,27277
LOC410365,LOC410365,Gene Expression,A_mel_mkref_out,False,12473
LOC107965387,LOC107965387,Gene Expression,A_mel_mkref_out,False,652
LOC551649,LOC551649,Gene Expression,A_mel_mkref_out,False,166
LOC412570,LOC412570,Gene Expression,A_mel_mkref_out,False,2820
LOC412630,LOC412630,Gene Expression,A_mel_mkref_out,False,4445
LOC552190,LOC552190,Gene Expression,A_mel_mkref_out,False,1093
LOC410368,LOC410368,Gene Expression,A_mel_mkref_out,False,1171
LOC724243,LOC724243,Gene Expression,A_mel_mkref_out,False,59636
LOC102655436,LOC102655436,Gene Expression,A_mel_mkref_out,False,661
LOC727473,LOC727473,Gene Expression,A_mel_mkref_out,False,24445
LOC410385,LOC410385,Gene Expression,A_mel_mkref_out,False,17606
LOC551103,LOC551103,Gene Expression,A_mel_mkref_out,False,25752
LOC724462,LOC724462,Gene Expression,A_mel_mkref_out,False,298
LOC412878,LOC412878,Gene Expression,A_mel_mkref_out,False,77642
LOC552534,LOC552534,Gene Expression,A_mel_mkref_out,False,25918
LOC552347,LOC552347,Gene Expression,A_mel_mkref_out,False,7737
LOC408388,LOC408388,Gene Expression,A_mel_mkref_out,False,47791
LOC551963,LOC551963,Gene Expression,A_mel_mkref_out,False,23847
LOC411488,LOC411488,Gene Expression,A_mel_mkref_out,False,12957
LOC409379,LOC409379,Gene Expression,A_mel_mkref_out,False,29569
LOC725690,LOC725690,Gene Expression,A_mel_mkref_out,False,148
LOC552397,LOC552397,Gene Expression,A_mel_mkref_out,False,49588
LOC410381,LOC410381,Gene Expression,A_mel_mkref_out,False,8377
LOC725086,LOC725086,Gene Expression,A_mel_mkref_out,False,12478
LOC727561,LOC727561,Gene Expression,A_mel_mkref_out,False,12265
LOC724801,LOC724801,Gene Expression,A_mel_mkref_out,False,2889
LOC113219158,LOC113219158,Gene Expression,A_mel_mkref_out,False,1367
LOC113219156,LOC113219156,Gene Expression,A_mel_mkref_out,False,32524
LOC100576373,LOC100576373,Gene Expression,A_mel_mkref_out,False,11264
LOC724642,LOC724642,Gene Expression,A_mel_mkref_out,False,2602
LOC113219162,LOC113219162,Gene Expression,A_mel_mkref_out,False,46511
LOC726758,LOC726758,Gene Expression,A_mel_mkref_out,False,577
LOC100577559,LOC100577559,Gene Expression,A_mel_mkref_out,False,3339
LOC408392,LOC408392,Gene Expression,A_mel_mkref_out,False,29109
LOC409778,LOC409778,Gene Expression,A_mel_mkref_out,False,25865
LOC726065,LOC726065,Gene Expression,A_mel_mkref_out,False,58897
LOC551738,LOC551738,Gene Expression,A_mel_mkref_out,False,12143
LOC107965323,LOC107965323,Gene Expression,A_mel_mkref_out,False,1823
LOC551677,LOC551677,Gene Expression,A_mel_mkref_out,False,29324
LOC102654686,LOC102654686,Gene Expression,A_mel_mkref_out,False,1006
LOC107965336,LOC107965336,Gene Expression,A_mel_mkref_out,False,7398
LOC102654211,LOC102654211,Gene Expression,A_mel_mkref_out,False,1389
LOC408384,LOC408384,Gene Expression,A_mel_mkref_out,False,11089
LOC551474,LOC551474,Gene Expression,A_mel_mkref_out,False,15918
LOC410394,LOC410394,Gene Expression,A_mel_mkref_out,False,13453
LOC412260,LOC412260,Gene Expression,A_mel_mkref_out,False,26028
LOC551201,LOC551201,Gene Expression,A_mel_mkref_out,False,28513
LOC102656170,LOC102656170,Gene Expression,A_mel_mkref_out,False,105
LOC409959,LOC409959,Gene Expression,A_mel_mkref_out,False,11015
LOC552265,LOC552265,Gene Expression,A_mel_mkref_out,False,50452
LOC413222,LOC413222,Gene Expression,A_mel_mkref_out,False,30030
LOC100576543,LOC100576543,Gene Expression,A_mel_mkref_out,False,11220
LOC408370,LOC408370,Gene Expression,A_mel_mkref_out,False,4673
LOC100576458,LOC100576458,Gene Expression,A_mel_mkref_out,False,1334
LOC113219166,LOC113219166,Gene Expression,A_mel_mkref_out,False,1987
LOC102654992,LOC102654992,Gene Expression,A_mel_mkref_out,False,3069
LOC102654968,LOC102654968,Gene Expression,A_mel_mkref_out,False,660
LOC113219167,LOC113219167,Gene Expression,A_mel_mkref_out,False,233
LOC552725,LOC552725,Gene Expression,A_mel_mkref_out,False,7489
LOC725309,LOC725309,Gene Expression,A_mel_mkref_out,False,29
LOC107965803,LOC107965803,Gene Expression,A_mel_mkref_out,False,188
LOC107965348,LOC107965348,Gene Expression,A_mel_mkref_out,False,682
LOC412399,LOC412399,Gene Expression,A_mel_mkref_out,False,28450
LOC102655631,LOC102655631,Gene Expression,A_mel_mkref_out,False,1195
LOC412884,LOC412884,Gene Expression,A_mel_mkref_out,False,27462
LOC102654436,LOC102654436,Gene Expression,A_mel_mkref_out,False,4084
LOC100578613,LOC100578613,Gene Expression,A_mel_mkref_out,False,1123
LOC412148,LOC412148,Gene Expression,A_mel_mkref_out,False,6711
LOC100576839,LOC100576839,Gene Expression,A_mel_mkref_out,False,316
LOC107965384,LOC107965384,Gene Expression,A_mel_mkref_out,False,109
LOC552108,LOC552108,Gene Expression,A_mel_mkref_out,False,23280
LOC411813,LOC411813,Gene Expression,A_mel_mkref_out,False,28739
LOC100578014,LOC100578014,Gene Expression,A_mel_mkref_out,False,23333
Or109,GeneID_100577813,Gene Expression,A_mel_mkref_out,False,45
LOC100578209,LOC100578209,Gene Expression,A_mel_mkref_out,False,12236
FAR1,GeneID_551233,Gene Expression,A_mel_mkref_out,False,40138
LOC412351,LOC412351,Gene Expression,A_mel_mkref_out,False,6738
LOC410379,LOC410379,Gene Expression,A_mel_mkref_out,False,30531
LOC413398,LOC413398,Gene Expression,A_mel_mkref_out,False,13617
LOC413732,LOC413732,Gene Expression,A_mel_mkref_out,False,31636
LOC725855,LOC725855,Gene Expression,A_mel_mkref_out,False,16049
LOC107965359,LOC107965359,Gene Expression,A_mel_mkref_out,False,62
LOC100576774,LOC100576774,Gene Expression,A_mel_mkref_out,False,25435
LOC102655102,LOC102655102,Gene Expression,A_mel_mkref_out,False,907
LOC408393,LOC408393,Gene Expression,A_mel_mkref_out,False,52117
LOC552121,LOC552121,Gene Expression,A_mel_mkref_out,False,12716
LOC551608,LOC551608,Gene Expression,A_mel_mkref_out,False,27843
LOC726204,LOC726204,Gene Expression,A_mel_mkref_out,False,22682
LOC100576769,LOC100576769,Gene Expression,A_mel_mkref_out,False,30
LOC552712,LOC552712,Gene Expression,A_mel_mkref_out,False,7213
Or107,GeneID_725752,Gene Expression,A_mel_mkref_out,False,84
LOC102653958,LOC102653958,Gene Expression,A_mel_mkref_out,False,141
LOC408386,LOC408386,Gene Expression,A_mel_mkref_out,False,22260
LOC102653706,LOC102653706,Gene Expression,A_mel_mkref_out,False,201
LOC414035,LOC414035,Gene Expression,A_mel_mkref_out,False,12582
LOC727050,LOC727050,Gene Expression,A_mel_mkref_out,False,3064
TpnCIIIa,GeneID_408379,Gene Expression,A_mel_mkref_out,False,4081
LOC724999,LOC724999,Gene Expression,A_mel_mkref_out,False,43986
LOC552178,LOC552178,Gene Expression,A_mel_mkref_out,False,6849
LOC102655710,LOC102655710,Gene Expression,A_mel_mkref_out,False,91
LOC102654936,LOC102654936,Gene Expression,A_mel_mkref_out,False,123
LOC102656838,LOC102656838,Gene Expression,A_mel_mkref_out,False,366
LOC413753,LOC413753,Gene Expression,A_mel_mkref_out,False,58547
LOC725498,LOC725498,Gene Expression,A_mel_mkref_out,False,2763
LOC102654867,LOC102654867,Gene Expression,A_mel_mkref_out,False,74
LOC100576484,LOC100576484,Gene Expression,A_mel_mkref_out,False,8761
LOC113218527,LOC113218527,Gene Expression,A_mel_mkref_out,False,119
LOC724712,LOC724712,Gene Expression,A_mel_mkref_out,False,5697
LOC410370,LOC410370,Gene Expression,A_mel_mkref_out,False,101
LOC724590,LOC724590,Gene Expression,A_mel_mkref_out,False,286
LOC724843,LOC724843,Gene Expression,A_mel_mkref_out,False,38453
LOC410395,LOC410395,Gene Expression,A_mel_mkref_out,False,29028
LOC551284,LOC551284,Gene Expression,A_mel_mkref_out,False,14721
LOC551859,LOC551859,Gene Expression,A_mel_mkref_out,False,81401
LOC552286,LOC552286,Gene Expression,A_mel_mkref_out,False,11855
LOC551426,LOC551426,Gene Expression,A_mel_mkref_out,False,12286
LOC107965349,LOC107965349,Gene Expression,A_mel_mkref_out,False,82
LOC409041,LOC409041,Gene Expression,A_mel_mkref_out,False,13215
LOC102655405,LOC102655405,Gene Expression,A_mel_mkref_out,False,4220
LOC413210,LOC413210,Gene Expression,A_mel_mkref_out,False,3993
LOC107965310,LOC107965310,Gene Expression,A_mel_mkref_out,False,9359
LOC410361,LOC410361,Gene Expression,A_mel_mkref_out,False,15470
LOC725052,LOC725052,Gene Expression,A_mel_mkref_out,False,89
LOC552699,LOC552699,Gene Expression,A_mel_mkref_out,False,33267
LOC413296,LOC413296,Gene Expression,A_mel_mkref_out,False,41144
LOC102653865,LOC102653865,Gene Expression,A_mel_mkref_out,False,65
LOC410019,LOC410019,Gene Expression,A_mel_mkref_out,False,65414
LOC100577888,LOC100577888,Gene Expression,A_mel_mkref_out,False,361
LOC725157,LOC725157,Gene Expression,A_mel_mkref_out,False,4218
LOC411699,LOC411699,Gene Expression,A_mel_mkref_out,False,24612
LOC100578473,LOC100578473,Gene Expression,A_mel_mkref_out,False,11245
LOC725541,LOC725541,Gene Expression,A_mel_mkref_out,False,191
LOC100578502,LOC100578502,Gene Expression,A_mel_mkref_out,False,95
LOC107965317,LOC107965317,Gene Expression,A_mel_mkref_out,False,90
LOC113219163,LOC113219163,Gene Expression,A_mel_mkref_out,False,23
LOC552705,LOC552705,Gene Expression,A_mel_mkref_out,False,16212
LOC725642,LOC725642,Gene Expression,A_mel_mkref_out,False,10421
LOC412116,LOC412116,Gene Expression,A_mel_mkref_out,False,21342
LOC410166,LOC410166,Gene Expression,A_mel_mkref_out,False,2599
LOC724727,LOC724727,Gene Expression,A_mel_mkref_out,False,43314
LOC409831,LOC409831,Gene Expression,A_mel_mkref_out,False,20900
LOC410042,LOC410042,Gene Expression,A_mel_mkref_out,False,526
LOC413297,LOC413297,Gene Expression,A_mel_mkref_out,False,12313
LOC107965368,LOC107965368,Gene Expression,A_mel_mkref_out,False,501
LOC107965353,LOC107965353,Gene Expression,A_mel_mkref_out,False,808
LOC100577359,LOC100577359,Gene Expression,A_mel_mkref_out,False,54
LOC107965338,LOC107965338,Gene Expression,A_mel_mkref_out,False,693
LOC107965363,LOC107965363,Gene Expression,A_mel_mkref_out,False,841
LOC410363,LOC410363,Gene Expression,A_mel_mkref_out,False,61252
LOC551094,LOC551094,Gene Expression,A_mel_mkref_out,False,392
LOC727490,LOC727490,Gene Expression,A_mel_mkref_out,False,12375
Fibroin3,GeneID_100192201,Gene Expression,A_mel_mkref_out,False,23
LOC551759,LOC551759,Gene Expression,A_mel_mkref_out,False,2001
LOC410362,LOC410362,Gene Expression,A_mel_mkref_out,False,46483
LOC726092,LOC726092,Gene Expression,A_mel_mkref_out,False,7044
LOC552268,LOC552268,Gene Expression,A_mel_mkref_out,False,7171
LOC113219144,LOC113219144,Gene Expression,A_mel_mkref_out,False,213
LOC552070,LOC552070,Gene Expression,A_mel_mkref_out,False,9200
LOC552084,LOC552084,Gene Expression,A_mel_mkref_out,False,7352
LOC102656410,LOC102656410,Gene Expression,A_mel_mkref_out,False,269
LOC550854,LOC550854,Gene Expression,A_mel_mkref_out,False,8027
LOC724943,LOC724943,Gene Expression,A_mel_mkref_out,False,32323
LOC726782,LOC726782,Gene Expression,A_mel_mkref_out,False,14835
LOC102654437,LOC102654437,Gene Expression,A_mel_mkref_out,False,445
LOC551350,LOC551350,Gene Expression,A_mel_mkref_out,False,22493
LOC726709,LOC726709,Gene Expression,A_mel_mkref_out,False,68026
LOC100576903,LOC100576903,Gene Expression,A_mel_mkref_out,False,556
LOC102654012,LOC102654012,Gene Expression,A_mel_mkref_out,False,12455
LOC725156,LOC725156,Gene Expression,A_mel_mkref_out,False,29543
LOC100577829,LOC100577829,Gene Expression,A_mel_mkref_out,False,13213
LOC100577908,LOC100577908,Gene Expression,A_mel_mkref_out,False,401
LOC411852,LOC411852,Gene Expression,A_mel_mkref_out,False,9198
LOC410390,LOC410390,Gene Expression,A_mel_mkref_out,False,13728
LOC727110,LOC727110,Gene Expression,A_mel_mkref_out,False,3371
LOC100576422,LOC100576422,Gene Expression,A_mel_mkref_out,False,18502
LOC725783,LOC725783,Gene Expression,A_mel_mkref_out,False,256
LOC412744,LOC412744,Gene Expression,A_mel_mkref_out,False,5042
LOC408372,LOC408372,Gene Expression,A_mel_mkref_out,False,93277
LOC552488,LOC552488,Gene Expression,A_mel_mkref_out,False,37344
LOC113219149,LOC113219149,Gene Expression,A_mel_mkref_out,False,32349
LOC411807,LOC411807,Gene Expression,A_mel_mkref_out,False,2061
LOC413553,LOC413553,Gene Expression,A_mel_mkref_out,False,409
LOC107965355,LOC107965355,Gene Expression,A_mel_mkref_out,False,43
LOC100576246,LOC100576246,Gene Expression,A_mel_mkref_out,False,344
LOC552317,LOC552317,Gene Expression,A_mel_mkref_out,False,21608
LOC100577596,LOC100577596,Gene Expression,A_mel_mkref_out,False,188
LOC107965318,LOC107965318,Gene Expression,A_mel_mkref_out,False,86
LOC410373,LOC410373,Gene Expression,A_mel_mkref_out,False,71762
LOC724710,LOC724710,Gene Expression,A_mel_mkref_out,False,22075
LOC100576282,LOC100576282,Gene Expression,A_mel_mkref_out,False,320
LOC409168,LOC409168,Gene Expression,A_mel_mkref_out,False,10819
LOC100578660,LOC100578660,Gene Expression,A_mel_mkref_out,False,52120
LOC725187,LOC725187,Gene Expression,A_mel_mkref_out,False,37049
LOC409145,LOC409145,Gene Expression,A_mel_mkref_out,False,9096
LOC100576488,LOC100576488,Gene Expression,A_mel_mkref_out,False,64
LOC100577202,LOC100577202,Gene Expression,A_mel_mkref_out,False,746
LOC107965316,LOC107965316,Gene Expression,A_mel_mkref_out,False,30
LOC100578548,LOC100578548,Gene Expression,A_mel_mkref_out,False,152
LOC551034,LOC551034,Gene Expression,A_mel_mkref_out,False,7798
LOC102655922,LOC102655922,Gene Expression,A_mel_mkref_out,False,21
LOC552742,LOC552742,Gene Expression,A_mel_mkref_out,False,24300
LOC551200,LOC551200,Gene Expression,A_mel_mkref_out,False,7213
LOC100578927,LOC100578927,Gene Expression,A_mel_mkref_out,False,18333
LOC412635,LOC412635,Gene Expression,A_mel_mkref_out,False,15789
LOC107965350,LOC107965350,Gene Expression,A_mel_mkref_out,False,177
LOC100576266,LOC100576266,Gene Expression,A_mel_mkref_out,False,21566
LOC726789,LOC726789,Gene Expression,A_mel_mkref_out,False,45536
LOC100576428,LOC100576428,Gene Expression,A_mel_mkref_out,False,46154
LOC113219159,LOC113219159,Gene Expression,A_mel_mkref_out,False,61
LOC726247,LOC726247,Gene Expression,A_mel_mkref_out,False,1878
LOC551248,LOC551248,Gene Expression,A_mel_mkref_out,False,30908
LOC552156,LOC552156,Gene Expression,A_mel_mkref_out,False,16953
LOC551590,LOC551590,Gene Expression,A_mel_mkref_out,False,15013
LOC410383,LOC410383,Gene Expression,A_mel_mkref_out,False,24230
LOC100577487,LOC100577487,Gene Expression,A_mel_mkref_out,False,748
LOC113219155,LOC113219155,Gene Expression,A_mel_mkref_out,False,296
Fibroin4,GeneID_100192202,Gene Expression,A_mel_mkref_out,False,76
LOC107963967,LOC107963967,Gene Expression,A_mel_mkref_out,False,101
LOC724988,LOC724988,Gene Expression,A_mel_mkref_out,False,8693
LOC551857,LOC551857,Gene Expression,A_mel_mkref_out,False,17630
Ef-1a-f1,GeneID_408385,Gene Expression,A_mel_mkref_out,False,68763
LOC551033,LOC551033,Gene Expression,A_mel_mkref_out,False,30897
LOC409342,LOC409342,Gene Expression,A_mel_mkref_out,False,10871
LOC724242,LOC724242,Gene Expression,A_mel_mkref_out,False,77267
LOC413947,LOC413947,Gene Expression,A_mel_mkref_out,False,78228
Tspan6,GeneID_406108,Gene Expression,A_mel_mkref_out,False,7425
LOC413125,LOC413125,Gene Expression,A_mel_mkref_out,False,42845
Obp12,GeneID_677678,Gene Expression,A_mel_mkref_out,False,1953
LOC102654078,LOC102654078,Gene Expression,A_mel_mkref_out,False,434
LOC410058,LOC410058,Gene Expression,A_mel_mkref_out,False,1365
LOC551913,LOC551913,Gene Expression,A_mel_mkref_out,False,3705
LOC552718,LOC552718,Gene Expression,A_mel_mkref_out,False,50206
LOC409483,LOC409483,Gene Expression,A_mel_mkref_out,False,11404
LOC552170,LOC552170,Gene Expression,A_mel_mkref_out,False,12159
LOC726802,LOC726802,Gene Expression,A_mel_mkref_out,False,1073
LOC726929,LOC726929,Gene Expression,A_mel_mkref_out,False,501
LOC725196,LOC725196,Gene Expression,A_mel_mkref_out,False,5773
LOC552765,LOC552765,Gene Expression,A_mel_mkref_out,False,39777
LOC412309,LOC412309,Gene Expression,A_mel_mkref_out,False,10295
LOC102654492,LOC102654492,Gene Expression,A_mel_mkref_out,False,134
LOC410402,LOC410402,Gene Expression,A_mel_mkref_out,False,907
LOC113219195,LOC113219195,Gene Expression,A_mel_mkref_out,False,3139
LOC102656439,LOC102656439,Gene Expression,A_mel_mkref_out,False,3744
LOC100576758,LOC100576758,Gene Expression,A_mel_mkref_out,False,21
LOC411843,LOC411843,Gene Expression,A_mel_mkref_out,False,38731
LOC413266,LOC413266,Gene Expression,A_mel_mkref_out,False,24648
LOC725501,LOC725501,Gene Expression,A_mel_mkref_out,False,50627
LOC410434,LOC410434,Gene Expression,A_mel_mkref_out,False,10709
LOC413491,LOC413491,Gene Expression,A_mel_mkref_out,False,621
LOC726597,LOC726597,Gene Expression,A_mel_mkref_out,False,1184
LOC102654683,LOC102654683,Gene Expression,A_mel_mkref_out,False,324
LOC102656087,LOC102656087,Gene Expression,A_mel_mkref_out,False,6945
LOC551116,LOC551116,Gene Expression,A_mel_mkref_out,False,5884
LOC102656452,LOC102656452,Gene Expression,A_mel_mkref_out,False,1375
LOC113218574,LOC113218574,Gene Expression,A_mel_mkref_out,False,37
LOC100578263,LOC100578263,Gene Expression,A_mel_mkref_out,False,1356
TpnCIIb,GeneID_494501,Gene Expression,A_mel_mkref_out,False,1680
LOC107965418,LOC107965418,Gene Expression,A_mel_mkref_out,False,93
LOC552686,LOC552686,Gene Expression,A_mel_mkref_out,False,14623
LOC102655167,LOC102655167,Gene Expression,A_mel_mkref_out,False,42
LOC102656271,LOC102656271,Gene Expression,A_mel_mkref_out,False,13728
LOC410432,LOC410432,Gene Expression,A_mel_mkref_out,False,355
LOC727025,LOC727025,Gene Expression,A_mel_mkref_out,False,20829
LOC410413,LOC410413,Gene Expression,A_mel_mkref_out,False,25743
LOC408406,LOC408406,Gene Expression,A_mel_mkref_out,False,13080
LOC552256,LOC552256,Gene Expression,A_mel_mkref_out,False,12774
LOC552578,LOC552578,Gene Expression,A_mel_mkref_out,False,19742
LOC409187,LOC409187,Gene Expression,A_mel_mkref_out,False,5722
Ripk5,GeneID_412747,Gene Expression,A_mel_mkref_out,False,27672
LOC727444,LOC727444,Gene Expression,A_mel_mkref_out,False,7310
LOC102656111,LOC102656111,Gene Expression,A_mel_mkref_out,False,340
LOC411805,LOC411805,Gene Expression,A_mel_mkref_out,False,36371
LOC724205,LOC724205,Gene Expression,A_mel_mkref_out,False,29326
LOC113219183,LOC113219183,Gene Expression,A_mel_mkref_out,False,67435
LOC410423,LOC410423,Gene Expression,A_mel_mkref_out,False,60520
LOC724644,LOC724644,Gene Expression,A_mel_mkref_out,False,14095
LOC551149,LOC551149,Gene Expression,A_mel_mkref_out,False,21922
LOC552146,LOC552146,Gene Expression,A_mel_mkref_out,False,927
LOC725247,LOC725247,Gene Expression,A_mel_mkref_out,False,6257
LOC408412,LOC408412,Gene Expression,A_mel_mkref_out,False,21976
LOC724643,LOC724643,Gene Expression,A_mel_mkref_out,False,6935
LOC413549,LOC413549,Gene Expression,A_mel_mkref_out,False,3356
LOC113219203,LOC113219203,Gene Expression,A_mel_mkref_out,False,20
LOC726434,LOC726434,Gene Expression,A_mel_mkref_out,False,58
LOC409714,LOC409714,Gene Expression,A_mel_mkref_out,False,30402
LOC724946,LOC724946,Gene Expression,A_mel_mkref_out,False,54
LOC100576555,LOC100576555,Gene Expression,A_mel_mkref_out,False,1352
LOC102653615,LOC102653615,Gene Expression,A_mel_mkref_out,False,24
LOC724548,LOC724548,Gene Expression,A_mel_mkref_out,False,29280
LOC726391,LOC726391,Gene Expression,A_mel_mkref_out,False,2083
LOC113218526,LOC113218526,Gene Expression,A_mel_mkref_out,False,2266
LOC726648,LOC726648,Gene Expression,A_mel_mkref_out,False,371
LOC100577515,LOC100577515,Gene Expression,A_mel_mkref_out,False,9865
LOC550732,LOC550732,Gene Expression,A_mel_mkref_out,False,65927
LOC100578674,LOC100578674,Gene Expression,A_mel_mkref_out,False,20219
LOC411396,LOC411396,Gene Expression,A_mel_mkref_out,False,9615
LOC102656244,LOC102656244,Gene Expression,A_mel_mkref_out,False,2712
LOC409715,LOC409715,Gene Expression,A_mel_mkref_out,False,1879
LOC726329,LOC726329,Gene Expression,A_mel_mkref_out,False,229
LOC726598,LOC726598,Gene Expression,A_mel_mkref_out,False,7513
Eth,GeneID_100216489,Gene Expression,A_mel_mkref_out,False,47
LOC725290,LOC725290,Gene Expression,A_mel_mkref_out,False,57773
LOC100577348,LOC100577348,Gene Expression,A_mel_mkref_out,False,2366
LOC102654023,LOC102654023,Gene Expression,A_mel_mkref_out,False,10231
LOC113219199,LOC113219199,Gene Expression,A_mel_mkref_out,False,2627
LOC102654588,LOC102654588,Gene Expression,A_mel_mkref_out,False,1079
LOC113218532,LOC113218532,Gene Expression,A_mel_mkref_out,False,506
LOC107965826,LOC107965826,Gene Expression,A_mel_mkref_out,False,448
LOC726696,LOC726696,Gene Expression,A_mel_mkref_out,False,1123
LOC113219201,LOC113219201,Gene Expression,A_mel_mkref_out,False,124
LOC408429,LOC408429,Gene Expression,A_mel_mkref_out,False,50805
LOC102654865,LOC102654865,Gene Expression,A_mel_mkref_out,False,4520
LOC102653890,LOC102653890,Gene Expression,A_mel_mkref_out,False,2479
LOC410420,LOC410420,Gene Expression,A_mel_mkref_out,False,5575
LOC726736,LOC726736,Gene Expression,A_mel_mkref_out,False,27160
LOC724463,LOC724463,Gene Expression,A_mel_mkref_out,False,4475
LOC102654165,LOC102654165,Gene Expression,A_mel_mkref_out,False,40882
LOC410428,LOC410428,Gene Expression,A_mel_mkref_out,False,6269
LOC100187599,LOC100187599,Gene Expression,A_mel_mkref_out,False,8635
LOC725925,LOC725925,Gene Expression,A_mel_mkref_out,False,8418
LOC100578751,LOC100578751,Gene Expression,A_mel_mkref_out,False,60
LOC107965401,LOC107965401,Gene Expression,A_mel_mkref_out,False,592
LOC100577013,LOC100577013,Gene Expression,A_mel_mkref_out,False,1944
LOC410468,LOC410468,Gene Expression,A_mel_mkref_out,False,14574
LOC102655268,LOC102655268,Gene Expression,A_mel_mkref_out,False,710
LOC411568,LOC411568,Gene Expression,A_mel_mkref_out,False,11705
LOC726456,LOC726456,Gene Expression,A_mel_mkref_out,False,65069
LOC410103,LOC410103,Gene Expression,A_mel_mkref_out,False,16521
LOC100576671,LOC100576671,Gene Expression,A_mel_mkref_out,False,36384
LOC102654964,LOC102654964,Gene Expression,A_mel_mkref_out,False,3207
LOC410422,LOC410422,Gene Expression,A_mel_mkref_out,False,2502
LOC100578023,LOC100578023,Gene Expression,A_mel_mkref_out,False,956
LOC100576617,LOC100576617,Gene Expression,A_mel_mkref_out,False,784
LOC102654929,LOC102654929,Gene Expression,A_mel_mkref_out,False,318
LOC100576843,LOC100576843,Gene Expression,A_mel_mkref_out,False,5680
LOC552354,LOC552354,Gene Expression,A_mel_mkref_out,False,25987
LOC100578853,LOC100578853,Gene Expression,A_mel_mkref_out,False,14122
LOC726790,LOC726790,Gene Expression,A_mel_mkref_out,False,7975
LOC408434,LOC408434,Gene Expression,A_mel_mkref_out,False,8898
LOC107965449,LOC107965449,Gene Expression,A_mel_mkref_out,False,8993
LOC102654734,LOC102654734,Gene Expression,A_mel_mkref_out,False,2528
LOC100578442,LOC100578442,Gene Expression,A_mel_mkref_out,False,1056
LOC410465,LOC410465,Gene Expression,A_mel_mkref_out,False,105
LOC408407,LOC408407,Gene Expression,A_mel_mkref_out,False,13635
LOC551812,LOC551812,Gene Expression,A_mel_mkref_out,False,24380
LOC100577092,LOC100577092,Gene Expression,A_mel_mkref_out,False,72660
LOC113219202,LOC113219202,Gene Expression,A_mel_mkref_out,False,1925
LOC551796,LOC551796,Gene Expression,A_mel_mkref_out,False,59812
LOC551895,LOC551895,Gene Expression,A_mel_mkref_out,False,23697
LOC100577543,LOC100577543,Gene Expression,A_mel_mkref_out,False,352
LOC551822,LOC551822,Gene Expression,A_mel_mkref_out,False,31916
LOC409676,LOC409676,Gene Expression,A_mel_mkref_out,False,36136
LOC102654950,LOC102654950,Gene Expression,A_mel_mkref_out,False,9903
LOC100578992,LOC100578992,Gene Expression,A_mel_mkref_out,False,2196
LOC725099,LOC725099,Gene Expression,A_mel_mkref_out,False,592
LOC113219186,LOC113219186,Gene Expression,A_mel_mkref_out,False,4704
LOC408417,LOC408417,Gene Expression,A_mel_mkref_out,False,21621
LOC100576508,LOC100576508,Gene Expression,A_mel_mkref_out,False,1112
LOC100577322,LOC100577322,Gene Expression,A_mel_mkref_out,False,61335
LOC100576851,LOC100576851,Gene Expression,A_mel_mkref_out,False,27846
LOC100577222,LOC100577222,Gene Expression,A_mel_mkref_out,False,25451
LOC102654730,LOC102654730,Gene Expression,A_mel_mkref_out,False,651
LOC725918,LOC725918,Gene Expression,A_mel_mkref_out,False,5147
LOC410464,LOC410464,Gene Expression,A_mel_mkref_out,False,718
LOC100577569,LOC100577569,Gene Expression,A_mel_mkref_out,False,484
LOC410442,LOC410442,Gene Expression,A_mel_mkref_out,False,60292
LOC409961,LOC409961,Gene Expression,A_mel_mkref_out,False,86857
LOC102656183,LOC102656183,Gene Expression,A_mel_mkref_out,False,26857
LOC410102,LOC410102,Gene Expression,A_mel_mkref_out,False,11307
LOC107965746,LOC107965746,Gene Expression,A_mel_mkref_out,False,905
LOC113219210,LOC113219210,Gene Expression,A_mel_mkref_out,False,20560
LOC102655427,LOC102655427,Gene Expression,A_mel_mkref_out,False,4137
For,GeneID_406092,Gene Expression,A_mel_mkref_out,False,22337
LOC113218548,LOC113218548,Gene Expression,A_mel_mkref_out,False,3310
LOC100577451,LOC100577451,Gene Expression,A_mel_mkref_out,False,7011
LOC408428,LOC408428,Gene Expression,A_mel_mkref_out,False,378
LOC100576879,LOC100576879,Gene Expression,A_mel_mkref_out,False,54272
LOC413881,LOC413881,Gene Expression,A_mel_mkref_out,False,30199
LOC409829,LOC409829,Gene Expression,A_mel_mkref_out,False,54135
LOC724592,LOC724592,Gene Expression,A_mel_mkref_out,False,88464
Br-c,GeneID_552255,Gene Expression,A_mel_mkref_out,False,48829
LOC408433,LOC408433,Gene Expression,A_mel_mkref_out,False,38430
LOC412209,LOC412209,Gene Expression,A_mel_mkref_out,False,487
LOC100577146,LOC100577146,Gene Expression,A_mel_mkref_out,False,1140
LOC552030,LOC552030,Gene Expression,A_mel_mkref_out,False,26745
LOC409846,LOC409846,Gene Expression,A_mel_mkref_out,False,28990
LOC408435,LOC408435,Gene Expression,A_mel_mkref_out,False,49010
LOC413908,LOC413908,Gene Expression,A_mel_mkref_out,False,26
LOC107965950,LOC107965950,Gene Expression,A_mel_mkref_out,False,109
LOC408413,LOC408413,Gene Expression,A_mel_mkref_out,False,15182
LOC412934,LOC412934,Gene Expression,A_mel_mkref_out,False,74575
LOC725426,LOC725426,Gene Expression,A_mel_mkref_out,False,4041
LOC551250,LOC551250,Gene Expression,A_mel_mkref_out,False,1756
LOC726969,LOC726969,Gene Expression,A_mel_mkref_out,False,96
LOC100576248,LOC100576248,Gene Expression,A_mel_mkref_out,False,42
LOC100577367,LOC100577367,Gene Expression,A_mel_mkref_out,False,27518
LOC726815,LOC726815,Gene Expression,A_mel_mkref_out,False,7489
Cyp6as5,GeneID_409677,Gene Expression,A_mel_mkref_out,False,73
LOC724591,LOC724591,Gene Expression,A_mel_mkref_out,False,25272
LOC551363,LOC551363,Gene Expression,A_mel_mkref_out,False,16649
LOC724962,LOC724962,Gene Expression,A_mel_mkref_out,False,57001
LOC113219215,LOC113219215,Gene Expression,A_mel_mkref_out,False,33199
LOC113219200,LOC113219200,Gene Expression,A_mel_mkref_out,False,196
LOC102653858,LOC102653858,Gene Expression,A_mel_mkref_out,False,2761
LOC107965416,LOC107965416,Gene Expression,A_mel_mkref_out,False,4653
LOC100577091,LOC100577091,Gene Expression,A_mel_mkref_out,False,348
LOC412876,LOC412876,Gene Expression,A_mel_mkref_out,False,32356
LOC724803,LOC724803,Gene Expression,A_mel_mkref_out,False,16973
LOC408421,LOC408421,Gene Expression,A_mel_mkref_out,False,6878
LOC408402,LOC408402,Gene Expression,A_mel_mkref_out,False,13561
LOC113219194,LOC113219194,Gene Expression,A_mel_mkref_out,False,592
LOC410451,LOC410451,Gene Expression,A_mel_mkref_out,False,31695
LOC726838,LOC726838,Gene Expression,A_mel_mkref_out,False,1487
LOC726248,LOC726248,Gene Expression,A_mel_mkref_out,False,1318
LOC724645,LOC724645,Gene Expression,A_mel_mkref_out,False,2114
LOC724378,LOC724378,Gene Expression,A_mel_mkref_out,False,3290
LOC408424,LOC408424,Gene Expression,A_mel_mkref_out,False,20529
LOC724244,LOC724244,Gene Expression,A_mel_mkref_out,False,18860
LOC410408,LOC410408,Gene Expression,A_mel_mkref_out,False,7085
LOC107964024,LOC107964024,Gene Expression,A_mel_mkref_out,False,38
LOC107964001,LOC107964001,Gene Expression,A_mel_mkref_out,False,484
LOC102656072,LOC102656072,Gene Expression,A_mel_mkref_out,False,310
LOC413267,LOC413267,Gene Expression,A_mel_mkref_out,False,16511
LOC727302,LOC727302,Gene Expression,A_mel_mkref_out,False,144
LOC413880,LOC413880,Gene Expression,A_mel_mkref_out,False,14652
LOC107965414,LOC107965414,Gene Expression,A_mel_mkref_out,False,3381
LOC410410,LOC410410,Gene Expression,A_mel_mkref_out,False,11100
LOC552016,LOC552016,Gene Expression,A_mel_mkref_out,False,13397
LOC112939925,LOC112939925,Gene Expression,A_mel_mkref_out,False,227
LOC113218535,LOC113218535,Gene Expression,A_mel_mkref_out,False,1021
LOC725856,LOC725856,Gene Expression,A_mel_mkref_out,False,4906
LOC412541,LOC412541,Gene Expression,A_mel_mkref_out,False,3038
LOC551189,LOC551189,Gene Expression,A_mel_mkref_out,False,26510
LOC552209,LOC552209,Gene Expression,A_mel_mkref_out,False,71292
LOC107965402,LOC107965402,Gene Expression,A_mel_mkref_out,False,393
5-HT1,GeneID_410435,Gene Expression,A_mel_mkref_out,False,61734
LOC725523,LOC725523,Gene Expression,A_mel_mkref_out,False,3398
LOC408432,LOC408432,Gene Expression,A_mel_mkref_out,False,18242
LOC551343,LOC551343,Gene Expression,A_mel_mkref_out,False,21898
LOC113218525,LOC113218525,Gene Expression,A_mel_mkref_out,False,1811
LOC410463,LOC410463,Gene Expression,A_mel_mkref_out,False,7704
LOC107965448,LOC107965448,Gene Expression,A_mel_mkref_out,False,2645
LOC100578617,LOC100578617,Gene Expression,A_mel_mkref_out,False,24
LOC100577752,LOC100577752,Gene Expression,A_mel_mkref_out,False,20900
LOC408426,LOC408426,Gene Expression,A_mel_mkref_out,False,3594
LOC726759,LOC726759,Gene Expression,A_mel_mkref_out,False,22919
LOC100576722,LOC100576722,Gene Expression,A_mel_mkref_out,False,7262
LOC107965421,LOC107965421,Gene Expression,A_mel_mkref_out,False,2193
LOC409736,LOC409736,Gene Expression,A_mel_mkref_out,False,8998
LOC102653949,LOC102653949,Gene Expression,A_mel_mkref_out,False,2341
LOC113219212,LOC113219212,Gene Expression,A_mel_mkref_out,False,24
LOC408400,LOC408400,Gene Expression,A_mel_mkref_out,False,500
LOC102653899,LOC102653899,Gene Expression,A_mel_mkref_out,False,35
LOC552758,LOC552758,Gene Expression,A_mel_mkref_out,False,5377
LOC408427,LOC408427,Gene Expression,A_mel_mkref_out,False,51693
LOC100577428,LOC100577428,Gene Expression,A_mel_mkref_out,False,46669
LOC100576527,LOC100576527,Gene Expression,A_mel_mkref_out,False,17384
LOC726859,LOC726859,Gene Expression,A_mel_mkref_out,False,29
LOC724156,LOC724156,Gene Expression,A_mel_mkref_out,False,1011
LOC113219209,LOC113219209,Gene Expression,A_mel_mkref_out,False,38
LOC726690,LOC726690,Gene Expression,A_mel_mkref_out,False,628
LOC113219193,LOC113219193,Gene Expression,A_mel_mkref_out,False,22
LOC408397,LOC408397,Gene Expression,A_mel_mkref_out,False,18252
LOC107965783,LOC107965783,Gene Expression,A_mel_mkref_out,False,316
LOC550798,LOC550798,Gene Expression,A_mel_mkref_out,False,31292
LOC107965406,LOC107965406,Gene Expression,A_mel_mkref_out,False,37402
LOC726370,LOC726370,Gene Expression,A_mel_mkref_out,False,511
LOC102655361,LOC102655361,Gene Expression,A_mel_mkref_out,False,721
LOC107965413,LOC107965413,Gene Expression,A_mel_mkref_out,False,936
LOC408408,LOC408408,Gene Expression,A_mel_mkref_out,False,23634
LOC113219197,LOC113219197,Gene Expression,A_mel_mkref_out,False,3825
LOC102654895,LOC102654895,Gene Expression,A_mel_mkref_out,False,395
Pla2,GeneID_406141,Gene Expression,A_mel_mkref_out,False,31
LOC725158,LOC725158,Gene Expression,A_mel_mkref_out,False,438
LOC113218576,LOC113218576,Gene Expression,A_mel_mkref_out,False,139
LOC724829,LOC724829,Gene Expression,A_mel_mkref_out,False,11243
LOC410448,LOC410448,Gene Expression,A_mel_mkref_out,False,10167
LOC410439,LOC410439,Gene Expression,A_mel_mkref_out,False,60875
LOC102654236,LOC102654236,Gene Expression,A_mel_mkref_out,False,3868
LOC727618,LOC727618,Gene Expression,A_mel_mkref_out,False,124
LOC100576819,LOC100576819,Gene Expression,A_mel_mkref_out,False,15765
LOC410415,LOC410415,Gene Expression,A_mel_mkref_out,False,20030
LOC107965434,LOC107965434,Gene Expression,A_mel_mkref_out,False,669
LOC551249,LOC551249,Gene Expression,A_mel_mkref_out,False,3750
LOC410403,LOC410403,Gene Expression,A_mel_mkref_out,False,25211
LOC102656212,LOC102656212,Gene Expression,A_mel_mkref_out,False,476
LOC113219187,LOC113219187,Gene Expression,A_mel_mkref_out,False,697
LOC100577045,LOC100577045,Gene Expression,A_mel_mkref_out,False,62866
LOC550955,LOC550955,Gene Expression,A_mel_mkref_out,False,10085
LOC725354,LOC725354,Gene Expression,A_mel_mkref_out,False,36246
LOC409066,LOC409066,Gene Expression,A_mel_mkref_out,False,18531
LOC408405,LOC408405,Gene Expression,A_mel_mkref_out,False,5615
LOC410399,LOC410399,Gene Expression,A_mel_mkref_out,False,87
LOC409049,LOC409049,Gene Expression,A_mel_mkref_out,False,40418
LOC725053,LOC725053,Gene Expression,A_mel_mkref_out,False,152
LOC107965409,LOC107965409,Gene Expression,A_mel_mkref_out,False,56
LOC552210,LOC552210,Gene Expression,A_mel_mkref_out,False,604
LOC725542,LOC725542,Gene Expression,A_mel_mkref_out,False,28423
LOC409826,LOC409826,Gene Expression,A_mel_mkref_out,False,536
LOC552707,LOC552707,Gene Expression,A_mel_mkref_out,False,30120
LOC551502,LOC551502,Gene Expression,A_mel_mkref_out,False,17334
LOC408414,LOC408414,Gene Expression,A_mel_mkref_out,False,439
Vhdl,GeneID_726182,Gene Expression,A_mel_mkref_out,False,961
LOC724728,LOC724728,Gene Expression,A_mel_mkref_out,False,32653
LOC410452,LOC410452,Gene Expression,A_mel_mkref_out,False,168
NPF,GeneID_726526,Gene Expression,A_mel_mkref_out,False,899
Pgrp-s2,GeneID_412484,Gene Expression,A_mel_mkref_out,False,1721
LOC412936,LOC412936,Gene Expression,A_mel_mkref_out,False,40152
LOC102655280,LOC102655280,Gene Expression,A_mel_mkref_out,False,562
LOC408418,LOC408418,Gene Expression,A_mel_mkref_out,False,28031
LOC102655054,LOC102655054,Gene Expression,A_mel_mkref_out,False,790
LOC409845,LOC409845,Gene Expression,A_mel_mkref_out,False,44413
LOC410438,LOC410438,Gene Expression,A_mel_mkref_out,False,3981
LOC408401,LOC408401,Gene Expression,A_mel_mkref_out,False,20899
LOC552829,LOC552829,Gene Expression,A_mel_mkref_out,False,23
LOC726669,LOC726669,Gene Expression,A_mel_mkref_out,False,225
LOC102654313,LOC102654313,Gene Expression,A_mel_mkref_out,False,326
LOC410417,LOC410417,Gene Expression,A_mel_mkref_out,False,1288
LOC726472,LOC726472,Gene Expression,A_mel_mkref_out,False,65834
LOC413250,LOC413250,Gene Expression,A_mel_mkref_out,False,5857
LOC550956,LOC550956,Gene Expression,A_mel_mkref_out,False,8727
LOC726599,LOC726599,Gene Expression,A_mel_mkref_out,False,12904
LOC408411,LOC408411,Gene Expression,A_mel_mkref_out,False,32775
LOC727631,LOC727631,Gene Expression,A_mel_mkref_out,False,12007
LOC410416,LOC410416,Gene Expression,A_mel_mkref_out,False,265
LOC410459,LOC410459,Gene Expression,A_mel_mkref_out,False,17018
LOC410454,LOC410454,Gene Expression,A_mel_mkref_out,False,307
LOC410470,LOC410470,Gene Expression,A_mel_mkref_out,False,76534
LOC410469,LOC410469,Gene Expression,A_mel_mkref_out,False,13505
LOC551533,LOC551533,Gene Expression,A_mel_mkref_out,False,6562
LOC408409,LOC408409,Gene Expression,A_mel_mkref_out,False,58430
LOC113219188,LOC113219188,Gene Expression,A_mel_mkref_out,False,124
LOC100576397,LOC100576397,Gene Expression,A_mel_mkref_out,False,418
LOC102654920,LOC102654920,Gene Expression,A_mel_mkref_out,False,6388
LOC410446,LOC410446,Gene Expression,A_mel_mkref_out,False,17494
LOC100577696,LOC100577696,Gene Expression,A_mel_mkref_out,False,7508
LOC410447,LOC410447,Gene Expression,A_mel_mkref_out,False,68531
LOC410039,LOC410039,Gene Expression,A_mel_mkref_out,False,16813
LOC102654051,LOC102654051,Gene Expression,A_mel_mkref_out,False,20239
LOC410078,LOC410078,Gene Expression,A_mel_mkref_out,False,30975
LOC727118,LOC727118,Gene Expression,A_mel_mkref_out,False,17747
LOC102655519,LOC102655519,Gene Expression,A_mel_mkref_out,False,624
LOC410456,LOC410456,Gene Expression,A_mel_mkref_out,False,1302
LOC408415,LOC408415,Gene Expression,A_mel_mkref_out,False,15284
LOC102654192,LOC102654192,Gene Expression,A_mel_mkref_out,False,5876
LOC112935903,LOC112935903,Gene Expression,A_mel_mkref_out,False,55
arm,GeneID_408399,Gene Expression,A_mel_mkref_out,False,29233
LOC100579038,LOC100579038,Gene Expression,A_mel_mkref_out,False,5999
LOC102654099,LOC102654099,Gene Expression,A_mel_mkref_out,False,37
LOC100578321,LOC100578321,Gene Expression,A_mel_mkref_out,False,47759
LOC410449,LOC410449,Gene Expression,A_mel_mkref_out,False,63631
Dll,GeneID_726710,Gene Expression,A_mel_mkref_out,False,10683
LOC410462,LOC410462,Gene Expression,A_mel_mkref_out,False,1336
LOC113219184,LOC113219184,Gene Expression,A_mel_mkref_out,False,835
LOC724619,LOC724619,Gene Expression,A_mel_mkref_out,False,490
LOC102654448,LOC102654448,Gene Expression,A_mel_mkref_out,False,14791
LOC726677,LOC726677,Gene Expression,A_mel_mkref_out,False,60
LOC409230,LOC409230,Gene Expression,A_mel_mkref_out,False,20132
LOC100578090,LOC100578090,Gene Expression,A_mel_mkref_out,False,9908
LOC727146,LOC727146,Gene Expression,A_mel_mkref_out,False,2058
LOC409827,LOC409827,Gene Expression,A_mel_mkref_out,False,65
LOC410406,LOC410406,Gene Expression,A_mel_mkref_out,False,3493
LOC552191,LOC552191,Gene Expression,A_mel_mkref_out,False,23584
LOC410441,LOC410441,Gene Expression,A_mel_mkref_out,False,17912
LOC100576924,LOC100576924,Gene Expression,A_mel_mkref_out,False,24040
LOC724505,LOC724505,Gene Expression,A_mel_mkref_out,False,27239
LOC102655449,LOC102655449,Gene Expression,A_mel_mkref_out,False,6417
LOC107965814,LOC107965814,Gene Expression,A_mel_mkref_out,False,90
LOC727598,LOC727598,Gene Expression,A_mel_mkref_out,False,84
LOC408430,LOC408430,Gene Expression,A_mel_mkref_out,False,92518
LOC406114,LOC406114,Gene Expression,A_mel_mkref_out,False,465
LOC410414,LOC410414,Gene Expression,A_mel_mkref_out,False,7266
LOC107965455,LOC107965455,Gene Expression,A_mel_mkref_out,False,62
LOC409050,LOC409050,Gene Expression,A_mel_mkref_out,False,45040
LOC107965415,LOC107965415,Gene Expression,A_mel_mkref_out,False,1841
LOC551053,LOC551053,Gene Expression,A_mel_mkref_out,False,2324
LOC552062,LOC552062,Gene Expression,A_mel_mkref_out,False,60400
LOC413299,LOC413299,Gene Expression,A_mel_mkref_out,False,37296
LOC726093,LOC726093,Gene Expression,A_mel_mkref_out,False,77601
LOC412935,LOC412935,Gene Expression,A_mel_mkref_out,False,38873
LOC102656472,LOC102656472,Gene Expression,A_mel_mkref_out,False,526
LOC102653897,LOC102653897,Gene Expression,A_mel_mkref_out,False,29
LOC551881,LOC551881,Gene Expression,A_mel_mkref_out,False,51716
LOC408416,LOC408416,Gene Expression,A_mel_mkref_out,False,8584
LOC724687,LOC724687,Gene Expression,A_mel_mkref_out,False,7806
LOC413596,LOC413596,Gene Expression,A_mel_mkref_out,False,17366
LOC726547,LOC726547,Gene Expression,A_mel_mkref_out,False,77314
LOC107965459,LOC107965459,Gene Expression,A_mel_mkref_out,False,102
LOC410405,LOC410405,Gene Expression,A_mel_mkref_out,False,791
LOC413980,LOC413980,Gene Expression,A_mel_mkref_out,False,9479
LOC551232,LOC551232,Gene Expression,A_mel_mkref_out,False,33371
LOC726371,LOC726371,Gene Expression,A_mel_mkref_out,False,20
LOC100578220,LOC100578220,Gene Expression,A_mel_mkref_out,False,4464
LOC107965425,LOC107965425,Gene Expression,A_mel_mkref_out,False,222
LOC551910,LOC551910,Gene Expression,A_mel_mkref_out,False,97
LOC726613,LOC726613,Gene Expression,A_mel_mkref_out,False,107
LOC113218575,LOC113218575,Gene Expression,A_mel_mkref_out,False,27
LOC102656433,LOC102656433,Gene Expression,A_mel_mkref_out,False,19670
LOC726525,LOC726525,Gene Expression,A_mel_mkref_out,False,7290
LOC100578100,LOC100578100,Gene Expression,A_mel_mkref_out,False,1018
LOC726040,LOC726040,Gene Expression,A_mel_mkref_out,False,7415
LOC551739,LOC551739,Gene Expression,A_mel_mkref_out,False,2690
LOC551650,LOC551650,Gene Expression,A_mel_mkref_out,False,25674
LOC725753,LOC725753,Gene Expression,A_mel_mkref_out,False,7012
LOC551392,LOC551392,Gene Expression,A_mel_mkref_out,False,25072
LOC102655078,LOC102655078,Gene Expression,A_mel_mkref_out,False,359
LOC408439,LOC408439,Gene Expression,A_mel_mkref_out,False,18558
LOC724961,LOC724961,Gene Expression,A_mel_mkref_out,False,31
LOC410429,LOC410429,Gene Expression,A_mel_mkref_out,False,12422
LOC100576460,LOC100576460,Gene Expression,A_mel_mkref_out,False,30
LOC102654055,LOC102654055,Gene Expression,A_mel_mkref_out,False,1047
LOC409825,LOC409825,Gene Expression,A_mel_mkref_out,False,26657
LOC725111,LOC725111,Gene Expression,A_mel_mkref_out,False,5410
LOC113219196,LOC113219196,Gene Expression,A_mel_mkref_out,False,530
LOC102656601,LOC102656601,Gene Expression,A_mel_mkref_out,False,38195
LOC408420,LOC408420,Gene Expression,A_mel_mkref_out,False,4585
LOC100576994,LOC100576994,Gene Expression,A_mel_mkref_out,False,764
LOC410144,LOC410144,Gene Expression,A_mel_mkref_out,False,15073
LOC726538,LOC726538,Gene Expression,A_mel_mkref_out,False,2591
LOC726352,LOC726352,Gene Expression,A_mel_mkref_out,False,1083
LOC725393,LOC725393,Gene Expression,A_mel_mkref_out,False,13533
LOC726995,LOC726995,Gene Expression,A_mel_mkref_out,False,177
LOC413550,LOC413550,Gene Expression,A_mel_mkref_out,False,9842
LOC102654608,LOC102654608,Gene Expression,A_mel_mkref_out,False,1302
LOC724120,LOC724120,Gene Expression,A_mel_mkref_out,False,11715
LOC727578,LOC727578,Gene Expression,A_mel_mkref_out,False,787
LOC102655841,LOC102655841,Gene Expression,A_mel_mkref_out,False,15237
LOC410427,LOC410427,Gene Expression,A_mel_mkref_out,False,66713
LOC113219190,LOC113219190,Gene Expression,A_mel_mkref_out,False,56
LOC552377,LOC552377,Gene Expression,A_mel_mkref_out,False,26710
LOC102654690,LOC102654690,Gene Expression,A_mel_mkref_out,False,639
LOC725619,LOC725619,Gene Expression,A_mel_mkref_out,False,20974
LOC551028,LOC551028,Gene Expression,A_mel_mkref_out,False,7105
LOC726205,LOC726205,Gene Expression,A_mel_mkref_out,False,3212
LOC726852,LOC726852,Gene Expression,A_mel_mkref_out,False,59
LOC100578957,LOC100578957,Gene Expression,A_mel_mkref_out,False,35978
LOC102656830,LOC102656830,Gene Expression,A_mel_mkref_out,False,920
LOC408438,LOC408438,Gene Expression,A_mel_mkref_out,False,34797
LOC410467,LOC410467,Gene Expression,A_mel_mkref_out,False,49407
LOC724899,LOC724899,Gene Expression,A_mel_mkref_out,False,2052
LOC100578649,LOC100578649,Gene Expression,A_mel_mkref_out,False,94
LOC726240,LOC726240,Gene Expression,A_mel_mkref_out,False,49528
LOC102655843,LOC102655843,Gene Expression,A_mel_mkref_out,False,176
LOC552678,LOC552678,Gene Expression,A_mel_mkref_out,False,39802
LOC726862,LOC726862,Gene Expression,A_mel_mkref_out,False,32304
LOC724686,LOC724686,Gene Expression,A_mel_mkref_out,False,553
Glurb,GeneID_406150,Gene Expression,A_mel_mkref_out,False,50434
LOC409962,LOC409962,Gene Expression,A_mel_mkref_out,False,1657
Foxp,GeneID_408423,Gene Expression,A_mel_mkref_out,False,15037
LOC552398,LOC552398,Gene Expression,A_mel_mkref_out,False,9951
LOC409963,LOC409963,Gene Expression,A_mel_mkref_out,False,62506
LOC413594,LOC413594,Gene Expression,A_mel_mkref_out,False,10368
LOC551272,LOC551272,Gene Expression,A_mel_mkref_out,False,58071
LOC724914,LOC724914,Gene Expression,A_mel_mkref_out,False,155
LOC408398,LOC408398,Gene Expression,A_mel_mkref_out,False,9622
LOC724773,LOC724773,Gene Expression,A_mel_mkref_out,False,3840
LOC409257,LOC409257,Gene Expression,A_mel_mkref_out,False,65025
LOC102656149,LOC102656149,Gene Expression,A_mel_mkref_out,False,922
LOC107965433,LOC107965433,Gene Expression,A_mel_mkref_out,False,1147
LOC102654408,LOC102654408,Gene Expression,A_mel_mkref_out,False,22
LOC551845,LOC551845,Gene Expression,A_mel_mkref_out,False,297
LOC100579055,LOC100579055,Gene Expression,A_mel_mkref_out,False,15752
LOC100578423,LOC100578423,Gene Expression,A_mel_mkref_out,False,39252
LOC552409,LOC552409,Gene Expression,A_mel_mkref_out,False,21111
LOC102653814,LOC102653814,Gene Expression,A_mel_mkref_out,False,21
LOC408431,LOC408431,Gene Expression,A_mel_mkref_out,False,18375
LOC107965398,LOC107965398,Gene Expression,A_mel_mkref_out,False,3257
LOC410424,LOC410424,Gene Expression,A_mel_mkref_out,False,26624
LOC410538,LOC410538,Gene Expression,A_mel_mkref_out,False,12821
LOC551708,LOC551708,Gene Expression,A_mel_mkref_out,False,18987
LOC410534,LOC410534,Gene Expression,A_mel_mkref_out,False,4990
LOC100577784,LOC100577784,Gene Expression,A_mel_mkref_out,False,31019
LOC552701,LOC552701,Gene Expression,A_mel_mkref_out,False,11446
LOC551212,LOC551212,Gene Expression,A_mel_mkref_out,False,19416
LOC724915,LOC724915,Gene Expression,A_mel_mkref_out,False,5199
LOC113219231,LOC113219231,Gene Expression,A_mel_mkref_out,False,3442
LOC725055,LOC725055,Gene Expression,A_mel_mkref_out,False,3067
LOC727280,LOC727280,Gene Expression,A_mel_mkref_out,False,25310
LOC409751,LOC409751,Gene Expression,A_mel_mkref_out,False,195
LOC551197,LOC551197,Gene Expression,A_mel_mkref_out,False,2441
LOC100578776,LOC100578776,Gene Expression,A_mel_mkref_out,False,1029
LOC725543,LOC725543,Gene Expression,A_mel_mkref_out,False,8711
LOC724688,LOC724688,Gene Expression,A_mel_mkref_out,False,11470
LOC551709,LOC551709,Gene Expression,A_mel_mkref_out,False,26657
LOC113218534,LOC113218534,Gene Expression,A_mel_mkref_out,False,12198
LOC410489,LOC410489,Gene Expression,A_mel_mkref_out,False,1253
LOC552640,LOC552640,Gene Expression,A_mel_mkref_out,False,4149
LOC551303,LOC551303,Gene Expression,A_mel_mkref_out,False,12819
LOC102653748,LOC102653748,Gene Expression,A_mel_mkref_out,False,1759
LOC725620,LOC725620,Gene Expression,A_mel_mkref_out,False,11425
LOC725291,LOC725291,Gene Expression,A_mel_mkref_out,False,19042
LOC726020,LOC726020,Gene Expression,A_mel_mkref_out,False,1678
LOC413623,LOC413623,Gene Expression,A_mel_mkref_out,False,5450
LOC726124,LOC726124,Gene Expression,A_mel_mkref_out,False,5130
LOC102656425,LOC102656425,Gene Expression,A_mel_mkref_out,False,7454
LOC410479,LOC410479,Gene Expression,A_mel_mkref_out,False,68238
GluCl,GeneID_408450,Gene Expression,A_mel_mkref_out,False,89674
LOC102655020,LOC102655020,Gene Expression,A_mel_mkref_out,False,15872
LOC552017,LOC552017,Gene Expression,A_mel_mkref_out,False,77647
LOC727185,LOC727185,Gene Expression,A_mel_mkref_out,False,52427
LOC724593,LOC724593,Gene Expression,A_mel_mkref_out,False,64313
LOC725840,LOC725840,Gene Expression,A_mel_mkref_out,False,15124
LOC100578931,LOC100578931,Gene Expression,A_mel_mkref_out,False,14965
LOC113219227,LOC113219227,Gene Expression,A_mel_mkref_out,False,281
LOC410557,LOC410557,Gene Expression,A_mel_mkref_out,False,27214
LOC410542,LOC410542,Gene Expression,A_mel_mkref_out,False,16259
LOC725056,LOC725056,Gene Expression,A_mel_mkref_out,False,3013
LOC100578034,LOC100578034,Gene Expression,A_mel_mkref_out,False,1284
LOC100577641,LOC100577641,Gene Expression,A_mel_mkref_out,False,70
C1q-VP,GeneID_551077,Gene Expression,A_mel_mkref_out,False,717
LOC107965522,LOC107965522,Gene Expression,A_mel_mkref_out,False,1780
LOC113219234,LOC113219234,Gene Expression,A_mel_mkref_out,False,198
LOC100578862,LOC100578862,Gene Expression,A_mel_mkref_out,False,1119
LOC100576184,LOC100576184,Gene Expression,A_mel_mkref_out,False,61
LOC410497,LOC410497,Gene Expression,A_mel_mkref_out,False,73455
LOC551344,LOC551344,Gene Expression,A_mel_mkref_out,False,14663
LOC410565,LOC410565,Gene Expression,A_mel_mkref_out,False,39572
LOC107965509,LOC107965509,Gene Expression,A_mel_mkref_out,False,9120
LOC412926,LOC412926,Gene Expression,A_mel_mkref_out,False,86745
LOC413793,LOC413793,Gene Expression,A_mel_mkref_out,False,15692
LOC727008,LOC727008,Gene Expression,A_mel_mkref_out,False,38124
LOC552355,LOC552355,Gene Expression,A_mel_mkref_out,False,36513
LOC409702,LOC409702,Gene Expression,A_mel_mkref_out,False,16951
LOC100577430,LOC100577430,Gene Expression,A_mel_mkref_out,False,13490
LOC408456,LOC408456,Gene Expression,A_mel_mkref_out,False,1015
LOC107965486,LOC107965486,Gene Expression,A_mel_mkref_out,False,3830
LOC410506,LOC410506,Gene Expression,A_mel_mkref_out,False,1647
LOC107965541,LOC107965541,Gene Expression,A_mel_mkref_out,False,223
LOC408443,LOC408443,Gene Expression,A_mel_mkref_out,False,5320
LOC113219236,LOC113219236,Gene Expression,A_mel_mkref_out,False,1919
LOC102654427,LOC102654427,Gene Expression,A_mel_mkref_out,False,36
LOC413525,LOC413525,Gene Expression,A_mel_mkref_out,False,16230
LOC408464,LOC408464,Gene Expression,A_mel_mkref_out,False,25504
LOC551561,LOC551561,Gene Expression,A_mel_mkref_out,False,27092
LOC410547,LOC410547,Gene Expression,A_mel_mkref_out,False,21456
LOC725318,LOC725318,Gene Expression,A_mel_mkref_out,False,33652
LOC410550,LOC410550,Gene Expression,A_mel_mkref_out,False,1499
LOC100578265,LOC100578265,Gene Expression,A_mel_mkref_out,False,47
LOC412007,LOC412007,Gene Expression,A_mel_mkref_out,False,7188
LOC551275,LOC551275,Gene Expression,A_mel_mkref_out,False,27967
LOC100577945,LOC100577945,Gene Expression,A_mel_mkref_out,False,69795
LOC550981,LOC550981,Gene Expression,A_mel_mkref_out,False,20945
LOC412976,LOC412976,Gene Expression,A_mel_mkref_out,False,1496
LOC102654480,LOC102654480,Gene Expression,A_mel_mkref_out,False,101
LOC100576608,LOC100576608,Gene Expression,A_mel_mkref_out,False,9078
LOC727129,LOC727129,Gene Expression,A_mel_mkref_out,False,32
LOC410512,LOC410512,Gene Expression,A_mel_mkref_out,False,14184
LOC726723,LOC726723,Gene Expression,A_mel_mkref_out,False,25951
LOC552650,LOC552650,Gene Expression,A_mel_mkref_out,False,25395
LOC550801,LOC550801,Gene Expression,A_mel_mkref_out,False,34750
LOC100578877,LOC100578877,Gene Expression,A_mel_mkref_out,False,30240
LOC100578048,LOC100578048,Gene Expression,A_mel_mkref_out,False,47
LOC552815,LOC552815,Gene Expression,A_mel_mkref_out,False,13024
LOC412074,LOC412074,Gene Expression,A_mel_mkref_out,False,5872
LOC413601,LOC413601,Gene Expression,A_mel_mkref_out,False,8710
LOC113219223,LOC113219223,Gene Expression,A_mel_mkref_out,False,986
LOC410484,LOC410484,Gene Expression,A_mel_mkref_out,False,4694
LOC410525,LOC410525,Gene Expression,A_mel_mkref_out,False,7535
LOC113219241,LOC113219241,Gene Expression,A_mel_mkref_out,False,293
LOC413294,LOC413294,Gene Expression,A_mel_mkref_out,False,294
LOC102655921,LOC102655921,Gene Expression,A_mel_mkref_out,False,381
LOC724879,LOC724879,Gene Expression,A_mel_mkref_out,False,11735
LOC410533,LOC410533,Gene Expression,A_mel_mkref_out,False,11973
LOC411780,LOC411780,Gene Expression,A_mel_mkref_out,False,26764
LOC726493,LOC726493,Gene Expression,A_mel_mkref_out,False,1255
LOC410121,LOC410121,Gene Expression,A_mel_mkref_out,False,17124
LOC551327,LOC551327,Gene Expression,A_mel_mkref_out,False,291
LOC100578703,LOC100578703,Gene Expression,A_mel_mkref_out,False,217
LOC726961,LOC726961,Gene Expression,A_mel_mkref_out,False,8930
LOC551428,LOC551428,Gene Expression,A_mel_mkref_out,False,242
LOC102655979,LOC102655979,Gene Expression,A_mel_mkref_out,False,118
LOC409743,LOC409743,Gene Expression,A_mel_mkref_out,False,27013
LOC413977,LOC413977,Gene Expression,A_mel_mkref_out,False,75119
LOC726527,LOC726527,Gene Expression,A_mel_mkref_out,False,28940
LOC410510,LOC410510,Gene Expression,A_mel_mkref_out,False,29786
LOC725179,LOC725179,Gene Expression,A_mel_mkref_out,False,54597
LOC408477,LOC408477,Gene Expression,A_mel_mkref_out,False,22525
LOC725754,LOC725754,Gene Expression,A_mel_mkref_out,False,3898
LOC726227,LOC726227,Gene Expression,A_mel_mkref_out,False,5849
LOC100577136,LOC100577136,Gene Expression,A_mel_mkref_out,False,14597
LOC409198,LOC409198,Gene Expression,A_mel_mkref_out,False,22792
LOC724464,LOC724464,Gene Expression,A_mel_mkref_out,False,142
LOC413909,LOC413909,Gene Expression,A_mel_mkref_out,False,27049
LOC408493,LOC408493,Gene Expression,A_mel_mkref_out,False,4316
Blop,GeneID_406128,Gene Expression,A_mel_mkref_out,False,1013
LOC410475,LOC410475,Gene Expression,A_mel_mkref_out,False,11389
LOC410567,LOC410567,Gene Expression,A_mel_mkref_out,False,30054
LOC100576265,LOC100576265,Gene Expression,A_mel_mkref_out,False,12263
LOC100576996,LOC100576996,Gene Expression,A_mel_mkref_out,False,4806
LOC724157,LOC724157,Gene Expression,A_mel_mkref_out,False,15802
LOC726582,LOC726582,Gene Expression,A_mel_mkref_out,False,33146
LOC408453,LOC408453,Gene Expression,A_mel_mkref_out,False,1563
LOC107965506,LOC107965506,Gene Expression,A_mel_mkref_out,False,2432
LOC102656671,LOC102656671,Gene Expression,A_mel_mkref_out,False,7232
LOC408442,LOC408442,Gene Expression,A_mel_mkref_out,False,35733
LOC113219226,LOC113219226,Gene Expression,A_mel_mkref_out,False,1550
LOC409985,LOC409985,Gene Expression,A_mel_mkref_out,False,53346
LOC410492,LOC410492,Gene Expression,A_mel_mkref_out,False,539
LOC410521,LOC410521,Gene Expression,A_mel_mkref_out,False,732
LOC113219219,LOC113219219,Gene Expression,A_mel_mkref_out,False,49233
LOC550914,LOC550914,Gene Expression,A_mel_mkref_out,False,45579
LOC725149,LOC725149,Gene Expression,A_mel_mkref_out,False,18372
LOC551990,LOC551990,Gene Expression,A_mel_mkref_out,False,8146
LOC551446,LOC551446,Gene Expression,A_mel_mkref_out,False,77048
LOC413285,LOC413285,Gene Expression,A_mel_mkref_out,False,603
LOC100578729,LOC100578729,Gene Expression,A_mel_mkref_out,False,942
LOC552492,LOC552492,Gene Expression,A_mel_mkref_out,False,17008
LOC113219217,LOC113219217,Gene Expression,A_mel_mkref_out,False,1422
LOC411495,LOC411495,Gene Expression,A_mel_mkref_out,False,21449
LOC413213,LOC413213,Gene Expression,A_mel_mkref_out,False,41029
LOC552261,LOC552261,Gene Expression,A_mel_mkref_out,False,57482
LOC724365,LOC724365,Gene Expression,A_mel_mkref_out,False,14366
LOC408497,LOC408497,Gene Expression,A_mel_mkref_out,False,46178
LOC410507,LOC410507,Gene Expression,A_mel_mkref_out,False,12664
LOC100577840,LOC100577840,Gene Expression,A_mel_mkref_out,False,6982
LOC727335,LOC727335,Gene Expression,A_mel_mkref_out,False,1377
LOC413069,LOC413069,Gene Expression,A_mel_mkref_out,False,22813
LOC102653795,LOC102653795,Gene Expression,A_mel_mkref_out,False,4425
LOC409578,LOC409578,Gene Expression,A_mel_mkref_out,False,14883
LOC107965470,LOC107965470,Gene Expression,A_mel_mkref_out,False,378
LOC408461,LOC408461,Gene Expression,A_mel_mkref_out,False,4783
LOC413582,LOC413582,Gene Expression,A_mel_mkref_out,False,38267
LOC107965550,LOC107965550,Gene Expression,A_mel_mkref_out,False,1257
LOC726066,LOC726066,Gene Expression,A_mel_mkref_out,False,242
LOC107965520,LOC107965520,Gene Expression,A_mel_mkref_out,False,22783
LOC100577863,LOC100577863,Gene Expression,A_mel_mkref_out,False,645
LOC100577180,LOC100577180,Gene Expression,A_mel_mkref_out,False,5922
LOC552671,LOC552671,Gene Expression,A_mel_mkref_out,False,28499
LOC726474,LOC726474,Gene Expression,A_mel_mkref_out,False,20803
LOC100576934,LOC100576934,Gene Expression,A_mel_mkref_out,False,67
LOC726791,LOC726791,Gene Expression,A_mel_mkref_out,False,8681
LOC102656882,LOC102656882,Gene Expression,A_mel_mkref_out,False,221
LOC100576734,LOC100576734,Gene Expression,A_mel_mkref_out,False,5104
LOC113219242,LOC113219242,Gene Expression,A_mel_mkref_out,False,1159
LOC100576226,LOC100576226,Gene Expression,A_mel_mkref_out,False,16262
LOC410554,LOC410554,Gene Expression,A_mel_mkref_out,False,2256
LOC102656712,LOC102656712,Gene Expression,A_mel_mkref_out,False,2176
LOC102655815,LOC102655815,Gene Expression,A_mel_mkref_out,False,2658
LOC113219218,LOC113219218,Gene Expression,A_mel_mkref_out,False,1296
LOC411661,LOC411661,Gene Expression,A_mel_mkref_out,False,14935
LOC410520,LOC410520,Gene Expression,A_mel_mkref_out,False,904
LOC100578563,LOC100578563,Gene Expression,A_mel_mkref_out,False,22484
LOC107965474,LOC107965474,Gene Expression,A_mel_mkref_out,False,697
LOC727287,LOC727287,Gene Expression,A_mel_mkref_out,False,1932
LOC724420,LOC724420,Gene Expression,A_mel_mkref_out,False,46786
LOC411779,LOC411779,Gene Expression,A_mel_mkref_out,False,10492
LOC408500,LOC408500,Gene Expression,A_mel_mkref_out,False,75112
LOC410499,LOC410499,Gene Expression,A_mel_mkref_out,False,892
LOC100578998,LOC100578998,Gene Expression,A_mel_mkref_out,False,1664
LOC102654519,LOC102654519,Gene Expression,A_mel_mkref_out,False,2116
LOC100578307,LOC100578307,Gene Expression,A_mel_mkref_out,False,292
LOC725033,LOC725033,Gene Expression,A_mel_mkref_out,False,64264
LOC724846,LOC724846,Gene Expression,A_mel_mkref_out,False,4550
LOC107965519,LOC107965519,Gene Expression,A_mel_mkref_out,False,22972
LOC410493,LOC410493,Gene Expression,A_mel_mkref_out,False,14301
LOC102654557,LOC102654557,Gene Expression,A_mel_mkref_out,False,69
LOC727272,LOC727272,Gene Expression,A_mel_mkref_out,False,52738
LOC413579,LOC413579,Gene Expression,A_mel_mkref_out,False,18643
LOC100577065,LOC100577065,Gene Expression,A_mel_mkref_out,False,306
LOC727026,LOC727026,Gene Expression,A_mel_mkref_out,False,17594
LOC724379,LOC724379,Gene Expression,A_mel_mkref_out,False,2647
LOC410532,LOC410532,Gene Expression,A_mel_mkref_out,False,3364
LOC724646,LOC724646,Gene Expression,A_mel_mkref_out,False,16986
LOC551579,LOC551579,Gene Expression,A_mel_mkref_out,False,33629
LOC413286,LOC413286,Gene Expression,A_mel_mkref_out,False,9567
LOC413110,LOC413110,Gene Expression,A_mel_mkref_out,False,16248
LOC100576542,LOC100576542,Gene Expression,A_mel_mkref_out,False,13058
LOC725583,LOC725583,Gene Expression,A_mel_mkref_out,False,5484
LOC725621,LOC725621,Gene Expression,A_mel_mkref_out,False,5148
LOC726322,LOC726322,Gene Expression,A_mel_mkref_out,False,7718
LOC408463,LOC408463,Gene Expression,A_mel_mkref_out,False,13327
LOC551684,LOC551684,Gene Expression,A_mel_mkref_out,False,37044
LOC412301,LOC412301,Gene Expression,A_mel_mkref_out,False,10981
LOC113218537,LOC113218537,Gene Expression,A_mel_mkref_out,False,20116
LOC409902,LOC409902,Gene Expression,A_mel_mkref_out,False,74012
LOC551823,LOC551823,Gene Expression,A_mel_mkref_out,False,34850
LOC410480,LOC410480,Gene Expression,A_mel_mkref_out,False,28063
LOC107965473,LOC107965473,Gene Expression,A_mel_mkref_out,False,28525
LOC409752,LOC409752,Gene Expression,A_mel_mkref_out,False,76900
LOC100576814,LOC100576814,Gene Expression,A_mel_mkref_out,False,5570
LOC727081,LOC727081,Gene Expression,A_mel_mkref_out,False,3060
LOC726922,LOC726922,Gene Expression,A_mel_mkref_out,False,14852
LOC727378,LOC727378,Gene Expression,A_mel_mkref_out,False,19692
LOC409199,LOC409199,Gene Expression,A_mel_mkref_out,False,20623
LOC113219233,LOC113219233,Gene Expression,A_mel_mkref_out,False,22825
LOC413879,LOC413879,Gene Expression,A_mel_mkref_out,False,17023
LOC550958,LOC550958,Gene Expression,A_mel_mkref_out,False,1941
LOC726600,LOC726600,Gene Expression,A_mel_mkref_out,False,774
LOC100578406,LOC100578406,Gene Expression,A_mel_mkref_out,False,22045
LOC100576374,LOC100576374,Gene Expression,A_mel_mkref_out,False,6399
LOC113219244,LOC113219244,Gene Expression,A_mel_mkref_out,False,8089
LOC100578854,LOC100578854,Gene Expression,A_mel_mkref_out,False,64049
LOC100578515,LOC100578515,Gene Expression,A_mel_mkref_out,False,18125
LOC411662,LOC411662,Gene Expression,A_mel_mkref_out,False,10894
LOC410535,LOC410535,Gene Expression,A_mel_mkref_out,False,10573
LOC100576461,LOC100576461,Gene Expression,A_mel_mkref_out,False,69969
LOC413305,LOC413305,Gene Expression,A_mel_mkref_out,False,20944
LOC408457,LOC408457,Gene Expression,A_mel_mkref_out,False,18789
LOC410561,LOC410561,Gene Expression,A_mel_mkref_out,False,7295
LOC411972,LOC411972,Gene Expression,A_mel_mkref_out,False,33421
LOC552071,LOC552071,Gene Expression,A_mel_mkref_out,False,33950
LOC413854,LOC413854,Gene Expression,A_mel_mkref_out,False,10804
LOC100576122,LOC100576122,Gene Expression,A_mel_mkref_out,False,47
LOC100579005,LOC100579005,Gene Expression,A_mel_mkref_out,False,171
LOC725346,LOC725346,Gene Expression,A_mel_mkref_out,False,111
LOC408503,LOC408503,Gene Expression,A_mel_mkref_out,False,22495
LOC727312,LOC727312,Gene Expression,A_mel_mkref_out,False,52852
LOC413569,LOC413569,Gene Expression,A_mel_mkref_out,False,86936
LOC725184,LOC725184,Gene Expression,A_mel_mkref_out,False,42473
LOC410100,LOC410100,Gene Expression,A_mel_mkref_out,False,19186
LOC552443,LOC552443,Gene Expression,A_mel_mkref_out,False,11493
LOC552445,LOC552445,Gene Expression,A_mel_mkref_out,False,49480
LOC551651,LOC551651,Gene Expression,A_mel_mkref_out,False,23317
LOC409294,LOC409294,Gene Expression,A_mel_mkref_out,False,31689
LOC412320,LOC412320,Gene Expression,A_mel_mkref_out,False,8066
LOC725453,LOC725453,Gene Expression,A_mel_mkref_out,False,71388
LOC726768,LOC726768,Gene Expression,A_mel_mkref_out,False,35641
LOC102654450,LOC102654450,Gene Expression,A_mel_mkref_out,False,55599
LOC410483,LOC410483,Gene Expression,A_mel_mkref_out,False,277
LOC102653879,LOC102653879,Gene Expression,A_mel_mkref_out,False,25112
LOC726947,LOC726947,Gene Expression,A_mel_mkref_out,False,20968
LOC410511,LOC410511,Gene Expression,A_mel_mkref_out,False,21379
LOC409253,LOC409253,Gene Expression,A_mel_mkref_out,False,27172
LOC100577279,LOC100577279,Gene Expression,A_mel_mkref_out,False,12175
LOC102654724,LOC102654724,Gene Expression,A_mel_mkref_out,False,4934
LOC725420,LOC725420,Gene Expression,A_mel_mkref_out,False,23
LOC727135,LOC727135,Gene Expression,A_mel_mkref_out,False,29176
LOC413466,LOC413466,Gene Expression,A_mel_mkref_out,False,4075
LOC724804,LOC724804,Gene Expression,A_mel_mkref_out,False,14852
LOC725456,LOC725456,Gene Expression,A_mel_mkref_out,False,33
LOC551439,LOC551439,Gene Expression,A_mel_mkref_out,False,7968
LOC724465,LOC724465,Gene Expression,A_mel_mkref_out,False,368
LOC409822,LOC409822,Gene Expression,A_mel_mkref_out,False,725
LOC724550,LOC724550,Gene Expression,A_mel_mkref_out,False,22150
LOC727652,LOC727652,Gene Expression,A_mel_mkref_out,False,22210
LOC102656485,LOC102656485,Gene Expression,A_mel_mkref_out,False,8169
LOC726392,LOC726392,Gene Expression,A_mel_mkref_out,False,1494
LOC113219230,LOC113219230,Gene Expression,A_mel_mkref_out,False,14430
LOC410498,LOC410498,Gene Expression,A_mel_mkref_out,False,88629
LOC552724,LOC552724,Gene Expression,A_mel_mkref_out,False,1396
LOC551931,LOC551931,Gene Expression,A_mel_mkref_out,False,24484
LOC113219220,LOC113219220,Gene Expression,A_mel_mkref_out,False,2226
LOC550686,LOC550686,Gene Expression,A_mel_mkref_out,False,45277
LOC410527,LOC410527,Gene Expression,A_mel_mkref_out,False,45005
LOC100577682,LOC100577682,Gene Expression,A_mel_mkref_out,False,12061
LOC725502,LOC725502,Gene Expression,A_mel_mkref_out,False,1099
LOC725926,LOC725926,Gene Expression,A_mel_mkref_out,False,33348
LOC409614,LOC409614,Gene Expression,A_mel_mkref_out,False,10711
LOC107965480,LOC107965480,Gene Expression,A_mel_mkref_out,False,337
LOC412927,LOC412927,Gene Expression,A_mel_mkref_out,False,37507
LOC102655247,LOC102655247,Gene Expression,A_mel_mkref_out,False,768
eve,GeneID_724845,Gene Expression,A_mel_mkref_out,False,62
LOC100577030,LOC100577030,Gene Expression,A_mel_mkref_out,False,8032
LOC100578380,LOC100578380,Gene Expression,A_mel_mkref_out,False,3109
LOC724293,LOC724293,Gene Expression,A_mel_mkref_out,False,6773
LOC413794,LOC413794,Gene Expression,A_mel_mkref_out,False,4286
LOC726153,LOC726153,Gene Expression,A_mel_mkref_out,False,40131
LOC410486,LOC410486,Gene Expression,A_mel_mkref_out,False,25769
LOC551846,LOC551846,Gene Expression,A_mel_mkref_out,False,55722
Tom7,GeneID_727327,Gene Expression,A_mel_mkref_out,False,7355
LOC100578443,LOC100578443,Gene Expression,A_mel_mkref_out,False,7183
LOC100576738,LOC100576738,Gene Expression,A_mel_mkref_out,False,562
LOC725054,LOC725054,Gene Expression,A_mel_mkref_out,False,9597
LOC100577849,LOC100577849,Gene Expression,A_mel_mkref_out,False,572
LOC408455,LOC408455,Gene Expression,A_mel_mkref_out,False,38146
LOC409945,LOC409945,Gene Expression,A_mel_mkref_out,False,16389
LOC410546,LOC410546,Gene Expression,A_mel_mkref_out,False,18504
LOC102656582,LOC102656582,Gene Expression,A_mel_mkref_out,False,263
LOC552532,LOC552532,Gene Expression,A_mel_mkref_out,False,17259
LOC410559,LOC410559,Gene Expression,A_mel_mkref_out,False,220
LOC113219224,LOC113219224,Gene Expression,A_mel_mkref_out,False,735
LOC725200,LOC725200,Gene Expression,A_mel_mkref_out,False,1823
LOC726492,LOC726492,Gene Expression,A_mel_mkref_out,False,6000
LOC411790,LOC411790,Gene Expression,A_mel_mkref_out,False,7443
LOC411486,LOC411486,Gene Expression,A_mel_mkref_out,False,273
LOC408473,LOC408473,Gene Expression,A_mel_mkref_out,False,41554
LOC100577506,LOC100577506,Gene Expression,A_mel_mkref_out,False,10012
LOC408451,LOC408451,Gene Expression,A_mel_mkref_out,False,2203
LOC411520,LOC411520,Gene Expression,A_mel_mkref_out,False,18417
LOC552735,LOC552735,Gene Expression,A_mel_mkref_out,False,28209
LOC113219243,LOC113219243,Gene Expression,A_mel_mkref_out,False,1534
LOC100576530,LOC100576530,Gene Expression,A_mel_mkref_out,False,30844
LOC727294,LOC727294,Gene Expression,A_mel_mkref_out,False,8710
LOC102653718,LOC102653718,Gene Expression,A_mel_mkref_out,False,142
LOC727174,LOC727174,Gene Expression,A_mel_mkref_out,False,15438
LOC410537,LOC410537,Gene Expression,A_mel_mkref_out,False,1963
LOC102655844,LOC102655844,Gene Expression,A_mel_mkref_out,False,57
LOC727150,LOC727150,Gene Expression,A_mel_mkref_out,False,52208
LOC409300,LOC409300,Gene Expression,A_mel_mkref_out,False,13076
PPO,GeneID_406155,Gene Expression,A_mel_mkref_out,False,1232
LOC725978,LOC725978,Gene Expression,A_mel_mkref_out,False,3774
LOC100576688,LOC100576688,Gene Expression,A_mel_mkref_out,False,1332
LOC100578067,LOC100578067,Gene Expression,A_mel_mkref_out,False,2200
LOC410571,LOC410571,Gene Expression,A_mel_mkref_out,False,24464
LOC412313,LOC412313,Gene Expression,A_mel_mkref_out,False,38189
LOC413068,LOC413068,Gene Expression,A_mel_mkref_out,False,62
LOC551882,LOC551882,Gene Expression,A_mel_mkref_out,False,25515
LOC725784,LOC725784,Gene Expression,A_mel_mkref_out,False,7648
LOC408481,LOC408481,Gene Expression,A_mel_mkref_out,False,21836
LOC726275,LOC726275,Gene Expression,A_mel_mkref_out,False,220
LOC412928,LOC412928,Gene Expression,A_mel_mkref_out,False,19303
LOC411663,LOC411663,Gene Expression,A_mel_mkref_out,False,22299
LOC410487,LOC410487,Gene Expression,A_mel_mkref_out,False,54066
LOC552424,LOC552424,Gene Expression,A_mel_mkref_out,False,31167
LOC102653862,LOC102653862,Gene Expression,A_mel_mkref_out,False,19924
LOC411373,LOC411373,Gene Expression,A_mel_mkref_out,False,68
LOC102655464,LOC102655464,Gene Expression,A_mel_mkref_out,False,1358
LOC725711,LOC725711,Gene Expression,A_mel_mkref_out,False,13231
LOC409084,LOC409084,Gene Expression,A_mel_mkref_out,False,55706
LOC727311,LOC727311,Gene Expression,A_mel_mkref_out,False,13585
CUTA,GeneID_552415,Gene Expression,A_mel_mkref_out,False,22039
LOC102654486,LOC102654486,Gene Expression,A_mel_mkref_out,False,95
LOC409753,LOC409753,Gene Expression,A_mel_mkref_out,False,44426
LOC550799,LOC550799,Gene Expression,A_mel_mkref_out,False,82318
LOC727486,LOC727486,Gene Expression,A_mel_mkref_out,False,62168
LOC724731,LOC724731,Gene Expression,A_mel_mkref_out,False,11267
LOC107965484,LOC107965484,Gene Expression,A_mel_mkref_out,False,3625
LOC552652,LOC552652,Gene Expression,A_mel_mkref_out,False,17618
LOC411920,LOC411920,Gene Expression,A_mel_mkref_out,False,16812
LOC408494,LOC408494,Gene Expression,A_mel_mkref_out,False,10771
LOC552592,LOC552592,Gene Expression,A_mel_mkref_out,False,2499
LOC726839,LOC726839,Gene Expression,A_mel_mkref_out,False,286
LOC724487,LOC724487,Gene Expression,A_mel_mkref_out,False,24004
LOC727277,LOC727277,Gene Expression,A_mel_mkref_out,False,21846
LOC102653947,LOC102653947,Gene Expression,A_mel_mkref_out,False,114
LOC724594,LOC724594,Gene Expression,A_mel_mkref_out,False,31510
LOC102654738,LOC102654738,Gene Expression,A_mel_mkref_out,False,122
LOC102654783,LOC102654783,Gene Expression,A_mel_mkref_out,False,2852
LOC107965500,LOC107965500,Gene Expression,A_mel_mkref_out,False,1681
UHRF1,GeneID_724805,Gene Expression,A_mel_mkref_out,False,15577
LOC726373,LOC726373,Gene Expression,A_mel_mkref_out,False,30163
Stg-1,GeneID_724078,Gene Expression,A_mel_mkref_out,False,27443
LOC551118,LOC551118,Gene Expression,A_mel_mkref_out,False,32789
LOC413613,LOC413613,Gene Expression,A_mel_mkref_out,False,33169
LOC100576591,LOC100576591,Gene Expression,A_mel_mkref_out,False,4474
LOC551768,LOC551768,Gene Expression,A_mel_mkref_out,False,19422
LOC552632,LOC552632,Gene Expression,A_mel_mkref_out,False,43782
LOC726697,LOC726697,Gene Expression,A_mel_mkref_out,False,35208
LOC102656201,LOC102656201,Gene Expression,A_mel_mkref_out,False,117
LOC410526,LOC410526,Gene Expression,A_mel_mkref_out,False,1317
LOC552116,LOC552116,Gene Expression,A_mel_mkref_out,False,16901
LOC408478,LOC408478,Gene Expression,A_mel_mkref_out,False,23065
LOC412623,LOC412623,Gene Expression,A_mel_mkref_out,False,32312
LOC107965532,LOC107965532,Gene Expression,A_mel_mkref_out,False,2099
LOC552812,LOC552812,Gene Expression,A_mel_mkref_out,False,9978
LOC410556,LOC410556,Gene Expression,A_mel_mkref_out,False,22029
LOC100576128,LOC100576128,Gene Expression,A_mel_mkref_out,False,2223
LOC408480,LOC408480,Gene Expression,A_mel_mkref_out,False,5057
LOC408444,LOC408444,Gene Expression,A_mel_mkref_out,False,23339
LOC107965489,LOC107965489,Gene Expression,A_mel_mkref_out,False,4596
LOC552485,LOC552485,Gene Expression,A_mel_mkref_out,False,25111
Reck,GeneID_408485,Gene Expression,A_mel_mkref_out,False,7745
LOC410530,LOC410530,Gene Expression,A_mel_mkref_out,False,20189
LOC724752,LOC724752,Gene Expression,A_mel_mkref_out,False,14337
LOC408448,LOC408448,Gene Expression,A_mel_mkref_out,False,6868
LOC100576690,LOC100576690,Gene Expression,A_mel_mkref_out,False,22720
LOC726276,LOC726276,Gene Expression,A_mel_mkref_out,False,13873
LOC727309,LOC727309,Gene Expression,A_mel_mkref_out,False,16360
LOC410541,LOC410541,Gene Expression,A_mel_mkref_out,False,20739
LOC102654839,LOC102654839,Gene Expression,A_mel_mkref_out,False,575
LOC102654842,LOC102654842,Gene Expression,A_mel_mkref_out,False,710
LOC408470,LOC408470,Gene Expression,A_mel_mkref_out,False,21903
LOC551378,LOC551378,Gene Expression,A_mel_mkref_out,False,340
LOC408452,LOC408452,Gene Expression,A_mel_mkref_out,False,3855
LOC102656505,LOC102656505,Gene Expression,A_mel_mkref_out,False,244
LOC100577694,LOC100577694,Gene Expression,A_mel_mkref_out,False,2029
LOC100576195,LOC100576195,Gene Expression,A_mel_mkref_out,False,19949
LOC494509,LOC494509,Gene Expression,A_mel_mkref_out,False,18137
LOC409429,LOC409429,Gene Expression,A_mel_mkref_out,False,27865
LOC552477,LOC552477,Gene Expression,A_mel_mkref_out,False,46255
LOC410505,LOC410505,Gene Expression,A_mel_mkref_out,False,15427
LOC100577387,LOC100577387,Gene Expression,A_mel_mkref_out,False,75
LOC551766,LOC551766,Gene Expression,A_mel_mkref_out,False,32374
LOC409202,LOC409202,Gene Expression,A_mel_mkref_out,False,30063
LOC551741,LOC551741,Gene Expression,A_mel_mkref_out,False,3291
LOC102654696,LOC102654696,Gene Expression,A_mel_mkref_out,False,34483
LOC100578990,LOC100578990,Gene Expression,A_mel_mkref_out,False,18640
LOC100578743,LOC100578743,Gene Expression,A_mel_mkref_out,False,21691
LOC102653936,LOC102653936,Gene Expression,A_mel_mkref_out,False,93
LOC551191,LOC551191,Gene Expression,A_mel_mkref_out,False,19556
LOC408447,LOC408447,Gene Expression,A_mel_mkref_out,False,31967
nAChRa7,GeneID_406148,Gene Expression,A_mel_mkref_out,False,83310
LOC100577155,LOC100577155,Gene Expression,A_mel_mkref_out,False,984
LOC409405,LOC409405,Gene Expression,A_mel_mkref_out,False,21739
LOC113218540,LOC113218540,Gene Expression,A_mel_mkref_out,False,3226
aub,GeneID_412427,Gene Expression,A_mel_mkref_out,False,15144
LOC726928,LOC726928,Gene Expression,A_mel_mkref_out,False,39584
LOC410502,LOC410502,Gene Expression,A_mel_mkref_out,False,20499
LOC408441,LOC408441,Gene Expression,A_mel_mkref_out,False,17845
LOC724506,LOC724506,Gene Expression,A_mel_mkref_out,False,9196
LOC100576402,LOC100576402,Gene Expression,A_mel_mkref_out,False,29211
LOC100577632,LOC100577632,Gene Expression,A_mel_mkref_out,False,19212
LOC100577263,LOC100577263,Gene Expression,A_mel_mkref_out,False,13323
LOC727151,LOC727151,Gene Expression,A_mel_mkref_out,False,2590
LOC100577362,LOC100577362,Gene Expression,A_mel_mkref_out,False,97
LOC412941,LOC412941,Gene Expression,A_mel_mkref_out,False,66311
LOC552569,LOC552569,Gene Expression,A_mel_mkref_out,False,18627
LOC102654315,LOC102654315,Gene Expression,A_mel_mkref_out,False,1129
LOC724206,LOC724206,Gene Expression,A_mel_mkref_out,False,16452
LOC409711,LOC409711,Gene Expression,A_mel_mkref_out,False,75425
LOC408474,LOC408474,Gene Expression,A_mel_mkref_out,False,731
LOC100577002,LOC100577002,Gene Expression,A_mel_mkref_out,False,4868
LOC410495,LOC410495,Gene Expression,A_mel_mkref_out,False,699
LOC410514,LOC410514,Gene Expression,A_mel_mkref_out,False,47856
LOC727642,LOC727642,Gene Expression,A_mel_mkref_out,False,1024
LOC726867,LOC726867,Gene Expression,A_mel_mkref_out,False,28043
LOC102654890,LOC102654890,Gene Expression,A_mel_mkref_out,False,35275
LOC107965494,LOC107965494,Gene Expression,A_mel_mkref_out,False,410
LOC409408,LOC409408,Gene Expression,A_mel_mkref_out,False,23882
LOC412057,LOC412057,Gene Expression,A_mel_mkref_out,False,6700
LOC727648,LOC727648,Gene Expression,A_mel_mkref_out,False,23762
LOC727320,LOC727320,Gene Expression,A_mel_mkref_out,False,14505
LOC551742,LOC551742,Gene Expression,A_mel_mkref_out,False,22642
LOC726906,LOC726906,Gene Expression,A_mel_mkref_out,False,25459
LOC406146,LOC406146,Gene Expression,A_mel_mkref_out,False,19241
LOC727232,LOC727232,Gene Expression,A_mel_mkref_out,False,48297
LOC409984,LOC409984,Gene Expression,A_mel_mkref_out,False,14636
LOC410482,LOC410482,Gene Expression,A_mel_mkref_out,False,12998
LOC725467,LOC725467,Gene Expression,A_mel_mkref_out,False,30118
LOC725575,LOC725575,Gene Expression,A_mel_mkref_out,False,21633
LOC410485,LOC410485,Gene Expression,A_mel_mkref_out,False,31593
LOC552703,LOC552703,Gene Expression,A_mel_mkref_out,False,21669
LOC100579015,LOC100579015,Gene Expression,A_mel_mkref_out,False,3974
LOC408471,LOC408471,Gene Expression,A_mel_mkref_out,False,66820
LOC102654160,LOC102654160,Gene Expression,A_mel_mkref_out,False,761
nAChRb1,GeneID_410478,Gene Expression,A_mel_mkref_out,False,12097
LOC410555,LOC410555,Gene Expression,A_mel_mkref_out,False,396
LOC102655994,LOC102655994,Gene Expression,A_mel_mkref_out,False,31006
LOC727235,LOC727235,Gene Expression,A_mel_mkref_out,False,31522
LOC100576767,LOC100576767,Gene Expression,A_mel_mkref_out,False,4432
LOC551944,LOC551944,Gene Expression,A_mel_mkref_out,False,26464
LOC107965504,LOC107965504,Gene Expression,A_mel_mkref_out,False,1441
LOC107965485,LOC107965485,Gene Expression,A_mel_mkref_out,False,150
LOC726184,LOC726184,Gene Expression,A_mel_mkref_out,False,18785
LOC410516,LOC410516,Gene Expression,A_mel_mkref_out,False,9158
LOC410515,LOC410515,Gene Expression,A_mel_mkref_out,False,1063
LOC412624,LOC412624,Gene Expression,A_mel_mkref_out,False,12558
LOC107963972,LOC107963972,Gene Expression,A_mel_mkref_out,False,529
LOC727650,LOC727650,Gene Expression,A_mel_mkref_out,False,7895
LOC727164,LOC727164,Gene Expression,A_mel_mkref_out,False,224
LOC107964014,LOC107964014,Gene Expression,A_mel_mkref_out,False,1703
LOC410570,LOC410570,Gene Expression,A_mel_mkref_out,False,29791
LOC410174,LOC410174,Gene Expression,A_mel_mkref_out,False,52060
LOC410549,LOC410549,Gene Expression,A_mel_mkref_out,False,28683
LOC550734,LOC550734,Gene Expression,A_mel_mkref_out,False,16705
LOC550858,LOC550858,Gene Expression,A_mel_mkref_out,False,13455
LOC413481,LOC413481,Gene Expression,A_mel_mkref_out,False,2326
LOC727284,LOC727284,Gene Expression,A_mel_mkref_out,False,742
LOC551100,LOC551100,Gene Expression,A_mel_mkref_out,False,25501
LOC552517,LOC552517,Gene Expression,A_mel_mkref_out,False,28169
LOC410517,LOC410517,Gene Expression,A_mel_mkref_out,False,25278
LOC100577121,LOC100577121,Gene Expression,A_mel_mkref_out,False,7587
LOC413878,LOC413878,Gene Expression,A_mel_mkref_out,False,4803
LOC100577145,LOC100577145,Gene Expression,A_mel_mkref_out,False,15179
LOC113219228,LOC113219228,Gene Expression,A_mel_mkref_out,False,269
LOC102655837,LOC102655837,Gene Expression,A_mel_mkref_out,False,271
LOC412271,LOC412271,Gene Expression,A_mel_mkref_out,False,3978
LOC408501,LOC408501,Gene Expression,A_mel_mkref_out,False,20258
LOC727313,LOC727313,Gene Expression,A_mel_mkref_out,False,20540
Metrn,GeneID_552122,Gene Expression,A_mel_mkref_out,False,20367
LOC725310,LOC725310,Gene Expression,A_mel_mkref_out,False,18751
LOC113219221,LOC113219221,Gene Expression,A_mel_mkref_out,False,349
LOC100576082,LOC100576082,Gene Expression,A_mel_mkref_out,False,6381
LOC552043,LOC552043,Gene Expression,A_mel_mkref_out,False,21270
LOC100576803,LOC100576803,Gene Expression,A_mel_mkref_out,False,160
LOC410539,LOC410539,Gene Expression,A_mel_mkref_out,False,2250
LOC552824,LOC552824,Gene Expression,A_mel_mkref_out,False,10203
LOC413435,LOC413435,Gene Expression,A_mel_mkref_out,False,7422
LOC100576251,LOC100576251,Gene Expression,A_mel_mkref_out,False,13430
LOC102654224,LOC102654224,Gene Expression,A_mel_mkref_out,False,1574
LOC102653589,LOC102653589,Gene Expression,A_mel_mkref_out,False,1237
LOC102653690,LOC102653690,Gene Expression,A_mel_mkref_out,False,1970
LOC727254,LOC727254,Gene Expression,A_mel_mkref_out,False,11313
LOC410494,LOC410494,Gene Expression,A_mel_mkref_out,False,26775
LOC406105,LOC406105,Gene Expression,A_mel_mkref_out,False,872
LOC408467,LOC408467,Gene Expression,A_mel_mkref_out,False,9922
LOC408449,LOC408449,Gene Expression,A_mel_mkref_out,False,41463
EphR,GeneID_408489,Gene Expression,A_mel_mkref_out,False,70860
LOC552088,LOC552088,Gene Expression,A_mel_mkref_out,False,18675
LOC409577,LOC409577,Gene Expression,A_mel_mkref_out,False,23816
LOC724159,LOC724159,Gene Expression,A_mel_mkref_out,False,77774
LOC408465,LOC408465,Gene Expression,A_mel_mkref_out,False,90931
LOC410558,LOC410558,Gene Expression,A_mel_mkref_out,False,33545
LOC113218579,LOC113218579,Gene Expression,A_mel_mkref_out,False,18980
LOC409862,LOC409862,Gene Expression,A_mel_mkref_out,False,32023
LOC410545,LOC410545,Gene Expression,A_mel_mkref_out,False,61577
LOC413688,LOC413688,Gene Expression,A_mel_mkref_out,False,5828
LOC410501,LOC410501,Gene Expression,A_mel_mkref_out,False,846
LOC724247,LOC724247,Gene Expression,A_mel_mkref_out,False,25461
LOC100576983,LOC100576983,Gene Expression,A_mel_mkref_out,False,44956
LOC412296,LOC412296,Gene Expression,A_mel_mkref_out,False,14865
LOC100576152,LOC100576152,Gene Expression,A_mel_mkref_out,False,100
LOC724158,LOC724158,Gene Expression,A_mel_mkref_out,False,2771
LOC408446,LOC408446,Gene Expression,A_mel_mkref_out,False,32763
LOC107965502,LOC107965502,Gene Expression,A_mel_mkref_out,False,11400
LOC724339,LOC724339,Gene Expression,A_mel_mkref_out,False,18366
LOC726649,LOC726649,Gene Expression,A_mel_mkref_out,False,23009
LOC107963986,LOC107963986,Gene Expression,A_mel_mkref_out,False,24030
LOC726364,LOC726364,Gene Expression,A_mel_mkref_out,False,16699
LOC551582,LOC551582,Gene Expression,A_mel_mkref_out,False,608
LOC411778,LOC411778,Gene Expression,A_mel_mkref_out,False,16525
LOC410563,LOC410563,Gene Expression,A_mel_mkref_out,False,10347
LOC552508,LOC552508,Gene Expression,A_mel_mkref_out,False,4357
LOC724294,LOC724294,Gene Expression,A_mel_mkref_out,False,45495
LOC107963969,LOC107963969,Gene Expression,A_mel_mkref_out,False,86
LOC726979,LOC726979,Gene Expression,A_mel_mkref_out,False,14262
LOC409299,LOC409299,Gene Expression,A_mel_mkref_out,False,29226
LOC412070,LOC412070,Gene Expression,A_mel_mkref_out,False,14400
LOC409331,LOC409331,Gene Expression,A_mel_mkref_out,False,15060
LOC552697,LOC552697,Gene Expression,A_mel_mkref_out,False,22788
LOC409894,LOC409894,Gene Expression,A_mel_mkref_out,False,19278
LOC113219222,LOC113219222,Gene Expression,A_mel_mkref_out,False,9453
LOC113219237,LOC113219237,Gene Expression,A_mel_mkref_out,False,1454
LOC552579,LOC552579,Gene Expression,A_mel_mkref_out,False,18142
LOC100576925,LOC100576925,Gene Expression,A_mel_mkref_out,False,5990
LOC725607,LOC725607,Gene Expression,A_mel_mkref_out,False,3379
LOC102656835,LOC102656835,Gene Expression,A_mel_mkref_out,False,1643
LOC727121,LOC727121,Gene Expression,A_mel_mkref_out,False,2311
LOC410562,LOC410562,Gene Expression,A_mel_mkref_out,False,38318
LOC113219229,LOC113219229,Gene Expression,A_mel_mkref_out,False,119
LOC107965534,LOC107965534,Gene Expression,A_mel_mkref_out,False,786
LOC113219239,LOC113219239,Gene Expression,A_mel_mkref_out,False,110
LOC102654440,LOC102654440,Gene Expression,A_mel_mkref_out,False,2690
LOC100578920,LOC100578920,Gene Expression,A_mel_mkref_out,False,3159
LOC102655179,LOC102655179,Gene Expression,A_mel_mkref_out,False,55
LOC552776,LOC552776,Gene Expression,A_mel_mkref_out,False,13969
MARCH6,GeneID_552378,Gene Expression,A_mel_mkref_out,False,23323
LOC100576236,LOC100576236,Gene Expression,A_mel_mkref_out,False,108
LOC100577542,LOC100577542,Gene Expression,A_mel_mkref_out,False,27455
LOC410566,LOC410566,Gene Expression,A_mel_mkref_out,False,22855
LOC724338,LOC724338,Gene Expression,A_mel_mkref_out,False,19396
LOC409177,LOC409177,Gene Expression,A_mel_mkref_out,False,50030
LOC102653697,LOC102653697,Gene Expression,A_mel_mkref_out,False,248
LOC408458,LOC408458,Gene Expression,A_mel_mkref_out,False,7476
LOC726692,LOC726692,Gene Expression,A_mel_mkref_out,False,24437
LOC411617,LOC411617,Gene Expression,A_mel_mkref_out,False,87728
LOC100578935,LOC100578935,Gene Expression,A_mel_mkref_out,False,183
LOC551704,LOC551704,Gene Expression,A_mel_mkref_out,False,9603
LOC411857,LOC411857,Gene Expression,A_mel_mkref_out,False,30424
LOC102653655,LOC102653655,Gene Expression,A_mel_mkref_out,False,1587
LOC102654676,LOC102654676,Gene Expression,A_mel_mkref_out,False,521
LOC552361,LOC552361,Gene Expression,A_mel_mkref_out,False,12647
LOC410553,LOC410553,Gene Expression,A_mel_mkref_out,False,6158
LOC552373,LOC552373,Gene Expression,A_mel_mkref_out,False,6185
LOC410120,LOC410120,Gene Expression,A_mel_mkref_out,False,15393
LOC100576615,LOC100576615,Gene Expression,A_mel_mkref_out,False,23912
LOC102656664,LOC102656664,Gene Expression,A_mel_mkref_out,False,3830
LOC551618,LOC551618,Gene Expression,A_mel_mkref_out,False,23103
LOC113219235,LOC113219235,Gene Expression,A_mel_mkref_out,False,619
ILP-2,GeneID_726057,Gene Expression,A_mel_mkref_out,False,5366
LOC100577739,LOC100577739,Gene Expression,A_mel_mkref_out,False,49892
LOC100577050,LOC100577050,Gene Expression,A_mel_mkref_out,False,20000
LOC410509,LOC410509,Gene Expression,A_mel_mkref_out,False,38
LOC409563,LOC409563,Gene Expression,A_mel_mkref_out,False,29077
LOC552726,LOC552726,Gene Expression,A_mel_mkref_out,False,35713
LOC726997,LOC726997,Gene Expression,A_mel_mkref_out,False,10500
LOC100578813,LOC100578813,Gene Expression,A_mel_mkref_out,False,9772
LOC410518,LOC410518,Gene Expression,A_mel_mkref_out,False,6941
LOC727128,LOC727128,Gene Expression,A_mel_mkref_out,False,28598
LOC100576805,LOC100576805,Gene Expression,A_mel_mkref_out,False,45461
LOC550857,LOC550857,Gene Expression,A_mel_mkref_out,False,39827
LOC411839,LOC411839,Gene Expression,A_mel_mkref_out,False,14494
LOC408462,LOC408462,Gene Expression,A_mel_mkref_out,False,5913
LOC409276,LOC409276,Gene Expression,A_mel_mkref_out,False,30590
LOC551740,LOC551740,Gene Expression,A_mel_mkref_out,False,21878
LOC727238,LOC727238,Gene Expression,A_mel_mkref_out,False,60514
LOC724121,LOC724121,Gene Expression,A_mel_mkref_out,False,14100
LOC412617,LOC412617,Gene Expression,A_mel_mkref_out,False,25126
LOC726670,LOC726670,Gene Expression,A_mel_mkref_out,False,29442
LOC412975,LOC412975,Gene Expression,A_mel_mkref_out,False,9442
LOC412954,LOC412954,Gene Expression,A_mel_mkref_out,False,15143
LOC107965483,LOC107965483,Gene Expression,A_mel_mkref_out,False,4472
LOC409549,LOC409549,Gene Expression,A_mel_mkref_out,False,17848
LOC410603,LOC410603,Gene Expression,A_mel_mkref_out,False,59
LOC100578725,LOC100578725,Gene Expression,A_mel_mkref_out,False,12390
LOC100577797,LOC100577797,Gene Expression,A_mel_mkref_out,False,7329
LOC413755,LOC413755,Gene Expression,A_mel_mkref_out,False,31488
LOC552081,LOC552081,Gene Expression,A_mel_mkref_out,False,39726
LOC102654925,LOC102654925,Gene Expression,A_mel_mkref_out,False,9561
LOC725005,LOC725005,Gene Expression,A_mel_mkref_out,False,501
LOC100578260,LOC100578260,Gene Expression,A_mel_mkref_out,False,22152
LOC411463,LOC411463,Gene Expression,A_mel_mkref_out,False,72807
LOC113218516,LOC113218516,Gene Expression,A_mel_mkref_out,False,707
LOC551562,LOC551562,Gene Expression,A_mel_mkref_out,False,259
LOC410632,LOC410632,Gene Expression,A_mel_mkref_out,False,25711
LOC100578592,LOC100578592,Gene Expression,A_mel_mkref_out,False,507
LOC409377,LOC409377,Gene Expression,A_mel_mkref_out,False,43160
LOC411725,LOC411725,Gene Expression,A_mel_mkref_out,False,1996
LOC551825,LOC551825,Gene Expression,A_mel_mkref_out,False,21487
LOC408532,LOC408532,Gene Expression,A_mel_mkref_out,False,544
LOC113219254,LOC113219254,Gene Expression,A_mel_mkref_out,False,66
LOC552053,LOC552053,Gene Expression,A_mel_mkref_out,False,7703
LOC413973,LOC413973,Gene Expression,A_mel_mkref_out,False,1520
LOC410612,LOC410612,Gene Expression,A_mel_mkref_out,False,6611
LOC100578249,LOC100578249,Gene Expression,A_mel_mkref_out,False,7976
LOC726905,LOC726905,Gene Expression,A_mel_mkref_out,False,4272
LOC727223,LOC727223,Gene Expression,A_mel_mkref_out,False,44560
LOC726666,LOC726666,Gene Expression,A_mel_mkref_out,False,11831
LOC100577899,LOC100577899,Gene Expression,A_mel_mkref_out,False,3118
LOC412205,LOC412205,Gene Expression,A_mel_mkref_out,False,15910
LOC113219283,LOC113219283,Gene Expression,A_mel_mkref_out,False,8885
LOC552633,LOC552633,Gene Expression,A_mel_mkref_out,False,10246
LOC412453,LOC412453,Gene Expression,A_mel_mkref_out,False,16511
LOC551078,LOC551078,Gene Expression,A_mel_mkref_out,False,26846
LOC552845,LOC552845,Gene Expression,A_mel_mkref_out,False,8911
LOC113219264,LOC113219264,Gene Expression,A_mel_mkref_out,False,3724
LOC113219252,LOC113219252,Gene Expression,A_mel_mkref_out,False,12336
LOC100577777,LOC100577777,Gene Expression,A_mel_mkref_out,False,1083
LOC726353,LOC726353,Gene Expression,A_mel_mkref_out,False,488
LOC726566,LOC726566,Gene Expression,A_mel_mkref_out,False,30823
LOC725659,LOC725659,Gene Expression,A_mel_mkref_out,False,17133
LOC102656553,LOC102656553,Gene Expression,A_mel_mkref_out,False,11135
LOC551769,LOC551769,Gene Expression,A_mel_mkref_out,False,11039
LOC551946,LOC551946,Gene Expression,A_mel_mkref_out,False,24612
LOC100577112,LOC100577112,Gene Expression,A_mel_mkref_out,False,942
LOC724466,LOC724466,Gene Expression,A_mel_mkref_out,False,298
LOC410578,LOC410578,Gene Expression,A_mel_mkref_out,False,3093
LOC552114,LOC552114,Gene Expression,A_mel_mkref_out,False,26109
LOC113219251,LOC113219251,Gene Expression,A_mel_mkref_out,False,2229
LOC726854,LOC726854,Gene Expression,A_mel_mkref_out,False,195
LOC726417,LOC726417,Gene Expression,A_mel_mkref_out,False,20142
LOC412774,LOC412774,Gene Expression,A_mel_mkref_out,False,1370
LOC100577081,LOC100577081,Gene Expression,A_mel_mkref_out,False,8086
LOC409270,LOC409270,Gene Expression,A_mel_mkref_out,False,38640
LOC551237,LOC551237,Gene Expression,A_mel_mkref_out,False,6081
LOC552839,LOC552839,Gene Expression,A_mel_mkref_out,False,8034
LOC551861,LOC551861,Gene Expression,A_mel_mkref_out,False,27861
LOC552849,LOC552849,Gene Expression,A_mel_mkref_out,False,43312
LOC552410,LOC552410,Gene Expression,A_mel_mkref_out,False,12058
LOC408523,LOC408523,Gene Expression,A_mel_mkref_out,False,32980
LOC408533,LOC408533,Gene Expression,A_mel_mkref_out,False,20880
LOC410585,LOC410585,Gene Expression,A_mel_mkref_out,False,8372
LOC411897,LOC411897,Gene Expression,A_mel_mkref_out,False,21091
LOC409485,LOC409485,Gene Expression,A_mel_mkref_out,False,32458
LOC410595,LOC410595,Gene Expression,A_mel_mkref_out,False,16232
LOC102653784,LOC102653784,Gene Expression,A_mel_mkref_out,False,1071
LOC411720,LOC411720,Gene Expression,A_mel_mkref_out,False,12312
LOC410624,LOC410624,Gene Expression,A_mel_mkref_out,False,55561
LOC102655457,LOC102655457,Gene Expression,A_mel_mkref_out,False,130
LOC410151,LOC410151,Gene Expression,A_mel_mkref_out,False,6315
LOC102656563,LOC102656563,Gene Expression,A_mel_mkref_out,False,979
LOC726459,LOC726459,Gene Expression,A_mel_mkref_out,False,164
LOC100576612,LOC100576612,Gene Expression,A_mel_mkref_out,False,18057
LOC551517,LOC551517,Gene Expression,A_mel_mkref_out,False,24307
LOC410613,LOC410613,Gene Expression,A_mel_mkref_out,False,52242
LOC100576855,LOC100576855,Gene Expression,A_mel_mkref_out,False,4460
LOC413517,LOC413517,Gene Expression,A_mel_mkref_out,False,23789
LOC726731,LOC726731,Gene Expression,A_mel_mkref_out,False,16943
LOC724186,LOC724186,Gene Expression,A_mel_mkref_out,False,31518
LOC412024,LOC412024,Gene Expression,A_mel_mkref_out,False,17666
LOC107965601,LOC107965601,Gene Expression,A_mel_mkref_out,False,656
LOC107965565,LOC107965565,Gene Expression,A_mel_mkref_out,False,51
LOC100576411,LOC100576411,Gene Expression,A_mel_mkref_out,False,9017
LOC408534,LOC408534,Gene Expression,A_mel_mkref_out,False,209
LOC100578556,LOC100578556,Gene Expression,A_mel_mkref_out,False,38798
LOC412503,LOC412503,Gene Expression,A_mel_mkref_out,False,12863
LOC551958,LOC551958,Gene Expression,A_mel_mkref_out,False,19037
LOC102654376,LOC102654376,Gene Expression,A_mel_mkref_out,False,2470
LOC102655585,LOC102655585,Gene Expression,A_mel_mkref_out,False,231
LOC411746,LOC411746,Gene Expression,A_mel_mkref_out,False,49596
LOC552766,LOC552766,Gene Expression,A_mel_mkref_out,False,1246
LOC102654111,LOC102654111,Gene Expression,A_mel_mkref_out,False,1092
LOC724806,LOC724806,Gene Expression,A_mel_mkref_out,False,330
LOC113219265,LOC113219265,Gene Expression,A_mel_mkref_out,False,853
LOC726041,LOC726041,Gene Expression,A_mel_mkref_out,False,16678
Dop1,GeneID_406111,Gene Expression,A_mel_mkref_out,False,48698
LOC102656905,LOC102656905,Gene Expression,A_mel_mkref_out,False,15181
LOC411937,LOC411937,Gene Expression,A_mel_mkref_out,False,3665
LOC725890,LOC725890,Gene Expression,A_mel_mkref_out,False,17637
LOC102655352,LOC102655352,Gene Expression,A_mel_mkref_out,False,785
LOC727031,LOC727031,Gene Expression,A_mel_mkref_out,False,24650
LOC412163,LOC412163,Gene Expression,A_mel_mkref_out,False,4671
LOC409835,LOC409835,Gene Expression,A_mel_mkref_out,False,266
LOC113219270,LOC113219270,Gene Expression,A_mel_mkref_out,False,12970
LOC409160,LOC409160,Gene Expression,A_mel_mkref_out,False,18765
LOC100577841,LOC100577841,Gene Expression,A_mel_mkref_out,False,3623
LOC411570,LOC411570,Gene Expression,A_mel_mkref_out,False,53579
LOC100576958,LOC100576958,Gene Expression,A_mel_mkref_out,False,26887
LOC107965567,LOC107965567,Gene Expression,A_mel_mkref_out,False,1067
LOC409740,LOC409740,Gene Expression,A_mel_mkref_out,False,1184
LOC551824,LOC551824,Gene Expression,A_mel_mkref_out,False,28637
LOC412554,LOC412554,Gene Expression,A_mel_mkref_out,False,20461
LOC726435,LOC726435,Gene Expression,A_mel_mkref_out,False,15339
LOC551328,LOC551328,Gene Expression,A_mel_mkref_out,False,36341
Obp9,GeneID_677675,Gene Expression,A_mel_mkref_out,False,597
LOC100577640,LOC100577640,Gene Expression,A_mel_mkref_out,False,8851
LOC113219280,LOC113219280,Gene Expression,A_mel_mkref_out,False,4491
LOC725505,LOC725505,Gene Expression,A_mel_mkref_out,False,14621
LOC409603,LOC409603,Gene Expression,A_mel_mkref_out,False,785
LOC725088,LOC725088,Gene Expression,A_mel_mkref_out,False,47800
Adar,GeneID_408529,Gene Expression,A_mel_mkref_out,False,44832
LOC551438,LOC551438,Gene Expression,A_mel_mkref_out,False,28499
LOC725954,LOC725954,Gene Expression,A_mel_mkref_out,False,598
LOC100576569,LOC100576569,Gene Expression,A_mel_mkref_out,False,60472
LOC107965557,LOC107965557,Gene Expression,A_mel_mkref_out,False,1344
LOC100576330,LOC100576330,Gene Expression,A_mel_mkref_out,False,22
LOC724596,LOC724596,Gene Expression,A_mel_mkref_out,False,17158
Lop2,GeneID_768250,Gene Expression,A_mel_mkref_out,False,649
LOC408524,LOC408524,Gene Expression,A_mel_mkref_out,False,23418
LOC113219287,LOC113219287,Gene Expression,A_mel_mkref_out,False,338
LOC113218518,LOC113218518,Gene Expression,A_mel_mkref_out,False,108
LOC724295,LOC724295,Gene Expression,A_mel_mkref_out,False,17814
LOC102654464,LOC102654464,Gene Expression,A_mel_mkref_out,False,653
LOC412478,LOC412478,Gene Expression,A_mel_mkref_out,False,14329
LOC102654505,LOC102654505,Gene Expression,A_mel_mkref_out,False,5151
LOC409440,LOC409440,Gene Expression,A_mel_mkref_out,False,18063
LOC552072,LOC552072,Gene Expression,A_mel_mkref_out,False,8187
LOC102654737,LOC102654737,Gene Expression,A_mel_mkref_out,False,16915
LOC406096,LOC406096,Gene Expression,A_mel_mkref_out,False,54166
LOC102656745,LOC102656745,Gene Expression,A_mel_mkref_out,False,6455
LOC412997,LOC412997,Gene Expression,A_mel_mkref_out,False,21166
Obp19,GeneID_677665,Gene Expression,A_mel_mkref_out,False,22
LOC413036,LOC413036,Gene Expression,A_mel_mkref_out,False,26897
LOC726457,LOC726457,Gene Expression,A_mel_mkref_out,False,1322
LOC724113,LOC724113,Gene Expression,A_mel_mkref_out,False,724
LOC724847,LOC724847,Gene Expression,A_mel_mkref_out,False,38422
LOC409200,LOC409200,Gene Expression,A_mel_mkref_out,False,40393
LOC408539,LOC408539,Gene Expression,A_mel_mkref_out,False,11723
LOC102655058,LOC102655058,Gene Expression,A_mel_mkref_out,False,3091
LOC412907,LOC412907,Gene Expression,A_mel_mkref_out,False,18599
LOC410580,LOC410580,Gene Expression,A_mel_mkref_out,False,32419
LOC725811,LOC725811,Gene Expression,A_mel_mkref_out,False,20046
LOC113219253,LOC113219253,Gene Expression,A_mel_mkref_out,False,11930
LOC726323,LOC726323,Gene Expression,A_mel_mkref_out,False,22240
LOC724647,LOC724647,Gene Expression,A_mel_mkref_out,False,9049
LOC100577544,LOC100577544,Gene Expression,A_mel_mkref_out,False,160
LOC113219288,LOC113219288,Gene Expression,A_mel_mkref_out,False,44
GstD1,GeneID_409490,Gene Expression,A_mel_mkref_out,False,1850
LOC107965624,LOC107965624,Gene Expression,A_mel_mkref_out,False,196
LOC102656186,LOC102656186,Gene Expression,A_mel_mkref_out,False,329
LOC102656263,LOC102656263,Gene Expression,A_mel_mkref_out,False,3648
LOC552237,LOC552237,Gene Expression,A_mel_mkref_out,False,13756
LOC413963,LOC413963,Gene Expression,A_mel_mkref_out,False,15221
LOC410620,LOC410620,Gene Expression,A_mel_mkref_out,False,31435
LOC411611,LOC411611,Gene Expression,A_mel_mkref_out,False,7524
LOC726509,LOC726509,Gene Expression,A_mel_mkref_out,False,21758
LOC107965883,LOC107965883,Gene Expression,A_mel_mkref_out,False,13917
Mblk-1,GeneID_408521,Gene Expression,A_mel_mkref_out,False,84753
LOC113219269,LOC113219269,Gene Expression,A_mel_mkref_out,False,8302
LOC726720,LOC726720,Gene Expression,A_mel_mkref_out,False,15134
LOC107965787,LOC107965787,Gene Expression,A_mel_mkref_out,False,546
LOC102656354,LOC102656354,Gene Expression,A_mel_mkref_out,False,23644
LOC113219250,LOC113219250,Gene Expression,A_mel_mkref_out,False,991
LOC409447,LOC409447,Gene Expression,A_mel_mkref_out,False,21111
LOC100379261,LOC100379261,Gene Expression,A_mel_mkref_out,False,26942
LOC726068,LOC726068,Gene Expression,A_mel_mkref_out,False,75079
LOC724865,LOC724865,Gene Expression,A_mel_mkref_out,False,2966
LOC100577418,LOC100577418,Gene Expression,A_mel_mkref_out,False,11585
LOC102656786,LOC102656786,Gene Expression,A_mel_mkref_out,False,1104
LOC100578561,LOC100578561,Gene Expression,A_mel_mkref_out,False,91
LOC726745,LOC726745,Gene Expression,A_mel_mkref_out,False,14171
LOC724733,LOC724733,Gene Expression,A_mel_mkref_out,False,26177
LOC552730,LOC552730,Gene Expression,A_mel_mkref_out,False,11032
LOC113219277,LOC113219277,Gene Expression,A_mel_mkref_out,False,12113
LOC409502,LOC409502,Gene Expression,A_mel_mkref_out,False,6110
LOC551489,LOC551489,Gene Expression,A_mel_mkref_out,False,20246
LOC724690,LOC724690,Gene Expression,A_mel_mkref_out,False,7743
LOC107965788,LOC107965788,Gene Expression,A_mel_mkref_out,False,13992
LOC724249,LOC724249,Gene Expression,A_mel_mkref_out,False,6496
LOC408527,LOC408527,Gene Expression,A_mel_mkref_out,False,14060
LOC726528,LOC726528,Gene Expression,A_mel_mkref_out,False,1195
LOC413034,LOC413034,Gene Expression,A_mel_mkref_out,False,44002
LOC409090,LOC409090,Gene Expression,A_mel_mkref_out,False,24115
LOC411797,LOC411797,Gene Expression,A_mel_mkref_out,False,16935
LOC102654656,LOC102654656,Gene Expression,A_mel_mkref_out,False,67
LOC726728,LOC726728,Gene Expression,A_mel_mkref_out,False,58535
LOC413931,LOC413931,Gene Expression,A_mel_mkref_out,False,45873
LOC410606,LOC410606,Gene Expression,A_mel_mkref_out,False,18071
LOC102654517,LOC102654517,Gene Expression,A_mel_mkref_out,False,2076
LOC107965630,LOC107965630,Gene Expression,A_mel_mkref_out,False,23
LOC100576097,LOC100576097,Gene Expression,A_mel_mkref_out,False,121
LOC107965597,LOC107965597,Gene Expression,A_mel_mkref_out,False,1429
LOC552816,LOC552816,Gene Expression,A_mel_mkref_out,False,30374
LOC113219281,LOC113219281,Gene Expression,A_mel_mkref_out,False,1114
LOC551194,LOC551194,Gene Expression,A_mel_mkref_out,False,11835
LOC724125,LOC724125,Gene Expression,A_mel_mkref_out,False,17918
LOC725379,LOC725379,Gene Expression,A_mel_mkref_out,False,54042
LOC409918,LOC409918,Gene Expression,A_mel_mkref_out,False,26879
LOC102655670,LOC102655670,Gene Expression,A_mel_mkref_out,False,934
LOC100577209,LOC100577209,Gene Expression,A_mel_mkref_out,False,22404
LOC410591,LOC410591,Gene Expression,A_mel_mkref_out,False,14433
LOC107965615,LOC107965615,Gene Expression,A_mel_mkref_out,False,3437
LOC100577679,LOC100577679,Gene Expression,A_mel_mkref_out,False,10824
LOC409610,LOC409610,Gene Expression,A_mel_mkref_out,False,20554
LOC411724,LOC411724,Gene Expression,A_mel_mkref_out,False,22202
LOC552851,LOC552851,Gene Expression,A_mel_mkref_out,False,14178
LOC410602,LOC410602,Gene Expression,A_mel_mkref_out,False,25388
LOC552082,LOC552082,Gene Expression,A_mel_mkref_out,False,31773
LOC113219273,LOC113219273,Gene Expression,A_mel_mkref_out,False,513
LOC410622,LOC410622,Gene Expression,A_mel_mkref_out,False,5666
LOC726650,LOC726650,Gene Expression,A_mel_mkref_out,False,25995
LOC552827,LOC552827,Gene Expression,A_mel_mkref_out,False,13160
LOC100577836,LOC100577836,Gene Expression,A_mel_mkref_out,False,10427
LOC552844,LOC552844,Gene Expression,A_mel_mkref_out,False,94926
LOC102655195,LOC102655195,Gene Expression,A_mel_mkref_out,False,3199
LOC726458,LOC726458,Gene Expression,A_mel_mkref_out,False,137
LOC107965562,LOC107965562,Gene Expression,A_mel_mkref_out,False,6861
LOC113219266,LOC113219266,Gene Expression,A_mel_mkref_out,False,8188
LOC726302,LOC726302,Gene Expression,A_mel_mkref_out,False,46697
LOC408520,LOC408520,Gene Expression,A_mel_mkref_out,False,43914
LOC552616,LOC552616,Gene Expression,A_mel_mkref_out,False,5045
LOC409185,LOC409185,Gene Expression,A_mel_mkref_out,False,36074
Obp13,GeneID_677674,Gene Expression,A_mel_mkref_out,False,306
LOC102653832,LOC102653832,Gene Expression,A_mel_mkref_out,False,437
LOC726069,LOC726069,Gene Expression,A_mel_mkref_out,False,44553
LOC726126,LOC726126,Gene Expression,A_mel_mkref_out,False,8805
Mad,GeneID_724047,Gene Expression,A_mel_mkref_out,False,95069
LOC100576625,LOC100576625,Gene Expression,A_mel_mkref_out,False,21949
LOC725114,LOC725114,Gene Expression,A_mel_mkref_out,False,652
LOC408517,LOC408517,Gene Expression,A_mel_mkref_out,False,5920
LOC408544,LOC408544,Gene Expression,A_mel_mkref_out,False,1203
LOC102655621,LOC102655621,Gene Expression,A_mel_mkref_out,False,1275
Tpx-3,GeneID_408540,Gene Expression,A_mel_mkref_out,False,19692
LOC411849,LOC411849,Gene Expression,A_mel_mkref_out,False,16923
LOC725427,LOC725427,Gene Expression,A_mel_mkref_out,False,2585
LOC724207,LOC724207,Gene Expression,A_mel_mkref_out,False,14122
LOC411646,LOC411646,Gene Expression,A_mel_mkref_out,False,53615
LOC100578218,LOC100578218,Gene Expression,A_mel_mkref_out,False,29517
LOC726863,LOC726863,Gene Expression,A_mel_mkref_out,False,854
LOC550941,LOC550941,Gene Expression,A_mel_mkref_out,False,557
LOC107965599,LOC107965599,Gene Expression,A_mel_mkref_out,False,2089
LOC725503,LOC725503,Gene Expression,A_mel_mkref_out,False,69022
LOC102655028,LOC102655028,Gene Expression,A_mel_mkref_out,False,5407
LOC408536,LOC408536,Gene Expression,A_mel_mkref_out,False,764
LOC552807,LOC552807,Gene Expression,A_mel_mkref_out,False,17968
LOC726543,LOC726543,Gene Expression,A_mel_mkref_out,False,66469
LOC726250,LOC726250,Gene Expression,A_mel_mkref_out,False,481
CPF2,GeneID_726691,Gene Expression,A_mel_mkref_out,False,7810
LOC408516,LOC408516,Gene Expression,A_mel_mkref_out,False,23615
LOC724965,LOC724965,Gene Expression,A_mel_mkref_out,False,29440
LOC408547,LOC408547,Gene Expression,A_mel_mkref_out,False,70290
LOC724250,LOC724250,Gene Expression,A_mel_mkref_out,False,1406
LOC408548,LOC408548,Gene Expression,A_mel_mkref_out,False,56831
LOC102655764,LOC102655764,Gene Expression,A_mel_mkref_out,False,189
LOC100576273,LOC100576273,Gene Expression,A_mel_mkref_out,False,934
LOC552690,LOC552690,Gene Expression,A_mel_mkref_out,False,21363
pHCl,GeneID_552785,Gene Expression,A_mel_mkref_out,False,70976
LOC726853,LOC726853,Gene Expression,A_mel_mkref_out,False,736
LOC102654084,LOC102654084,Gene Expression,A_mel_mkref_out,False,49573
CPR16,GeneID_100576341,Gene Expression,A_mel_mkref_out,False,268
LOC550659,LOC550659,Gene Expression,A_mel_mkref_out,False,8776
LOC408531,LOC408531,Gene Expression,A_mel_mkref_out,False,6974
LOC724732,LOC724732,Gene Expression,A_mel_mkref_out,False,30364
LOC102656231,LOC102656231,Gene Expression,A_mel_mkref_out,False,24
LOC725623,LOC725623,Gene Expression,A_mel_mkref_out,False,36697
LOC102655865,LOC102655865,Gene Expression,A_mel_mkref_out,False,656
LOC551316,LOC551316,Gene Expression,A_mel_mkref_out,False,5995
LOC410577,LOC410577,Gene Expression,A_mel_mkref_out,False,46097
LOC409609,LOC409609,Gene Expression,A_mel_mkref_out,False,34161
LOC551945,LOC551945,Gene Expression,A_mel_mkref_out,False,10663
LOC725755,LOC725755,Gene Expression,A_mel_mkref_out,False,13078
LOC726651,LOC726651,Gene Expression,A_mel_mkref_out,False,11897
Oa1,GeneID_406068,Gene Expression,A_mel_mkref_out,False,18547
LOC724251,LOC724251,Gene Expression,A_mel_mkref_out,False,55302
LOC408541,LOC408541,Gene Expression,A_mel_mkref_out,False,10655
LOC100576614,LOC100576614,Gene Expression,A_mel_mkref_out,False,9651
LOC726962,LOC726962,Gene Expression,A_mel_mkref_out,False,8876
LOC725859,LOC725859,Gene Expression,A_mel_mkref_out,False,9367
LOC551005,LOC551005,Gene Expression,A_mel_mkref_out,False,45005
Argk,GeneID_550932,Gene Expression,A_mel_mkref_out,False,75275
LOC102655461,LOC102655461,Gene Expression,A_mel_mkref_out,False,3423
CPF1,GeneID_726632,Gene Expression,A_mel_mkref_out,False,1261
LOC113219268,LOC113219268,Gene Expression,A_mel_mkref_out,False,2576
LOC100577088,LOC100577088,Gene Expression,A_mel_mkref_out,False,1743
LOC113219259,LOC113219259,Gene Expression,A_mel_mkref_out,False,660
LOC113219284,LOC113219284,Gene Expression,A_mel_mkref_out,False,14385
LOC552452,LOC552452,Gene Expression,A_mel_mkref_out,False,14591
LOC410597,LOC410597,Gene Expression,A_mel_mkref_out,False,11366
LOC408519,LOC408519,Gene Expression,A_mel_mkref_out,False,62908
LOC102656440,LOC102656440,Gene Expression,A_mel_mkref_out,False,311
LOC113219279,LOC113219279,Gene Expression,A_mel_mkref_out,False,694
LOC102653965,LOC102653965,Gene Expression,A_mel_mkref_out,False,28974
Or63,GeneID_100578189,Gene Expression,A_mel_mkref_out,False,364
LOC726898,LOC726898,Gene Expression,A_mel_mkref_out,False,6125
LOC100578560,LOC100578560,Gene Expression,A_mel_mkref_out,False,12448
LOC412230,LOC412230,Gene Expression,A_mel_mkref_out,False,13694
LOC552006,LOC552006,Gene Expression,A_mel_mkref_out,False,35165
LOC113219267,LOC113219267,Gene Expression,A_mel_mkref_out,False,1618
LOC413478,LOC413478,Gene Expression,A_mel_mkref_out,False,3519
LOC725586,LOC725586,Gene Expression,A_mel_mkref_out,False,32095
LOC100576224,LOC100576224,Gene Expression,A_mel_mkref_out,False,621
LOC726278,LOC726278,Gene Expression,A_mel_mkref_out,False,172
LOC408522,LOC408522,Gene Expression,A_mel_mkref_out,False,4985
LOC409508,LOC409508,Gene Expression,A_mel_mkref_out,False,9338
LOC412251,LOC412251,Gene Expression,A_mel_mkref_out,False,20325
LOC410614,LOC410614,Gene Expression,A_mel_mkref_out,False,4727
LOC413515,LOC413515,Gene Expression,A_mel_mkref_out,False,31913
LOC551957,LOC551957,Gene Expression,A_mel_mkref_out,False,64508
LOC411742,LOC411742,Gene Expression,A_mel_mkref_out,False,24900
LOC102653594,LOC102653594,Gene Expression,A_mel_mkref_out,False,21516
LOC102656143,LOC102656143,Gene Expression,A_mel_mkref_out,False,66
LOC100576159,LOC100576159,Gene Expression,A_mel_mkref_out,False,35939
LOC102656554,LOC102656554,Gene Expression,A_mel_mkref_out,False,1999
LOC726631,LOC726631,Gene Expression,A_mel_mkref_out,False,8222
LOC410610,LOC410610,Gene Expression,A_mel_mkref_out,False,4236
LOC410623,LOC410623,Gene Expression,A_mel_mkref_out,False,938
LOC409513,LOC409513,Gene Expression,A_mel_mkref_out,False,38388
LOC552800,LOC552800,Gene Expression,A_mel_mkref_out,False,27191
LOC107965582,LOC107965582,Gene Expression,A_mel_mkref_out,False,396
LOC411467,LOC411467,Gene Expression,A_mel_mkref_out,False,7938
LOC107965606,LOC107965606,Gene Expression,A_mel_mkref_out,False,4161
LOC413557,LOC413557,Gene Expression,A_mel_mkref_out,False,78995
LOC726095,LOC726095,Gene Expression,A_mel_mkref_out,False,27033
LOC409321,LOC409321,Gene Expression,A_mel_mkref_out,False,16069
LOC412791,LOC412791,Gene Expression,A_mel_mkref_out,False,1483
LOC552109,LOC552109,Gene Expression,A_mel_mkref_out,False,55585
LOC107963999,LOC107963999,Gene Expression,A_mel_mkref_out,False,119
LOC412775,LOC412775,Gene Expression,A_mel_mkref_out,False,1042
LOC411772,LOC411772,Gene Expression,A_mel_mkref_out,False,33947
LOC726698,LOC726698,Gene Expression,A_mel_mkref_out,False,27524
LOC726825,LOC726825,Gene Expression,A_mel_mkref_out,False,321
LOC102656682,LOC102656682,Gene Expression,A_mel_mkref_out,False,367
LOC408510,LOC408510,Gene Expression,A_mel_mkref_out,False,297
LOC409664,LOC409664,Gene Expression,A_mel_mkref_out,False,20876
LOC102655893,LOC102655893,Gene Expression,A_mel_mkref_out,False,4021
LOC552736,LOC552736,Gene Expression,A_mel_mkref_out,False,33417
LOC102655798,LOC102655798,Gene Expression,A_mel_mkref_out,False,1019
LOC100578580,LOC100578580,Gene Expression,A_mel_mkref_out,False,13223
LOC725380,LOC725380,Gene Expression,A_mel_mkref_out,False,2880
LOC725824,LOC725824,Gene Expression,A_mel_mkref_out,False,16167
LOC100578286,LOC100578286,Gene Expression,A_mel_mkref_out,False,15773
LOC113219276,LOC113219276,Gene Expression,A_mel_mkref_out,False,1131
LOC100578894,LOC100578894,Gene Expression,A_mel_mkref_out,False,3077
LOC113218519,LOC113218519,Gene Expression,A_mel_mkref_out,False,330
LOC409611,LOC409611,Gene Expression,A_mel_mkref_out,False,66494
LOC102653663,LOC102653663,Gene Expression,A_mel_mkref_out,False,39
LOC726718,LOC726718,Gene Expression,A_mel_mkref_out,False,2906
LOC725115,LOC725115,Gene Expression,A_mel_mkref_out,False,58160
LOC411569,LOC411569,Gene Expression,A_mel_mkref_out,False,5579
LOC726156,LOC726156,Gene Expression,A_mel_mkref_out,False,13796
LOC410589,LOC410589,Gene Expression,A_mel_mkref_out,False,34487
LOC406147,LOC406147,Gene Expression,A_mel_mkref_out,False,6860
LOC107965593,LOC107965593,Gene Expression,A_mel_mkref_out,False,212
LOC724366,LOC724366,Gene Expression,A_mel_mkref_out,False,34847
LOC724916,LOC724916,Gene Expression,A_mel_mkref_out,False,1715
LOC409674,LOC409674,Gene Expression,A_mel_mkref_out,False,66894
Obp21,GeneID_551935,Gene Expression,A_mel_mkref_out,False,49
LOC724421,LOC724421,Gene Expression,A_mel_mkref_out,False,485
LOC107965616,LOC107965616,Gene Expression,A_mel_mkref_out,False,1533
LOC727228,LOC727228,Gene Expression,A_mel_mkref_out,False,17221
LOC411466,LOC411466,Gene Expression,A_mel_mkref_out,False,76787
LOC552099,LOC552099,Gene Expression,A_mel_mkref_out,False,4265
LOC410633,LOC410633,Gene Expression,A_mel_mkref_out,False,102
LOC100577909,LOC100577909,Gene Expression,A_mel_mkref_out,False,28678
LOC552784,LOC552784,Gene Expression,A_mel_mkref_out,False,8560
LOC409550,LOC409550,Gene Expression,A_mel_mkref_out,False,17653
LOC102656029,LOC102656029,Gene Expression,A_mel_mkref_out,False,4527
LOC102654708,LOC102654708,Gene Expression,A_mel_mkref_out,False,7335
LOC552312,LOC552312,Gene Expression,A_mel_mkref_out,False,26824
LOC550735,LOC550735,Gene Expression,A_mel_mkref_out,False,7332
LOC102655145,LOC102655145,Gene Expression,A_mel_mkref_out,False,65691
LOC100576221,LOC100576221,Gene Expression,A_mel_mkref_out,False,13572
LOC408509,LOC408509,Gene Expression,A_mel_mkref_out,False,10665
LOC726887,LOC726887,Gene Expression,A_mel_mkref_out,False,22910
LOC408504,LOC408504,Gene Expression,A_mel_mkref_out,False,21575
LOC107965596,LOC107965596,Gene Expression,A_mel_mkref_out,False,179
LOC724467,LOC724467,Gene Expression,A_mel_mkref_out,False,9254
LOC408512,LOC408512,Gene Expression,A_mel_mkref_out,False,16344
LOC412489,LOC412489,Gene Expression,A_mel_mkref_out,False,8913
Snf,GeneID_409948,Gene Expression,A_mel_mkref_out,False,8669
LOC725248,LOC725248,Gene Expression,A_mel_mkref_out,False,49246
LOC100576799,LOC100576799,Gene Expression,A_mel_mkref_out,False,35637
LOC102653759,LOC102653759,Gene Expression,A_mel_mkref_out,False,15011
LOC409681,LOC409681,Gene Expression,A_mel_mkref_out,False,11208
LOC410600,LOC410600,Gene Expression,A_mel_mkref_out,False,34599
LOC725394,LOC725394,Gene Expression,A_mel_mkref_out,False,10595
LOC107965636,LOC107965636,Gene Expression,A_mel_mkref_out,False,6300
LOC410583,LOC410583,Gene Expression,A_mel_mkref_out,False,185
LOC102654248,LOC102654248,Gene Expression,A_mel_mkref_out,False,49
LOC113218531,LOC113218531,Gene Expression,A_mel_mkref_out,False,184
LOC724789,LOC724789,Gene Expression,A_mel_mkref_out,False,20787
LOC100576529,LOC100576529,Gene Expression,A_mel_mkref_out,False,418
LOC408508,LOC408508,Gene Expression,A_mel_mkref_out,False,14842
LOC102655879,LOC102655879,Gene Expression,A_mel_mkref_out,False,174
LOC410636,LOC410636,Gene Expression,A_mel_mkref_out,False,22592
LOC552848,LOC552848,Gene Expression,A_mel_mkref_out,False,14217
LOC100578262,LOC100578262,Gene Expression,A_mel_mkref_out,False,32454
LOC551847,LOC551847,Gene Expression,A_mel_mkref_out,False,1891
LOC551969,LOC551969,Gene Expression,A_mel_mkref_out,False,22850
LOC552201,LOC552201,Gene Expression,A_mel_mkref_out,False,20502
LOC726155,LOC726155,Gene Expression,A_mel_mkref_out,False,26
LOC726510,LOC726510,Gene Expression,A_mel_mkref_out,False,2681
LOC409378,LOC409378,Gene Expression,A_mel_mkref_out,False,17254
LOC409713,LOC409713,Gene Expression,A_mel_mkref_out,False,70190
LOC410627,LOC410627,Gene Expression,A_mel_mkref_out,False,272
LOC100576262,LOC100576262,Gene Expression,A_mel_mkref_out,False,43
LOC409204,LOC409204,Gene Expression,A_mel_mkref_out,False,1131
LOC113219262,LOC113219262,Gene Expression,A_mel_mkref_out,False,21308
LOC100577783,LOC100577783,Gene Expression,A_mel_mkref_out,False,593
LOC410040,LOC410040,Gene Expression,A_mel_mkref_out,False,66437
LOC409665,LOC409665,Gene Expression,A_mel_mkref_out,False,54831
LOC102655522,LOC102655522,Gene Expression,A_mel_mkref_out,False,483
LOC727622,LOC727622,Gene Expression,A_mel_mkref_out,False,7675
LOC107965577,LOC107965577,Gene Expression,A_mel_mkref_out,False,10998
LOC107965614,LOC107965614,Gene Expression,A_mel_mkref_out,False,363
LOC410601,LOC410601,Gene Expression,A_mel_mkref_out,False,6428
LOC100576592,LOC100576592,Gene Expression,A_mel_mkref_out,False,2431
LOC413078,LOC413078,Gene Expression,A_mel_mkref_out,False,25831
Ing3,GeneID_100578127,Gene Expression,A_mel_mkref_out,False,12429
LOC100577551,LOC100577551,Gene Expression,A_mel_mkref_out,False,12860
LOC726601,LOC726601,Gene Expression,A_mel_mkref_out,False,3425
LOC551968,LOC551968,Gene Expression,A_mel_mkref_out,False,18716
LOC409682,LOC409682,Gene Expression,A_mel_mkref_out,False,61514
LOC550915,LOC550915,Gene Expression,A_mel_mkref_out,False,13147
Obp14,GeneID_677673,Gene Expression,A_mel_mkref_out,False,159
LOC725584,LOC725584,Gene Expression,A_mel_mkref_out,False,6676
LOC102653771,LOC102653771,Gene Expression,A_mel_mkref_out,False,52
LOC113219260,LOC113219260,Gene Expression,A_mel_mkref_out,False,5698
LOC413742,LOC413742,Gene Expression,A_mel_mkref_out,False,36999
LOC726067,LOC726067,Gene Expression,A_mel_mkref_out,False,29039
LOC725786,LOC725786,Gene Expression,A_mel_mkref_out,False,22095
LOC102656508,LOC102656508,Gene Expression,A_mel_mkref_out,False,2779
LOC107965595,LOC107965595,Gene Expression,A_mel_mkref_out,False,573
LOC551984,LOC551984,Gene Expression,A_mel_mkref_out,False,32939
LOC113219274,LOC113219274,Gene Expression,A_mel_mkref_out,False,4233
LOC726792,LOC726792,Gene Expression,A_mel_mkref_out,False,1242
LOC102655306,LOC102655306,Gene Expression,A_mel_mkref_out,False,87
LOC409501,LOC409501,Gene Expression,A_mel_mkref_out,False,23511
LOC409613,LOC409613,Gene Expression,A_mel_mkref_out,False,13004
LOC102655673,LOC102655673,Gene Expression,A_mel_mkref_out,False,16202
LOC725889,LOC725889,Gene Expression,A_mel_mkref_out,False,17481
LOC413697,LOC413697,Gene Expression,A_mel_mkref_out,False,11262
LOC409269,LOC409269,Gene Expression,A_mel_mkref_out,False,16071
LOC412886,LOC412886,Gene Expression,A_mel_mkref_out,False,1163
LOC113219257,LOC113219257,Gene Expression,A_mel_mkref_out,False,3193
LOC107965604,LOC107965604,Gene Expression,A_mel_mkref_out,False,581
LOC102654768,LOC102654768,Gene Expression,A_mel_mkref_out,False,11020
LOC724917,LOC724917,Gene Expression,A_mel_mkref_out,False,419
Tsf1,GeneID_406078,Gene Expression,A_mel_mkref_out,False,7757
LOC725468,LOC725468,Gene Expression,A_mel_mkref_out,False,14403
LOC409179,LOC409179,Gene Expression,A_mel_mkref_out,False,9002
LOC113218580,LOC113218580,Gene Expression,A_mel_mkref_out,False,20336
LOC107965564,LOC107965564,Gene Expression,A_mel_mkref_out,False,421
LOC727429,LOC727429,Gene Expression,A_mel_mkref_out,False,50
LOC408515,LOC408515,Gene Expression,A_mel_mkref_out,False,27343
LOC724551,LOC724551,Gene Expression,A_mel_mkref_out,False,15457
LOC410609,LOC410609,Gene Expression,A_mel_mkref_out,False,46917
LOC107965637,LOC107965637,Gene Expression,A_mel_mkref_out,False,155
LOC100576173,LOC100576173,Gene Expression,A_mel_mkref_out,False,1379
LOC726616,LOC726616,Gene Expression,A_mel_mkref_out,False,40745
LOC412795,LOC412795,Gene Expression,A_mel_mkref_out,False,34909
LOC102654646,LOC102654646,Gene Expression,A_mel_mkref_out,False,290
LOC412996,LOC412996,Gene Expression,A_mel_mkref_out,False,696
LOC409318,LOC409318,Gene Expression,A_mel_mkref_out,False,40224
LOC726706,LOC726706,Gene Expression,A_mel_mkref_out,False,5726
LOC412430,LOC412430,Gene Expression,A_mel_mkref_out,False,4913
LOC100577912,LOC100577912,Gene Expression,A_mel_mkref_out,False,74323
LOC107965583,LOC107965583,Gene Expression,A_mel_mkref_out,False,100
LOC100578045,LOC100578045,Gene Expression,A_mel_mkref_out,False,128
LOC412203,LOC412203,Gene Expression,A_mel_mkref_out,False,104
LOC552018,LOC552018,Gene Expression,A_mel_mkref_out,False,24919
LOC552836,LOC552836,Gene Expression,A_mel_mkref_out,False,751
LOC552745,LOC552745,Gene Expression,A_mel_mkref_out,False,19913
LOC100577320,LOC100577320,Gene Expression,A_mel_mkref_out,False,1883
LOC726331,LOC726331,Gene Expression,A_mel_mkref_out,False,59354
LOC409816,LOC409816,Gene Expression,A_mel_mkref_out,False,2523
LOC113219282,LOC113219282,Gene Expression,A_mel_mkref_out,False,616
LOC409137,LOC409137,Gene Expression,A_mel_mkref_out,False,68520
LOC100577464,LOC100577464,Gene Expression,A_mel_mkref_out,False,86
LOC410575,LOC410575,Gene Expression,A_mel_mkref_out,False,15903
LOC100576418,LOC100576418,Gene Expression,A_mel_mkref_out,False,98
LOC102653951,LOC102653951,Gene Expression,A_mel_mkref_out,False,43176
LOC725987,LOC725987,Gene Expression,A_mel_mkref_out,False,6219
LOC409355,LOC409355,Gene Expression,A_mel_mkref_out,False,16609
LOC408507,LOC408507,Gene Expression,A_mel_mkref_out,False,31355
LOC100577394,LOC100577394,Gene Expression,A_mel_mkref_out,False,13425
LOC552123,LOC552123,Gene Expression,A_mel_mkref_out,False,28480
LOC551770,LOC551770,Gene Expression,A_mel_mkref_out,False,30877
LOC410621,LOC410621,Gene Expression,A_mel_mkref_out,False,298
LOC408543,LOC408543,Gene Expression,A_mel_mkref_out,False,75518
LOC413964,LOC413964,Gene Expression,A_mel_mkref_out,False,5895
LOC725717,LOC725717,Gene Expression,A_mel_mkref_out,False,15520
LOC107965598,LOC107965598,Gene Expression,A_mel_mkref_out,False,17438
LOC552461,LOC552461,Gene Expression,A_mel_mkref_out,False,2436
LOC107966025,LOC107966025,Gene Expression,A_mel_mkref_out,False,280
LOC409666,LOC409666,Gene Expression,A_mel_mkref_out,False,16321
LOC551413,LOC551413,Gene Expression,A_mel_mkref_out,False,14355
LOC411958,LOC411958,Gene Expression,A_mel_mkref_out,False,40892
LOC550767,LOC550767,Gene Expression,A_mel_mkref_out,False,7772
LOC102654477,LOC102654477,Gene Expression,A_mel_mkref_out,False,173
LOC552258,LOC552258,Gene Expression,A_mel_mkref_out,False,32344
LOC100577122,LOC100577122,Gene Expression,A_mel_mkref_out,False,16945
Obp18,GeneID_677677,Gene Expression,A_mel_mkref_out,False,22
LOC552795,LOC552795,Gene Expression,A_mel_mkref_out,False,36559
LOC100576740,LOC100576740,Gene Expression,A_mel_mkref_out,False,27
LOC102654757,LOC102654757,Gene Expression,A_mel_mkref_out,False,2630
LOC410618,LOC410618,Gene Expression,A_mel_mkref_out,False,25643
LOC107965612,LOC107965612,Gene Expression,A_mel_mkref_out,False,1854
LOC412100,LOC412100,Gene Expression,A_mel_mkref_out,False,29469
LOC726746,LOC726746,Gene Expression,A_mel_mkref_out,False,14287
LOC413200,LOC413200,Gene Expression,A_mel_mkref_out,False,22336
LOC551593,LOC551593,Gene Expression,A_mel_mkref_out,False,11480
LOC102655899,LOC102655899,Gene Expression,A_mel_mkref_out,False,24
LOC726615,LOC726615,Gene Expression,A_mel_mkref_out,False,3959
LOC100576891,LOC100576891,Gene Expression,A_mel_mkref_out,False,52
LOC408511,LOC408511,Gene Expression,A_mel_mkref_out,False,35335
DopR2,GeneID_406070,Gene Expression,A_mel_mkref_out,False,43184
LOC725812,LOC725812,Gene Expression,A_mel_mkref_out,False,16602
LOC102655126,LOC102655126,Gene Expression,A_mel_mkref_out,False,10030
LOC408525,LOC408525,Gene Expression,A_mel_mkref_out,False,11311
LOC411827,LOC411827,Gene Expression,A_mel_mkref_out,False,71214
LOC726436,LOC726436,Gene Expression,A_mel_mkref_out,False,12828
LOC410604,LOC410604,Gene Expression,A_mel_mkref_out,False,57291
LOC552634,LOC552634,Gene Expression,A_mel_mkref_out,False,10808
LOC408542,LOC408542,Gene Expression,A_mel_mkref_out,False,26916
LOC551119,LOC551119,Gene Expression,A_mel_mkref_out,False,23530
LOC100578044,LOC100578044,Gene Expression,A_mel_mkref_out,False,286
LOC410607,LOC410607,Gene Expression,A_mel_mkref_out,False,15759
LOC100577656,LOC100577656,Gene Expression,A_mel_mkref_out,False,11526
LOC413636,LOC413636,Gene Expression,A_mel_mkref_out,False,19446
LOC408526,LOC408526,Gene Expression,A_mel_mkref_out,False,28569
LOC552757,LOC552757,Gene Expression,A_mel_mkref_out,False,15094
LOC552028,LOC552028,Gene Expression,A_mel_mkref_out,False,4615
LOC409667,LOC409667,Gene Expression,A_mel_mkref_out,False,50765
LOC726229,LOC726229,Gene Expression,A_mel_mkref_out,False,21
LOC113219255,LOC113219255,Gene Expression,A_mel_mkref_out,False,3517
LOC726228,LOC726228,Gene Expression,A_mel_mkref_out,False,315
LOC726948,LOC726948,Gene Expression,A_mel_mkref_out,False,76895
LOC725250,LOC725250,Gene Expression,A_mel_mkref_out,False,715
LOC552553,LOC552553,Gene Expression,A_mel_mkref_out,False,8275
LOC408546,LOC408546,Gene Expression,A_mel_mkref_out,False,44083
LOC411410,LOC411410,Gene Expression,A_mel_mkref_out,False,14779
LOC412789,LOC412789,Gene Expression,A_mel_mkref_out,False,41419
LOC411902,LOC411902,Gene Expression,A_mel_mkref_out,False,3762
LOC413032,LOC413032,Gene Expression,A_mel_mkref_out,False,20400
LOC409573,LOC409573,Gene Expression,A_mel_mkref_out,False,34198
LOC726978,LOC726978,Gene Expression,A_mel_mkref_out,False,2185
LOC725201,LOC725201,Gene Expression,A_mel_mkref_out,False,12563
LOC102656397,LOC102656397,Gene Expression,A_mel_mkref_out,False,1446
LOC100577754,LOC100577754,Gene Expression,A_mel_mkref_out,False,1674
LOC552479,LOC552479,Gene Expression,A_mel_mkref_out,False,36145
LOC100576194,LOC100576194,Gene Expression,A_mel_mkref_out,False,796
LOC410617,LOC410617,Gene Expression,A_mel_mkref_out,False,8905
LOC725661,LOC725661,Gene Expression,A_mel_mkref_out,False,39662
LOC410573,LOC410573,Gene Expression,A_mel_mkref_out,False,33145
LOC724380,LOC724380,Gene Expression,A_mel_mkref_out,False,30825
Obp16,GeneID_551719,Gene Expression,A_mel_mkref_out,False,32
LOC414008,LOC414008,Gene Expression,A_mel_mkref_out,False,9003
LOC727591,LOC727591,Gene Expression,A_mel_mkref_out,False,14109
LOC411694,LOC411694,Gene Expression,A_mel_mkref_out,False,12110
LOC410581,LOC410581,Gene Expression,A_mel_mkref_out,False,522
LOC726476,LOC726476,Gene Expression,A_mel_mkref_out,False,44625
LOC412231,LOC412231,Gene Expression,A_mel_mkref_out,False,14848
LOC413959,LOC413959,Gene Expression,A_mel_mkref_out,False,15107
LOC726277,LOC726277,Gene Expression,A_mel_mkref_out,False,9779
LOC551525,LOC551525,Gene Expression,A_mel_mkref_out,False,6132
LOC724160,LOC724160,Gene Expression,A_mel_mkref_out,False,28932
LOC100578924,LOC100578924,Gene Expression,A_mel_mkref_out,False,8839
LOC726416,LOC726416,Gene Expression,A_mel_mkref_out,False,30293
LOC726965,LOC726965,Gene Expression,A_mel_mkref_out,False,59
LOC724296,LOC724296,Gene Expression,A_mel_mkref_out,False,11923
LOC724493,LOC724493,Gene Expression,A_mel_mkref_out,False,20865
LOC552781,LOC552781,Gene Expression,A_mel_mkref_out,False,6381
LOC552257,LOC552257,Gene Expression,A_mel_mkref_out,False,6716
LOC408528,LOC408528,Gene Expression,A_mel_mkref_out,False,45945
LOC551839,LOC551839,Gene Expression,A_mel_mkref_out,False,6287
LOC551213,LOC551213,Gene Expression,A_mel_mkref_out,False,28376
LOC726494,LOC726494,Gene Expression,A_mel_mkref_out,False,8810
LOC552818,LOC552818,Gene Expression,A_mel_mkref_out,False,36010
LOC102656552,LOC102656552,Gene Expression,A_mel_mkref_out,False,927
LOC408538,LOC408538,Gene Expression,A_mel_mkref_out,False,247
LOC102656197,LOC102656197,Gene Expression,A_mel_mkref_out,False,6459
LOC412828,LOC412828,Gene Expression,A_mel_mkref_out,False,32645
LOC102654652,LOC102654652,Gene Expression,A_mel_mkref_out,False,1074
LOC726330,LOC726330,Gene Expression,A_mel_mkref_out,False,25973
LOC412796,LOC412796,Gene Expression,A_mel_mkref_out,False,13449
LOC411727,LOC411727,Gene Expression,A_mel_mkref_out,False,19511
LOC410129,LOC410129,Gene Expression,A_mel_mkref_out,False,26921
LOC552641,LOC552641,Gene Expression,A_mel_mkref_out,False,17470
LOC551902,LOC551902,Gene Expression,A_mel_mkref_out,False,18084
LOC410616,LOC410616,Gene Expression,A_mel_mkref_out,False,6439
LOC102654909,LOC102654909,Gene Expression,A_mel_mkref_out,False,1133
LOC411730,LOC411730,Gene Expression,A_mel_mkref_out,False,24020
LOC413795,LOC413795,Gene Expression,A_mel_mkref_out,False,12551
LOC412830,LOC412830,Gene Expression,A_mel_mkref_out,False,4259
LOC102653894,LOC102653894,Gene Expression,A_mel_mkref_out,False,976
LOC102654261,LOC102654261,Gene Expression,A_mel_mkref_out,False,14384
LOC552850,LOC552850,Gene Expression,A_mel_mkref_out,False,30370
LOC409680,LOC409680,Gene Expression,A_mel_mkref_out,False,50764
LOC410582,LOC410582,Gene Expression,A_mel_mkref_out,False,617
LOC551551,LOC551551,Gene Expression,A_mel_mkref_out,False,43938
LOC726548,LOC726548,Gene Expression,A_mel_mkref_out,False,63218
LOC409712,LOC409712,Gene Expression,A_mel_mkref_out,False,2232
LOC410626,LOC410626,Gene Expression,A_mel_mkref_out,False,299
LOC100576432,LOC100576432,Gene Expression,A_mel_mkref_out,False,9541
LOC102655477,LOC102655477,Gene Expression,A_mel_mkref_out,False,5274
LOC724208,LOC724208,Gene Expression,A_mel_mkref_out,False,2362
LOC410630,LOC410630,Gene Expression,A_mel_mkref_out,False,39026
LOC107965578,LOC107965578,Gene Expression,A_mel_mkref_out,False,783
Lop1,GeneID_413961,Gene Expression,A_mel_mkref_out,False,2647
Wat,GeneID_406065,Gene Expression,A_mel_mkref_out,False,259
LOC726495,LOC726495,Gene Expression,A_mel_mkref_out,False,6390
LOC411901,LOC411901,Gene Expression,A_mel_mkref_out,False,19465
LOC551036,LOC551036,Gene Expression,A_mel_mkref_out,False,27850
LOC724123,LOC724123,Gene Expression,A_mel_mkref_out,False,30365
LOC409180,LOC409180,Gene Expression,A_mel_mkref_out,False,27578
LOC552750,LOC552750,Gene Expression,A_mel_mkref_out,False,14668
LOC552155,LOC552155,Gene Expression,A_mel_mkref_out,False,10296
LOC725504,LOC725504,Gene Expression,A_mel_mkref_out,False,1452
LOC552708,LOC552708,Gene Expression,A_mel_mkref_out,False,31707
LOC551908,LOC551908,Gene Expression,A_mel_mkref_out,False,7606
LOC551721,LOC551721,Gene Expression,A_mel_mkref_out,False,26453
LOC410635,LOC410635,Gene Expression,A_mel_mkref_out,False,24747
LOC552847,LOC552847,Gene Expression,A_mel_mkref_out,False,12106
LOC102656039,LOC102656039,Gene Expression,A_mel_mkref_out,False,1197
LOC551871,LOC551871,Gene Expression,A_mel_mkref_out,False,42
LOC725251,LOC725251,Gene Expression,A_mel_mkref_out,False,35486
LOC412739,LOC412739,Gene Expression,A_mel_mkref_out,False,43973
Cyp4g11,GeneID_409469,Gene Expression,A_mel_mkref_out,False,4063
LOC408564,LOC408564,Gene Expression,A_mel_mkref_out,False,55560
LOC408556,LOC408556,Gene Expression,A_mel_mkref_out,False,47329
LOC102654461,LOC102654461,Gene Expression,A_mel_mkref_out,False,3307
LOC409638,LOC409638,Gene Expression,A_mel_mkref_out,False,16681
LOC725118,LOC725118,Gene Expression,A_mel_mkref_out,False,30854
LOC552554,LOC552554,Gene Expression,A_mel_mkref_out,False,10794
LOC113219297,LOC113219297,Gene Expression,A_mel_mkref_out,False,2027
LOC102656292,LOC102656292,Gene Expression,A_mel_mkref_out,False,18067
LOC102655097,LOC102655097,Gene Expression,A_mel_mkref_out,False,12620
LOC725469,LOC725469,Gene Expression,A_mel_mkref_out,False,10140
LOC726251,LOC726251,Gene Expression,A_mel_mkref_out,False,3050
LOC102654662,LOC102654662,Gene Expression,A_mel_mkref_out,False,5876
LOC551685,LOC551685,Gene Expression,A_mel_mkref_out,False,2211
LOC107965674,LOC107965674,Gene Expression,A_mel_mkref_out,False,9592
LOC408559,LOC408559,Gene Expression,A_mel_mkref_out,False,8365
LOC113219292,LOC113219292,Gene Expression,A_mel_mkref_out,False,8350
LOC411816,LOC411816,Gene Expression,A_mel_mkref_out,False,21159
LOC410648,LOC410648,Gene Expression,A_mel_mkref_out,False,343
LOC409890,LOC409890,Gene Expression,A_mel_mkref_out,False,35091
LOC725470,LOC725470,Gene Expression,A_mel_mkref_out,False,32498
LOC107965658,LOC107965658,Gene Expression,A_mel_mkref_out,False,1786
LOC100577966,LOC100577966,Gene Expression,A_mel_mkref_out,False,8147
LOC100576444,LOC100576444,Gene Expression,A_mel_mkref_out,False,30
LOC102654610,LOC102654610,Gene Expression,A_mel_mkref_out,False,10708
LOC551771,LOC551771,Gene Expression,A_mel_mkref_out,False,30914
LOC552288,LOC552288,Gene Expression,A_mel_mkref_out,False,19754
LOC100578001,LOC100578001,Gene Expression,A_mel_mkref_out,False,86
LOC411576,LOC411576,Gene Expression,A_mel_mkref_out,False,31870
LOC413799,LOC413799,Gene Expression,A_mel_mkref_out,False,6252
LOC551079,LOC551079,Gene Expression,A_mel_mkref_out,False,12409
LOC113219314,LOC113219314,Gene Expression,A_mel_mkref_out,False,5961
LOC107965706,LOC107965706,Gene Expression,A_mel_mkref_out,False,2548
LOC100577996,LOC100577996,Gene Expression,A_mel_mkref_out,False,3089
LOC413385,LOC413385,Gene Expression,A_mel_mkref_out,False,47695
Rpl39,GeneID_724966,Gene Expression,A_mel_mkref_out,False,31673
LOC100576563,LOC100576563,Gene Expression,A_mel_mkref_out,False,32291
LOC411815,LOC411815,Gene Expression,A_mel_mkref_out,False,18395
LOC113219306,LOC113219306,Gene Expression,A_mel_mkref_out,False,2248
LOC102654340,LOC102654340,Gene Expression,A_mel_mkref_out,False,593
LOC551374,LOC551374,Gene Expression,A_mel_mkref_out,False,42789
LOC724161,LOC724161,Gene Expression,A_mel_mkref_out,False,24399
LOC726888,LOC726888,Gene Expression,A_mel_mkref_out,False,24400
LOC408563,LOC408563,Gene Expression,A_mel_mkref_out,False,59633
LOC102655781,LOC102655781,Gene Expression,A_mel_mkref_out,False,1857
LOC413633,LOC413633,Gene Expression,A_mel_mkref_out,False,54552
LOC408558,LOC408558,Gene Expression,A_mel_mkref_out,False,7455
LOC102653850,LOC102653850,Gene Expression,A_mel_mkref_out,False,1174
LOC726096,LOC726096,Gene Expression,A_mel_mkref_out,False,28312
LOC102655793,LOC102655793,Gene Expression,A_mel_mkref_out,False,219
LOC410659,LOC410659,Gene Expression,A_mel_mkref_out,False,34641
LOC410658,LOC410658,Gene Expression,A_mel_mkref_out,False,9542
LOC726521,LOC726521,Gene Expression,A_mel_mkref_out,False,3297
LOC413614,LOC413614,Gene Expression,A_mel_mkref_out,False,31354
LOC100577163,LOC100577163,Gene Expression,A_mel_mkref_out,False,2456
LOC113219327,LOC113219327,Gene Expression,A_mel_mkref_out,False,159
LOC725928,LOC725928,Gene Expression,A_mel_mkref_out,False,47109
Def2,GeneID_413397,Gene Expression,A_mel_mkref_out,False,97
LOC100576487,LOC100576487,Gene Expression,A_mel_mkref_out,False,1255
Apid1,GeneID_406140,Gene Expression,A_mel_mkref_out,False,205
LOC409951,LOC409951,Gene Expression,A_mel_mkref_out,False,19240
LOC107965722,LOC107965722,Gene Expression,A_mel_mkref_out,False,798
LOC552009,LOC552009,Gene Expression,A_mel_mkref_out,False,16958
LOC413121,LOC413121,Gene Expression,A_mel_mkref_out,False,14148
LOC100577769,LOC100577769,Gene Expression,A_mel_mkref_out,False,62148
LOC102656259,LOC102656259,Gene Expression,A_mel_mkref_out,False,2321
LOC102655915,LOC102655915,Gene Expression,A_mel_mkref_out,False,2266
LOC102656566,LOC102656566,Gene Expression,A_mel_mkref_out,False,516
LOC409467,LOC409467,Gene Expression,A_mel_mkref_out,False,2718
LOC113219309,LOC113219309,Gene Expression,A_mel_mkref_out,False,945
LOC102654151,LOC102654151,Gene Expression,A_mel_mkref_out,False,455
Syt20,GeneID_410052,Gene Expression,A_mel_mkref_out,False,555
LOC412084,LOC412084,Gene Expression,A_mel_mkref_out,False,35287
LOC552113,LOC552113,Gene Expression,A_mel_mkref_out,False,29547
LOC102653588,LOC102653588,Gene Expression,A_mel_mkref_out,False,11015
LOC410649,LOC410649,Gene Expression,A_mel_mkref_out,False,72295
LOC552675,LOC552675,Gene Expression,A_mel_mkref_out,False,40965
LOC102655864,LOC102655864,Gene Expression,A_mel_mkref_out,False,7236
LOC107965678,LOC107965678,Gene Expression,A_mel_mkref_out,False,3515
LOC100576554,LOC100576554,Gene Expression,A_mel_mkref_out,False,10166
LOC113219301,LOC113219301,Gene Expression,A_mel_mkref_out,False,5452
LOC413789,LOC413789,Gene Expression,A_mel_mkref_out,False,55438
LOC725883,LOC725883,Gene Expression,A_mel_mkref_out,False,1766
LOC724468,LOC724468,Gene Expression,A_mel_mkref_out,False,88184
LOC102654852,LOC102654852,Gene Expression,A_mel_mkref_out,False,2095
LOC551080,LOC551080,Gene Expression,A_mel_mkref_out,False,13675
LOC102654221,LOC102654221,Gene Expression,A_mel_mkref_out,False,193
LOC552567,LOC552567,Gene Expression,A_mel_mkref_out,False,21215
LOC408554,LOC408554,Gene Expression,A_mel_mkref_out,False,74475
LOC102654984,LOC102654984,Gene Expression,A_mel_mkref_out,False,33
Antp,GeneID_406077,Gene Expression,A_mel_mkref_out,False,331
LOC551938,LOC551938,Gene Expression,A_mel_mkref_out,False,15479
LOC102655619,LOC102655619,Gene Expression,A_mel_mkref_out,False,4877
LOC413802,LOC413802,Gene Expression,A_mel_mkref_out,False,47869
LOC100576709,LOC100576709,Gene Expression,A_mel_mkref_out,False,76020
LOC100577317,LOC100577317,Gene Expression,A_mel_mkref_out,False,10819
LOC413120,LOC413120,Gene Expression,A_mel_mkref_out,False,46567
LOC726279,LOC726279,Gene Expression,A_mel_mkref_out,False,17155
LOC412696,LOC412696,Gene Expression,A_mel_mkref_out,False,10226
LOC412470,LOC412470,Gene Expression,A_mel_mkref_out,False,80345
LOC551947,LOC551947,Gene Expression,A_mel_mkref_out,False,45806
LOC552490,LOC552490,Gene Expression,A_mel_mkref_out,False,45391
LOC102654623,LOC102654623,Gene Expression,A_mel_mkref_out,False,2163
LOC725788,LOC725788,Gene Expression,A_mel_mkref_out,False,28770
LOC102655928,LOC102655928,Gene Expression,A_mel_mkref_out,False,3804
LOC102655539,LOC102655539,Gene Expression,A_mel_mkref_out,False,3852
LOC102655208,LOC102655208,Gene Expression,A_mel_mkref_out,False,139
LOC412563,LOC412563,Gene Expression,A_mel_mkref_out,False,20459
LOC409604,LOC409604,Gene Expression,A_mel_mkref_out,False,34068
LOC552328,LOC552328,Gene Expression,A_mel_mkref_out,False,14984
LOC552531,LOC552531,Gene Expression,A_mel_mkref_out,False,21620
LOC107965697,LOC107965697,Gene Expression,A_mel_mkref_out,False,334
LOC102655617,LOC102655617,Gene Expression,A_mel_mkref_out,False,11142
LOC100577886,LOC100577886,Gene Expression,A_mel_mkref_out,False,42363
LOC100578921,LOC100578921,Gene Expression,A_mel_mkref_out,False,6203
LOC100578277,LOC100578277,Gene Expression,A_mel_mkref_out,False,8906
LOC724807,LOC724807,Gene Expression,A_mel_mkref_out,False,15412
LOC411575,LOC411575,Gene Expression,A_mel_mkref_out,False,51708
LOC412056,LOC412056,Gene Expression,A_mel_mkref_out,False,442
LOC411556,LOC411556,Gene Expression,A_mel_mkref_out,False,3064
LOC413891,LOC413891,Gene Expression,A_mel_mkref_out,False,27280
CPR5,GeneID_552350,Gene Expression,A_mel_mkref_out,False,1647
LOC102655509,LOC102655509,Gene Expression,A_mel_mkref_out,False,100
LOC551799,LOC551799,Gene Expression,A_mel_mkref_out,False,4785
LOC412608,LOC412608,Gene Expression,A_mel_mkref_out,False,12746
LOC552019,LOC552019,Gene Expression,A_mel_mkref_out,False,36051
LOC107965694,LOC107965694,Gene Expression,A_mel_mkref_out,False,638
LOC113219317,LOC113219317,Gene Expression,A_mel_mkref_out,False,46
LOC725252,LOC725252,Gene Expression,A_mel_mkref_out,False,13991
LOC552597,LOC552597,Gene Expression,A_mel_mkref_out,False,5349
LOC102654007,LOC102654007,Gene Expression,A_mel_mkref_out,False,10375
LOC413529,LOC413529,Gene Expression,A_mel_mkref_out,False,19048
LOC100578684,LOC100578684,Gene Expression,A_mel_mkref_out,False,11026
LOC409384,LOC409384,Gene Expression,A_mel_mkref_out,False,34946
LOC100578129,LOC100578129,Gene Expression,A_mel_mkref_out,False,10057
LOC113219321,LOC113219321,Gene Expression,A_mel_mkref_out,False,1096
LOC102653741,LOC102653741,Gene Expression,A_mel_mkref_out,False,677
LOC413407,LOC413407,Gene Expression,A_mel_mkref_out,False,21425
LOC552637,LOC552637,Gene Expression,A_mel_mkref_out,False,273
LOC409222,LOC409222,Gene Expression,A_mel_mkref_out,False,23408
LOC412455,LOC412455,Gene Expression,A_mel_mkref_out,False,30181
LOC102653888,LOC102653888,Gene Expression,A_mel_mkref_out,False,3504
LOC551547,LOC551547,Gene Expression,A_mel_mkref_out,False,7504
LOC100577610,LOC100577610,Gene Expression,A_mel_mkref_out,False,27778
LOC552756,LOC552756,Gene Expression,A_mel_mkref_out,False,24930
LOC409487,LOC409487,Gene Expression,A_mel_mkref_out,False,18979
LOC550975,LOC550975,Gene Expression,A_mel_mkref_out,False,30173
LOC408551,LOC408551,Gene Expression,A_mel_mkref_out,False,3252
LOC100578618,LOC100578618,Gene Expression,A_mel_mkref_out,False,51
LOC412083,LOC412083,Gene Expression,A_mel_mkref_out,False,18188
LOC724692,LOC724692,Gene Expression,A_mel_mkref_out,False,8739
LOC107965668,LOC107965668,Gene Expression,A_mel_mkref_out,False,1564
LOC107965687,LOC107965687,Gene Expression,A_mel_mkref_out,False,906
LOC550989,LOC550989,Gene Expression,A_mel_mkref_out,False,19583
LOC100578474,LOC100578474,Gene Expression,A_mel_mkref_out,False,5781
LOC409424,LOC409424,Gene Expression,A_mel_mkref_out,False,53321
LOC107966034,LOC107966034,Gene Expression,A_mel_mkref_out,False,221
LOC113219304,LOC113219304,Gene Expression,A_mel_mkref_out,False,522
LOC100576544,LOC100576544,Gene Expression,A_mel_mkref_out,False,11506
LOC552318,LOC552318,Gene Expression,A_mel_mkref_out,False,31427
LOC551106,LOC551106,Gene Expression,A_mel_mkref_out,False,11077
LOC413852,LOC413852,Gene Expression,A_mel_mkref_out,False,11801
LOC725315,LOC725315,Gene Expression,A_mel_mkref_out,False,19127
LOC100577697,LOC100577697,Gene Expression,A_mel_mkref_out,False,62162
LOC409228,LOC409228,Gene Expression,A_mel_mkref_out,False,21570
LOC113219322,LOC113219322,Gene Expression,A_mel_mkref_out,False,84
LOC113219293,LOC113219293,Gene Expression,A_mel_mkref_out,False,10448
LOC551429,LOC551429,Gene Expression,A_mel_mkref_out,False,7130
LOC551505,LOC551505,Gene Expression,A_mel_mkref_out,False,17240
LOC107965703,LOC107965703,Gene Expression,A_mel_mkref_out,False,276
LOC413119,LOC413119,Gene Expression,A_mel_mkref_out,False,3081
LOC100578237,LOC100578237,Gene Expression,A_mel_mkref_out,False,19992
LOC413774,LOC413774,Gene Expression,A_mel_mkref_out,False,20772
LOC552610,LOC552610,Gene Expression,A_mel_mkref_out,False,33472
LOC113219326,LOC113219326,Gene Expression,A_mel_mkref_out,False,511
LOC725566,LOC725566,Gene Expression,A_mel_mkref_out,False,20760
LOC102656417,LOC102656417,Gene Expression,A_mel_mkref_out,False,1900
Tpi,GeneID_726117,Gene Expression,A_mel_mkref_out,False,26294
LOC102653780,LOC102653780,Gene Expression,A_mel_mkref_out,False,198
LOC552100,LOC552100,Gene Expression,A_mel_mkref_out,False,225
LOC412388,LOC412388,Gene Expression,A_mel_mkref_out,False,12354
LOC408562,LOC408562,Gene Expression,A_mel_mkref_out,False,50124
LOC113219294,LOC113219294,Gene Expression,A_mel_mkref_out,False,200
LOC107965683,LOC107965683,Gene Expression,A_mel_mkref_out,False,8656
Ndufb2,GeneID_726146dufb2,Gene Expression,A_mel_mkref_out,False,26599
LOC102654837,LOC102654837,Gene Expression,A_mel_mkref_out,False,481
LOC408561,LOC408561,Gene Expression,A_mel_mkref_out,False,2547
LOC409953,LOC409953,Gene Expression,A_mel_mkref_out,False,55875
LOC100576457,LOC100576457,Gene Expression,A_mel_mkref_out,False,15106
LOC409952,LOC409952,Gene Expression,A_mel_mkref_out,False,53721
LOC724827,LOC724827,Gene Expression,A_mel_mkref_out,False,19203
LOC102655582,LOC102655582,Gene Expression,A_mel_mkref_out,False,2029
LOC113219291,LOC113219291,Gene Expression,A_mel_mkref_out,False,11747
LOC100577109,LOC100577109,Gene Expression,A_mel_mkref_out,False,428
LOC412513,LOC412513,Gene Expression,A_mel_mkref_out,False,10190
LOC113219299,LOC113219299,Gene Expression,A_mel_mkref_out,False,3025
LOC102655538,LOC102655538,Gene Expression,A_mel_mkref_out,False,845
LOC107965670,LOC107965670,Gene Expression,A_mel_mkref_out,False,91
LOC412031,LOC412031,Gene Expression,A_mel_mkref_out,False,6470
LOC113219295,LOC113219295,Gene Expression,A_mel_mkref_out,False,16445
LOC102656015,LOC102656015,Gene Expression,A_mel_mkref_out,False,6841
LOC551252,LOC551252,Gene Expression,A_mel_mkref_out,False,7080
LOC102653761,LOC102653761,Gene Expression,A_mel_mkref_out,False,596
LOC412187,LOC412187,Gene Expression,A_mel_mkref_out,False,35641
LOC552470,LOC552470,Gene Expression,A_mel_mkref_out,False,49297
LOC551506,LOC551506,Gene Expression,A_mel_mkref_out,False,536
LOC413408,LOC413408,Gene Expression,A_mel_mkref_out,False,3274
LOC102656258,LOC102656258,Gene Expression,A_mel_mkref_out,False,5629
LOC409176,LOC409176,Gene Expression,A_mel_mkref_out,False,380
LOC726354,LOC726354,Gene Expression,A_mel_mkref_out,False,27448
LOC551686,LOC551686,Gene Expression,A_mel_mkref_out,False,27812
LOC412379,LOC412379,Gene Expression,A_mel_mkref_out,False,21840
LOC102653621,LOC102653621,Gene Expression,A_mel_mkref_out,False,1354
LOC413386,LOC413386,Gene Expression,A_mel_mkref_out,False,9706
LOC725662,LOC725662,Gene Expression,A_mel_mkref_out,False,79085
LOC725395,LOC725395,Gene Expression,A_mel_mkref_out,False,40243
LOC113219303,LOC113219303,Gene Expression,A_mel_mkref_out,False,78
LOC102654268,LOC102654268,Gene Expression,A_mel_mkref_out,False,288
LOC551214,LOC551214,Gene Expression,A_mel_mkref_out,False,24064
LOC410637,LOC410637,Gene Expression,A_mel_mkref_out,False,87767
LOC412890,LOC412890,Gene Expression,A_mel_mkref_out,False,7426
LOC551436,LOC551436,Gene Expression,A_mel_mkref_out,False,31083
LOC102655025,LOC102655025,Gene Expression,A_mel_mkref_out,False,571
LOC552334,LOC552334,Gene Expression,A_mel_mkref_out,False,14211
LOC107963996,LOC107963996,Gene Expression,A_mel_mkref_out,False,1574
LOC410654,LOC410654,Gene Expression,A_mel_mkref_out,False,5018
LOC100576384,LOC100576384,Gene Expression,A_mel_mkref_out,False,69555
LOC412357,LOC412357,Gene Expression,A_mel_mkref_out,False,15261
LOC413532,LOC413532,Gene Expression,A_mel_mkref_out,False,884
LOC551151,LOC551151,Gene Expression,A_mel_mkref_out,False,24609
LOC726935,LOC726935,Gene Expression,A_mel_mkref_out,False,2505
LOC107965756,LOC107965756,Gene Expression,A_mel_mkref_out,False,22945
LOC725204,LOC725204,Gene Expression,A_mel_mkref_out,False,97
LOC102656592,LOC102656592,Gene Expression,A_mel_mkref_out,False,510
LOC413409,LOC413409,Gene Expression,A_mel_mkref_out,False,64496
LOC550708,LOC550708,Gene Expression,A_mel_mkref_out,False,80629
LOC725756,LOC725756,Gene Expression,A_mel_mkref_out,False,107
LOC413179,LOC413179,Gene Expression,A_mel_mkref_out,False,6639
LOC410639,LOC410639,Gene Expression,A_mel_mkref_out,False,214
LOC107965676,LOC107965676,Gene Expression,A_mel_mkref_out,False,10442
LOC726437,LOC726437,Gene Expression,A_mel_mkref_out,False,3726
KAT2A,GeneID_552646,Gene Expression,A_mel_mkref_out,False,18829
Ubx,GeneID_551594,Gene Expression,A_mel_mkref_out,False,128
LOC107965692,LOC107965692,Gene Expression,A_mel_mkref_out,False,19964
LOC113219312,LOC113219312,Gene Expression,A_mel_mkref_out,False,2204
LOC411607,LOC411607,Gene Expression,A_mel_mkref_out,False,14132
LOC410657,LOC410657,Gene Expression,A_mel_mkref_out,False,3067
LOC113219311,LOC113219311,Gene Expression,A_mel_mkref_out,False,382
LOC550828,LOC550828,Gene Expression,A_mel_mkref_out,False,112
LOC726021,LOC726021,Gene Expression,A_mel_mkref_out,False,60312
LOC102656349,LOC102656349,Gene Expression,A_mel_mkref_out,False,118
LOC102654520,LOC102654520,Gene Expression,A_mel_mkref_out,False,23
LOC107965660,LOC107965660,Gene Expression,A_mel_mkref_out,False,1381
LOC409777,LOC409777,Gene Expression,A_mel_mkref_out,False,1027
LOC113219323,LOC113219323,Gene Expression,A_mel_mkref_out,False,4708
LOC409688,LOC409688,Gene Expression,A_mel_mkref_out,False,5643
LOC102655316,LOC102655316,Gene Expression,A_mel_mkref_out,False,144
LOC412637,LOC412637,Gene Expression,A_mel_mkref_out,False,22966
LOC100576779,LOC100576779,Gene Expression,A_mel_mkref_out,False,130
LOC551710,LOC551710,Gene Expression,A_mel_mkref_out,False,4966
LOC113219316,LOC113219316,Gene Expression,A_mel_mkref_out,False,372
LOC411953,LOC411953,Gene Expression,A_mel_mkref_out,False,16555
LOC113219324,LOC113219324,Gene Expression,A_mel_mkref_out,False,14225
LOC409655,LOC409655,Gene Expression,A_mel_mkref_out,False,77289
LOC102654640,LOC102654640,Gene Expression,A_mel_mkref_out,False,19336
LOC552448,LOC552448,Gene Expression,A_mel_mkref_out,False,28856
LOC409423,LOC409423,Gene Expression,A_mel_mkref_out,False,22926
Y-f,GeneID_409376,Gene Expression,A_mel_mkref_out,False,3276
LOC100578035,LOC100578035,Gene Expression,A_mel_mkref_out,False,12931
LOC100578071,LOC100578071,Gene Expression,A_mel_mkref_out,False,32552
LOC413534,LOC413534,Gene Expression,A_mel_mkref_out,False,9190
LOC724552,LOC724552,Gene Expression,A_mel_mkref_out,False,7551
LOC551165,LOC551165,Gene Expression,A_mel_mkref_out,False,10039
LOC725007,LOC725007,Gene Expression,A_mel_mkref_out,False,168
Su(var)3-9,GeneID_685996,Gene Expression,A_mel_mkref_out,False,23722
LOC412547,LOC412547,Gene Expression,A_mel_mkref_out,False,9794
LOC102655363,LOC102655363,Gene Expression,A_mel_mkref_out,False,9384
LOC551991,LOC551991,Gene Expression,A_mel_mkref_out,False,6519
LOC726816,LOC726816,Gene Expression,A_mel_mkref_out,False,16975
LOC726460,LOC726460,Gene Expression,A_mel_mkref_out,False,6910
LOC100576590,LOC100576590,Gene Expression,A_mel_mkref_out,False,4701
LOC113219310,LOC113219310,Gene Expression,A_mel_mkref_out,False,143
LOC100576736,LOC100576736,Gene Expression,A_mel_mkref_out,False,1856
LOC100578522,LOC100578522,Gene Expression,A_mel_mkref_out,False,20161
LOC414036,LOC414036,Gene Expression,A_mel_mkref_out,False,8329
LOC408552,LOC408552,Gene Expression,A_mel_mkref_out,False,988
LOC113219318,LOC113219318,Gene Expression,A_mel_mkref_out,False,23540
LOC412529,LOC412529,Gene Expression,A_mel_mkref_out,False,29306
LOC552564,LOC552564,Gene Expression,A_mel_mkref_out,False,33314
LOC100577516,LOC100577516,Gene Expression,A_mel_mkref_out,False,739
LOC726424,LOC726424,Gene Expression,A_mel_mkref_out,False,1862
LOC724126,LOC724126,Gene Expression,A_mel_mkref_out,False,268
LOC724867,LOC724867,Gene Expression,A_mel_mkref_out,False,9854
LOC113219313,LOC113219313,Gene Expression,A_mel_mkref_out,False,187
LOC724252,LOC724252,Gene Expression,A_mel_mkref_out,False,648
LOC412943,LOC412943,Gene Expression,A_mel_mkref_out,False,49284
LOC100578793,LOC100578793,Gene Expression,A_mel_mkref_out,False,48688
LOC551652,LOC551652,Gene Expression,A_mel_mkref_out,False,14725
LOC411525,LOC411525,Gene Expression,A_mel_mkref_out,False,65711
LOC552205,LOC552205,Gene Expression,A_mel_mkref_out,False,543
LOC412167,LOC412167,Gene Expression,A_mel_mkref_out,False,2839
LOC551848,LOC551848,Gene Expression,A_mel_mkref_out,False,22502
LOC408557,LOC408557,Gene Expression,A_mel_mkref_out,False,16838
LOC102656533,LOC102656533,Gene Expression,A_mel_mkref_out,False,104
LOC551039,LOC551039,Gene Expression,A_mel_mkref_out,False,25427
LOC726418,LOC726418,Gene Expression,A_mel_mkref_out,False,145
LOC410642,LOC410642,Gene Expression,A_mel_mkref_out,False,66
LOC410638,LOC410638,Gene Expression,A_mel_mkref_out,False,7077
LOC100577347,LOC100577347,Gene Expression,A_mel_mkref_out,False,7508
LOC102655737,LOC102655737,Gene Expression,A_mel_mkref_out,False,80700
LOC102654769,LOC102654769,Gene Expression,A_mel_mkref_out,False,51
LOC107965657,LOC107965657,Gene Expression,A_mel_mkref_out,False,13031
LOC102655787,LOC102655787,Gene Expression,A_mel_mkref_out,False,1167
LOC409366,LOC409366,Gene Expression,A_mel_mkref_out,False,57654
LOC102656818,LOC102656818,Gene Expression,A_mel_mkref_out,False,748
LOC726864,LOC726864,Gene Expression,A_mel_mkref_out,False,133
LOC107965656,LOC107965656,Gene Expression,A_mel_mkref_out,False,524
LOC113219315,LOC113219315,Gene Expression,A_mel_mkref_out,False,23
LOC552533,LOC552533,Gene Expression,A_mel_mkref_out,False,10324
LOC113219307,LOC113219307,Gene Expression,A_mel_mkref_out,False,613
LOC725587,LOC725587,Gene Expression,A_mel_mkref_out,False,12387
LOC413533,LOC413533,Gene Expression,A_mel_mkref_out,False,16364
LOC412349,LOC412349,Gene Expression,A_mel_mkref_out,False,12926
LOC100577943,LOC100577943,Gene Expression,A_mel_mkref_out,False,706
LOC552086,LOC552086,Gene Expression,A_mel_mkref_out,False,16399
LOC100577823,LOC100577823,Gene Expression,A_mel_mkref_out,False,3285
LOC725117,LOC725117,Gene Expression,A_mel_mkref_out,False,22005
LOC727004,LOC727004,Gene Expression,A_mel_mkref_out,False,12107
LOC102655009,LOC102655009,Gene Expression,A_mel_mkref_out,False,333
LOC409891,LOC409891,Gene Expression,A_mel_mkref_out,False,39366
LOC411469,LOC411469,Gene Expression,A_mel_mkref_out,False,13950
LOC409572,LOC409572,Gene Expression,A_mel_mkref_out,False,393
LOC409514,LOC409514,Gene Expression,A_mel_mkref_out,False,29991
LOC102656625,LOC102656625,Gene Expression,A_mel_mkref_out,False,2846
LOC107965701,LOC107965701,Gene Expression,A_mel_mkref_out,False,848
LOC102654597,LOC102654597,Gene Expression,A_mel_mkref_out,False,28
LOC102656603,LOC102656603,Gene Expression,A_mel_mkref_out,False,495
LOC100576410,LOC100576410,Gene Expression,A_mel_mkref_out,False,1494
LOC102653684,LOC102653684,Gene Expression,A_mel_mkref_out,False,1264
LOC100577046,LOC100577046,Gene Expression,A_mel_mkref_out,False,7375
LOC100578662,LOC100578662,Gene Expression,A_mel_mkref_out,False,32462
LOC102654289,LOC102654289,Gene Expression,A_mel_mkref_out,False,6943
LOC409854,LOC409854,Gene Expression,A_mel_mkref_out,False,52933
LOC724423,LOC724423,Gene Expression,A_mel_mkref_out,False,16210
LOC413892,LOC413892,Gene Expression,A_mel_mkref_out,False,1010
LOC113219328,LOC113219328,Gene Expression,A_mel_mkref_out,False,7299
LOC551329,LOC551329,Gene Expression,A_mel_mkref_out,False,18605
LOC410655,LOC410655,Gene Expression,A_mel_mkref_out,False,21533
LOC411714,LOC411714,Gene Expression,A_mel_mkref_out,False,25015
LOC412064,LOC412064,Gene Expression,A_mel_mkref_out,False,17296
LOC552481,LOC552481,Gene Expression,A_mel_mkref_out,False,8164
LOC107965675,LOC107965675,Gene Expression,A_mel_mkref_out,False,305
LOC113219300,LOC113219300,Gene Expression,A_mel_mkref_out,False,9434
LOC409521,LOC409521,Gene Expression,A_mel_mkref_out,False,14168
LOC413531,LOC413531,Gene Expression,A_mel_mkref_out,False,18774
LOC724422,LOC724422,Gene Expression,A_mel_mkref_out,False,1056
COX1,GeneID_807695,Gene Expression,A_mel_mkref_out,True,94447
ATP6,GeneID_807696,Gene Expression,A_mel_mkref_out,True,76343
ATP8,GeneID_807699,Gene Expression,A_mel_mkref_out,True,31794
COX2,GeneID_807700,Gene Expression,A_mel_mkref_out,True,94843
COX3,GeneID_807690,Gene Expression,A_mel_mkref_out,True,87918
ND4,GeneID_807702,Gene Expression,A_mel_mkref_out,True,65256
CYTB,GeneID_807693,Gene Expression,A_mel_mkref_out,True,89476
ND1,GeneID_807692,Gene Expression,A_mel_mkref_out,True,64990
ND5,GeneID_807698,Gene Expression,A_mel_mkref_out,True,68991
ND2,GeneID_807701,Gene Expression,A_mel_mkref_out,True,64450
ND3,GeneID_807691,Gene Expression,A_mel_mkref_out,True,46442
ND6,GeneID_807697,Gene Expression,A_mel_mkref_out,True,80768
ND4L,GeneID_807694,Gene Expression,A_mel_mkref_out,True,16060
LOC107965873,LOC107965873,Gene Expression,A_mel_mkref_out,False,7753
LOC113219361,LOC113219361,Gene Expression,A_mel_mkref_out,False,171
LOC102656055,LOC102656055,Gene Expression,A_mel_mkref_out,False,11681
LOC727524,LOC727524,Gene Expression,A_mel_mkref_out,False,41
LOC100578019,LOC100578019,Gene Expression,A_mel_mkref_out,False,196
LOC102653753,LOC102653753,Gene Expression,A_mel_mkref_out,False,17000
LOC100578661,LOC100578661,Gene Expression,A_mel_mkref_out,False,48468
LOC551434,LOC551434,Gene Expression,A_mel_mkref_out,False,1428
LOC102654216,LOC102654216,Gene Expression,A_mel_mkref_out,False,247
LOC100576967,LOC100576967,Gene Expression,A_mel_mkref_out,False,13268
LOC113219360,LOC113219360,Gene Expression,A_mel_mkref_out,False,1158
LOC727142,LOC727142,Gene Expression,A_mel_mkref_out,False,14235
LOC100577816,LOC100577816,Gene Expression,A_mel_mkref_out,False,26361
LOC102653979,LOC102653979,Gene Expression,A_mel_mkref_out,False,693
LOC100577767,LOC100577767,Gene Expression,A_mel_mkref_out,False,56
LOC726834,LOC726834,Gene Expression,A_mel_mkref_out,False,18733
LOC727332,LOC727332,Gene Expression,A_mel_mkref_out,False,13786
LOC725444,LOC725444,Gene Expression,A_mel_mkref_out,False,56
LOC102654390,LOC102654390,Gene Expression,A_mel_mkref_out,False,2390
LOC409139,LOC409139,Gene Expression,A_mel_mkref_out,False,51744
LOC552238,LOC552238,Gene Expression,A_mel_mkref_out,False,2014
LOC551340,LOC551340,Gene Expression,A_mel_mkref_out,False,20717
LOC102653788,LOC102653788,Gene Expression,A_mel_mkref_out,False,619
LOC100577594,LOC100577594,Gene Expression,A_mel_mkref_out,False,3908
LOC113219359,LOC113219359,Gene Expression,A_mel_mkref_out,False,23292
LOC726483,LOC726483,Gene Expression,A_mel_mkref_out,False,25949
LOC409880,LOC409880,Gene Expression,A_mel_mkref_out,False,28080
LOC100576828,LOC100576828,Gene Expression,A_mel_mkref_out,False,5231
LOC113219362,LOC113219362,Gene Expression,A_mel_mkref_out,False,70
LOC100578361,LOC100578361,Gene Expression,A_mel_mkref_out,False,2666
LOC113219364,LOC113219364,Gene Expression,A_mel_mkref_out,False,1053
LOC113219342,LOC113219342,Gene Expression,A_mel_mkref_out,False,44218
LOC113219365,LOC113219365,Gene Expression,A_mel_mkref_out,False,6045
LOC113219349,LOC113219349,Gene Expression,A_mel_mkref_out,False,680
LOC724790,LOC724790,Gene Expression,A_mel_mkref_out,False,10530
LOC411380,LOC411380,Gene Expression,A_mel_mkref_out,False,25451
LOC551470,LOC551470,Gene Expression,A_mel_mkref_out,False,11064
LOC413736,LOC413736,Gene Expression,A_mel_mkref_out,False,48542
LOC551447,LOC551447,Gene Expression,A_mel_mkref_out,False,17984
LOC102656085,LOC102656085,Gene Expression,A_mel_mkref_out,False,11999
LOC113219352,LOC113219352,Gene Expression,A_mel_mkref_out,False,1338
LOC113219351,LOC113219351,Gene Expression,A_mel_mkref_out,False,28273
LOC113219353,LOC113219353,Gene Expression,A_mel_mkref_out,False,11942
LOC113219366,LOC113219366,Gene Expression,A_mel_mkref_out,False,64
LOC107965941,LOC107965941,Gene Expression,A_mel_mkref_out,False,24
LOC113219367,LOC113219367,Gene Expression,A_mel_mkref_out,False,12474
LOC100577929,LOC100577929,Gene Expression,A_mel_mkref_out,False,19557
LOC102655373,LOC102655373,Gene Expression,A_mel_mkref_out,False,3030
LOC102656390,LOC102656390,Gene Expression,A_mel_mkref_out,False,23074
LOC102654906,LOC102654906,Gene Expression,A_mel_mkref_out,False,1559
LOC102656321,LOC102656321,Gene Expression,A_mel_mkref_out,False,23888
LOC102653572,LOC102653572,Gene Expression,A_mel_mkref_out,False,44
LOC113219336,LOC113219336,Gene Expression,A_mel_mkref_out,False,3434
LOC411362,LOC411362,Gene Expression,A_mel_mkref_out,False,31577
LOC409032,LOC409032,Gene Expression,A_mel_mkref_out,False,14782
LOC102654368,LOC102654368,Gene Expression,A_mel_mkref_out,False,58
LOC113219337,LOC113219337,Gene Expression,A_mel_mkref_out,False,1809
LOC102654354,LOC102654354,Gene Expression,A_mel_mkref_out,False,520
LOC113219370,LOC113219370,Gene Expression,A_mel_mkref_out,False,232
LOC100578173,LOC100578173,Gene Expression,A_mel_mkref_out,False,31929
LOC102654884,LOC102654884,Gene Expression,A_mel_mkref_out,False,10217
LOC113219335,LOC113219335,Gene Expression,A_mel_mkref_out,False,29
LOC113219372,LOC113219372,Gene Expression,A_mel_mkref_out,False,207
LOC113219373,LOC113219373,Gene Expression,A_mel_mkref_out,False,9009
LOC113219374,LOC113219374,Gene Expression,A_mel_mkref_out,False,3411
LOC107965822,LOC107965822,Gene Expression,A_mel_mkref_out,False,13776
LOC113219339,LOC113219339,Gene Expression,A_mel_mkref_out,False,2018
LOC113219380,LOC113219380,Gene Expression,A_mel_mkref_out,False,98991
LOC113219384,LOC113219384,Gene Expression,A_mel_mkref_out,False,497
LOC113219386,LOC113219386,Gene Expression,A_mel_mkref_out,False,1223
LOC113219358,LOC113219358,Gene Expression,A_mel_mkref_out,False,16349
